evaluations raw_y
1 -2038.0000000000
2 -1979.0000000000
4 -1977.0000000000
6 -1958.0000000000
16 -1943.0000000000
23 -1939.0000000000
25 -1932.0000000000
41 -1929.0000000000
46 -1898.0000000000
53 -1897.0000000000
58 -1887.0000000000
78 -1886.0000000000
84 -1882.0000000000
86 -1881.0000000000
91 -1861.0000000000
112 -1860.0000000000
130 -1858.0000000000
132 -1835.0000000000
151 -1831.0000000000
166 -1823.0000000000
176 -1819.0000000000
179 -1817.0000000000
188 -1812.0000000000
198 -1810.0000000000
204 -1809.0000000000
213 -1807.0000000000
221 -1806.0000000000
222 -1805.0000000000
232 -1800.0000000000
242 -1799.0000000000
252 -1798.0000000000
262 -1796.0000000000
277 -1794.0000000000
283 -1792.0000000000
301 -1789.0000000000
318 -1788.0000000000
323 -1787.0000000000
330 -1786.0000000000
335 -1785.0000000000
339 -1781.0000000000
360 -1780.0000000000
363 -1779.0000000000
380 -1778.0000000000
384 -1777.0000000000
388 -1775.0000000000
401 -1773.0000000000
407 -1772.0000000000
421 -1770.0000000000
446 -1768.0000000000
461 -1766.0000000000
474 -1765.0000000000
490 -1764.0000000000
492 -1762.0000000000
507 -1760.0000000000
521 -1759.0000000000
532 -1756.0000000000
543 -1755.0000000000
552 -1754.0000000000
558 -1753.0000000000
565 -1752.0000000000
572 -1750.0000000000
585 -1749.0000000000
597 -1747.0000000000
614 -1746.0000000000
618 -1745.0000000000
625 -1744.0000000000
634 -1741.0000000000
645 -1739.0000000000
656 -1737.0000000000
665 -1734.0000000000
682 -1733.0000000000
707 -1732.0000000000
712 -1730.0000000000
726 -1729.0000000000
731 -1728.0000000000
732 -1727.0000000000
742 -1726.0000000000
753 -1725.0000000000
756 -1724.0000000000
771 -1723.0000000000
773 -1721.0000000000
784 -1720.0000000000
804 -1716.0000000000
818 -1715.0000000000
819 -1714.0000000000
830 -1713.0000000000
834 -1711.0000000000
841 -1710.0000000000
865 -1707.0000000000
873 -1706.0000000000
883 -1705.0000000000
896 -1704.0000000000
914 -1703.0000000000
923 -1701.0000000000
932 -1700.0000000000
942 -1699.0000000000
953 -1698.0000000000
961 -1697.0000000000
962 -1696.0000000000
976 -1695.0000000000
992 -1694.0000000000
997 -1692.0000000000
1005 -1691.0000000000
1027 -1690.0000000000
1034 -1689.0000000000
1045 -1686.0000000000
1061 -1685.0000000000
1071 -1684.0000000000
1092 -1682.0000000000
1108 -1681.0000000000
1127 -1679.0000000000
1141 -1678.0000000000
1153 -1677.0000000000
1157 -1676.0000000000
1160 -1675.0000000000
1172 -1673.0000000000
1183 -1672.0000000000
1195 -1671.0000000000
1205 -1670.0000000000
1221 -1669.0000000000
1222 -1668.0000000000
1232 -1667.0000000000
1248 -1665.0000000000
1261 -1664.0000000000
1271 -1662.0000000000
1285 -1656.0000000000
1303 -1655.0000000000
1305 -1654.0000000000
1317 -1652.0000000000
1321 -1650.0000000000
1354 -1649.0000000000
1363 -1647.0000000000
1371 -1646.0000000000
1383 -1645.0000000000
1391 -1644.0000000000
1394 -1639.0000000000
1412 -1637.0000000000
1426 -1635.0000000000
1442 -1633.0000000000
1463 -1631.0000000000
1464 -1630.0000000000
1473 -1628.0000000000
1474 -1626.0000000000
1502 -1622.0000000000
1518 -1621.0000000000
1523 -1620.0000000000
1524 -1619.0000000000
1549 -1618.0000000000
1552 -1617.0000000000
1567 -1616.0000000000
1577 -1615.0000000000
1584 -1614.0000000000
1586 -1613.0000000000
1599 -1610.0000000000
1611 -1609.0000000000
1629 -1607.0000000000
1639 -1606.0000000000
1646 -1605.0000000000
1666 -1603.0000000000
1670 -1602.0000000000
1695 -1600.0000000000
1700 -1599.0000000000
1702 -1596.0000000000
1714 -1595.0000000000
1716 -1594.0000000000
1726 -1593.0000000000
1740 -1591.0000000000
1758 -1590.0000000000
1775 -1588.0000000000
1778 -1587.0000000000
1785 -1586.0000000000
1803 -1585.0000000000
1805 -1584.0000000000
1811 -1583.0000000000
1820 -1581.0000000000
1837 -1578.0000000000
1843 -1577.0000000000
1867 -1576.0000000000
1881 -1573.0000000000
1890 -1572.0000000000
1892 -1570.0000000000
1909 -1569.0000000000
1911 -1565.0000000000
1932 -1564.0000000000
1946 -1559.0000000000
1962 -1557.0000000000
1964 -1556.0000000000
1989 -1555.0000000000
1998 -1554.0000000000
2017 -1553.0000000000
2037 -1552.0000000000
2050 -1551.0000000000
2052 -1550.0000000000
2056 -1548.0000000000
2077 -1547.0000000000
2104 -1545.0000000000
2121 -1542.0000000000
2142 -1541.0000000000
2146 -1539.0000000000
2161 -1538.0000000000
2196 -1537.0000000000
2216 -1536.0000000000
2237 -1535.0000000000
2246 -1533.0000000000
2259 -1532.0000000000
2267 -1529.0000000000
2287 -1526.0000000000
2294 -1525.0000000000
2301 -1524.0000000000
2303 -1523.0000000000
2311 -1522.0000000000
2328 -1521.0000000000
2330 -1520.0000000000
2334 -1519.0000000000
2346 -1518.0000000000
2351 -1515.0000000000
2365 -1514.0000000000
2382 -1511.0000000000
2411 -1509.0000000000
2423 -1508.0000000000
2449 -1505.0000000000
2465 -1503.0000000000
2474 -1502.0000000000
2486 -1499.0000000000
2509 -1498.0000000000
2511 -1497.0000000000
2530 -1495.0000000000
2545 -1494.0000000000
2551 -1493.0000000000
2586 -1492.0000000000
2594 -1491.0000000000
2608 -1489.0000000000
2611 -1488.0000000000
2624 -1487.0000000000
2631 -1485.0000000000
2671 -1483.0000000000
2685 -1482.0000000000
2696 -1481.0000000000
2703 -1479.0000000000
2723 -1478.0000000000
2757 -1475.0000000000
2779 -1474.0000000000
2786 -1473.0000000000
2807 -1472.0000000000
2815 -1470.0000000000
2843 -1469.0000000000
2844 -1468.0000000000
2864 -1465.0000000000
2880 -1462.0000000000
2899 -1461.0000000000
2908 -1459.0000000000
2914 -1458.0000000000
2924 -1455.0000000000
2945 -1454.0000000000
2949 -1453.0000000000
2957 -1452.0000000000
2977 -1451.0000000000
2980 -1450.0000000000
2984 -1448.0000000000
3006 -1447.0000000000
3023 -1446.0000000000
3031 -1444.0000000000
3042 -1441.0000000000
3068 -1440.0000000000
3069 -1438.0000000000
3085 -1437.0000000000
3093 -1435.0000000000
3096 -1434.0000000000
3101 -1432.0000000000
3123 -1431.0000000000
3137 -1430.0000000000
3157 -1429.0000000000
3163 -1426.0000000000
3183 -1423.0000000000
3203 -1422.0000000000
3215 -1421.0000000000
3234 -1419.0000000000
3253 -1417.0000000000
3279 -1416.0000000000
3281 -1415.0000000000
3293 -1414.0000000000
3303 -1413.0000000000
3325 -1412.0000000000
3336 -1411.0000000000
3351 -1410.0000000000
3353 -1409.0000000000
3371 -1408.0000000000
3389 -1406.0000000000
3395 -1405.0000000000
3406 -1402.0000000000
3415 -1401.0000000000
3435 -1400.0000000000
3457 -1399.0000000000
3458 -1398.0000000000
3465 -1396.0000000000
3487 -1394.0000000000
3496 -1393.0000000000
3507 -1392.0000000000
3518 -1390.0000000000
3542 -1386.0000000000
3555 -1383.0000000000
3584 -1382.0000000000
3596 -1381.0000000000
3601 -1380.0000000000
3624 -1378.0000000000
3633 -1377.0000000000
3661 -1375.0000000000
3671 -1374.0000000000
3683 -1371.0000000000
3696 -1370.0000000000
3697 -1369.0000000000
3722 -1367.0000000000
3744 -1366.0000000000
3756 -1363.0000000000
3768 -1362.0000000000
3771 -1361.0000000000
3784 -1360.0000000000
3796 -1358.0000000000
3808 -1354.0000000000
3824 -1352.0000000000
3831 -1350.0000000000
3850 -1348.0000000000
3872 -1347.0000000000
3881 -1346.0000000000
3888 -1344.0000000000
3905 -1341.0000000000
3918 -1340.0000000000
3934 -1339.0000000000
3950 -1338.0000000000
3966 -1337.0000000000
3984 -1335.0000000000
4012 -1333.0000000000
4032 -1332.0000000000
4049 -1331.0000000000
4056 -1330.0000000000
4061 -1329.0000000000
4081 -1327.0000000000
4102 -1323.0000000000
4144 -1322.0000000000
4164 -1321.0000000000
4173 -1318.0000000000
4194 -1317.0000000000
4212 -1315.0000000000
4214 -1314.0000000000
4238 -1313.0000000000
4244 -1311.0000000000
4269 -1310.0000000000
4274 -1309.0000000000
4294 -1308.0000000000
4296 -1307.0000000000
4304 -1302.0000000000
4324 -1301.0000000000
4341 -1299.0000000000
4365 -1298.0000000000
4368 -1297.0000000000
4384 -1295.0000000000
4399 -1294.0000000000
4407 -1292.0000000000
4428 -1291.0000000000
4433 -1290.0000000000
4462 -1288.0000000000
4474 -1287.0000000000
4486 -1286.0000000000
4493 -1285.0000000000
4505 -1284.0000000000
4515 -1282.0000000000
4521 -1281.0000000000
4526 -1280.0000000000
4538 -1278.0000000000
4558 -1275.0000000000
4587 -1274.0000000000
4590 -1273.0000000000
4608 -1271.0000000000
4617 -1270.0000000000
4638 -1269.0000000000
4641 -1266.0000000000
4652 -1265.0000000000
4671 -1262.0000000000
4695 -1260.0000000000
4704 -1259.0000000000
4717 -1258.0000000000
4724 -1257.0000000000
4739 -1256.0000000000
4746 -1255.0000000000
4751 -1251.0000000000
4772 -1248.0000000000
4791 -1246.0000000000
4829 -1243.0000000000
4864 -1241.0000000000
4868 -1240.0000000000
4881 -1239.0000000000
4892 -1237.0000000000
4908 -1235.0000000000
4920 -1234.0000000000
4937 -1230.0000000000
4963 -1229.0000000000
4973 -1228.0000000000
4975 -1227.0000000000
4979 -1226.0000000000
4987 -1225.0000000000
5003 -1223.0000000000
5011 -1222.0000000000
5034 -1220.0000000000
5057 -1216.0000000000
5079 -1214.0000000000
5092 -1213.0000000000
5102 -1212.0000000000
5111 -1211.0000000000
5116 -1210.0000000000
5130 -1209.0000000000
5132 -1208.0000000000
5166 -1207.0000000000
5180 -1204.0000000000
5212 -1203.0000000000
5213 -1202.0000000000
5214 -1201.0000000000
5222 -1198.0000000000
5235 -1197.0000000000
5263 -1196.0000000000
5272 -1195.0000000000
5280 -1194.0000000000
5299 -1193.0000000000
5303 -1192.0000000000
5328 -1189.0000000000
5344 -1188.0000000000
5359 -1187.0000000000
5362 -1186.0000000000
5371 -1185.0000000000
5397 -1182.0000000000
5424 -1181.0000000000
5441 -1180.0000000000
5448 -1179.0000000000
5454 -1178.0000000000
5471 -1176.0000000000
5482 -1174.0000000000
5508 -1170.0000000000
5519 -1169.0000000000
5531 -1168.0000000000
5543 -1167.0000000000
5556 -1165.0000000000
5591 -1162.0000000000
5614 -1160.0000000000
5636 -1159.0000000000
5657 -1158.0000000000
5669 -1157.0000000000
5671 -1156.0000000000
5689 -1155.0000000000
5702 -1153.0000000000
5703 -1152.0000000000
5711 -1151.0000000000
5723 -1150.0000000000
5742 -1148.0000000000
5757 -1146.0000000000
5764 -1145.0000000000
5775 -1144.0000000000
5788 -1142.0000000000
5798 -1139.0000000000
5803 -1138.0000000000
5824 -1137.0000000000
5854 -1135.0000000000
5866 -1134.0000000000
5884 -1133.0000000000
5897 -1132.0000000000
5902 -1131.0000000000
5910 -1130.0000000000
5933 -1129.0000000000
5949 -1128.0000000000
5955 -1127.0000000000
5956 -1126.0000000000
5967 -1123.0000000000
5993 -1121.0000000000
6006 -1119.0000000000
6007 -1118.0000000000
6036 -1117.0000000000
6038 -1115.0000000000
6059 -1114.0000000000
6063 -1113.0000000000
6074 -1112.0000000000
6081 -1111.0000000000
6092 -1110.0000000000
6127 -1109.0000000000
6134 -1108.0000000000
6140 -1106.0000000000
6158 -1103.0000000000
6198 -1100.0000000000
6210 -1099.0000000000
6211 -1097.0000000000
6232 -1096.0000000000
6243 -1094.0000000000
6252 -1093.0000000000
6262 -1092.0000000000
6281 -1090.0000000000
6292 -1087.0000000000
6326 -1086.0000000000
6347 -1084.0000000000
6380 -1083.0000000000
6385 -1082.0000000000
6387 -1081.0000000000
6405 -1080.0000000000
6411 -1076.0000000000
6424 -1075.0000000000
6435 -1074.0000000000
6456 -1073.0000000000
6468 -1072.0000000000
6486 -1070.0000000000
6509 -1069.0000000000
6520 -1068.0000000000
6526 -1067.0000000000
6532 -1065.0000000000
6547 -1063.0000000000
6567 -1062.0000000000
6571 -1061.0000000000
6588 -1057.0000000000
6602 -1056.0000000000
6624 -1055.0000000000
6631 -1054.0000000000
6641 -1053.0000000000
6665 -1052.0000000000
6674 -1051.0000000000
6692 -1050.0000000000
6696 -1048.0000000000
6721 -1047.0000000000
6756 -1046.0000000000
6761 -1044.0000000000
6774 -1043.0000000000
6789 -1041.0000000000
6791 -1040.0000000000
6811 -1039.0000000000
6825 -1038.0000000000
6835 -1033.0000000000
6877 -1032.0000000000
6878 -1031.0000000000
6883 -1028.0000000000
6906 -1027.0000000000
6935 -1026.0000000000
6944 -1025.0000000000
6954 -1024.0000000000
6973 -1023.0000000000
6985 -1021.0000000000
7003 -1019.0000000000
7013 -1018.0000000000
7018 -1017.0000000000
7038 -1016.0000000000
7044 -1014.0000000000
7058 -1012.0000000000
7074 -1009.0000000000
7095 -1006.0000000000
7120 -1005.0000000000
7137 -1004.0000000000
7142 -1003.0000000000
7151 -1002.0000000000
7168 -1000.0000000000
7193 -999.0000000000
7203 -996.0000000000
7220 -995.0000000000
7234 -994.0000000000
7263 -993.0000000000
7284 -990.0000000000
7294 -989.0000000000
7313 -988.0000000000
7330 -987.0000000000
7341 -984.0000000000
7369 -983.0000000000
7378 -982.0000000000
7387 -981.0000000000
7395 -979.0000000000
7448 -978.0000000000
7457 -975.0000000000
7470 -974.0000000000
7498 -973.0000000000
7523 -972.0000000000
7550 -971.0000000000
7551 -970.0000000000
7558 -969.0000000000
7576 -967.0000000000
7590 -966.0000000000
7597 -965.0000000000
7600 -964.0000000000
7612 -963.0000000000
7616 -961.0000000000
7638 -960.0000000000
7644 -959.0000000000
7698 -958.0000000000
7705 -957.0000000000
7714 -955.0000000000
7725 -954.0000000000
7751 -953.0000000000
7758 -952.0000000000
7781 -949.0000000000
7809 -948.0000000000
7812 -947.0000000000
7821 -946.0000000000
7842 -945.0000000000
7855 -944.0000000000
7859 -943.0000000000
7882 -942.0000000000
7884 -941.0000000000
7899 -940.0000000000
7916 -939.0000000000
7924 -938.0000000000
7940 -937.0000000000
7944 -936.0000000000
7962 -935.0000000000
7964 -934.0000000000
7967 -933.0000000000
7971 -932.0000000000
7990 -930.0000000000
8018 -929.0000000000
8031 -928.0000000000
8045 -927.0000000000
8054 -926.0000000000
8081 -924.0000000000
8118 -923.0000000000
8124 -922.0000000000
8125 -921.0000000000
8135 -920.0000000000
8136 -919.0000000000
8149 -918.0000000000
8161 -913.0000000000
8197 -910.0000000000
8229 -909.0000000000
8264 -906.0000000000
8284 -905.0000000000
8293 -904.0000000000
8303 -900.0000000000
8317 -899.0000000000
8338 -898.0000000000
8344 -897.0000000000
8357 -894.0000000000
8362 -893.0000000000
8380 -892.0000000000
8388 -891.0000000000
8401 -890.0000000000
8427 -889.0000000000
8435 -888.0000000000
8442 -887.0000000000
8452 -885.0000000000
8457 -883.0000000000
8482 -882.0000000000
8496 -881.0000000000
8511 -880.0000000000
8532 -879.0000000000
8536 -878.0000000000
8558 -877.0000000000
8570 -876.0000000000
8572 -875.0000000000
8591 -874.0000000000
8599 -873.0000000000
8621 -871.0000000000
8663 -869.0000000000
8665 -868.0000000000
8677 -867.0000000000
8684 -866.0000000000
8704 -864.0000000000
8713 -863.0000000000
8740 -862.0000000000
8747 -861.0000000000
8754 -859.0000000000
8808 -858.0000000000
8816 -857.0000000000
8824 -856.0000000000
8842 -855.0000000000
8845 -854.0000000000
8858 -851.0000000000
8871 -850.0000000000
8894 -848.0000000000
8904 -847.0000000000
8944 -844.0000000000
8965 -843.0000000000
9008 -842.0000000000
9014 -841.0000000000
9028 -840.0000000000
9054 -839.0000000000
9081 -836.0000000000
9103 -834.0000000000
9134 -832.0000000000
9152 -831.0000000000
9210 -830.0000000000
9243 -829.0000000000
9262 -828.0000000000
9279 -827.0000000000
9289 -826.0000000000
9301 -825.0000000000
9302 -824.0000000000
9341 -823.0000000000
9355 -822.0000000000
9358 -821.0000000000
9361 -820.0000000000
9392 -818.0000000000
9409 -817.0000000000
9430 -816.0000000000
9457 -813.0000000000
9462 -812.0000000000
9488 -809.0000000000
9522 -807.0000000000
9555 -805.0000000000
9572 -801.0000000000
9607 -800.0000000000
9624 -799.0000000000
9635 -797.0000000000
9637 -796.0000000000
9644 -795.0000000000
9657 -794.0000000000
9670 -793.0000000000
9688 -792.0000000000
9699 -791.0000000000
9701 -790.0000000000
9714 -789.0000000000
9729 -788.0000000000
9738 -787.0000000000
9760 -786.0000000000
9781 -785.0000000000
9795 -783.0000000000
9828 -782.0000000000
9852 -780.0000000000
9871 -778.0000000000
9891 -776.0000000000
9909 -773.0000000000
9923 -772.0000000000
9932 -771.0000000000
9936 -770.0000000000
9955 -769.0000000000
9970 -768.0000000000
9982 -767.0000000000
9996 -766.0000000000
10001 -764.0000000000
10021 -763.0000000000
10047 -762.0000000000
10058 -761.0000000000
10068 -760.0000000000
10073 -757.0000000000
10130 -755.0000000000
10154 -754.0000000000
10163 -753.0000000000
10165 -752.0000000000
10178 -750.0000000000
10213 -749.0000000000
10221 -748.0000000000
10223 -747.0000000000
10238 -746.0000000000
10273 -744.0000000000
10303 -743.0000000000
10322 -742.0000000000
10324 -741.0000000000
10341 -740.0000000000
10352 -739.0000000000
10363 -738.0000000000
10372 -737.0000000000
10374 -736.0000000000
10407 -734.0000000000
10424 -732.0000000000
10451 -731.0000000000
10464 -730.0000000000
10471 -728.0000000000
10505 -726.0000000000
10524 -724.0000000000
10542 -723.0000000000
10564 -721.0000000000
10583 -720.0000000000
10610 -719.0000000000
10618 -718.0000000000
10634 -715.0000000000
10655 -713.0000000000
10668 -712.0000000000
10673 -711.0000000000
10681 -710.0000000000
10700 -709.0000000000
10701 -708.0000000000
10719 -707.0000000000
10741 -705.0000000000
10751 -704.0000000000
10775 -703.0000000000
10789 -702.0000000000
10793 -701.0000000000
10812 -699.0000000000
10845 -698.0000000000
10869 -697.0000000000
10877 -696.0000000000
10886 -694.0000000000
10892 -693.0000000000
10901 -692.0000000000
10933 -690.0000000000
10967 -688.0000000000
10983 -686.0000000000
10993 -685.0000000000
10994 -684.0000000000
11023 -682.0000000000
11046 -680.0000000000
11070 -678.0000000000
11087 -677.0000000000
11093 -676.0000000000
11106 -675.0000000000
11136 -674.0000000000
11156 -673.0000000000
11164 -672.0000000000
11187 -670.0000000000
11203 -669.0000000000
11223 -667.0000000000
11267 -665.0000000000
11306 -664.0000000000
11320 -663.0000000000
11341 -662.0000000000
11366 -660.0000000000
11413 -659.0000000000
11429 -658.0000000000
11449 -657.0000000000
11458 -656.0000000000
11476 -655.0000000000
11482 -654.0000000000
11498 -653.0000000000
11501 -652.0000000000
11528 -651.0000000000
11542 -650.0000000000
11547 -649.0000000000
11552 -648.0000000000
11566 -647.0000000000
11577 -646.0000000000
11591 -644.0000000000
11625 -642.0000000000
11681 -641.0000000000
11706 -640.0000000000
11709 -638.0000000000
11743 -637.0000000000
11759 -635.0000000000
11773 -633.0000000000
11807 -632.0000000000
11840 -631.0000000000
11865 -630.0000000000
11868 -629.0000000000
11895 -628.0000000000
11904 -626.0000000000
11922 -625.0000000000
11941 -624.0000000000
11974 -623.0000000000
11976 -622.0000000000
12001 -621.0000000000
12011 -620.0000000000
12026 -619.0000000000
12037 -617.0000000000
12062 -615.0000000000
12088 -614.0000000000
12109 -613.0000000000
12116 -612.0000000000
12132 -611.0000000000
12141 -610.0000000000
12172 -608.0000000000
12203 -607.0000000000
12221 -606.0000000000
12240 -605.0000000000
12267 -604.0000000000
12277 -603.0000000000
12282 -601.0000000000
12303 -599.0000000000
12346 -598.0000000000
12360 -597.0000000000
12373 -596.0000000000
12390 -595.0000000000
12423 -594.0000000000
12444 -593.0000000000
12462 -592.0000000000
12480 -591.0000000000
12485 -589.0000000000
12534 -588.0000000000
12570 -587.0000000000
12581 -585.0000000000
12610 -583.0000000000
12632 -582.0000000000
12641 -581.0000000000
12671 -580.0000000000
12694 -579.0000000000
12704 -578.0000000000
12714 -577.0000000000
12729 -576.0000000000
12748 -575.0000000000
12765 -574.0000000000
12785 -572.0000000000
12791 -571.0000000000
12827 -569.0000000000
12870 -568.0000000000
12904 -567.0000000000
12925 -566.0000000000
12933 -565.0000000000
12963 -564.0000000000
12972 -563.0000000000
12998 -562.0000000000
13013 -561.0000000000
13023 -559.0000000000
13044 -557.0000000000
13060 -556.0000000000
13074 -554.0000000000
13105 -553.0000000000
13115 -551.0000000000
13139 -550.0000000000
13163 -549.0000000000
13164 -548.0000000000
13185 -547.0000000000
13196 -546.0000000000
13201 -543.0000000000
13230 -542.0000000000
13255 -541.0000000000
13260 -540.0000000000
13282 -539.0000000000
13300 -538.0000000000
13303 -536.0000000000
13380 -535.0000000000
13393 -532.0000000000
13424 -531.0000000000
13441 -530.0000000000
13474 -527.0000000000
13520 -526.0000000000
13534 -525.0000000000
13545 -522.0000000000
13600 -521.0000000000
13624 -520.0000000000
13626 -519.0000000000
13645 -518.0000000000
13648 -517.0000000000
13661 -516.0000000000
13664 -515.0000000000
13693 -514.0000000000
13713 -513.0000000000
13726 -512.0000000000
13765 -511.0000000000
13774 -510.0000000000
13795 -509.0000000000
13804 -508.0000000000
13819 -506.0000000000
13847 -505.0000000000
13862 -504.0000000000
13874 -502.0000000000
13913 -501.0000000000
13942 -500.0000000000
13971 -499.0000000000
13981 -498.0000000000
14016 -496.0000000000
14110 -495.0000000000
14130 -494.0000000000
14154 -493.0000000000
14176 -491.0000000000
14234 -490.0000000000
14251 -489.0000000000
14262 -488.0000000000
14267 -487.0000000000
14272 -486.0000000000
14316 -484.0000000000
14323 -483.0000000000
14353 -482.0000000000
14383 -481.0000000000
14413 -480.0000000000
14436 -479.0000000000
14459 -478.0000000000
14472 -477.0000000000
14504 -476.0000000000
14531 -475.0000000000
14536 -474.0000000000
14567 -473.0000000000
14580 -472.0000000000
14595 -471.0000000000
14606 -469.0000000000
14633 -468.0000000000
14660 -467.0000000000
14672 -465.0000000000
14713 -464.0000000000
14734 -463.0000000000
14788 -462.0000000000
14808 -461.0000000000
14846 -458.0000000000
14871 -457.0000000000
14881 -456.0000000000
14894 -455.0000000000
14921 -454.0000000000
14967 -453.0000000000
15003 -452.0000000000
15006 -451.0000000000
15018 -450.0000000000
15064 -449.0000000000
15078 -448.0000000000
15080 -447.0000000000
15092 -445.0000000000
15130 -444.0000000000
15177 -442.0000000000
15237 -440.0000000000
15261 -439.0000000000
15276 -438.0000000000
15282 -437.0000000000
15320 -435.0000000000
15342 -434.0000000000
15380 -433.0000000000
15386 -431.0000000000
15416 -430.0000000000
15424 -428.0000000000
15458 -426.0000000000
15488 -425.0000000000
15586 -424.0000000000
15622 -423.0000000000
15650 -421.0000000000
15682 -420.0000000000
15701 -419.0000000000
15705 -418.0000000000
15735 -417.0000000000
15757 -415.0000000000
15797 -413.0000000000
15812 -412.0000000000
15844 -411.0000000000
15854 -410.0000000000
15880 -408.0000000000
15900 -406.0000000000
15959 -404.0000000000
15987 -403.0000000000
15997 -401.0000000000
16036 -400.0000000000
16062 -399.0000000000
16072 -398.0000000000
16117 -397.0000000000
16122 -396.0000000000
16143 -394.0000000000
16220 -393.0000000000
16227 -392.0000000000
16246 -391.0000000000
16269 -390.0000000000
16292 -389.0000000000
16325 -387.0000000000
16344 -386.0000000000
16373 -384.0000000000
16383 -383.0000000000
16396 -382.0000000000
16405 -380.0000000000
16452 -377.0000000000
16491 -376.0000000000
16512 -375.0000000000
16551 -374.0000000000
16569 -373.0000000000
16611 -372.0000000000
16637 -368.0000000000
16663 -367.0000000000
16737 -366.0000000000
16757 -365.0000000000
16761 -364.0000000000
16791 -362.0000000000
16826 -361.0000000000
16846 -360.0000000000
16895 -359.0000000000
16920 -357.0000000000
16951 -356.0000000000
16956 -354.0000000000
16971 -353.0000000000
17000 -352.0000000000
17035 -350.0000000000
17072 -349.0000000000
17123 -348.0000000000
17161 -347.0000000000
17182 -346.0000000000
17205 -345.0000000000
17206 -343.0000000000
17286 -340.0000000000
17356 -337.0000000000
17386 -336.0000000000
17441 -335.0000000000
17445 -334.0000000000
17451 -333.0000000000
17461 -331.0000000000
17473 -330.0000000000
17511 -328.0000000000
17533 -327.0000000000
17563 -326.0000000000
17614 -324.0000000000
17653 -322.0000000000
17668 -321.0000000000
17721 -318.0000000000
17757 -317.0000000000
17779 -316.0000000000
17829 -315.0000000000
17833 -313.0000000000
17887 -312.0000000000
17975 -311.0000000000
17986 -310.0000000000
18011 -309.0000000000
18054 -308.0000000000
18061 -307.0000000000
18095 -306.0000000000
18141 -305.0000000000
18167 -303.0000000000
18186 -302.0000000000
18226 -301.0000000000
18254 -299.0000000000
18342 -298.0000000000
18402 -297.0000000000
18428 -296.0000000000
18492 -295.0000000000
18501 -294.0000000000
18569 -292.0000000000
18605 -290.0000000000
18679 -288.0000000000
18773 -285.0000000000
18845 -284.0000000000
18925 -282.0000000000
18979 -281.0000000000
19012 -278.0000000000
19105 -277.0000000000
19149 -276.0000000000
19170 -275.0000000000
19195 -274.0000000000
19236 -273.0000000000
19259 -271.0000000000
19294 -270.0000000000
19370 -269.0000000000
19438 -268.0000000000
19477 -267.0000000000
19495 -266.0000000000
19514 -265.0000000000
19553 -264.0000000000
19572 -261.0000000000
19605 -260.0000000000
19639 -259.0000000000
19649 -258.0000000000
19692 -257.0000000000
19750 -256.0000000000
19768 -255.0000000000
19795 -254.0000000000
19818 -253.0000000000
19829 -252.0000000000
19925 -251.0000000000
19926 -250.0000000000
19952 -249.0000000000
19983 -248.0000000000
20005 -247.0000000000
20059 -246.0000000000
20143 -245.0000000000
20163 -243.0000000000
20197 -242.0000000000
20266 -241.0000000000
20341 -240.0000000000
20353 -239.0000000000
20392 -238.0000000000
20414 -237.0000000000
20432 -235.0000000000
20481 -234.0000000000
20514 -233.0000000000
20519 -232.0000000000
20594 -231.0000000000
20644 -230.0000000000
20725 -229.0000000000
20758 -228.0000000000
20790 -227.0000000000
20829 -226.0000000000
20847 -225.0000000000
20852 -224.0000000000
20906 -223.0000000000
20929 -222.0000000000
20961 -221.0000000000
21001 -220.0000000000
21026 -219.0000000000
21051 -218.0000000000
21071 -217.0000000000
21126 -216.0000000000
21140 -215.0000000000
21144 -214.0000000000
21215 -212.0000000000
21300 -211.0000000000
21338 -210.0000000000
21380 -209.0000000000
21386 -207.0000000000
21416 -206.0000000000
21492 -205.0000000000
21501 -204.0000000000
21563 -203.0000000000
21583 -202.0000000000
21608 -201.0000000000
21618 -199.0000000000
21658 -198.0000000000
21689 -197.0000000000
21722 -196.0000000000
21757 -195.0000000000
21787 -194.0000000000
21852 -193.0000000000
21859 -192.0000000000
21872 -191.0000000000
21910 -190.0000000000
21916 -189.0000000000
21929 -188.0000000000
21939 -186.0000000000
21991 -185.0000000000
22028 -184.0000000000
22057 -183.0000000000
22140 -182.0000000000
22145 -181.0000000000
22166 -180.0000000000
22209 -179.0000000000
22232 -178.0000000000
22277 -177.0000000000
22282 -176.0000000000
22315 -175.0000000000
22361 -174.0000000000
22382 -173.0000000000
22442 -172.0000000000
22455 -171.0000000000
22513 -170.0000000000
22517 -169.0000000000
22558 -168.0000000000
22687 -167.0000000000
22704 -166.0000000000
22734 -164.0000000000
22848 -163.0000000000
22865 -162.0000000000
22924 -161.0000000000
22948 -160.0000000000
22957 -159.0000000000
22997 -158.0000000000
23034 -157.0000000000
23044 -156.0000000000
23114 -155.0000000000
23242 -154.0000000000
23385 -153.0000000000
23423 -152.0000000000
23446 -151.0000000000
23464 -150.0000000000
23495 -149.0000000000
23587 -148.0000000000
23621 -147.0000000000
23630 -146.0000000000
23709 -145.0000000000
23777 -144.0000000000
23805 -143.0000000000
23827 -142.0000000000
23887 -141.0000000000
23891 -139.0000000000
23933 -137.0000000000
24016 -135.0000000000
24090 -134.0000000000
24114 -132.0000000000
24219 -131.0000000000
24369 -130.0000000000
24424 -129.0000000000
24437 -128.0000000000
24477 -127.0000000000
24539 -126.0000000000
24591 -125.0000000000
24615 -124.0000000000
24625 -123.0000000000
24647 -122.0000000000
24690 -121.0000000000
24720 -120.0000000000
24799 -119.0000000000
24856 -118.0000000000
24880 -117.0000000000
24989 -116.0000000000
25028 -115.0000000000
25057 -114.0000000000
25149 -113.0000000000
25187 -112.0000000000
25219 -111.0000000000
25247 -110.0000000000
25297 -108.0000000000
25486 -107.0000000000
25553 -105.0000000000
25590 -104.0000000000
25647 -103.0000000000
25706 -102.0000000000
25827 -101.0000000000
25898 -100.0000000000
25928 -98.0000000000
26107 -97.0000000000
26181 -96.0000000000
26197 -94.0000000000
26215 -92.0000000000
26293 -91.0000000000
26375 -90.0000000000
26401 -87.0000000000
26456 -85.0000000000
26556 -83.0000000000
26696 -82.0000000000
26784 -81.0000000000
27080 -80.0000000000
27106 -79.0000000000
27199 -78.0000000000
27282 -77.0000000000
27320 -76.0000000000
27392 -75.0000000000
27431 -74.0000000000
27456 -73.0000000000
27466 -72.0000000000
27571 -71.0000000000
27638 -70.0000000000
27748 -69.0000000000
27823 -68.0000000000
27968 -67.0000000000
28064 -66.0000000000
28101 -65.0000000000
28126 -64.0000000000
28219 -63.0000000000
28229 -61.0000000000
28368 -60.0000000000
28371 -59.0000000000
28650 -57.0000000000
28761 -56.0000000000
28811 -55.0000000000
28962 -53.0000000000
29112 -51.0000000000
29151 -50.0000000000
29369 -49.0000000000
29388 -48.0000000000
29468 -47.0000000000
29530 -46.0000000000
29579 -45.0000000000
29596 -44.0000000000
29649 -43.0000000000
29655 -42.0000000000
29882 -41.0000000000
29883 -40.0000000000
30458 -39.0000000000
30572 -38.0000000000
30768 -37.0000000000
31195 -36.0000000000
31322 -35.0000000000
31360 -34.0000000000
31373 -33.0000000000
31425 -32.0000000000
31739 -31.0000000000
31997 -30.0000000000
32069 -29.0000000000
32190 -28.0000000000
32344 -27.0000000000
32360 -26.0000000000
32459 -25.0000000000
32514 -24.0000000000
32569 -23.0000000000
32781 -22.0000000000
32916 -21.0000000000
33632 -20.0000000000
33718 -19.0000000000
34093 -17.0000000000
34714 -15.0000000000
35105 -14.0000000000
36423 -13.0000000000
36977 -12.0000000000
37038 -11.0000000000
37126 -9.0000000000
37415 -8.0000000000
37603 -7.0000000000
37790 -6.0000000000
37844 -5.0000000000
38142 -3.0000000000
38747 -2.0000000000
39058 -1.0000000000
39364 49.7100000000
39372 54.3800000000
39382 56.5300000000
39391 72.6200000000
39494 77.4100000000
39566 82.4700000000
39680 85.8300000000
39743 86.1100000000
39753 94.7300000000
39775 95.7200000000
39852 96.0800000000
40144 96.4900000000
40192 98.4700000000
40227 100.2600000000
40472 114.0400000000
42163 124.4700000000
42182 124.8000000000
42183 126.0100000000
42186 128.3600000000
42266 134.5600000000
42371 136.2800000000
42411 141.7200000000
42431 151.1300000000
42660 152.1300000000
42908 153.3300000000
43003 153.7200000000
43030 189.0700000000
43426 189.7700000000
46693 206.4600000000
46969 212.6000000000
47030 214.2500000000
47094 219.4900000000
47170 219.6000000000
47174 232.8800000000
48356 233.1400000000
48741 233.2000000000
48826 243.8300000000
49288 246.0700000000
49381 246.2200000000
49932 248.7700000000
51454 251.0700000000
52934 255.1400000000
57539 366.8900000000
61566 370.1300000000
61570 371.1400000000
61749 375.0400000000
62259 377.0200000000
62312 385.0100000000
63325 390.7100000000
64378 467.3900000000
71754 481.1900000000
72279 486.1100000000
73660 610.8500000000
76641 613.2100000000
77014 613.4100000000
77051 615.0500000000
77075 617.3900000000
77097 620.5000000000
77154 622.1800000000
77156 626.4300000000
77192 631.4400000000
77742 633.6000000000
78344 640.7700000000
79442 644.8800000000
80373 644.9400000000
81456 651.1400000000
97526 699.0900000000
99423 700.2700000000
99433 713.7900000000
99435 725.7500000000
99605 726.3700000000
100000 715.7600000000
evaluations raw_y
1 -2012.0000000000
3 -2007.0000000000
4 -1990.0000000000
7 -1971.0000000000
9 -1967.0000000000
12 -1940.0000000000
21 -1896.0000000000
33 -1894.0000000000
42 -1887.0000000000
52 -1877.0000000000
67 -1869.0000000000
74 -1867.0000000000
87 -1859.0000000000
96 -1858.0000000000
103 -1852.0000000000
113 -1851.0000000000
122 -1849.0000000000
128 -1848.0000000000
135 -1844.0000000000
138 -1841.0000000000
143 -1836.0000000000
165 -1835.0000000000
172 -1834.0000000000
185 -1829.0000000000
203 -1824.0000000000
211 -1821.0000000000
221 -1817.0000000000
237 -1816.0000000000
249 -1815.0000000000
263 -1814.0000000000
272 -1813.0000000000
282 -1812.0000000000
287 -1811.0000000000
291 -1810.0000000000
292 -1809.0000000000
309 -1808.0000000000
322 -1807.0000000000
323 -1805.0000000000
332 -1804.0000000000
344 -1803.0000000000
371 -1801.0000000000
381 -1797.0000000000
391 -1796.0000000000
394 -1794.0000000000
402 -1793.0000000000
423 -1792.0000000000
426 -1791.0000000000
437 -1790.0000000000
447 -1789.0000000000
459 -1787.0000000000
472 -1786.0000000000
475 -1783.0000000000
481 -1782.0000000000
492 -1781.0000000000
504 -1779.0000000000
536 -1778.0000000000
540 -1777.0000000000
549 -1776.0000000000
556 -1775.0000000000
561 -1774.0000000000
567 -1773.0000000000
572 -1772.0000000000
573 -1770.0000000000
591 -1767.0000000000
595 -1766.0000000000
628 -1765.0000000000
636 -1764.0000000000
638 -1763.0000000000
646 -1762.0000000000
651 -1760.0000000000
662 -1759.0000000000
681 -1756.0000000000
703 -1755.0000000000
713 -1754.0000000000
716 -1753.0000000000
722 -1751.0000000000
742 -1749.0000000000
766 -1747.0000000000
774 -1746.0000000000
775 -1742.0000000000
791 -1741.0000000000
807 -1740.0000000000
809 -1739.0000000000
813 -1738.0000000000
824 -1737.0000000000
831 -1736.0000000000
846 -1734.0000000000
854 -1733.0000000000
863 -1732.0000000000
882 -1730.0000000000
903 -1729.0000000000
906 -1728.0000000000
911 -1727.0000000000
916 -1726.0000000000
918 -1724.0000000000
923 -1723.0000000000
924 -1721.0000000000
942 -1720.0000000000
954 -1719.0000000000
957 -1718.0000000000
965 -1717.0000000000
971 -1716.0000000000
982 -1715.0000000000
993 -1713.0000000000
1011 -1712.0000000000
1031 -1711.0000000000
1033 -1710.0000000000
1040 -1708.0000000000
1051 -1707.0000000000
1053 -1706.0000000000
1077 -1704.0000000000
1089 -1703.0000000000
1095 -1702.0000000000
1111 -1701.0000000000
1117 -1700.0000000000
1121 -1699.0000000000
1134 -1698.0000000000
1144 -1697.0000000000
1152 -1696.0000000000
1153 -1693.0000000000
1162 -1692.0000000000
1175 -1691.0000000000
1186 -1690.0000000000
1187 -1689.0000000000
1195 -1688.0000000000
1201 -1687.0000000000
1203 -1684.0000000000
1221 -1683.0000000000
1232 -1682.0000000000
1244 -1681.0000000000
1254 -1680.0000000000
1266 -1676.0000000000
1286 -1674.0000000000
1303 -1673.0000000000
1305 -1668.0000000000
1321 -1667.0000000000
1322 -1666.0000000000
1336 -1665.0000000000
1340 -1664.0000000000
1355 -1663.0000000000
1362 -1661.0000000000
1377 -1660.0000000000
1378 -1657.0000000000
1388 -1655.0000000000
1409 -1654.0000000000
1415 -1651.0000000000
1430 -1650.0000000000
1439 -1649.0000000000
1441 -1647.0000000000
1469 -1646.0000000000
1470 -1645.0000000000
1475 -1643.0000000000
1494 -1640.0000000000
1521 -1639.0000000000
1522 -1637.0000000000
1535 -1636.0000000000
1545 -1635.0000000000
1551 -1633.0000000000
1561 -1632.0000000000
1579 -1631.0000000000
1583 -1630.0000000000
1585 -1628.0000000000
1602 -1625.0000000000
1629 -1623.0000000000
1643 -1622.0000000000
1663 -1621.0000000000
1665 -1620.0000000000
1676 -1619.0000000000
1683 -1618.0000000000
1700 -1617.0000000000
1702 -1616.0000000000
1716 -1615.0000000000
1721 -1613.0000000000
1739 -1612.0000000000
1753 -1611.0000000000
1755 -1609.0000000000
1771 -1608.0000000000
1780 -1606.0000000000
1790 -1605.0000000000
1799 -1604.0000000000
1811 -1600.0000000000
1843 -1599.0000000000
1846 -1597.0000000000
1858 -1596.0000000000
1870 -1595.0000000000
1872 -1593.0000000000
1883 -1590.0000000000
1903 -1589.0000000000
1909 -1587.0000000000
1921 -1586.0000000000
1922 -1583.0000000000
1934 -1582.0000000000
1955 -1580.0000000000
1962 -1579.0000000000
1971 -1575.0000000000
1981 -1574.0000000000
2002 -1573.0000000000
2004 -1572.0000000000
2020 -1569.0000000000
2023 -1568.0000000000
2053 -1567.0000000000
2061 -1562.0000000000
2078 -1561.0000000000
2104 -1558.0000000000
2136 -1557.0000000000
2139 -1554.0000000000
2146 -1553.0000000000
2151 -1552.0000000000
2166 -1550.0000000000
2189 -1548.0000000000
2201 -1547.0000000000
2209 -1546.0000000000
2222 -1544.0000000000
2241 -1543.0000000000
2242 -1542.0000000000
2248 -1541.0000000000
2264 -1540.0000000000
2281 -1539.0000000000
2291 -1538.0000000000
2297 -1537.0000000000
2313 -1534.0000000000
2324 -1533.0000000000
2334 -1531.0000000000
2343 -1530.0000000000
2356 -1529.0000000000
2365 -1528.0000000000
2380 -1527.0000000000
2381 -1526.0000000000
2388 -1524.0000000000
2402 -1523.0000000000
2411 -1521.0000000000
2417 -1518.0000000000
2431 -1513.0000000000
2455 -1511.0000000000
2464 -1509.0000000000
2475 -1508.0000000000
2488 -1507.0000000000
2494 -1506.0000000000
2522 -1503.0000000000
2539 -1502.0000000000
2544 -1500.0000000000
2551 -1499.0000000000
2563 -1497.0000000000
2589 -1496.0000000000
2593 -1495.0000000000
2607 -1494.0000000000
2629 -1489.0000000000
2660 -1488.0000000000
2662 -1486.0000000000
2682 -1484.0000000000
2683 -1483.0000000000
2692 -1481.0000000000
2704 -1480.0000000000
2713 -1479.0000000000
2719 -1478.0000000000
2724 -1477.0000000000
2741 -1476.0000000000
2749 -1475.0000000000
2751 -1474.0000000000
2761 -1473.0000000000
2768 -1472.0000000000
2782 -1470.0000000000
2807 -1468.0000000000
2814 -1467.0000000000
2824 -1465.0000000000
2831 -1464.0000000000
2848 -1463.0000000000
2851 -1461.0000000000
2861 -1458.0000000000
2882 -1456.0000000000
2890 -1455.0000000000
2895 -1453.0000000000
2901 -1452.0000000000
2906 -1451.0000000000
2925 -1449.0000000000
2927 -1448.0000000000
2933 -1447.0000000000
2951 -1446.0000000000
2959 -1445.0000000000
2967 -1444.0000000000
2988 -1443.0000000000
2996 -1441.0000000000
3002 -1440.0000000000
3021 -1439.0000000000
3032 -1438.0000000000
3045 -1437.0000000000
3052 -1435.0000000000
3071 -1431.0000000000
3113 -1429.0000000000
3123 -1427.0000000000
3133 -1426.0000000000
3142 -1425.0000000000
3144 -1424.0000000000
3158 -1422.0000000000
3170 -1420.0000000000
3182 -1419.0000000000
3199 -1418.0000000000
3216 -1417.0000000000
3222 -1416.0000000000
3231 -1415.0000000000
3241 -1413.0000000000
3251 -1410.0000000000
3261 -1409.0000000000
3264 -1408.0000000000
3285 -1406.0000000000
3299 -1404.0000000000
3313 -1403.0000000000
3319 -1402.0000000000
3326 -1401.0000000000
3329 -1399.0000000000
3343 -1398.0000000000
3356 -1397.0000000000
3362 -1396.0000000000
3376 -1394.0000000000
3383 -1393.0000000000
3392 -1392.0000000000
3425 -1391.0000000000
3438 -1390.0000000000
3448 -1389.0000000000
3451 -1388.0000000000
3461 -1387.0000000000
3465 -1386.0000000000
3482 -1384.0000000000
3492 -1381.0000000000
3512 -1380.0000000000
3513 -1379.0000000000
3546 -1378.0000000000
3551 -1377.0000000000
3552 -1376.0000000000
3565 -1375.0000000000
3568 -1373.0000000000
3583 -1372.0000000000
3587 -1369.0000000000
3603 -1368.0000000000
3608 -1367.0000000000
3615 -1365.0000000000
3627 -1364.0000000000
3634 -1361.0000000000
3641 -1358.0000000000
3671 -1356.0000000000
3683 -1355.0000000000
3693 -1353.0000000000
3705 -1352.0000000000
3728 -1351.0000000000
3729 -1350.0000000000
3742 -1349.0000000000
3751 -1347.0000000000
3763 -1346.0000000000
3771 -1345.0000000000
3791 -1344.0000000000
3803 -1343.0000000000
3826 -1340.0000000000
3837 -1339.0000000000
3838 -1338.0000000000
3842 -1337.0000000000
3853 -1336.0000000000
3872 -1335.0000000000
3883 -1331.0000000000
3912 -1329.0000000000
3931 -1328.0000000000
3942 -1326.0000000000
3955 -1325.0000000000
3956 -1324.0000000000
3976 -1320.0000000000
3991 -1318.0000000000
4030 -1315.0000000000
4031 -1314.0000000000
4041 -1313.0000000000
4056 -1312.0000000000
4077 -1311.0000000000
4084 -1310.0000000000
4108 -1309.0000000000
4116 -1308.0000000000
4131 -1307.0000000000
4132 -1306.0000000000
4143 -1305.0000000000
4152 -1304.0000000000
4162 -1303.0000000000
4173 -1299.0000000000
4190 -1298.0000000000
4201 -1297.0000000000
4216 -1296.0000000000
4220 -1294.0000000000
4240 -1293.0000000000
4253 -1292.0000000000
4261 -1290.0000000000
4271 -1288.0000000000
4310 -1287.0000000000
4313 -1285.0000000000
4322 -1284.0000000000
4365 -1283.0000000000
4385 -1282.0000000000
4388 -1281.0000000000
4393 -1280.0000000000
4422 -1278.0000000000
4427 -1277.0000000000
4444 -1275.0000000000
4462 -1273.0000000000
4482 -1272.0000000000
4483 -1269.0000000000
4499 -1268.0000000000
4530 -1266.0000000000
4550 -1265.0000000000
4556 -1263.0000000000
4561 -1261.0000000000
4594 -1260.0000000000
4598 -1259.0000000000
4627 -1258.0000000000
4629 -1257.0000000000
4633 -1256.0000000000
4648 -1255.0000000000
4656 -1254.0000000000
4659 -1253.0000000000
4665 -1252.0000000000
4671 -1250.0000000000
4688 -1249.0000000000
4691 -1246.0000000000
4705 -1245.0000000000
4716 -1242.0000000000
4736 -1241.0000000000
4737 -1240.0000000000
4744 -1239.0000000000
4753 -1238.0000000000
4768 -1237.0000000000
4776 -1236.0000000000
4796 -1234.0000000000
4811 -1233.0000000000
4821 -1232.0000000000
4823 -1228.0000000000
4841 -1227.0000000000
4847 -1226.0000000000
4859 -1225.0000000000
4870 -1224.0000000000
4885 -1222.0000000000
4907 -1221.0000000000
4930 -1219.0000000000
4952 -1218.0000000000
4961 -1217.0000000000
4962 -1215.0000000000
4972 -1213.0000000000
4982 -1212.0000000000
4990 -1211.0000000000
5003 -1207.0000000000
5022 -1206.0000000000
5043 -1204.0000000000
5062 -1203.0000000000
5063 -1201.0000000000
5083 -1200.0000000000
5098 -1198.0000000000
5106 -1197.0000000000
5116 -1195.0000000000
5125 -1194.0000000000
5143 -1193.0000000000
5145 -1191.0000000000
5159 -1190.0000000000
5167 -1189.0000000000
5171 -1188.0000000000
5187 -1187.0000000000
5195 -1183.0000000000
5204 -1179.0000000000
5211 -1178.0000000000
5235 -1177.0000000000
5244 -1176.0000000000
5263 -1175.0000000000
5272 -1174.0000000000
5284 -1173.0000000000
5289 -1172.0000000000
5291 -1171.0000000000
5305 -1170.0000000000
5321 -1169.0000000000
5334 -1168.0000000000
5351 -1164.0000000000
5380 -1162.0000000000
5389 -1161.0000000000
5406 -1159.0000000000
5430 -1157.0000000000
5441 -1154.0000000000
5473 -1152.0000000000
5493 -1151.0000000000
5497 -1150.0000000000
5517 -1148.0000000000
5529 -1146.0000000000
5552 -1145.0000000000
5563 -1144.0000000000
5581 -1143.0000000000
5595 -1141.0000000000
5609 -1140.0000000000
5623 -1139.0000000000
5634 -1137.0000000000
5665 -1136.0000000000
5673 -1135.0000000000
5688 -1134.0000000000
5695 -1133.0000000000
5711 -1132.0000000000
5724 -1130.0000000000
5758 -1129.0000000000
5775 -1128.0000000000
5790 -1127.0000000000
5796 -1125.0000000000
5819 -1123.0000000000
5848 -1120.0000000000
5880 -1119.0000000000
5889 -1118.0000000000
5915 -1116.0000000000
5924 -1115.0000000000
5937 -1114.0000000000
5943 -1110.0000000000
5954 -1108.0000000000
5973 -1104.0000000000
5992 -1103.0000000000
6001 -1102.0000000000
6004 -1101.0000000000
6013 -1100.0000000000
6023 -1099.0000000000
6026 -1095.0000000000
6031 -1094.0000000000
6053 -1093.0000000000
6060 -1092.0000000000
6065 -1091.0000000000
6080 -1090.0000000000
6081 -1089.0000000000
6094 -1088.0000000000
6101 -1084.0000000000
6125 -1083.0000000000
6142 -1082.0000000000
6155 -1080.0000000000
6184 -1079.0000000000
6205 -1078.0000000000
6218 -1077.0000000000
6234 -1076.0000000000
6240 -1074.0000000000
6248 -1073.0000000000
6265 -1072.0000000000
6275 -1071.0000000000
6286 -1070.0000000000
6301 -1066.0000000000
6315 -1065.0000000000
6355 -1064.0000000000
6362 -1063.0000000000
6373 -1061.0000000000
6388 -1059.0000000000
6394 -1058.0000000000
6410 -1057.0000000000
6414 -1055.0000000000
6422 -1054.0000000000
6440 -1053.0000000000
6458 -1052.0000000000
6466 -1049.0000000000
6482 -1046.0000000000
6512 -1045.0000000000
6518 -1043.0000000000
6550 -1042.0000000000
6563 -1039.0000000000
6585 -1038.0000000000
6603 -1037.0000000000
6606 -1036.0000000000
6648 -1035.0000000000
6664 -1034.0000000000
6676 -1031.0000000000
6691 -1030.0000000000
6717 -1029.0000000000
6723 -1027.0000000000
6742 -1026.0000000000
6750 -1025.0000000000
6753 -1024.0000000000
6758 -1023.0000000000
6779 -1021.0000000000
6793 -1020.0000000000
6820 -1019.0000000000
6824 -1018.0000000000
6847 -1017.0000000000
6852 -1016.0000000000
6868 -1015.0000000000
6882 -1014.0000000000
6892 -1013.0000000000
6906 -1011.0000000000
6923 -1010.0000000000
6943 -1009.0000000000
6967 -1006.0000000000
6970 -1005.0000000000
6980 -1004.0000000000
7001 -1002.0000000000
7011 -1000.0000000000
7027 -998.0000000000
7047 -997.0000000000
7058 -996.0000000000
7066 -995.0000000000
7073 -994.0000000000
7082 -992.0000000000
7103 -990.0000000000
7110 -989.0000000000
7123 -988.0000000000
7158 -987.0000000000
7161 -986.0000000000
7171 -984.0000000000
7181 -983.0000000000
7196 -981.0000000000
7222 -978.0000000000
7250 -976.0000000000
7267 -973.0000000000
7274 -972.0000000000
7293 -971.0000000000
7300 -970.0000000000
7319 -969.0000000000
7324 -968.0000000000
7346 -967.0000000000
7348 -966.0000000000
7352 -964.0000000000
7364 -963.0000000000
7376 -962.0000000000
7397 -960.0000000000
7406 -959.0000000000
7425 -957.0000000000
7442 -955.0000000000
7461 -951.0000000000
7480 -950.0000000000
7493 -949.0000000000
7508 -948.0000000000
7530 -947.0000000000
7540 -946.0000000000
7541 -944.0000000000
7565 -943.0000000000
7573 -942.0000000000
7584 -941.0000000000
7591 -940.0000000000
7605 -938.0000000000
7628 -937.0000000000
7642 -935.0000000000
7657 -934.0000000000
7677 -932.0000000000
7695 -929.0000000000
7734 -928.0000000000
7744 -927.0000000000
7765 -926.0000000000
7767 -925.0000000000
7789 -923.0000000000
7810 -922.0000000000
7819 -921.0000000000
7834 -919.0000000000
7839 -918.0000000000
7856 -917.0000000000
7865 -916.0000000000
7873 -914.0000000000
7887 -913.0000000000
7911 -911.0000000000
7933 -910.0000000000
7942 -909.0000000000
7960 -907.0000000000
7980 -906.0000000000
7993 -904.0000000000
8006 -903.0000000000
8029 -902.0000000000
8041 -901.0000000000
8070 -900.0000000000
8073 -899.0000000000
8082 -898.0000000000
8115 -897.0000000000
8123 -896.0000000000
8139 -895.0000000000
8153 -894.0000000000
8161 -893.0000000000
8180 -892.0000000000
8181 -891.0000000000
8213 -890.0000000000
8228 -889.0000000000
8233 -886.0000000000
8249 -885.0000000000
8266 -884.0000000000
8275 -883.0000000000
8305 -882.0000000000
8310 -881.0000000000
8321 -880.0000000000
8351 -878.0000000000
8362 -877.0000000000
8381 -876.0000000000
8389 -875.0000000000
8404 -874.0000000000
8405 -872.0000000000
8418 -871.0000000000
8431 -869.0000000000
8460 -868.0000000000
8463 -867.0000000000
8482 -866.0000000000
8485 -864.0000000000
8526 -863.0000000000
8530 -862.0000000000
8533 -861.0000000000
8544 -860.0000000000
8562 -859.0000000000
8570 -858.0000000000
8594 -857.0000000000
8612 -855.0000000000
8639 -854.0000000000
8643 -853.0000000000
8665 -852.0000000000
8703 -850.0000000000
8710 -849.0000000000
8728 -848.0000000000
8739 -845.0000000000
8761 -843.0000000000
8773 -842.0000000000
8788 -841.0000000000
8800 -840.0000000000
8809 -839.0000000000
8816 -837.0000000000
8840 -835.0000000000
8846 -833.0000000000
8875 -832.0000000000
8881 -831.0000000000
8894 -830.0000000000
8903 -829.0000000000
8911 -828.0000000000
8934 -827.0000000000
8948 -824.0000000000
8971 -823.0000000000
8991 -822.0000000000
9012 -821.0000000000
9016 -820.0000000000
9037 -819.0000000000
9045 -818.0000000000
9086 -815.0000000000
9109 -814.0000000000
9127 -813.0000000000
9145 -812.0000000000
9156 -811.0000000000
9166 -810.0000000000
9167 -809.0000000000
9178 -808.0000000000
9190 -806.0000000000
9215 -805.0000000000
9227 -804.0000000000
9249 -803.0000000000
9255 -802.0000000000
9263 -801.0000000000
9278 -800.0000000000
9283 -799.0000000000
9296 -798.0000000000
9315 -796.0000000000
9344 -793.0000000000
9362 -792.0000000000
9388 -791.0000000000
9393 -790.0000000000
9418 -789.0000000000
9421 -787.0000000000
9461 -786.0000000000
9473 -785.0000000000
9505 -783.0000000000
9515 -782.0000000000
9538 -780.0000000000
9565 -779.0000000000
9580 -777.0000000000
9586 -775.0000000000
9625 -774.0000000000
9644 -773.0000000000
9671 -772.0000000000
9702 -771.0000000000
9707 -770.0000000000
9717 -768.0000000000
9724 -767.0000000000
9741 -766.0000000000
9754 -763.0000000000
9764 -762.0000000000
9796 -761.0000000000
9806 -760.0000000000
9834 -757.0000000000
9843 -756.0000000000
9864 -755.0000000000
9884 -754.0000000000
9919 -753.0000000000
9921 -752.0000000000
9935 -750.0000000000
9965 -748.0000000000
9996 -747.0000000000
10010 -745.0000000000
10020 -744.0000000000
10039 -743.0000000000
10055 -742.0000000000
10076 -741.0000000000
10095 -740.0000000000
10098 -738.0000000000
10120 -737.0000000000
10130 -734.0000000000
10149 -732.0000000000
10175 -731.0000000000
10222 -728.0000000000
10244 -727.0000000000
10251 -726.0000000000
10271 -724.0000000000
10282 -723.0000000000
10291 -721.0000000000
10332 -719.0000000000
10355 -718.0000000000
10373 -717.0000000000
10387 -716.0000000000
10420 -715.0000000000
10429 -712.0000000000
10438 -711.0000000000
10453 -709.0000000000
10469 -708.0000000000
10504 -707.0000000000
10511 -706.0000000000
10531 -704.0000000000
10548 -703.0000000000
10552 -702.0000000000
10579 -701.0000000000
10585 -699.0000000000
10607 -698.0000000000
10612 -697.0000000000
10623 -696.0000000000
10634 -694.0000000000
10647 -693.0000000000
10651 -692.0000000000
10683 -690.0000000000
10705 -689.0000000000
10713 -688.0000000000
10732 -687.0000000000
10738 -686.0000000000
10745 -685.0000000000
10748 -684.0000000000
10759 -682.0000000000
10771 -681.0000000000
10772 -679.0000000000
10798 -678.0000000000
10806 -677.0000000000
10829 -676.0000000000
10853 -675.0000000000
10854 -672.0000000000
10887 -671.0000000000
10891 -670.0000000000
10917 -669.0000000000
10933 -668.0000000000
10937 -666.0000000000
10974 -665.0000000000
10992 -664.0000000000
11026 -663.0000000000
11033 -662.0000000000
11048 -661.0000000000
11062 -659.0000000000
11072 -658.0000000000
11103 -657.0000000000
11117 -656.0000000000
11129 -655.0000000000
11162 -654.0000000000
11177 -651.0000000000
11218 -649.0000000000
11248 -648.0000000000
11252 -647.0000000000
11258 -646.0000000000
11298 -645.0000000000
11314 -642.0000000000
11360 -641.0000000000
11364 -640.0000000000
11390 -639.0000000000
11395 -637.0000000000
11402 -636.0000000000
11464 -635.0000000000
11482 -634.0000000000
11538 -632.0000000000
11545 -631.0000000000
11575 -630.0000000000
11582 -629.0000000000
11596 -626.0000000000
11624 -624.0000000000
11652 -623.0000000000
11683 -622.0000000000
11719 -621.0000000000
11730 -620.0000000000
11743 -619.0000000000
11764 -618.0000000000
11780 -616.0000000000
11791 -615.0000000000
11803 -614.0000000000
11827 -612.0000000000
11872 -611.0000000000
11886 -610.0000000000
11907 -608.0000000000
11925 -607.0000000000
11956 -606.0000000000
11963 -603.0000000000
11973 -602.0000000000
12012 -601.0000000000
12027 -600.0000000000
12046 -598.0000000000
12052 -597.0000000000
12076 -596.0000000000
12093 -595.0000000000
12118 -594.0000000000
12128 -593.0000000000
12161 -592.0000000000
12175 -591.0000000000
12183 -590.0000000000
12198 -589.0000000000
12216 -588.0000000000
12228 -587.0000000000
12255 -585.0000000000
12280 -584.0000000000
12334 -582.0000000000
12337 -581.0000000000
12375 -580.0000000000
12398 -579.0000000000
12431 -577.0000000000
12456 -576.0000000000
12479 -575.0000000000
12492 -574.0000000000
12514 -573.0000000000
12531 -572.0000000000
12561 -571.0000000000
12573 -570.0000000000
12586 -569.0000000000
12597 -566.0000000000
12621 -565.0000000000
12631 -564.0000000000
12652 -562.0000000000
12699 -561.0000000000
12710 -560.0000000000
12727 -558.0000000000
12786 -557.0000000000
12801 -556.0000000000
12838 -555.0000000000
12844 -554.0000000000
12854 -553.0000000000
12893 -552.0000000000
12896 -550.0000000000
12919 -549.0000000000
12925 -548.0000000000
12949 -547.0000000000
12958 -546.0000000000
12986 -545.0000000000
13012 -544.0000000000
13033 -543.0000000000
13039 -542.0000000000
13073 -540.0000000000
13110 -539.0000000000
13137 -538.0000000000
13162 -537.0000000000
13185 -535.0000000000
13238 -534.0000000000
13246 -533.0000000000
13272 -530.0000000000
13295 -529.0000000000
13309 -528.0000000000
13315 -527.0000000000
13356 -526.0000000000
13379 -525.0000000000
13385 -524.0000000000
13393 -522.0000000000
13430 -521.0000000000
13458 -520.0000000000
13467 -518.0000000000
13501 -517.0000000000
13540 -516.0000000000
13555 -515.0000000000
13563 -514.0000000000
13578 -513.0000000000
13616 -512.0000000000
13636 -511.0000000000
13648 -510.0000000000
13667 -509.0000000000
13689 -508.0000000000
13709 -507.0000000000
13727 -505.0000000000
13744 -504.0000000000
13753 -503.0000000000
13768 -500.0000000000
13824 -499.0000000000
13855 -498.0000000000
13868 -497.0000000000
13885 -496.0000000000
13904 -495.0000000000
13937 -494.0000000000
13955 -493.0000000000
13960 -492.0000000000
13988 -491.0000000000
14015 -490.0000000000
14020 -489.0000000000
14063 -487.0000000000
14085 -486.0000000000
14097 -485.0000000000
14120 -484.0000000000
14135 -483.0000000000
14176 -481.0000000000
14206 -480.0000000000
14209 -478.0000000000
14239 -477.0000000000
14249 -474.0000000000
14301 -472.0000000000
14311 -471.0000000000
14350 -470.0000000000
14355 -469.0000000000
14402 -468.0000000000
14418 -467.0000000000
14451 -466.0000000000
14476 -465.0000000000
14493 -463.0000000000
14497 -462.0000000000
14534 -461.0000000000
14539 -459.0000000000
14543 -458.0000000000
14605 -457.0000000000
14661 -453.0000000000
14682 -452.0000000000
14722 -451.0000000000
14723 -449.0000000000
14749 -448.0000000000
14809 -447.0000000000
14833 -445.0000000000
14878 -444.0000000000
14923 -443.0000000000
14937 -441.0000000000
14974 -440.0000000000
14981 -439.0000000000
15028 -438.0000000000
15056 -437.0000000000
15068 -436.0000000000
15094 -435.0000000000
15105 -433.0000000000
15122 -431.0000000000
15144 -430.0000000000
15159 -428.0000000000
15169 -427.0000000000
15237 -426.0000000000
15251 -425.0000000000
15260 -423.0000000000
15265 -422.0000000000
15304 -421.0000000000
15343 -420.0000000000
15357 -419.0000000000
15390 -416.0000000000
15400 -414.0000000000
15428 -413.0000000000
15430 -412.0000000000
15433 -411.0000000000
15485 -410.0000000000
15497 -408.0000000000
15525 -406.0000000000
15535 -405.0000000000
15546 -403.0000000000
15570 -402.0000000000
15651 -401.0000000000
15683 -400.0000000000
15693 -399.0000000000
15707 -398.0000000000
15726 -397.0000000000
15731 -396.0000000000
15777 -395.0000000000
15793 -394.0000000000
15865 -393.0000000000
15905 -392.0000000000
15939 -391.0000000000
15961 -390.0000000000
15964 -389.0000000000
16001 -388.0000000000
16016 -387.0000000000
16025 -385.0000000000
16068 -381.0000000000
16107 -380.0000000000
16147 -379.0000000000
16159 -377.0000000000
16213 -375.0000000000
16256 -374.0000000000
16285 -372.0000000000
16309 -371.0000000000
16367 -370.0000000000
16378 -369.0000000000
16412 -368.0000000000
16419 -367.0000000000
16443 -366.0000000000
16462 -365.0000000000
16467 -364.0000000000
16520 -363.0000000000
16522 -362.0000000000
16573 -361.0000000000
16600 -360.0000000000
16612 -358.0000000000
16667 -356.0000000000
16708 -355.0000000000
16738 -354.0000000000
16765 -353.0000000000
16773 -351.0000000000
16794 -350.0000000000
16825 -349.0000000000
16879 -348.0000000000
16915 -346.0000000000
16969 -345.0000000000
16975 -344.0000000000
16996 -343.0000000000
17021 -340.0000000000
17105 -339.0000000000
17120 -338.0000000000
17184 -336.0000000000
17203 -335.0000000000
17222 -333.0000000000
17241 -332.0000000000
17298 -331.0000000000
17312 -329.0000000000
17332 -328.0000000000
17379 -327.0000000000
17428 -326.0000000000
17438 -325.0000000000
17454 -323.0000000000
17505 -321.0000000000
17520 -320.0000000000
17573 -319.0000000000
17592 -318.0000000000
17649 -317.0000000000
17658 -315.0000000000
17675 -314.0000000000
17690 -313.0000000000
17701 -312.0000000000
17753 -311.0000000000
17822 -310.0000000000
17840 -309.0000000000
17891 -308.0000000000
17908 -307.0000000000
17941 -306.0000000000
17966 -305.0000000000
17981 -304.0000000000
17992 -303.0000000000
18020 -302.0000000000
18031 -300.0000000000
18044 -299.0000000000
18087 -297.0000000000
18142 -295.0000000000
18178 -291.0000000000
18181 -290.0000000000
18248 -289.0000000000
18294 -288.0000000000
18322 -287.0000000000
18362 -286.0000000000
18377 -285.0000000000
18433 -284.0000000000
18446 -282.0000000000
18461 -281.0000000000
18508 -280.0000000000
18513 -279.0000000000
18540 -278.0000000000
18568 -277.0000000000
18602 -276.0000000000
18669 -274.0000000000
18681 -272.0000000000
18693 -270.0000000000
18745 -269.0000000000
18770 -268.0000000000
18792 -266.0000000000
18859 -265.0000000000
18863 -264.0000000000
18884 -263.0000000000
18886 -262.0000000000
18945 -261.0000000000
18967 -260.0000000000
18994 -259.0000000000
19017 -257.0000000000
19073 -255.0000000000
19085 -254.0000000000
19096 -252.0000000000
19125 -250.0000000000
19148 -249.0000000000
19158 -248.0000000000
19220 -245.0000000000
19264 -244.0000000000
19328 -243.0000000000
19378 -242.0000000000
19400 -241.0000000000
19458 -240.0000000000
19492 -239.0000000000
19543 -238.0000000000
19579 -237.0000000000
19621 -236.0000000000
19650 -235.0000000000
19705 -234.0000000000
19745 -233.0000000000
19805 -232.0000000000
19940 -231.0000000000
19968 -230.0000000000
19978 -229.0000000000
19986 -225.0000000000
20043 -224.0000000000
20056 -223.0000000000
20101 -222.0000000000
20126 -221.0000000000
20142 -220.0000000000
20208 -219.0000000000
20275 -218.0000000000
20301 -217.0000000000
20312 -216.0000000000
20332 -215.0000000000
20402 -214.0000000000
20426 -213.0000000000
20434 -212.0000000000
20463 -211.0000000000
20484 -209.0000000000
20578 -208.0000000000
20589 -207.0000000000
20620 -205.0000000000
20634 -204.0000000000
20648 -203.0000000000
20710 -202.0000000000
20728 -200.0000000000
20757 -199.0000000000
20809 -197.0000000000
20899 -196.0000000000
20947 -195.0000000000
21015 -194.0000000000
21037 -192.0000000000
21072 -191.0000000000
21097 -190.0000000000
21122 -189.0000000000
21152 -188.0000000000
21196 -186.0000000000
21224 -185.0000000000
21252 -184.0000000000
21295 -183.0000000000
21296 -182.0000000000
21373 -180.0000000000
21404 -179.0000000000
21432 -178.0000000000
21580 -177.0000000000
21630 -176.0000000000
21714 -175.0000000000
21733 -173.0000000000
21811 -172.0000000000
21814 -171.0000000000
21855 -170.0000000000
21883 -169.0000000000
21901 -168.0000000000
21970 -167.0000000000
22063 -166.0000000000
22082 -165.0000000000
22113 -164.0000000000
22137 -163.0000000000
22213 -162.0000000000
22237 -161.0000000000
22271 -160.0000000000
22307 -158.0000000000
22332 -157.0000000000
22342 -154.0000000000
22386 -153.0000000000
22481 -150.0000000000
22540 -149.0000000000
22595 -148.0000000000
22680 -147.0000000000
22742 -146.0000000000
22766 -145.0000000000
22845 -144.0000000000
22907 -143.0000000000
22932 -142.0000000000
22961 -139.0000000000
23033 -138.0000000000
23090 -137.0000000000
23152 -136.0000000000
23296 -135.0000000000
23344 -134.0000000000
23392 -133.0000000000
23443 -132.0000000000
23496 -131.0000000000
23509 -130.0000000000
23542 -129.0000000000
23591 -128.0000000000
23664 -127.0000000000
23694 -126.0000000000
23756 -125.0000000000
23793 -124.0000000000
23858 -123.0000000000
23880 -122.0000000000
23919 -121.0000000000
23970 -120.0000000000
23983 -119.0000000000
24025 -118.0000000000
24106 -116.0000000000
24225 -114.0000000000
24377 -113.0000000000
24509 -111.0000000000
24627 -110.0000000000
24762 -109.0000000000
24783 -108.0000000000
24868 -107.0000000000
24921 -106.0000000000
24989 -104.0000000000
25209 -103.0000000000
25257 -102.0000000000
25265 -101.0000000000
25277 -100.0000000000
25339 -99.0000000000
25368 -98.0000000000
25401 -97.0000000000
25436 -96.0000000000
25485 -93.0000000000
25517 -92.0000000000
25569 -91.0000000000
25593 -90.0000000000
25722 -89.0000000000
25848 -88.0000000000
25903 -87.0000000000
25904 -86.0000000000
25963 -85.0000000000
26029 -84.0000000000
26213 -83.0000000000
26354 -82.0000000000
26427 -81.0000000000
26460 -80.0000000000
26515 -78.0000000000
26572 -77.0000000000
26665 -75.0000000000
26743 -74.0000000000
26793 -73.0000000000
26801 -72.0000000000
27004 -71.0000000000
27107 -70.0000000000
27125 -69.0000000000
27223 -68.0000000000
27261 -67.0000000000
27309 -66.0000000000
27393 -65.0000000000
27503 -64.0000000000
27705 -63.0000000000
27809 -62.0000000000
27993 -61.0000000000
28049 -59.0000000000
28206 -58.0000000000
28218 -57.0000000000
28336 -56.0000000000
28377 -54.0000000000
28572 -52.0000000000
28648 -51.0000000000
28907 -50.0000000000
28981 -49.0000000000
29086 -48.0000000000
29160 -47.0000000000
29189 -46.0000000000
29253 -45.0000000000
29829 -44.0000000000
29846 -43.0000000000
29938 -42.0000000000
29996 -41.0000000000
30087 -39.0000000000
30115 -38.0000000000
30160 -37.0000000000
30249 -35.0000000000
30323 -33.0000000000
30400 -32.0000000000
30613 -31.0000000000
30689 -30.0000000000
30766 -29.0000000000
30922 -28.0000000000
31003 -27.0000000000
31118 -26.0000000000
31205 -25.0000000000
31254 -24.0000000000
31337 -23.0000000000
31873 -22.0000000000
32062 -21.0000000000
32566 -20.0000000000
32675 -19.0000000000
32760 -18.0000000000
32822 -17.0000000000
33230 -16.0000000000
33239 -15.0000000000
33294 -14.0000000000
33358 -13.0000000000
33467 -12.0000000000
33583 -11.0000000000
33914 -9.0000000000
34986 -8.0000000000
35244 -7.0000000000
36765 -6.0000000000
36992 -5.0000000000
38726 -3.0000000000
39047 -2.0000000000
39726 82.4900000000
40891 96.1500000000
41106 103.4400000000
41235 106.8200000000
41658 110.6900000000
41699 204.2500000000
42402 207.4500000000
42487 212.3500000000
44345 217.5500000000
44780 222.1500000000
45367 223.1900000000
45668 226.4600000000
47641 334.6700000000
50277 338.7000000000
50286 342.7500000000
50289 352.4200000000
50316 354.0700000000
50331 361.5800000000
50496 362.9700000000
50898 369.8400000000
55483 370.1600000000
58118 380.6800000000
66293 476.8800000000
66415 481.3100000000
66515 492.7600000000
66560 498.9300000000
66688 516.7300000000
66908 525.3500000000
67645 531.9500000000
67994 540.9400000000
68119 542.4100000000
68403 553.9800000000
68453 586.4600000000
68485 606.9400000000
68488 610.2400000000
68639 612.9200000000
68652 614.4700000000
68670 615.7300000000
68915 620.5200000000
69352 624.7300000000
70983 627.0000000000
72055 631.9400000000
73896 758.2900000000
79942 758.9700000000
79967 760.3500000000
80099 762.6200000000
80147 763.7900000000
80256 771.6000000000
80263 779.2600000000
81434 788.2400000000
81648 791.0500000000
81800 792.0400000000
82559 802.0700000000
87881 814.8900000000
91871 815.3300000000
91980 816.8500000000
92264 821.8200000000
92570 822.3800000000
92847 823.2200000000
93006 825.0200000000
93496 829.0600000000
93535 829.2200000000
95094 829.9500000000
97252 831.5900000000
100000 -2.0000000000
evaluations raw_y
1 -2032.0000000000
2 -1945.0000000000
13 -1944.0000000000
17 -1922.0000000000
32 -1886.0000000000
47 -1881.0000000000
51 -1878.0000000000
63 -1868.0000000000
81 -1865.0000000000
92 -1863.0000000000
93 -1857.0000000000
106 -1850.0000000000
121 -1848.0000000000
140 -1841.0000000000
151 -1839.0000000000
154 -1837.0000000000
162 -1835.0000000000
179 -1834.0000000000
185 -1832.0000000000
189 -1830.0000000000
202 -1827.0000000000
207 -1825.0000000000
211 -1823.0000000000
217 -1822.0000000000
224 -1821.0000000000
233 -1820.0000000000
247 -1818.0000000000
255 -1817.0000000000
261 -1816.0000000000
275 -1814.0000000000
286 -1813.0000000000
301 -1811.0000000000
316 -1810.0000000000
322 -1809.0000000000
323 -1808.0000000000
329 -1807.0000000000
342 -1805.0000000000
344 -1804.0000000000
358 -1803.0000000000
381 -1800.0000000000
388 -1799.0000000000
393 -1798.0000000000
405 -1797.0000000000
413 -1795.0000000000
425 -1794.0000000000
436 -1791.0000000000
453 -1789.0000000000
481 -1788.0000000000
486 -1787.0000000000
499 -1786.0000000000
502 -1784.0000000000
511 -1782.0000000000
525 -1778.0000000000
553 -1777.0000000000
563 -1775.0000000000
581 -1774.0000000000
595 -1771.0000000000
605 -1769.0000000000
614 -1768.0000000000
622 -1766.0000000000
641 -1765.0000000000
643 -1764.0000000000
656 -1763.0000000000
661 -1761.0000000000
676 -1759.0000000000
686 -1758.0000000000
688 -1757.0000000000
693 -1754.0000000000
711 -1752.0000000000
712 -1751.0000000000
731 -1750.0000000000
746 -1749.0000000000
757 -1748.0000000000
760 -1747.0000000000
763 -1745.0000000000
771 -1744.0000000000
772 -1743.0000000000
785 -1742.0000000000
795 -1741.0000000000
801 -1740.0000000000
808 -1739.0000000000
813 -1738.0000000000
815 -1737.0000000000
830 -1736.0000000000
850 -1733.0000000000
869 -1731.0000000000
886 -1730.0000000000
887 -1727.0000000000
914 -1726.0000000000
922 -1725.0000000000
934 -1724.0000000000
945 -1721.0000000000
992 -1720.0000000000
998 -1719.0000000000
1007 -1717.0000000000
1014 -1716.0000000000
1022 -1714.0000000000
1031 -1712.0000000000
1074 -1711.0000000000
1082 -1710.0000000000
1088 -1708.0000000000
1093 -1705.0000000000
1113 -1702.0000000000
1125 -1700.0000000000
1133 -1698.0000000000
1151 -1697.0000000000
1166 -1696.0000000000
1181 -1695.0000000000
1183 -1694.0000000000
1193 -1693.0000000000
1200 -1692.0000000000
1209 -1689.0000000000
1226 -1688.0000000000
1235 -1686.0000000000
1247 -1685.0000000000
1259 -1682.0000000000
1263 -1681.0000000000
1279 -1680.0000000000
1294 -1678.0000000000
1306 -1676.0000000000
1321 -1675.0000000000
1327 -1673.0000000000
1348 -1672.0000000000
1361 -1670.0000000000
1377 -1669.0000000000
1383 -1665.0000000000
1421 -1662.0000000000
1439 -1661.0000000000
1443 -1657.0000000000
1483 -1656.0000000000
1484 -1654.0000000000
1496 -1653.0000000000
1497 -1650.0000000000
1522 -1649.0000000000
1534 -1648.0000000000
1539 -1647.0000000000
1555 -1646.0000000000
1563 -1645.0000000000
1564 -1644.0000000000
1573 -1642.0000000000
1584 -1640.0000000000
1595 -1638.0000000000
1610 -1637.0000000000
1616 -1636.0000000000
1622 -1635.0000000000
1632 -1634.0000000000
1659 -1631.0000000000
1677 -1630.0000000000
1685 -1629.0000000000
1689 -1628.0000000000
1695 -1627.0000000000
1719 -1624.0000000000
1724 -1623.0000000000
1734 -1622.0000000000
1745 -1621.0000000000
1756 -1620.0000000000
1758 -1619.0000000000
1774 -1613.0000000000
1784 -1612.0000000000
1811 -1611.0000000000
1816 -1609.0000000000
1821 -1608.0000000000
1838 -1607.0000000000
1845 -1606.0000000000
1865 -1605.0000000000
1868 -1604.0000000000
1882 -1603.0000000000
1886 -1602.0000000000
1893 -1601.0000000000
1903 -1598.0000000000
1910 -1597.0000000000
1921 -1595.0000000000
1935 -1594.0000000000
1941 -1592.0000000000
1943 -1590.0000000000
1954 -1589.0000000000
1967 -1588.0000000000
1973 -1583.0000000000
1983 -1582.0000000000
1993 -1580.0000000000
2006 -1579.0000000000
2028 -1577.0000000000
2038 -1576.0000000000
2049 -1575.0000000000
2059 -1574.0000000000
2070 -1573.0000000000
2079 -1571.0000000000
2093 -1570.0000000000
2105 -1569.0000000000
2112 -1568.0000000000
2114 -1567.0000000000
2121 -1566.0000000000
2129 -1565.0000000000
2136 -1564.0000000000
2143 -1562.0000000000
2151 -1560.0000000000
2188 -1559.0000000000
2201 -1556.0000000000
2222 -1555.0000000000
2233 -1552.0000000000
2251 -1551.0000000000
2254 -1550.0000000000
2273 -1548.0000000000
2284 -1547.0000000000
2297 -1546.0000000000
2307 -1545.0000000000
2313 -1544.0000000000
2322 -1543.0000000000
2324 -1542.0000000000
2350 -1541.0000000000
2356 -1540.0000000000
2362 -1539.0000000000
2375 -1538.0000000000
2386 -1537.0000000000
2388 -1534.0000000000
2397 -1533.0000000000
2400 -1532.0000000000
2405 -1530.0000000000
2421 -1528.0000000000
2440 -1526.0000000000
2442 -1524.0000000000
2467 -1523.0000000000
2472 -1521.0000000000
2507 -1520.0000000000
2519 -1518.0000000000
2531 -1517.0000000000
2551 -1516.0000000000
2565 -1515.0000000000
2570 -1513.0000000000
2583 -1511.0000000000
2590 -1509.0000000000
2602 -1508.0000000000
2615 -1506.0000000000
2624 -1505.0000000000
2649 -1504.0000000000
2650 -1503.0000000000
2656 -1502.0000000000
2676 -1501.0000000000
2683 -1500.0000000000
2691 -1498.0000000000
2709 -1497.0000000000
2721 -1496.0000000000
2728 -1495.0000000000
2731 -1494.0000000000
2745 -1493.0000000000
2766 -1492.0000000000
2779 -1490.0000000000
2811 -1489.0000000000
2824 -1488.0000000000
2835 -1487.0000000000
2841 -1486.0000000000
2853 -1485.0000000000
2857 -1484.0000000000
2862 -1483.0000000000
2880 -1482.0000000000
2881 -1477.0000000000
2918 -1476.0000000000
2931 -1474.0000000000
2966 -1472.0000000000
2988 -1471.0000000000
2992 -1469.0000000000
2994 -1468.0000000000
3018 -1464.0000000000
3025 -1463.0000000000
3044 -1461.0000000000
3053 -1459.0000000000
3062 -1458.0000000000
3074 -1457.0000000000
3084 -1456.0000000000
3087 -1455.0000000000
3101 -1454.0000000000
3107 -1453.0000000000
3118 -1452.0000000000
3134 -1451.0000000000
3137 -1450.0000000000
3145 -1449.0000000000
3161 -1448.0000000000
3176 -1446.0000000000
3182 -1445.0000000000
3190 -1444.0000000000
3197 -1443.0000000000
3224 -1442.0000000000
3227 -1441.0000000000
3242 -1440.0000000000
3261 -1439.0000000000
3267 -1437.0000000000
3282 -1436.0000000000
3284 -1433.0000000000
3291 -1432.0000000000
3308 -1429.0000000000
3319 -1428.0000000000
3330 -1427.0000000000
3335 -1426.0000000000
3357 -1425.0000000000
3359 -1424.0000000000
3361 -1423.0000000000
3362 -1422.0000000000
3385 -1421.0000000000
3386 -1417.0000000000
3403 -1415.0000000000
3419 -1414.0000000000
3427 -1413.0000000000
3435 -1412.0000000000
3460 -1410.0000000000
3463 -1407.0000000000
3483 -1406.0000000000
3489 -1405.0000000000
3502 -1403.0000000000
3527 -1401.0000000000
3531 -1400.0000000000
3541 -1398.0000000000
3558 -1397.0000000000
3562 -1396.0000000000
3565 -1395.0000000000
3581 -1394.0000000000
3584 -1393.0000000000
3598 -1392.0000000000
3606 -1391.0000000000
3611 -1390.0000000000
3621 -1389.0000000000
3628 -1387.0000000000
3635 -1386.0000000000
3648 -1385.0000000000
3655 -1384.0000000000
3683 -1381.0000000000
3721 -1380.0000000000
3722 -1379.0000000000
3732 -1378.0000000000
3746 -1376.0000000000
3768 -1375.0000000000
3769 -1374.0000000000
3772 -1372.0000000000
3785 -1371.0000000000
3798 -1370.0000000000
3814 -1369.0000000000
3829 -1368.0000000000
3850 -1367.0000000000
3859 -1364.0000000000
3873 -1360.0000000000
3886 -1359.0000000000
3913 -1358.0000000000
3923 -1357.0000000000
3934 -1356.0000000000
3966 -1354.0000000000
3981 -1351.0000000000
3998 -1349.0000000000
4015 -1346.0000000000
4029 -1345.0000000000
4032 -1343.0000000000
4045 -1342.0000000000
4068 -1340.0000000000
4071 -1339.0000000000
4103 -1338.0000000000
4104 -1336.0000000000
4138 -1335.0000000000
4142 -1332.0000000000
4155 -1331.0000000000
4163 -1330.0000000000
4173 -1329.0000000000
4176 -1328.0000000000
4189 -1327.0000000000
4198 -1326.0000000000
4200 -1323.0000000000
4238 -1322.0000000000
4247 -1321.0000000000
4258 -1319.0000000000
4263 -1317.0000000000
4271 -1316.0000000000
4283 -1315.0000000000
4300 -1313.0000000000
4320 -1312.0000000000
4327 -1311.0000000000
4332 -1310.0000000000
4342 -1309.0000000000
4354 -1308.0000000000
4365 -1307.0000000000
4366 -1305.0000000000
4393 -1304.0000000000
4395 -1303.0000000000
4398 -1302.0000000000
4409 -1301.0000000000
4421 -1300.0000000000
4422 -1299.0000000000
4437 -1298.0000000000
4443 -1294.0000000000
4471 -1292.0000000000
4486 -1291.0000000000
4494 -1289.0000000000
4511 -1286.0000000000
4527 -1285.0000000000
4539 -1284.0000000000
4541 -1281.0000000000
4569 -1280.0000000000
4575 -1278.0000000000
4591 -1276.0000000000
4606 -1275.0000000000
4611 -1274.0000000000
4622 -1273.0000000000
4631 -1271.0000000000
4646 -1270.0000000000
4658 -1269.0000000000
4663 -1267.0000000000
4669 -1264.0000000000
4688 -1263.0000000000
4692 -1262.0000000000
4712 -1261.0000000000
4732 -1260.0000000000
4733 -1259.0000000000
4736 -1258.0000000000
4752 -1256.0000000000
4763 -1255.0000000000
4780 -1254.0000000000
4795 -1252.0000000000
4802 -1250.0000000000
4831 -1248.0000000000
4846 -1247.0000000000
4853 -1246.0000000000
4877 -1245.0000000000
4887 -1244.0000000000
4893 -1242.0000000000
4903 -1241.0000000000
4939 -1240.0000000000
4942 -1237.0000000000
4964 -1235.0000000000
4985 -1234.0000000000
5003 -1233.0000000000
5005 -1232.0000000000
5011 -1229.0000000000
5027 -1228.0000000000
5055 -1227.0000000000
5059 -1226.0000000000
5073 -1225.0000000000
5092 -1223.0000000000
5114 -1221.0000000000
5123 -1219.0000000000
5131 -1217.0000000000
5156 -1215.0000000000
5169 -1212.0000000000
5190 -1210.0000000000
5219 -1208.0000000000
5233 -1205.0000000000
5253 -1203.0000000000
5275 -1202.0000000000
5281 -1200.0000000000
5317 -1199.0000000000
5327 -1198.0000000000
5345 -1197.0000000000
5363 -1196.0000000000
5379 -1195.0000000000
5391 -1194.0000000000
5407 -1192.0000000000
5434 -1191.0000000000
5451 -1190.0000000000
5469 -1189.0000000000
5483 -1187.0000000000
5495 -1186.0000000000
5508 -1184.0000000000
5523 -1183.0000000000
5529 -1182.0000000000
5544 -1181.0000000000
5573 -1180.0000000000
5585 -1179.0000000000
5590 -1178.0000000000
5607 -1177.0000000000
5627 -1176.0000000000
5631 -1172.0000000000
5664 -1171.0000000000
5672 -1169.0000000000
5685 -1168.0000000000
5686 -1167.0000000000
5696 -1166.0000000000
5709 -1163.0000000000
5725 -1161.0000000000
5735 -1160.0000000000
5741 -1159.0000000000
5745 -1158.0000000000
5751 -1157.0000000000
5786 -1156.0000000000
5793 -1153.0000000000
5828 -1152.0000000000
5838 -1151.0000000000
5858 -1148.0000000000
5875 -1147.0000000000
5901 -1145.0000000000
5912 -1144.0000000000
5932 -1143.0000000000
5943 -1141.0000000000
5965 -1140.0000000000
5972 -1137.0000000000
6002 -1134.0000000000
6013 -1132.0000000000
6021 -1131.0000000000
6039 -1130.0000000000
6050 -1129.0000000000
6051 -1127.0000000000
6071 -1126.0000000000
6081 -1124.0000000000
6106 -1123.0000000000
6114 -1122.0000000000
6133 -1117.0000000000
6142 -1116.0000000000
6159 -1115.0000000000
6173 -1114.0000000000
6180 -1112.0000000000
6201 -1111.0000000000
6202 -1110.0000000000
6221 -1108.0000000000
6239 -1106.0000000000
6280 -1105.0000000000
6287 -1104.0000000000
6307 -1103.0000000000
6318 -1102.0000000000
6321 -1099.0000000000
6361 -1098.0000000000
6365 -1097.0000000000
6372 -1096.0000000000
6412 -1093.0000000000
6437 -1092.0000000000
6439 -1091.0000000000
6444 -1089.0000000000
6460 -1088.0000000000
6476 -1087.0000000000
6483 -1086.0000000000
6492 -1085.0000000000
6500 -1082.0000000000
6514 -1081.0000000000
6526 -1080.0000000000
6546 -1076.0000000000
6594 -1075.0000000000
6598 -1074.0000000000
6604 -1073.0000000000
6625 -1072.0000000000
6631 -1071.0000000000
6643 -1070.0000000000
6665 -1069.0000000000
6674 -1068.0000000000
6690 -1066.0000000000
6702 -1065.0000000000
6714 -1061.0000000000
6723 -1060.0000000000
6731 -1059.0000000000
6759 -1058.0000000000
6763 -1057.0000000000
6772 -1056.0000000000
6788 -1054.0000000000
6793 -1052.0000000000
6819 -1051.0000000000
6829 -1050.0000000000
6844 -1048.0000000000
6850 -1047.0000000000
6894 -1046.0000000000
6905 -1045.0000000000
6929 -1044.0000000000
6939 -1043.0000000000
6954 -1042.0000000000
6955 -1041.0000000000
6969 -1040.0000000000
6987 -1039.0000000000
6992 -1038.0000000000
7013 -1036.0000000000
7028 -1035.0000000000
7031 -1034.0000000000
7071 -1033.0000000000
7073 -1032.0000000000
7095 -1029.0000000000
7104 -1028.0000000000
7121 -1027.0000000000
7127 -1025.0000000000
7159 -1024.0000000000
7176 -1023.0000000000
7182 -1022.0000000000
7207 -1021.0000000000
7222 -1020.0000000000
7231 -1019.0000000000
7249 -1017.0000000000
7254 -1015.0000000000
7287 -1012.0000000000
7317 -1011.0000000000
7320 -1009.0000000000
7325 -1008.0000000000
7350 -1006.0000000000
7359 -1004.0000000000
7385 -1001.0000000000
7412 -1000.0000000000
7420 -999.0000000000
7428 -998.0000000000
7448 -997.0000000000
7457 -996.0000000000
7467 -995.0000000000
7477 -993.0000000000
7484 -992.0000000000
7506 -991.0000000000
7526 -987.0000000000
7554 -984.0000000000
7569 -983.0000000000
7587 -982.0000000000
7599 -981.0000000000
7611 -980.0000000000
7626 -979.0000000000
7639 -978.0000000000
7644 -977.0000000000
7650 -976.0000000000
7654 -975.0000000000
7689 -974.0000000000
7697 -973.0000000000
7708 -972.0000000000
7714 -971.0000000000
7722 -970.0000000000
7741 -969.0000000000
7742 -968.0000000000
7770 -967.0000000000
7789 -965.0000000000
7797 -964.0000000000
7818 -961.0000000000
7869 -960.0000000000
7873 -959.0000000000
7889 -958.0000000000
7901 -957.0000000000
7924 -956.0000000000
7936 -955.0000000000
7943 -954.0000000000
7960 -953.0000000000
7968 -952.0000000000
7974 -951.0000000000
8005 -950.0000000000
8016 -949.0000000000
8033 -944.0000000000
8077 -943.0000000000
8079 -942.0000000000
8089 -941.0000000000
8091 -940.0000000000
8105 -939.0000000000
8133 -938.0000000000
8153 -936.0000000000
8197 -935.0000000000
8208 -932.0000000000
8214 -929.0000000000
8247 -927.0000000000
8251 -926.0000000000
8280 -925.0000000000
8297 -924.0000000000
8310 -923.0000000000
8332 -922.0000000000
8333 -921.0000000000
8353 -920.0000000000
8368 -919.0000000000
8371 -918.0000000000
8391 -916.0000000000
8412 -915.0000000000
8424 -913.0000000000
8453 -912.0000000000
8472 -911.0000000000
8474 -909.0000000000
8499 -907.0000000000
8505 -906.0000000000
8533 -905.0000000000
8556 -903.0000000000
8578 -902.0000000000
8595 -900.0000000000
8624 -898.0000000000
8661 -896.0000000000
8682 -895.0000000000
8692 -893.0000000000
8713 -890.0000000000
8723 -889.0000000000
8756 -888.0000000000
8765 -887.0000000000
8786 -886.0000000000
8814 -885.0000000000
8822 -884.0000000000
8842 -883.0000000000
8872 -882.0000000000
8876 -881.0000000000
8884 -880.0000000000
8909 -879.0000000000
8934 -877.0000000000
8957 -876.0000000000
8975 -875.0000000000
8993 -873.0000000000
9008 -871.0000000000
9024 -870.0000000000
9046 -869.0000000000
9047 -868.0000000000
9070 -865.0000000000
9088 -863.0000000000
9106 -862.0000000000
9119 -861.0000000000
9153 -860.0000000000
9159 -859.0000000000
9169 -858.0000000000
9197 -857.0000000000
9212 -856.0000000000
9224 -855.0000000000
9235 -852.0000000000
9253 -851.0000000000
9290 -850.0000000000
9291 -848.0000000000
9323 -847.0000000000
9330 -844.0000000000
9336 -843.0000000000
9355 -842.0000000000
9381 -840.0000000000
9406 -839.0000000000
9423 -838.0000000000
9439 -836.0000000000
9458 -835.0000000000
9471 -834.0000000000
9495 -833.0000000000
9514 -831.0000000000
9537 -830.0000000000
9549 -829.0000000000
9561 -828.0000000000
9582 -826.0000000000
9615 -825.0000000000
9621 -824.0000000000
9635 -823.0000000000
9646 -822.0000000000
9668 -820.0000000000
9672 -819.0000000000
9710 -818.0000000000
9714 -817.0000000000
9728 -815.0000000000
9745 -812.0000000000
9777 -811.0000000000
9786 -810.0000000000
9806 -809.0000000000
9811 -808.0000000000
9825 -807.0000000000
9831 -806.0000000000
9835 -805.0000000000
9868 -803.0000000000
9889 -802.0000000000
9902 -801.0000000000
9915 -800.0000000000
9935 -799.0000000000
9942 -798.0000000000
9960 -797.0000000000
9964 -796.0000000000
9973 -795.0000000000
9982 -793.0000000000
10001 -792.0000000000
10019 -790.0000000000
10028 -789.0000000000
10050 -788.0000000000
10055 -787.0000000000
10104 -786.0000000000
10107 -784.0000000000
10112 -781.0000000000
10136 -780.0000000000
10182 -779.0000000000
10186 -777.0000000000
10202 -776.0000000000
10205 -775.0000000000
10229 -774.0000000000
10234 -773.0000000000
10262 -772.0000000000
10271 -771.0000000000
10301 -770.0000000000
10311 -769.0000000000
10324 -768.0000000000
10334 -766.0000000000
10365 -764.0000000000
10369 -763.0000000000
10373 -762.0000000000
10395 -760.0000000000
10415 -759.0000000000
10443 -758.0000000000
10454 -757.0000000000
10462 -756.0000000000
10491 -755.0000000000
10502 -754.0000000000
10533 -752.0000000000
10542 -751.0000000000
10566 -750.0000000000
10583 -749.0000000000
10611 -748.0000000000
10624 -746.0000000000
10631 -745.0000000000
10649 -744.0000000000
10694 -742.0000000000
10711 -741.0000000000
10733 -740.0000000000
10750 -738.0000000000
10767 -737.0000000000
10780 -734.0000000000
10791 -733.0000000000
10807 -731.0000000000
10830 -730.0000000000
10845 -729.0000000000
10869 -728.0000000000
10905 -726.0000000000
10921 -725.0000000000
10925 -724.0000000000
10935 -722.0000000000
10955 -721.0000000000
10973 -720.0000000000
10993 -719.0000000000
11007 -718.0000000000
11036 -717.0000000000
11067 -715.0000000000
11098 -714.0000000000
11102 -712.0000000000
11119 -711.0000000000
11122 -710.0000000000
11148 -709.0000000000
11169 -708.0000000000
11191 -707.0000000000
11211 -706.0000000000
11224 -704.0000000000
11278 -701.0000000000
11298 -700.0000000000
11324 -699.0000000000
11330 -698.0000000000
11343 -696.0000000000
11396 -695.0000000000
11406 -691.0000000000
11431 -690.0000000000
11453 -689.0000000000
11473 -687.0000000000
11492 -686.0000000000
11516 -684.0000000000
11533 -683.0000000000
11570 -682.0000000000
11584 -680.0000000000
11614 -679.0000000000
11627 -678.0000000000
11650 -677.0000000000
11664 -676.0000000000
11733 -674.0000000000
11747 -673.0000000000
11753 -669.0000000000
11797 -668.0000000000
11802 -666.0000000000
11839 -665.0000000000
11842 -664.0000000000
11869 -663.0000000000
11873 -662.0000000000
11883 -660.0000000000
11897 -659.0000000000
11909 -657.0000000000
11912 -656.0000000000
11924 -655.0000000000
11931 -654.0000000000
11948 -652.0000000000
11959 -651.0000000000
11985 -650.0000000000
11991 -649.0000000000
12019 -648.0000000000
12033 -647.0000000000
12071 -646.0000000000
12095 -645.0000000000
12104 -643.0000000000
12157 -641.0000000000
12179 -640.0000000000
12189 -639.0000000000
12211 -638.0000000000
12220 -637.0000000000
12227 -636.0000000000
12241 -634.0000000000
12267 -633.0000000000
12296 -632.0000000000
12302 -631.0000000000
12345 -630.0000000000
12366 -629.0000000000
12394 -628.0000000000
12432 -626.0000000000
12447 -625.0000000000
12468 -624.0000000000
12509 -623.0000000000
12527 -621.0000000000
12552 -619.0000000000
12583 -618.0000000000
12615 -617.0000000000
12621 -615.0000000000
12642 -614.0000000000
12651 -613.0000000000
12654 -612.0000000000
12688 -611.0000000000
12705 -610.0000000000
12726 -609.0000000000
12752 -608.0000000000
12764 -606.0000000000
12775 -605.0000000000
12815 -603.0000000000
12861 -602.0000000000
12884 -600.0000000000
12915 -598.0000000000
12937 -597.0000000000
12969 -596.0000000000
12989 -595.0000000000
12990 -594.0000000000
13021 -593.0000000000
13040 -592.0000000000
13049 -589.0000000000
13082 -588.0000000000
13096 -585.0000000000
13131 -584.0000000000
13154 -582.0000000000
13180 -581.0000000000
13189 -580.0000000000
13237 -577.0000000000
13242 -576.0000000000
13275 -575.0000000000
13283 -574.0000000000
13296 -573.0000000000
13327 -572.0000000000
13341 -571.0000000000
13353 -570.0000000000
13375 -569.0000000000
13383 -568.0000000000
13404 -567.0000000000
13414 -566.0000000000
13434 -565.0000000000
13435 -562.0000000000
13451 -561.0000000000
13482 -558.0000000000
13502 -557.0000000000
13534 -555.0000000000
13551 -554.0000000000
13582 -553.0000000000
13595 -552.0000000000
13638 -551.0000000000
13669 -550.0000000000
13670 -549.0000000000
13689 -548.0000000000
13701 -547.0000000000
13702 -546.0000000000
13722 -545.0000000000
13747 -544.0000000000
13759 -543.0000000000
13773 -542.0000000000
13801 -541.0000000000
13833 -540.0000000000
13857 -539.0000000000
13885 -538.0000000000
13889 -537.0000000000
13923 -536.0000000000
13963 -535.0000000000
13974 -534.0000000000
13975 -532.0000000000
13998 -531.0000000000
14016 -530.0000000000
14064 -529.0000000000
14109 -528.0000000000
14132 -525.0000000000
14171 -524.0000000000
14207 -523.0000000000
14230 -522.0000000000
14244 -520.0000000000
14294 -519.0000000000
14312 -518.0000000000
14323 -517.0000000000
14353 -516.0000000000
14365 -515.0000000000
14376 -513.0000000000
14416 -511.0000000000
14426 -510.0000000000
14455 -509.0000000000
14469 -508.0000000000
14490 -507.0000000000
14494 -505.0000000000
14512 -504.0000000000
14534 -502.0000000000
14548 -500.0000000000
14597 -499.0000000000
14607 -498.0000000000
14611 -497.0000000000
14633 -496.0000000000
14651 -494.0000000000
14680 -493.0000000000
14701 -492.0000000000
14729 -491.0000000000
14747 -490.0000000000
14762 -489.0000000000
14773 -488.0000000000
14798 -486.0000000000
14823 -485.0000000000
14844 -484.0000000000
14859 -483.0000000000
14869 -482.0000000000
14891 -480.0000000000
14912 -479.0000000000
14918 -478.0000000000
14970 -477.0000000000
15009 -475.0000000000
15014 -474.0000000000
15041 -472.0000000000
15057 -471.0000000000
15074 -470.0000000000
15076 -469.0000000000
15098 -468.0000000000
15101 -467.0000000000
15119 -466.0000000000
15123 -465.0000000000
15144 -464.0000000000
15171 -463.0000000000
15198 -461.0000000000
15234 -459.0000000000
15262 -458.0000000000
15272 -455.0000000000
15308 -453.0000000000
15353 -452.0000000000
15381 -450.0000000000
15424 -449.0000000000
15443 -448.0000000000
15452 -447.0000000000
15468 -446.0000000000
15498 -444.0000000000
15506 -443.0000000000
15547 -441.0000000000
15558 -440.0000000000
15589 -439.0000000000
15622 -438.0000000000
15636 -437.0000000000
15655 -435.0000000000
15700 -433.0000000000
15715 -431.0000000000
15782 -430.0000000000
15818 -429.0000000000
15821 -428.0000000000
15835 -425.0000000000
15892 -423.0000000000
15919 -422.0000000000
15958 -420.0000000000
16006 -419.0000000000
16030 -418.0000000000
16043 -417.0000000000
16074 -416.0000000000
16105 -415.0000000000
16118 -414.0000000000
16122 -413.0000000000
16142 -412.0000000000
16195 -410.0000000000
16206 -409.0000000000
16239 -408.0000000000
16244 -407.0000000000
16258 -406.0000000000
16264 -405.0000000000
16283 -404.0000000000
16302 -403.0000000000
16311 -402.0000000000
16335 -401.0000000000
16361 -400.0000000000
16384 -398.0000000000
16421 -397.0000000000
16429 -396.0000000000
16448 -395.0000000000
16462 -394.0000000000
16488 -392.0000000000
16573 -391.0000000000
16616 -388.0000000000
16650 -387.0000000000
16669 -386.0000000000
16737 -384.0000000000
16792 -383.0000000000
16833 -382.0000000000
16854 -381.0000000000
16881 -380.0000000000
16893 -378.0000000000
16912 -377.0000000000
16951 -375.0000000000
16962 -374.0000000000
16994 -373.0000000000
17004 -372.0000000000
17011 -370.0000000000
17024 -369.0000000000
17056 -367.0000000000
17072 -366.0000000000
17094 -364.0000000000
17128 -363.0000000000
17151 -362.0000000000
17174 -361.0000000000
17211 -360.0000000000
17252 -359.0000000000
17280 -358.0000000000
17297 -356.0000000000
17319 -355.0000000000
17333 -353.0000000000
17351 -352.0000000000
17392 -351.0000000000
17424 -350.0000000000
17448 -349.0000000000
17452 -348.0000000000
17505 -347.0000000000
17510 -345.0000000000
17513 -344.0000000000
17569 -343.0000000000
17572 -341.0000000000
17582 -340.0000000000
17627 -339.0000000000
17713 -338.0000000000
17761 -337.0000000000
17803 -336.0000000000
17818 -333.0000000000
17830 -332.0000000000
17894 -331.0000000000
17902 -330.0000000000
17923 -329.0000000000
17960 -328.0000000000
17987 -327.0000000000
17994 -326.0000000000
18021 -325.0000000000
18037 -323.0000000000
18043 -322.0000000000
18067 -321.0000000000
18101 -320.0000000000
18125 -319.0000000000
18143 -318.0000000000
18187 -315.0000000000
18315 -312.0000000000
18357 -309.0000000000
18386 -308.0000000000
18411 -307.0000000000
18458 -306.0000000000
18504 -305.0000000000
18522 -303.0000000000
18552 -302.0000000000
18564 -300.0000000000
18588 -297.0000000000
18602 -296.0000000000
18665 -295.0000000000
18720 -294.0000000000
18741 -292.0000000000
18768 -291.0000000000
18776 -290.0000000000
18788 -288.0000000000
18866 -287.0000000000
18943 -286.0000000000
18957 -284.0000000000
18997 -283.0000000000
19017 -282.0000000000
19050 -281.0000000000
19076 -280.0000000000
19077 -279.0000000000
19110 -278.0000000000
19139 -277.0000000000
19153 -276.0000000000
19170 -275.0000000000
19201 -274.0000000000
19221 -273.0000000000
19256 -272.0000000000
19283 -271.0000000000
19348 -270.0000000000
19368 -269.0000000000
19379 -268.0000000000
19396 -267.0000000000
19443 -266.0000000000
19484 -265.0000000000
19500 -264.0000000000
19573 -263.0000000000
19635 -261.0000000000
19652 -260.0000000000
19745 -259.0000000000
19749 -258.0000000000
19752 -257.0000000000
19786 -256.0000000000
19839 -255.0000000000
19857 -254.0000000000
19871 -253.0000000000
19921 -252.0000000000
19978 -251.0000000000
19990 -250.0000000000
20006 -248.0000000000
20063 -247.0000000000
20110 -246.0000000000
20154 -245.0000000000
20165 -244.0000000000
20189 -243.0000000000
20195 -242.0000000000
20235 -241.0000000000
20262 -240.0000000000
20286 -239.0000000000
20314 -238.0000000000
20354 -237.0000000000
20366 -235.0000000000
20394 -233.0000000000
20418 -232.0000000000
20492 -231.0000000000
20530 -230.0000000000
20617 -229.0000000000
20631 -228.0000000000
20671 -227.0000000000
20719 -226.0000000000
20785 -225.0000000000
20839 -224.0000000000
20894 -223.0000000000
20903 -222.0000000000
20964 -221.0000000000
20975 -218.0000000000
21051 -217.0000000000
21065 -216.0000000000
21083 -213.0000000000
21149 -212.0000000000
21156 -211.0000000000
21190 -210.0000000000
21216 -209.0000000000
21255 -208.0000000000
21294 -207.0000000000
21316 -206.0000000000
21322 -204.0000000000
21331 -203.0000000000
21371 -202.0000000000
21394 -201.0000000000
21439 -200.0000000000
21490 -199.0000000000
21637 -198.0000000000
21663 -197.0000000000
21722 -196.0000000000
21738 -195.0000000000
21755 -194.0000000000
21782 -193.0000000000
21822 -192.0000000000
21947 -191.0000000000
21964 -190.0000000000
22088 -189.0000000000
22095 -188.0000000000
22102 -187.0000000000
22142 -186.0000000000
22221 -184.0000000000
22300 -183.0000000000
22364 -181.0000000000
22396 -180.0000000000
22507 -179.0000000000
22544 -178.0000000000
22561 -177.0000000000
22609 -176.0000000000
22664 -174.0000000000
22698 -173.0000000000
22716 -172.0000000000
22720 -171.0000000000
22738 -170.0000000000
22774 -169.0000000000
22818 -168.0000000000
22848 -166.0000000000
22869 -164.0000000000
22891 -163.0000000000
22912 -161.0000000000
23038 -160.0000000000
23076 -159.0000000000
23102 -157.0000000000
23142 -156.0000000000
23249 -155.0000000000
23288 -154.0000000000
23339 -153.0000000000
23350 -152.0000000000
23382 -151.0000000000
23411 -150.0000000000
23432 -149.0000000000
23434 -148.0000000000
23458 -146.0000000000
23475 -145.0000000000
23638 -144.0000000000
23691 -142.0000000000
23733 -140.0000000000
23785 -139.0000000000
23844 -138.0000000000
23882 -135.0000000000
23919 -134.0000000000
23990 -133.0000000000
24026 -132.0000000000
24141 -131.0000000000
24194 -130.0000000000
24256 -128.0000000000
24270 -127.0000000000
24305 -126.0000000000
24355 -124.0000000000
24456 -123.0000000000
24474 -122.0000000000
24619 -121.0000000000
24626 -120.0000000000
24702 -119.0000000000
24747 -118.0000000000
24788 -117.0000000000
24798 -116.0000000000
24891 -115.0000000000
25003 -114.0000000000
25109 -113.0000000000
25120 -112.0000000000
25177 -111.0000000000
25204 -110.0000000000
25332 -109.0000000000
25355 -107.0000000000
25442 -105.0000000000
25552 -104.0000000000
25569 -103.0000000000
25674 -102.0000000000
25676 -101.0000000000
25841 -99.0000000000
25957 -98.0000000000
26121 -97.0000000000
26191 -96.0000000000
26294 -95.0000000000
26335 -94.0000000000
26390 -93.0000000000
26423 -92.0000000000
26537 -91.0000000000
26612 -90.0000000000
26624 -89.0000000000
26659 -88.0000000000
26766 -87.0000000000
26796 -86.0000000000
26827 -85.0000000000
26831 -84.0000000000
26884 -83.0000000000
26979 -82.0000000000
27012 -81.0000000000
27055 -80.0000000000
27127 -79.0000000000
27173 -78.0000000000
27303 -77.0000000000
27354 -76.0000000000
27463 -75.0000000000
27535 -74.0000000000
27708 -73.0000000000
27724 -72.0000000000
27837 -71.0000000000
27964 -70.0000000000
27992 -69.0000000000
28215 -68.0000000000
28322 -67.0000000000
28371 -66.0000000000
28518 -65.0000000000
28541 -63.0000000000
28651 -62.0000000000
28763 -61.0000000000
28872 -59.0000000000
28985 -58.0000000000
29131 -57.0000000000
29183 -56.0000000000
29282 -55.0000000000
29374 -54.0000000000
29556 -52.0000000000
29806 -51.0000000000
29891 -50.0000000000
29959 -49.0000000000
29996 -48.0000000000
30156 -46.0000000000
30340 -44.0000000000
30555 -43.0000000000
30584 -42.0000000000
30686 -40.0000000000
30823 -39.0000000000
30847 -38.0000000000
31066 -37.0000000000
31120 -36.0000000000
31237 -34.0000000000
31559 -33.0000000000
31723 -32.0000000000
32168 -30.0000000000
32296 -29.0000000000
32412 -28.0000000000
32545 -27.0000000000
32619 -26.0000000000
32660 -25.0000000000
32763 -24.0000000000
32807 -23.0000000000
33461 -22.0000000000
33576 -21.0000000000
33688 -20.0000000000
33719 -19.0000000000
33853 -18.0000000000
33955 -17.0000000000
34254 -16.0000000000
34329 -14.0000000000
34949 -13.0000000000
35007 -12.0000000000
35502 -11.0000000000
35628 -10.0000000000
35792 -9.0000000000
35836 -8.0000000000
35872 -7.0000000000
35978 -6.0000000000
36103 -5.0000000000
36169 -4.0000000000
36704 -2.0000000000
37234 -1.0000000000
37821 95.2200000000
37877 98.0700000000
37927 98.3900000000
37941 101.8900000000
37969 108.2200000000
37981 108.4000000000
38185 112.4400000000
38910 114.5500000000
39741 118.8500000000
40852 145.8300000000
45583 154.9600000000
45670 157.4600000000
46128 157.6100000000
46223 167.1400000000
46313 171.5500000000
46773 174.3300000000
46896 176.3800000000
46948 176.5200000000
47162 185.9600000000
48090 195.7600000000
48285 199.8000000000
48673 304.8200000000
48746 305.5300000000
48772 319.1400000000
48842 320.0000000000
49028 326.0000000000
49538 326.7300000000
49765 327.5800000000
52757 328.5200000000
53031 330.8500000000
53330 336.4800000000
54378 339.5500000000
59058 345.8300000000
59059 347.1600000000
59066 354.5600000000
59104 354.9000000000
59218 386.6400000000
61364 425.7200000000
62093 549.2300000000
62866 566.7700000000
63094 572.2700000000
63643 577.4100000000
75308 578.4200000000
76600 648.8600000000
78120 650.3600000000
78134 654.0300000000
78354 655.5300000000
78425 665.3700000000
78596 668.1500000000
78907 674.6800000000
79134 679.8200000000
79170 681.6700000000
79202 682.3100000000
80196 684.2100000000
84568 692.9700000000
86888 707.4600000000
89513 710.5300000000
89570 712.8500000000
89617 713.9700000000
89629 719.0600000000
89655 723.7300000000
89664 725.5700000000
92533 727.4300000000
96853 730.4800000000
100000 -1.0000000000
evaluations raw_y
1 -1955.0000000000
14 -1943.0000000000
23 -1935.0000000000
41 -1913.0000000000
54 -1912.0000000000
61 -1911.0000000000
73 -1905.0000000000
79 -1902.0000000000
85 -1900.0000000000
94 -1894.0000000000
111 -1893.0000000000
112 -1882.0000000000
119 -1879.0000000000
126 -1875.0000000000
141 -1863.0000000000
189 -1860.0000000000
208 -1859.0000000000
215 -1858.0000000000
217 -1856.0000000000
218 -1852.0000000000
229 -1851.0000000000
240 -1849.0000000000
244 -1848.0000000000
247 -1846.0000000000
261 -1845.0000000000
278 -1844.0000000000
284 -1843.0000000000
287 -1842.0000000000
291 -1841.0000000000
297 -1840.0000000000
308 -1833.0000000000
316 -1832.0000000000
339 -1830.0000000000
341 -1827.0000000000
361 -1826.0000000000
364 -1824.0000000000
375 -1823.0000000000
402 -1822.0000000000
404 -1821.0000000000
419 -1818.0000000000
436 -1817.0000000000
439 -1816.0000000000
453 -1815.0000000000
464 -1814.0000000000
467 -1813.0000000000
481 -1812.0000000000
483 -1810.0000000000
494 -1808.0000000000
503 -1807.0000000000
511 -1806.0000000000
522 -1804.0000000000
531 -1803.0000000000
542 -1802.0000000000
547 -1800.0000000000
556 -1799.0000000000
563 -1797.0000000000
576 -1796.0000000000
590 -1795.0000000000
600 -1792.0000000000
615 -1791.0000000000
623 -1789.0000000000
634 -1787.0000000000
646 -1786.0000000000
658 -1785.0000000000
660 -1783.0000000000
675 -1782.0000000000
681 -1780.0000000000
683 -1779.0000000000
701 -1778.0000000000
704 -1776.0000000000
721 -1774.0000000000
733 -1773.0000000000
746 -1770.0000000000
768 -1769.0000000000
771 -1768.0000000000
784 -1767.0000000000
788 -1766.0000000000
806 -1765.0000000000
809 -1762.0000000000
822 -1761.0000000000
835 -1759.0000000000
847 -1757.0000000000
855 -1756.0000000000
866 -1754.0000000000
878 -1753.0000000000
884 -1749.0000000000
896 -1748.0000000000
901 -1746.0000000000
919 -1745.0000000000
925 -1743.0000000000
944 -1742.0000000000
946 -1741.0000000000
952 -1739.0000000000
966 -1735.0000000000
978 -1734.0000000000
987 -1733.0000000000
1000 -1732.0000000000
1002 -1728.0000000000
1022 -1727.0000000000
1031 -1726.0000000000
1032 -1724.0000000000
1054 -1723.0000000000
1063 -1722.0000000000
1072 -1720.0000000000
1085 -1718.0000000000
1116 -1717.0000000000
1122 -1716.0000000000
1136 -1713.0000000000
1152 -1712.0000000000
1154 -1711.0000000000
1170 -1710.0000000000
1174 -1707.0000000000
1180 -1706.0000000000
1182 -1703.0000000000
1212 -1702.0000000000
1215 -1701.0000000000
1216 -1700.0000000000
1237 -1699.0000000000
1239 -1698.0000000000
1246 -1696.0000000000
1259 -1695.0000000000
1273 -1694.0000000000
1278 -1691.0000000000
1289 -1688.0000000000
1300 -1687.0000000000
1306 -1686.0000000000
1320 -1684.0000000000
1326 -1683.0000000000
1333 -1681.0000000000
1356 -1680.0000000000
1359 -1679.0000000000
1363 -1677.0000000000
1371 -1676.0000000000
1382 -1675.0000000000
1391 -1674.0000000000
1417 -1673.0000000000
1426 -1672.0000000000
1431 -1671.0000000000
1442 -1669.0000000000
1455 -1668.0000000000
1470 -1667.0000000000
1472 -1665.0000000000
1492 -1664.0000000000
1503 -1663.0000000000
1505 -1662.0000000000
1526 -1661.0000000000
1533 -1659.0000000000
1543 -1655.0000000000
1564 -1653.0000000000
1572 -1652.0000000000
1582 -1649.0000000000
1584 -1648.0000000000
1593 -1647.0000000000
1608 -1645.0000000000
1613 -1643.0000000000
1620 -1642.0000000000
1637 -1641.0000000000
1649 -1640.0000000000
1652 -1637.0000000000
1662 -1634.0000000000
1680 -1631.0000000000
1693 -1629.0000000000
1714 -1628.0000000000
1718 -1627.0000000000
1721 -1626.0000000000
1727 -1623.0000000000
1743 -1621.0000000000
1752 -1620.0000000000
1771 -1619.0000000000
1775 -1616.0000000000
1791 -1614.0000000000
1805 -1613.0000000000
1822 -1612.0000000000
1824 -1611.0000000000
1826 -1610.0000000000
1846 -1609.0000000000
1849 -1608.0000000000
1862 -1606.0000000000
1869 -1605.0000000000
1876 -1603.0000000000
1881 -1601.0000000000
1895 -1600.0000000000
1902 -1599.0000000000
1905 -1598.0000000000
1919 -1597.0000000000
1927 -1595.0000000000
1933 -1594.0000000000
1941 -1593.0000000000
1942 -1590.0000000000
1965 -1587.0000000000
1979 -1585.0000000000
2002 -1584.0000000000
2026 -1583.0000000000
2030 -1582.0000000000
2033 -1581.0000000000
2035 -1580.0000000000
2042 -1579.0000000000
2062 -1577.0000000000
2072 -1576.0000000000
2091 -1575.0000000000
2104 -1574.0000000000
2122 -1573.0000000000
2124 -1572.0000000000
2142 -1571.0000000000
2150 -1570.0000000000
2156 -1569.0000000000
2158 -1568.0000000000
2180 -1567.0000000000
2198 -1566.0000000000
2211 -1564.0000000000
2216 -1562.0000000000
2222 -1561.0000000000
2234 -1560.0000000000
2244 -1559.0000000000
2263 -1558.0000000000
2266 -1556.0000000000
2271 -1555.0000000000
2281 -1553.0000000000
2305 -1552.0000000000
2311 -1551.0000000000
2335 -1549.0000000000
2348 -1548.0000000000
2359 -1545.0000000000
2386 -1544.0000000000
2394 -1541.0000000000
2410 -1540.0000000000
2418 -1539.0000000000
2423 -1538.0000000000
2425 -1537.0000000000
2434 -1536.0000000000
2446 -1535.0000000000
2449 -1534.0000000000
2453 -1533.0000000000
2461 -1532.0000000000
2471 -1531.0000000000
2479 -1530.0000000000
2492 -1529.0000000000
2498 -1527.0000000000
2506 -1526.0000000000
2513 -1525.0000000000
2523 -1524.0000000000
2535 -1522.0000000000
2537 -1521.0000000000
2554 -1520.0000000000
2562 -1519.0000000000
2581 -1518.0000000000
2591 -1517.0000000000
2605 -1516.0000000000
2613 -1515.0000000000
2629 -1514.0000000000
2643 -1512.0000000000
2663 -1510.0000000000
2682 -1509.0000000000
2699 -1508.0000000000
2703 -1506.0000000000
2725 -1504.0000000000
2745 -1503.0000000000
2768 -1502.0000000000
2776 -1501.0000000000
2786 -1500.0000000000
2800 -1499.0000000000
2804 -1496.0000000000
2819 -1495.0000000000
2849 -1494.0000000000
2862 -1491.0000000000
2875 -1490.0000000000
2899 -1489.0000000000
2904 -1488.0000000000
2906 -1487.0000000000
2917 -1486.0000000000
2922 -1485.0000000000
2936 -1484.0000000000
2938 -1483.0000000000
2953 -1482.0000000000
2964 -1481.0000000000
2975 -1479.0000000000
2984 -1478.0000000000
2990 -1475.0000000000
3005 -1471.0000000000
3016 -1469.0000000000
3035 -1467.0000000000
3047 -1466.0000000000
3051 -1465.0000000000
3071 -1464.0000000000
3075 -1463.0000000000
3079 -1460.0000000000
3090 -1458.0000000000
3101 -1457.0000000000
3130 -1456.0000000000
3152 -1455.0000000000
3164 -1454.0000000000
3180 -1453.0000000000
3183 -1452.0000000000
3185 -1451.0000000000
3196 -1449.0000000000
3214 -1448.0000000000
3222 -1447.0000000000
3231 -1445.0000000000
3236 -1444.0000000000
3252 -1443.0000000000
3267 -1442.0000000000
3270 -1441.0000000000
3278 -1439.0000000000
3287 -1438.0000000000
3298 -1437.0000000000
3302 -1436.0000000000
3314 -1434.0000000000
3325 -1433.0000000000
3347 -1432.0000000000
3354 -1431.0000000000
3363 -1429.0000000000
3374 -1426.0000000000
3384 -1423.0000000000
3412 -1422.0000000000
3425 -1421.0000000000
3436 -1420.0000000000
3452 -1417.0000000000
3470 -1416.0000000000
3485 -1415.0000000000
3501 -1414.0000000000
3509 -1412.0000000000
3526 -1409.0000000000
3544 -1407.0000000000
3551 -1405.0000000000
3569 -1403.0000000000
3598 -1402.0000000000
3609 -1401.0000000000
3612 -1398.0000000000
3623 -1396.0000000000
3637 -1395.0000000000
3641 -1394.0000000000
3662 -1393.0000000000
3686 -1391.0000000000
3702 -1390.0000000000
3721 -1389.0000000000
3723 -1388.0000000000
3729 -1387.0000000000
3732 -1385.0000000000
3751 -1382.0000000000
3788 -1379.0000000000
3814 -1378.0000000000
3823 -1376.0000000000
3833 -1375.0000000000
3849 -1374.0000000000
3859 -1373.0000000000
3871 -1371.0000000000
3880 -1370.0000000000
3904 -1367.0000000000
3916 -1366.0000000000
3926 -1365.0000000000
3944 -1364.0000000000
3980 -1361.0000000000
4005 -1360.0000000000
4025 -1359.0000000000
4034 -1357.0000000000
4052 -1355.0000000000
4090 -1353.0000000000
4110 -1352.0000000000
4120 -1351.0000000000
4147 -1350.0000000000
4159 -1349.0000000000
4168 -1347.0000000000
4179 -1346.0000000000
4186 -1345.0000000000
4197 -1344.0000000000
4203 -1343.0000000000
4212 -1341.0000000000
4224 -1340.0000000000
4232 -1339.0000000000
4251 -1338.0000000000
4255 -1337.0000000000
4264 -1336.0000000000
4269 -1335.0000000000
4283 -1334.0000000000
4287 -1331.0000000000
4294 -1329.0000000000
4302 -1327.0000000000
4312 -1326.0000000000
4322 -1325.0000000000
4334 -1324.0000000000
4351 -1323.0000000000
4362 -1322.0000000000
4382 -1321.0000000000
4391 -1318.0000000000
4409 -1317.0000000000
4411 -1316.0000000000
4440 -1315.0000000000
4451 -1314.0000000000
4453 -1312.0000000000
4466 -1311.0000000000
4483 -1310.0000000000
4488 -1309.0000000000
4512 -1307.0000000000
4545 -1304.0000000000
4551 -1302.0000000000
4584 -1301.0000000000
4603 -1300.0000000000
4612 -1299.0000000000
4622 -1298.0000000000
4636 -1297.0000000000
4646 -1296.0000000000
4663 -1294.0000000000
4681 -1293.0000000000
4694 -1291.0000000000
4717 -1290.0000000000
4731 -1289.0000000000
4748 -1287.0000000000
4762 -1283.0000000000
4785 -1281.0000000000
4800 -1280.0000000000
4814 -1279.0000000000
4839 -1278.0000000000
4846 -1276.0000000000
4865 -1275.0000000000
4877 -1274.0000000000
4881 -1273.0000000000
4893 -1272.0000000000
4897 -1271.0000000000
4910 -1270.0000000000
4933 -1266.0000000000
4958 -1264.0000000000
4973 -1263.0000000000
4989 -1262.0000000000
4992 -1260.0000000000
5005 -1259.0000000000
5011 -1258.0000000000
5039 -1256.0000000000
5041 -1255.0000000000
5071 -1254.0000000000
5087 -1253.0000000000
5101 -1252.0000000000
5106 -1249.0000000000
5142 -1248.0000000000
5150 -1246.0000000000
5173 -1245.0000000000
5178 -1244.0000000000
5192 -1243.0000000000
5202 -1242.0000000000
5203 -1241.0000000000
5225 -1239.0000000000
5245 -1238.0000000000
5262 -1237.0000000000
5270 -1236.0000000000
5274 -1234.0000000000
5282 -1233.0000000000
5310 -1230.0000000000
5318 -1228.0000000000
5331 -1227.0000000000
5344 -1226.0000000000
5363 -1225.0000000000
5370 -1224.0000000000
5372 -1223.0000000000
5382 -1222.0000000000
5402 -1221.0000000000
5412 -1220.0000000000
5415 -1219.0000000000
5433 -1218.0000000000
5436 -1216.0000000000
5449 -1215.0000000000
5455 -1214.0000000000
5463 -1212.0000000000
5477 -1211.0000000000
5484 -1210.0000000000
5500 -1209.0000000000
5509 -1208.0000000000
5534 -1207.0000000000
5546 -1206.0000000000
5550 -1204.0000000000
5582 -1202.0000000000
5629 -1200.0000000000
5637 -1199.0000000000
5658 -1198.0000000000
5671 -1196.0000000000
5677 -1192.0000000000
5706 -1191.0000000000
5709 -1190.0000000000
5717 -1189.0000000000
5732 -1186.0000000000
5752 -1185.0000000000
5762 -1184.0000000000
5772 -1183.0000000000
5789 -1182.0000000000
5807 -1179.0000000000
5816 -1176.0000000000
5846 -1175.0000000000
5851 -1174.0000000000
5861 -1173.0000000000
5878 -1172.0000000000
5892 -1171.0000000000
5911 -1169.0000000000
5919 -1168.0000000000
5942 -1164.0000000000
5964 -1163.0000000000
5987 -1162.0000000000
6011 -1161.0000000000
6020 -1160.0000000000
6032 -1159.0000000000
6038 -1158.0000000000
6057 -1157.0000000000
6062 -1156.0000000000
6077 -1155.0000000000
6084 -1154.0000000000
6091 -1153.0000000000
6105 -1150.0000000000
6137 -1149.0000000000
6142 -1148.0000000000
6143 -1147.0000000000
6159 -1146.0000000000
6174 -1145.0000000000
6179 -1143.0000000000
6208 -1140.0000000000
6223 -1138.0000000000
6239 -1137.0000000000
6254 -1136.0000000000
6261 -1132.0000000000
6272 -1129.0000000000
6307 -1127.0000000000
6311 -1126.0000000000
6327 -1124.0000000000
6352 -1123.0000000000
6361 -1122.0000000000
6374 -1121.0000000000
6378 -1119.0000000000
6406 -1118.0000000000
6411 -1116.0000000000
6427 -1115.0000000000
6445 -1114.0000000000
6456 -1112.0000000000
6472 -1111.0000000000
6483 -1110.0000000000
6491 -1109.0000000000
6503 -1107.0000000000
6526 -1105.0000000000
6531 -1104.0000000000
6552 -1103.0000000000
6577 -1102.0000000000
6591 -1099.0000000000
6607 -1098.0000000000
6627 -1097.0000000000
6631 -1095.0000000000
6663 -1094.0000000000
6665 -1093.0000000000
6672 -1092.0000000000
6688 -1091.0000000000
6691 -1090.0000000000
6709 -1089.0000000000
6720 -1087.0000000000
6723 -1086.0000000000
6743 -1085.0000000000
6751 -1084.0000000000
6762 -1082.0000000000
6784 -1081.0000000000
6804 -1080.0000000000
6826 -1079.0000000000
6842 -1078.0000000000
6857 -1076.0000000000
6895 -1075.0000000000
6910 -1074.0000000000
6911 -1073.0000000000
6937 -1072.0000000000
6941 -1071.0000000000
6951 -1069.0000000000
6961 -1066.0000000000
6982 -1065.0000000000
7002 -1062.0000000000
7008 -1061.0000000000
7031 -1060.0000000000
7038 -1057.0000000000
7055 -1056.0000000000
7070 -1054.0000000000
7087 -1053.0000000000
7093 -1052.0000000000
7097 -1051.0000000000
7133 -1050.0000000000
7137 -1049.0000000000
7162 -1048.0000000000
7169 -1045.0000000000
7190 -1044.0000000000
7196 -1043.0000000000
7213 -1041.0000000000
7244 -1040.0000000000
7255 -1039.0000000000
7259 -1037.0000000000
7274 -1036.0000000000
7276 -1035.0000000000
7297 -1033.0000000000
7315 -1032.0000000000
7327 -1031.0000000000
7336 -1030.0000000000
7359 -1028.0000000000
7392 -1026.0000000000
7405 -1023.0000000000
7422 -1022.0000000000
7441 -1021.0000000000
7453 -1020.0000000000
7464 -1019.0000000000
7474 -1018.0000000000
7491 -1017.0000000000
7504 -1016.0000000000
7520 -1015.0000000000
7534 -1014.0000000000
7539 -1013.0000000000
7544 -1012.0000000000
7571 -1009.0000000000
7593 -1008.0000000000
7619 -1007.0000000000
7627 -1006.0000000000
7632 -1005.0000000000
7661 -1004.0000000000
7667 -1003.0000000000
7672 -1002.0000000000
7681 -1001.0000000000
7689 -1000.0000000000
7691 -997.0000000000
7710 -994.0000000000
7711 -993.0000000000
7730 -992.0000000000
7763 -991.0000000000
7769 -990.0000000000
7781 -988.0000000000
7795 -986.0000000000
7817 -985.0000000000
7826 -984.0000000000
7837 -983.0000000000
7844 -982.0000000000
7886 -981.0000000000
7894 -980.0000000000
7902 -978.0000000000
7917 -977.0000000000
7941 -976.0000000000
7956 -974.0000000000
7962 -973.0000000000
7979 -972.0000000000
7994 -971.0000000000
8013 -970.0000000000
8016 -968.0000000000
8023 -967.0000000000
8032 -966.0000000000
8047 -964.0000000000
8053 -963.0000000000
8090 -961.0000000000
8099 -960.0000000000
8124 -959.0000000000
8141 -958.0000000000
8146 -957.0000000000
8158 -956.0000000000
8162 -955.0000000000
8177 -954.0000000000
8198 -952.0000000000
8204 -951.0000000000
8207 -948.0000000000
8238 -947.0000000000
8243 -944.0000000000
8265 -940.0000000000
8310 -938.0000000000
8326 -937.0000000000
8328 -934.0000000000
8357 -933.0000000000
8381 -931.0000000000
8401 -930.0000000000
8423 -929.0000000000
8434 -927.0000000000
8464 -926.0000000000
8471 -924.0000000000
8500 -923.0000000000
8508 -922.0000000000
8518 -921.0000000000
8523 -920.0000000000
8536 -919.0000000000
8547 -918.0000000000
8556 -917.0000000000
8564 -916.0000000000
8580 -915.0000000000
8604 -914.0000000000
8614 -913.0000000000
8625 -909.0000000000
8657 -908.0000000000
8685 -905.0000000000
8698 -904.0000000000
8732 -903.0000000000
8771 -902.0000000000
8772 -901.0000000000
8783 -900.0000000000
8804 -899.0000000000
8810 -898.0000000000
8816 -897.0000000000
8851 -896.0000000000
8863 -895.0000000000
8882 -894.0000000000
8895 -893.0000000000
8907 -892.0000000000
8925 -891.0000000000
8934 -890.0000000000
8936 -889.0000000000
8940 -888.0000000000
8941 -887.0000000000
8960 -886.0000000000
8964 -884.0000000000
8979 -883.0000000000
9000 -882.0000000000
9024 -880.0000000000
9037 -879.0000000000
9048 -878.0000000000
9053 -877.0000000000
9065 -876.0000000000
9073 -875.0000000000
9094 -874.0000000000
9104 -872.0000000000
9111 -870.0000000000
9134 -867.0000000000
9163 -866.0000000000
9167 -863.0000000000
9178 -862.0000000000
9227 -861.0000000000
9229 -860.0000000000
9250 -859.0000000000
9254 -858.0000000000
9281 -857.0000000000
9291 -855.0000000000
9311 -854.0000000000
9330 -852.0000000000
9341 -851.0000000000
9363 -850.0000000000
9385 -849.0000000000
9387 -847.0000000000
9414 -846.0000000000
9427 -843.0000000000
9451 -842.0000000000
9463 -841.0000000000
9486 -840.0000000000
9504 -839.0000000000
9514 -838.0000000000
9524 -837.0000000000
9537 -836.0000000000
9538 -835.0000000000
9545 -833.0000000000
9562 -832.0000000000
9572 -830.0000000000
9598 -829.0000000000
9615 -828.0000000000
9633 -826.0000000000
9661 -825.0000000000
9670 -824.0000000000
9689 -823.0000000000
9707 -822.0000000000
9722 -821.0000000000
9723 -820.0000000000
9735 -819.0000000000
9756 -816.0000000000
9792 -815.0000000000
9794 -814.0000000000
9812 -812.0000000000
9821 -811.0000000000
9838 -810.0000000000
9843 -808.0000000000
9858 -807.0000000000
9865 -806.0000000000
9885 -805.0000000000
9895 -804.0000000000
9920 -803.0000000000
9935 -802.0000000000
9950 -800.0000000000
9974 -798.0000000000
9989 -797.0000000000
9996 -796.0000000000
10010 -795.0000000000
10014 -794.0000000000
10017 -793.0000000000
10035 -792.0000000000
10042 -791.0000000000
10061 -790.0000000000
10092 -789.0000000000
10109 -788.0000000000
10112 -784.0000000000
10147 -782.0000000000
10162 -781.0000000000
10178 -780.0000000000
10191 -779.0000000000
10197 -778.0000000000
10223 -777.0000000000
10255 -775.0000000000
10273 -772.0000000000
10302 -769.0000000000
10322 -768.0000000000
10340 -767.0000000000
10351 -766.0000000000
10357 -765.0000000000
10367 -763.0000000000
10385 -762.0000000000
10404 -761.0000000000
10415 -760.0000000000
10427 -759.0000000000
10434 -758.0000000000
10441 -757.0000000000
10457 -756.0000000000
10482 -755.0000000000
10494 -754.0000000000
10506 -753.0000000000
10512 -752.0000000000
10525 -751.0000000000
10552 -748.0000000000
10587 -747.0000000000
10622 -746.0000000000
10633 -745.0000000000
10678 -744.0000000000
10680 -743.0000000000
10688 -742.0000000000
10710 -740.0000000000
10715 -739.0000000000
10724 -738.0000000000
10738 -737.0000000000
10761 -736.0000000000
10772 -735.0000000000
10783 -734.0000000000
10797 -731.0000000000
10809 -730.0000000000
10813 -728.0000000000
10832 -726.0000000000
10856 -725.0000000000
10871 -723.0000000000
10872 -722.0000000000
10898 -721.0000000000
10920 -720.0000000000
10923 -719.0000000000
10945 -717.0000000000
10970 -716.0000000000
10977 -715.0000000000
10993 -714.0000000000
11006 -713.0000000000
11046 -711.0000000000
11078 -709.0000000000
11095 -708.0000000000
11117 -706.0000000000
11140 -705.0000000000
11216 -704.0000000000
11228 -702.0000000000
11241 -701.0000000000
11252 -700.0000000000
11276 -699.0000000000
11300 -697.0000000000
11337 -696.0000000000
11362 -695.0000000000
11373 -691.0000000000
11445 -690.0000000000
11479 -689.0000000000
11492 -688.0000000000
11518 -687.0000000000
11549 -686.0000000000
11551 -685.0000000000
11572 -684.0000000000
11621 -683.0000000000
11632 -682.0000000000
11656 -680.0000000000
11674 -679.0000000000
11694 -678.0000000000
11707 -677.0000000000
11733 -676.0000000000
11737 -673.0000000000
11767 -672.0000000000
11786 -671.0000000000
11814 -669.0000000000
11839 -668.0000000000
11853 -667.0000000000
11864 -666.0000000000
11871 -665.0000000000
11889 -664.0000000000
11899 -663.0000000000
11915 -662.0000000000
11933 -660.0000000000
11953 -659.0000000000
11974 -658.0000000000
11981 -657.0000000000
11987 -656.0000000000
12029 -654.0000000000
12053 -653.0000000000
12068 -650.0000000000
12095 -649.0000000000
12117 -647.0000000000
12136 -646.0000000000
12157 -645.0000000000
12181 -644.0000000000
12207 -643.0000000000
12222 -642.0000000000
12252 -641.0000000000
12266 -639.0000000000
12281 -637.0000000000
12323 -635.0000000000
12343 -634.0000000000
12369 -633.0000000000
12376 -632.0000000000
12422 -631.0000000000
12460 -629.0000000000
12473 -628.0000000000
12484 -627.0000000000
12518 -626.0000000000
12523 -625.0000000000
12542 -624.0000000000
12554 -622.0000000000
12595 -619.0000000000
12603 -618.0000000000
12615 -617.0000000000
12634 -616.0000000000
12705 -615.0000000000
12722 -613.0000000000
12728 -612.0000000000
12756 -611.0000000000
12785 -610.0000000000
12791 -609.0000000000
12813 -608.0000000000
12832 -607.0000000000
12839 -606.0000000000
12863 -605.0000000000
12903 -604.0000000000
12951 -601.0000000000
13023 -600.0000000000
13060 -599.0000000000
13075 -598.0000000000
13092 -596.0000000000
13101 -595.0000000000
13137 -592.0000000000
13150 -591.0000000000
13172 -590.0000000000
13188 -588.0000000000
13201 -586.0000000000
13216 -585.0000000000
13255 -584.0000000000
13270 -583.0000000000
13296 -580.0000000000
13325 -578.0000000000
13360 -577.0000000000
13399 -575.0000000000
13401 -573.0000000000
13439 -572.0000000000
13461 -571.0000000000
13474 -570.0000000000
13488 -569.0000000000
13509 -568.0000000000
13529 -567.0000000000
13540 -566.0000000000
13543 -565.0000000000
13551 -564.0000000000
13574 -563.0000000000
13575 -562.0000000000
13589 -561.0000000000
13595 -560.0000000000
13618 -558.0000000000
13636 -555.0000000000
13641 -554.0000000000
13665 -552.0000000000
13674 -550.0000000000
13691 -549.0000000000
13713 -548.0000000000
13745 -544.0000000000
13757 -543.0000000000
13810 -542.0000000000
13829 -541.0000000000
13842 -540.0000000000
13875 -539.0000000000
13892 -536.0000000000
13922 -533.0000000000
13932 -532.0000000000
13985 -531.0000000000
14010 -530.0000000000
14034 -529.0000000000
14045 -528.0000000000
14060 -525.0000000000
14096 -524.0000000000
14101 -523.0000000000
14121 -522.0000000000
14139 -521.0000000000
14152 -520.0000000000
14166 -519.0000000000
14187 -518.0000000000
14190 -516.0000000000
14232 -514.0000000000
14303 -513.0000000000
14322 -512.0000000000
14334 -511.0000000000
14371 -510.0000000000
14398 -509.0000000000
14417 -507.0000000000
14450 -506.0000000000
14469 -505.0000000000
14477 -503.0000000000
14521 -502.0000000000
14542 -501.0000000000
14574 -500.0000000000
14608 -499.0000000000
14622 -498.0000000000
14628 -497.0000000000
14673 -496.0000000000
14682 -495.0000000000
14718 -494.0000000000
14720 -493.0000000000
14764 -492.0000000000
14768 -490.0000000000
14816 -489.0000000000
14852 -488.0000000000
14887 -487.0000000000
14907 -486.0000000000
14924 -485.0000000000
14957 -484.0000000000
14961 -483.0000000000
14999 -482.0000000000
15013 -481.0000000000
15023 -480.0000000000
15053 -479.0000000000
15066 -478.0000000000
15097 -477.0000000000
15108 -476.0000000000
15119 -475.0000000000
15151 -474.0000000000
15171 -473.0000000000
15187 -471.0000000000
15225 -470.0000000000
15245 -469.0000000000
15246 -467.0000000000
15279 -465.0000000000
15315 -464.0000000000
15351 -463.0000000000
15364 -461.0000000000
15393 -460.0000000000
15430 -459.0000000000
15438 -456.0000000000
15480 -455.0000000000
15507 -454.0000000000
15549 -453.0000000000
15557 -450.0000000000
15563 -449.0000000000
15583 -448.0000000000
15586 -447.0000000000
15644 -446.0000000000
15651 -445.0000000000
15682 -444.0000000000
15722 -443.0000000000
15763 -441.0000000000
15767 -440.0000000000
15785 -439.0000000000
15807 -438.0000000000
15838 -437.0000000000
15856 -436.0000000000
15862 -435.0000000000
15885 -432.0000000000
15911 -431.0000000000
15939 -429.0000000000
15943 -428.0000000000
15960 -427.0000000000
15967 -426.0000000000
15991 -425.0000000000
16008 -422.0000000000
16085 -421.0000000000
16116 -420.0000000000
16141 -419.0000000000
16154 -416.0000000000
16206 -415.0000000000
16222 -414.0000000000
16285 -413.0000000000
16309 -411.0000000000
16345 -410.0000000000
16378 -409.0000000000
16412 -408.0000000000
16426 -407.0000000000
16428 -406.0000000000
16433 -405.0000000000
16441 -404.0000000000
16452 -403.0000000000
16465 -401.0000000000
16546 -400.0000000000
16561 -399.0000000000
16563 -398.0000000000
16579 -397.0000000000
16612 -396.0000000000
16621 -395.0000000000
16636 -394.0000000000
16647 -393.0000000000
16670 -392.0000000000
16714 -391.0000000000
16726 -390.0000000000
16768 -388.0000000000
16834 -386.0000000000
16855 -385.0000000000
16902 -384.0000000000
16930 -383.0000000000
16978 -381.0000000000
16984 -380.0000000000
17036 -379.0000000000
17048 -378.0000000000
17061 -377.0000000000
17083 -375.0000000000
17137 -372.0000000000
17206 -371.0000000000
17233 -370.0000000000
17244 -369.0000000000
17279 -368.0000000000
17291 -367.0000000000
17332 -366.0000000000
17333 -365.0000000000
17372 -364.0000000000
17384 -363.0000000000
17417 -362.0000000000
17459 -360.0000000000
17461 -359.0000000000
17502 -357.0000000000
17514 -356.0000000000
17570 -355.0000000000
17609 -354.0000000000
17617 -353.0000000000
17624 -352.0000000000
17641 -350.0000000000
17653 -349.0000000000
17683 -348.0000000000
17710 -347.0000000000
17729 -346.0000000000
17762 -345.0000000000
17763 -344.0000000000
17786 -343.0000000000
17805 -342.0000000000
17841 -338.0000000000
17883 -337.0000000000
17927 -336.0000000000
17931 -335.0000000000
17946 -334.0000000000
18008 -332.0000000000
18066 -331.0000000000
18081 -330.0000000000
18118 -329.0000000000
18123 -327.0000000000
18137 -326.0000000000
18185 -324.0000000000
18203 -323.0000000000
18237 -322.0000000000
18267 -321.0000000000
18309 -320.0000000000
18314 -318.0000000000
18340 -317.0000000000
18388 -314.0000000000
18437 -313.0000000000
18446 -312.0000000000
18523 -311.0000000000
18528 -310.0000000000
18550 -308.0000000000
18601 -306.0000000000
18635 -305.0000000000
18712 -304.0000000000
18726 -303.0000000000
18762 -302.0000000000
18779 -300.0000000000
18820 -299.0000000000
18880 -298.0000000000
18899 -296.0000000000
18947 -295.0000000000
18952 -294.0000000000
18998 -293.0000000000
19034 -291.0000000000
19094 -290.0000000000
19101 -289.0000000000
19120 -288.0000000000
19199 -287.0000000000
19222 -286.0000000000
19269 -284.0000000000
19289 -283.0000000000
19311 -282.0000000000
19382 -281.0000000000
19401 -280.0000000000
19412 -279.0000000000
19450 -278.0000000000
19478 -277.0000000000
19511 -276.0000000000
19572 -275.0000000000
19603 -272.0000000000
19663 -271.0000000000
19719 -269.0000000000
19723 -268.0000000000
19763 -266.0000000000
19817 -265.0000000000
19826 -264.0000000000
19847 -263.0000000000
19902 -262.0000000000
19916 -261.0000000000
19947 -260.0000000000
19957 -258.0000000000
20008 -257.0000000000
20011 -255.0000000000
20056 -252.0000000000
20075 -250.0000000000
20101 -249.0000000000
20142 -248.0000000000
20181 -247.0000000000
20218 -245.0000000000
20298 -244.0000000000
20326 -243.0000000000
20329 -242.0000000000
20366 -239.0000000000
20412 -238.0000000000
20460 -236.0000000000
20529 -235.0000000000
20609 -234.0000000000
20655 -233.0000000000
20666 -232.0000000000
20694 -231.0000000000
20716 -230.0000000000
20733 -229.0000000000
20739 -228.0000000000
20771 -226.0000000000
20816 -225.0000000000
20850 -224.0000000000
20948 -222.0000000000
20976 -221.0000000000
20990 -218.0000000000
21076 -216.0000000000
21127 -214.0000000000
21161 -213.0000000000
21198 -211.0000000000
21241 -209.0000000000
21255 -208.0000000000
21299 -207.0000000000
21314 -206.0000000000
21332 -204.0000000000
21367 -203.0000000000
21390 -202.0000000000
21431 -200.0000000000
21487 -199.0000000000
21532 -197.0000000000
21589 -195.0000000000
21674 -194.0000000000
21697 -193.0000000000
21739 -190.0000000000
21796 -189.0000000000
21832 -188.0000000000
21886 -187.0000000000
21916 -186.0000000000
21980 -185.0000000000
21981 -184.0000000000
22002 -183.0000000000
22032 -181.0000000000
22108 -180.0000000000
22111 -179.0000000000
22143 -178.0000000000
22271 -177.0000000000
22322 -176.0000000000
22353 -175.0000000000
22356 -174.0000000000
22399 -173.0000000000
22451 -172.0000000000
22500 -171.0000000000
22518 -170.0000000000
22571 -169.0000000000
22627 -168.0000000000
22653 -166.0000000000
22697 -163.0000000000
22766 -162.0000000000
22833 -161.0000000000
22921 -160.0000000000
23023 -159.0000000000
23140 -158.0000000000
23207 -156.0000000000
23253 -155.0000000000
23328 -153.0000000000
23422 -152.0000000000
23448 -151.0000000000
23499 -150.0000000000
23514 -149.0000000000
23609 -148.0000000000
23632 -147.0000000000
23696 -145.0000000000
23705 -144.0000000000
23748 -142.0000000000
23803 -141.0000000000
23831 -140.0000000000
23856 -138.0000000000
23883 -137.0000000000
23961 -136.0000000000
24011 -135.0000000000
24049 -134.0000000000
24114 -133.0000000000
24213 -132.0000000000
24337 -129.0000000000
24403 -128.0000000000
24440 -126.0000000000
24443 -125.0000000000
24607 -124.0000000000
24632 -123.0000000000
24785 -122.0000000000
24817 -121.0000000000
24873 -120.0000000000
24992 -119.0000000000
25013 -118.0000000000
25085 -116.0000000000
25151 -115.0000000000
25206 -114.0000000000
25258 -113.0000000000
25352 -112.0000000000
25373 -110.0000000000
25439 -109.0000000000
25535 -108.0000000000
25556 -107.0000000000
25580 -105.0000000000
25595 -104.0000000000
25681 -102.0000000000
25776 -101.0000000000
25803 -98.0000000000
25929 -97.0000000000
25935 -96.0000000000
25960 -95.0000000000
26038 -94.0000000000
26049 -93.0000000000
26062 -91.0000000000
26122 -90.0000000000
26217 -89.0000000000
26257 -88.0000000000
26266 -87.0000000000
26359 -86.0000000000
26444 -85.0000000000
26481 -84.0000000000
26631 -82.0000000000
26643 -81.0000000000
26814 -80.0000000000
26963 -79.0000000000
27023 -78.0000000000
27095 -77.0000000000
27216 -76.0000000000
27262 -75.0000000000
27302 -74.0000000000
27432 -73.0000000000
27487 -72.0000000000
27680 -71.0000000000
27856 -70.0000000000
27886 -69.0000000000
28004 -67.0000000000
28154 -65.0000000000
28228 -64.0000000000
28569 -63.0000000000
28633 -62.0000000000
28799 -61.0000000000
28921 -60.0000000000
29059 -59.0000000000
29098 -58.0000000000
29175 -57.0000000000
29220 -55.0000000000
29272 -54.0000000000
29311 -53.0000000000
29469 -52.0000000000
29623 -51.0000000000
29639 -50.0000000000
29705 -49.0000000000
29791 -48.0000000000
29871 -47.0000000000
29888 -46.0000000000
30021 -45.0000000000
30101 -43.0000000000
30309 -41.0000000000
30428 -40.0000000000
30490 -39.0000000000
30621 -38.0000000000
30747 -37.0000000000
30771 -36.0000000000
30830 -35.0000000000
30933 -34.0000000000
30958 -33.0000000000
30978 -32.0000000000
31091 -31.0000000000
31153 -30.0000000000
31355 -29.0000000000
31396 -28.0000000000
31436 -27.0000000000
31862 -25.0000000000
31928 -24.0000000000
32138 -23.0000000000
32258 -22.0000000000
32330 -21.0000000000
32542 -20.0000000000
32671 -19.0000000000
32831 -17.0000000000
33006 -16.0000000000
33039 -14.0000000000
33064 -13.0000000000
33455 -12.0000000000
33789 -10.0000000000
33866 -9.0000000000
35147 -8.0000000000
35289 -7.0000000000
35812 -6.0000000000
35991 -5.0000000000
36105 -4.0000000000
36524 -3.0000000000
36799 -2.0000000000
36952 -1.0000000000
37060 78.2200000000
37063 90.3600000000
37138 95.6500000000
37161 99.6400000000
37477 104.3900000000
37631 105.3900000000
37658 106.4600000000
38862 212.1400000000
40794 230.0400000000
40812 231.9500000000
40882 238.0700000000
41017 241.8900000000
41713 248.3100000000
41832 248.7700000000
41862 253.8400000000
41975 268.4000000000
42024 270.5200000000
42173 273.0400000000
42192 281.4000000000
42641 285.8800000000
43275 289.9300000000
43947 427.8400000000
44231 432.6500000000
44453 434.2500000000
44460 436.5800000000
44631 437.1100000000
45261 438.9900000000
45493 446.5000000000
46414 447.0500000000
50669 452.8700000000
70887 559.2600000000
73965 559.4200000000
74000 561.7500000000
74031 561.8300000000
74075 564.0800000000
74077 567.4500000000
74131 569.6100000000
74311 573.1500000000
74518 573.3900000000
74562 573.4800000000
74695 574.8100000000
75322 575.4300000000
76042 579.6800000000
76073 583.8600000000
77171 587.9600000000
77921 589.6100000000
78881 599.7200000000
80248 681.4800000000
80295 697.6800000000
84122 714.0000000000
99852 722.8100000000
99873 740.6900000000
100000 -2.0000000000
evaluations raw_y
1 -1989.0000000000
3 -1979.0000000000
6 -1969.0000000000
14 -1945.0000000000
31 -1934.0000000000
42 -1931.0000000000
43 -1896.0000000000
61 -1888.0000000000
63 -1887.0000000000
72 -1877.0000000000
84 -1870.0000000000
93 -1866.0000000000
109 -1864.0000000000
113 -1860.0000000000
121 -1859.0000000000
133 -1857.0000000000
136 -1852.0000000000
151 -1845.0000000000
163 -1844.0000000000
164 -1841.0000000000
166 -1836.0000000000
177 -1832.0000000000
183 -1831.0000000000
203 -1829.0000000000
215 -1827.0000000000
226 -1826.0000000000
238 -1825.0000000000
245 -1821.0000000000
259 -1818.0000000000
276 -1815.0000000000
301 -1814.0000000000
311 -1812.0000000000
322 -1810.0000000000
332 -1807.0000000000
347 -1804.0000000000
361 -1803.0000000000
365 -1800.0000000000
383 -1799.0000000000
391 -1798.0000000000
399 -1794.0000000000
412 -1793.0000000000
424 -1792.0000000000
430 -1791.0000000000
440 -1788.0000000000
461 -1787.0000000000
466 -1786.0000000000
481 -1785.0000000000
505 -1782.0000000000
518 -1781.0000000000
521 -1779.0000000000
549 -1778.0000000000
552 -1776.0000000000
564 -1775.0000000000
574 -1773.0000000000
591 -1772.0000000000
610 -1771.0000000000
612 -1770.0000000000
629 -1769.0000000000
635 -1768.0000000000
643 -1766.0000000000
669 -1764.0000000000
692 -1763.0000000000
702 -1762.0000000000
713 -1761.0000000000
718 -1760.0000000000
723 -1758.0000000000
741 -1755.0000000000
749 -1754.0000000000
761 -1753.0000000000
779 -1751.0000000000
784 -1750.0000000000
790 -1748.0000000000
812 -1747.0000000000
822 -1746.0000000000
825 -1745.0000000000
837 -1744.0000000000
845 -1743.0000000000
848 -1742.0000000000
853 -1741.0000000000
866 -1740.0000000000
876 -1739.0000000000
883 -1738.0000000000
893 -1735.0000000000
909 -1734.0000000000
926 -1733.0000000000
935 -1730.0000000000
957 -1729.0000000000
967 -1727.0000000000
970 -1726.0000000000
981 -1724.0000000000
997 -1721.0000000000
1012 -1720.0000000000
1030 -1719.0000000000
1032 -1715.0000000000
1056 -1714.0000000000
1067 -1713.0000000000
1080 -1712.0000000000
1086 -1711.0000000000
1100 -1710.0000000000
1107 -1708.0000000000
1132 -1706.0000000000
1134 -1705.0000000000
1145 -1704.0000000000
1154 -1703.0000000000
1162 -1702.0000000000
1172 -1701.0000000000
1173 -1700.0000000000
1182 -1699.0000000000
1188 -1698.0000000000
1194 -1697.0000000000
1202 -1693.0000000000
1211 -1692.0000000000
1221 -1691.0000000000
1232 -1689.0000000000
1251 -1688.0000000000
1271 -1687.0000000000
1283 -1686.0000000000
1295 -1683.0000000000
1318 -1681.0000000000
1328 -1680.0000000000
1334 -1678.0000000000
1341 -1677.0000000000
1352 -1676.0000000000
1355 -1675.0000000000
1362 -1674.0000000000
1376 -1673.0000000000
1377 -1671.0000000000
1385 -1670.0000000000
1399 -1669.0000000000
1400 -1667.0000000000
1402 -1666.0000000000
1411 -1664.0000000000
1412 -1662.0000000000
1444 -1660.0000000000
1450 -1659.0000000000
1469 -1657.0000000000
1473 -1654.0000000000
1494 -1653.0000000000
1501 -1651.0000000000
1523 -1648.0000000000
1540 -1647.0000000000
1542 -1645.0000000000
1562 -1644.0000000000
1569 -1642.0000000000
1579 -1641.0000000000
1586 -1640.0000000000
1602 -1639.0000000000
1604 -1637.0000000000
1611 -1636.0000000000
1614 -1635.0000000000
1631 -1633.0000000000
1648 -1632.0000000000
1653 -1630.0000000000
1662 -1629.0000000000
1672 -1628.0000000000
1677 -1627.0000000000
1687 -1625.0000000000
1700 -1624.0000000000
1702 -1623.0000000000
1718 -1622.0000000000
1730 -1621.0000000000
1732 -1620.0000000000
1754 -1619.0000000000
1758 -1617.0000000000
1768 -1615.0000000000
1776 -1612.0000000000
1793 -1611.0000000000
1806 -1610.0000000000
1812 -1609.0000000000
1819 -1607.0000000000
1827 -1606.0000000000
1834 -1605.0000000000
1843 -1604.0000000000
1852 -1603.0000000000
1854 -1602.0000000000
1870 -1601.0000000000
1874 -1600.0000000000
1884 -1599.0000000000
1888 -1598.0000000000
1893 -1596.0000000000
1902 -1595.0000000000
1913 -1594.0000000000
1932 -1593.0000000000
1933 -1591.0000000000
1945 -1589.0000000000
1952 -1588.0000000000
1982 -1586.0000000000
1992 -1585.0000000000
1994 -1583.0000000000
2029 -1582.0000000000
2046 -1581.0000000000
2053 -1578.0000000000
2078 -1577.0000000000
2092 -1573.0000000000
2113 -1571.0000000000
2124 -1570.0000000000
2129 -1567.0000000000
2143 -1566.0000000000
2154 -1565.0000000000
2159 -1564.0000000000
2168 -1561.0000000000
2182 -1560.0000000000
2196 -1559.0000000000
2201 -1558.0000000000
2222 -1557.0000000000
2225 -1556.0000000000
2242 -1555.0000000000
2266 -1550.0000000000
2281 -1549.0000000000
2283 -1548.0000000000
2302 -1547.0000000000
2309 -1546.0000000000
2317 -1545.0000000000
2321 -1543.0000000000
2331 -1542.0000000000
2341 -1541.0000000000
2348 -1540.0000000000
2363 -1539.0000000000
2372 -1538.0000000000
2377 -1537.0000000000
2382 -1536.0000000000
2388 -1535.0000000000
2398 -1534.0000000000
2399 -1533.0000000000
2402 -1532.0000000000
2407 -1530.0000000000
2411 -1529.0000000000
2415 -1528.0000000000
2422 -1526.0000000000
2438 -1525.0000000000
2441 -1523.0000000000
2452 -1522.0000000000
2453 -1518.0000000000
2469 -1517.0000000000
2476 -1516.0000000000
2514 -1514.0000000000
2516 -1513.0000000000
2521 -1512.0000000000
2536 -1511.0000000000
2554 -1509.0000000000
2571 -1508.0000000000
2583 -1507.0000000000
2596 -1505.0000000000
2620 -1504.0000000000
2630 -1503.0000000000
2631 -1502.0000000000
2644 -1500.0000000000
2652 -1498.0000000000
2669 -1494.0000000000
2699 -1493.0000000000
2713 -1492.0000000000
2722 -1491.0000000000
2723 -1489.0000000000
2733 -1488.0000000000
2736 -1486.0000000000
2753 -1485.0000000000
2767 -1484.0000000000
2776 -1483.0000000000
2780 -1482.0000000000
2784 -1481.0000000000
2794 -1480.0000000000
2801 -1478.0000000000
2806 -1477.0000000000
2815 -1476.0000000000
2835 -1474.0000000000
2843 -1473.0000000000
2867 -1472.0000000000
2871 -1471.0000000000
2883 -1469.0000000000
2892 -1468.0000000000
2893 -1465.0000000000
2902 -1464.0000000000
2930 -1463.0000000000
2940 -1462.0000000000
2943 -1461.0000000000
2958 -1460.0000000000
2964 -1459.0000000000
2987 -1458.0000000000
2989 -1456.0000000000
3008 -1455.0000000000
3012 -1454.0000000000
3017 -1452.0000000000
3021 -1451.0000000000
3031 -1449.0000000000
3060 -1448.0000000000
3073 -1447.0000000000
3085 -1445.0000000000
3114 -1444.0000000000
3117 -1443.0000000000
3125 -1442.0000000000
3136 -1441.0000000000
3143 -1439.0000000000
3164 -1438.0000000000
3166 -1437.0000000000
3191 -1436.0000000000
3198 -1435.0000000000
3207 -1434.0000000000
3210 -1433.0000000000
3222 -1432.0000000000
3225 -1431.0000000000
3242 -1428.0000000000
3264 -1427.0000000000
3271 -1426.0000000000
3300 -1425.0000000000
3304 -1424.0000000000
3305 -1423.0000000000
3321 -1422.0000000000
3332 -1419.0000000000
3360 -1418.0000000000
3365 -1415.0000000000
3378 -1414.0000000000
3386 -1411.0000000000
3421 -1410.0000000000
3433 -1407.0000000000
3440 -1406.0000000000
3454 -1402.0000000000
3473 -1400.0000000000
3485 -1399.0000000000
3487 -1397.0000000000
3491 -1395.0000000000
3504 -1392.0000000000
3522 -1390.0000000000
3535 -1388.0000000000
3542 -1386.0000000000
3557 -1383.0000000000
3571 -1382.0000000000
3575 -1381.0000000000
3585 -1378.0000000000
3615 -1376.0000000000
3649 -1375.0000000000
3659 -1372.0000000000
3682 -1371.0000000000
3688 -1370.0000000000
3692 -1369.0000000000
3701 -1368.0000000000
3703 -1367.0000000000
3718 -1366.0000000000
3724 -1365.0000000000
3750 -1364.0000000000
3754 -1362.0000000000
3763 -1359.0000000000
3783 -1358.0000000000
3791 -1357.0000000000
3801 -1356.0000000000
3802 -1355.0000000000
3812 -1353.0000000000
3827 -1352.0000000000
3833 -1351.0000000000
3840 -1350.0000000000
3841 -1349.0000000000
3855 -1345.0000000000
3882 -1344.0000000000
3883 -1343.0000000000
3891 -1341.0000000000
3901 -1340.0000000000
3902 -1339.0000000000
3921 -1338.0000000000
3937 -1337.0000000000
3946 -1334.0000000000
3971 -1331.0000000000
3993 -1330.0000000000
4003 -1329.0000000000
4015 -1328.0000000000
4019 -1327.0000000000
4033 -1325.0000000000
4051 -1324.0000000000
4070 -1320.0000000000
4106 -1318.0000000000
4118 -1317.0000000000
4136 -1316.0000000000
4143 -1315.0000000000
4161 -1311.0000000000
4190 -1310.0000000000
4200 -1309.0000000000
4202 -1307.0000000000
4212 -1304.0000000000
4234 -1303.0000000000
4254 -1302.0000000000
4264 -1301.0000000000
4272 -1300.0000000000
4287 -1298.0000000000
4316 -1297.0000000000
4335 -1295.0000000000
4344 -1294.0000000000
4352 -1293.0000000000
4376 -1292.0000000000
4379 -1291.0000000000
4386 -1288.0000000000
4396 -1287.0000000000
4408 -1286.0000000000
4409 -1284.0000000000
4420 -1283.0000000000
4434 -1282.0000000000
4446 -1280.0000000000
4464 -1279.0000000000
4471 -1277.0000000000
4472 -1275.0000000000
4482 -1274.0000000000
4511 -1272.0000000000
4516 -1271.0000000000
4522 -1269.0000000000
4546 -1268.0000000000
4551 -1267.0000000000
4574 -1266.0000000000
4585 -1265.0000000000
4612 -1264.0000000000
4617 -1263.0000000000
4639 -1262.0000000000
4648 -1261.0000000000
4650 -1260.0000000000
4664 -1258.0000000000
4675 -1255.0000000000
4681 -1252.0000000000
4716 -1250.0000000000
4727 -1249.0000000000
4757 -1248.0000000000
4761 -1246.0000000000
4781 -1245.0000000000
4792 -1244.0000000000
4813 -1243.0000000000
4821 -1242.0000000000
4835 -1241.0000000000
4847 -1238.0000000000
4850 -1235.0000000000
4877 -1233.0000000000
4894 -1232.0000000000
4905 -1231.0000000000
4912 -1228.0000000000
4926 -1226.0000000000
4940 -1225.0000000000
4944 -1223.0000000000
4958 -1221.0000000000
4962 -1219.0000000000
4977 -1218.0000000000
4992 -1217.0000000000
5008 -1215.0000000000
5014 -1213.0000000000
5053 -1212.0000000000
5060 -1211.0000000000
5074 -1210.0000000000
5092 -1209.0000000000
5103 -1208.0000000000
5111 -1207.0000000000
5122 -1204.0000000000
5136 -1203.0000000000
5150 -1202.0000000000
5162 -1198.0000000000
5183 -1197.0000000000
5200 -1196.0000000000
5210 -1195.0000000000
5216 -1194.0000000000
5223 -1193.0000000000
5242 -1192.0000000000
5251 -1190.0000000000
5275 -1189.0000000000
5277 -1188.0000000000
5281 -1187.0000000000
5283 -1186.0000000000
5300 -1185.0000000000
5313 -1184.0000000000
5322 -1183.0000000000
5329 -1180.0000000000
5341 -1179.0000000000
5343 -1178.0000000000
5357 -1177.0000000000
5366 -1173.0000000000
5392 -1171.0000000000
5399 -1170.0000000000
5425 -1169.0000000000
5435 -1168.0000000000
5452 -1167.0000000000
5455 -1166.0000000000
5464 -1164.0000000000
5489 -1163.0000000000
5496 -1162.0000000000
5499 -1159.0000000000
5519 -1158.0000000000
5548 -1157.0000000000
5559 -1156.0000000000
5575 -1153.0000000000
5582 -1152.0000000000
5611 -1149.0000000000
5624 -1148.0000000000
5643 -1147.0000000000
5644 -1146.0000000000
5649 -1145.0000000000
5659 -1142.0000000000
5670 -1141.0000000000
5681 -1140.0000000000
5693 -1138.0000000000
5709 -1137.0000000000
5714 -1136.0000000000
5723 -1135.0000000000
5724 -1134.0000000000
5741 -1132.0000000000
5754 -1131.0000000000
5761 -1130.0000000000
5766 -1129.0000000000
5782 -1128.0000000000
5785 -1127.0000000000
5791 -1126.0000000000
5802 -1125.0000000000
5812 -1124.0000000000
5824 -1122.0000000000
5839 -1119.0000000000
5861 -1118.0000000000
5871 -1117.0000000000
5897 -1116.0000000000
5901 -1115.0000000000
5920 -1114.0000000000
5933 -1113.0000000000
5967 -1112.0000000000
5975 -1111.0000000000
6003 -1110.0000000000
6021 -1108.0000000000
6037 -1107.0000000000
6048 -1105.0000000000
6069 -1103.0000000000
6079 -1102.0000000000
6099 -1101.0000000000
6106 -1100.0000000000
6107 -1099.0000000000
6121 -1098.0000000000
6130 -1097.0000000000
6138 -1096.0000000000
6166 -1094.0000000000
6192 -1093.0000000000
6196 -1092.0000000000
6200 -1091.0000000000
6206 -1090.0000000000
6219 -1089.0000000000
6230 -1086.0000000000
6238 -1083.0000000000
6251 -1082.0000000000
6265 -1081.0000000000
6277 -1079.0000000000
6301 -1077.0000000000
6316 -1076.0000000000
6321 -1075.0000000000
6334 -1073.0000000000
6354 -1072.0000000000
6363 -1071.0000000000
6364 -1069.0000000000
6385 -1068.0000000000
6419 -1066.0000000000
6441 -1064.0000000000
6481 -1063.0000000000
6495 -1061.0000000000
6516 -1060.0000000000
6534 -1059.0000000000
6554 -1058.0000000000
6566 -1057.0000000000
6571 -1056.0000000000
6583 -1054.0000000000
6592 -1053.0000000000
6601 -1051.0000000000
6615 -1050.0000000000
6622 -1049.0000000000
6663 -1046.0000000000
6691 -1045.0000000000
6701 -1044.0000000000
6712 -1043.0000000000
6733 -1041.0000000000
6748 -1040.0000000000
6765 -1039.0000000000
6783 -1038.0000000000
6791 -1037.0000000000
6804 -1035.0000000000
6823 -1034.0000000000
6826 -1032.0000000000
6858 -1031.0000000000
6865 -1030.0000000000
6873 -1028.0000000000
6906 -1026.0000000000
6922 -1025.0000000000
6932 -1024.0000000000
6935 -1021.0000000000
6943 -1015.0000000000
6978 -1013.0000000000
6988 -1012.0000000000
6992 -1011.0000000000
7017 -1010.0000000000
7022 -1008.0000000000
7065 -1007.0000000000
7072 -1006.0000000000
7074 -1005.0000000000
7109 -1004.0000000000
7113 -1003.0000000000
7117 -1002.0000000000
7143 -999.0000000000
7155 -998.0000000000
7162 -997.0000000000
7165 -996.0000000000
7176 -995.0000000000
7201 -994.0000000000
7222 -993.0000000000
7264 -990.0000000000
7268 -989.0000000000
7295 -988.0000000000
7298 -987.0000000000
7336 -985.0000000000
7344 -983.0000000000
7346 -980.0000000000
7355 -979.0000000000
7383 -977.0000000000
7389 -976.0000000000
7391 -973.0000000000
7417 -972.0000000000
7428 -971.0000000000
7439 -970.0000000000
7464 -968.0000000000
7500 -967.0000000000
7502 -966.0000000000
7527 -964.0000000000
7531 -963.0000000000
7542 -959.0000000000
7582 -957.0000000000
7602 -955.0000000000
7616 -954.0000000000
7628 -952.0000000000
7645 -951.0000000000
7651 -950.0000000000
7663 -949.0000000000
7677 -947.0000000000
7683 -946.0000000000
7703 -945.0000000000
7721 -944.0000000000
7723 -943.0000000000
7735 -942.0000000000
7756 -940.0000000000
7775 -939.0000000000
7797 -938.0000000000
7803 -937.0000000000
7813 -936.0000000000
7822 -933.0000000000
7841 -932.0000000000
7855 -931.0000000000
7864 -930.0000000000
7892 -927.0000000000
7914 -926.0000000000
7920 -925.0000000000
7926 -923.0000000000
7932 -922.0000000000
7961 -921.0000000000
7962 -920.0000000000
7981 -919.0000000000
7994 -917.0000000000
8006 -916.0000000000
8035 -915.0000000000
8044 -913.0000000000
8048 -912.0000000000
8054 -911.0000000000
8075 -910.0000000000
8081 -908.0000000000
8098 -907.0000000000
8101 -905.0000000000
8124 -903.0000000000
8151 -902.0000000000
8154 -901.0000000000
8166 -900.0000000000
8171 -899.0000000000
8195 -897.0000000000
8208 -895.0000000000
8228 -894.0000000000
8236 -892.0000000000
8257 -890.0000000000
8293 -889.0000000000
8300 -888.0000000000
8315 -884.0000000000
8347 -883.0000000000
8353 -882.0000000000
8376 -880.0000000000
8390 -879.0000000000
8408 -878.0000000000
8412 -877.0000000000
8430 -876.0000000000
8442 -874.0000000000
8477 -873.0000000000
8490 -871.0000000000
8498 -868.0000000000
8519 -867.0000000000
8526 -866.0000000000
8542 -865.0000000000
8561 -864.0000000000
8573 -863.0000000000
8583 -861.0000000000
8594 -858.0000000000
8609 -857.0000000000
8619 -856.0000000000
8641 -854.0000000000
8652 -853.0000000000
8656 -852.0000000000
8662 -851.0000000000
8672 -849.0000000000
8697 -845.0000000000
8723 -844.0000000000
8736 -843.0000000000
8751 -842.0000000000
8767 -838.0000000000
8782 -837.0000000000
8791 -836.0000000000
8807 -835.0000000000
8832 -834.0000000000
8834 -832.0000000000
8841 -831.0000000000
8854 -830.0000000000
8868 -829.0000000000
8893 -828.0000000000
8901 -827.0000000000
8904 -826.0000000000
8922 -825.0000000000
8923 -824.0000000000
8951 -823.0000000000
8953 -822.0000000000
8988 -821.0000000000
8993 -820.0000000000
9025 -817.0000000000
9034 -816.0000000000
9042 -815.0000000000
9055 -813.0000000000
9067 -812.0000000000
9073 -811.0000000000
9085 -810.0000000000
9116 -809.0000000000
9123 -808.0000000000
9127 -807.0000000000
9141 -806.0000000000
9191 -805.0000000000
9201 -803.0000000000
9218 -801.0000000000
9225 -800.0000000000
9253 -799.0000000000
9277 -796.0000000000
9301 -794.0000000000
9342 -793.0000000000
9346 -792.0000000000
9366 -790.0000000000
9390 -787.0000000000
9405 -786.0000000000
9427 -785.0000000000
9441 -784.0000000000
9442 -783.0000000000
9458 -782.0000000000
9464 -781.0000000000
9471 -780.0000000000
9508 -779.0000000000
9515 -778.0000000000
9524 -777.0000000000
9559 -776.0000000000
9566 -775.0000000000
9584 -774.0000000000
9599 -773.0000000000
9613 -772.0000000000
9628 -769.0000000000
9642 -767.0000000000
9654 -766.0000000000
9688 -765.0000000000
9691 -764.0000000000
9692 -763.0000000000
9728 -762.0000000000
9751 -761.0000000000
9771 -759.0000000000
9790 -758.0000000000
9811 -757.0000000000
9847 -755.0000000000
9870 -754.0000000000
9874 -753.0000000000
9883 -751.0000000000
9904 -750.0000000000
9911 -749.0000000000
9932 -747.0000000000
9951 -745.0000000000
9966 -742.0000000000
10013 -741.0000000000
10041 -740.0000000000
10052 -739.0000000000
10058 -738.0000000000
10069 -737.0000000000
10078 -735.0000000000
10094 -734.0000000000
10103 -733.0000000000
10116 -731.0000000000
10129 -730.0000000000
10140 -729.0000000000
10164 -728.0000000000
10168 -727.0000000000
10175 -725.0000000000
10181 -724.0000000000
10201 -720.0000000000
10232 -718.0000000000
10248 -717.0000000000
10263 -716.0000000000
10280 -715.0000000000
10307 -714.0000000000
10318 -711.0000000000
10328 -710.0000000000
10334 -709.0000000000
10360 -708.0000000000
10361 -707.0000000000
10364 -706.0000000000
10375 -705.0000000000
10410 -704.0000000000
10422 -703.0000000000
10424 -701.0000000000
10453 -700.0000000000
10469 -699.0000000000
10475 -698.0000000000
10524 -697.0000000000
10541 -696.0000000000
10567 -695.0000000000
10585 -693.0000000000
10621 -691.0000000000
10641 -690.0000000000
10679 -689.0000000000
10695 -688.0000000000
10696 -687.0000000000
10723 -686.0000000000
10752 -684.0000000000
10785 -683.0000000000
10813 -682.0000000000
10829 -681.0000000000
10840 -680.0000000000
10853 -679.0000000000
10888 -678.0000000000
10910 -677.0000000000
10933 -676.0000000000
10946 -675.0000000000
10978 -674.0000000000
10983 -673.0000000000
11006 -672.0000000000
11013 -671.0000000000
11023 -670.0000000000
11067 -669.0000000000
11077 -668.0000000000
11079 -666.0000000000
11158 -665.0000000000
11164 -664.0000000000
11180 -663.0000000000
11189 -662.0000000000
11215 -661.0000000000
11229 -660.0000000000
11235 -657.0000000000
11242 -656.0000000000
11273 -655.0000000000
11326 -654.0000000000
11330 -653.0000000000
11332 -652.0000000000
11369 -651.0000000000
11379 -650.0000000000
11420 -649.0000000000
11453 -647.0000000000
11469 -643.0000000000
11512 -642.0000000000
11532 -641.0000000000
11537 -639.0000000000
11582 -638.0000000000
11605 -637.0000000000
11614 -636.0000000000
11615 -635.0000000000
11622 -633.0000000000
11653 -632.0000000000
11686 -631.0000000000
11697 -630.0000000000
11709 -629.0000000000
11713 -628.0000000000
11754 -627.0000000000
11763 -626.0000000000
11785 -625.0000000000
11811 -623.0000000000
11812 -622.0000000000
11828 -621.0000000000
11879 -620.0000000000
11889 -619.0000000000
11900 -618.0000000000
11926 -617.0000000000
11943 -616.0000000000
11953 -615.0000000000
11969 -613.0000000000
11974 -612.0000000000
12013 -611.0000000000
12020 -610.0000000000
12043 -609.0000000000
12055 -608.0000000000
12072 -607.0000000000
12093 -606.0000000000
12099 -602.0000000000
12145 -601.0000000000
12146 -598.0000000000
12194 -597.0000000000
12213 -596.0000000000
12227 -595.0000000000
12273 -593.0000000000
12305 -592.0000000000
12306 -591.0000000000
12314 -590.0000000000
12344 -589.0000000000
12385 -588.0000000000
12386 -587.0000000000
12394 -586.0000000000
12395 -585.0000000000
12437 -584.0000000000
12443 -583.0000000000
12479 -581.0000000000
12510 -580.0000000000
12513 -579.0000000000
12522 -577.0000000000
12531 -576.0000000000
12567 -575.0000000000
12573 -574.0000000000
12597 -573.0000000000
12601 -571.0000000000
12636 -570.0000000000
12667 -568.0000000000
12672 -567.0000000000
12703 -566.0000000000
12716 -565.0000000000
12721 -564.0000000000
12743 -563.0000000000
12753 -562.0000000000
12798 -561.0000000000
12835 -560.0000000000
12863 -559.0000000000
12874 -558.0000000000
12927 -556.0000000000
12958 -555.0000000000
12970 -554.0000000000
12988 -553.0000000000
13006 -552.0000000000
13015 -550.0000000000
13029 -549.0000000000
13049 -548.0000000000
13051 -547.0000000000
13079 -546.0000000000
13093 -545.0000000000
13111 -543.0000000000
13141 -542.0000000000
13154 -541.0000000000
13171 -540.0000000000
13220 -539.0000000000
13253 -538.0000000000
13263 -536.0000000000
13305 -535.0000000000
13343 -533.0000000000
13359 -532.0000000000
13361 -531.0000000000
13373 -530.0000000000
13414 -529.0000000000
13423 -528.0000000000
13434 -526.0000000000
13456 -525.0000000000
13478 -524.0000000000
13493 -522.0000000000
13496 -521.0000000000
13530 -520.0000000000
13557 -519.0000000000
13576 -518.0000000000
13579 -517.0000000000
13596 -515.0000000000
13627 -514.0000000000
13660 -513.0000000000
13701 -510.0000000000
13770 -507.0000000000
13789 -506.0000000000
13837 -505.0000000000
13845 -504.0000000000
13864 -503.0000000000
13893 -502.0000000000
13906 -500.0000000000
13922 -499.0000000000
13950 -498.0000000000
13961 -494.0000000000
14010 -492.0000000000
14033 -490.0000000000
14057 -489.0000000000
14069 -488.0000000000
14071 -487.0000000000
14123 -485.0000000000
14137 -484.0000000000
14161 -483.0000000000
14171 -481.0000000000
14205 -478.0000000000
14245 -477.0000000000
14263 -476.0000000000
14277 -475.0000000000
14278 -473.0000000000
14343 -472.0000000000
14355 -471.0000000000
14361 -469.0000000000
14402 -468.0000000000
14449 -467.0000000000
14499 -466.0000000000
14512 -464.0000000000
14532 -463.0000000000
14564 -461.0000000000
14618 -460.0000000000
14631 -459.0000000000
14635 -458.0000000000
14695 -457.0000000000
14705 -456.0000000000
14734 -455.0000000000
14745 -453.0000000000
14765 -452.0000000000
14843 -451.0000000000
14861 -450.0000000000
14872 -449.0000000000
14881 -448.0000000000
14902 -447.0000000000
14934 -446.0000000000
14951 -445.0000000000
14960 -444.0000000000
14972 -443.0000000000
14998 -442.0000000000
15043 -441.0000000000
15052 -440.0000000000
15080 -438.0000000000
15101 -437.0000000000
15110 -436.0000000000
15140 -434.0000000000
15158 -433.0000000000
15161 -432.0000000000
15208 -431.0000000000
15209 -430.0000000000
15220 -429.0000000000
15246 -428.0000000000
15252 -427.0000000000
15300 -426.0000000000
15306 -425.0000000000
15314 -423.0000000000
15356 -422.0000000000
15370 -421.0000000000
15380 -420.0000000000
15392 -419.0000000000
15408 -418.0000000000
15429 -417.0000000000
15436 -416.0000000000
15456 -415.0000000000
15476 -413.0000000000
15512 -412.0000000000
15551 -411.0000000000
15565 -410.0000000000
15584 -409.0000000000
15602 -408.0000000000
15629 -407.0000000000
15645 -406.0000000000
15674 -405.0000000000
15684 -404.0000000000
15702 -403.0000000000
15709 -401.0000000000
15752 -400.0000000000
15779 -399.0000000000
15790 -398.0000000000
15796 -396.0000000000
15883 -395.0000000000
15899 -394.0000000000
15942 -391.0000000000
16034 -390.0000000000
16066 -389.0000000000
16112 -388.0000000000
16125 -387.0000000000
16157 -386.0000000000
16174 -385.0000000000
16191 -383.0000000000
16238 -381.0000000000
16279 -380.0000000000
16290 -379.0000000000
16332 -377.0000000000
16347 -376.0000000000
16388 -375.0000000000
16432 -374.0000000000
16443 -373.0000000000
16490 -372.0000000000
16543 -371.0000000000
16580 -370.0000000000
16598 -369.0000000000
16616 -368.0000000000
16638 -366.0000000000
16694 -365.0000000000
16723 -364.0000000000
16753 -363.0000000000
16765 -362.0000000000
16771 -361.0000000000
16775 -360.0000000000
16890 -358.0000000000
16900 -357.0000000000
16909 -356.0000000000
16944 -355.0000000000
16958 -354.0000000000
16977 -353.0000000000
16980 -352.0000000000
17012 -351.0000000000
17077 -350.0000000000
17089 -349.0000000000
17167 -347.0000000000
17188 -346.0000000000
17209 -345.0000000000
17211 -344.0000000000
17236 -343.0000000000
17267 -341.0000000000
17289 -340.0000000000
17323 -339.0000000000
17360 -337.0000000000
17408 -336.0000000000
17460 -334.0000000000
17495 -333.0000000000
17519 -332.0000000000
17549 -331.0000000000
17571 -330.0000000000
17623 -329.0000000000
17639 -328.0000000000
17661 -327.0000000000
17677 -326.0000000000
17707 -325.0000000000
17746 -324.0000000000
17750 -323.0000000000
17781 -322.0000000000
17800 -321.0000000000
17823 -320.0000000000
17850 -318.0000000000
17893 -317.0000000000
17910 -316.0000000000
17971 -315.0000000000
18001 -314.0000000000
18040 -312.0000000000
18051 -311.0000000000
18085 -310.0000000000
18116 -309.0000000000
18143 -308.0000000000
18162 -306.0000000000
18193 -305.0000000000
18242 -304.0000000000
18263 -302.0000000000
18284 -301.0000000000
18295 -300.0000000000
18323 -299.0000000000
18375 -297.0000000000
18394 -296.0000000000
18408 -295.0000000000
18419 -293.0000000000
18473 -292.0000000000
18492 -291.0000000000
18510 -290.0000000000
18535 -289.0000000000
18547 -288.0000000000
18563 -286.0000000000
18594 -285.0000000000
18630 -284.0000000000
18653 -282.0000000000
18684 -281.0000000000
18752 -280.0000000000
18769 -279.0000000000
18833 -277.0000000000
18893 -276.0000000000
18932 -275.0000000000
18944 -274.0000000000
18992 -273.0000000000
19067 -272.0000000000
19087 -271.0000000000
19135 -270.0000000000
19167 -269.0000000000
19201 -268.0000000000
19225 -267.0000000000
19244 -266.0000000000
19272 -265.0000000000
19293 -264.0000000000
19336 -263.0000000000
19409 -262.0000000000
19430 -261.0000000000
19457 -260.0000000000
19469 -259.0000000000
19491 -258.0000000000
19529 -256.0000000000
19585 -255.0000000000
19624 -254.0000000000
19641 -252.0000000000
19671 -251.0000000000
19714 -249.0000000000
19765 -248.0000000000
19827 -247.0000000000
19852 -246.0000000000
19861 -245.0000000000
19882 -244.0000000000
19949 -243.0000000000
19961 -242.0000000000
20015 -241.0000000000
20035 -240.0000000000
20088 -239.0000000000
20102 -237.0000000000
20181 -235.0000000000
20253 -234.0000000000
20279 -233.0000000000
20313 -232.0000000000
20322 -231.0000000000
20338 -230.0000000000
20359 -229.0000000000
20377 -228.0000000000
20393 -227.0000000000
20449 -226.0000000000
20455 -225.0000000000
20476 -224.0000000000
20517 -222.0000000000
20559 -220.0000000000
20698 -219.0000000000
20721 -216.0000000000
20764 -215.0000000000
20849 -214.0000000000
20925 -212.0000000000
20946 -211.0000000000
21011 -210.0000000000
21032 -209.0000000000
21060 -207.0000000000
21232 -206.0000000000
21250 -205.0000000000
21269 -201.0000000000
21333 -200.0000000000
21354 -199.0000000000
21392 -198.0000000000
21404 -197.0000000000
21465 -196.0000000000
21514 -195.0000000000
21525 -194.0000000000
21603 -193.0000000000
21617 -192.0000000000
21644 -191.0000000000
21689 -190.0000000000
21691 -188.0000000000
21745 -187.0000000000
21837 -186.0000000000
21874 -185.0000000000
21940 -183.0000000000
21987 -182.0000000000
22012 -181.0000000000
22028 -180.0000000000
22071 -178.0000000000
22180 -177.0000000000
22196 -176.0000000000
22232 -175.0000000000
22236 -174.0000000000
22315 -173.0000000000
22361 -172.0000000000
22401 -171.0000000000
22417 -170.0000000000
22438 -169.0000000000
22497 -167.0000000000
22537 -166.0000000000
22542 -165.0000000000
22596 -164.0000000000
22696 -163.0000000000
22723 -162.0000000000
22829 -161.0000000000
22892 -160.0000000000
22910 -159.0000000000
22937 -158.0000000000
22956 -156.0000000000
23049 -155.0000000000
23069 -154.0000000000
23075 -153.0000000000
23092 -152.0000000000
23150 -151.0000000000
23226 -149.0000000000
23253 -148.0000000000
23267 -147.0000000000
23290 -145.0000000000
23326 -144.0000000000
23388 -142.0000000000
23459 -141.0000000000
23464 -140.0000000000
23540 -139.0000000000
23573 -138.0000000000
23610 -136.0000000000
23695 -134.0000000000
23827 -133.0000000000
23859 -132.0000000000
23880 -131.0000000000
24028 -129.0000000000
24165 -128.0000000000
24216 -127.0000000000
24259 -126.0000000000
24280 -125.0000000000
24344 -123.0000000000
24486 -122.0000000000
24519 -121.0000000000
24566 -119.0000000000
24636 -118.0000000000
24701 -117.0000000000
24752 -116.0000000000
24841 -114.0000000000
24976 -113.0000000000
25005 -112.0000000000
25054 -111.0000000000
25095 -109.0000000000
25167 -108.0000000000
25263 -107.0000000000
25288 -106.0000000000
25297 -105.0000000000
25375 -104.0000000000
25416 -103.0000000000
25429 -102.0000000000
25482 -101.0000000000
25503 -100.0000000000
25581 -99.0000000000
25710 -98.0000000000
25749 -97.0000000000
25898 -96.0000000000
25906 -95.0000000000
26053 -94.0000000000
26087 -93.0000000000
26215 -92.0000000000
26221 -91.0000000000
26256 -90.0000000000
26297 -89.0000000000
26404 -88.0000000000
26599 -87.0000000000
26742 -86.0000000000
26816 -85.0000000000
26847 -83.0000000000
26971 -81.0000000000
27010 -80.0000000000
27077 -79.0000000000
27120 -78.0000000000
27184 -75.0000000000
27270 -74.0000000000
27384 -73.0000000000
27570 -72.0000000000
27606 -70.0000000000
27693 -69.0000000000
27719 -68.0000000000
27776 -67.0000000000
27856 -66.0000000000
27929 -65.0000000000
27961 -64.0000000000
28036 -63.0000000000
28209 -61.0000000000
28314 -60.0000000000
28420 -59.0000000000
28501 -58.0000000000
28559 -57.0000000000
28616 -56.0000000000
28636 -55.0000000000
28649 -54.0000000000
28701 -53.0000000000
28711 -52.0000000000
28812 -51.0000000000
28996 -50.0000000000
29142 -49.0000000000
29202 -48.0000000000
29341 -47.0000000000
29427 -46.0000000000
29567 -45.0000000000
29762 -44.0000000000
29859 -43.0000000000
29996 -42.0000000000
30014 -41.0000000000
30145 -40.0000000000
30160 -39.0000000000
30232 -38.0000000000
30303 -37.0000000000
30350 -36.0000000000
30484 -35.0000000000
30558 -34.0000000000
30743 -33.0000000000
30823 -32.0000000000
31020 -30.0000000000
31271 -29.0000000000
31558 -28.0000000000
31773 -27.0000000000
32048 -26.0000000000
32285 -25.0000000000
32570 -24.0000000000
32712 -23.0000000000
32909 -22.0000000000
33094 -20.0000000000
33481 -19.0000000000
33525 -17.0000000000
33838 -16.0000000000
33958 -15.0000000000
34292 -14.0000000000
34437 -13.0000000000
34626 -11.0000000000
34971 -10.0000000000
35152 -9.0000000000
35523 -8.0000000000
35622 -7.0000000000
35749 -6.0000000000
37309 -5.0000000000
37702 -3.0000000000
38071 -2.0000000000
38308 107.0600000000
39135 120.3700000000
39882 259.2700000000
40423 285.3800000000
41047 285.5300000000
41167 285.5500000000
41566 291.3400000000
41808 291.4500000000
44463 292.9100000000
45190 299.3200000000
45686 302.3000000000
45851 304.0100000000
46082 310.6700000000
46684 314.3300000000
47133 314.7700000000
47426 315.5700000000
47927 319.3600000000
49659 323.2900000000
50491 326.1400000000
51317 327.4600000000
51389 434.7400000000
51584 435.8200000000
51624 435.9600000000
51641 436.8900000000
51728 440.4900000000
51762 444.0900000000
52069 449.8800000000
52479 519.2100000000
54954 528.9100000000
54976 532.3100000000
55766 534.6000000000
56862 546.2100000000
64160 553.1400000000
64199 573.3600000000
64288 695.7300000000
64579 696.9500000000
64635 698.1400000000
64905 700.9000000000
65048 701.5200000000
65189 710.6000000000
65291 776.1800000000
70972 778.9400000000
71827 790.9600000000
78156 820.0600000000
86806 821.2500000000
86848 826.0000000000
86860 827.9400000000
86932 831.3100000000
86967 833.2600000000
86986 837.8100000000
87167 838.8500000000
87435 839.7600000000
87739 839.9000000000
88658 840.9700000000
89118 845.0000000000
89161 850.9500000000
99346 854.3900000000
100000 -3.0000000000
evaluations raw_y
1 -1997.0000000000
2 -1975.0000000000
14 -1945.0000000000
29 -1944.0000000000
38 -1943.0000000000
41 -1939.0000000000
44 -1928.0000000000
56 -1927.0000000000
62 -1926.0000000000
73 -1918.0000000000
76 -1913.0000000000
91 -1910.0000000000
102 -1909.0000000000
113 -1902.0000000000
152 -1901.0000000000
153 -1897.0000000000
154 -1896.0000000000
159 -1892.0000000000
167 -1888.0000000000
183 -1886.0000000000
184 -1884.0000000000
189 -1883.0000000000
192 -1882.0000000000
208 -1881.0000000000
219 -1879.0000000000
224 -1877.0000000000
234 -1872.0000000000
256 -1869.0000000000
263 -1868.0000000000
271 -1866.0000000000
289 -1865.0000000000
299 -1864.0000000000
302 -1863.0000000000
304 -1862.0000000000
316 -1861.0000000000
325 -1857.0000000000
341 -1856.0000000000
353 -1854.0000000000
360 -1852.0000000000
371 -1850.0000000000
397 -1849.0000000000
404 -1847.0000000000
417 -1845.0000000000
424 -1844.0000000000
439 -1843.0000000000
451 -1841.0000000000
457 -1839.0000000000
463 -1838.0000000000
471 -1836.0000000000
500 -1834.0000000000
515 -1833.0000000000
529 -1832.0000000000
538 -1828.0000000000
542 -1827.0000000000
557 -1824.0000000000
566 -1823.0000000000
574 -1822.0000000000
576 -1821.0000000000
580 -1820.0000000000
584 -1819.0000000000
593 -1818.0000000000
604 -1817.0000000000
606 -1815.0000000000
626 -1814.0000000000
633 -1810.0000000000
660 -1809.0000000000
672 -1808.0000000000
679 -1806.0000000000
692 -1805.0000000000
693 -1802.0000000000
703 -1801.0000000000
717 -1799.0000000000
721 -1798.0000000000
732 -1797.0000000000
737 -1796.0000000000
754 -1793.0000000000
775 -1792.0000000000
778 -1791.0000000000
785 -1787.0000000000
807 -1785.0000000000
813 -1784.0000000000
816 -1782.0000000000
836 -1781.0000000000
842 -1777.0000000000
861 -1776.0000000000
869 -1773.0000000000
873 -1772.0000000000
884 -1770.0000000000
897 -1768.0000000000
907 -1767.0000000000
922 -1765.0000000000
933 -1764.0000000000
941 -1762.0000000000
943 -1760.0000000000
961 -1759.0000000000
972 -1756.0000000000
1001 -1755.0000000000
1007 -1754.0000000000
1019 -1753.0000000000
1023 -1751.0000000000
1031 -1749.0000000000
1046 -1748.0000000000
1052 -1746.0000000000
1066 -1745.0000000000
1076 -1744.0000000000
1083 -1743.0000000000
1095 -1742.0000000000
1108 -1741.0000000000
1111 -1740.0000000000
1113 -1739.0000000000
1125 -1736.0000000000
1147 -1735.0000000000
1153 -1734.0000000000
1166 -1731.0000000000
1180 -1730.0000000000
1182 -1728.0000000000
1194 -1726.0000000000
1216 -1725.0000000000
1221 -1724.0000000000
1229 -1723.0000000000
1234 -1722.0000000000
1241 -1720.0000000000
1253 -1719.0000000000
1262 -1717.0000000000
1268 -1715.0000000000
1291 -1713.0000000000
1306 -1712.0000000000
1310 -1711.0000000000
1311 -1710.0000000000
1322 -1709.0000000000
1331 -1708.0000000000
1343 -1707.0000000000
1356 -1706.0000000000
1370 -1705.0000000000
1375 -1704.0000000000
1391 -1703.0000000000
1402 -1702.0000000000
1418 -1700.0000000000
1422 -1699.0000000000
1432 -1698.0000000000
1436 -1696.0000000000
1461 -1693.0000000000
1471 -1692.0000000000
1482 -1689.0000000000
1497 -1688.0000000000
1501 -1685.0000000000
1512 -1684.0000000000
1522 -1681.0000000000
1551 -1679.0000000000
1554 -1678.0000000000
1555 -1677.0000000000
1562 -1676.0000000000
1579 -1673.0000000000
1583 -1671.0000000000
1601 -1667.0000000000
1616 -1666.0000000000
1622 -1665.0000000000
1623 -1664.0000000000
1633 -1662.0000000000
1642 -1659.0000000000
1655 -1658.0000000000
1662 -1656.0000000000
1669 -1654.0000000000
1696 -1653.0000000000
1697 -1652.0000000000
1708 -1651.0000000000
1713 -1650.0000000000
1716 -1649.0000000000
1740 -1644.0000000000
1753 -1642.0000000000
1765 -1639.0000000000
1786 -1635.0000000000
1791 -1634.0000000000
1824 -1633.0000000000
1832 -1632.0000000000
1852 -1630.0000000000
1859 -1629.0000000000
1863 -1628.0000000000
1868 -1627.0000000000
1879 -1626.0000000000
1900 -1625.0000000000
1914 -1624.0000000000
1924 -1622.0000000000
1932 -1621.0000000000
1953 -1620.0000000000
1956 -1618.0000000000
1961 -1617.0000000000
1981 -1616.0000000000
1989 -1615.0000000000
1993 -1614.0000000000
2005 -1613.0000000000
2013 -1612.0000000000
2018 -1611.0000000000
2024 -1608.0000000000
2053 -1606.0000000000
2061 -1605.0000000000
2076 -1601.0000000000
2097 -1600.0000000000
2101 -1598.0000000000
2120 -1597.0000000000
2125 -1594.0000000000
2145 -1592.0000000000
2151 -1590.0000000000
2169 -1588.0000000000
2191 -1587.0000000000
2192 -1585.0000000000
2201 -1583.0000000000
2202 -1582.0000000000
2212 -1577.0000000000
2222 -1576.0000000000
2243 -1575.0000000000
2260 -1574.0000000000
2271 -1571.0000000000
2296 -1569.0000000000
2304 -1567.0000000000
2318 -1566.0000000000
2328 -1565.0000000000
2340 -1564.0000000000
2366 -1563.0000000000
2374 -1562.0000000000
2375 -1561.0000000000
2392 -1559.0000000000
2406 -1557.0000000000
2425 -1556.0000000000
2431 -1555.0000000000
2444 -1553.0000000000
2453 -1552.0000000000
2475 -1551.0000000000
2481 -1550.0000000000
2491 -1548.0000000000
2506 -1547.0000000000
2519 -1546.0000000000
2526 -1542.0000000000
2541 -1541.0000000000
2548 -1539.0000000000
2564 -1535.0000000000
2593 -1534.0000000000
2594 -1533.0000000000
2611 -1531.0000000000
2621 -1530.0000000000
2640 -1529.0000000000
2646 -1528.0000000000
2658 -1527.0000000000
2672 -1525.0000000000
2682 -1524.0000000000
2696 -1523.0000000000
2699 -1522.0000000000
2709 -1521.0000000000
2712 -1520.0000000000
2720 -1518.0000000000
2739 -1515.0000000000
2753 -1514.0000000000
2768 -1513.0000000000
2779 -1511.0000000000
2780 -1509.0000000000
2782 -1508.0000000000
2793 -1507.0000000000
2806 -1505.0000000000
2814 -1504.0000000000
2835 -1503.0000000000
2844 -1500.0000000000
2845 -1499.0000000000
2853 -1497.0000000000
2881 -1496.0000000000
2887 -1493.0000000000
2894 -1492.0000000000
2923 -1490.0000000000
2940 -1489.0000000000
2941 -1488.0000000000
2956 -1486.0000000000
2980 -1484.0000000000
2997 -1483.0000000000
3027 -1482.0000000000
3031 -1481.0000000000
3045 -1480.0000000000
3053 -1479.0000000000
3061 -1477.0000000000
3076 -1476.0000000000
3078 -1475.0000000000
3087 -1474.0000000000
3091 -1472.0000000000
3102 -1471.0000000000
3116 -1470.0000000000
3122 -1469.0000000000
3131 -1468.0000000000
3144 -1467.0000000000
3165 -1464.0000000000
3181 -1463.0000000000
3195 -1461.0000000000
3229 -1459.0000000000
3233 -1458.0000000000
3253 -1456.0000000000
3285 -1454.0000000000
3297 -1453.0000000000
3309 -1452.0000000000
3311 -1451.0000000000
3321 -1449.0000000000
3331 -1443.0000000000
3348 -1442.0000000000
3362 -1440.0000000000
3378 -1439.0000000000
3398 -1438.0000000000
3399 -1437.0000000000
3405 -1435.0000000000
3416 -1434.0000000000
3423 -1433.0000000000
3433 -1432.0000000000
3446 -1430.0000000000
3464 -1429.0000000000
3474 -1427.0000000000
3487 -1426.0000000000
3497 -1425.0000000000
3503 -1424.0000000000
3512 -1422.0000000000
3540 -1421.0000000000
3544 -1419.0000000000
3554 -1418.0000000000
3580 -1417.0000000000
3590 -1416.0000000000
3594 -1414.0000000000
3601 -1413.0000000000
3619 -1412.0000000000
3627 -1411.0000000000
3631 -1410.0000000000
3654 -1409.0000000000
3656 -1408.0000000000
3661 -1407.0000000000
3671 -1405.0000000000
3701 -1404.0000000000
3707 -1402.0000000000
3711 -1400.0000000000
3739 -1399.0000000000
3746 -1397.0000000000
3756 -1396.0000000000
3764 -1395.0000000000
3772 -1393.0000000000
3783 -1392.0000000000
3801 -1391.0000000000
3824 -1390.0000000000
3825 -1388.0000000000
3854 -1387.0000000000
3868 -1384.0000000000
3881 -1383.0000000000
3893 -1382.0000000000
3895 -1381.0000000000
3896 -1379.0000000000
3901 -1378.0000000000
3922 -1377.0000000000
3932 -1376.0000000000
3950 -1373.0000000000
3965 -1370.0000000000
3989 -1369.0000000000
4001 -1367.0000000000
4003 -1366.0000000000
4030 -1365.0000000000
4038 -1364.0000000000
4042 -1363.0000000000
4053 -1362.0000000000
4076 -1361.0000000000
4085 -1360.0000000000
4099 -1359.0000000000
4105 -1357.0000000000
4124 -1356.0000000000
4134 -1354.0000000000
4163 -1352.0000000000
4176 -1351.0000000000
4197 -1350.0000000000
4202 -1349.0000000000
4219 -1347.0000000000
4230 -1346.0000000000
4240 -1342.0000000000
4255 -1341.0000000000
4261 -1340.0000000000
4268 -1339.0000000000
4290 -1338.0000000000
4297 -1337.0000000000
4312 -1335.0000000000
4337 -1334.0000000000
4342 -1333.0000000000
4360 -1331.0000000000
4384 -1330.0000000000
4387 -1329.0000000000
4401 -1328.0000000000
4409 -1327.0000000000
4443 -1326.0000000000
4462 -1325.0000000000
4477 -1324.0000000000
4486 -1323.0000000000
4494 -1322.0000000000
4517 -1321.0000000000
4536 -1318.0000000000
4582 -1317.0000000000
4591 -1316.0000000000
4595 -1315.0000000000
4614 -1314.0000000000
4621 -1313.0000000000
4627 -1312.0000000000
4628 -1311.0000000000
4633 -1310.0000000000
4647 -1309.0000000000
4659 -1308.0000000000
4679 -1307.0000000000
4684 -1305.0000000000
4699 -1302.0000000000
4703 -1300.0000000000
4713 -1298.0000000000
4732 -1297.0000000000
4742 -1296.0000000000
4754 -1295.0000000000
4764 -1294.0000000000
4777 -1293.0000000000
4782 -1292.0000000000
4792 -1291.0000000000
4801 -1290.0000000000
4803 -1288.0000000000
4816 -1287.0000000000
4831 -1286.0000000000
4839 -1283.0000000000
4861 -1282.0000000000
4870 -1281.0000000000
4883 -1280.0000000000
4895 -1279.0000000000
4908 -1277.0000000000
4926 -1275.0000000000
4945 -1274.0000000000
4955 -1270.0000000000
4966 -1269.0000000000
4976 -1268.0000000000
4988 -1266.0000000000
5001 -1265.0000000000
5014 -1264.0000000000
5015 -1262.0000000000
5020 -1261.0000000000
5041 -1260.0000000000
5047 -1258.0000000000
5054 -1255.0000000000
5081 -1254.0000000000
5092 -1253.0000000000
5106 -1252.0000000000
5120 -1250.0000000000
5137 -1249.0000000000
5149 -1248.0000000000
5162 -1247.0000000000
5174 -1246.0000000000
5179 -1244.0000000000
5194 -1242.0000000000
5219 -1240.0000000000
5223 -1239.0000000000
5243 -1238.0000000000
5245 -1237.0000000000
5280 -1236.0000000000
5281 -1235.0000000000
5286 -1234.0000000000
5293 -1233.0000000000
5305 -1232.0000000000
5312 -1231.0000000000
5332 -1230.0000000000
5335 -1228.0000000000
5346 -1227.0000000000
5369 -1225.0000000000
5377 -1224.0000000000
5393 -1223.0000000000
5394 -1222.0000000000
5397 -1221.0000000000
5409 -1220.0000000000
5423 -1219.0000000000
5432 -1217.0000000000
5456 -1216.0000000000
5473 -1215.0000000000
5483 -1212.0000000000
5501 -1211.0000000000
5521 -1209.0000000000
5545 -1208.0000000000
5558 -1207.0000000000
5569 -1206.0000000000
5589 -1205.0000000000
5596 -1203.0000000000
5614 -1202.0000000000
5616 -1201.0000000000
5622 -1199.0000000000
5653 -1197.0000000000
5667 -1196.0000000000
5681 -1193.0000000000
5694 -1192.0000000000
5711 -1190.0000000000
5713 -1189.0000000000
5724 -1186.0000000000
5761 -1185.0000000000
5765 -1184.0000000000
5772 -1183.0000000000
5789 -1182.0000000000
5811 -1179.0000000000
5835 -1177.0000000000
5848 -1176.0000000000
5859 -1175.0000000000
5883 -1174.0000000000
5901 -1173.0000000000
5918 -1172.0000000000
5921 -1171.0000000000
5941 -1169.0000000000
5944 -1167.0000000000
5965 -1166.0000000000
5978 -1165.0000000000
5991 -1162.0000000000
6005 -1161.0000000000
6017 -1160.0000000000
6044 -1159.0000000000
6061 -1156.0000000000
6082 -1155.0000000000
6084 -1154.0000000000
6114 -1152.0000000000
6140 -1151.0000000000
6145 -1150.0000000000
6163 -1149.0000000000
6186 -1148.0000000000
6195 -1147.0000000000
6210 -1144.0000000000
6230 -1143.0000000000
6243 -1142.0000000000
6254 -1141.0000000000
6262 -1137.0000000000
6276 -1135.0000000000
6286 -1132.0000000000
6311 -1131.0000000000
6325 -1129.0000000000
6335 -1128.0000000000
6354 -1125.0000000000
6381 -1124.0000000000
6394 -1122.0000000000
6421 -1118.0000000000
6457 -1117.0000000000
6464 -1116.0000000000
6475 -1115.0000000000
6483 -1114.0000000000
6493 -1113.0000000000
6507 -1112.0000000000
6511 -1111.0000000000
6519 -1110.0000000000
6529 -1109.0000000000
6532 -1106.0000000000
6558 -1105.0000000000
6563 -1104.0000000000
6583 -1102.0000000000
6608 -1100.0000000000
6639 -1099.0000000000
6642 -1098.0000000000
6662 -1095.0000000000
6705 -1093.0000000000
6714 -1092.0000000000
6728 -1090.0000000000
6748 -1089.0000000000
6759 -1088.0000000000
6773 -1087.0000000000
6784 -1086.0000000000
6792 -1085.0000000000
6836 -1084.0000000000
6838 -1083.0000000000
6850 -1082.0000000000
6856 -1079.0000000000
6864 -1078.0000000000
6882 -1077.0000000000
6921 -1075.0000000000
6926 -1074.0000000000
6947 -1073.0000000000
6973 -1072.0000000000
6981 -1071.0000000000
6991 -1070.0000000000
7003 -1069.0000000000
7018 -1068.0000000000
7023 -1067.0000000000
7031 -1066.0000000000
7034 -1065.0000000000
7048 -1064.0000000000
7053 -1062.0000000000
7091 -1060.0000000000
7101 -1059.0000000000
7115 -1058.0000000000
7116 -1057.0000000000
7124 -1055.0000000000
7143 -1054.0000000000
7161 -1053.0000000000
7171 -1052.0000000000
7194 -1051.0000000000
7199 -1050.0000000000
7204 -1049.0000000000
7220 -1048.0000000000
7237 -1047.0000000000
7258 -1046.0000000000
7263 -1045.0000000000
7273 -1044.0000000000
7288 -1042.0000000000
7304 -1041.0000000000
7313 -1039.0000000000
7326 -1038.0000000000
7346 -1037.0000000000
7376 -1035.0000000000
7415 -1033.0000000000
7432 -1031.0000000000
7447 -1030.0000000000
7452 -1027.0000000000
7465 -1026.0000000000
7499 -1025.0000000000
7514 -1024.0000000000
7529 -1023.0000000000
7535 -1022.0000000000
7549 -1021.0000000000
7563 -1020.0000000000
7584 -1019.0000000000
7589 -1017.0000000000
7648 -1015.0000000000
7668 -1013.0000000000
7682 -1012.0000000000
7701 -1010.0000000000
7709 -1009.0000000000
7727 -1007.0000000000
7744 -1006.0000000000
7776 -1004.0000000000
7786 -1003.0000000000
7795 -1002.0000000000
7816 -1001.0000000000
7822 -1000.0000000000
7829 -999.0000000000
7847 -998.0000000000
7850 -997.0000000000
7878 -995.0000000000
7884 -994.0000000000
7917 -993.0000000000
7935 -991.0000000000
7951 -990.0000000000
7979 -989.0000000000
7983 -986.0000000000
8019 -985.0000000000
8049 -984.0000000000
8051 -983.0000000000
8055 -981.0000000000
8068 -977.0000000000
8102 -976.0000000000
8114 -975.0000000000
8124 -974.0000000000
8154 -971.0000000000
8182 -970.0000000000
8205 -968.0000000000
8221 -965.0000000000
8240 -964.0000000000
8257 -963.0000000000
8263 -961.0000000000
8273 -960.0000000000
8292 -959.0000000000
8304 -958.0000000000
8319 -957.0000000000
8341 -955.0000000000
8354 -954.0000000000
8359 -953.0000000000
8371 -952.0000000000
8384 -950.0000000000
8391 -948.0000000000
8424 -947.0000000000
8442 -946.0000000000
8443 -945.0000000000
8459 -944.0000000000
8476 -943.0000000000
8498 -941.0000000000
8512 -940.0000000000
8535 -939.0000000000
8548 -938.0000000000
8550 -937.0000000000
8570 -935.0000000000
8577 -934.0000000000
8584 -933.0000000000
8598 -932.0000000000
8626 -931.0000000000
8627 -930.0000000000
8636 -927.0000000000
8680 -926.0000000000
8685 -924.0000000000
8723 -923.0000000000
8725 -921.0000000000
8741 -919.0000000000
8770 -918.0000000000
8781 -917.0000000000
8803 -916.0000000000
8822 -915.0000000000
8827 -914.0000000000
8841 -913.0000000000
8845 -912.0000000000
8854 -910.0000000000
8882 -909.0000000000
8884 -908.0000000000
8923 -907.0000000000
8924 -906.0000000000
8947 -904.0000000000
8985 -903.0000000000
8998 -902.0000000000
9014 -901.0000000000
9023 -900.0000000000
9048 -899.0000000000
9076 -897.0000000000
9092 -896.0000000000
9107 -895.0000000000
9122 -894.0000000000
9133 -893.0000000000
9141 -892.0000000000
9145 -890.0000000000
9164 -888.0000000000
9185 -887.0000000000
9196 -886.0000000000
9218 -884.0000000000
9222 -883.0000000000
9242 -882.0000000000
9244 -881.0000000000
9265 -879.0000000000
9274 -877.0000000000
9299 -876.0000000000
9312 -874.0000000000
9322 -873.0000000000
9339 -872.0000000000
9357 -870.0000000000
9364 -869.0000000000
9374 -868.0000000000
9383 -867.0000000000
9389 -866.0000000000
9395 -865.0000000000
9402 -864.0000000000
9405 -863.0000000000
9435 -862.0000000000
9465 -861.0000000000
9475 -859.0000000000
9507 -858.0000000000
9508 -857.0000000000
9523 -856.0000000000
9534 -854.0000000000
9572 -852.0000000000
9596 -851.0000000000
9611 -850.0000000000
9631 -849.0000000000
9638 -848.0000000000
9649 -847.0000000000
9667 -846.0000000000
9671 -845.0000000000
9675 -843.0000000000
9706 -842.0000000000
9725 -841.0000000000
9726 -839.0000000000
9749 -838.0000000000
9753 -837.0000000000
9764 -836.0000000000
9782 -835.0000000000
9813 -831.0000000000
9835 -830.0000000000
9845 -825.0000000000
9877 -824.0000000000
9901 -823.0000000000
9915 -822.0000000000
9931 -821.0000000000
9932 -820.0000000000
9961 -819.0000000000
9981 -818.0000000000
9987 -817.0000000000
10001 -816.0000000000
10004 -815.0000000000
10018 -813.0000000000
10039 -812.0000000000
10047 -809.0000000000
10060 -808.0000000000
10081 -807.0000000000
10112 -805.0000000000
10133 -804.0000000000
10150 -803.0000000000
10151 -802.0000000000
10171 -801.0000000000
10187 -800.0000000000
10200 -798.0000000000
10243 -797.0000000000
10260 -796.0000000000
10283 -795.0000000000
10301 -794.0000000000
10316 -792.0000000000
10334 -791.0000000000
10373 -789.0000000000
10391 -788.0000000000
10406 -787.0000000000
10421 -785.0000000000
10434 -782.0000000000
10468 -781.0000000000
10481 -780.0000000000
10496 -779.0000000000
10514 -777.0000000000
10522 -774.0000000000
10571 -773.0000000000
10595 -771.0000000000
10660 -770.0000000000
10679 -768.0000000000
10725 -766.0000000000
10782 -765.0000000000
10802 -764.0000000000
10815 -763.0000000000
10833 -762.0000000000
10857 -761.0000000000
10871 -760.0000000000
10882 -759.0000000000
10891 -758.0000000000
10917 -757.0000000000
10925 -756.0000000000
10947 -755.0000000000
10953 -754.0000000000
10962 -753.0000000000
10996 -751.0000000000
11021 -750.0000000000
11046 -747.0000000000
11074 -746.0000000000
11080 -745.0000000000
11096 -744.0000000000
11119 -743.0000000000
11130 -742.0000000000
11134 -740.0000000000
11150 -739.0000000000
11154 -738.0000000000
11197 -737.0000000000
11219 -736.0000000000
11222 -735.0000000000
11224 -734.0000000000
11250 -733.0000000000
11261 -732.0000000000
11277 -730.0000000000
11296 -728.0000000000
11307 -727.0000000000
11323 -725.0000000000
11360 -723.0000000000
11386 -722.0000000000
11404 -721.0000000000
11433 -720.0000000000
11443 -719.0000000000
11480 -716.0000000000
11509 -714.0000000000
11523 -713.0000000000
11539 -712.0000000000
11559 -710.0000000000
11582 -708.0000000000
11610 -707.0000000000
11630 -706.0000000000
11642 -704.0000000000
11666 -702.0000000000
11691 -698.0000000000
11727 -697.0000000000
11744 -696.0000000000
11749 -695.0000000000
11772 -694.0000000000
11783 -693.0000000000
11793 -692.0000000000
11807 -691.0000000000
11817 -690.0000000000
11827 -688.0000000000
11843 -687.0000000000
11874 -686.0000000000
11887 -685.0000000000
11897 -684.0000000000
11913 -683.0000000000
11923 -682.0000000000
11941 -681.0000000000
11962 -680.0000000000
11977 -679.0000000000
11979 -678.0000000000
12007 -677.0000000000
12021 -676.0000000000
12027 -674.0000000000
12048 -673.0000000000
12079 -671.0000000000
12111 -669.0000000000
12141 -668.0000000000
12157 -665.0000000000
12174 -664.0000000000
12184 -662.0000000000
12217 -661.0000000000
12233 -660.0000000000
12245 -659.0000000000
12275 -658.0000000000
12290 -657.0000000000
12333 -656.0000000000
12356 -655.0000000000
12361 -654.0000000000
12368 -653.0000000000
12390 -650.0000000000
12406 -649.0000000000
12414 -648.0000000000
12444 -647.0000000000
12445 -646.0000000000
12452 -645.0000000000
12477 -644.0000000000
12502 -643.0000000000
12528 -642.0000000000
12538 -640.0000000000
12563 -639.0000000000
12574 -638.0000000000
12581 -636.0000000000
12612 -635.0000000000
12644 -633.0000000000
12699 -632.0000000000
12728 -631.0000000000
12758 -630.0000000000
12782 -629.0000000000
12801 -628.0000000000
12845 -627.0000000000
12848 -626.0000000000
12854 -625.0000000000
12874 -624.0000000000
12881 -623.0000000000
12902 -622.0000000000
12904 -621.0000000000
12914 -620.0000000000
12937 -619.0000000000
12956 -618.0000000000
12957 -615.0000000000
12971 -614.0000000000
12986 -613.0000000000
12996 -612.0000000000
13003 -610.0000000000
13024 -609.0000000000
13045 -608.0000000000
13057 -607.0000000000
13063 -606.0000000000
13093 -605.0000000000
13100 -604.0000000000
13108 -603.0000000000
13113 -602.0000000000
13140 -601.0000000000
13147 -598.0000000000
13174 -597.0000000000
13184 -596.0000000000
13187 -595.0000000000
13205 -594.0000000000
13229 -592.0000000000
13246 -591.0000000000
13267 -590.0000000000
13291 -589.0000000000
13317 -588.0000000000
13332 -587.0000000000
13361 -586.0000000000
13363 -585.0000000000
13400 -584.0000000000
13415 -583.0000000000
13423 -582.0000000000
13424 -581.0000000000
13428 -580.0000000000
13457 -579.0000000000
13480 -578.0000000000
13494 -577.0000000000
13501 -576.0000000000
13518 -575.0000000000
13539 -574.0000000000
13546 -573.0000000000
13556 -572.0000000000
13585 -571.0000000000
13608 -570.0000000000
13631 -569.0000000000
13655 -567.0000000000
13665 -566.0000000000
13678 -565.0000000000
13686 -563.0000000000
13694 -561.0000000000
13737 -558.0000000000
13760 -557.0000000000
13780 -556.0000000000
13799 -555.0000000000
13804 -554.0000000000
13830 -551.0000000000
13869 -550.0000000000
13885 -549.0000000000
13905 -548.0000000000
13925 -547.0000000000
13941 -546.0000000000
13962 -545.0000000000
13980 -544.0000000000
13993 -543.0000000000
14003 -542.0000000000
14018 -541.0000000000
14023 -539.0000000000
14063 -537.0000000000
14141 -535.0000000000
14157 -532.0000000000
14184 -530.0000000000
14243 -529.0000000000
14264 -528.0000000000
14279 -527.0000000000
14305 -526.0000000000
14324 -525.0000000000
14337 -524.0000000000
14352 -523.0000000000
14408 -522.0000000000
14432 -521.0000000000
14435 -520.0000000000
14469 -519.0000000000
14477 -513.0000000000
14511 -512.0000000000
14543 -511.0000000000
14579 -510.0000000000
14602 -509.0000000000
14626 -508.0000000000
14642 -507.0000000000
14659 -506.0000000000
14670 -504.0000000000
14706 -503.0000000000
14711 -502.0000000000
14712 -501.0000000000
14742 -500.0000000000
14749 -499.0000000000
14778 -498.0000000000
14818 -497.0000000000
14835 -494.0000000000
14883 -492.0000000000
14917 -489.0000000000
14953 -488.0000000000
14979 -487.0000000000
14998 -486.0000000000
15027 -485.0000000000
15041 -484.0000000000
15061 -483.0000000000
15094 -482.0000000000
15125 -481.0000000000
15170 -479.0000000000
15182 -477.0000000000
15230 -476.0000000000
15244 -475.0000000000
15257 -474.0000000000
15270 -473.0000000000
15296 -471.0000000000
15304 -470.0000000000
15331 -469.0000000000
15334 -468.0000000000
15359 -466.0000000000
15391 -465.0000000000
15399 -464.0000000000
15420 -460.0000000000
15447 -459.0000000000
15464 -458.0000000000
15496 -456.0000000000
15526 -455.0000000000
15551 -454.0000000000
15567 -453.0000000000
15629 -452.0000000000
15639 -449.0000000000
15668 -447.0000000000
15721 -446.0000000000
15733 -445.0000000000
15746 -444.0000000000
15771 -443.0000000000
15795 -442.0000000000
15832 -441.0000000000
15851 -440.0000000000
15871 -439.0000000000
15896 -438.0000000000
15919 -437.0000000000
15921 -436.0000000000
15947 -434.0000000000
15979 -433.0000000000
15998 -431.0000000000
16006 -430.0000000000
16016 -429.0000000000
16046 -427.0000000000
16140 -425.0000000000
16163 -423.0000000000
16203 -422.0000000000
16234 -421.0000000000
16272 -420.0000000000
16301 -419.0000000000
16314 -418.0000000000
16332 -417.0000000000
16350 -416.0000000000
16364 -415.0000000000
16388 -414.0000000000
16411 -413.0000000000
16442 -412.0000000000
16460 -411.0000000000
16469 -410.0000000000
16480 -409.0000000000
16511 -408.0000000000
16549 -407.0000000000
16601 -406.0000000000
16636 -405.0000000000
16663 -404.0000000000
16682 -403.0000000000
16724 -402.0000000000
16749 -400.0000000000
16763 -399.0000000000
16829 -398.0000000000
16848 -397.0000000000
16871 -396.0000000000
16910 -394.0000000000
16945 -393.0000000000
16992 -391.0000000000
17026 -390.0000000000
17045 -389.0000000000
17048 -388.0000000000
17072 -387.0000000000
17079 -386.0000000000
17087 -384.0000000000
17101 -383.0000000000
17120 -382.0000000000
17163 -381.0000000000
17188 -379.0000000000
17213 -378.0000000000
17243 -376.0000000000
17339 -374.0000000000
17376 -373.0000000000
17380 -371.0000000000
17435 -370.0000000000
17467 -369.0000000000
17481 -367.0000000000
17518 -366.0000000000
17580 -365.0000000000
17614 -363.0000000000
17628 -362.0000000000
17642 -361.0000000000
17672 -359.0000000000
17729 -358.0000000000
17747 -357.0000000000
17778 -355.0000000000
17801 -354.0000000000
17861 -351.0000000000
17973 -350.0000000000
17999 -349.0000000000
18040 -348.0000000000
18054 -347.0000000000
18087 -345.0000000000
18096 -344.0000000000
18109 -343.0000000000
18117 -341.0000000000
18155 -340.0000000000
18173 -339.0000000000
18206 -338.0000000000
18214 -337.0000000000
18254 -336.0000000000
18280 -335.0000000000
18294 -334.0000000000
18344 -333.0000000000
18395 -332.0000000000
18464 -331.0000000000
18494 -330.0000000000
18531 -329.0000000000
18564 -328.0000000000
18654 -327.0000000000
18706 -326.0000000000
18731 -323.0000000000
18768 -322.0000000000
18775 -321.0000000000
18796 -320.0000000000
18842 -319.0000000000
18903 -318.0000000000
18948 -317.0000000000
18949 -316.0000000000
18961 -312.0000000000
18974 -311.0000000000
19007 -310.0000000000
19044 -309.0000000000
19116 -308.0000000000
19137 -307.0000000000
19160 -305.0000000000
19173 -304.0000000000
19226 -303.0000000000
19253 -302.0000000000
19280 -301.0000000000
19340 -300.0000000000
19347 -299.0000000000
19362 -298.0000000000
19382 -296.0000000000
19432 -295.0000000000
19494 -294.0000000000
19508 -293.0000000000
19582 -292.0000000000
19631 -291.0000000000
19688 -290.0000000000
19792 -287.0000000000
19844 -286.0000000000
19889 -285.0000000000
19890 -284.0000000000
19921 -283.0000000000
19985 -282.0000000000
20033 -281.0000000000
20060 -280.0000000000
20066 -279.0000000000
20104 -277.0000000000
20139 -276.0000000000
20161 -274.0000000000
20200 -273.0000000000
20242 -272.0000000000
20265 -271.0000000000
20285 -270.0000000000
20301 -268.0000000000
20325 -267.0000000000
20345 -266.0000000000
20366 -264.0000000000
20419 -262.0000000000
20487 -260.0000000000
20513 -259.0000000000
20546 -258.0000000000
20554 -257.0000000000
20601 -256.0000000000
20620 -255.0000000000
20626 -254.0000000000
20643 -253.0000000000
20656 -252.0000000000
20679 -250.0000000000
20722 -249.0000000000
20766 -247.0000000000
20814 -245.0000000000
20846 -243.0000000000
20910 -241.0000000000
20932 -240.0000000000
20978 -239.0000000000
20986 -238.0000000000
21033 -236.0000000000
21054 -235.0000000000
21137 -233.0000000000
21189 -232.0000000000
21201 -231.0000000000
21257 -230.0000000000
21292 -229.0000000000
21307 -228.0000000000
21331 -227.0000000000
21381 -226.0000000000
21401 -225.0000000000
21407 -223.0000000000
21431 -222.0000000000
21447 -220.0000000000
21495 -219.0000000000
21502 -218.0000000000
21528 -217.0000000000
21579 -215.0000000000
21612 -214.0000000000
21657 -213.0000000000
21677 -211.0000000000
21729 -210.0000000000
21796 -208.0000000000
21853 -207.0000000000
21859 -205.0000000000
21952 -204.0000000000
22026 -203.0000000000
22114 -202.0000000000
22157 -201.0000000000
22286 -200.0000000000
22326 -199.0000000000
22371 -198.0000000000
22403 -197.0000000000
22425 -196.0000000000
22452 -195.0000000000
22471 -194.0000000000
22488 -193.0000000000
22506 -192.0000000000
22573 -189.0000000000
22584 -188.0000000000
22618 -187.0000000000
22641 -186.0000000000
22666 -185.0000000000
22719 -184.0000000000
22723 -183.0000000000
22746 -182.0000000000
22753 -181.0000000000
22793 -180.0000000000
22850 -177.0000000000
22900 -176.0000000000
22971 -175.0000000000
23020 -173.0000000000
23039 -172.0000000000
23127 -171.0000000000
23141 -170.0000000000
23253 -169.0000000000
23305 -168.0000000000
23306 -167.0000000000
23376 -166.0000000000
23423 -165.0000000000
23495 -164.0000000000
23537 -163.0000000000
23564 -162.0000000000
23601 -160.0000000000
23626 -159.0000000000
23761 -158.0000000000
23843 -157.0000000000
23863 -156.0000000000
23884 -155.0000000000
23932 -154.0000000000
23946 -153.0000000000
23968 -152.0000000000
23996 -151.0000000000
24037 -150.0000000000
24056 -149.0000000000
24148 -148.0000000000
24187 -147.0000000000
24247 -146.0000000000
24257 -145.0000000000
24272 -144.0000000000
24319 -143.0000000000
24454 -142.0000000000
24483 -141.0000000000
24487 -140.0000000000
24559 -139.0000000000
24643 -137.0000000000
24684 -136.0000000000
24722 -135.0000000000
24812 -133.0000000000
24933 -132.0000000000
24943 -131.0000000000
24979 -130.0000000000
25022 -129.0000000000
25078 -128.0000000000
25173 -127.0000000000
25237 -126.0000000000
25274 -125.0000000000
25391 -124.0000000000
25433 -123.0000000000
25490 -121.0000000000
25558 -120.0000000000
25620 -118.0000000000
25732 -117.0000000000
25741 -116.0000000000
25768 -115.0000000000
25823 -114.0000000000
25873 -113.0000000000
25973 -112.0000000000
26031 -111.0000000000
26107 -110.0000000000
26252 -108.0000000000
26415 -106.0000000000
26472 -105.0000000000
26501 -103.0000000000
26610 -102.0000000000
26646 -101.0000000000
26705 -100.0000000000
26713 -99.0000000000
26730 -97.0000000000
26832 -96.0000000000
26940 -95.0000000000
26973 -94.0000000000
27020 -93.0000000000
27075 -92.0000000000
27157 -91.0000000000
27216 -90.0000000000
27284 -89.0000000000
27329 -88.0000000000
27356 -87.0000000000
27388 -86.0000000000
27556 -85.0000000000
27620 -84.0000000000
27662 -82.0000000000
27721 -81.0000000000
27804 -80.0000000000
27889 -78.0000000000
27949 -77.0000000000
27984 -76.0000000000
28131 -74.0000000000
28220 -73.0000000000
28239 -72.0000000000
28331 -71.0000000000
28366 -70.0000000000
28458 -69.0000000000
28572 -68.0000000000
28642 -67.0000000000
28716 -66.0000000000
28763 -65.0000000000
28835 -64.0000000000
28901 -63.0000000000
29035 -62.0000000000
29153 -61.0000000000
29220 -60.0000000000
29312 -59.0000000000
29378 -58.0000000000
29391 -57.0000000000
29452 -56.0000000000
29520 -55.0000000000
29589 -54.0000000000
29724 -53.0000000000
29845 -52.0000000000
29944 -51.0000000000
30028 -50.0000000000
30196 -49.0000000000
30274 -48.0000000000
30347 -47.0000000000
30413 -46.0000000000
30537 -45.0000000000
30591 -44.0000000000
30640 -43.0000000000
30737 -42.0000000000
30752 -41.0000000000
30874 -40.0000000000
30996 -39.0000000000
31129 -37.0000000000
31200 -35.0000000000
31386 -34.0000000000
31510 -33.0000000000
31685 -32.0000000000
31985 -31.0000000000
32090 -30.0000000000
32159 -29.0000000000
32172 -28.0000000000
32267 -27.0000000000
32498 -26.0000000000
32567 -25.0000000000
32904 -24.0000000000
33166 -23.0000000000
33570 -22.0000000000
33705 -21.0000000000
33807 -20.0000000000
33996 -19.0000000000
34420 -17.0000000000
34814 -16.0000000000
35024 -15.0000000000
35252 -14.0000000000
35628 -13.0000000000
35665 -12.0000000000
36152 -11.0000000000
36490 -10.0000000000
36579 -9.0000000000
37397 -8.0000000000
37474 -6.0000000000
38803 -5.0000000000
38869 -4.0000000000
38966 -2.0000000000
39013 -1.0000000000
39401 235.3100000000
39770 236.0300000000
39793 251.3700000000
41687 262.5900000000
43604 264.3800000000
43899 265.4600000000
44097 265.4800000000
44180 266.0800000000
44259 273.8000000000
44321 281.0800000000
45320 281.4800000000
46302 282.9000000000
46831 312.2300000000
47130 322.8400000000
52064 323.3100000000
52823 333.4900000000
54412 335.1100000000
60556 453.4500000000
62254 466.1200000000
62279 466.7300000000
62552 470.6300000000
62727 470.8900000000
62739 472.5200000000
63897 479.4200000000
64519 482.9100000000
67050 496.6500000000
70749 613.2400000000
77528 680.7300000000
83254 682.7800000000
83260 687.2800000000
83263 687.8800000000
83297 706.3300000000
96072 707.3500000000
97711 711.7900000000
98050 721.1900000000
100000 -1.0000000000
evaluations raw_y
1 -2042.0000000000
2 -1994.0000000000
4 -1989.0000000000
5 -1945.0000000000
22 -1940.0000000000
29 -1928.0000000000
34 -1912.0000000000
46 -1908.0000000000
48 -1901.0000000000
52 -1900.0000000000
53 -1896.0000000000
64 -1893.0000000000
65 -1886.0000000000
75 -1876.0000000000
91 -1873.0000000000
97 -1871.0000000000
103 -1869.0000000000
112 -1865.0000000000
121 -1862.0000000000
124 -1857.0000000000
137 -1853.0000000000
148 -1852.0000000000
157 -1851.0000000000
164 -1849.0000000000
182 -1847.0000000000
202 -1844.0000000000
203 -1841.0000000000
215 -1840.0000000000
235 -1839.0000000000
241 -1838.0000000000
250 -1836.0000000000
260 -1835.0000000000
272 -1834.0000000000
274 -1833.0000000000
281 -1832.0000000000
286 -1831.0000000000
295 -1830.0000000000
314 -1828.0000000000
324 -1827.0000000000
342 -1825.0000000000
373 -1823.0000000000
385 -1821.0000000000
403 -1820.0000000000
420 -1819.0000000000
422 -1818.0000000000
433 -1817.0000000000
436 -1816.0000000000
444 -1815.0000000000
451 -1812.0000000000
471 -1809.0000000000
484 -1808.0000000000
493 -1807.0000000000
504 -1806.0000000000
506 -1805.0000000000
512 -1804.0000000000
517 -1802.0000000000
534 -1799.0000000000
540 -1798.0000000000
547 -1796.0000000000
565 -1795.0000000000
569 -1794.0000000000
588 -1792.0000000000
592 -1791.0000000000
596 -1789.0000000000
608 -1788.0000000000
611 -1787.0000000000
639 -1786.0000000000
643 -1785.0000000000
647 -1784.0000000000
650 -1783.0000000000
658 -1780.0000000000
675 -1779.0000000000
686 -1777.0000000000
693 -1776.0000000000
702 -1773.0000000000
717 -1771.0000000000
730 -1770.0000000000
737 -1769.0000000000
744 -1768.0000000000
752 -1765.0000000000
771 -1764.0000000000
790 -1763.0000000000
802 -1762.0000000000
815 -1761.0000000000
820 -1760.0000000000
823 -1758.0000000000
838 -1757.0000000000
843 -1755.0000000000
860 -1752.0000000000
880 -1751.0000000000
882 -1749.0000000000
892 -1748.0000000000
902 -1747.0000000000
903 -1746.0000000000
911 -1744.0000000000
921 -1743.0000000000
923 -1742.0000000000
937 -1740.0000000000
941 -1739.0000000000
958 -1738.0000000000
969 -1736.0000000000
982 -1735.0000000000
987 -1734.0000000000
1002 -1733.0000000000
1012 -1732.0000000000
1013 -1731.0000000000
1016 -1728.0000000000
1027 -1727.0000000000
1041 -1725.0000000000
1045 -1723.0000000000
1063 -1722.0000000000
1065 -1720.0000000000
1082 -1717.0000000000
1105 -1716.0000000000
1112 -1715.0000000000
1116 -1714.0000000000
1120 -1713.0000000000
1136 -1711.0000000000
1144 -1710.0000000000
1152 -1708.0000000000
1156 -1707.0000000000
1174 -1705.0000000000
1185 -1704.0000000000
1204 -1703.0000000000
1205 -1702.0000000000
1214 -1701.0000000000
1218 -1700.0000000000
1219 -1699.0000000000
1227 -1698.0000000000
1233 -1697.0000000000
1240 -1696.0000000000
1252 -1693.0000000000
1281 -1691.0000000000
1286 -1690.0000000000
1292 -1689.0000000000
1303 -1687.0000000000
1305 -1685.0000000000
1333 -1683.0000000000
1335 -1682.0000000000
1348 -1681.0000000000
1364 -1679.0000000000
1372 -1676.0000000000
1391 -1673.0000000000
1404 -1672.0000000000
1411 -1670.0000000000
1426 -1669.0000000000
1440 -1667.0000000000
1457 -1666.0000000000
1473 -1665.0000000000
1478 -1663.0000000000
1492 -1662.0000000000
1501 -1658.0000000000
1514 -1657.0000000000
1522 -1656.0000000000
1533 -1654.0000000000
1544 -1653.0000000000
1557 -1652.0000000000
1565 -1651.0000000000
1582 -1650.0000000000
1591 -1649.0000000000
1602 -1647.0000000000
1609 -1646.0000000000
1633 -1645.0000000000
1643 -1643.0000000000
1651 -1641.0000000000
1666 -1640.0000000000
1678 -1639.0000000000
1682 -1637.0000000000
1698 -1635.0000000000
1712 -1634.0000000000
1727 -1633.0000000000
1728 -1632.0000000000
1732 -1630.0000000000
1744 -1627.0000000000
1763 -1625.0000000000
1771 -1624.0000000000
1782 -1623.0000000000
1792 -1622.0000000000
1805 -1621.0000000000
1811 -1619.0000000000
1836 -1618.0000000000
1843 -1617.0000000000
1851 -1616.0000000000
1859 -1613.0000000000
1879 -1612.0000000000
1892 -1611.0000000000
1894 -1607.0000000000
1911 -1605.0000000000
1929 -1604.0000000000
1957 -1602.0000000000
1961 -1601.0000000000
1978 -1598.0000000000
1996 -1597.0000000000
2001 -1596.0000000000
2012 -1595.0000000000
2017 -1594.0000000000
2022 -1591.0000000000
2039 -1590.0000000000
2043 -1589.0000000000
2055 -1586.0000000000
2079 -1585.0000000000
2081 -1583.0000000000
2095 -1582.0000000000
2101 -1581.0000000000
2109 -1580.0000000000
2114 -1579.0000000000
2121 -1578.0000000000
2134 -1577.0000000000
2142 -1576.0000000000
2161 -1575.0000000000
2172 -1574.0000000000
2181 -1568.0000000000
2201 -1567.0000000000
2211 -1565.0000000000
2235 -1562.0000000000
2251 -1559.0000000000
2266 -1558.0000000000
2272 -1557.0000000000
2283 -1555.0000000000
2291 -1552.0000000000
2313 -1551.0000000000
2331 -1549.0000000000
2346 -1547.0000000000
2359 -1546.0000000000
2362 -1544.0000000000
2370 -1543.0000000000
2371 -1537.0000000000
2390 -1536.0000000000
2417 -1535.0000000000
2418 -1534.0000000000
2431 -1533.0000000000
2437 -1531.0000000000
2451 -1530.0000000000
2468 -1528.0000000000
2471 -1527.0000000000
2480 -1526.0000000000
2483 -1525.0000000000
2506 -1522.0000000000
2521 -1521.0000000000
2522 -1520.0000000000
2531 -1518.0000000000
2544 -1516.0000000000
2560 -1513.0000000000
2597 -1512.0000000000
2609 -1511.0000000000
2614 -1508.0000000000
2623 -1507.0000000000
2645 -1506.0000000000
2654 -1505.0000000000
2663 -1500.0000000000
2687 -1499.0000000000
2691 -1498.0000000000
2704 -1495.0000000000
2711 -1493.0000000000
2715 -1492.0000000000
2723 -1489.0000000000
2742 -1488.0000000000
2752 -1487.0000000000
2759 -1486.0000000000
2760 -1484.0000000000
2761 -1483.0000000000
2771 -1481.0000000000
2787 -1478.0000000000
2801 -1475.0000000000
2826 -1474.0000000000
2831 -1473.0000000000
2832 -1471.0000000000
2836 -1468.0000000000
2863 -1467.0000000000
2873 -1466.0000000000
2902 -1465.0000000000
2913 -1464.0000000000
2914 -1463.0000000000
2929 -1461.0000000000
2935 -1460.0000000000
2940 -1459.0000000000
2951 -1457.0000000000
2976 -1455.0000000000
2992 -1454.0000000000
3012 -1453.0000000000
3022 -1452.0000000000
3031 -1450.0000000000
3038 -1448.0000000000
3046 -1447.0000000000
3056 -1446.0000000000
3064 -1445.0000000000
3071 -1444.0000000000
3087 -1443.0000000000
3096 -1442.0000000000
3101 -1441.0000000000
3112 -1440.0000000000
3118 -1439.0000000000
3140 -1438.0000000000
3153 -1437.0000000000
3156 -1435.0000000000
3168 -1434.0000000000
3184 -1433.0000000000
3186 -1432.0000000000
3202 -1431.0000000000
3212 -1428.0000000000
3230 -1427.0000000000
3243 -1425.0000000000
3262 -1424.0000000000
3270 -1422.0000000000
3279 -1421.0000000000
3292 -1420.0000000000
3305 -1419.0000000000
3307 -1418.0000000000
3315 -1416.0000000000
3317 -1415.0000000000
3325 -1414.0000000000
3331 -1413.0000000000
3343 -1412.0000000000
3349 -1411.0000000000
3351 -1410.0000000000
3367 -1409.0000000000
3395 -1408.0000000000
3399 -1407.0000000000
3402 -1405.0000000000
3425 -1402.0000000000
3445 -1401.0000000000
3451 -1400.0000000000
3456 -1399.0000000000
3461 -1398.0000000000
3463 -1397.0000000000
3478 -1394.0000000000
3500 -1393.0000000000
3502 -1391.0000000000
3526 -1387.0000000000
3548 -1386.0000000000
3567 -1384.0000000000
3577 -1383.0000000000
3599 -1381.0000000000
3607 -1379.0000000000
3626 -1378.0000000000
3636 -1377.0000000000
3656 -1376.0000000000
3658 -1373.0000000000
3682 -1372.0000000000
3692 -1371.0000000000
3696 -1370.0000000000
3698 -1369.0000000000
3725 -1368.0000000000
3734 -1367.0000000000
3738 -1366.0000000000
3749 -1364.0000000000
3761 -1363.0000000000
3771 -1362.0000000000
3776 -1361.0000000000
3783 -1360.0000000000
3792 -1359.0000000000
3805 -1357.0000000000
3815 -1356.0000000000
3829 -1355.0000000000
3830 -1353.0000000000
3833 -1352.0000000000
3855 -1349.0000000000
3861 -1347.0000000000
3898 -1344.0000000000
3925 -1341.0000000000
3946 -1339.0000000000
3957 -1338.0000000000
3980 -1337.0000000000
3982 -1336.0000000000
4002 -1335.0000000000
4008 -1334.0000000000
4028 -1333.0000000000
4043 -1331.0000000000
4055 -1327.0000000000
4068 -1325.0000000000
4097 -1324.0000000000
4104 -1323.0000000000
4112 -1321.0000000000
4141 -1320.0000000000
4152 -1318.0000000000
4180 -1317.0000000000
4191 -1316.0000000000
4199 -1313.0000000000
4212 -1312.0000000000
4224 -1310.0000000000
4234 -1308.0000000000
4254 -1307.0000000000
4276 -1306.0000000000
4301 -1305.0000000000
4305 -1304.0000000000
4327 -1303.0000000000
4333 -1302.0000000000
4355 -1301.0000000000
4369 -1300.0000000000
4386 -1299.0000000000
4400 -1297.0000000000
4405 -1296.0000000000
4414 -1295.0000000000
4444 -1294.0000000000
4455 -1293.0000000000
4463 -1292.0000000000
4475 -1287.0000000000
4494 -1286.0000000000
4525 -1285.0000000000
4532 -1284.0000000000
4541 -1283.0000000000
4552 -1281.0000000000
4575 -1280.0000000000
4581 -1278.0000000000
4594 -1277.0000000000
4602 -1276.0000000000
4605 -1275.0000000000
4618 -1273.0000000000
4636 -1272.0000000000
4647 -1271.0000000000
4648 -1270.0000000000
4650 -1269.0000000000
4661 -1268.0000000000
4671 -1264.0000000000
4693 -1263.0000000000
4704 -1262.0000000000
4717 -1261.0000000000
4724 -1260.0000000000
4734 -1257.0000000000
4743 -1255.0000000000
4768 -1254.0000000000
4777 -1252.0000000000
4789 -1251.0000000000
4801 -1250.0000000000
4815 -1249.0000000000
4831 -1248.0000000000
4835 -1247.0000000000
4847 -1246.0000000000
4851 -1245.0000000000
4860 -1244.0000000000
4880 -1242.0000000000
4883 -1241.0000000000
4892 -1240.0000000000
4900 -1238.0000000000
4913 -1237.0000000000
4931 -1235.0000000000
4945 -1234.0000000000
4967 -1233.0000000000
4975 -1231.0000000000
4993 -1227.0000000000
5007 -1225.0000000000
5037 -1224.0000000000
5038 -1223.0000000000
5065 -1222.0000000000
5075 -1221.0000000000
5084 -1220.0000000000
5096 -1219.0000000000
5102 -1218.0000000000
5108 -1216.0000000000
5116 -1213.0000000000
5143 -1212.0000000000
5155 -1211.0000000000
5157 -1209.0000000000
5180 -1207.0000000000
5206 -1206.0000000000
5215 -1205.0000000000
5225 -1204.0000000000
5245 -1202.0000000000
5251 -1201.0000000000
5265 -1200.0000000000
5270 -1199.0000000000
5280 -1198.0000000000
5305 -1196.0000000000
5313 -1195.0000000000
5337 -1193.0000000000
5359 -1192.0000000000
5361 -1190.0000000000
5365 -1189.0000000000
5394 -1187.0000000000
5417 -1186.0000000000
5434 -1184.0000000000
5438 -1183.0000000000
5455 -1181.0000000000
5458 -1180.0000000000
5485 -1179.0000000000
5486 -1178.0000000000
5488 -1177.0000000000
5499 -1176.0000000000
5502 -1175.0000000000
5522 -1171.0000000000
5544 -1170.0000000000
5570 -1169.0000000000
5585 -1168.0000000000
5594 -1167.0000000000
5605 -1166.0000000000
5606 -1165.0000000000
5633 -1163.0000000000
5676 -1162.0000000000
5678 -1161.0000000000
5698 -1160.0000000000
5706 -1159.0000000000
5720 -1158.0000000000
5730 -1157.0000000000
5732 -1155.0000000000
5765 -1154.0000000000
5793 -1152.0000000000
5804 -1150.0000000000
5829 -1148.0000000000
5831 -1146.0000000000
5874 -1145.0000000000
5877 -1143.0000000000
5900 -1142.0000000000
5907 -1141.0000000000
5929 -1140.0000000000
5938 -1137.0000000000
5951 -1136.0000000000
5962 -1135.0000000000
5963 -1133.0000000000
5983 -1130.0000000000
6012 -1129.0000000000
6020 -1128.0000000000
6060 -1125.0000000000
6062 -1124.0000000000
6087 -1123.0000000000
6106 -1122.0000000000
6113 -1120.0000000000
6121 -1119.0000000000
6133 -1118.0000000000
6161 -1116.0000000000
6181 -1113.0000000000
6192 -1112.0000000000
6205 -1111.0000000000
6210 -1110.0000000000
6214 -1109.0000000000
6217 -1108.0000000000
6225 -1107.0000000000
6231 -1106.0000000000
6241 -1105.0000000000
6260 -1103.0000000000
6265 -1102.0000000000
6295 -1101.0000000000
6299 -1099.0000000000
6318 -1098.0000000000
6331 -1095.0000000000
6362 -1094.0000000000
6377 -1093.0000000000
6385 -1092.0000000000
6391 -1090.0000000000
6420 -1089.0000000000
6421 -1088.0000000000
6425 -1087.0000000000
6442 -1086.0000000000
6451 -1084.0000000000
6470 -1083.0000000000
6485 -1081.0000000000
6491 -1078.0000000000
6508 -1076.0000000000
6529 -1075.0000000000
6543 -1072.0000000000
6560 -1070.0000000000
6572 -1069.0000000000
6582 -1068.0000000000
6594 -1067.0000000000
6603 -1066.0000000000
6618 -1065.0000000000
6624 -1064.0000000000
6631 -1062.0000000000
6643 -1061.0000000000
6664 -1059.0000000000
6668 -1058.0000000000
6669 -1057.0000000000
6695 -1056.0000000000
6701 -1055.0000000000
6713 -1054.0000000000
6721 -1053.0000000000
6761 -1051.0000000000
6780 -1050.0000000000
6786 -1049.0000000000
6800 -1048.0000000000
6813 -1045.0000000000
6838 -1044.0000000000
6848 -1043.0000000000
6868 -1042.0000000000
6890 -1039.0000000000
6920 -1038.0000000000
6954 -1037.0000000000
6960 -1036.0000000000
6961 -1035.0000000000
6976 -1034.0000000000
6985 -1033.0000000000
7001 -1032.0000000000
7003 -1030.0000000000
7022 -1029.0000000000
7038 -1028.0000000000
7041 -1027.0000000000
7048 -1024.0000000000
7059 -1023.0000000000
7062 -1022.0000000000
7085 -1021.0000000000
7087 -1020.0000000000
7092 -1017.0000000000
7126 -1015.0000000000
7147 -1014.0000000000
7151 -1013.0000000000
7170 -1012.0000000000
7179 -1011.0000000000
7187 -1010.0000000000
7202 -1009.0000000000
7208 -1008.0000000000
7217 -1007.0000000000
7232 -1005.0000000000
7290 -1004.0000000000
7296 -1003.0000000000
7313 -1001.0000000000
7332 -1000.0000000000
7357 -999.0000000000
7362 -998.0000000000
7369 -997.0000000000
7370 -996.0000000000
7371 -995.0000000000
7388 -994.0000000000
7392 -993.0000000000
7408 -992.0000000000
7433 -990.0000000000
7441 -988.0000000000
7462 -987.0000000000
7491 -985.0000000000
7498 -983.0000000000
7511 -982.0000000000
7530 -980.0000000000
7537 -978.0000000000
7562 -976.0000000000
7576 -975.0000000000
7581 -974.0000000000
7592 -973.0000000000
7598 -972.0000000000
7630 -970.0000000000
7634 -969.0000000000
7641 -968.0000000000
7651 -967.0000000000
7669 -966.0000000000
7684 -965.0000000000
7693 -964.0000000000
7698 -963.0000000000
7703 -962.0000000000
7714 -960.0000000000
7746 -958.0000000000
7753 -957.0000000000
7764 -956.0000000000
7768 -953.0000000000
7790 -952.0000000000
7801 -951.0000000000
7832 -950.0000000000
7858 -948.0000000000
7883 -947.0000000000
7893 -946.0000000000
7910 -945.0000000000
7912 -943.0000000000
7937 -942.0000000000
7945 -941.0000000000
7979 -939.0000000000
7985 -937.0000000000
8020 -936.0000000000
8025 -933.0000000000
8056 -931.0000000000
8074 -930.0000000000
8085 -929.0000000000
8093 -928.0000000000
8108 -927.0000000000
8120 -926.0000000000
8129 -925.0000000000
8133 -924.0000000000
8143 -923.0000000000
8153 -922.0000000000
8159 -921.0000000000
8177 -920.0000000000
8195 -919.0000000000
8201 -917.0000000000
8222 -916.0000000000
8229 -914.0000000000
8244 -913.0000000000
8255 -911.0000000000
8271 -910.0000000000
8280 -909.0000000000
8295 -907.0000000000
8323 -905.0000000000
8341 -904.0000000000
8355 -903.0000000000
8370 -902.0000000000
8373 -901.0000000000
8387 -900.0000000000
8395 -899.0000000000
8400 -896.0000000000
8424 -895.0000000000
8431 -892.0000000000
8465 -891.0000000000
8476 -890.0000000000
8483 -889.0000000000
8496 -887.0000000000
8501 -885.0000000000
8519 -884.0000000000
8525 -883.0000000000
8537 -882.0000000000
8559 -881.0000000000
8567 -880.0000000000
8571 -879.0000000000
8584 -878.0000000000
8590 -877.0000000000
8604 -876.0000000000
8614 -875.0000000000
8618 -874.0000000000
8637 -872.0000000000
8642 -871.0000000000
8647 -870.0000000000
8663 -869.0000000000
8679 -866.0000000000
8715 -864.0000000000
8727 -863.0000000000
8739 -862.0000000000
8749 -859.0000000000
8773 -858.0000000000
8777 -857.0000000000
8790 -854.0000000000
8806 -853.0000000000
8821 -851.0000000000
8888 -850.0000000000
8897 -849.0000000000
8910 -848.0000000000
8922 -847.0000000000
8934 -846.0000000000
8942 -843.0000000000
8965 -842.0000000000
8971 -841.0000000000
8984 -840.0000000000
9012 -839.0000000000
9027 -838.0000000000
9031 -837.0000000000
9049 -836.0000000000
9062 -835.0000000000
9078 -834.0000000000
9079 -833.0000000000
9100 -832.0000000000
9107 -831.0000000000
9128 -830.0000000000
9138 -829.0000000000
9149 -828.0000000000
9156 -827.0000000000
9165 -825.0000000000
9168 -824.0000000000
9181 -822.0000000000
9193 -821.0000000000
9213 -818.0000000000
9223 -817.0000000000
9247 -816.0000000000
9265 -815.0000000000
9291 -814.0000000000
9297 -813.0000000000
9310 -812.0000000000
9325 -811.0000000000
9356 -810.0000000000
9368 -809.0000000000
9373 -808.0000000000
9382 -807.0000000000
9392 -806.0000000000
9413 -805.0000000000
9436 -804.0000000000
9442 -803.0000000000
9453 -802.0000000000
9472 -801.0000000000
9480 -800.0000000000
9505 -798.0000000000
9531 -794.0000000000
9544 -793.0000000000
9585 -792.0000000000
9611 -789.0000000000
9625 -788.0000000000
9671 -787.0000000000
9694 -786.0000000000
9706 -784.0000000000
9724 -783.0000000000
9745 -780.0000000000
9792 -779.0000000000
9811 -777.0000000000
9821 -775.0000000000
9863 -774.0000000000
9883 -773.0000000000
9885 -772.0000000000
9905 -771.0000000000
9921 -770.0000000000
9925 -769.0000000000
9954 -768.0000000000
9962 -766.0000000000
9992 -765.0000000000
10010 -764.0000000000
10051 -762.0000000000
10062 -761.0000000000
10064 -760.0000000000
10083 -759.0000000000
10090 -758.0000000000
10095 -757.0000000000
10104 -754.0000000000
10149 -753.0000000000
10154 -752.0000000000
10169 -751.0000000000
10182 -750.0000000000
10196 -749.0000000000
10219 -746.0000000000
10239 -745.0000000000
10260 -743.0000000000
10284 -742.0000000000
10317 -741.0000000000
10335 -739.0000000000
10361 -738.0000000000
10365 -737.0000000000
10381 -735.0000000000
10403 -734.0000000000
10433 -733.0000000000
10436 -732.0000000000
10448 -731.0000000000
10449 -730.0000000000
10476 -729.0000000000
10485 -728.0000000000
10508 -726.0000000000
10529 -725.0000000000
10546 -724.0000000000
10550 -722.0000000000
10557 -720.0000000000
10580 -719.0000000000
10588 -718.0000000000
10609 -717.0000000000
10618 -716.0000000000
10640 -715.0000000000
10668 -714.0000000000
10680 -713.0000000000
10691 -711.0000000000
10720 -710.0000000000
10737 -709.0000000000
10741 -707.0000000000
10755 -705.0000000000
10771 -704.0000000000
10773 -703.0000000000
10799 -702.0000000000
10802 -700.0000000000
10842 -698.0000000000
10868 -697.0000000000
10879 -695.0000000000
10894 -693.0000000000
10923 -692.0000000000
10942 -691.0000000000
10949 -690.0000000000
10952 -689.0000000000
10963 -688.0000000000
10985 -687.0000000000
11011 -684.0000000000
11040 -682.0000000000
11057 -681.0000000000
11062 -679.0000000000
11090 -678.0000000000
11113 -677.0000000000
11120 -676.0000000000
11125 -674.0000000000
11152 -672.0000000000
11165 -671.0000000000
11197 -670.0000000000
11214 -669.0000000000
11223 -668.0000000000
11251 -665.0000000000
11282 -664.0000000000
11296 -662.0000000000
11324 -661.0000000000
11335 -659.0000000000
11356 -658.0000000000
11377 -657.0000000000
11406 -656.0000000000
11414 -655.0000000000
11431 -654.0000000000
11435 -652.0000000000
11490 -651.0000000000
11515 -649.0000000000
11532 -648.0000000000
11570 -647.0000000000
11591 -646.0000000000
11608 -645.0000000000
11629 -643.0000000000
11648 -640.0000000000
11682 -639.0000000000
11690 -638.0000000000
11723 -637.0000000000
11741 -633.0000000000
11761 -632.0000000000
11781 -631.0000000000
11802 -629.0000000000
11836 -628.0000000000
11871 -627.0000000000
11896 -626.0000000000
11915 -625.0000000000
11926 -624.0000000000
11935 -623.0000000000
11967 -621.0000000000
11992 -620.0000000000
12002 -618.0000000000
12034 -617.0000000000
12086 -616.0000000000
12111 -614.0000000000
12129 -613.0000000000
12135 -612.0000000000
12156 -611.0000000000
12176 -610.0000000000
12198 -609.0000000000
12206 -608.0000000000
12221 -607.0000000000
12239 -605.0000000000
12271 -602.0000000000
12309 -601.0000000000
12346 -600.0000000000
12367 -597.0000000000
12410 -596.0000000000
12432 -595.0000000000
12460 -594.0000000000
12467 -592.0000000000
12474 -591.0000000000
12484 -590.0000000000
12508 -589.0000000000
12526 -588.0000000000
12529 -586.0000000000
12583 -585.0000000000
12601 -584.0000000000
12608 -583.0000000000
12622 -582.0000000000
12629 -581.0000000000
12650 -580.0000000000
12654 -577.0000000000
12731 -576.0000000000
12738 -575.0000000000
12760 -574.0000000000
12801 -573.0000000000
12820 -572.0000000000
12840 -571.0000000000
12885 -570.0000000000
12895 -569.0000000000
12925 -568.0000000000
12938 -566.0000000000
12969 -565.0000000000
12987 -563.0000000000
13022 -562.0000000000
13042 -561.0000000000
13053 -560.0000000000
13055 -557.0000000000
13068 -556.0000000000
13102 -555.0000000000
13143 -553.0000000000
13185 -552.0000000000
13212 -551.0000000000
13230 -550.0000000000
13232 -545.0000000000
13243 -544.0000000000
13272 -543.0000000000
13287 -542.0000000000
13330 -541.0000000000
13332 -540.0000000000
13350 -539.0000000000
13388 -538.0000000000
13403 -536.0000000000
13467 -534.0000000000
13473 -533.0000000000
13495 -532.0000000000
13501 -531.0000000000
13519 -530.0000000000
13531 -529.0000000000
13548 -528.0000000000
13599 -527.0000000000
13605 -526.0000000000
13651 -525.0000000000
13672 -523.0000000000
13707 -522.0000000000
13732 -520.0000000000
13757 -518.0000000000
13777 -517.0000000000
13801 -516.0000000000
13825 -515.0000000000
13844 -514.0000000000
13848 -513.0000000000
13881 -512.0000000000
13896 -511.0000000000
13911 -510.0000000000
13943 -509.0000000000
13955 -508.0000000000
13962 -506.0000000000
14007 -505.0000000000
14036 -504.0000000000
14043 -503.0000000000
14065 -502.0000000000
14081 -501.0000000000
14082 -498.0000000000
14102 -497.0000000000
14118 -495.0000000000
14156 -494.0000000000
14160 -493.0000000000
14209 -492.0000000000
14213 -489.0000000000
14246 -488.0000000000
14257 -486.0000000000
14300 -485.0000000000
14313 -484.0000000000
14339 -483.0000000000
14385 -480.0000000000
14432 -479.0000000000
14445 -478.0000000000
14450 -477.0000000000
14475 -476.0000000000
14493 -475.0000000000
14523 -473.0000000000
14534 -470.0000000000
14592 -468.0000000000
14614 -467.0000000000
14638 -466.0000000000
14684 -465.0000000000
14696 -464.0000000000
14717 -463.0000000000
14743 -462.0000000000
14758 -461.0000000000
14764 -460.0000000000
14805 -459.0000000000
14838 -458.0000000000
14862 -455.0000000000
14885 -454.0000000000
14927 -453.0000000000
14956 -452.0000000000
14972 -451.0000000000
14999 -449.0000000000
15020 -448.0000000000
15039 -447.0000000000
15059 -446.0000000000
15089 -445.0000000000
15126 -444.0000000000
15135 -443.0000000000
15151 -442.0000000000
15161 -441.0000000000
15165 -440.0000000000
15190 -439.0000000000
15218 -438.0000000000
15232 -437.0000000000
15254 -436.0000000000
15293 -434.0000000000
15317 -433.0000000000
15343 -432.0000000000
15378 -431.0000000000
15388 -430.0000000000
15393 -429.0000000000
15421 -428.0000000000
15442 -427.0000000000
15465 -426.0000000000
15509 -424.0000000000
15536 -423.0000000000
15541 -421.0000000000
15613 -420.0000000000
15623 -418.0000000000
15646 -417.0000000000
15700 -416.0000000000
15702 -415.0000000000
15759 -414.0000000000
15761 -413.0000000000
15788 -410.0000000000
15835 -408.0000000000
15865 -407.0000000000
15882 -406.0000000000
15933 -404.0000000000
15959 -403.0000000000
15970 -401.0000000000
15990 -399.0000000000
16023 -398.0000000000
16043 -397.0000000000
16061 -396.0000000000
16077 -395.0000000000
16133 -394.0000000000
16176 -393.0000000000
16186 -391.0000000000
16209 -390.0000000000
16255 -389.0000000000
16267 -388.0000000000
16279 -387.0000000000
16292 -386.0000000000
16312 -385.0000000000
16338 -384.0000000000
16378 -383.0000000000
16407 -382.0000000000
16424 -381.0000000000
16445 -379.0000000000
16470 -378.0000000000
16501 -377.0000000000
16526 -376.0000000000
16530 -375.0000000000
16545 -374.0000000000
16591 -373.0000000000
16617 -371.0000000000
16691 -370.0000000000
16702 -369.0000000000
16720 -368.0000000000
16721 -366.0000000000
16751 -365.0000000000
16785 -362.0000000000
16796 -361.0000000000
16821 -360.0000000000
16839 -359.0000000000
16844 -358.0000000000
16880 -357.0000000000
16906 -356.0000000000
16935 -355.0000000000
16997 -354.0000000000
17003 -353.0000000000
17041 -352.0000000000
17050 -351.0000000000
17076 -350.0000000000
17093 -349.0000000000
17147 -348.0000000000
17213 -347.0000000000
17233 -346.0000000000
17247 -345.0000000000
17270 -344.0000000000
17308 -343.0000000000
17323 -340.0000000000
17339 -339.0000000000
17412 -338.0000000000
17492 -337.0000000000
17561 -336.0000000000
17588 -335.0000000000
17603 -333.0000000000
17654 -332.0000000000
17713 -331.0000000000
17729 -329.0000000000
17752 -328.0000000000
17830 -326.0000000000
17857 -325.0000000000
17859 -323.0000000000
17919 -322.0000000000
17939 -321.0000000000
17940 -320.0000000000
18010 -318.0000000000
18041 -316.0000000000
18050 -315.0000000000
18062 -314.0000000000
18143 -312.0000000000
18181 -311.0000000000
18197 -310.0000000000
18238 -309.0000000000
18258 -308.0000000000
18289 -307.0000000000
18303 -304.0000000000
18343 -303.0000000000
18388 -302.0000000000
18391 -301.0000000000
18428 -300.0000000000
18476 -299.0000000000
18492 -298.0000000000
18536 -297.0000000000
18565 -296.0000000000
18620 -295.0000000000
18661 -294.0000000000
18672 -293.0000000000
18714 -292.0000000000
18732 -291.0000000000
18793 -290.0000000000
18806 -287.0000000000
18813 -286.0000000000
18844 -285.0000000000
18911 -284.0000000000
18962 -282.0000000000
18999 -281.0000000000
19019 -280.0000000000
19026 -278.0000000000
19060 -277.0000000000
19081 -276.0000000000
19093 -275.0000000000
19105 -272.0000000000
19154 -271.0000000000
19175 -269.0000000000
19222 -267.0000000000
19266 -266.0000000000
19333 -265.0000000000
19355 -264.0000000000
19367 -263.0000000000
19394 -262.0000000000
19416 -261.0000000000
19464 -260.0000000000
19529 -259.0000000000
19581 -258.0000000000
19616 -257.0000000000
19666 -256.0000000000
19695 -255.0000000000
19709 -253.0000000000
19748 -252.0000000000
19815 -251.0000000000
19816 -250.0000000000
19833 -249.0000000000
19845 -246.0000000000
19863 -245.0000000000
19895 -244.0000000000
19913 -243.0000000000
19964 -242.0000000000
19970 -241.0000000000
19980 -240.0000000000
19981 -239.0000000000
19991 -238.0000000000
20039 -237.0000000000
20072 -234.0000000000
20084 -232.0000000000
20200 -230.0000000000
20236 -228.0000000000
20263 -227.0000000000
20302 -226.0000000000
20367 -225.0000000000
20407 -224.0000000000
20433 -223.0000000000
20496 -222.0000000000
20512 -221.0000000000
20514 -220.0000000000
20568 -219.0000000000
20585 -218.0000000000
20602 -216.0000000000
20612 -212.0000000000
20732 -211.0000000000
20744 -210.0000000000
20793 -208.0000000000
20826 -207.0000000000
20857 -206.0000000000
20951 -205.0000000000
20991 -204.0000000000
20993 -203.0000000000
21026 -202.0000000000
21068 -201.0000000000
21107 -199.0000000000
21114 -198.0000000000
21170 -197.0000000000
21202 -196.0000000000
21222 -195.0000000000
21226 -194.0000000000
21242 -193.0000000000
21246 -192.0000000000
21316 -191.0000000000
21333 -190.0000000000
21470 -189.0000000000
21480 -188.0000000000
21507 -187.0000000000
21534 -186.0000000000
21551 -185.0000000000
21589 -184.0000000000
21631 -183.0000000000
21663 -182.0000000000
21730 -181.0000000000
21745 -180.0000000000
21812 -179.0000000000
21884 -177.0000000000
21934 -175.0000000000
21981 -174.0000000000
22018 -172.0000000000
22113 -170.0000000000
22159 -168.0000000000
22170 -167.0000000000
22296 -166.0000000000
22322 -165.0000000000
22387 -164.0000000000
22392 -162.0000000000
22502 -161.0000000000
22524 -160.0000000000
22550 -159.0000000000
22614 -158.0000000000
22707 -157.0000000000
22740 -156.0000000000
22747 -154.0000000000
22874 -153.0000000000
22876 -152.0000000000
22907 -151.0000000000
22923 -150.0000000000
23001 -149.0000000000
23006 -148.0000000000
23088 -147.0000000000
23118 -146.0000000000
23125 -144.0000000000
23215 -143.0000000000
23240 -142.0000000000
23258 -141.0000000000
23304 -140.0000000000
23355 -139.0000000000
23421 -138.0000000000
23493 -137.0000000000
23526 -135.0000000000
23655 -134.0000000000
23742 -133.0000000000
23830 -132.0000000000
23887 -131.0000000000
23910 -130.0000000000
24010 -129.0000000000
24019 -128.0000000000
24021 -126.0000000000
24056 -125.0000000000
24065 -124.0000000000
24161 -122.0000000000
24272 -121.0000000000
24311 -120.0000000000
24399 -119.0000000000
24428 -118.0000000000
24451 -117.0000000000
24540 -116.0000000000
24588 -115.0000000000
24659 -114.0000000000
24737 -113.0000000000
24806 -112.0000000000
24875 -111.0000000000
25011 -110.0000000000
25077 -109.0000000000
25198 -108.0000000000
25301 -107.0000000000
25332 -106.0000000000
25352 -105.0000000000
25422 -104.0000000000
25463 -102.0000000000
25492 -101.0000000000
25563 -100.0000000000
25656 -99.0000000000
25740 -98.0000000000
25769 -97.0000000000
25904 -96.0000000000
25948 -95.0000000000
26004 -94.0000000000
26054 -93.0000000000
26093 -92.0000000000
26131 -90.0000000000
26145 -89.0000000000
26236 -88.0000000000
26280 -86.0000000000
26364 -84.0000000000
26480 -83.0000000000
26560 -82.0000000000
26582 -81.0000000000
26679 -80.0000000000
26730 -79.0000000000
26903 -77.0000000000
27086 -76.0000000000
27119 -75.0000000000
27280 -74.0000000000
27351 -73.0000000000
27508 -72.0000000000
27613 -70.0000000000
27747 -69.0000000000
27821 -68.0000000000
27900 -67.0000000000
27939 -66.0000000000
27978 -65.0000000000
28048 -64.0000000000
28107 -63.0000000000
28172 -62.0000000000
28220 -61.0000000000
28251 -60.0000000000
28345 -58.0000000000
28886 -56.0000000000
28971 -55.0000000000
28986 -54.0000000000
29066 -53.0000000000
29190 -52.0000000000
29329 -51.0000000000
29429 -49.0000000000
29551 -48.0000000000
29618 -47.0000000000
29890 -46.0000000000
30036 -45.0000000000
30095 -44.0000000000
30149 -43.0000000000
30418 -42.0000000000
30536 -41.0000000000
30885 -40.0000000000
30991 -39.0000000000
31095 -38.0000000000
31333 -37.0000000000
31703 -36.0000000000
31825 -35.0000000000
31885 -34.0000000000
31903 -33.0000000000
31920 -32.0000000000
32389 -30.0000000000
32925 -29.0000000000
32999 -27.0000000000
33323 -26.0000000000
33516 -25.0000000000
33590 -24.0000000000
33687 -23.0000000000
33717 -22.0000000000
33781 -21.0000000000
33897 -20.0000000000
34033 -19.0000000000
34344 -18.0000000000
34476 -17.0000000000
34884 -16.0000000000
35061 -15.0000000000
35434 -14.0000000000
35860 -13.0000000000
36123 -12.0000000000
36394 -11.0000000000
36560 -10.0000000000
36695 -9.0000000000
36768 -8.0000000000
37360 -7.0000000000
37531 -6.0000000000
37654 -5.0000000000
38011 -4.0000000000
38266 -3.0000000000
38457 -1.0000000000
39930 90.6800000000
40009 106.2800000000
40117 106.4700000000
40241 117.3200000000
41159 135.0500000000
43175 135.4700000000
43939 158.7000000000
45640 163.6700000000
45819 165.4400000000
45907 178.1300000000
46567 276.9800000000
49215 277.9100000000
49232 284.9400000000
49268 292.5600000000
49406 300.3500000000
49526 301.3200000000
49545 302.5700000000
49571 304.9600000000
49583 305.6100000000
49594 307.7300000000
49785 311.1800000000
49836 317.9000000000
50012 319.2500000000
50048 329.1700000000
50651 329.4200000000
50658 329.8600000000
50766 336.8700000000
51964 338.8400000000
52059 345.3200000000
53037 347.2400000000
53051 354.6000000000
53411 357.0300000000
53627 361.6200000000
53898 363.0000000000
54268 364.5700000000
54646 364.9300000000
59823 377.1100000000
63286 381.4400000000
63312 384.0900000000
63350 392.2700000000
63389 394.7700000000
64648 400.4700000000
66670 402.2000000000
67006 409.9800000000
67884 509.4300000000
74801 514.7700000000
75413 520.6600000000
75525 527.0900000000
75605 527.2000000000
75890 528.5500000000
75995 530.1400000000
76132 535.0000000000
76265 540.0200000000
76445 544.2400000000
80001 549.7000000000
89085 610.2700000000
100000 -1.0000000000
evaluations raw_y
1 -1997.0000000000
4 -1985.0000000000
5 -1979.0000000000
14 -1975.0000000000
15 -1960.0000000000
18 -1959.0000000000
25 -1953.0000000000
32 -1942.0000000000
41 -1936.0000000000
51 -1923.0000000000
68 -1917.0000000000
75 -1915.0000000000
84 -1911.0000000000
97 -1910.0000000000
99 -1909.0000000000
104 -1907.0000000000
117 -1906.0000000000
134 -1905.0000000000
137 -1900.0000000000
144 -1899.0000000000
156 -1894.0000000000
170 -1892.0000000000
177 -1891.0000000000
194 -1890.0000000000
203 -1889.0000000000
213 -1886.0000000000
222 -1885.0000000000
231 -1883.0000000000
265 -1882.0000000000
267 -1879.0000000000
278 -1878.0000000000
289 -1877.0000000000
295 -1876.0000000000
300 -1873.0000000000
313 -1872.0000000000
321 -1870.0000000000
338 -1869.0000000000
342 -1868.0000000000
343 -1867.0000000000
352 -1866.0000000000
358 -1864.0000000000
362 -1861.0000000000
372 -1860.0000000000
383 -1858.0000000000
404 -1857.0000000000
411 -1855.0000000000
418 -1854.0000000000
428 -1853.0000000000
446 -1851.0000000000
462 -1850.0000000000
463 -1849.0000000000
466 -1847.0000000000
492 -1846.0000000000
495 -1843.0000000000
520 -1842.0000000000
534 -1839.0000000000
556 -1838.0000000000
563 -1835.0000000000
571 -1833.0000000000
584 -1832.0000000000
586 -1831.0000000000
592 -1830.0000000000
596 -1829.0000000000
611 -1828.0000000000
613 -1826.0000000000
623 -1825.0000000000
631 -1824.0000000000
641 -1823.0000000000
646 -1822.0000000000
653 -1820.0000000000
676 -1814.0000000000
698 -1813.0000000000
703 -1810.0000000000
717 -1809.0000000000
725 -1807.0000000000
734 -1806.0000000000
747 -1805.0000000000
751 -1804.0000000000
758 -1803.0000000000
773 -1802.0000000000
786 -1800.0000000000
801 -1799.0000000000
812 -1798.0000000000
823 -1797.0000000000
840 -1795.0000000000
851 -1794.0000000000
857 -1793.0000000000
867 -1792.0000000000
869 -1790.0000000000
877 -1789.0000000000
893 -1788.0000000000
898 -1786.0000000000
917 -1783.0000000000
935 -1782.0000000000
950 -1781.0000000000
956 -1779.0000000000
971 -1778.0000000000
972 -1777.0000000000
988 -1775.0000000000
1002 -1774.0000000000
1010 -1773.0000000000
1013 -1771.0000000000
1034 -1769.0000000000
1039 -1767.0000000000
1041 -1766.0000000000
1061 -1764.0000000000
1074 -1762.0000000000
1084 -1759.0000000000
1111 -1757.0000000000
1122 -1755.0000000000
1146 -1754.0000000000
1152 -1753.0000000000
1163 -1751.0000000000
1175 -1749.0000000000
1190 -1748.0000000000
1222 -1745.0000000000
1231 -1744.0000000000
1243 -1743.0000000000
1263 -1742.0000000000
1272 -1741.0000000000
1283 -1739.0000000000
1299 -1736.0000000000
1305 -1735.0000000000
1315 -1734.0000000000
1322 -1730.0000000000
1338 -1729.0000000000
1352 -1728.0000000000
1366 -1727.0000000000
1372 -1725.0000000000
1390 -1723.0000000000
1418 -1719.0000000000
1436 -1718.0000000000
1437 -1717.0000000000
1446 -1715.0000000000
1472 -1714.0000000000
1491 -1713.0000000000
1497 -1711.0000000000
1506 -1710.0000000000
1519 -1709.0000000000
1526 -1708.0000000000
1528 -1707.0000000000
1536 -1705.0000000000
1544 -1704.0000000000
1556 -1703.0000000000
1562 -1702.0000000000
1576 -1700.0000000000
1581 -1699.0000000000
1591 -1695.0000000000
1617 -1694.0000000000
1624 -1693.0000000000
1626 -1692.0000000000
1637 -1690.0000000000
1641 -1689.0000000000
1651 -1688.0000000000
1665 -1687.0000000000
1666 -1685.0000000000
1677 -1684.0000000000
1690 -1682.0000000000
1700 -1681.0000000000
1703 -1680.0000000000
1710 -1679.0000000000
1717 -1676.0000000000
1722 -1675.0000000000
1736 -1674.0000000000
1750 -1673.0000000000
1760 -1672.0000000000
1775 -1670.0000000000
1795 -1669.0000000000
1816 -1668.0000000000
1830 -1667.0000000000
1833 -1665.0000000000
1853 -1664.0000000000
1856 -1663.0000000000
1869 -1661.0000000000
1876 -1660.0000000000
1881 -1659.0000000000
1911 -1657.0000000000
1926 -1652.0000000000
1951 -1651.0000000000
1962 -1650.0000000000
1971 -1649.0000000000
1975 -1648.0000000000
1993 -1646.0000000000
2004 -1645.0000000000
2032 -1644.0000000000
2034 -1643.0000000000
2043 -1641.0000000000
2055 -1638.0000000000
2067 -1637.0000000000
2074 -1636.0000000000
2085 -1635.0000000000
2093 -1634.0000000000
2118 -1633.0000000000
2125 -1630.0000000000
2132 -1629.0000000000
2144 -1627.0000000000
2158 -1625.0000000000
2160 -1624.0000000000
2165 -1623.0000000000
2181 -1622.0000000000
2185 -1621.0000000000
2192 -1620.0000000000
2204 -1618.0000000000
2218 -1614.0000000000
2236 -1613.0000000000
2241 -1611.0000000000
2261 -1609.0000000000
2272 -1607.0000000000
2282 -1606.0000000000
2284 -1604.0000000000
2302 -1603.0000000000
2311 -1602.0000000000
2312 -1601.0000000000
2326 -1599.0000000000
2342 -1598.0000000000
2360 -1597.0000000000
2365 -1596.0000000000
2372 -1595.0000000000
2375 -1594.0000000000
2380 -1592.0000000000
2393 -1591.0000000000
2413 -1590.0000000000
2415 -1588.0000000000
2432 -1587.0000000000
2436 -1586.0000000000
2437 -1585.0000000000
2448 -1584.0000000000
2464 -1583.0000000000
2481 -1582.0000000000
2490 -1581.0000000000
2500 -1580.0000000000
2510 -1579.0000000000
2512 -1578.0000000000
2524 -1577.0000000000
2527 -1576.0000000000
2531 -1575.0000000000
2535 -1574.0000000000
2556 -1571.0000000000
2573 -1570.0000000000
2589 -1568.0000000000
2601 -1565.0000000000
2624 -1563.0000000000
2650 -1561.0000000000
2655 -1559.0000000000
2673 -1556.0000000000
2686 -1555.0000000000
2691 -1554.0000000000
2703 -1553.0000000000
2710 -1551.0000000000
2721 -1550.0000000000
2724 -1549.0000000000
2733 -1548.0000000000
2741 -1547.0000000000
2746 -1545.0000000000
2762 -1544.0000000000
2766 -1543.0000000000
2772 -1542.0000000000
2777 -1541.0000000000
2782 -1540.0000000000
2792 -1537.0000000000
2801 -1535.0000000000
2814 -1533.0000000000
2823 -1532.0000000000
2844 -1530.0000000000
2852 -1529.0000000000
2872 -1528.0000000000
2883 -1526.0000000000
2889 -1525.0000000000
2892 -1524.0000000000
2902 -1522.0000000000
2918 -1521.0000000000
2930 -1520.0000000000
2938 -1519.0000000000
2953 -1518.0000000000
2966 -1515.0000000000
2974 -1514.0000000000
2981 -1513.0000000000
2997 -1512.0000000000
3013 -1511.0000000000
3019 -1510.0000000000
3022 -1505.0000000000
3045 -1504.0000000000
3052 -1501.0000000000
3069 -1500.0000000000
3076 -1499.0000000000
3088 -1498.0000000000
3097 -1497.0000000000
3100 -1496.0000000000
3111 -1495.0000000000
3114 -1494.0000000000
3131 -1493.0000000000
3146 -1492.0000000000
3156 -1490.0000000000
3162 -1489.0000000000
3179 -1488.0000000000
3183 -1487.0000000000
3212 -1485.0000000000
3256 -1484.0000000000
3260 -1483.0000000000
3266 -1481.0000000000
3276 -1480.0000000000
3297 -1476.0000000000
3303 -1475.0000000000
3312 -1474.0000000000
3332 -1472.0000000000
3335 -1471.0000000000
3348 -1469.0000000000
3354 -1468.0000000000
3373 -1466.0000000000
3382 -1465.0000000000
3397 -1464.0000000000
3409 -1462.0000000000
3425 -1460.0000000000
3434 -1459.0000000000
3442 -1458.0000000000
3453 -1457.0000000000
3456 -1455.0000000000
3466 -1454.0000000000
3468 -1449.0000000000
3486 -1448.0000000000
3491 -1445.0000000000
3530 -1443.0000000000
3538 -1442.0000000000
3546 -1441.0000000000
3560 -1440.0000000000
3576 -1439.0000000000
3586 -1438.0000000000
3587 -1437.0000000000
3589 -1436.0000000000
3595 -1435.0000000000
3612 -1433.0000000000
3625 -1432.0000000000
3634 -1429.0000000000
3662 -1428.0000000000
3665 -1427.0000000000
3667 -1426.0000000000
3683 -1425.0000000000
3688 -1424.0000000000
3695 -1423.0000000000
3708 -1422.0000000000
3715 -1421.0000000000
3717 -1420.0000000000
3721 -1419.0000000000
3745 -1418.0000000000
3747 -1416.0000000000
3754 -1415.0000000000
3763 -1414.0000000000
3777 -1413.0000000000
3779 -1412.0000000000
3782 -1411.0000000000
3793 -1410.0000000000
3800 -1408.0000000000
3819 -1407.0000000000
3823 -1405.0000000000
3837 -1404.0000000000
3842 -1403.0000000000
3846 -1401.0000000000
3859 -1400.0000000000
3863 -1399.0000000000
3875 -1396.0000000000
3896 -1395.0000000000
3907 -1393.0000000000
3926 -1392.0000000000
3945 -1388.0000000000
3953 -1387.0000000000
3967 -1384.0000000000
3977 -1383.0000000000
3996 -1382.0000000000
4015 -1381.0000000000
4024 -1380.0000000000
4032 -1379.0000000000
4049 -1378.0000000000
4052 -1377.0000000000
4068 -1375.0000000000
4071 -1374.0000000000
4082 -1372.0000000000
4098 -1371.0000000000
4100 -1370.0000000000
4115 -1368.0000000000
4140 -1367.0000000000
4145 -1366.0000000000
4146 -1365.0000000000
4165 -1364.0000000000
4173 -1363.0000000000
4183 -1362.0000000000
4191 -1360.0000000000
4200 -1359.0000000000
4214 -1358.0000000000
4223 -1357.0000000000
4237 -1356.0000000000
4254 -1355.0000000000
4263 -1353.0000000000
4278 -1352.0000000000
4288 -1350.0000000000
4302 -1349.0000000000
4314 -1348.0000000000
4322 -1347.0000000000
4342 -1345.0000000000
4345 -1344.0000000000
4351 -1343.0000000000
4363 -1341.0000000000
4373 -1340.0000000000
4383 -1339.0000000000
4395 -1338.0000000000
4416 -1336.0000000000
4424 -1334.0000000000
4436 -1332.0000000000
4458 -1330.0000000000
4461 -1329.0000000000
4475 -1327.0000000000
4492 -1326.0000000000
4496 -1325.0000000000
4502 -1323.0000000000
4515 -1321.0000000000
4534 -1320.0000000000
4553 -1319.0000000000
4563 -1318.0000000000
4586 -1317.0000000000
4589 -1314.0000000000
4594 -1313.0000000000
4604 -1312.0000000000
4610 -1310.0000000000
4616 -1309.0000000000
4631 -1307.0000000000
4645 -1306.0000000000
4648 -1304.0000000000
4654 -1303.0000000000
4671 -1301.0000000000
4686 -1300.0000000000
4693 -1299.0000000000
4701 -1298.0000000000
4715 -1295.0000000000
4732 -1294.0000000000
4742 -1292.0000000000
4760 -1291.0000000000
4761 -1290.0000000000
4784 -1288.0000000000
4797 -1287.0000000000
4808 -1286.0000000000
4816 -1285.0000000000
4819 -1284.0000000000
4837 -1283.0000000000
4839 -1282.0000000000
4862 -1281.0000000000
4866 -1277.0000000000
4875 -1275.0000000000
4897 -1273.0000000000
4913 -1271.0000000000
4932 -1270.0000000000
4943 -1268.0000000000
4954 -1267.0000000000
4958 -1265.0000000000
4972 -1264.0000000000
4989 -1263.0000000000
4991 -1262.0000000000
5008 -1261.0000000000
5026 -1260.0000000000
5033 -1257.0000000000
5058 -1255.0000000000
5066 -1254.0000000000
5086 -1250.0000000000
5119 -1249.0000000000
5124 -1248.0000000000
5166 -1247.0000000000
5181 -1245.0000000000
5202 -1244.0000000000
5206 -1243.0000000000
5222 -1242.0000000000
5231 -1241.0000000000
5234 -1240.0000000000
5244 -1238.0000000000
5253 -1237.0000000000
5283 -1236.0000000000
5289 -1235.0000000000
5294 -1233.0000000000
5318 -1232.0000000000
5321 -1231.0000000000
5331 -1229.0000000000
5342 -1228.0000000000
5365 -1226.0000000000
5386 -1223.0000000000
5408 -1221.0000000000
5433 -1220.0000000000
5439 -1219.0000000000
5453 -1216.0000000000
5491 -1215.0000000000
5502 -1214.0000000000
5511 -1213.0000000000
5534 -1211.0000000000
5542 -1209.0000000000
5569 -1208.0000000000
5581 -1207.0000000000
5584 -1204.0000000000
5598 -1202.0000000000
5614 -1201.0000000000
5635 -1200.0000000000
5648 -1199.0000000000
5656 -1198.0000000000
5676 -1197.0000000000
5699 -1196.0000000000
5701 -1194.0000000000
5722 -1193.0000000000
5733 -1190.0000000000
5756 -1189.0000000000
5760 -1188.0000000000
5776 -1186.0000000000
5782 -1185.0000000000
5803 -1184.0000000000
5804 -1183.0000000000
5816 -1181.0000000000
5821 -1180.0000000000
5846 -1178.0000000000
5882 -1175.0000000000
5908 -1174.0000000000
5912 -1172.0000000000
5929 -1169.0000000000
5944 -1168.0000000000
5947 -1167.0000000000
5958 -1166.0000000000
5983 -1164.0000000000
6009 -1163.0000000000
6021 -1162.0000000000
6025 -1161.0000000000
6039 -1160.0000000000
6041 -1159.0000000000
6082 -1158.0000000000
6087 -1157.0000000000
6101 -1155.0000000000
6127 -1154.0000000000
6140 -1153.0000000000
6148 -1152.0000000000
6158 -1151.0000000000
6163 -1148.0000000000
6174 -1146.0000000000
6181 -1145.0000000000
6194 -1143.0000000000
6227 -1142.0000000000
6233 -1141.0000000000
6245 -1140.0000000000
6254 -1139.0000000000
6267 -1138.0000000000
6272 -1136.0000000000
6295 -1135.0000000000
6308 -1134.0000000000
6319 -1133.0000000000
6328 -1132.0000000000
6331 -1130.0000000000
6360 -1128.0000000000
6361 -1127.0000000000
6367 -1124.0000000000
6371 -1123.0000000000
6377 -1122.0000000000
6394 -1121.0000000000
6406 -1120.0000000000
6414 -1119.0000000000
6423 -1117.0000000000
6439 -1116.0000000000
6451 -1115.0000000000
6461 -1114.0000000000
6475 -1113.0000000000
6481 -1112.0000000000
6490 -1111.0000000000
6494 -1110.0000000000
6502 -1109.0000000000
6505 -1108.0000000000
6512 -1107.0000000000
6522 -1105.0000000000
6538 -1102.0000000000
6556 -1101.0000000000
6571 -1099.0000000000
6585 -1098.0000000000
6595 -1097.0000000000
6611 -1096.0000000000
6619 -1093.0000000000
6634 -1088.0000000000
6677 -1087.0000000000
6681 -1086.0000000000
6686 -1084.0000000000
6703 -1083.0000000000
6720 -1082.0000000000
6739 -1081.0000000000
6742 -1080.0000000000
6743 -1079.0000000000
6766 -1078.0000000000
6767 -1076.0000000000
6775 -1075.0000000000
6793 -1074.0000000000
6803 -1073.0000000000
6807 -1072.0000000000
6811 -1071.0000000000
6830 -1068.0000000000
6855 -1067.0000000000
6863 -1066.0000000000
6865 -1065.0000000000
6871 -1064.0000000000
6887 -1062.0000000000
6901 -1060.0000000000
6930 -1059.0000000000
6938 -1057.0000000000
6963 -1055.0000000000
6988 -1053.0000000000
6996 -1051.0000000000
7021 -1050.0000000000
7031 -1048.0000000000
7051 -1046.0000000000
7085 -1044.0000000000
7096 -1043.0000000000
7112 -1042.0000000000
7122 -1041.0000000000
7137 -1039.0000000000
7147 -1038.0000000000
7159 -1037.0000000000
7169 -1036.0000000000
7176 -1035.0000000000
7194 -1033.0000000000
7202 -1032.0000000000
7225 -1031.0000000000
7254 -1028.0000000000
7290 -1026.0000000000
7314 -1025.0000000000
7334 -1024.0000000000
7344 -1023.0000000000
7351 -1021.0000000000
7376 -1019.0000000000
7385 -1018.0000000000
7417 -1017.0000000000
7426 -1016.0000000000
7432 -1014.0000000000
7457 -1012.0000000000
7475 -1011.0000000000
7481 -1010.0000000000
7500 -1008.0000000000
7511 -1007.0000000000
7522 -1004.0000000000
7553 -1003.0000000000
7564 -1002.0000000000
7595 -1001.0000000000
7605 -1000.0000000000
7615 -999.0000000000
7633 -998.0000000000
7643 -997.0000000000
7644 -996.0000000000
7662 -993.0000000000
7680 -992.0000000000
7684 -990.0000000000
7695 -987.0000000000
7731 -986.0000000000
7741 -985.0000000000
7746 -984.0000000000
7773 -983.0000000000
7787 -981.0000000000
7818 -979.0000000000
7826 -977.0000000000
7843 -975.0000000000
7856 -974.0000000000
7866 -972.0000000000
7887 -970.0000000000
7893 -969.0000000000
7908 -967.0000000000
7912 -965.0000000000
7941 -964.0000000000
7946 -963.0000000000
7955 -962.0000000000
7983 -961.0000000000
7984 -960.0000000000
7997 -959.0000000000
8004 -958.0000000000
8012 -957.0000000000
8025 -956.0000000000
8031 -955.0000000000
8045 -954.0000000000
8089 -953.0000000000
8112 -952.0000000000
8122 -951.0000000000
8136 -950.0000000000
8142 -949.0000000000
8151 -948.0000000000
8174 -946.0000000000
8205 -943.0000000000
8233 -941.0000000000
8264 -938.0000000000
8277 -935.0000000000
8331 -934.0000000000
8338 -933.0000000000
8342 -932.0000000000
8379 -931.0000000000
8386 -930.0000000000
8421 -927.0000000000
8458 -926.0000000000
8466 -924.0000000000
8474 -921.0000000000
8491 -920.0000000000
8504 -919.0000000000
8519 -918.0000000000
8543 -917.0000000000
8563 -915.0000000000
8590 -913.0000000000
8602 -911.0000000000
8614 -909.0000000000
8643 -907.0000000000
8652 -906.0000000000
8681 -904.0000000000
8693 -903.0000000000
8694 -902.0000000000
8724 -901.0000000000
8732 -898.0000000000
8770 -896.0000000000
8777 -895.0000000000
8802 -894.0000000000
8808 -893.0000000000
8826 -891.0000000000
8844 -887.0000000000
8898 -886.0000000000
8914 -885.0000000000
8926 -884.0000000000
8934 -883.0000000000
8942 -881.0000000000
8984 -880.0000000000
8987 -878.0000000000
9000 -876.0000000000
9012 -875.0000000000
9025 -874.0000000000
9036 -873.0000000000
9041 -871.0000000000
9057 -870.0000000000
9069 -869.0000000000
9074 -868.0000000000
9092 -867.0000000000
9100 -866.0000000000
9121 -865.0000000000
9145 -864.0000000000
9154 -862.0000000000
9169 -861.0000000000
9180 -860.0000000000
9217 -859.0000000000
9221 -858.0000000000
9234 -857.0000000000
9248 -856.0000000000
9272 -855.0000000000
9278 -854.0000000000
9297 -852.0000000000
9307 -851.0000000000
9311 -850.0000000000
9337 -848.0000000000
9342 -846.0000000000
9375 -845.0000000000
9414 -844.0000000000
9417 -843.0000000000
9422 -842.0000000000
9431 -841.0000000000
9445 -840.0000000000
9474 -839.0000000000
9501 -836.0000000000
9531 -835.0000000000
9541 -834.0000000000
9558 -833.0000000000
9564 -832.0000000000
9570 -831.0000000000
9577 -829.0000000000
9592 -828.0000000000
9606 -827.0000000000
9626 -826.0000000000
9632 -825.0000000000
9654 -824.0000000000
9663 -823.0000000000
9681 -822.0000000000
9696 -821.0000000000
9714 -820.0000000000
9733 -818.0000000000
9748 -816.0000000000
9758 -815.0000000000
9777 -814.0000000000
9790 -813.0000000000
9841 -812.0000000000
9878 -811.0000000000
9883 -810.0000000000
9904 -808.0000000000
9940 -807.0000000000
9958 -805.0000000000
9962 -804.0000000000
9963 -803.0000000000
9986 -802.0000000000
10000 -801.0000000000
10019 -799.0000000000
10032 -796.0000000000
10056 -794.0000000000
10080 -791.0000000000
10120 -790.0000000000
10126 -789.0000000000
10142 -788.0000000000
10167 -787.0000000000
10194 -786.0000000000
10222 -785.0000000000
10233 -784.0000000000
10241 -783.0000000000
10263 -782.0000000000
10265 -778.0000000000
10340 -777.0000000000
10346 -776.0000000000
10360 -775.0000000000
10372 -774.0000000000
10391 -772.0000000000
10426 -771.0000000000
10440 -769.0000000000
10445 -768.0000000000
10463 -766.0000000000
10501 -765.0000000000
10510 -764.0000000000
10534 -763.0000000000
10549 -762.0000000000
10563 -760.0000000000
10582 -757.0000000000
10591 -754.0000000000
10632 -753.0000000000
10649 -751.0000000000
10658 -750.0000000000
10672 -749.0000000000
10686 -748.0000000000
10721 -746.0000000000
10739 -745.0000000000
10751 -743.0000000000
10809 -741.0000000000
10821 -740.0000000000
10844 -739.0000000000
10862 -738.0000000000
10886 -737.0000000000
10903 -736.0000000000
10925 -735.0000000000
10926 -734.0000000000
10942 -733.0000000000
10956 -732.0000000000
10957 -730.0000000000
10962 -729.0000000000
11006 -728.0000000000
11030 -727.0000000000
11049 -725.0000000000
11059 -724.0000000000
11074 -723.0000000000
11088 -722.0000000000
11093 -720.0000000000
11113 -719.0000000000
11119 -718.0000000000
11134 -717.0000000000
11150 -714.0000000000
11171 -713.0000000000
11184 -712.0000000000
11200 -711.0000000000
11248 -710.0000000000
11264 -709.0000000000
11299 -708.0000000000
11300 -707.0000000000
11312 -706.0000000000
11348 -705.0000000000
11362 -704.0000000000
11383 -702.0000000000
11413 -701.0000000000
11420 -699.0000000000
11441 -695.0000000000
11466 -694.0000000000
11521 -693.0000000000
11536 -689.0000000000
11565 -688.0000000000
11599 -687.0000000000
11624 -686.0000000000
11641 -685.0000000000
11654 -684.0000000000
11669 -682.0000000000
11680 -681.0000000000
11713 -680.0000000000
11723 -679.0000000000
11750 -676.0000000000
11795 -675.0000000000
11820 -673.0000000000
11847 -672.0000000000
11863 -671.0000000000
11884 -669.0000000000
11891 -668.0000000000
11912 -667.0000000000
11914 -666.0000000000
11938 -664.0000000000
11967 -663.0000000000
11982 -662.0000000000
11987 -659.0000000000
11995 -658.0000000000
12002 -657.0000000000
12020 -655.0000000000
12042 -654.0000000000
12066 -652.0000000000
12123 -651.0000000000
12131 -650.0000000000
12154 -647.0000000000
12187 -643.0000000000
12208 -642.0000000000
12250 -641.0000000000
12261 -640.0000000000
12275 -639.0000000000
12290 -638.0000000000
12338 -637.0000000000
12345 -636.0000000000
12355 -635.0000000000
12361 -634.0000000000
12380 -633.0000000000
12382 -631.0000000000
12402 -630.0000000000
12403 -629.0000000000
12426 -625.0000000000
12443 -624.0000000000
12483 -623.0000000000
12495 -622.0000000000
12522 -621.0000000000
12547 -620.0000000000
12554 -619.0000000000
12555 -618.0000000000
12580 -617.0000000000
12601 -615.0000000000
12624 -614.0000000000
12661 -613.0000000000
12678 -611.0000000000
12696 -609.0000000000
12709 -608.0000000000
12747 -607.0000000000
12748 -606.0000000000
12751 -605.0000000000
12794 -604.0000000000
12809 -602.0000000000
12836 -600.0000000000
12868 -599.0000000000
12878 -598.0000000000
12886 -597.0000000000
12901 -594.0000000000
12921 -593.0000000000
12946 -592.0000000000
12958 -591.0000000000
12990 -589.0000000000
13013 -588.0000000000
13047 -585.0000000000
13107 -584.0000000000
13121 -583.0000000000
13139 -581.0000000000
13161 -580.0000000000
13197 -577.0000000000
13254 -575.0000000000
13264 -573.0000000000
13307 -572.0000000000
13312 -570.0000000000
13344 -569.0000000000
13345 -568.0000000000
13374 -567.0000000000
13397 -565.0000000000
13411 -564.0000000000
13429 -563.0000000000
13465 -562.0000000000
13491 -561.0000000000
13509 -558.0000000000
13525 -556.0000000000
13538 -555.0000000000
13581 -553.0000000000
13607 -551.0000000000
13626 -550.0000000000
13640 -549.0000000000
13657 -548.0000000000
13675 -547.0000000000
13697 -546.0000000000
13724 -545.0000000000
13732 -544.0000000000
13750 -543.0000000000
13757 -541.0000000000
13762 -540.0000000000
13787 -537.0000000000
13853 -535.0000000000
13884 -534.0000000000
13897 -533.0000000000
13903 -532.0000000000
13918 -531.0000000000
13923 -530.0000000000
13931 -529.0000000000
13951 -528.0000000000
13973 -527.0000000000
13994 -526.0000000000
14041 -524.0000000000
14065 -523.0000000000
14069 -522.0000000000
14088 -521.0000000000
14108 -519.0000000000
14125 -518.0000000000
14157 -517.0000000000
14184 -516.0000000000
14216 -515.0000000000
14221 -514.0000000000
14235 -512.0000000000
14243 -510.0000000000
14259 -509.0000000000
14264 -508.0000000000
14343 -507.0000000000
14366 -506.0000000000
14387 -505.0000000000
14401 -504.0000000000
14434 -503.0000000000
14441 -502.0000000000
14471 -500.0000000000
14509 -498.0000000000
14529 -497.0000000000
14561 -496.0000000000
14576 -495.0000000000
14584 -494.0000000000
14622 -491.0000000000
14690 -490.0000000000
14693 -489.0000000000
14724 -488.0000000000
14801 -487.0000000000
14813 -485.0000000000
14840 -484.0000000000
14851 -483.0000000000
14872 -482.0000000000
14902 -481.0000000000
14906 -480.0000000000
14921 -479.0000000000
14926 -478.0000000000
14956 -477.0000000000
14973 -475.0000000000
15005 -473.0000000000
15100 -472.0000000000
15108 -471.0000000000
15147 -469.0000000000
15174 -467.0000000000
15188 -466.0000000000
15220 -465.0000000000
15241 -464.0000000000
15246 -463.0000000000
15252 -461.0000000000
15280 -460.0000000000
15303 -459.0000000000
15322 -458.0000000000
15354 -455.0000000000
15389 -454.0000000000
15406 -453.0000000000
15429 -452.0000000000
15463 -451.0000000000
15493 -450.0000000000
15518 -448.0000000000
15529 -447.0000000000
15542 -446.0000000000
15571 -444.0000000000
15604 -443.0000000000
15621 -442.0000000000
15631 -441.0000000000
15645 -440.0000000000
15655 -439.0000000000
15680 -438.0000000000
15712 -437.0000000000
15742 -436.0000000000
15750 -435.0000000000
15776 -434.0000000000
15784 -432.0000000000
15814 -431.0000000000
15835 -430.0000000000
15845 -429.0000000000
15863 -428.0000000000
15902 -427.0000000000
15927 -426.0000000000
15960 -425.0000000000
15976 -424.0000000000
16003 -421.0000000000
16038 -420.0000000000
16074 -419.0000000000
16083 -418.0000000000
16120 -417.0000000000
16142 -416.0000000000
16184 -415.0000000000
16245 -414.0000000000
16250 -413.0000000000
16261 -412.0000000000
16284 -411.0000000000
16324 -410.0000000000
16375 -407.0000000000
16385 -406.0000000000
16419 -405.0000000000
16429 -404.0000000000
16433 -403.0000000000
16453 -401.0000000000
16469 -400.0000000000
16498 -399.0000000000
16545 -397.0000000000
16569 -396.0000000000
16623 -395.0000000000
16680 -393.0000000000
16701 -392.0000000000
16741 -391.0000000000
16782 -390.0000000000
16796 -389.0000000000
16813 -386.0000000000
16863 -385.0000000000
16880 -384.0000000000
16883 -383.0000000000
16941 -381.0000000000
16964 -380.0000000000
16988 -379.0000000000
17004 -377.0000000000
17081 -375.0000000000
17104 -374.0000000000
17114 -373.0000000000
17123 -371.0000000000
17137 -369.0000000000
17146 -368.0000000000
17152 -367.0000000000
17167 -366.0000000000
17184 -365.0000000000
17216 -364.0000000000
17231 -363.0000000000
17273 -362.0000000000
17281 -361.0000000000
17289 -360.0000000000
17333 -359.0000000000
17359 -357.0000000000
17402 -356.0000000000
17435 -354.0000000000
17460 -353.0000000000
17489 -352.0000000000
17526 -351.0000000000
17540 -350.0000000000
17576 -348.0000000000
17611 -346.0000000000
17623 -344.0000000000
17643 -343.0000000000
17675 -342.0000000000
17691 -341.0000000000
17734 -340.0000000000
17780 -339.0000000000
17782 -338.0000000000
17795 -337.0000000000
17806 -336.0000000000
17829 -334.0000000000
17846 -333.0000000000
17866 -332.0000000000
17910 -331.0000000000
17971 -329.0000000000
17997 -328.0000000000
18028 -327.0000000000
18060 -326.0000000000
18092 -325.0000000000
18142 -324.0000000000
18197 -323.0000000000
18218 -322.0000000000
18238 -321.0000000000
18243 -320.0000000000
18290 -319.0000000000
18301 -318.0000000000
18319 -317.0000000000
18326 -316.0000000000
18366 -315.0000000000
18381 -314.0000000000
18433 -313.0000000000
18451 -312.0000000000
18494 -311.0000000000
18532 -310.0000000000
18544 -309.0000000000
18549 -308.0000000000
18588 -307.0000000000
18599 -306.0000000000
18614 -305.0000000000
18633 -304.0000000000
18642 -303.0000000000
18661 -301.0000000000
18713 -300.0000000000
18731 -299.0000000000
18770 -298.0000000000
18811 -297.0000000000
18864 -296.0000000000
18902 -295.0000000000
18939 -293.0000000000
19021 -292.0000000000
19035 -291.0000000000
19056 -290.0000000000
19114 -289.0000000000
19152 -288.0000000000
19162 -286.0000000000
19237 -285.0000000000
19253 -284.0000000000
19285 -283.0000000000
19298 -282.0000000000
19355 -280.0000000000
19391 -278.0000000000
19451 -277.0000000000
19505 -276.0000000000
19515 -275.0000000000
19547 -274.0000000000
19578 -273.0000000000
19583 -272.0000000000
19669 -269.0000000000
19680 -268.0000000000
19714 -267.0000000000
19736 -265.0000000000
19768 -264.0000000000
19809 -263.0000000000
19846 -261.0000000000
19891 -260.0000000000
19913 -259.0000000000
19931 -258.0000000000
19936 -257.0000000000
19947 -255.0000000000
20000 -253.0000000000
20060 -252.0000000000
20065 -250.0000000000
20128 -248.0000000000
20160 -247.0000000000
20171 -246.0000000000
20194 -245.0000000000
20212 -244.0000000000
20288 -243.0000000000
20301 -242.0000000000
20345 -240.0000000000
20370 -239.0000000000
20372 -238.0000000000
20401 -237.0000000000
20406 -236.0000000000
20437 -235.0000000000
20442 -233.0000000000
20472 -232.0000000000
20526 -231.0000000000
20541 -230.0000000000
20594 -228.0000000000
20634 -227.0000000000
20721 -226.0000000000
20732 -224.0000000000
20776 -223.0000000000
20802 -222.0000000000
20838 -221.0000000000
20858 -220.0000000000
20889 -219.0000000000
20895 -218.0000000000
20918 -217.0000000000
20950 -216.0000000000
20986 -215.0000000000
20999 -213.0000000000
21105 -212.0000000000
21140 -211.0000000000
21162 -210.0000000000
21176 -209.0000000000
21214 -207.0000000000
21240 -206.0000000000
21256 -205.0000000000
21295 -204.0000000000
21355 -203.0000000000
21364 -201.0000000000
21408 -200.0000000000
21425 -199.0000000000
21531 -198.0000000000
21560 -197.0000000000
21603 -195.0000000000
21621 -194.0000000000
21662 -192.0000000000
21707 -191.0000000000
21779 -189.0000000000
21790 -188.0000000000
21812 -187.0000000000
21816 -185.0000000000
21922 -184.0000000000
21926 -183.0000000000
22041 -180.0000000000
22108 -179.0000000000
22135 -178.0000000000
22167 -176.0000000000
22291 -175.0000000000
22329 -174.0000000000
22372 -170.0000000000
22453 -169.0000000000
22514 -168.0000000000
22570 -167.0000000000
22571 -166.0000000000
22615 -164.0000000000
22672 -163.0000000000
22688 -159.0000000000
22753 -158.0000000000
22848 -157.0000000000
22874 -156.0000000000
22886 -155.0000000000
22915 -153.0000000000
22945 -152.0000000000
22963 -150.0000000000
23030 -149.0000000000
23101 -148.0000000000
23194 -147.0000000000
23266 -146.0000000000
23274 -145.0000000000
23283 -144.0000000000
23371 -143.0000000000
23395 -142.0000000000
23415 -141.0000000000
23428 -140.0000000000
23502 -139.0000000000
23539 -137.0000000000
23561 -136.0000000000
23591 -135.0000000000
23632 -134.0000000000
23681 -132.0000000000
23743 -131.0000000000
23767 -130.0000000000
23828 -129.0000000000
23913 -127.0000000000
23962 -126.0000000000
23968 -125.0000000000
24004 -124.0000000000
24086 -123.0000000000
24117 -122.0000000000
24127 -121.0000000000
24148 -120.0000000000
24183 -119.0000000000
24234 -117.0000000000
24250 -116.0000000000
24310 -114.0000000000
24437 -113.0000000000
24463 -111.0000000000
24550 -109.0000000000
24650 -107.0000000000
24741 -106.0000000000
24764 -105.0000000000
24787 -104.0000000000
24841 -103.0000000000
24878 -101.0000000000
24982 -100.0000000000
24998 -99.0000000000
25034 -98.0000000000
25043 -97.0000000000
25346 -95.0000000000
25460 -94.0000000000
25654 -93.0000000000
25802 -92.0000000000
25955 -91.0000000000
25971 -88.0000000000
26141 -86.0000000000
26260 -85.0000000000
26272 -84.0000000000
26321 -83.0000000000
26387 -82.0000000000
26409 -81.0000000000
26464 -80.0000000000
26535 -79.0000000000
26594 -78.0000000000
26627 -77.0000000000
26920 -76.0000000000
26981 -75.0000000000
26988 -74.0000000000
27015 -72.0000000000
27029 -71.0000000000
27222 -70.0000000000
27291 -69.0000000000
27480 -68.0000000000
27687 -67.0000000000
27754 -66.0000000000
27816 -65.0000000000
27843 -64.0000000000
27870 -63.0000000000
28045 -62.0000000000
28079 -61.0000000000
28164 -60.0000000000
28234 -59.0000000000
28440 -58.0000000000
28605 -57.0000000000
28627 -56.0000000000
28709 -55.0000000000
28801 -54.0000000000
28882 -53.0000000000
29037 -52.0000000000
29134 -51.0000000000
29180 -50.0000000000
29216 -49.0000000000
29249 -48.0000000000
29299 -47.0000000000
29462 -46.0000000000
29814 -45.0000000000
29841 -44.0000000000
29946 -43.0000000000
30050 -42.0000000000
30121 -41.0000000000
30211 -40.0000000000
30323 -39.0000000000
30326 -38.0000000000
30335 -37.0000000000
30625 -36.0000000000
30741 -35.0000000000
30852 -34.0000000000
30936 -33.0000000000
30992 -32.0000000000
31077 -30.0000000000
31284 -29.0000000000
31426 -28.0000000000
31493 -26.0000000000
31690 -25.0000000000
31858 -24.0000000000
31869 -22.0000000000
32046 -21.0000000000
32129 -20.0000000000
32656 -19.0000000000
32727 -18.0000000000
32840 -16.0000000000
32910 -15.0000000000
33595 -14.0000000000
33831 -13.0000000000
33944 -12.0000000000
34280 -11.0000000000
34359 -10.0000000000
34759 -9.0000000000
35176 -8.0000000000
35401 -7.0000000000
35787 -6.0000000000
36745 -5.0000000000
36822 -4.0000000000
37206 -2.0000000000
38364 -1.0000000000
40100 93.0900000000
40136 93.1600000000
40197 105.2500000000
40232 118.4300000000
42191 219.4800000000
42368 220.2200000000
42376 224.5100000000
42387 238.8700000000
42422 239.4100000000
42707 239.4800000000
42782 257.3600000000
43011 260.4600000000
43068 262.7100000000
43182 282.3900000000
47655 308.0000000000
47884 312.6800000000
47942 326.9300000000
48793 424.4100000000
49856 433.7000000000
49897 436.2400000000
49963 449.6300000000
50008 451.3100000000
50014 453.1400000000
50023 457.9400000000
50197 467.3100000000
53000 471.9900000000
53212 472.9900000000
53416 474.4100000000
53549 475.7500000000
53676 483.1700000000
53789 487.8800000000
57015 495.8200000000
57815 501.6800000000
87448 590.9000000000
87524 591.1100000000
87573 599.4200000000
87609 604.2500000000
87873 620.9800000000
88239 628.0400000000
88455 634.4400000000
88724 643.4100000000
88987 648.0400000000
91862 706.4000000000
95073 725.1300000000
95196 726.7200000000
95204 735.9700000000
96467 741.2300000000
96592 741.2500000000
96924 742.0700000000
100000 707.0600000000
evaluations raw_y
1 -2004.0000000000
2 -1971.0000000000
9 -1943.0000000000
25 -1927.0000000000
29 -1922.0000000000
43 -1919.0000000000
46 -1917.0000000000
47 -1916.0000000000
49 -1902.0000000000
60 -1889.0000000000
70 -1882.0000000000
82 -1879.0000000000
87 -1875.0000000000
109 -1874.0000000000
117 -1855.0000000000
131 -1854.0000000000
132 -1852.0000000000
133 -1851.0000000000
147 -1845.0000000000
157 -1844.0000000000
171 -1837.0000000000
172 -1834.0000000000
183 -1833.0000000000
184 -1832.0000000000
191 -1830.0000000000
198 -1827.0000000000
202 -1826.0000000000
203 -1824.0000000000
217 -1820.0000000000
239 -1819.0000000000
242 -1816.0000000000
251 -1815.0000000000
267 -1814.0000000000
272 -1812.0000000000
287 -1811.0000000000
291 -1810.0000000000
307 -1808.0000000000
320 -1804.0000000000
331 -1803.0000000000
334 -1802.0000000000
345 -1800.0000000000
353 -1798.0000000000
362 -1797.0000000000
368 -1796.0000000000
371 -1795.0000000000
375 -1794.0000000000
382 -1791.0000000000
392 -1790.0000000000
393 -1789.0000000000
397 -1788.0000000000
418 -1786.0000000000
423 -1785.0000000000
428 -1784.0000000000
442 -1783.0000000000
451 -1782.0000000000
473 -1779.0000000000
478 -1778.0000000000
488 -1777.0000000000
491 -1776.0000000000
507 -1775.0000000000
511 -1772.0000000000
537 -1770.0000000000
540 -1769.0000000000
545 -1768.0000000000
548 -1767.0000000000
559 -1765.0000000000
561 -1764.0000000000
571 -1763.0000000000
576 -1761.0000000000
577 -1760.0000000000
581 -1759.0000000000
598 -1758.0000000000
606 -1756.0000000000
621 -1755.0000000000
631 -1754.0000000000
636 -1753.0000000000
638 -1752.0000000000
644 -1749.0000000000
674 -1748.0000000000
682 -1747.0000000000
701 -1746.0000000000
707 -1744.0000000000
729 -1742.0000000000
742 -1739.0000000000
760 -1738.0000000000
772 -1737.0000000000
785 -1735.0000000000
789 -1734.0000000000
795 -1732.0000000000
800 -1731.0000000000
819 -1730.0000000000
828 -1728.0000000000
841 -1727.0000000000
864 -1726.0000000000
873 -1725.0000000000
883 -1724.0000000000
885 -1722.0000000000
892 -1721.0000000000
905 -1720.0000000000
926 -1719.0000000000
931 -1716.0000000000
954 -1715.0000000000
955 -1712.0000000000
975 -1710.0000000000
991 -1708.0000000000
1009 -1705.0000000000
1025 -1701.0000000000
1045 -1700.0000000000
1060 -1698.0000000000
1062 -1697.0000000000
1085 -1696.0000000000
1089 -1695.0000000000
1099 -1694.0000000000
1104 -1693.0000000000
1113 -1692.0000000000
1127 -1691.0000000000
1129 -1689.0000000000
1135 -1688.0000000000
1138 -1686.0000000000
1141 -1685.0000000000
1157 -1684.0000000000
1168 -1681.0000000000
1176 -1680.0000000000
1204 -1679.0000000000
1210 -1676.0000000000
1218 -1675.0000000000
1226 -1673.0000000000
1239 -1670.0000000000
1251 -1669.0000000000
1263 -1666.0000000000
1282 -1664.0000000000
1295 -1663.0000000000
1321 -1662.0000000000
1330 -1660.0000000000
1349 -1659.0000000000
1365 -1658.0000000000
1373 -1656.0000000000
1385 -1654.0000000000
1406 -1652.0000000000
1415 -1650.0000000000
1431 -1649.0000000000
1442 -1648.0000000000
1452 -1646.0000000000
1471 -1643.0000000000
1481 -1641.0000000000
1486 -1640.0000000000
1497 -1638.0000000000
1506 -1635.0000000000
1523 -1632.0000000000
1541 -1631.0000000000
1543 -1628.0000000000
1562 -1627.0000000000
1574 -1625.0000000000
1584 -1622.0000000000
1606 -1621.0000000000
1608 -1620.0000000000
1612 -1619.0000000000
1623 -1618.0000000000
1624 -1617.0000000000
1635 -1616.0000000000
1648 -1611.0000000000
1655 -1610.0000000000
1684 -1609.0000000000
1695 -1608.0000000000
1702 -1607.0000000000
1706 -1606.0000000000
1736 -1605.0000000000
1741 -1604.0000000000
1761 -1603.0000000000
1763 -1602.0000000000
1786 -1601.0000000000
1791 -1600.0000000000
1794 -1599.0000000000
1827 -1598.0000000000
1828 -1595.0000000000
1833 -1594.0000000000
1851 -1592.0000000000
1862 -1590.0000000000
1881 -1588.0000000000
1885 -1587.0000000000
1892 -1585.0000000000
1905 -1584.0000000000
1909 -1583.0000000000
1915 -1582.0000000000
1929 -1581.0000000000
1932 -1580.0000000000
1937 -1578.0000000000
1944 -1577.0000000000
1962 -1576.0000000000
1969 -1575.0000000000
1997 -1574.0000000000
1998 -1571.0000000000
2003 -1569.0000000000
2017 -1567.0000000000
2026 -1565.0000000000
2033 -1563.0000000000
2034 -1562.0000000000
2047 -1558.0000000000
2054 -1557.0000000000
2059 -1556.0000000000
2073 -1555.0000000000
2089 -1552.0000000000
2096 -1549.0000000000
2104 -1547.0000000000
2123 -1546.0000000000
2125 -1545.0000000000
2169 -1541.0000000000
2180 -1540.0000000000
2181 -1539.0000000000
2218 -1537.0000000000
2236 -1535.0000000000
2248 -1533.0000000000
2264 -1532.0000000000
2283 -1531.0000000000
2294 -1530.0000000000
2295 -1527.0000000000
2317 -1525.0000000000
2324 -1524.0000000000
2335 -1523.0000000000
2341 -1522.0000000000
2351 -1520.0000000000
2362 -1519.0000000000
2371 -1517.0000000000
2377 -1515.0000000000
2412 -1514.0000000000
2421 -1512.0000000000
2442 -1511.0000000000
2455 -1510.0000000000
2464 -1509.0000000000
2477 -1508.0000000000
2491 -1507.0000000000
2499 -1506.0000000000
2520 -1505.0000000000
2521 -1503.0000000000
2541 -1502.0000000000
2544 -1501.0000000000
2562 -1500.0000000000
2569 -1498.0000000000
2586 -1497.0000000000
2611 -1496.0000000000
2615 -1493.0000000000
2632 -1491.0000000000
2652 -1490.0000000000
2659 -1489.0000000000
2663 -1488.0000000000
2683 -1487.0000000000
2706 -1486.0000000000
2707 -1484.0000000000
2722 -1482.0000000000
2728 -1481.0000000000
2738 -1480.0000000000
2749 -1478.0000000000
2761 -1477.0000000000
2770 -1476.0000000000
2771 -1475.0000000000
2772 -1474.0000000000
2781 -1473.0000000000
2782 -1471.0000000000
2803 -1470.0000000000
2809 -1469.0000000000
2828 -1468.0000000000
2840 -1466.0000000000
2847 -1465.0000000000
2853 -1464.0000000000
2871 -1463.0000000000
2875 -1462.0000000000
2888 -1461.0000000000
2899 -1460.0000000000
2911 -1458.0000000000
2929 -1457.0000000000
2939 -1456.0000000000
2943 -1455.0000000000
2947 -1454.0000000000
2956 -1452.0000000000
2971 -1450.0000000000
2986 -1449.0000000000
3015 -1448.0000000000
3023 -1447.0000000000
3037 -1446.0000000000
3051 -1444.0000000000
3063 -1441.0000000000
3083 -1440.0000000000
3092 -1439.0000000000
3102 -1436.0000000000
3112 -1435.0000000000
3124 -1433.0000000000
3136 -1432.0000000000
3150 -1429.0000000000
3155 -1427.0000000000
3167 -1426.0000000000
3174 -1425.0000000000
3177 -1424.0000000000
3197 -1423.0000000000
3206 -1421.0000000000
3218 -1420.0000000000
3222 -1419.0000000000
3248 -1418.0000000000
3250 -1417.0000000000
3274 -1416.0000000000
3276 -1415.0000000000
3281 -1412.0000000000
3315 -1411.0000000000
3324 -1410.0000000000
3335 -1409.0000000000
3340 -1404.0000000000
3342 -1403.0000000000
3357 -1401.0000000000
3378 -1400.0000000000
3387 -1399.0000000000
3401 -1395.0000000000
3427 -1394.0000000000
3438 -1393.0000000000
3455 -1389.0000000000
3481 -1388.0000000000
3484 -1386.0000000000
3498 -1385.0000000000
3504 -1384.0000000000
3514 -1383.0000000000
3521 -1381.0000000000
3549 -1380.0000000000
3553 -1379.0000000000
3566 -1378.0000000000
3578 -1377.0000000000
3589 -1374.0000000000
3604 -1372.0000000000
3628 -1370.0000000000
3643 -1369.0000000000
3652 -1368.0000000000
3654 -1366.0000000000
3662 -1364.0000000000
3676 -1363.0000000000
3688 -1362.0000000000
3693 -1360.0000000000
3707 -1359.0000000000
3726 -1358.0000000000
3736 -1356.0000000000
3747 -1354.0000000000
3758 -1352.0000000000
3786 -1349.0000000000
3815 -1347.0000000000
3833 -1346.0000000000
3836 -1343.0000000000
3859 -1340.0000000000
3866 -1339.0000000000
3883 -1337.0000000000
3891 -1333.0000000000
3908 -1329.0000000000
3931 -1328.0000000000
3932 -1327.0000000000
3952 -1326.0000000000
3963 -1325.0000000000
3977 -1324.0000000000
3986 -1323.0000000000
3992 -1322.0000000000
4009 -1321.0000000000
4025 -1320.0000000000
4026 -1319.0000000000
4038 -1317.0000000000
4053 -1316.0000000000
4064 -1315.0000000000
4068 -1314.0000000000
4075 -1312.0000000000
4097 -1310.0000000000
4108 -1308.0000000000
4139 -1306.0000000000
4141 -1304.0000000000
4150 -1303.0000000000
4153 -1302.0000000000
4165 -1301.0000000000
4174 -1300.0000000000
4184 -1298.0000000000
4191 -1297.0000000000
4205 -1296.0000000000
4207 -1295.0000000000
4227 -1294.0000000000
4228 -1292.0000000000
4235 -1291.0000000000
4242 -1289.0000000000
4253 -1287.0000000000
4268 -1286.0000000000
4274 -1285.0000000000
4281 -1281.0000000000
4308 -1280.0000000000
4314 -1279.0000000000
4333 -1277.0000000000
4343 -1276.0000000000
4346 -1275.0000000000
4354 -1274.0000000000
4376 -1273.0000000000
4382 -1272.0000000000
4384 -1271.0000000000
4399 -1270.0000000000
4411 -1268.0000000000
4431 -1267.0000000000
4449 -1266.0000000000
4464 -1265.0000000000
4473 -1263.0000000000
4493 -1262.0000000000
4503 -1260.0000000000
4524 -1259.0000000000
4546 -1258.0000000000
4550 -1257.0000000000
4559 -1256.0000000000
4562 -1255.0000000000
4570 -1254.0000000000
4573 -1252.0000000000
4607 -1250.0000000000
4613 -1249.0000000000
4630 -1248.0000000000
4634 -1246.0000000000
4649 -1245.0000000000
4657 -1244.0000000000
4662 -1242.0000000000
4676 -1239.0000000000
4692 -1238.0000000000
4712 -1237.0000000000
4714 -1236.0000000000
4715 -1235.0000000000
4736 -1233.0000000000
4759 -1231.0000000000
4784 -1228.0000000000
4807 -1227.0000000000
4812 -1225.0000000000
4826 -1224.0000000000
4843 -1223.0000000000
4847 -1222.0000000000
4868 -1221.0000000000
4887 -1220.0000000000
4888 -1217.0000000000
4896 -1216.0000000000
4902 -1215.0000000000
4917 -1214.0000000000
4926 -1213.0000000000
4947 -1211.0000000000
4985 -1210.0000000000
4991 -1209.0000000000
5000 -1208.0000000000
5014 -1207.0000000000
5023 -1206.0000000000
5041 -1204.0000000000
5059 -1203.0000000000
5065 -1202.0000000000
5078 -1198.0000000000
5130 -1197.0000000000
5143 -1196.0000000000
5158 -1195.0000000000
5163 -1194.0000000000
5181 -1192.0000000000
5188 -1191.0000000000
5209 -1190.0000000000
5213 -1188.0000000000
5229 -1185.0000000000
5254 -1184.0000000000
5283 -1182.0000000000
5293 -1180.0000000000
5302 -1179.0000000000
5312 -1178.0000000000
5331 -1176.0000000000
5333 -1175.0000000000
5334 -1174.0000000000
5355 -1173.0000000000
5371 -1172.0000000000
5375 -1171.0000000000
5382 -1169.0000000000
5407 -1168.0000000000
5416 -1167.0000000000
5421 -1166.0000000000
5438 -1160.0000000000
5478 -1159.0000000000
5491 -1158.0000000000
5515 -1157.0000000000
5543 -1156.0000000000
5576 -1155.0000000000
5585 -1154.0000000000
5605 -1153.0000000000
5611 -1150.0000000000
5626 -1149.0000000000
5639 -1147.0000000000
5642 -1146.0000000000
5661 -1145.0000000000
5675 -1141.0000000000
5706 -1140.0000000000
5713 -1139.0000000000
5721 -1138.0000000000
5740 -1136.0000000000
5755 -1135.0000000000
5760 -1134.0000000000
5770 -1132.0000000000
5788 -1130.0000000000
5804 -1129.0000000000
5818 -1128.0000000000
5823 -1127.0000000000
5831 -1126.0000000000
5861 -1124.0000000000
5891 -1123.0000000000
5903 -1120.0000000000
5922 -1118.0000000000
5942 -1117.0000000000
5956 -1115.0000000000
5973 -1114.0000000000
5999 -1112.0000000000
6002 -1111.0000000000
6011 -1110.0000000000
6023 -1109.0000000000
6047 -1108.0000000000
6054 -1105.0000000000
6072 -1103.0000000000
6093 -1102.0000000000
6119 -1099.0000000000
6141 -1097.0000000000
6162 -1095.0000000000
6208 -1094.0000000000
6242 -1092.0000000000
6260 -1090.0000000000
6272 -1089.0000000000
6285 -1088.0000000000
6287 -1086.0000000000
6320 -1084.0000000000
6330 -1081.0000000000
6348 -1080.0000000000
6363 -1079.0000000000
6374 -1078.0000000000
6390 -1077.0000000000
6409 -1076.0000000000
6421 -1073.0000000000
6426 -1072.0000000000
6442 -1070.0000000000
6450 -1069.0000000000
6482 -1068.0000000000
6493 -1067.0000000000
6500 -1066.0000000000
6504 -1065.0000000000
6519 -1063.0000000000
6522 -1062.0000000000
6535 -1061.0000000000
6543 -1060.0000000000
6563 -1059.0000000000
6577 -1057.0000000000
6592 -1056.0000000000
6607 -1055.0000000000
6621 -1054.0000000000
6641 -1053.0000000000
6661 -1052.0000000000
6679 -1051.0000000000
6705 -1050.0000000000
6715 -1049.0000000000
6724 -1047.0000000000
6744 -1045.0000000000
6761 -1044.0000000000
6768 -1041.0000000000
6775 -1039.0000000000
6793 -1038.0000000000
6812 -1036.0000000000
6830 -1035.0000000000
6846 -1033.0000000000
6852 -1032.0000000000
6871 -1030.0000000000
6883 -1029.0000000000
6898 -1028.0000000000
6913 -1027.0000000000
6916 -1025.0000000000
6946 -1024.0000000000
6959 -1023.0000000000
6967 -1022.0000000000
6969 -1021.0000000000
6979 -1017.0000000000
7016 -1016.0000000000
7022 -1015.0000000000
7024 -1014.0000000000
7038 -1013.0000000000
7041 -1012.0000000000
7069 -1011.0000000000
7071 -1010.0000000000
7088 -1008.0000000000
7113 -1005.0000000000
7152 -1002.0000000000
7181 -1001.0000000000
7197 -1000.0000000000
7231 -999.0000000000
7234 -998.0000000000
7244 -997.0000000000
7250 -996.0000000000
7260 -995.0000000000
7265 -993.0000000000
7310 -992.0000000000
7312 -990.0000000000
7333 -988.0000000000
7338 -987.0000000000
7341 -985.0000000000
7358 -984.0000000000
7376 -983.0000000000
7387 -982.0000000000
7411 -979.0000000000
7432 -978.0000000000
7441 -977.0000000000
7452 -976.0000000000
7458 -974.0000000000
7476 -972.0000000000
7486 -971.0000000000
7502 -970.0000000000
7507 -969.0000000000
7513 -968.0000000000
7519 -966.0000000000
7538 -965.0000000000
7553 -961.0000000000
7569 -960.0000000000
7575 -958.0000000000
7582 -956.0000000000
7607 -954.0000000000
7613 -953.0000000000
7626 -951.0000000000
7643 -950.0000000000
7652 -949.0000000000
7669 -948.0000000000
7713 -947.0000000000
7750 -945.0000000000
7771 -944.0000000000
7785 -942.0000000000
7814 -938.0000000000
7836 -937.0000000000
7888 -935.0000000000
7914 -934.0000000000
7921 -933.0000000000
7945 -930.0000000000
7977 -929.0000000000
7999 -928.0000000000
8000 -927.0000000000
8005 -926.0000000000
8029 -925.0000000000
8031 -922.0000000000
8042 -920.0000000000
8058 -919.0000000000
8069 -917.0000000000
8082 -916.0000000000
8097 -915.0000000000
8118 -914.0000000000
8143 -912.0000000000
8154 -910.0000000000
8175 -908.0000000000
8190 -907.0000000000
8200 -904.0000000000
8223 -903.0000000000
8233 -902.0000000000
8259 -901.0000000000
8265 -900.0000000000
8276 -898.0000000000
8313 -896.0000000000
8323 -895.0000000000
8333 -894.0000000000
8354 -893.0000000000
8395 -891.0000000000
8421 -889.0000000000
8431 -888.0000000000
8443 -887.0000000000
8459 -885.0000000000
8470 -884.0000000000
8477 -882.0000000000
8484 -879.0000000000
8532 -878.0000000000
8546 -877.0000000000
8560 -876.0000000000
8566 -875.0000000000
8572 -874.0000000000
8581 -873.0000000000
8609 -872.0000000000
8618 -871.0000000000
8622 -869.0000000000
8642 -868.0000000000
8656 -867.0000000000
8679 -866.0000000000
8687 -865.0000000000
8705 -864.0000000000
8706 -860.0000000000
8745 -859.0000000000
8759 -857.0000000000
8779 -856.0000000000
8782 -855.0000000000
8787 -853.0000000000
8818 -851.0000000000
8839 -850.0000000000
8844 -848.0000000000
8862 -847.0000000000
8878 -845.0000000000
8901 -844.0000000000
8902 -843.0000000000
8953 -841.0000000000
8970 -840.0000000000
8979 -839.0000000000
8995 -838.0000000000
9012 -837.0000000000
9021 -836.0000000000
9026 -835.0000000000
9028 -834.0000000000
9045 -833.0000000000
9060 -832.0000000000
9061 -831.0000000000
9062 -830.0000000000
9080 -829.0000000000
9083 -827.0000000000
9098 -825.0000000000
9129 -824.0000000000
9136 -823.0000000000
9166 -819.0000000000
9224 -818.0000000000
9236 -816.0000000000
9247 -815.0000000000
9307 -814.0000000000
9331 -813.0000000000
9339 -812.0000000000
9361 -811.0000000000
9370 -809.0000000000
9384 -808.0000000000
9394 -806.0000000000
9431 -804.0000000000
9450 -802.0000000000
9470 -801.0000000000
9478 -800.0000000000
9491 -799.0000000000
9516 -796.0000000000
9547 -795.0000000000
9568 -794.0000000000
9591 -793.0000000000
9593 -792.0000000000
9600 -790.0000000000
9618 -789.0000000000
9643 -788.0000000000
9653 -787.0000000000
9667 -786.0000000000
9672 -785.0000000000
9700 -784.0000000000
9716 -783.0000000000
9739 -782.0000000000
9747 -780.0000000000
9768 -778.0000000000
9803 -777.0000000000
9809 -776.0000000000
9840 -775.0000000000
9849 -774.0000000000
9880 -773.0000000000
9882 -772.0000000000
9903 -771.0000000000
9931 -769.0000000000
9946 -767.0000000000
9958 -766.0000000000
9963 -765.0000000000
10003 -762.0000000000
10041 -760.0000000000
10054 -759.0000000000
10085 -758.0000000000
10101 -757.0000000000
10114 -755.0000000000
10153 -754.0000000000
10162 -753.0000000000
10199 -751.0000000000
10213 -749.0000000000
10228 -748.0000000000
10253 -747.0000000000
10261 -746.0000000000
10284 -745.0000000000
10316 -744.0000000000
10345 -742.0000000000
10358 -741.0000000000
10378 -740.0000000000
10404 -739.0000000000
10430 -737.0000000000
10448 -736.0000000000
10471 -735.0000000000
10483 -734.0000000000
10505 -733.0000000000
10511 -732.0000000000
10538 -731.0000000000
10548 -730.0000000000
10559 -729.0000000000
10575 -728.0000000000
10597 -726.0000000000
10607 -724.0000000000
10653 -723.0000000000
10676 -722.0000000000
10692 -717.0000000000
10752 -716.0000000000
10753 -715.0000000000
10778 -713.0000000000
10800 -711.0000000000
10802 -710.0000000000
10827 -709.0000000000
10842 -708.0000000000
10847 -707.0000000000
10868 -706.0000000000
10881 -705.0000000000
10894 -704.0000000000
10902 -703.0000000000
10911 -701.0000000000
10937 -700.0000000000
10963 -699.0000000000
10971 -698.0000000000
10974 -697.0000000000
10986 -695.0000000000
11026 -694.0000000000
11041 -693.0000000000
11054 -691.0000000000
11098 -690.0000000000
11103 -689.0000000000
11112 -687.0000000000
11124 -686.0000000000
11140 -685.0000000000
11156 -684.0000000000
11178 -683.0000000000
11182 -682.0000000000
11219 -681.0000000000
11260 -680.0000000000
11269 -679.0000000000
11317 -678.0000000000
11330 -677.0000000000
11348 -676.0000000000
11358 -674.0000000000
11373 -672.0000000000
11402 -671.0000000000
11412 -669.0000000000
11448 -668.0000000000
11450 -667.0000000000
11452 -666.0000000000
11491 -665.0000000000
11514 -664.0000000000
11520 -663.0000000000
11522 -662.0000000000
11573 -661.0000000000
11607 -659.0000000000
11618 -658.0000000000
11628 -656.0000000000
11646 -655.0000000000
11675 -653.0000000000
11710 -652.0000000000
11718 -651.0000000000
11722 -650.0000000000
11751 -649.0000000000
11766 -648.0000000000
11786 -647.0000000000
11804 -646.0000000000
11813 -644.0000000000
11831 -643.0000000000
11832 -642.0000000000
11855 -641.0000000000
11877 -639.0000000000
11895 -638.0000000000
11901 -637.0000000000
11916 -636.0000000000
11951 -635.0000000000
11969 -634.0000000000
11982 -632.0000000000
12036 -631.0000000000
12052 -630.0000000000
12061 -629.0000000000
12118 -626.0000000000
12140 -625.0000000000
12146 -624.0000000000
12159 -623.0000000000
12176 -621.0000000000
12192 -620.0000000000
12205 -618.0000000000
12237 -617.0000000000
12253 -616.0000000000
12263 -615.0000000000
12280 -613.0000000000
12326 -612.0000000000
12328 -609.0000000000
12365 -608.0000000000
12395 -607.0000000000
12415 -606.0000000000
12418 -603.0000000000
12433 -601.0000000000
12454 -600.0000000000
12489 -598.0000000000
12512 -597.0000000000
12533 -596.0000000000
12557 -595.0000000000
12564 -594.0000000000
12588 -593.0000000000
12620 -592.0000000000
12634 -590.0000000000
12666 -589.0000000000
12694 -588.0000000000
12700 -587.0000000000
12722 -586.0000000000
12757 -584.0000000000
12759 -582.0000000000
12775 -581.0000000000
12785 -580.0000000000
12816 -579.0000000000
12846 -578.0000000000
12854 -577.0000000000
12862 -576.0000000000
12919 -575.0000000000
12940 -574.0000000000
12984 -572.0000000000
13001 -571.0000000000
13009 -570.0000000000
13036 -569.0000000000
13042 -568.0000000000
13062 -565.0000000000
13076 -564.0000000000
13103 -563.0000000000
13128 -562.0000000000
13132 -561.0000000000
13147 -560.0000000000
13173 -559.0000000000
13187 -558.0000000000
13191 -557.0000000000
13201 -556.0000000000
13234 -555.0000000000
13244 -554.0000000000
13254 -552.0000000000
13282 -550.0000000000
13336 -549.0000000000
13341 -548.0000000000
13358 -547.0000000000
13384 -546.0000000000
13396 -545.0000000000
13401 -544.0000000000
13449 -543.0000000000
13457 -542.0000000000
13477 -540.0000000000
13505 -538.0000000000
13513 -537.0000000000
13561 -535.0000000000
13567 -534.0000000000
13600 -533.0000000000
13620 -532.0000000000
13642 -531.0000000000
13658 -529.0000000000
13667 -528.0000000000
13713 -527.0000000000
13720 -526.0000000000
13761 -525.0000000000
13762 -522.0000000000
13803 -521.0000000000
13829 -519.0000000000
13850 -518.0000000000
13874 -517.0000000000
13894 -516.0000000000
13919 -515.0000000000
13944 -512.0000000000
13992 -511.0000000000
14030 -510.0000000000
14033 -509.0000000000
14046 -508.0000000000
14050 -507.0000000000
14061 -503.0000000000
14114 -502.0000000000
14137 -501.0000000000
14164 -500.0000000000
14181 -497.0000000000
14218 -496.0000000000
14233 -494.0000000000
14242 -493.0000000000
14272 -492.0000000000
14288 -491.0000000000
14324 -490.0000000000
14367 -489.0000000000
14372 -488.0000000000
14377 -487.0000000000
14424 -485.0000000000
14457 -484.0000000000
14476 -483.0000000000
14516 -481.0000000000
14537 -479.0000000000
14586 -478.0000000000
14596 -477.0000000000
14603 -475.0000000000
14620 -474.0000000000
14670 -473.0000000000
14716 -472.0000000000
14739 -471.0000000000
14762 -468.0000000000
14801 -466.0000000000
14847 -465.0000000000
14884 -463.0000000000
14904 -462.0000000000
14931 -461.0000000000
14944 -458.0000000000
14997 -457.0000000000
15020 -456.0000000000
15029 -455.0000000000
15071 -454.0000000000
15109 -450.0000000000
15118 -449.0000000000
15207 -448.0000000000
15214 -447.0000000000
15232 -446.0000000000
15259 -444.0000000000
15305 -443.0000000000
15340 -440.0000000000
15367 -439.0000000000
15381 -438.0000000000
15402 -437.0000000000
15412 -436.0000000000
15433 -435.0000000000
15460 -434.0000000000
15475 -433.0000000000
15476 -432.0000000000
15483 -431.0000000000
15493 -430.0000000000
15510 -429.0000000000
15533 -428.0000000000
15561 -427.0000000000
15595 -426.0000000000
15622 -425.0000000000
15645 -423.0000000000
15678 -422.0000000000
15715 -420.0000000000
15743 -419.0000000000
15765 -418.0000000000
15789 -416.0000000000
15802 -415.0000000000
15831 -413.0000000000
15841 -412.0000000000
15904 -411.0000000000
15911 -410.0000000000
15943 -407.0000000000
15984 -406.0000000000
16022 -405.0000000000
16058 -404.0000000000
16107 -401.0000000000
16125 -400.0000000000
16213 -399.0000000000
16232 -397.0000000000
16319 -396.0000000000
16349 -395.0000000000
16386 -394.0000000000
16399 -393.0000000000
16417 -392.0000000000
16459 -390.0000000000
16496 -389.0000000000
16534 -388.0000000000
16552 -387.0000000000
16566 -386.0000000000
16595 -385.0000000000
16603 -382.0000000000
16621 -381.0000000000
16646 -380.0000000000
16659 -379.0000000000
16714 -378.0000000000
16735 -377.0000000000
16772 -376.0000000000
16792 -375.0000000000
16803 -374.0000000000
16855 -373.0000000000
16881 -372.0000000000
16911 -371.0000000000
16922 -370.0000000000
16926 -369.0000000000
16930 -367.0000000000
16995 -365.0000000000
17035 -363.0000000000
17065 -362.0000000000
17096 -361.0000000000
17116 -359.0000000000
17147 -357.0000000000
17161 -356.0000000000
17172 -355.0000000000
17181 -354.0000000000
17231 -353.0000000000
17261 -352.0000000000
17294 -351.0000000000
17303 -350.0000000000
17318 -349.0000000000
17331 -348.0000000000
17349 -347.0000000000
17367 -346.0000000000
17390 -345.0000000000
17441 -344.0000000000
17465 -341.0000000000
17493 -340.0000000000
17547 -338.0000000000
17588 -337.0000000000
17626 -336.0000000000
17656 -335.0000000000
17682 -334.0000000000
17700 -333.0000000000
17718 -332.0000000000
17720 -331.0000000000
17747 -330.0000000000
17846 -328.0000000000
17874 -327.0000000000
17921 -326.0000000000
17953 -325.0000000000
17974 -324.0000000000
18001 -323.0000000000
18015 -320.0000000000
18058 -318.0000000000
18090 -317.0000000000
18124 -316.0000000000
18142 -314.0000000000
18216 -313.0000000000
18238 -312.0000000000
18245 -311.0000000000
18263 -310.0000000000
18282 -309.0000000000
18306 -308.0000000000
18338 -307.0000000000
18354 -305.0000000000
18387 -304.0000000000
18427 -302.0000000000
18462 -301.0000000000
18479 -300.0000000000
18512 -299.0000000000
18543 -297.0000000000
18608 -296.0000000000
18694 -295.0000000000
18771 -294.0000000000
18814 -293.0000000000
18823 -289.0000000000
18896 -288.0000000000
18912 -287.0000000000
18922 -286.0000000000
18935 -285.0000000000
18955 -284.0000000000
18988 -283.0000000000
19051 -280.0000000000
19180 -279.0000000000
19242 -278.0000000000
19288 -277.0000000000
19341 -276.0000000000
19364 -275.0000000000
19388 -274.0000000000
19396 -273.0000000000
19432 -272.0000000000
19437 -270.0000000000
19504 -269.0000000000
19545 -267.0000000000
19559 -266.0000000000
19656 -265.0000000000
19713 -264.0000000000
19727 -263.0000000000
19773 -262.0000000000
19813 -261.0000000000
19862 -260.0000000000
19881 -258.0000000000
19976 -257.0000000000
19985 -255.0000000000
20045 -254.0000000000
20057 -253.0000000000
20060 -252.0000000000
20130 -250.0000000000
20153 -249.0000000000
20167 -248.0000000000
20227 -247.0000000000
20239 -246.0000000000
20304 -245.0000000000
20325 -243.0000000000
20380 -242.0000000000
20389 -241.0000000000
20467 -240.0000000000
20513 -239.0000000000
20547 -238.0000000000
20628 -236.0000000000
20665 -234.0000000000
20682 -233.0000000000
20719 -231.0000000000
20765 -230.0000000000
20789 -228.0000000000
20839 -226.0000000000
20846 -225.0000000000
20913 -224.0000000000
20933 -223.0000000000
20957 -222.0000000000
21010 -221.0000000000
21058 -219.0000000000
21175 -218.0000000000
21198 -217.0000000000
21232 -215.0000000000
21255 -214.0000000000
21282 -213.0000000000
21344 -212.0000000000
21399 -211.0000000000
21469 -210.0000000000
21525 -209.0000000000
21541 -208.0000000000
21567 -207.0000000000
21604 -206.0000000000
21617 -205.0000000000
21651 -204.0000000000
21656 -203.0000000000
21693 -202.0000000000
21728 -201.0000000000
21766 -200.0000000000
21823 -199.0000000000
21896 -198.0000000000
21954 -197.0000000000
21989 -196.0000000000
22022 -194.0000000000
22043 -193.0000000000
22112 -192.0000000000
22126 -191.0000000000
22175 -190.0000000000
22186 -189.0000000000
22215 -187.0000000000
22229 -186.0000000000
22425 -185.0000000000
22472 -184.0000000000
22545 -183.0000000000
22571 -182.0000000000
22604 -180.0000000000
22628 -179.0000000000
22688 -177.0000000000
22701 -176.0000000000
22743 -175.0000000000
22756 -174.0000000000
22782 -173.0000000000
22805 -172.0000000000
22811 -171.0000000000
22859 -170.0000000000
22878 -169.0000000000
22909 -168.0000000000
22911 -167.0000000000
22929 -165.0000000000
22986 -164.0000000000
23066 -163.0000000000
23089 -162.0000000000
23126 -161.0000000000
23145 -160.0000000000
23162 -158.0000000000
23193 -157.0000000000
23227 -156.0000000000
23248 -155.0000000000
23265 -154.0000000000
23289 -153.0000000000
23380 -152.0000000000
23382 -151.0000000000
23428 -150.0000000000
23433 -149.0000000000
23470 -148.0000000000
23517 -147.0000000000
23521 -146.0000000000
23540 -145.0000000000
23573 -144.0000000000
23618 -142.0000000000
23660 -141.0000000000
23703 -140.0000000000
23712 -138.0000000000
23745 -137.0000000000
23753 -136.0000000000
23891 -135.0000000000
23961 -134.0000000000
23987 -133.0000000000
23998 -132.0000000000
24047 -130.0000000000
24135 -129.0000000000
24161 -128.0000000000
24274 -127.0000000000
24356 -126.0000000000
24362 -125.0000000000
24382 -124.0000000000
24451 -123.0000000000
24550 -122.0000000000
24636 -120.0000000000
24684 -119.0000000000
24742 -118.0000000000
24786 -117.0000000000
24835 -116.0000000000
24843 -115.0000000000
24923 -113.0000000000
24998 -112.0000000000
25049 -111.0000000000
25103 -110.0000000000
25169 -109.0000000000
25227 -108.0000000000
25251 -107.0000000000
25305 -106.0000000000
25360 -105.0000000000
25497 -104.0000000000
25623 -103.0000000000
25694 -102.0000000000
25744 -101.0000000000
25783 -100.0000000000
25859 -99.0000000000
25915 -98.0000000000
25999 -96.0000000000
26047 -94.0000000000
26203 -93.0000000000
26250 -92.0000000000
26298 -91.0000000000
26475 -90.0000000000
26515 -89.0000000000
26597 -88.0000000000
26673 -87.0000000000
26686 -86.0000000000
26773 -85.0000000000
26806 -84.0000000000
26914 -83.0000000000
26979 -81.0000000000
27162 -79.0000000000
27182 -77.0000000000
27228 -76.0000000000
27257 -75.0000000000
27364 -74.0000000000
27415 -73.0000000000
27423 -71.0000000000
27596 -70.0000000000
27761 -69.0000000000
27832 -68.0000000000
27920 -67.0000000000
28047 -66.0000000000
28151 -65.0000000000
28266 -64.0000000000
28319 -63.0000000000
28359 -62.0000000000
28402 -61.0000000000
28717 -60.0000000000
28790 -59.0000000000
28931 -58.0000000000
29126 -57.0000000000
29191 -56.0000000000
29223 -55.0000000000
29473 -53.0000000000
29541 -52.0000000000
29743 -50.0000000000
29927 -48.0000000000
29981 -47.0000000000
30032 -46.0000000000
30087 -45.0000000000
30177 -44.0000000000
30430 -42.0000000000
30800 -41.0000000000
30871 -40.0000000000
30918 -39.0000000000
30988 -38.0000000000
31232 -37.0000000000
31553 -35.0000000000
31704 -34.0000000000
31965 -33.0000000000
31996 -32.0000000000
32039 -31.0000000000
32119 -30.0000000000
32237 -29.0000000000
32449 -27.0000000000
32875 -26.0000000000
32935 -25.0000000000
33023 -24.0000000000
33123 -23.0000000000
33337 -21.0000000000
33531 -19.0000000000
33603 -18.0000000000
33738 -17.0000000000
33798 -16.0000000000
33988 -15.0000000000
34264 -14.0000000000
34707 -13.0000000000
35089 -11.0000000000
35333 -10.0000000000
35451 -9.0000000000
35567 -8.0000000000
35593 -7.0000000000
35620 -6.0000000000
35706 -5.0000000000
36113 -4.0000000000
36232 -2.0000000000
36552 -1.0000000000
37424 57.0000000000
37426 60.6200000000
37441 77.6600000000
37491 93.8600000000
37494 104.9900000000
37563 108.3900000000
37636 144.3200000000
38200 146.4800000000
38266 152.4900000000
38539 156.3600000000
38617 223.1800000000
38881 224.8400000000
38892 228.6400000000
38894 231.5600000000
38947 250.2500000000
39333 379.2600000000
40195 390.9400000000
40276 526.1800000000
42972 530.2200000000
42984 537.3100000000
43110 538.7600000000
43148 542.1400000000
43151 543.5100000000
43516 548.3700000000
45450 667.9900000000
49412 685.6400000000
49732 689.2600000000
50128 691.3300000000
54128 696.6200000000
54840 700.1100000000
58078 710.2500000000
58396 715.2900000000
58414 717.5600000000
58524 718.3800000000
58691 719.6300000000
58697 721.2000000000
58755 721.7600000000
58797 727.3300000000
59770 735.1500000000
59840 753.8300000000
62143 809.5900000000
64235 825.9400000000
65379 827.2200000000
67121 862.3100000000
71256 868.1700000000
72183 872.9100000000
75205 889.9500000000
100000 -1.0000000000
evaluations raw_y
1 -2024.0000000000
2 -2017.0000000000
3 -2013.0000000000
4 -1991.0000000000
11 -1979.0000000000
24 -1977.0000000000
26 -1969.0000000000
38 -1941.0000000000
54 -1926.0000000000
61 -1914.0000000000
73 -1913.0000000000
82 -1905.0000000000
85 -1901.0000000000
88 -1900.0000000000
90 -1888.0000000000
98 -1887.0000000000
101 -1880.0000000000
111 -1871.0000000000
113 -1870.0000000000
122 -1865.0000000000
128 -1864.0000000000
135 -1860.0000000000
143 -1850.0000000000
155 -1849.0000000000
164 -1840.0000000000
179 -1838.0000000000
184 -1837.0000000000
188 -1833.0000000000
201 -1829.0000000000
214 -1823.0000000000
233 -1822.0000000000
238 -1817.0000000000
274 -1814.0000000000
291 -1809.0000000000
311 -1804.0000000000
342 -1803.0000000000
354 -1802.0000000000
356 -1800.0000000000
374 -1799.0000000000
381 -1798.0000000000
397 -1797.0000000000
409 -1796.0000000000
413 -1793.0000000000
424 -1792.0000000000
428 -1791.0000000000
432 -1789.0000000000
456 -1788.0000000000
463 -1786.0000000000
476 -1785.0000000000
479 -1784.0000000000
491 -1783.0000000000
506 -1782.0000000000
511 -1780.0000000000
543 -1779.0000000000
549 -1778.0000000000
554 -1777.0000000000
564 -1776.0000000000
575 -1774.0000000000
587 -1773.0000000000
592 -1771.0000000000
603 -1770.0000000000
608 -1768.0000000000
622 -1767.0000000000
644 -1766.0000000000
645 -1765.0000000000
654 -1764.0000000000
668 -1760.0000000000
681 -1757.0000000000
701 -1756.0000000000
706 -1755.0000000000
708 -1754.0000000000
709 -1753.0000000000
725 -1752.0000000000
729 -1751.0000000000
744 -1749.0000000000
756 -1748.0000000000
761 -1746.0000000000
779 -1744.0000000000
792 -1743.0000000000
795 -1742.0000000000
802 -1740.0000000000
818 -1738.0000000000
823 -1737.0000000000
841 -1736.0000000000
846 -1734.0000000000
853 -1733.0000000000
860 -1731.0000000000
863 -1730.0000000000
878 -1729.0000000000
880 -1728.0000000000
889 -1727.0000000000
903 -1724.0000000000
917 -1723.0000000000
930 -1721.0000000000
942 -1720.0000000000
951 -1717.0000000000
977 -1716.0000000000
986 -1715.0000000000
998 -1713.0000000000
1015 -1712.0000000000
1017 -1710.0000000000
1025 -1709.0000000000
1028 -1706.0000000000
1056 -1705.0000000000
1061 -1703.0000000000
1079 -1702.0000000000
1082 -1698.0000000000
1100 -1697.0000000000
1112 -1693.0000000000
1124 -1692.0000000000
1154 -1691.0000000000
1162 -1690.0000000000
1169 -1688.0000000000
1175 -1687.0000000000
1188 -1686.0000000000
1195 -1685.0000000000
1201 -1684.0000000000
1216 -1682.0000000000
1241 -1679.0000000000
1256 -1678.0000000000
1271 -1677.0000000000
1272 -1675.0000000000
1296 -1674.0000000000
1311 -1673.0000000000
1321 -1671.0000000000
1329 -1670.0000000000
1340 -1668.0000000000
1341 -1662.0000000000
1352 -1660.0000000000
1362 -1656.0000000000
1390 -1654.0000000000
1395 -1652.0000000000
1405 -1651.0000000000
1411 -1650.0000000000
1421 -1649.0000000000
1441 -1647.0000000000
1450 -1645.0000000000
1484 -1644.0000000000
1485 -1642.0000000000
1502 -1641.0000000000
1512 -1639.0000000000
1523 -1637.0000000000
1536 -1636.0000000000
1555 -1635.0000000000
1558 -1634.0000000000
1563 -1631.0000000000
1582 -1630.0000000000
1601 -1629.0000000000
1605 -1626.0000000000
1612 -1625.0000000000
1629 -1624.0000000000
1653 -1622.0000000000
1660 -1621.0000000000
1674 -1620.0000000000
1675 -1617.0000000000
1706 -1614.0000000000
1712 -1613.0000000000
1734 -1610.0000000000
1750 -1609.0000000000
1773 -1608.0000000000
1782 -1607.0000000000
1803 -1605.0000000000
1821 -1603.0000000000
1833 -1602.0000000000
1841 -1601.0000000000
1860 -1600.0000000000
1869 -1598.0000000000
1881 -1597.0000000000
1884 -1596.0000000000
1894 -1595.0000000000
1896 -1594.0000000000
1904 -1593.0000000000
1915 -1592.0000000000
1922 -1589.0000000000
1933 -1588.0000000000
1957 -1585.0000000000
1964 -1584.0000000000
1967 -1583.0000000000
1983 -1581.0000000000
1991 -1579.0000000000
2002 -1578.0000000000
2013 -1576.0000000000
2033 -1575.0000000000
2043 -1571.0000000000
2061 -1570.0000000000
2068 -1569.0000000000
2071 -1566.0000000000
2091 -1564.0000000000
2098 -1563.0000000000
2106 -1561.0000000000
2111 -1559.0000000000
2128 -1557.0000000000
2131 -1556.0000000000
2145 -1555.0000000000
2175 -1554.0000000000
2186 -1552.0000000000
2196 -1551.0000000000
2207 -1547.0000000000
2226 -1546.0000000000
2231 -1544.0000000000
2252 -1542.0000000000
2262 -1541.0000000000
2278 -1540.0000000000
2283 -1539.0000000000
2286 -1537.0000000000
2295 -1536.0000000000
2322 -1534.0000000000
2341 -1533.0000000000
2348 -1532.0000000000
2370 -1529.0000000000
2388 -1527.0000000000
2403 -1525.0000000000
2422 -1524.0000000000
2427 -1522.0000000000
2439 -1521.0000000000
2450 -1518.0000000000
2461 -1516.0000000000
2471 -1515.0000000000
2492 -1511.0000000000
2530 -1510.0000000000
2535 -1509.0000000000
2549 -1508.0000000000
2551 -1507.0000000000
2562 -1506.0000000000
2571 -1505.0000000000
2597 -1504.0000000000
2604 -1503.0000000000
2611 -1502.0000000000
2636 -1501.0000000000
2642 -1500.0000000000
2648 -1498.0000000000
2654 -1497.0000000000
2659 -1494.0000000000
2681 -1493.0000000000
2687 -1491.0000000000
2721 -1490.0000000000
2731 -1489.0000000000
2733 -1488.0000000000
2745 -1487.0000000000
2769 -1486.0000000000
2774 -1484.0000000000
2779 -1481.0000000000
2786 -1480.0000000000
2803 -1479.0000000000
2813 -1477.0000000000
2833 -1476.0000000000
2838 -1474.0000000000
2851 -1473.0000000000
2864 -1472.0000000000
2874 -1470.0000000000
2877 -1468.0000000000
2904 -1467.0000000000
2922 -1466.0000000000
2924 -1465.0000000000
2942 -1463.0000000000
2951 -1462.0000000000
2953 -1461.0000000000
2967 -1459.0000000000
2976 -1458.0000000000
2986 -1455.0000000000
2997 -1454.0000000000
3002 -1453.0000000000
3017 -1452.0000000000
3027 -1451.0000000000
3051 -1450.0000000000
3061 -1449.0000000000
3074 -1448.0000000000
3077 -1447.0000000000
3090 -1446.0000000000
3104 -1445.0000000000
3111 -1444.0000000000
3132 -1443.0000000000
3139 -1441.0000000000
3143 -1440.0000000000
3158 -1439.0000000000
3174 -1437.0000000000
3182 -1436.0000000000
3184 -1435.0000000000
3201 -1434.0000000000
3210 -1433.0000000000
3211 -1432.0000000000
3220 -1431.0000000000
3236 -1430.0000000000
3242 -1429.0000000000
3259 -1428.0000000000
3268 -1425.0000000000
3279 -1424.0000000000
3284 -1423.0000000000
3307 -1422.0000000000
3315 -1421.0000000000
3332 -1420.0000000000
3340 -1417.0000000000
3342 -1416.0000000000
3358 -1415.0000000000
3363 -1414.0000000000
3372 -1413.0000000000
3383 -1411.0000000000
3404 -1410.0000000000
3417 -1408.0000000000
3435 -1407.0000000000
3453 -1406.0000000000
3471 -1405.0000000000
3479 -1404.0000000000
3491 -1403.0000000000
3499 -1402.0000000000
3518 -1401.0000000000
3524 -1400.0000000000
3543 -1399.0000000000
3552 -1398.0000000000
3569 -1397.0000000000
3575 -1396.0000000000
3581 -1394.0000000000
3591 -1392.0000000000
3617 -1391.0000000000
3623 -1390.0000000000
3632 -1389.0000000000
3638 -1388.0000000000
3644 -1387.0000000000
3655 -1386.0000000000
3662 -1383.0000000000
3675 -1380.0000000000
3697 -1379.0000000000
3706 -1374.0000000000
3728 -1373.0000000000
3750 -1372.0000000000
3763 -1369.0000000000
3789 -1368.0000000000
3791 -1367.0000000000
3792 -1366.0000000000
3811 -1365.0000000000
3817 -1362.0000000000
3824 -1361.0000000000
3834 -1359.0000000000
3858 -1358.0000000000
3866 -1357.0000000000
3889 -1356.0000000000
3898 -1355.0000000000
3913 -1354.0000000000
3927 -1353.0000000000
3935 -1351.0000000000
3943 -1350.0000000000
3950 -1348.0000000000
3956 -1345.0000000000
3973 -1344.0000000000
4004 -1341.0000000000
4012 -1340.0000000000
4031 -1339.0000000000
4053 -1338.0000000000
4057 -1335.0000000000
4078 -1334.0000000000
4084 -1330.0000000000
4105 -1329.0000000000
4120 -1328.0000000000
4142 -1326.0000000000
4152 -1325.0000000000
4168 -1324.0000000000
4176 -1323.0000000000
4188 -1322.0000000000
4193 -1321.0000000000
4208 -1320.0000000000
4229 -1318.0000000000
4241 -1317.0000000000
4253 -1316.0000000000
4261 -1315.0000000000
4286 -1314.0000000000
4288 -1313.0000000000
4293 -1310.0000000000
4310 -1309.0000000000
4316 -1308.0000000000
4332 -1307.0000000000
4339 -1306.0000000000
4341 -1305.0000000000
4344 -1304.0000000000
4352 -1303.0000000000
4361 -1301.0000000000
4379 -1300.0000000000
4397 -1297.0000000000
4403 -1296.0000000000
4427 -1295.0000000000
4432 -1293.0000000000
4454 -1292.0000000000
4455 -1291.0000000000
4461 -1290.0000000000
4477 -1289.0000000000
4509 -1287.0000000000
4528 -1286.0000000000
4546 -1284.0000000000
4577 -1282.0000000000
4584 -1281.0000000000
4596 -1278.0000000000
4612 -1277.0000000000
4621 -1276.0000000000
4645 -1273.0000000000
4664 -1271.0000000000
4678 -1270.0000000000
4692 -1268.0000000000
4716 -1265.0000000000
4728 -1264.0000000000
4756 -1263.0000000000
4761 -1262.0000000000
4772 -1261.0000000000
4773 -1259.0000000000
4791 -1258.0000000000
4806 -1256.0000000000
4814 -1255.0000000000
4843 -1253.0000000000
4864 -1252.0000000000
4879 -1251.0000000000
4885 -1248.0000000000
4892 -1247.0000000000
4913 -1246.0000000000
4931 -1244.0000000000
4942 -1243.0000000000
4968 -1242.0000000000
4971 -1241.0000000000
4972 -1239.0000000000
4985 -1238.0000000000
5002 -1237.0000000000
5016 -1235.0000000000
5022 -1234.0000000000
5040 -1231.0000000000
5071 -1228.0000000000
5095 -1227.0000000000
5101 -1226.0000000000
5114 -1225.0000000000
5123 -1222.0000000000
5125 -1221.0000000000
5138 -1220.0000000000
5151 -1218.0000000000
5159 -1216.0000000000
5192 -1215.0000000000
5225 -1214.0000000000
5236 -1213.0000000000
5248 -1212.0000000000
5264 -1210.0000000000
5285 -1207.0000000000
5294 -1206.0000000000
5307 -1203.0000000000
5334 -1202.0000000000
5348 -1199.0000000000
5364 -1198.0000000000
5368 -1197.0000000000
5380 -1196.0000000000
5389 -1194.0000000000
5390 -1193.0000000000
5393 -1192.0000000000
5413 -1191.0000000000
5428 -1190.0000000000
5442 -1189.0000000000
5448 -1188.0000000000
5462 -1187.0000000000
5472 -1186.0000000000
5489 -1185.0000000000
5503 -1184.0000000000
5505 -1182.0000000000
5531 -1181.0000000000
5537 -1179.0000000000
5551 -1178.0000000000
5554 -1177.0000000000
5567 -1176.0000000000
5573 -1174.0000000000
5601 -1173.0000000000
5613 -1172.0000000000
5635 -1171.0000000000
5636 -1169.0000000000
5642 -1167.0000000000
5659 -1166.0000000000
5667 -1162.0000000000
5695 -1160.0000000000
5712 -1159.0000000000
5730 -1156.0000000000
5752 -1154.0000000000
5783 -1152.0000000000
5792 -1151.0000000000
5801 -1149.0000000000
5813 -1148.0000000000
5819 -1147.0000000000
5832 -1146.0000000000
5843 -1144.0000000000
5854 -1141.0000000000
5872 -1138.0000000000
5891 -1136.0000000000
5895 -1135.0000000000
5902 -1133.0000000000
5928 -1132.0000000000
5946 -1131.0000000000
5969 -1130.0000000000
5981 -1129.0000000000
5991 -1128.0000000000
5997 -1126.0000000000
6021 -1125.0000000000
6024 -1124.0000000000
6032 -1123.0000000000
6052 -1122.0000000000
6063 -1121.0000000000
6078 -1120.0000000000
6091 -1119.0000000000
6117 -1117.0000000000
6123 -1116.0000000000
6141 -1115.0000000000
6153 -1114.0000000000
6181 -1111.0000000000
6213 -1110.0000000000
6217 -1108.0000000000
6247 -1107.0000000000
6266 -1106.0000000000
6282 -1104.0000000000
6292 -1102.0000000000
6303 -1101.0000000000
6312 -1099.0000000000
6336 -1098.0000000000
6356 -1096.0000000000
6389 -1093.0000000000
6393 -1091.0000000000
6415 -1090.0000000000
6426 -1089.0000000000
6439 -1088.0000000000
6452 -1087.0000000000
6457 -1086.0000000000
6460 -1085.0000000000
6468 -1084.0000000000
6490 -1083.0000000000
6492 -1080.0000000000
6527 -1079.0000000000
6532 -1078.0000000000
6545 -1077.0000000000
6550 -1075.0000000000
6575 -1074.0000000000
6581 -1072.0000000000
6634 -1069.0000000000
6665 -1068.0000000000
6679 -1066.0000000000
6719 -1065.0000000000
6723 -1063.0000000000
6761 -1062.0000000000
6782 -1060.0000000000
6792 -1058.0000000000
6809 -1057.0000000000
6812 -1056.0000000000
6822 -1055.0000000000
6831 -1054.0000000000
6858 -1053.0000000000
6894 -1052.0000000000
6897 -1051.0000000000
6933 -1048.0000000000
6970 -1047.0000000000
6996 -1045.0000000000
7008 -1044.0000000000
7019 -1043.0000000000
7034 -1042.0000000000
7050 -1041.0000000000
7066 -1040.0000000000
7072 -1039.0000000000
7082 -1037.0000000000
7129 -1036.0000000000
7141 -1035.0000000000
7145 -1032.0000000000
7181 -1030.0000000000
7201 -1027.0000000000
7222 -1026.0000000000
7236 -1025.0000000000
7240 -1022.0000000000
7267 -1021.0000000000
7272 -1020.0000000000
7294 -1019.0000000000
7301 -1018.0000000000
7326 -1016.0000000000
7327 -1015.0000000000
7342 -1013.0000000000
7353 -1010.0000000000
7374 -1008.0000000000
7392 -1007.0000000000
7436 -1005.0000000000
7462 -1004.0000000000
7470 -1003.0000000000
7489 -1002.0000000000
7490 -1001.0000000000
7501 -999.0000000000
7528 -997.0000000000
7569 -996.0000000000
7571 -995.0000000000
7592 -993.0000000000
7628 -992.0000000000
7637 -991.0000000000
7646 -989.0000000000
7666 -987.0000000000
7696 -986.0000000000
7699 -985.0000000000
7706 -984.0000000000
7737 -983.0000000000
7738 -982.0000000000
7740 -981.0000000000
7765 -980.0000000000
7772 -979.0000000000
7777 -978.0000000000
7804 -976.0000000000
7828 -975.0000000000
7836 -974.0000000000
7843 -973.0000000000
7862 -972.0000000000
7877 -971.0000000000
7901 -970.0000000000
7907 -969.0000000000
7914 -966.0000000000
7940 -965.0000000000
7958 -963.0000000000
7965 -962.0000000000
7981 -960.0000000000
7987 -959.0000000000
8010 -958.0000000000
8018 -957.0000000000
8021 -956.0000000000
8047 -955.0000000000
8051 -954.0000000000
8095 -952.0000000000
8124 -950.0000000000
8141 -949.0000000000
8153 -948.0000000000
8178 -946.0000000000
8183 -944.0000000000
8214 -943.0000000000
8219 -942.0000000000
8250 -940.0000000000
8270 -939.0000000000
8307 -938.0000000000
8323 -937.0000000000
8350 -936.0000000000
8362 -935.0000000000
8371 -934.0000000000
8394 -933.0000000000
8413 -932.0000000000
8424 -929.0000000000
8446 -928.0000000000
8452 -927.0000000000
8473 -926.0000000000
8477 -924.0000000000
8507 -923.0000000000
8527 -922.0000000000
8531 -921.0000000000
8545 -920.0000000000
8554 -919.0000000000
8565 -917.0000000000
8587 -916.0000000000
8597 -915.0000000000
8634 -914.0000000000
8643 -913.0000000000
8651 -911.0000000000
8671 -910.0000000000
8676 -909.0000000000
8687 -908.0000000000
8692 -907.0000000000
8696 -906.0000000000
8713 -903.0000000000
8732 -901.0000000000
8752 -900.0000000000
8756 -899.0000000000
8790 -898.0000000000
8830 -896.0000000000
8854 -895.0000000000
8865 -894.0000000000
8880 -893.0000000000
8886 -892.0000000000
8895 -891.0000000000
8897 -889.0000000000
8926 -888.0000000000
8935 -885.0000000000
8954 -884.0000000000
8969 -883.0000000000
8977 -882.0000000000
8983 -881.0000000000
9000 -880.0000000000
9003 -879.0000000000
9041 -878.0000000000
9043 -877.0000000000
9055 -876.0000000000
9063 -873.0000000000
9084 -871.0000000000
9101 -870.0000000000
9117 -868.0000000000
9118 -864.0000000000
9151 -863.0000000000
9165 -861.0000000000
9192 -860.0000000000
9203 -859.0000000000
9218 -858.0000000000
9252 -856.0000000000
9274 -855.0000000000
9293 -854.0000000000
9301 -851.0000000000
9325 -850.0000000000
9339 -849.0000000000
9341 -848.0000000000
9353 -846.0000000000
9371 -845.0000000000
9392 -844.0000000000
9419 -842.0000000000
9427 -841.0000000000
9441 -840.0000000000
9456 -839.0000000000
9475 -838.0000000000
9476 -837.0000000000
9513 -836.0000000000
9524 -834.0000000000
9542 -832.0000000000
9555 -831.0000000000
9574 -830.0000000000
9578 -827.0000000000
9602 -826.0000000000
9611 -825.0000000000
9612 -824.0000000000
9654 -823.0000000000
9675 -822.0000000000
9682 -821.0000000000
9703 -820.0000000000
9711 -819.0000000000
9729 -818.0000000000
9748 -817.0000000000
9760 -816.0000000000
9761 -815.0000000000
9776 -814.0000000000
9790 -813.0000000000
9803 -812.0000000000
9807 -811.0000000000
9828 -810.0000000000
9835 -808.0000000000
9866 -807.0000000000
9888 -806.0000000000
9898 -805.0000000000
9916 -804.0000000000
9923 -803.0000000000
9949 -802.0000000000
9963 -801.0000000000
9994 -800.0000000000
10008 -798.0000000000
10028 -797.0000000000
10037 -796.0000000000
10042 -795.0000000000
10059 -794.0000000000
10093 -791.0000000000
10126 -789.0000000000
10134 -788.0000000000
10145 -787.0000000000
10152 -786.0000000000
10188 -785.0000000000
10205 -783.0000000000
10237 -782.0000000000
10252 -781.0000000000
10261 -779.0000000000
10280 -778.0000000000
10299 -776.0000000000
10315 -775.0000000000
10336 -774.0000000000
10346 -773.0000000000
10352 -772.0000000000
10386 -771.0000000000
10398 -770.0000000000
10402 -769.0000000000
10423 -768.0000000000
10441 -765.0000000000
10478 -763.0000000000
10482 -762.0000000000
10498 -761.0000000000
10507 -760.0000000000
10530 -759.0000000000
10540 -757.0000000000
10559 -756.0000000000
10571 -755.0000000000
10630 -753.0000000000
10648 -752.0000000000
10657 -751.0000000000
10658 -750.0000000000
10671 -749.0000000000
10674 -747.0000000000
10713 -746.0000000000
10722 -745.0000000000
10741 -744.0000000000
10749 -742.0000000000
10765 -741.0000000000
10786 -740.0000000000
10795 -739.0000000000
10806 -738.0000000000
10826 -737.0000000000
10832 -734.0000000000
10881 -733.0000000000
10906 -732.0000000000
10926 -731.0000000000
10931 -730.0000000000
10940 -729.0000000000
10971 -728.0000000000
10988 -727.0000000000
10997 -726.0000000000
11026 -725.0000000000
11032 -724.0000000000
11043 -722.0000000000
11057 -721.0000000000
11078 -719.0000000000
11097 -715.0000000000
11131 -714.0000000000
11154 -713.0000000000
11157 -712.0000000000
11175 -711.0000000000
11177 -710.0000000000
11186 -709.0000000000
11201 -707.0000000000
11272 -706.0000000000
11281 -705.0000000000
11313 -704.0000000000
11334 -702.0000000000
11344 -701.0000000000
11368 -700.0000000000
11405 -697.0000000000
11417 -696.0000000000
11425 -695.0000000000
11452 -694.0000000000
11463 -693.0000000000
11500 -692.0000000000
11514 -691.0000000000
11540 -690.0000000000
11554 -688.0000000000
11581 -687.0000000000
11593 -686.0000000000
11628 -685.0000000000
11631 -683.0000000000
11642 -681.0000000000
11670 -680.0000000000
11672 -679.0000000000
11676 -677.0000000000
11692 -676.0000000000
11708 -675.0000000000
11722 -674.0000000000
11731 -673.0000000000
11765 -672.0000000000
11774 -670.0000000000
11800 -668.0000000000
11807 -666.0000000000
11811 -665.0000000000
11823 -664.0000000000
11837 -662.0000000000
11854 -660.0000000000
11882 -659.0000000000
11933 -658.0000000000
11942 -657.0000000000
11945 -656.0000000000
11955 -655.0000000000
11960 -654.0000000000
11985 -653.0000000000
11994 -652.0000000000
12000 -651.0000000000
12021 -650.0000000000
12045 -649.0000000000
12047 -648.0000000000
12062 -647.0000000000
12087 -645.0000000000
12096 -644.0000000000
12104 -643.0000000000
12118 -642.0000000000
12138 -640.0000000000
12175 -639.0000000000
12192 -637.0000000000
12220 -636.0000000000
12239 -634.0000000000
12241 -633.0000000000
12304 -631.0000000000
12329 -630.0000000000
12345 -629.0000000000
12346 -628.0000000000
12353 -627.0000000000
12384 -625.0000000000
12426 -623.0000000000
12435 -622.0000000000
12456 -621.0000000000
12470 -620.0000000000
12497 -619.0000000000
12513 -618.0000000000
12527 -616.0000000000
12530 -615.0000000000
12563 -614.0000000000
12574 -613.0000000000
12599 -612.0000000000
12604 -611.0000000000
12611 -610.0000000000
12616 -609.0000000000
12635 -607.0000000000
12649 -606.0000000000
12661 -605.0000000000
12679 -603.0000000000
12709 -602.0000000000
12720 -601.0000000000
12775 -599.0000000000
12790 -598.0000000000
12801 -597.0000000000
12835 -593.0000000000
12868 -592.0000000000
12886 -591.0000000000
12891 -588.0000000000
12921 -587.0000000000
12945 -586.0000000000
12961 -585.0000000000
12973 -582.0000000000
13024 -581.0000000000
13049 -580.0000000000
13055 -578.0000000000
13073 -576.0000000000
13113 -575.0000000000
13131 -573.0000000000
13153 -572.0000000000
13171 -570.0000000000
13183 -569.0000000000
13219 -568.0000000000
13220 -567.0000000000
13235 -566.0000000000
13252 -565.0000000000
13278 -564.0000000000
13309 -563.0000000000
13324 -562.0000000000
13338 -561.0000000000
13359 -560.0000000000
13377 -559.0000000000
13428 -558.0000000000
13487 -557.0000000000
13509 -556.0000000000
13537 -555.0000000000
13552 -554.0000000000
13556 -552.0000000000
13612 -551.0000000000
13621 -548.0000000000
13656 -547.0000000000
13714 -543.0000000000
13742 -542.0000000000
13754 -541.0000000000
13766 -540.0000000000
13793 -539.0000000000
13809 -538.0000000000
13831 -535.0000000000
13841 -534.0000000000
13863 -533.0000000000
13876 -532.0000000000
13901 -531.0000000000
13906 -530.0000000000
13923 -529.0000000000
13961 -528.0000000000
13992 -527.0000000000
14005 -526.0000000000
14035 -524.0000000000
14071 -523.0000000000
14088 -522.0000000000
14105 -521.0000000000
14178 -520.0000000000
14186 -519.0000000000
14219 -518.0000000000
14229 -517.0000000000
14256 -516.0000000000
14264 -515.0000000000
14288 -514.0000000000
14298 -513.0000000000
14323 -512.0000000000
14341 -511.0000000000
14361 -510.0000000000
14378 -509.0000000000
14398 -508.0000000000
14422 -507.0000000000
14432 -505.0000000000
14465 -503.0000000000
14469 -502.0000000000
14504 -501.0000000000
14512 -499.0000000000
14536 -498.0000000000
14556 -495.0000000000
14592 -492.0000000000
14639 -491.0000000000
14658 -490.0000000000
14666 -489.0000000000
14683 -487.0000000000
14703 -486.0000000000
14731 -485.0000000000
14733 -484.0000000000
14745 -483.0000000000
14762 -481.0000000000
14782 -480.0000000000
14795 -479.0000000000
14818 -478.0000000000
14855 -476.0000000000
14892 -475.0000000000
14964 -474.0000000000
14979 -473.0000000000
15029 -472.0000000000
15034 -471.0000000000
15075 -470.0000000000
15089 -469.0000000000
15098 -468.0000000000
15104 -466.0000000000
15131 -465.0000000000
15140 -464.0000000000
15178 -463.0000000000
15183 -462.0000000000
15188 -461.0000000000
15230 -460.0000000000
15241 -459.0000000000
15272 -458.0000000000
15302 -456.0000000000
15335 -454.0000000000
15347 -453.0000000000
15361 -451.0000000000
15373 -450.0000000000
15390 -449.0000000000
15417 -448.0000000000
15430 -446.0000000000
15477 -444.0000000000
15493 -443.0000000000
15509 -442.0000000000
15524 -441.0000000000
15553 -440.0000000000
15574 -439.0000000000
15595 -437.0000000000
15614 -436.0000000000
15627 -435.0000000000
15666 -434.0000000000
15703 -433.0000000000
15709 -432.0000000000
15748 -430.0000000000
15802 -427.0000000000
15845 -426.0000000000
15864 -425.0000000000
15879 -424.0000000000
15892 -421.0000000000
15927 -420.0000000000
15946 -419.0000000000
15949 -418.0000000000
15969 -417.0000000000
15970 -416.0000000000
15987 -415.0000000000
15996 -414.0000000000
16034 -413.0000000000
16037 -412.0000000000
16042 -411.0000000000
16051 -410.0000000000
16078 -409.0000000000
16085 -408.0000000000
16101 -407.0000000000
16103 -406.0000000000
16153 -405.0000000000
16156 -404.0000000000
16227 -403.0000000000
16260 -402.0000000000
16276 -401.0000000000
16284 -400.0000000000
16291 -399.0000000000
16311 -397.0000000000
16324 -396.0000000000
16367 -395.0000000000
16458 -394.0000000000
16459 -393.0000000000
16485 -392.0000000000
16514 -391.0000000000
16564 -390.0000000000
16604 -389.0000000000
16605 -388.0000000000
16688 -387.0000000000
16694 -384.0000000000
16788 -383.0000000000
16801 -380.0000000000
16818 -379.0000000000
16879 -378.0000000000
16883 -377.0000000000
16946 -373.0000000000
16992 -372.0000000000
17012 -371.0000000000
17044 -370.0000000000
17051 -368.0000000000
17067 -367.0000000000
17081 -366.0000000000
17082 -365.0000000000
17104 -364.0000000000
17131 -363.0000000000
17178 -362.0000000000
17203 -361.0000000000
17206 -360.0000000000
17245 -359.0000000000
17261 -358.0000000000
17280 -357.0000000000
17331 -356.0000000000
17334 -355.0000000000
17371 -354.0000000000
17379 -352.0000000000
17422 -351.0000000000
17432 -350.0000000000
17457 -349.0000000000
17532 -348.0000000000
17560 -347.0000000000
17563 -346.0000000000
17564 -345.0000000000
17606 -344.0000000000
17621 -343.0000000000
17642 -342.0000000000
17657 -340.0000000000
17676 -338.0000000000
17682 -337.0000000000
17694 -336.0000000000
17714 -335.0000000000
17743 -334.0000000000
17792 -333.0000000000
17819 -332.0000000000
17823 -331.0000000000
17836 -330.0000000000
17859 -329.0000000000
17906 -326.0000000000
17948 -325.0000000000
18008 -324.0000000000
18017 -322.0000000000
18059 -320.0000000000
18072 -319.0000000000
18110 -318.0000000000
18112 -317.0000000000
18164 -315.0000000000
18181 -314.0000000000
18211 -313.0000000000
18231 -312.0000000000
18249 -311.0000000000
18367 -310.0000000000
18394 -309.0000000000
18404 -308.0000000000
18425 -306.0000000000
18456 -305.0000000000
18491 -303.0000000000
18549 -302.0000000000
18572 -301.0000000000
18618 -300.0000000000
18655 -299.0000000000
18668 -298.0000000000
18676 -297.0000000000
18708 -296.0000000000
18744 -295.0000000000
18759 -294.0000000000
18776 -293.0000000000
18843 -292.0000000000
18886 -291.0000000000
18967 -290.0000000000
18981 -289.0000000000
18998 -288.0000000000
19029 -287.0000000000
19038 -286.0000000000
19049 -285.0000000000
19086 -284.0000000000
19123 -283.0000000000
19159 -282.0000000000
19219 -281.0000000000
19238 -280.0000000000
19285 -279.0000000000
19302 -278.0000000000
19344 -277.0000000000
19432 -276.0000000000
19453 -275.0000000000
19472 -274.0000000000
19477 -273.0000000000
19506 -272.0000000000
19527 -271.0000000000
19570 -269.0000000000
19604 -266.0000000000
19676 -265.0000000000
19712 -264.0000000000
19731 -262.0000000000
19745 -261.0000000000
19792 -260.0000000000
19795 -258.0000000000
19818 -257.0000000000
19821 -256.0000000000
19834 -255.0000000000
19890 -254.0000000000
19929 -253.0000000000
19953 -252.0000000000
19981 -251.0000000000
20018 -250.0000000000
20034 -249.0000000000
20044 -248.0000000000
20081 -247.0000000000
20105 -246.0000000000
20136 -245.0000000000
20224 -244.0000000000
20240 -243.0000000000
20273 -242.0000000000
20283 -241.0000000000
20321 -240.0000000000
20348 -239.0000000000
20366 -237.0000000000
20412 -236.0000000000
20428 -235.0000000000
20457 -234.0000000000
20462 -232.0000000000
20474 -229.0000000000
20497 -227.0000000000
20568 -226.0000000000
20603 -225.0000000000
20643 -224.0000000000
20658 -223.0000000000
20664 -222.0000000000
20674 -221.0000000000
20721 -220.0000000000
20751 -219.0000000000
20807 -218.0000000000
20834 -217.0000000000
20835 -216.0000000000
20880 -215.0000000000
20927 -214.0000000000
20959 -213.0000000000
21016 -211.0000000000
21061 -210.0000000000
21140 -209.0000000000
21165 -208.0000000000
21168 -207.0000000000
21223 -206.0000000000
21274 -205.0000000000
21304 -204.0000000000
21315 -202.0000000000
21362 -201.0000000000
21474 -200.0000000000
21518 -199.0000000000
21530 -198.0000000000
21585 -197.0000000000
21596 -195.0000000000
21646 -194.0000000000
21690 -193.0000000000
21714 -192.0000000000
21771 -191.0000000000
21862 -190.0000000000
21888 -189.0000000000
21957 -188.0000000000
22009 -187.0000000000
22052 -186.0000000000
22164 -185.0000000000
22213 -184.0000000000
22228 -183.0000000000
22346 -182.0000000000
22359 -181.0000000000
22429 -180.0000000000
22432 -179.0000000000
22531 -178.0000000000
22600 -177.0000000000
22641 -176.0000000000
22666 -175.0000000000
22675 -174.0000000000
22694 -173.0000000000
22748 -172.0000000000
22770 -171.0000000000
22786 -170.0000000000
22823 -169.0000000000
22947 -168.0000000000
23016 -167.0000000000
23072 -166.0000000000
23100 -165.0000000000
23165 -164.0000000000
23173 -163.0000000000
23211 -162.0000000000
23233 -161.0000000000
23256 -160.0000000000
23280 -159.0000000000
23312 -158.0000000000
23342 -157.0000000000
23353 -156.0000000000
23393 -155.0000000000
23412 -154.0000000000
23449 -153.0000000000
23475 -152.0000000000
23482 -151.0000000000
23493 -150.0000000000
23526 -149.0000000000
23566 -148.0000000000
23664 -146.0000000000
23772 -145.0000000000
23785 -144.0000000000
23814 -143.0000000000
23835 -142.0000000000
23875 -141.0000000000
23911 -139.0000000000
23985 -138.0000000000
24080 -136.0000000000
24146 -135.0000000000
24178 -134.0000000000
24207 -131.0000000000
24299 -130.0000000000
24369 -128.0000000000
24447 -127.0000000000
24514 -126.0000000000
24521 -125.0000000000
24578 -124.0000000000
24609 -122.0000000000
24697 -121.0000000000
24704 -119.0000000000
24737 -118.0000000000
24839 -117.0000000000
24878 -116.0000000000
24936 -115.0000000000
24988 -114.0000000000
25012 -112.0000000000
25056 -111.0000000000
25192 -109.0000000000
25217 -108.0000000000
25262 -107.0000000000
25274 -105.0000000000
25343 -103.0000000000
25456 -102.0000000000
25589 -101.0000000000
25597 -100.0000000000
25623 -99.0000000000
25666 -98.0000000000
25697 -97.0000000000
25743 -96.0000000000
25807 -95.0000000000
25891 -94.0000000000
26031 -93.0000000000
26058 -92.0000000000
26092 -91.0000000000
26119 -90.0000000000
26135 -89.0000000000
26205 -87.0000000000
26348 -86.0000000000
26362 -84.0000000000
26537 -83.0000000000
26766 -82.0000000000
26782 -81.0000000000
26905 -80.0000000000
26934 -79.0000000000
26997 -78.0000000000
27036 -76.0000000000
27131 -75.0000000000
27166 -74.0000000000
27263 -73.0000000000
27334 -71.0000000000
27442 -70.0000000000
27488 -69.0000000000
27542 -68.0000000000
27577 -67.0000000000
27738 -66.0000000000
27745 -65.0000000000
27886 -64.0000000000
27934 -62.0000000000
27951 -61.0000000000
28146 -60.0000000000
28424 -59.0000000000
28509 -58.0000000000
28624 -57.0000000000
28665 -55.0000000000
28921 -54.0000000000
29131 -52.0000000000
29517 -51.0000000000
29606 -50.0000000000
29781 -49.0000000000
29862 -48.0000000000
29965 -47.0000000000
30014 -46.0000000000
30114 -45.0000000000
30143 -43.0000000000
30400 -42.0000000000
30801 -41.0000000000
30923 -40.0000000000
31011 -39.0000000000
31119 -38.0000000000
31195 -37.0000000000
31311 -36.0000000000
31331 -35.0000000000
31349 -34.0000000000
31379 -32.0000000000
31427 -31.0000000000
31475 -30.0000000000
31626 -29.0000000000
31747 -28.0000000000
31789 -27.0000000000
31851 -26.0000000000
31891 -25.0000000000
32071 -24.0000000000
32156 -23.0000000000
32264 -22.0000000000
32621 -20.0000000000
32761 -19.0000000000
32868 -18.0000000000
33712 -17.0000000000
35033 -16.0000000000
35196 -15.0000000000
35394 -14.0000000000
35419 -13.0000000000
36293 -12.0000000000
36464 -11.0000000000
36707 -10.0000000000
36979 -9.0000000000
37704 -8.0000000000
37932 -7.0000000000
38082 -6.0000000000
38244 -4.0000000000
38294 -3.0000000000
38313 -2.0000000000
38453 -1.0000000000
39013 84.2300000000
39804 88.2100000000
39805 96.2900000000
39883 107.5300000000
40289 244.6100000000
44566 260.5800000000
44647 282.5700000000
44758 283.9000000000
46072 382.2200000000
46413 386.1300000000
46422 389.8300000000
46440 390.1700000000
46461 397.9600000000
46549 403.3500000000
46646 417.1700000000
48180 517.2600000000
50405 521.8100000000
50489 522.4100000000
50539 531.2500000000
50602 534.3000000000
50606 535.9300000000
50662 536.4500000000
50864 545.2800000000
50922 549.7700000000
50939 550.7800000000
50968 558.0400000000
52509 565.1000000000
53384 636.4200000000
54501 638.3200000000
54579 642.9200000000
54672 643.4400000000
54754 646.7700000000
55583 651.6300000000
55664 651.8000000000
58683 655.9300000000
59053 656.0300000000
59080 657.7800000000
59188 659.2100000000
59198 663.7500000000
60015 665.8400000000
60242 666.6300000000
61796 669.5700000000
62125 674.3900000000
62133 674.6200000000
62336 675.3300000000
62586 675.9900000000
62736 686.8300000000
62842 686.8800000000
62910 687.8500000000
62944 695.5300000000
63304 705.9400000000
63508 707.2300000000
63558 775.4700000000
63758 776.9400000000
63782 778.2300000000
64222 784.5400000000
64355 787.4400000000
64791 789.3400000000
69223 798.0000000000
84781 800.4800000000
84827 804.2900000000
85109 816.3400000000
86447 828.3300000000
100000 -2.0000000000
evaluations raw_y
1 -1943.0000000000
17 -1908.0000000000
40 -1905.0000000000
41 -1889.0000000000
59 -1884.0000000000
60 -1880.0000000000
61 -1879.0000000000
65 -1877.0000000000
76 -1855.0000000000
91 -1854.0000000000
110 -1850.0000000000
112 -1849.0000000000
121 -1847.0000000000
122 -1846.0000000000
132 -1843.0000000000
137 -1840.0000000000
146 -1839.0000000000
159 -1832.0000000000
181 -1831.0000000000
186 -1830.0000000000
195 -1826.0000000000
201 -1825.0000000000
216 -1824.0000000000
228 -1823.0000000000
231 -1822.0000000000
238 -1821.0000000000
251 -1820.0000000000
255 -1819.0000000000
264 -1818.0000000000
266 -1817.0000000000
272 -1815.0000000000
292 -1814.0000000000
305 -1813.0000000000
312 -1812.0000000000
323 -1811.0000000000
332 -1810.0000000000
334 -1809.0000000000
342 -1808.0000000000
363 -1807.0000000000
365 -1806.0000000000
367 -1804.0000000000
377 -1802.0000000000
397 -1801.0000000000
398 -1799.0000000000
416 -1797.0000000000
424 -1796.0000000000
440 -1795.0000000000
441 -1792.0000000000
463 -1790.0000000000
483 -1787.0000000000
492 -1786.0000000000
503 -1785.0000000000
513 -1784.0000000000
523 -1783.0000000000
524 -1782.0000000000
532 -1781.0000000000
545 -1780.0000000000
550 -1779.0000000000
563 -1778.0000000000
573 -1777.0000000000
579 -1774.0000000000
592 -1772.0000000000
605 -1770.0000000000
612 -1766.0000000000
621 -1765.0000000000
637 -1763.0000000000
657 -1762.0000000000
667 -1760.0000000000
688 -1758.0000000000
706 -1757.0000000000
723 -1756.0000000000
730 -1755.0000000000
739 -1752.0000000000
756 -1750.0000000000
761 -1749.0000000000
771 -1748.0000000000
776 -1746.0000000000
786 -1744.0000000000
803 -1743.0000000000
825 -1742.0000000000
838 -1741.0000000000
846 -1740.0000000000
851 -1739.0000000000
853 -1738.0000000000
862 -1737.0000000000
870 -1736.0000000000
877 -1734.0000000000
887 -1733.0000000000
892 -1731.0000000000
906 -1730.0000000000
912 -1729.0000000000
929 -1726.0000000000
941 -1725.0000000000
951 -1723.0000000000
958 -1720.0000000000
963 -1719.0000000000
973 -1717.0000000000
987 -1716.0000000000
1011 -1713.0000000000
1013 -1712.0000000000
1024 -1709.0000000000
1036 -1708.0000000000
1061 -1707.0000000000
1068 -1706.0000000000
1080 -1704.0000000000
1086 -1703.0000000000
1096 -1702.0000000000
1097 -1701.0000000000
1106 -1700.0000000000
1109 -1699.0000000000
1111 -1697.0000000000
1139 -1695.0000000000
1156 -1693.0000000000
1171 -1691.0000000000
1186 -1690.0000000000
1196 -1689.0000000000
1210 -1688.0000000000
1223 -1686.0000000000
1227 -1685.0000000000
1239 -1684.0000000000
1243 -1683.0000000000
1247 -1682.0000000000
1259 -1681.0000000000
1261 -1680.0000000000
1284 -1679.0000000000
1285 -1678.0000000000
1305 -1677.0000000000
1312 -1676.0000000000
1321 -1674.0000000000
1340 -1672.0000000000
1355 -1671.0000000000
1360 -1669.0000000000
1369 -1668.0000000000
1380 -1667.0000000000
1385 -1665.0000000000
1397 -1664.0000000000
1403 -1663.0000000000
1413 -1662.0000000000
1418 -1661.0000000000
1427 -1659.0000000000
1430 -1658.0000000000
1450 -1656.0000000000
1461 -1654.0000000000
1464 -1653.0000000000
1474 -1652.0000000000
1481 -1649.0000000000
1503 -1648.0000000000
1515 -1647.0000000000
1519 -1645.0000000000
1527 -1644.0000000000
1534 -1643.0000000000
1554 -1641.0000000000
1566 -1640.0000000000
1568 -1638.0000000000
1586 -1635.0000000000
1596 -1634.0000000000
1614 -1632.0000000000
1629 -1628.0000000000
1648 -1627.0000000000
1653 -1626.0000000000
1668 -1624.0000000000
1672 -1623.0000000000
1683 -1621.0000000000
1702 -1620.0000000000
1707 -1618.0000000000
1714 -1617.0000000000
1722 -1615.0000000000
1738 -1614.0000000000
1740 -1613.0000000000
1748 -1611.0000000000
1765 -1610.0000000000
1767 -1609.0000000000
1777 -1606.0000000000
1803 -1605.0000000000
1820 -1604.0000000000
1828 -1603.0000000000
1843 -1602.0000000000
1853 -1601.0000000000
1871 -1599.0000000000
1879 -1597.0000000000
1890 -1596.0000000000
1903 -1594.0000000000
1932 -1593.0000000000
1945 -1591.0000000000
1955 -1590.0000000000
1957 -1588.0000000000
1965 -1587.0000000000
1975 -1586.0000000000
1995 -1584.0000000000
2017 -1582.0000000000
2036 -1581.0000000000
2049 -1579.0000000000
2057 -1578.0000000000
2068 -1576.0000000000
2097 -1575.0000000000
2109 -1572.0000000000
2124 -1571.0000000000
2141 -1569.0000000000
2164 -1568.0000000000
2173 -1567.0000000000
2191 -1566.0000000000
2208 -1565.0000000000
2215 -1564.0000000000
2217 -1563.0000000000
2222 -1562.0000000000
2234 -1560.0000000000
2243 -1559.0000000000
2252 -1558.0000000000
2270 -1554.0000000000
2277 -1553.0000000000
2294 -1551.0000000000
2306 -1549.0000000000
2315 -1548.0000000000
2329 -1547.0000000000
2339 -1545.0000000000
2344 -1544.0000000000
2355 -1543.0000000000
2370 -1542.0000000000
2372 -1541.0000000000
2381 -1540.0000000000
2392 -1539.0000000000
2394 -1538.0000000000
2413 -1536.0000000000
2431 -1535.0000000000
2441 -1533.0000000000
2452 -1530.0000000000
2463 -1528.0000000000
2480 -1526.0000000000
2489 -1525.0000000000
2502 -1523.0000000000
2524 -1522.0000000000
2526 -1519.0000000000
2543 -1518.0000000000
2547 -1516.0000000000
2548 -1515.0000000000
2557 -1513.0000000000
2574 -1511.0000000000
2581 -1510.0000000000
2588 -1509.0000000000
2612 -1507.0000000000
2626 -1506.0000000000
2634 -1503.0000000000
2663 -1502.0000000000
2672 -1499.0000000000
2692 -1498.0000000000
2701 -1495.0000000000
2715 -1494.0000000000
2722 -1493.0000000000
2735 -1491.0000000000
2740 -1490.0000000000
2747 -1489.0000000000
2762 -1487.0000000000
2771 -1486.0000000000
2780 -1485.0000000000
2789 -1484.0000000000
2790 -1483.0000000000
2806 -1482.0000000000
2812 -1481.0000000000
2827 -1480.0000000000
2832 -1479.0000000000
2846 -1477.0000000000
2852 -1476.0000000000
2865 -1475.0000000000
2888 -1474.0000000000
2892 -1473.0000000000
2897 -1472.0000000000
2901 -1471.0000000000
2909 -1470.0000000000
2923 -1469.0000000000
2924 -1468.0000000000
2943 -1466.0000000000
2958 -1465.0000000000
2969 -1462.0000000000
2996 -1460.0000000000
3001 -1459.0000000000
3011 -1457.0000000000
3014 -1456.0000000000
3029 -1455.0000000000
3031 -1454.0000000000
3042 -1450.0000000000
3065 -1449.0000000000
3070 -1448.0000000000
3087 -1447.0000000000
3089 -1446.0000000000
3099 -1444.0000000000
3124 -1439.0000000000
3146 -1438.0000000000
3148 -1435.0000000000
3160 -1434.0000000000
3164 -1432.0000000000
3168 -1431.0000000000
3188 -1430.0000000000
3194 -1429.0000000000
3199 -1428.0000000000
3222 -1427.0000000000
3226 -1426.0000000000
3231 -1425.0000000000
3242 -1423.0000000000
3251 -1422.0000000000
3262 -1421.0000000000
3271 -1419.0000000000
3296 -1418.0000000000
3302 -1417.0000000000
3311 -1416.0000000000
3321 -1414.0000000000
3350 -1413.0000000000
3358 -1412.0000000000
3364 -1411.0000000000
3379 -1409.0000000000
3387 -1408.0000000000
3394 -1407.0000000000
3406 -1406.0000000000
3413 -1405.0000000000
3424 -1403.0000000000
3450 -1400.0000000000
3451 -1399.0000000000
3472 -1398.0000000000
3491 -1397.0000000000
3496 -1396.0000000000
3501 -1395.0000000000
3505 -1394.0000000000
3522 -1393.0000000000
3523 -1390.0000000000
3539 -1389.0000000000
3550 -1388.0000000000
3554 -1386.0000000000
3585 -1385.0000000000
3592 -1383.0000000000
3599 -1382.0000000000
3604 -1381.0000000000
3616 -1380.0000000000
3625 -1379.0000000000
3644 -1378.0000000000
3655 -1377.0000000000
3666 -1375.0000000000
3685 -1374.0000000000
3693 -1370.0000000000
3713 -1369.0000000000
3723 -1367.0000000000
3735 -1366.0000000000
3747 -1364.0000000000
3756 -1363.0000000000
3761 -1362.0000000000
3772 -1360.0000000000
3783 -1358.0000000000
3814 -1357.0000000000
3826 -1356.0000000000
3838 -1355.0000000000
3850 -1354.0000000000
3854 -1353.0000000000
3872 -1351.0000000000
3882 -1350.0000000000
3886 -1349.0000000000
3894 -1348.0000000000
3905 -1346.0000000000
3928 -1344.0000000000
3951 -1343.0000000000
3978 -1340.0000000000
3995 -1338.0000000000
4004 -1337.0000000000
4012 -1336.0000000000
4016 -1335.0000000000
4041 -1334.0000000000
4044 -1332.0000000000
4066 -1330.0000000000
4077 -1329.0000000000
4101 -1328.0000000000
4102 -1326.0000000000
4108 -1325.0000000000
4111 -1323.0000000000
4122 -1321.0000000000
4138 -1320.0000000000
4145 -1318.0000000000
4162 -1317.0000000000
4171 -1316.0000000000
4183 -1315.0000000000
4202 -1314.0000000000
4212 -1312.0000000000
4224 -1310.0000000000
4229 -1308.0000000000
4243 -1307.0000000000
4266 -1306.0000000000
4267 -1304.0000000000
4284 -1303.0000000000
4296 -1302.0000000000
4305 -1299.0000000000
4336 -1297.0000000000
4348 -1296.0000000000
4349 -1295.0000000000
4362 -1294.0000000000
4386 -1293.0000000000
4389 -1292.0000000000
4410 -1291.0000000000
4427 -1287.0000000000
4434 -1286.0000000000
4451 -1284.0000000000
4471 -1283.0000000000
4472 -1282.0000000000
4491 -1280.0000000000
4499 -1279.0000000000
4515 -1276.0000000000
4527 -1275.0000000000
4535 -1274.0000000000
4549 -1273.0000000000
4562 -1272.0000000000
4582 -1271.0000000000
4583 -1270.0000000000
4584 -1268.0000000000
4602 -1267.0000000000
4613 -1265.0000000000
4626 -1264.0000000000
4638 -1262.0000000000
4653 -1261.0000000000
4673 -1260.0000000000
4675 -1259.0000000000
4697 -1258.0000000000
4702 -1257.0000000000
4712 -1256.0000000000
4715 -1255.0000000000
4731 -1254.0000000000
4747 -1252.0000000000
4748 -1251.0000000000
4759 -1250.0000000000
4779 -1249.0000000000
4796 -1246.0000000000
4804 -1242.0000000000
4831 -1241.0000000000
4841 -1240.0000000000
4851 -1239.0000000000
4875 -1238.0000000000
4887 -1237.0000000000
4896 -1235.0000000000
4903 -1233.0000000000
4923 -1232.0000000000
4934 -1231.0000000000
4937 -1230.0000000000
4946 -1229.0000000000
4972 -1227.0000000000
4989 -1225.0000000000
5009 -1224.0000000000
5019 -1223.0000000000
5021 -1222.0000000000
5044 -1221.0000000000
5066 -1219.0000000000
5078 -1218.0000000000
5093 -1217.0000000000
5095 -1215.0000000000
5114 -1214.0000000000
5127 -1213.0000000000
5138 -1212.0000000000
5152 -1211.0000000000
5177 -1209.0000000000
5184 -1207.0000000000
5198 -1206.0000000000
5202 -1203.0000000000
5225 -1201.0000000000
5244 -1200.0000000000
5252 -1199.0000000000
5261 -1198.0000000000
5271 -1197.0000000000
5283 -1195.0000000000
5286 -1192.0000000000
5304 -1189.0000000000
5344 -1187.0000000000
5354 -1185.0000000000
5357 -1184.0000000000
5380 -1182.0000000000
5387 -1181.0000000000
5398 -1180.0000000000
5402 -1178.0000000000
5428 -1177.0000000000
5433 -1173.0000000000
5452 -1172.0000000000
5475 -1171.0000000000
5481 -1170.0000000000
5486 -1169.0000000000
5492 -1168.0000000000
5514 -1167.0000000000
5516 -1162.0000000000
5540 -1161.0000000000
5551 -1160.0000000000
5575 -1158.0000000000
5581 -1157.0000000000
5592 -1155.0000000000
5609 -1154.0000000000
5620 -1153.0000000000
5638 -1152.0000000000
5641 -1151.0000000000
5655 -1149.0000000000
5671 -1148.0000000000
5684 -1146.0000000000
5705 -1143.0000000000
5712 -1142.0000000000
5728 -1141.0000000000
5729 -1140.0000000000
5740 -1139.0000000000
5742 -1136.0000000000
5771 -1134.0000000000
5774 -1132.0000000000
5787 -1131.0000000000
5791 -1129.0000000000
5815 -1128.0000000000
5838 -1126.0000000000
5852 -1125.0000000000
5869 -1123.0000000000
5891 -1121.0000000000
5900 -1119.0000000000
5906 -1118.0000000000
5910 -1116.0000000000
5947 -1115.0000000000
5959 -1114.0000000000
5963 -1113.0000000000
5981 -1112.0000000000
5987 -1111.0000000000
6002 -1110.0000000000
6018 -1108.0000000000
6050 -1107.0000000000
6060 -1106.0000000000
6085 -1105.0000000000
6086 -1104.0000000000
6091 -1103.0000000000
6108 -1102.0000000000
6110 -1101.0000000000
6123 -1100.0000000000
6124 -1099.0000000000
6157 -1098.0000000000
6159 -1097.0000000000
6167 -1096.0000000000
6186 -1095.0000000000
6196 -1093.0000000000
6223 -1092.0000000000
6230 -1091.0000000000
6243 -1090.0000000000
6251 -1089.0000000000
6267 -1088.0000000000
6281 -1087.0000000000
6304 -1085.0000000000
6311 -1084.0000000000
6333 -1081.0000000000
6348 -1079.0000000000
6371 -1078.0000000000
6372 -1077.0000000000
6403 -1075.0000000000
6421 -1071.0000000000
6433 -1069.0000000000
6453 -1068.0000000000
6458 -1066.0000000000
6471 -1065.0000000000
6481 -1064.0000000000
6495 -1063.0000000000
6511 -1062.0000000000
6517 -1061.0000000000
6531 -1059.0000000000
6549 -1058.0000000000
6552 -1057.0000000000
6557 -1056.0000000000
6572 -1055.0000000000
6581 -1054.0000000000
6597 -1052.0000000000
6613 -1051.0000000000
6616 -1050.0000000000
6631 -1049.0000000000
6637 -1048.0000000000
6656 -1047.0000000000
6662 -1046.0000000000
6682 -1044.0000000000
6702 -1043.0000000000
6711 -1042.0000000000
6722 -1039.0000000000
6745 -1037.0000000000
6761 -1035.0000000000
6794 -1034.0000000000
6797 -1033.0000000000
6804 -1032.0000000000
6821 -1031.0000000000
6828 -1029.0000000000
6851 -1028.0000000000
6867 -1027.0000000000
6870 -1023.0000000000
6889 -1022.0000000000
6909 -1020.0000000000
6913 -1018.0000000000
6931 -1017.0000000000
6934 -1015.0000000000
6955 -1012.0000000000
6996 -1010.0000000000
7033 -1009.0000000000
7035 -1006.0000000000
7062 -1003.0000000000
7087 -1001.0000000000
7097 -1000.0000000000
7108 -998.0000000000
7134 -997.0000000000
7143 -996.0000000000
7152 -995.0000000000
7175 -994.0000000000
7207 -993.0000000000
7218 -992.0000000000
7222 -990.0000000000
7246 -989.0000000000
7249 -988.0000000000
7261 -987.0000000000
7272 -986.0000000000
7281 -984.0000000000
7293 -983.0000000000
7310 -982.0000000000
7326 -981.0000000000
7331 -980.0000000000
7361 -978.0000000000
7378 -976.0000000000
7392 -975.0000000000
7403 -973.0000000000
7430 -972.0000000000
7441 -970.0000000000
7447 -969.0000000000
7451 -967.0000000000
7462 -965.0000000000
7489 -964.0000000000
7501 -963.0000000000
7516 -962.0000000000
7518 -960.0000000000
7537 -959.0000000000
7547 -957.0000000000
7574 -956.0000000000
7580 -955.0000000000
7587 -952.0000000000
7612 -950.0000000000
7632 -949.0000000000
7639 -947.0000000000
7643 -946.0000000000
7661 -945.0000000000
7666 -944.0000000000
7696 -943.0000000000
7701 -942.0000000000
7704 -941.0000000000
7721 -938.0000000000
7732 -937.0000000000
7768 -935.0000000000
7779 -934.0000000000
7796 -933.0000000000
7799 -932.0000000000
7831 -931.0000000000
7848 -928.0000000000
7858 -927.0000000000
7863 -926.0000000000
7886 -924.0000000000
7902 -923.0000000000
7914 -922.0000000000
7931 -921.0000000000
7936 -920.0000000000
7939 -919.0000000000
7956 -918.0000000000
7968 -917.0000000000
7981 -916.0000000000
7999 -914.0000000000
8017 -913.0000000000
8033 -912.0000000000
8038 -911.0000000000
8057 -910.0000000000
8074 -909.0000000000
8100 -907.0000000000
8112 -904.0000000000
8165 -902.0000000000
8207 -901.0000000000
8220 -900.0000000000
8254 -896.0000000000
8269 -895.0000000000
8273 -893.0000000000
8306 -892.0000000000
8327 -890.0000000000
8352 -889.0000000000
8362 -887.0000000000
8368 -885.0000000000
8393 -884.0000000000
8405 -881.0000000000
8425 -880.0000000000
8433 -879.0000000000
8442 -876.0000000000
8499 -875.0000000000
8511 -874.0000000000
8541 -873.0000000000
8542 -870.0000000000
8563 -867.0000000000
8594 -866.0000000000
8601 -865.0000000000
8615 -863.0000000000
8621 -859.0000000000
8675 -858.0000000000
8676 -856.0000000000
8724 -854.0000000000
8749 -853.0000000000
8757 -852.0000000000
8782 -851.0000000000
8796 -850.0000000000
8807 -847.0000000000
8841 -846.0000000000
8862 -845.0000000000
8882 -843.0000000000
8902 -842.0000000000
8910 -841.0000000000
8915 -838.0000000000
8926 -837.0000000000
8933 -836.0000000000
8955 -835.0000000000
8979 -834.0000000000
8995 -833.0000000000
9003 -831.0000000000
9017 -830.0000000000
9035 -828.0000000000
9058 -826.0000000000
9080 -825.0000000000
9093 -824.0000000000
9130 -823.0000000000
9137 -822.0000000000
9151 -821.0000000000
9155 -820.0000000000
9167 -818.0000000000
9177 -816.0000000000
9203 -814.0000000000
9220 -812.0000000000
9260 -811.0000000000
9272 -810.0000000000
9298 -809.0000000000
9320 -808.0000000000
9336 -807.0000000000
9362 -806.0000000000
9377 -803.0000000000
9404 -802.0000000000
9428 -801.0000000000
9437 -800.0000000000
9441 -798.0000000000
9470 -797.0000000000
9477 -796.0000000000
9490 -795.0000000000
9500 -794.0000000000
9512 -793.0000000000
9521 -792.0000000000
9531 -791.0000000000
9550 -790.0000000000
9566 -789.0000000000
9577 -788.0000000000
9581 -787.0000000000
9584 -786.0000000000
9612 -785.0000000000
9627 -784.0000000000
9661 -782.0000000000
9678 -781.0000000000
9699 -780.0000000000
9701 -779.0000000000
9734 -778.0000000000
9742 -777.0000000000
9787 -776.0000000000
9803 -774.0000000000
9811 -773.0000000000
9866 -772.0000000000
9870 -771.0000000000
9920 -770.0000000000
9931 -769.0000000000
9949 -768.0000000000
9958 -767.0000000000
9987 -766.0000000000
9995 -765.0000000000
10000 -764.0000000000
10002 -762.0000000000
10041 -761.0000000000
10061 -760.0000000000
10082 -758.0000000000
10122 -757.0000000000
10131 -754.0000000000
10192 -752.0000000000
10216 -751.0000000000
10220 -750.0000000000
10257 -748.0000000000
10269 -747.0000000000
10283 -746.0000000000
10290 -744.0000000000
10320 -743.0000000000
10323 -740.0000000000
10341 -739.0000000000
10362 -736.0000000000
10390 -735.0000000000
10393 -734.0000000000
10411 -732.0000000000
10423 -731.0000000000
10460 -730.0000000000
10481 -729.0000000000
10488 -728.0000000000
10491 -725.0000000000
10512 -724.0000000000
10548 -723.0000000000
10574 -720.0000000000
10583 -719.0000000000
10621 -718.0000000000
10648 -717.0000000000
10660 -716.0000000000
10678 -715.0000000000
10710 -713.0000000000
10718 -712.0000000000
10747 -711.0000000000
10748 -709.0000000000
10773 -708.0000000000
10788 -707.0000000000
10797 -706.0000000000
10815 -705.0000000000
10828 -704.0000000000
10845 -703.0000000000
10851 -702.0000000000
10872 -701.0000000000
10884 -700.0000000000
10903 -699.0000000000
10916 -697.0000000000
10919 -695.0000000000
10947 -694.0000000000
10948 -693.0000000000
10963 -691.0000000000
10971 -690.0000000000
10982 -689.0000000000
11016 -688.0000000000
11019 -687.0000000000
11029 -685.0000000000
11064 -683.0000000000
11075 -682.0000000000
11087 -681.0000000000
11099 -680.0000000000
11115 -679.0000000000
11123 -678.0000000000
11136 -677.0000000000
11143 -676.0000000000
11183 -674.0000000000
11221 -673.0000000000
11233 -671.0000000000
11261 -669.0000000000
11332 -668.0000000000
11333 -667.0000000000
11351 -664.0000000000
11411 -663.0000000000
11424 -662.0000000000
11441 -661.0000000000
11451 -659.0000000000
11475 -658.0000000000
11482 -657.0000000000
11486 -655.0000000000
11514 -654.0000000000
11519 -652.0000000000
11523 -651.0000000000
11552 -649.0000000000
11600 -648.0000000000
11606 -646.0000000000
11634 -645.0000000000
11642 -644.0000000000
11652 -643.0000000000
11690 -642.0000000000
11711 -641.0000000000
11717 -639.0000000000
11775 -637.0000000000
11786 -636.0000000000
11805 -634.0000000000
11807 -633.0000000000
11826 -632.0000000000
11838 -631.0000000000
11860 -630.0000000000
11888 -629.0000000000
11893 -628.0000000000
11912 -626.0000000000
11932 -625.0000000000
11953 -624.0000000000
11976 -623.0000000000
11994 -622.0000000000
12013 -620.0000000000
12044 -618.0000000000
12056 -617.0000000000
12076 -616.0000000000
12099 -614.0000000000
12112 -612.0000000000
12133 -611.0000000000
12149 -610.0000000000
12151 -609.0000000000
12176 -606.0000000000
12187 -605.0000000000
12229 -604.0000000000
12257 -603.0000000000
12304 -602.0000000000
12329 -600.0000000000
12342 -599.0000000000
12358 -597.0000000000
12360 -595.0000000000
12371 -594.0000000000
12389 -593.0000000000
12415 -592.0000000000
12436 -590.0000000000
12467 -589.0000000000
12469 -588.0000000000
12499 -587.0000000000
12507 -586.0000000000
12509 -583.0000000000
12512 -582.0000000000
12521 -581.0000000000
12535 -580.0000000000
12545 -579.0000000000
12564 -577.0000000000
12605 -576.0000000000
12609 -574.0000000000
12647 -573.0000000000
12669 -572.0000000000
12698 -571.0000000000
12701 -570.0000000000
12730 -569.0000000000
12741 -568.0000000000
12752 -566.0000000000
12778 -563.0000000000
12804 -562.0000000000
12819 -561.0000000000
12882 -559.0000000000
12886 -558.0000000000
12907 -557.0000000000
12929 -556.0000000000
12945 -555.0000000000
12970 -553.0000000000
13011 -552.0000000000
13018 -550.0000000000
13037 -548.0000000000
13052 -547.0000000000
13062 -545.0000000000
13071 -544.0000000000
13086 -543.0000000000
13099 -542.0000000000
13113 -541.0000000000
13137 -539.0000000000
13164 -538.0000000000
13174 -537.0000000000
13191 -536.0000000000
13213 -535.0000000000
13264 -534.0000000000
13273 -532.0000000000
13300 -530.0000000000
13303 -529.0000000000
13317 -527.0000000000
13343 -526.0000000000
13383 -524.0000000000
13415 -523.0000000000
13421 -522.0000000000
13463 -520.0000000000
13508 -519.0000000000
13515 -518.0000000000
13524 -517.0000000000
13542 -514.0000000000
13591 -513.0000000000
13601 -512.0000000000
13609 -511.0000000000
13611 -510.0000000000
13624 -509.0000000000
13671 -507.0000000000
13701 -506.0000000000
13732 -505.0000000000
13763 -504.0000000000
13768 -503.0000000000
13787 -501.0000000000
13800 -500.0000000000
13827 -498.0000000000
13836 -496.0000000000
13873 -494.0000000000
13891 -493.0000000000
13913 -488.0000000000
13941 -487.0000000000
13953 -486.0000000000
14001 -483.0000000000
14052 -482.0000000000
14058 -481.0000000000
14087 -479.0000000000
14125 -475.0000000000
14164 -474.0000000000
14187 -473.0000000000
14218 -471.0000000000
14240 -470.0000000000
14247 -469.0000000000
14272 -468.0000000000
14288 -467.0000000000
14319 -465.0000000000
14340 -464.0000000000
14355 -463.0000000000
14365 -462.0000000000
14389 -461.0000000000
14404 -459.0000000000
14438 -457.0000000000
14469 -456.0000000000
14527 -454.0000000000
14553 -452.0000000000
14598 -451.0000000000
14608 -449.0000000000
14632 -446.0000000000
14667 -445.0000000000
14719 -444.0000000000
14730 -443.0000000000
14732 -439.0000000000
14788 -438.0000000000
14806 -437.0000000000
14829 -436.0000000000
14852 -435.0000000000
14887 -434.0000000000
14921 -433.0000000000
14940 -432.0000000000
14951 -431.0000000000
14996 -428.0000000000
15047 -426.0000000000
15057 -425.0000000000
15093 -424.0000000000
15126 -422.0000000000
15136 -421.0000000000
15161 -420.0000000000
15189 -418.0000000000
15203 -417.0000000000
15239 -416.0000000000
15270 -415.0000000000
15291 -414.0000000000
15317 -412.0000000000
15368 -411.0000000000
15373 -410.0000000000
15388 -409.0000000000
15406 -407.0000000000
15421 -406.0000000000
15442 -405.0000000000
15449 -404.0000000000
15475 -402.0000000000
15481 -401.0000000000
15489 -399.0000000000
15545 -398.0000000000
15587 -397.0000000000
15601 -396.0000000000
15608 -395.0000000000
15616 -394.0000000000
15646 -393.0000000000
15676 -392.0000000000
15747 -391.0000000000
15766 -390.0000000000
15779 -389.0000000000
15799 -388.0000000000
15809 -387.0000000000
15837 -385.0000000000
15886 -383.0000000000
15893 -381.0000000000
15925 -380.0000000000
15964 -378.0000000000
15983 -376.0000000000
16015 -375.0000000000
16057 -374.0000000000
16117 -373.0000000000
16126 -372.0000000000
16148 -371.0000000000
16154 -369.0000000000
16182 -367.0000000000
16230 -366.0000000000
16238 -364.0000000000
16311 -363.0000000000
16334 -362.0000000000
16371 -361.0000000000
16387 -360.0000000000
16435 -357.0000000000
16474 -355.0000000000
16502 -354.0000000000
16517 -353.0000000000
16571 -352.0000000000
16596 -351.0000000000
16627 -350.0000000000
16633 -348.0000000000
16651 -347.0000000000
16686 -346.0000000000
16691 -345.0000000000
16718 -342.0000000000
16732 -341.0000000000
16865 -340.0000000000
16888 -339.0000000000
16901 -337.0000000000
16975 -336.0000000000
16990 -334.0000000000
17011 -333.0000000000
17040 -332.0000000000
17058 -331.0000000000
17102 -330.0000000000
17109 -329.0000000000
17163 -328.0000000000
17178 -327.0000000000
17204 -324.0000000000
17262 -323.0000000000
17267 -322.0000000000
17294 -321.0000000000
17333 -320.0000000000
17343 -319.0000000000
17369 -317.0000000000
17428 -316.0000000000
17454 -315.0000000000
17470 -314.0000000000
17479 -312.0000000000
17498 -311.0000000000
17511 -310.0000000000
17521 -309.0000000000
17556 -308.0000000000
17561 -306.0000000000
17633 -305.0000000000
17644 -304.0000000000
17691 -303.0000000000
17709 -302.0000000000
17747 -301.0000000000
17812 -300.0000000000
17834 -299.0000000000
17876 -297.0000000000
17914 -296.0000000000
17917 -295.0000000000
17970 -293.0000000000
17997 -292.0000000000
18017 -291.0000000000
18059 -290.0000000000
18083 -289.0000000000
18122 -288.0000000000
18162 -287.0000000000
18174 -286.0000000000
18241 -283.0000000000
18274 -282.0000000000
18301 -281.0000000000
18312 -280.0000000000
18337 -279.0000000000
18377 -278.0000000000
18412 -276.0000000000
18452 -275.0000000000
18508 -274.0000000000
18534 -272.0000000000
18612 -271.0000000000
18626 -270.0000000000
18667 -269.0000000000
18687 -268.0000000000
18695 -266.0000000000
18722 -264.0000000000
18789 -263.0000000000
18813 -262.0000000000
18860 -260.0000000000
18908 -259.0000000000
18918 -258.0000000000
18929 -256.0000000000
18990 -255.0000000000
19033 -254.0000000000
19062 -252.0000000000
19145 -251.0000000000
19201 -250.0000000000
19275 -249.0000000000
19286 -247.0000000000
19330 -246.0000000000
19342 -245.0000000000
19365 -244.0000000000
19382 -243.0000000000
19402 -242.0000000000
19432 -240.0000000000
19448 -239.0000000000
19474 -238.0000000000
19507 -237.0000000000
19534 -236.0000000000
19542 -235.0000000000
19557 -234.0000000000
19583 -233.0000000000
19602 -232.0000000000
19613 -231.0000000000
19664 -229.0000000000
19697 -228.0000000000
19704 -226.0000000000
19744 -223.0000000000
19792 -222.0000000000
19842 -221.0000000000
19865 -220.0000000000
19923 -219.0000000000
19958 -218.0000000000
19962 -217.0000000000
19980 -216.0000000000
20017 -215.0000000000
20078 -213.0000000000
20137 -212.0000000000
20178 -211.0000000000
20192 -210.0000000000
20222 -209.0000000000
20298 -208.0000000000
20302 -207.0000000000
20321 -206.0000000000
20349 -205.0000000000
20365 -204.0000000000
20441 -203.0000000000
20506 -202.0000000000
20530 -201.0000000000
20661 -200.0000000000
20668 -199.0000000000
20675 -198.0000000000
20708 -196.0000000000
20762 -195.0000000000
20784 -194.0000000000
20789 -193.0000000000
20805 -192.0000000000
20840 -191.0000000000
20898 -190.0000000000
20936 -189.0000000000
20971 -188.0000000000
20980 -186.0000000000
20997 -185.0000000000
21019 -184.0000000000
21069 -183.0000000000
21074 -182.0000000000
21188 -181.0000000000
21264 -179.0000000000
21273 -178.0000000000
21353 -176.0000000000
21406 -175.0000000000
21436 -174.0000000000
21515 -173.0000000000
21544 -172.0000000000
21564 -171.0000000000
21585 -170.0000000000
21672 -169.0000000000
21728 -168.0000000000
21769 -167.0000000000
21812 -166.0000000000
21875 -165.0000000000
21931 -164.0000000000
22040 -163.0000000000
22051 -162.0000000000
22092 -161.0000000000
22150 -160.0000000000
22180 -159.0000000000
22192 -158.0000000000
22265 -157.0000000000
22320 -156.0000000000
22335 -154.0000000000
22385 -153.0000000000
22436 -151.0000000000
22475 -150.0000000000
22515 -149.0000000000
22571 -148.0000000000
22586 -147.0000000000
22673 -146.0000000000
22716 -145.0000000000
22758 -144.0000000000
22770 -142.0000000000
22888 -141.0000000000
22975 -140.0000000000
23009 -139.0000000000
23047 -138.0000000000
23082 -137.0000000000
23148 -136.0000000000
23209 -135.0000000000
23249 -134.0000000000
23332 -133.0000000000
23406 -132.0000000000
23431 -130.0000000000
23523 -129.0000000000
23641 -128.0000000000
23650 -127.0000000000
23713 -126.0000000000
23760 -125.0000000000
23799 -124.0000000000
23814 -123.0000000000
23939 -122.0000000000
23988 -121.0000000000
24044 -120.0000000000
24104 -117.0000000000
24242 -116.0000000000
24266 -115.0000000000
24293 -114.0000000000
24404 -112.0000000000
24491 -111.0000000000
24508 -110.0000000000
24545 -108.0000000000
24631 -107.0000000000
24653 -106.0000000000
24704 -105.0000000000
24771 -103.0000000000
24825 -102.0000000000
24902 -101.0000000000
24974 -100.0000000000
25060 -99.0000000000
25075 -98.0000000000
25176 -97.0000000000
25223 -96.0000000000
25287 -95.0000000000
25347 -94.0000000000
25350 -93.0000000000
25423 -92.0000000000
25544 -91.0000000000
25649 -90.0000000000
25722 -89.0000000000
25743 -88.0000000000
25902 -87.0000000000
25925 -86.0000000000
25962 -85.0000000000
25973 -84.0000000000
25994 -83.0000000000
26020 -82.0000000000
26146 -81.0000000000
26216 -80.0000000000
26247 -79.0000000000
26278 -78.0000000000
26328 -77.0000000000
26391 -76.0000000000
26393 -74.0000000000
26508 -73.0000000000
26573 -72.0000000000
26623 -71.0000000000
26633 -70.0000000000
26672 -69.0000000000
26713 -68.0000000000
26794 -67.0000000000
26812 -66.0000000000
26865 -65.0000000000
26986 -64.0000000000
27135 -62.0000000000
27285 -61.0000000000
27338 -60.0000000000
27414 -59.0000000000
27444 -58.0000000000
27478 -57.0000000000
27515 -55.0000000000
27686 -53.0000000000
27957 -52.0000000000
28053 -51.0000000000
28124 -50.0000000000
28202 -49.0000000000
28274 -48.0000000000
28308 -47.0000000000
28449 -45.0000000000
28739 -44.0000000000
28805 -43.0000000000
28884 -42.0000000000
28909 -41.0000000000
28921 -40.0000000000
29064 -38.0000000000
29181 -37.0000000000
29331 -36.0000000000
29477 -35.0000000000
29513 -34.0000000000
29533 -33.0000000000
29640 -32.0000000000
29660 -31.0000000000
29730 -30.0000000000
29866 -29.0000000000
29947 -28.0000000000
29995 -27.0000000000
30304 -26.0000000000
30537 -24.0000000000
30598 -23.0000000000
31108 -22.0000000000
31429 -21.0000000000
31880 -20.0000000000
32025 -19.0000000000
32406 -18.0000000000
32447 -17.0000000000
32564 -16.0000000000
32673 -15.0000000000
32929 -14.0000000000
32992 -13.0000000000
33345 -12.0000000000
33741 -11.0000000000
33988 -10.0000000000
34058 -9.0000000000
34432 -8.0000000000
34622 -7.0000000000
34707 -6.0000000000
34798 -5.0000000000
35499 -4.0000000000
35650 -3.0000000000
36175 -2.0000000000
36233 -1.0000000000
36829 93.3600000000
36843 96.8400000000
36854 97.8200000000
36903 98.4000000000
36921 105.4100000000
36938 111.6000000000
36947 121.5800000000
37138 121.7200000000
37237 131.4200000000
37352 133.5800000000
37557 136.3400000000
38559 147.0000000000
38726 147.7600000000
40113 149.1800000000
41420 152.4800000000
41787 156.1100000000
45583 158.0300000000
45796 161.7900000000
45866 162.5200000000
46134 169.0400000000
46136 174.3700000000
48756 260.6200000000
50275 261.0500000000
50406 265.2900000000
50623 270.9300000000
50663 275.6000000000
51495 280.3400000000
51780 280.5900000000
51822 290.5400000000
51832 291.6900000000
52012 307.6700000000
53394 314.9200000000
54591 315.9700000000
54736 342.8500000000
56844 346.6600000000
58398 349.9400000000
59052 352.6100000000
70991 382.2100000000
78267 382.4100000000
79475 495.7200000000
81612 515.7500000000
81681 519.8100000000
82006 634.8200000000
87672 639.6100000000
88520 645.7500000000
88560 650.8000000000
88852 662.9100000000
89306 664.1300000000
89666 664.7600000000
90039 668.2000000000
90845 671.6400000000
91020 742.0200000000
96644 743.3800000000
100000 -3.0000000000
evaluations raw_y
1 -2018.0000000000
2 -2002.0000000000
3 -1955.0000000000
18 -1940.0000000000
22 -1939.0000000000
24 -1922.0000000000
41 -1913.0000000000
46 -1911.0000000000
52 -1900.0000000000
59 -1894.0000000000
64 -1890.0000000000
67 -1884.0000000000
72 -1880.0000000000
73 -1877.0000000000
76 -1871.0000000000
77 -1866.0000000000
82 -1846.0000000000
95 -1831.0000000000
125 -1828.0000000000
139 -1819.0000000000
170 -1817.0000000000
176 -1813.0000000000
181 -1811.0000000000
183 -1810.0000000000
192 -1802.0000000000
229 -1800.0000000000
244 -1799.0000000000
253 -1798.0000000000
262 -1797.0000000000
274 -1796.0000000000
287 -1795.0000000000
290 -1794.0000000000
301 -1793.0000000000
302 -1792.0000000000
312 -1791.0000000000
322 -1790.0000000000
331 -1788.0000000000
343 -1786.0000000000
355 -1785.0000000000
362 -1784.0000000000
367 -1782.0000000000
370 -1780.0000000000
382 -1777.0000000000
411 -1775.0000000000
416 -1774.0000000000
423 -1773.0000000000
442 -1772.0000000000
452 -1771.0000000000
464 -1770.0000000000
475 -1769.0000000000
482 -1768.0000000000
484 -1766.0000000000
494 -1765.0000000000
505 -1761.0000000000
527 -1760.0000000000
531 -1759.0000000000
532 -1758.0000000000
542 -1757.0000000000
547 -1756.0000000000
552 -1755.0000000000
557 -1754.0000000000
562 -1753.0000000000
567 -1752.0000000000
572 -1751.0000000000
585 -1750.0000000000
590 -1748.0000000000
614 -1747.0000000000
622 -1745.0000000000
632 -1744.0000000000
640 -1743.0000000000
658 -1742.0000000000
661 -1741.0000000000
671 -1737.0000000000
685 -1736.0000000000
690 -1735.0000000000
701 -1734.0000000000
705 -1731.0000000000
712 -1729.0000000000
727 -1728.0000000000
749 -1726.0000000000
784 -1725.0000000000
785 -1723.0000000000
788 -1722.0000000000
806 -1721.0000000000
811 -1720.0000000000
823 -1718.0000000000
829 -1712.0000000000
852 -1710.0000000000
856 -1707.0000000000
859 -1705.0000000000
881 -1704.0000000000
882 -1702.0000000000
892 -1701.0000000000
901 -1700.0000000000
906 -1699.0000000000
922 -1697.0000000000
934 -1695.0000000000
944 -1692.0000000000
956 -1691.0000000000
986 -1690.0000000000
995 -1688.0000000000
1009 -1687.0000000000
1021 -1684.0000000000
1041 -1682.0000000000
1062 -1680.0000000000
1076 -1679.0000000000
1095 -1678.0000000000
1101 -1676.0000000000
1142 -1675.0000000000
1144 -1671.0000000000
1169 -1668.0000000000
1179 -1667.0000000000
1181 -1666.0000000000
1191 -1665.0000000000
1207 -1664.0000000000
1220 -1663.0000000000
1221 -1662.0000000000
1253 -1657.0000000000
1276 -1656.0000000000
1293 -1652.0000000000
1313 -1650.0000000000
1321 -1649.0000000000
1330 -1648.0000000000
1349 -1647.0000000000
1350 -1646.0000000000
1372 -1644.0000000000
1391 -1642.0000000000
1400 -1641.0000000000
1414 -1640.0000000000
1435 -1639.0000000000
1440 -1638.0000000000
1441 -1636.0000000000
1456 -1635.0000000000
1469 -1633.0000000000
1482 -1630.0000000000
1509 -1628.0000000000
1514 -1626.0000000000
1525 -1624.0000000000
1535 -1623.0000000000
1539 -1622.0000000000
1542 -1621.0000000000
1551 -1619.0000000000
1562 -1618.0000000000
1571 -1616.0000000000
1587 -1614.0000000000
1608 -1613.0000000000
1628 -1612.0000000000
1631 -1611.0000000000
1632 -1610.0000000000
1649 -1608.0000000000
1661 -1606.0000000000
1688 -1603.0000000000
1697 -1602.0000000000
1721 -1601.0000000000
1736 -1600.0000000000
1741 -1599.0000000000
1756 -1598.0000000000
1757 -1597.0000000000
1761 -1596.0000000000
1772 -1595.0000000000
1785 -1593.0000000000
1801 -1592.0000000000
1818 -1591.0000000000
1823 -1590.0000000000
1834 -1589.0000000000
1856 -1587.0000000000
1857 -1586.0000000000
1874 -1585.0000000000
1894 -1582.0000000000
1907 -1580.0000000000
1922 -1579.0000000000
1924 -1578.0000000000
1937 -1576.0000000000
1948 -1574.0000000000
1957 -1573.0000000000
1961 -1570.0000000000
1975 -1569.0000000000
1982 -1568.0000000000
1989 -1566.0000000000
1992 -1565.0000000000
2001 -1563.0000000000
2010 -1562.0000000000
2028 -1560.0000000000
2043 -1557.0000000000
2054 -1556.0000000000
2057 -1555.0000000000
2077 -1554.0000000000
2087 -1552.0000000000
2099 -1551.0000000000
2106 -1550.0000000000
2117 -1548.0000000000
2139 -1547.0000000000
2154 -1544.0000000000
2185 -1543.0000000000
2194 -1542.0000000000
2206 -1540.0000000000
2228 -1537.0000000000
2231 -1536.0000000000
2262 -1535.0000000000
2283 -1534.0000000000
2294 -1530.0000000000
2301 -1529.0000000000
2311 -1528.0000000000
2336 -1526.0000000000
2341 -1525.0000000000
2361 -1524.0000000000
2383 -1522.0000000000
2391 -1519.0000000000
2413 -1518.0000000000
2417 -1517.0000000000
2434 -1516.0000000000
2437 -1515.0000000000
2451 -1513.0000000000
2462 -1512.0000000000
2476 -1511.0000000000
2478 -1510.0000000000
2479 -1509.0000000000
2494 -1508.0000000000
2506 -1507.0000000000
2515 -1506.0000000000
2518 -1505.0000000000
2534 -1504.0000000000
2537 -1502.0000000000
2548 -1501.0000000000
2565 -1500.0000000000
2576 -1498.0000000000
2577 -1497.0000000000
2584 -1493.0000000000
2599 -1492.0000000000
2607 -1491.0000000000
2613 -1490.0000000000
2622 -1488.0000000000
2644 -1487.0000000000
2654 -1486.0000000000
2673 -1485.0000000000
2676 -1483.0000000000
2693 -1482.0000000000
2705 -1481.0000000000
2712 -1479.0000000000
2729 -1478.0000000000
2743 -1477.0000000000
2763 -1476.0000000000
2764 -1474.0000000000
2773 -1473.0000000000
2777 -1472.0000000000
2786 -1471.0000000000
2796 -1469.0000000000
2805 -1468.0000000000
2813 -1465.0000000000
2827 -1462.0000000000
2833 -1460.0000000000
2846 -1459.0000000000
2861 -1456.0000000000
2902 -1454.0000000000
2911 -1453.0000000000
2916 -1451.0000000000
2940 -1450.0000000000
2951 -1449.0000000000
2958 -1447.0000000000
2963 -1446.0000000000
2969 -1445.0000000000
2972 -1444.0000000000
2973 -1442.0000000000
2983 -1439.0000000000
2998 -1436.0000000000
3019 -1434.0000000000
3020 -1433.0000000000
3057 -1432.0000000000
3072 -1431.0000000000
3094 -1427.0000000000
3102 -1426.0000000000
3113 -1425.0000000000
3127 -1421.0000000000
3143 -1420.0000000000
3154 -1419.0000000000
3178 -1417.0000000000
3190 -1416.0000000000
3206 -1413.0000000000
3212 -1412.0000000000
3231 -1407.0000000000
3256 -1404.0000000000
3287 -1403.0000000000
3300 -1400.0000000000
3315 -1399.0000000000
3328 -1398.0000000000
3338 -1397.0000000000
3342 -1395.0000000000
3353 -1393.0000000000
3372 -1392.0000000000
3382 -1390.0000000000
3397 -1388.0000000000
3425 -1387.0000000000
3429 -1384.0000000000
3445 -1382.0000000000
3471 -1381.0000000000
3481 -1380.0000000000
3483 -1378.0000000000
3510 -1375.0000000000
3546 -1374.0000000000
3551 -1373.0000000000
3562 -1372.0000000000
3575 -1370.0000000000
3594 -1367.0000000000
3611 -1364.0000000000
3639 -1362.0000000000
3653 -1361.0000000000
3656 -1359.0000000000
3682 -1358.0000000000
3692 -1356.0000000000
3708 -1354.0000000000
3733 -1353.0000000000
3747 -1351.0000000000
3760 -1350.0000000000
3767 -1348.0000000000
3783 -1346.0000000000
3807 -1345.0000000000
3820 -1344.0000000000
3828 -1342.0000000000
3837 -1341.0000000000
3852 -1340.0000000000
3864 -1339.0000000000
3872 -1337.0000000000
3894 -1335.0000000000
3904 -1334.0000000000
3925 -1333.0000000000
3926 -1332.0000000000
3948 -1329.0000000000
3958 -1326.0000000000
3963 -1325.0000000000
3980 -1323.0000000000
3984 -1321.0000000000
3998 -1320.0000000000
4000 -1318.0000000000
4022 -1317.0000000000
4029 -1315.0000000000
4034 -1313.0000000000
4071 -1311.0000000000
4094 -1310.0000000000
4102 -1309.0000000000
4104 -1308.0000000000
4118 -1306.0000000000
4124 -1305.0000000000
4140 -1304.0000000000
4148 -1301.0000000000
4151 -1300.0000000000
4161 -1299.0000000000
4166 -1298.0000000000
4181 -1297.0000000000
4188 -1296.0000000000
4201 -1292.0000000000
4222 -1290.0000000000
4231 -1288.0000000000
4253 -1287.0000000000
4255 -1286.0000000000
4267 -1285.0000000000
4269 -1284.0000000000
4286 -1283.0000000000
4303 -1281.0000000000
4314 -1280.0000000000
4325 -1279.0000000000
4328 -1277.0000000000
4350 -1275.0000000000
4371 -1274.0000000000
4386 -1272.0000000000
4392 -1271.0000000000
4411 -1270.0000000000
4419 -1269.0000000000
4435 -1268.0000000000
4453 -1265.0000000000
4474 -1264.0000000000
4487 -1262.0000000000
4506 -1261.0000000000
4527 -1260.0000000000
4537 -1258.0000000000
4540 -1255.0000000000
4575 -1253.0000000000
4581 -1248.0000000000
4606 -1246.0000000000
4624 -1245.0000000000
4641 -1244.0000000000
4646 -1243.0000000000
4664 -1242.0000000000
4677 -1240.0000000000
4682 -1239.0000000000
4692 -1237.0000000000
4711 -1236.0000000000
4722 -1234.0000000000
4741 -1233.0000000000
4750 -1232.0000000000
4751 -1231.0000000000
4771 -1229.0000000000
4799 -1228.0000000000
4803 -1227.0000000000
4808 -1226.0000000000
4818 -1225.0000000000
4830 -1223.0000000000
4837 -1221.0000000000
4856 -1220.0000000000
4874 -1217.0000000000
4883 -1216.0000000000
4910 -1214.0000000000
4925 -1212.0000000000
4931 -1211.0000000000
4942 -1210.0000000000
4964 -1209.0000000000
4984 -1208.0000000000
4993 -1207.0000000000
5002 -1206.0000000000
5014 -1204.0000000000
5042 -1203.0000000000
5069 -1202.0000000000
5074 -1201.0000000000
5082 -1200.0000000000
5093 -1198.0000000000
5101 -1197.0000000000
5115 -1196.0000000000
5123 -1195.0000000000
5131 -1192.0000000000
5171 -1189.0000000000
5201 -1186.0000000000
5213 -1185.0000000000
5226 -1184.0000000000
5232 -1182.0000000000
5241 -1180.0000000000
5272 -1178.0000000000
5282 -1176.0000000000
5307 -1174.0000000000
5316 -1171.0000000000
5341 -1170.0000000000
5355 -1169.0000000000
5366 -1167.0000000000
5386 -1166.0000000000
5391 -1165.0000000000
5417 -1164.0000000000
5421 -1163.0000000000
5449 -1161.0000000000
5464 -1160.0000000000
5471 -1159.0000000000
5480 -1157.0000000000
5488 -1156.0000000000
5504 -1155.0000000000
5505 -1154.0000000000
5529 -1153.0000000000
5531 -1152.0000000000
5533 -1150.0000000000
5553 -1149.0000000000
5563 -1148.0000000000
5601 -1146.0000000000
5619 -1145.0000000000
5628 -1144.0000000000
5653 -1142.0000000000
5679 -1141.0000000000
5688 -1140.0000000000
5693 -1139.0000000000
5721 -1138.0000000000
5734 -1137.0000000000
5747 -1136.0000000000
5754 -1135.0000000000
5765 -1134.0000000000
5773 -1133.0000000000
5785 -1132.0000000000
5788 -1130.0000000000
5795 -1129.0000000000
5809 -1128.0000000000
5813 -1127.0000000000
5824 -1126.0000000000
5842 -1125.0000000000
5850 -1124.0000000000
5854 -1122.0000000000
5862 -1120.0000000000
5890 -1118.0000000000
5900 -1117.0000000000
5915 -1116.0000000000
5916 -1115.0000000000
5925 -1114.0000000000
5934 -1113.0000000000
5944 -1112.0000000000
5946 -1111.0000000000
5953 -1109.0000000000
5966 -1108.0000000000
5974 -1106.0000000000
5977 -1105.0000000000
6003 -1103.0000000000
6005 -1100.0000000000
6012 -1099.0000000000
6032 -1098.0000000000
6043 -1095.0000000000
6081 -1094.0000000000
6110 -1093.0000000000
6118 -1090.0000000000
6136 -1087.0000000000
6152 -1086.0000000000
6166 -1084.0000000000
6173 -1083.0000000000
6182 -1082.0000000000
6191 -1081.0000000000
6210 -1080.0000000000
6213 -1078.0000000000
6230 -1077.0000000000
6242 -1075.0000000000
6269 -1072.0000000000
6277 -1071.0000000000
6313 -1070.0000000000
6329 -1069.0000000000
6334 -1067.0000000000
6356 -1066.0000000000
6363 -1065.0000000000
6378 -1064.0000000000
6390 -1063.0000000000
6395 -1062.0000000000
6401 -1061.0000000000
6421 -1059.0000000000
6450 -1058.0000000000
6466 -1057.0000000000
6485 -1055.0000000000
6509 -1054.0000000000
6516 -1052.0000000000
6542 -1051.0000000000
6559 -1049.0000000000
6583 -1048.0000000000
6593 -1046.0000000000
6614 -1045.0000000000
6624 -1044.0000000000
6643 -1043.0000000000
6652 -1040.0000000000
6674 -1039.0000000000
6694 -1038.0000000000
6716 -1037.0000000000
6730 -1036.0000000000
6751 -1035.0000000000
6753 -1034.0000000000
6782 -1032.0000000000
6800 -1031.0000000000
6804 -1029.0000000000
6823 -1028.0000000000
6837 -1027.0000000000
6843 -1026.0000000000
6857 -1024.0000000000
6877 -1023.0000000000
6879 -1021.0000000000
6901 -1020.0000000000
6913 -1019.0000000000
6922 -1018.0000000000
6928 -1017.0000000000
6972 -1015.0000000000
6992 -1011.0000000000
7013 -1010.0000000000
7027 -1009.0000000000
7040 -1006.0000000000
7055 -1003.0000000000
7087 -1002.0000000000
7105 -1001.0000000000
7106 -1000.0000000000
7114 -999.0000000000
7121 -998.0000000000
7144 -997.0000000000
7165 -996.0000000000
7174 -995.0000000000
7182 -994.0000000000
7204 -993.0000000000
7233 -992.0000000000
7248 -991.0000000000
7261 -990.0000000000
7265 -989.0000000000
7278 -988.0000000000
7282 -987.0000000000
7302 -986.0000000000
7303 -985.0000000000
7314 -982.0000000000
7332 -981.0000000000
7333 -979.0000000000
7372 -978.0000000000
7381 -976.0000000000
7384 -975.0000000000
7407 -974.0000000000
7429 -972.0000000000
7433 -970.0000000000
7447 -969.0000000000
7470 -968.0000000000
7482 -966.0000000000
7492 -964.0000000000
7525 -962.0000000000
7533 -961.0000000000
7550 -959.0000000000
7568 -958.0000000000
7571 -956.0000000000
7575 -955.0000000000
7594 -954.0000000000
7611 -953.0000000000
7646 -952.0000000000
7652 -951.0000000000
7660 -950.0000000000
7676 -949.0000000000
7700 -948.0000000000
7714 -947.0000000000
7723 -946.0000000000
7731 -945.0000000000
7748 -944.0000000000
7753 -943.0000000000
7757 -941.0000000000
7782 -938.0000000000
7816 -937.0000000000
7843 -935.0000000000
7850 -934.0000000000
7867 -932.0000000000
7875 -931.0000000000
7899 -930.0000000000
7900 -928.0000000000
7938 -927.0000000000
7952 -926.0000000000
7987 -924.0000000000
8003 -922.0000000000
8018 -920.0000000000
8035 -917.0000000000
8051 -916.0000000000
8076 -915.0000000000
8093 -913.0000000000
8109 -912.0000000000
8117 -911.0000000000
8141 -910.0000000000
8156 -909.0000000000
8165 -908.0000000000
8181 -906.0000000000
8205 -905.0000000000
8214 -904.0000000000
8234 -903.0000000000
8241 -902.0000000000
8257 -900.0000000000
8286 -899.0000000000
8298 -897.0000000000
8321 -896.0000000000
8338 -895.0000000000
8351 -894.0000000000
8404 -893.0000000000
8414 -892.0000000000
8416 -890.0000000000
8442 -889.0000000000
8453 -887.0000000000
8484 -886.0000000000
8504 -885.0000000000
8531 -883.0000000000
8551 -881.0000000000
8572 -880.0000000000
8599 -879.0000000000
8615 -876.0000000000
8624 -874.0000000000
8641 -873.0000000000
8657 -872.0000000000
8676 -870.0000000000
8681 -869.0000000000
8702 -868.0000000000
8715 -867.0000000000
8732 -866.0000000000
8739 -865.0000000000
8744 -864.0000000000
8778 -862.0000000000
8790 -860.0000000000
8792 -859.0000000000
8817 -858.0000000000
8822 -857.0000000000
8846 -856.0000000000
8879 -855.0000000000
8886 -854.0000000000
8898 -853.0000000000
8915 -852.0000000000
8919 -850.0000000000
8922 -849.0000000000
8957 -847.0000000000
8961 -845.0000000000
8982 -843.0000000000
9007 -841.0000000000
9015 -840.0000000000
9034 -839.0000000000
9059 -838.0000000000
9075 -837.0000000000
9085 -836.0000000000
9104 -834.0000000000
9117 -832.0000000000
9129 -831.0000000000
9141 -830.0000000000
9159 -828.0000000000
9185 -827.0000000000
9192 -826.0000000000
9205 -825.0000000000
9215 -824.0000000000
9234 -823.0000000000
9245 -822.0000000000
9257 -820.0000000000
9294 -818.0000000000
9311 -817.0000000000
9320 -815.0000000000
9338 -814.0000000000
9366 -812.0000000000
9380 -811.0000000000
9412 -810.0000000000
9414 -807.0000000000
9446 -805.0000000000
9467 -804.0000000000
9494 -803.0000000000
9522 -802.0000000000
9533 -801.0000000000
9546 -800.0000000000
9570 -797.0000000000
9578 -796.0000000000
9592 -795.0000000000
9626 -794.0000000000
9641 -793.0000000000
9666 -790.0000000000
9677 -788.0000000000
9699 -787.0000000000
9708 -786.0000000000
9729 -785.0000000000
9743 -783.0000000000
9753 -782.0000000000
9772 -781.0000000000
9801 -780.0000000000
9804 -778.0000000000
9830 -776.0000000000
9845 -775.0000000000
9851 -774.0000000000
9874 -773.0000000000
9878 -771.0000000000
9901 -769.0000000000
9914 -768.0000000000
9918 -767.0000000000
9925 -766.0000000000
9931 -763.0000000000
9951 -761.0000000000
9972 -760.0000000000
9993 -758.0000000000
10018 -757.0000000000
10035 -756.0000000000
10051 -755.0000000000
10055 -754.0000000000
10099 -753.0000000000
10101 -752.0000000000
10138 -750.0000000000
10148 -749.0000000000
10154 -748.0000000000
10163 -747.0000000000
10194 -745.0000000000
10231 -742.0000000000
10261 -741.0000000000
10274 -740.0000000000
10293 -738.0000000000
10329 -737.0000000000
10355 -736.0000000000
10359 -735.0000000000
10365 -734.0000000000
10378 -733.0000000000
10392 -731.0000000000
10428 -730.0000000000
10431 -729.0000000000
10442 -728.0000000000
10458 -727.0000000000
10488 -726.0000000000
10501 -724.0000000000
10512 -722.0000000000
10527 -721.0000000000
10542 -720.0000000000
10598 -719.0000000000
10600 -716.0000000000
10636 -715.0000000000
10640 -714.0000000000
10662 -712.0000000000
10677 -709.0000000000
10696 -708.0000000000
10715 -707.0000000000
10724 -704.0000000000
10747 -703.0000000000
10752 -702.0000000000
10773 -701.0000000000
10783 -700.0000000000
10787 -699.0000000000
10798 -696.0000000000
10822 -695.0000000000
10830 -694.0000000000
10834 -693.0000000000
10856 -690.0000000000
10862 -689.0000000000
10874 -688.0000000000
10906 -687.0000000000
10921 -686.0000000000
10931 -684.0000000000
10951 -680.0000000000
10971 -679.0000000000
10987 -678.0000000000
11020 -677.0000000000
11064 -676.0000000000
11089 -675.0000000000
11091 -674.0000000000
11093 -673.0000000000
11117 -672.0000000000
11147 -671.0000000000
11159 -670.0000000000
11197 -669.0000000000
11205 -668.0000000000
11224 -667.0000000000
11231 -665.0000000000
11257 -664.0000000000
11271 -662.0000000000
11294 -661.0000000000
11308 -660.0000000000
11344 -659.0000000000
11364 -658.0000000000
11374 -657.0000000000
11378 -656.0000000000
11419 -655.0000000000
11452 -653.0000000000
11458 -652.0000000000
11492 -650.0000000000
11519 -648.0000000000
11526 -646.0000000000
11542 -644.0000000000
11606 -643.0000000000
11648 -640.0000000000
11673 -639.0000000000
11692 -637.0000000000
11702 -636.0000000000
11711 -635.0000000000
11721 -634.0000000000
11730 -633.0000000000
11762 -632.0000000000
11770 -631.0000000000
11784 -630.0000000000
11802 -629.0000000000
11815 -628.0000000000
11833 -627.0000000000
11857 -626.0000000000
11870 -624.0000000000
11908 -622.0000000000
11937 -621.0000000000
11940 -619.0000000000
11962 -618.0000000000
11968 -617.0000000000
11981 -616.0000000000
12021 -615.0000000000
12032 -614.0000000000
12052 -611.0000000000
12090 -609.0000000000
12093 -607.0000000000
12113 -605.0000000000
12152 -604.0000000000
12177 -603.0000000000
12192 -601.0000000000
12214 -600.0000000000
12241 -599.0000000000
12272 -598.0000000000
12289 -596.0000000000
12351 -595.0000000000
12371 -594.0000000000
12378 -593.0000000000
12381 -590.0000000000
12412 -589.0000000000
12472 -588.0000000000
12491 -587.0000000000
12506 -586.0000000000
12529 -585.0000000000
12542 -583.0000000000
12557 -581.0000000000
12580 -580.0000000000
12602 -578.0000000000
12634 -577.0000000000
12689 -576.0000000000
12691 -574.0000000000
12711 -573.0000000000
12728 -571.0000000000
12729 -570.0000000000
12745 -569.0000000000
12761 -568.0000000000
12794 -567.0000000000
12807 -566.0000000000
12822 -565.0000000000
12831 -564.0000000000
12849 -563.0000000000
12850 -561.0000000000
12863 -560.0000000000
12880 -559.0000000000
12891 -558.0000000000
12904 -557.0000000000
12916 -556.0000000000
12943 -555.0000000000
12981 -554.0000000000
13000 -553.0000000000
13013 -551.0000000000
13034 -550.0000000000
13051 -549.0000000000
13076 -546.0000000000
13121 -545.0000000000
13199 -544.0000000000
13221 -543.0000000000
13255 -542.0000000000
13267 -540.0000000000
13279 -539.0000000000
13289 -538.0000000000
13309 -537.0000000000
13319 -535.0000000000
13324 -534.0000000000
13375 -533.0000000000
13386 -532.0000000000
13410 -530.0000000000
13425 -529.0000000000
13464 -528.0000000000
13495 -527.0000000000
13523 -526.0000000000
13554 -525.0000000000
13588 -524.0000000000
13602 -521.0000000000
13623 -520.0000000000
13652 -519.0000000000
13666 -518.0000000000
13704 -517.0000000000
13744 -516.0000000000
13752 -514.0000000000
13782 -513.0000000000
13815 -512.0000000000
13832 -511.0000000000
13850 -509.0000000000
13892 -508.0000000000
13909 -507.0000000000
13912 -506.0000000000
13925 -505.0000000000
13958 -503.0000000000
14010 -500.0000000000
14030 -499.0000000000
14038 -498.0000000000
14060 -497.0000000000
14063 -496.0000000000
14083 -495.0000000000
14105 -494.0000000000
14116 -493.0000000000
14149 -491.0000000000
14167 -490.0000000000
14173 -489.0000000000
14197 -486.0000000000
14227 -483.0000000000
14274 -482.0000000000
14290 -481.0000000000
14321 -480.0000000000
14326 -479.0000000000
14333 -477.0000000000
14384 -476.0000000000
14394 -475.0000000000
14396 -474.0000000000
14422 -473.0000000000
14431 -472.0000000000
14434 -471.0000000000
14446 -470.0000000000
14480 -469.0000000000
14483 -468.0000000000
14502 -467.0000000000
14512 -466.0000000000
14535 -465.0000000000
14593 -463.0000000000
14629 -462.0000000000
14660 -461.0000000000
14693 -460.0000000000
14701 -459.0000000000
14707 -458.0000000000
14733 -457.0000000000
14741 -456.0000000000
14786 -454.0000000000
14817 -453.0000000000
14843 -452.0000000000
14871 -451.0000000000
14881 -450.0000000000
14913 -448.0000000000
14931 -447.0000000000
14967 -445.0000000000
14999 -444.0000000000
15035 -443.0000000000
15067 -442.0000000000
15111 -441.0000000000
15124 -440.0000000000
15126 -439.0000000000
15154 -438.0000000000
15170 -437.0000000000
15174 -436.0000000000
15184 -435.0000000000
15238 -434.0000000000
15268 -433.0000000000
15275 -431.0000000000
15308 -430.0000000000
15338 -429.0000000000
15356 -428.0000000000
15389 -427.0000000000
15408 -426.0000000000
15434 -425.0000000000
15485 -423.0000000000
15524 -422.0000000000
15531 -421.0000000000
15553 -420.0000000000
15579 -419.0000000000
15586 -418.0000000000
15621 -416.0000000000
15633 -414.0000000000
15677 -413.0000000000
15728 -412.0000000000
15740 -411.0000000000
15772 -410.0000000000
15782 -409.0000000000
15797 -408.0000000000
15821 -407.0000000000
15836 -406.0000000000
15849 -405.0000000000
15856 -404.0000000000
15884 -401.0000000000
15918 -400.0000000000
15928 -399.0000000000
15950 -398.0000000000
15983 -397.0000000000
15996 -394.0000000000
16043 -391.0000000000
16120 -390.0000000000
16154 -389.0000000000
16174 -388.0000000000
16190 -387.0000000000
16196 -386.0000000000
16232 -385.0000000000
16248 -384.0000000000
16287 -383.0000000000
16303 -382.0000000000
16321 -381.0000000000
16340 -380.0000000000
16364 -379.0000000000
16414 -378.0000000000
16448 -377.0000000000
16477 -376.0000000000
16500 -374.0000000000
16551 -373.0000000000
16571 -372.0000000000
16581 -369.0000000000
16623 -368.0000000000
16639 -365.0000000000
16686 -364.0000000000
16740 -363.0000000000
16750 -362.0000000000
16785 -361.0000000000
16809 -360.0000000000
16826 -359.0000000000
16851 -358.0000000000
16904 -356.0000000000
16939 -354.0000000000
16980 -353.0000000000
16986 -352.0000000000
17016 -351.0000000000
17040 -350.0000000000
17062 -349.0000000000
17083 -346.0000000000
17098 -345.0000000000
17144 -344.0000000000
17146 -343.0000000000
17182 -342.0000000000
17206 -341.0000000000
17208 -340.0000000000
17226 -338.0000000000
17266 -336.0000000000
17302 -335.0000000000
17311 -333.0000000000
17338 -332.0000000000
17347 -329.0000000000
17361 -328.0000000000
17416 -327.0000000000
17460 -326.0000000000
17523 -324.0000000000
17590 -323.0000000000
17634 -322.0000000000
17669 -321.0000000000
17691 -320.0000000000
17704 -319.0000000000
17786 -318.0000000000
17791 -314.0000000000
17862 -313.0000000000
17871 -312.0000000000
17883 -311.0000000000
17898 -310.0000000000
17930 -309.0000000000
18004 -308.0000000000
18027 -307.0000000000
18066 -306.0000000000
18090 -305.0000000000
18138 -304.0000000000
18182 -300.0000000000
18200 -299.0000000000
18276 -298.0000000000
18307 -295.0000000000
18342 -294.0000000000
18360 -293.0000000000
18366 -292.0000000000
18389 -290.0000000000
18419 -289.0000000000
18425 -287.0000000000
18598 -286.0000000000
18626 -285.0000000000
18655 -284.0000000000
18665 -283.0000000000
18671 -281.0000000000
18749 -279.0000000000
18766 -277.0000000000
18791 -276.0000000000
18841 -275.0000000000
18852 -273.0000000000
18928 -272.0000000000
18971 -271.0000000000
18975 -270.0000000000
18989 -268.0000000000
19038 -267.0000000000
19136 -266.0000000000
19170 -265.0000000000
19174 -264.0000000000
19194 -263.0000000000
19205 -261.0000000000
19254 -260.0000000000
19271 -258.0000000000
19292 -257.0000000000
19342 -256.0000000000
19374 -254.0000000000
19412 -253.0000000000
19440 -252.0000000000
19537 -250.0000000000
19610 -249.0000000000
19636 -248.0000000000
19644 -247.0000000000
19691 -246.0000000000
19701 -245.0000000000
19711 -244.0000000000
19739 -243.0000000000
19756 -242.0000000000
19782 -241.0000000000
19787 -240.0000000000
19830 -239.0000000000
19884 -238.0000000000
19935 -235.0000000000
19967 -234.0000000000
19996 -233.0000000000
20001 -232.0000000000
20043 -230.0000000000
20103 -229.0000000000
20134 -228.0000000000
20164 -226.0000000000
20202 -225.0000000000
20237 -224.0000000000
20277 -223.0000000000
20334 -222.0000000000
20359 -220.0000000000
20508 -219.0000000000
20510 -218.0000000000
20563 -217.0000000000
20606 -216.0000000000
20640 -215.0000000000
20655 -214.0000000000
20683 -212.0000000000
20735 -211.0000000000
20808 -210.0000000000
20820 -209.0000000000
20894 -206.0000000000
20935 -205.0000000000
20961 -204.0000000000
20962 -203.0000000000
21007 -202.0000000000
21017 -201.0000000000
21033 -198.0000000000
21081 -197.0000000000
21132 -196.0000000000
21151 -195.0000000000
21171 -194.0000000000
21206 -193.0000000000
21217 -192.0000000000
21227 -191.0000000000
21261 -189.0000000000
21274 -188.0000000000
21316 -187.0000000000
21344 -186.0000000000
21386 -185.0000000000
21429 -184.0000000000
21433 -183.0000000000
21511 -181.0000000000
21603 -180.0000000000
21632 -179.0000000000
21679 -178.0000000000
21696 -177.0000000000
21707 -175.0000000000
21775 -174.0000000000
21794 -173.0000000000
21797 -171.0000000000
21872 -170.0000000000
21928 -169.0000000000
21952 -168.0000000000
21968 -167.0000000000
22012 -165.0000000000
22052 -164.0000000000
22097 -163.0000000000
22112 -162.0000000000
22196 -160.0000000000
22286 -159.0000000000
22359 -158.0000000000
22385 -156.0000000000
22448 -155.0000000000
22492 -154.0000000000
22534 -153.0000000000
22552 -152.0000000000
22598 -151.0000000000
22632 -150.0000000000
22654 -148.0000000000
22685 -147.0000000000
22694 -146.0000000000
22721 -145.0000000000
22774 -144.0000000000
22826 -142.0000000000
22845 -141.0000000000
22948 -140.0000000000
22953 -137.0000000000
23102 -136.0000000000
23152 -135.0000000000
23170 -134.0000000000
23203 -133.0000000000
23277 -132.0000000000
23329 -131.0000000000
23391 -130.0000000000
23425 -129.0000000000
23486 -128.0000000000
23525 -127.0000000000
23547 -126.0000000000
23591 -125.0000000000
23632 -122.0000000000
23688 -121.0000000000
23719 -120.0000000000
23776 -119.0000000000
23862 -118.0000000000
23971 -117.0000000000
23995 -115.0000000000
24063 -114.0000000000
24081 -113.0000000000
24131 -111.0000000000
24322 -110.0000000000
24334 -109.0000000000
24413 -107.0000000000
24475 -106.0000000000
24500 -105.0000000000
24652 -103.0000000000
24740 -102.0000000000
24768 -101.0000000000
24925 -99.0000000000
25002 -98.0000000000
25161 -97.0000000000
25221 -96.0000000000
25310 -95.0000000000
25370 -94.0000000000
25435 -93.0000000000
25514 -92.0000000000
25628 -91.0000000000
25716 -90.0000000000
25781 -89.0000000000
25897 -88.0000000000
26072 -87.0000000000
26154 -86.0000000000
26236 -85.0000000000
26312 -84.0000000000
26375 -83.0000000000
26520 -81.0000000000
26529 -80.0000000000
26608 -78.0000000000
26639 -77.0000000000
26874 -76.0000000000
26953 -75.0000000000
27000 -73.0000000000
27030 -72.0000000000
27133 -71.0000000000
27236 -70.0000000000
27259 -69.0000000000
27345 -68.0000000000
27383 -67.0000000000
27476 -66.0000000000
27576 -65.0000000000
27614 -64.0000000000
27679 -63.0000000000
27784 -61.0000000000
27829 -60.0000000000
27962 -59.0000000000
28014 -58.0000000000
28077 -56.0000000000
28222 -55.0000000000
28589 -54.0000000000
28594 -53.0000000000
28663 -52.0000000000
28780 -51.0000000000
28882 -50.0000000000
28944 -49.0000000000
28984 -48.0000000000
29163 -47.0000000000
29170 -46.0000000000
29257 -45.0000000000
29303 -44.0000000000
29757 -43.0000000000
29865 -42.0000000000
29963 -41.0000000000
30028 -40.0000000000
30079 -39.0000000000
30185 -38.0000000000
30229 -36.0000000000
30544 -35.0000000000
30693 -34.0000000000
30701 -33.0000000000
30882 -32.0000000000
30963 -31.0000000000
30976 -30.0000000000
31013 -29.0000000000
31207 -28.0000000000
31581 -27.0000000000
31778 -26.0000000000
31876 -25.0000000000
31921 -24.0000000000
32383 -23.0000000000
32731 -22.0000000000
32806 -21.0000000000
32922 -20.0000000000
33004 -17.0000000000
33568 -16.0000000000
34064 -14.0000000000
34296 -12.0000000000
34428 -11.0000000000
34752 -10.0000000000
34951 -9.0000000000
35245 -8.0000000000
35421 -7.0000000000
35639 -6.0000000000
35756 -5.0000000000
35839 -4.0000000000
36778 -3.0000000000
37538 -2.0000000000
37812 -1.0000000000
38954 67.5600000000
39341 91.2500000000
39739 102.0200000000
39771 104.1900000000
39836 109.8200000000
39839 111.4600000000
39993 112.4000000000
40191 112.9200000000
40685 120.1500000000
40864 121.0600000000
41040 123.1400000000
41237 125.5000000000
41361 131.8900000000
41857 134.1300000000
42453 270.7300000000
44887 279.3100000000
45514 284.9600000000
46064 288.3100000000
47053 298.4100000000
47122 365.3300000000
47345 381.8600000000
48138 382.2100000000
48163 385.6000000000
48255 396.2300000000
48378 412.5800000000
53418 426.3000000000
55146 438.4800000000
55150 439.2300000000
55498 454.4800000000
58572 458.1300000000
58637 466.8200000000
59027 471.6200000000
59337 472.8900000000
59566 583.0600000000
61033 584.8500000000
61060 605.7800000000
63522 606.9800000000
64974 607.5700000000
65988 611.6000000000
70029 712.8100000000
76209 714.5400000000
76211 717.1600000000
76339 718.4200000000
76382 720.1700000000
76493 722.6200000000
76513 722.7300000000
76610 727.6900000000
76869 733.4700000000
79892 733.6500000000
80233 736.0000000000
80567 805.3400000000
82603 810.4300000000
82604 811.3400000000
82648 819.4900000000
82778 828.0100000000
82967 830.7600000000
83306 834.2500000000
83760 839.0300000000
85665 845.4200000000
86259 846.7200000000
86472 847.4100000000
86699 854.6000000000
87230 855.9200000000
88382 858.8100000000
90227 862.2300000000
99282 864.0500000000
100000 -1.0000000000
evaluations raw_y
1 -1990.0000000000
2 -1957.0000000000
20 -1947.0000000000
24 -1946.0000000000
25 -1945.0000000000
30 -1944.0000000000
33 -1941.0000000000
39 -1937.0000000000
42 -1923.0000000000
48 -1902.0000000000
57 -1901.0000000000
58 -1899.0000000000
63 -1889.0000000000
73 -1881.0000000000
91 -1880.0000000000
96 -1874.0000000000
102 -1873.0000000000
103 -1865.0000000000
125 -1860.0000000000
136 -1851.0000000000
142 -1850.0000000000
156 -1849.0000000000
172 -1848.0000000000
183 -1847.0000000000
194 -1844.0000000000
226 -1843.0000000000
228 -1839.0000000000
248 -1838.0000000000
250 -1836.0000000000
261 -1834.0000000000
263 -1833.0000000000
284 -1832.0000000000
301 -1830.0000000000
306 -1827.0000000000
325 -1826.0000000000
326 -1825.0000000000
341 -1822.0000000000
354 -1821.0000000000
365 -1820.0000000000
372 -1818.0000000000
384 -1817.0000000000
399 -1814.0000000000
402 -1812.0000000000
423 -1811.0000000000
428 -1808.0000000000
448 -1807.0000000000
455 -1806.0000000000
476 -1805.0000000000
493 -1802.0000000000
517 -1801.0000000000
537 -1800.0000000000
538 -1799.0000000000
549 -1793.0000000000
561 -1792.0000000000
571 -1791.0000000000
583 -1789.0000000000
591 -1788.0000000000
608 -1786.0000000000
611 -1785.0000000000
624 -1784.0000000000
628 -1783.0000000000
639 -1782.0000000000
644 -1780.0000000000
653 -1779.0000000000
685 -1777.0000000000
691 -1773.0000000000
716 -1770.0000000000
732 -1769.0000000000
747 -1766.0000000000
756 -1765.0000000000
774 -1764.0000000000
784 -1762.0000000000
799 -1761.0000000000
816 -1760.0000000000
817 -1759.0000000000
820 -1758.0000000000
826 -1756.0000000000
831 -1755.0000000000
844 -1754.0000000000
861 -1753.0000000000
867 -1752.0000000000
873 -1748.0000000000
910 -1746.0000000000
912 -1743.0000000000
927 -1742.0000000000
933 -1741.0000000000
944 -1739.0000000000
964 -1738.0000000000
965 -1737.0000000000
979 -1736.0000000000
990 -1735.0000000000
991 -1734.0000000000
1000 -1733.0000000000
1009 -1732.0000000000
1011 -1729.0000000000
1013 -1728.0000000000
1021 -1727.0000000000
1032 -1724.0000000000
1045 -1721.0000000000
1055 -1720.0000000000
1057 -1718.0000000000
1066 -1717.0000000000
1075 -1716.0000000000
1076 -1715.0000000000
1096 -1714.0000000000
1106 -1713.0000000000
1113 -1712.0000000000
1126 -1711.0000000000
1128 -1710.0000000000
1131 -1709.0000000000
1143 -1708.0000000000
1155 -1707.0000000000
1168 -1705.0000000000
1176 -1704.0000000000
1183 -1703.0000000000
1188 -1699.0000000000
1201 -1696.0000000000
1216 -1695.0000000000
1233 -1694.0000000000
1240 -1693.0000000000
1241 -1692.0000000000
1248 -1690.0000000000
1251 -1689.0000000000
1271 -1687.0000000000
1281 -1683.0000000000
1298 -1682.0000000000
1305 -1681.0000000000
1310 -1680.0000000000
1327 -1679.0000000000
1329 -1678.0000000000
1333 -1676.0000000000
1354 -1675.0000000000
1360 -1673.0000000000
1379 -1669.0000000000
1427 -1666.0000000000
1442 -1664.0000000000
1463 -1663.0000000000
1481 -1660.0000000000
1508 -1659.0000000000
1515 -1657.0000000000
1531 -1655.0000000000
1543 -1654.0000000000
1552 -1651.0000000000
1563 -1650.0000000000
1574 -1649.0000000000
1582 -1648.0000000000
1594 -1647.0000000000
1595 -1643.0000000000
1618 -1642.0000000000
1627 -1641.0000000000
1643 -1639.0000000000
1653 -1638.0000000000
1663 -1636.0000000000
1681 -1634.0000000000
1694 -1633.0000000000
1705 -1631.0000000000
1728 -1626.0000000000
1767 -1625.0000000000
1769 -1623.0000000000
1778 -1620.0000000000
1781 -1618.0000000000
1795 -1617.0000000000
1802 -1616.0000000000
1820 -1615.0000000000
1825 -1614.0000000000
1840 -1613.0000000000
1843 -1612.0000000000
1851 -1611.0000000000
1856 -1610.0000000000
1868 -1609.0000000000
1873 -1608.0000000000
1896 -1605.0000000000
1917 -1604.0000000000
1926 -1603.0000000000
1930 -1602.0000000000
1944 -1601.0000000000
1951 -1600.0000000000
1952 -1599.0000000000
1978 -1596.0000000000
1991 -1595.0000000000
1997 -1594.0000000000
2018 -1592.0000000000
2025 -1591.0000000000
2035 -1590.0000000000
2043 -1589.0000000000
2047 -1588.0000000000
2062 -1586.0000000000
2077 -1585.0000000000
2080 -1584.0000000000
2094 -1583.0000000000
2116 -1581.0000000000
2120 -1580.0000000000
2131 -1577.0000000000
2140 -1576.0000000000
2146 -1575.0000000000
2161 -1574.0000000000
2168 -1572.0000000000
2174 -1571.0000000000
2182 -1570.0000000000
2187 -1568.0000000000
2198 -1567.0000000000
2207 -1566.0000000000
2217 -1565.0000000000
2223 -1564.0000000000
2231 -1563.0000000000
2244 -1562.0000000000
2250 -1561.0000000000
2264 -1560.0000000000
2273 -1558.0000000000
2289 -1556.0000000000
2300 -1555.0000000000
2302 -1553.0000000000
2336 -1552.0000000000
2340 -1551.0000000000
2374 -1550.0000000000
2377 -1548.0000000000
2382 -1547.0000000000
2402 -1546.0000000000
2407 -1544.0000000000
2422 -1543.0000000000
2436 -1540.0000000000
2438 -1539.0000000000
2469 -1535.0000000000
2496 -1534.0000000000
2498 -1533.0000000000
2508 -1532.0000000000
2510 -1530.0000000000
2515 -1528.0000000000
2538 -1527.0000000000
2543 -1526.0000000000
2546 -1524.0000000000
2552 -1523.0000000000
2563 -1522.0000000000
2573 -1520.0000000000
2580 -1519.0000000000
2596 -1517.0000000000
2603 -1516.0000000000
2618 -1514.0000000000
2624 -1513.0000000000
2630 -1512.0000000000
2651 -1511.0000000000
2655 -1510.0000000000
2671 -1508.0000000000
2682 -1507.0000000000
2698 -1501.0000000000
2703 -1500.0000000000
2716 -1499.0000000000
2727 -1498.0000000000
2728 -1497.0000000000
2733 -1495.0000000000
2744 -1494.0000000000
2759 -1492.0000000000
2774 -1491.0000000000
2784 -1490.0000000000
2789 -1489.0000000000
2792 -1488.0000000000
2793 -1487.0000000000
2811 -1486.0000000000
2827 -1485.0000000000
2829 -1484.0000000000
2837 -1483.0000000000
2840 -1481.0000000000
2861 -1480.0000000000
2881 -1479.0000000000
2907 -1477.0000000000
2910 -1476.0000000000
2913 -1473.0000000000
2922 -1471.0000000000
2932 -1469.0000000000
2946 -1468.0000000000
2965 -1465.0000000000
2982 -1464.0000000000
2994 -1463.0000000000
3009 -1462.0000000000
3024 -1461.0000000000
3046 -1460.0000000000
3056 -1459.0000000000
3068 -1458.0000000000
3076 -1457.0000000000
3081 -1456.0000000000
3092 -1455.0000000000
3102 -1454.0000000000
3115 -1453.0000000000
3129 -1452.0000000000
3137 -1451.0000000000
3158 -1450.0000000000
3165 -1449.0000000000
3186 -1448.0000000000
3201 -1447.0000000000
3217 -1446.0000000000
3230 -1445.0000000000
3233 -1444.0000000000
3250 -1443.0000000000
3252 -1442.0000000000
3262 -1441.0000000000
3266 -1439.0000000000
3275 -1437.0000000000
3283 -1436.0000000000
3298 -1435.0000000000
3313 -1434.0000000000
3342 -1431.0000000000
3360 -1430.0000000000
3364 -1429.0000000000
3382 -1427.0000000000
3399 -1424.0000000000
3416 -1423.0000000000
3429 -1419.0000000000
3435 -1418.0000000000
3454 -1417.0000000000
3466 -1416.0000000000
3471 -1414.0000000000
3496 -1412.0000000000
3511 -1407.0000000000
3525 -1406.0000000000
3532 -1405.0000000000
3548 -1402.0000000000
3587 -1400.0000000000
3597 -1398.0000000000
3614 -1397.0000000000
3630 -1396.0000000000
3631 -1394.0000000000
3641 -1392.0000000000
3652 -1389.0000000000
3667 -1388.0000000000
3677 -1387.0000000000
3694 -1386.0000000000
3701 -1385.0000000000
3714 -1384.0000000000
3732 -1380.0000000000
3752 -1376.0000000000
3773 -1374.0000000000
3783 -1373.0000000000
3811 -1372.0000000000
3828 -1369.0000000000
3841 -1368.0000000000
3846 -1367.0000000000
3865 -1366.0000000000
3868 -1364.0000000000
3877 -1363.0000000000
3898 -1362.0000000000
3900 -1361.0000000000
3911 -1360.0000000000
3918 -1359.0000000000
3919 -1358.0000000000
3931 -1357.0000000000
3958 -1355.0000000000
3976 -1354.0000000000
3997 -1353.0000000000
4007 -1352.0000000000
4019 -1351.0000000000
4031 -1347.0000000000
4035 -1346.0000000000
4044 -1344.0000000000
4055 -1343.0000000000
4074 -1341.0000000000
4099 -1340.0000000000
4105 -1339.0000000000
4111 -1338.0000000000
4125 -1336.0000000000
4142 -1335.0000000000
4146 -1334.0000000000
4151 -1332.0000000000
4165 -1331.0000000000
4182 -1329.0000000000
4191 -1327.0000000000
4202 -1324.0000000000
4208 -1323.0000000000
4212 -1318.0000000000
4236 -1317.0000000000
4248 -1316.0000000000
4276 -1315.0000000000
4281 -1314.0000000000
4293 -1313.0000000000
4297 -1312.0000000000
4309 -1311.0000000000
4318 -1310.0000000000
4324 -1309.0000000000
4332 -1308.0000000000
4349 -1307.0000000000
4352 -1305.0000000000
4376 -1302.0000000000
4386 -1301.0000000000
4396 -1300.0000000000
4404 -1297.0000000000
4428 -1295.0000000000
4448 -1294.0000000000
4462 -1291.0000000000
4472 -1290.0000000000
4491 -1288.0000000000
4515 -1285.0000000000
4523 -1283.0000000000
4551 -1282.0000000000
4566 -1281.0000000000
4602 -1279.0000000000
4612 -1278.0000000000
4622 -1277.0000000000
4631 -1276.0000000000
4641 -1275.0000000000
4663 -1273.0000000000
4683 -1272.0000000000
4706 -1270.0000000000
4715 -1269.0000000000
4728 -1268.0000000000
4732 -1266.0000000000
4743 -1265.0000000000
4755 -1261.0000000000
4778 -1260.0000000000
4780 -1259.0000000000
4793 -1258.0000000000
4801 -1256.0000000000
4811 -1255.0000000000
4821 -1253.0000000000
4839 -1252.0000000000
4857 -1251.0000000000
4880 -1249.0000000000
4893 -1247.0000000000
4902 -1246.0000000000
4928 -1242.0000000000
4945 -1241.0000000000
4954 -1239.0000000000
4967 -1238.0000000000
5006 -1237.0000000000
5018 -1235.0000000000
5027 -1234.0000000000
5042 -1232.0000000000
5052 -1230.0000000000
5068 -1229.0000000000
5081 -1227.0000000000
5112 -1225.0000000000
5141 -1223.0000000000
5143 -1222.0000000000
5163 -1220.0000000000
5171 -1219.0000000000
5190 -1216.0000000000
5215 -1214.0000000000
5216 -1213.0000000000
5225 -1211.0000000000
5244 -1208.0000000000
5276 -1207.0000000000
5310 -1205.0000000000
5315 -1204.0000000000
5330 -1202.0000000000
5338 -1201.0000000000
5345 -1200.0000000000
5358 -1198.0000000000
5392 -1196.0000000000
5402 -1195.0000000000
5414 -1193.0000000000
5438 -1192.0000000000
5442 -1191.0000000000
5451 -1190.0000000000
5478 -1189.0000000000
5485 -1188.0000000000
5493 -1187.0000000000
5507 -1186.0000000000
5511 -1185.0000000000
5532 -1183.0000000000
5534 -1182.0000000000
5552 -1181.0000000000
5564 -1179.0000000000
5581 -1178.0000000000
5595 -1177.0000000000
5618 -1176.0000000000
5640 -1173.0000000000
5641 -1172.0000000000
5663 -1171.0000000000
5674 -1168.0000000000
5682 -1167.0000000000
5699 -1166.0000000000
5700 -1165.0000000000
5710 -1164.0000000000
5715 -1162.0000000000
5729 -1161.0000000000
5755 -1160.0000000000
5767 -1159.0000000000
5769 -1157.0000000000
5771 -1156.0000000000
5798 -1155.0000000000
5802 -1154.0000000000
5810 -1153.0000000000
5814 -1152.0000000000
5828 -1149.0000000000
5847 -1148.0000000000
5855 -1147.0000000000
5876 -1146.0000000000
5882 -1145.0000000000
5917 -1144.0000000000
5923 -1141.0000000000
5931 -1140.0000000000
5948 -1138.0000000000
5982 -1136.0000000000
5997 -1135.0000000000
6011 -1134.0000000000
6015 -1132.0000000000
6040 -1131.0000000000
6042 -1128.0000000000
6068 -1127.0000000000
6076 -1125.0000000000
6081 -1123.0000000000
6085 -1121.0000000000
6108 -1120.0000000000
6112 -1119.0000000000
6118 -1117.0000000000
6129 -1116.0000000000
6153 -1115.0000000000
6174 -1114.0000000000
6185 -1113.0000000000
6188 -1112.0000000000
6202 -1111.0000000000
6207 -1109.0000000000
6216 -1105.0000000000
6240 -1104.0000000000
6256 -1102.0000000000
6277 -1101.0000000000
6285 -1100.0000000000
6291 -1096.0000000000
6314 -1095.0000000000
6334 -1093.0000000000
6352 -1092.0000000000
6374 -1091.0000000000
6385 -1090.0000000000
6396 -1089.0000000000
6407 -1088.0000000000
6421 -1087.0000000000
6422 -1086.0000000000
6434 -1085.0000000000
6458 -1083.0000000000
6459 -1080.0000000000
6516 -1079.0000000000
6527 -1078.0000000000
6536 -1077.0000000000
6556 -1076.0000000000
6565 -1074.0000000000
6596 -1073.0000000000
6611 -1072.0000000000
6615 -1071.0000000000
6626 -1070.0000000000
6648 -1068.0000000000
6669 -1067.0000000000
6675 -1065.0000000000
6685 -1064.0000000000
6700 -1063.0000000000
6710 -1061.0000000000
6720 -1060.0000000000
6721 -1058.0000000000
6732 -1057.0000000000
6741 -1053.0000000000
6753 -1052.0000000000
6783 -1051.0000000000
6791 -1049.0000000000
6810 -1046.0000000000
6831 -1045.0000000000
6852 -1042.0000000000
6883 -1040.0000000000
6895 -1038.0000000000
6911 -1037.0000000000
6928 -1036.0000000000
6936 -1035.0000000000
6946 -1034.0000000000
6948 -1033.0000000000
6953 -1032.0000000000
6956 -1031.0000000000
6978 -1030.0000000000
6998 -1029.0000000000
7001 -1028.0000000000
7010 -1024.0000000000
7030 -1023.0000000000
7045 -1022.0000000000
7051 -1021.0000000000
7059 -1020.0000000000
7075 -1019.0000000000
7079 -1017.0000000000
7102 -1016.0000000000
7113 -1015.0000000000
7127 -1014.0000000000
7130 -1012.0000000000
7131 -1011.0000000000
7135 -1010.0000000000
7142 -1009.0000000000
7176 -1007.0000000000
7184 -1003.0000000000
7211 -1002.0000000000
7224 -1000.0000000000
7231 -999.0000000000
7246 -998.0000000000
7249 -996.0000000000
7269 -993.0000000000
7296 -992.0000000000
7304 -991.0000000000
7324 -990.0000000000
7332 -989.0000000000
7338 -987.0000000000
7348 -986.0000000000
7352 -983.0000000000
7365 -982.0000000000
7387 -981.0000000000
7408 -980.0000000000
7411 -979.0000000000
7417 -978.0000000000
7443 -977.0000000000
7444 -973.0000000000
7454 -972.0000000000
7492 -971.0000000000
7499 -970.0000000000
7516 -969.0000000000
7521 -968.0000000000
7536 -967.0000000000
7553 -966.0000000000
7563 -965.0000000000
7575 -964.0000000000
7605 -962.0000000000
7613 -961.0000000000
7642 -960.0000000000
7652 -956.0000000000
7676 -955.0000000000
7692 -953.0000000000
7713 -952.0000000000
7742 -951.0000000000
7762 -950.0000000000
7763 -949.0000000000
7804 -945.0000000000
7818 -944.0000000000
7847 -943.0000000000
7892 -941.0000000000
7912 -940.0000000000
7925 -939.0000000000
7933 -936.0000000000
7959 -935.0000000000
7981 -933.0000000000
8011 -932.0000000000
8026 -930.0000000000
8036 -929.0000000000
8041 -928.0000000000
8063 -927.0000000000
8072 -926.0000000000
8087 -923.0000000000
8137 -922.0000000000
8141 -921.0000000000
8151 -918.0000000000
8179 -916.0000000000
8218 -915.0000000000
8237 -911.0000000000
8254 -910.0000000000
8314 -909.0000000000
8331 -906.0000000000
8347 -905.0000000000
8364 -904.0000000000
8365 -903.0000000000
8404 -902.0000000000
8432 -901.0000000000
8460 -899.0000000000
8473 -897.0000000000
8488 -896.0000000000
8511 -895.0000000000
8545 -894.0000000000
8562 -892.0000000000
8587 -891.0000000000
8588 -890.0000000000
8591 -889.0000000000
8611 -887.0000000000
8621 -886.0000000000
8623 -884.0000000000
8642 -883.0000000000
8649 -881.0000000000
8662 -877.0000000000
8711 -876.0000000000
8720 -875.0000000000
8728 -874.0000000000
8732 -872.0000000000
8765 -871.0000000000
8766 -870.0000000000
8773 -867.0000000000
8805 -864.0000000000
8831 -863.0000000000
8834 -862.0000000000
8851 -861.0000000000
8867 -859.0000000000
8879 -858.0000000000
8891 -855.0000000000
8904 -853.0000000000
8922 -852.0000000000
8944 -851.0000000000
8977 -850.0000000000
8989 -849.0000000000
9003 -848.0000000000
9009 -846.0000000000
9025 -845.0000000000
9047 -843.0000000000
9079 -842.0000000000
9102 -841.0000000000
9113 -840.0000000000
9125 -839.0000000000
9137 -837.0000000000
9146 -836.0000000000
9177 -835.0000000000
9184 -834.0000000000
9186 -831.0000000000
9235 -830.0000000000
9252 -829.0000000000
9268 -828.0000000000
9288 -827.0000000000
9319 -826.0000000000
9338 -824.0000000000
9390 -823.0000000000
9392 -822.0000000000
9425 -821.0000000000
9438 -819.0000000000
9453 -818.0000000000
9477 -817.0000000000
9483 -816.0000000000
9497 -815.0000000000
9505 -814.0000000000
9531 -812.0000000000
9555 -811.0000000000
9570 -810.0000000000
9581 -808.0000000000
9591 -807.0000000000
9621 -805.0000000000
9652 -804.0000000000
9668 -802.0000000000
9695 -801.0000000000
9722 -800.0000000000
9731 -798.0000000000
9744 -797.0000000000
9751 -796.0000000000
9776 -795.0000000000
9777 -794.0000000000
9785 -793.0000000000
9793 -791.0000000000
9814 -790.0000000000
9832 -788.0000000000
9842 -784.0000000000
9866 -783.0000000000
9876 -781.0000000000
9895 -780.0000000000
9902 -779.0000000000
9922 -777.0000000000
9961 -775.0000000000
9983 -774.0000000000
10024 -773.0000000000
10049 -771.0000000000
10061 -770.0000000000
10074 -768.0000000000
10114 -767.0000000000
10142 -766.0000000000
10146 -765.0000000000
10167 -764.0000000000
10172 -763.0000000000
10183 -762.0000000000
10200 -761.0000000000
10204 -760.0000000000
10214 -759.0000000000
10232 -758.0000000000
10243 -757.0000000000
10246 -756.0000000000
10252 -755.0000000000
10272 -754.0000000000
10307 -753.0000000000
10320 -752.0000000000
10323 -751.0000000000
10353 -749.0000000000
10361 -747.0000000000
10378 -746.0000000000
10384 -745.0000000000
10392 -744.0000000000
10405 -743.0000000000
10419 -742.0000000000
10424 -741.0000000000
10439 -740.0000000000
10458 -739.0000000000
10467 -738.0000000000
10508 -737.0000000000
10519 -735.0000000000
10538 -734.0000000000
10541 -733.0000000000
10575 -732.0000000000
10597 -731.0000000000
10607 -730.0000000000
10616 -728.0000000000
10638 -727.0000000000
10673 -726.0000000000
10674 -724.0000000000
10711 -723.0000000000
10723 -720.0000000000
10749 -719.0000000000
10756 -718.0000000000
10759 -717.0000000000
10788 -716.0000000000
10810 -715.0000000000
10813 -713.0000000000
10831 -712.0000000000
10841 -711.0000000000
10862 -710.0000000000
10877 -708.0000000000
10881 -707.0000000000
10923 -705.0000000000
10944 -704.0000000000
10978 -702.0000000000
11017 -701.0000000000
11019 -700.0000000000
11037 -699.0000000000
11054 -698.0000000000
11063 -697.0000000000
11077 -696.0000000000
11107 -695.0000000000
11113 -694.0000000000
11120 -693.0000000000
11151 -692.0000000000
11174 -688.0000000000
11224 -687.0000000000
11237 -684.0000000000
11278 -682.0000000000
11288 -680.0000000000
11302 -677.0000000000
11331 -676.0000000000
11346 -675.0000000000
11368 -674.0000000000
11378 -673.0000000000
11384 -672.0000000000
11393 -671.0000000000
11406 -670.0000000000
11426 -667.0000000000
11450 -664.0000000000
11483 -662.0000000000
11532 -659.0000000000
11565 -658.0000000000
11575 -656.0000000000
11584 -655.0000000000
11620 -653.0000000000
11651 -652.0000000000
11671 -651.0000000000
11696 -650.0000000000
11703 -649.0000000000
11711 -647.0000000000
11760 -645.0000000000
11775 -644.0000000000
11785 -643.0000000000
11796 -642.0000000000
11831 -641.0000000000
11850 -640.0000000000
11863 -639.0000000000
11871 -638.0000000000
11883 -635.0000000000
11905 -634.0000000000
11921 -633.0000000000
11951 -632.0000000000
11961 -631.0000000000
11986 -629.0000000000
12002 -628.0000000000
12003 -627.0000000000
12050 -626.0000000000
12058 -625.0000000000
12074 -622.0000000000
12115 -621.0000000000
12150 -620.0000000000
12163 -619.0000000000
12175 -618.0000000000
12189 -617.0000000000
12194 -615.0000000000
12213 -614.0000000000
12226 -612.0000000000
12254 -611.0000000000
12257 -610.0000000000
12288 -609.0000000000
12294 -608.0000000000
12328 -607.0000000000
12330 -606.0000000000
12357 -605.0000000000
12373 -604.0000000000
12374 -602.0000000000
12409 -601.0000000000
12424 -600.0000000000
12431 -599.0000000000
12445 -598.0000000000
12473 -596.0000000000
12499 -593.0000000000
12518 -592.0000000000
12541 -591.0000000000
12563 -590.0000000000
12581 -589.0000000000
12585 -587.0000000000
12592 -584.0000000000
12603 -582.0000000000
12633 -581.0000000000
12649 -580.0000000000
12654 -579.0000000000
12675 -578.0000000000
12693 -577.0000000000
12709 -575.0000000000
12735 -574.0000000000
12747 -573.0000000000
12798 -571.0000000000
12803 -569.0000000000
12834 -567.0000000000
12878 -566.0000000000
12907 -565.0000000000
12909 -564.0000000000
12915 -563.0000000000
12941 -562.0000000000
12953 -560.0000000000
12963 -559.0000000000
12985 -558.0000000000
13002 -557.0000000000
13014 -556.0000000000
13022 -555.0000000000
13031 -554.0000000000
13072 -553.0000000000
13083 -552.0000000000
13096 -551.0000000000
13131 -549.0000000000
13147 -547.0000000000
13181 -546.0000000000
13196 -544.0000000000
13207 -543.0000000000
13212 -542.0000000000
13226 -541.0000000000
13244 -540.0000000000
13251 -539.0000000000
13262 -538.0000000000
13295 -537.0000000000
13305 -535.0000000000
13341 -534.0000000000
13361 -533.0000000000
13387 -532.0000000000
13401 -531.0000000000
13421 -530.0000000000
13456 -529.0000000000
13461 -528.0000000000
13491 -526.0000000000
13520 -525.0000000000
13553 -524.0000000000
13571 -522.0000000000
13606 -521.0000000000
13620 -520.0000000000
13640 -519.0000000000
13643 -518.0000000000
13651 -517.0000000000
13669 -516.0000000000
13674 -515.0000000000
13719 -513.0000000000
13760 -512.0000000000
13775 -511.0000000000
13782 -510.0000000000
13784 -509.0000000000
13804 -508.0000000000
13841 -507.0000000000
13852 -506.0000000000
13872 -505.0000000000
13900 -502.0000000000
13934 -501.0000000000
13947 -500.0000000000
13960 -499.0000000000
13971 -497.0000000000
13993 -496.0000000000
14010 -495.0000000000
14034 -494.0000000000
14046 -492.0000000000
14084 -491.0000000000
14097 -490.0000000000
14115 -489.0000000000
14146 -488.0000000000
14156 -487.0000000000
14175 -485.0000000000
14203 -484.0000000000
14221 -483.0000000000
14223 -482.0000000000
14245 -481.0000000000
14276 -480.0000000000
14287 -478.0000000000
14322 -476.0000000000
14361 -474.0000000000
14391 -473.0000000000
14411 -472.0000000000
14416 -471.0000000000
14453 -470.0000000000
14512 -469.0000000000
14526 -468.0000000000
14541 -467.0000000000
14579 -465.0000000000
14634 -462.0000000000
14699 -460.0000000000
14759 -459.0000000000
14790 -458.0000000000
14803 -457.0000000000
14818 -456.0000000000
14854 -455.0000000000
14865 -453.0000000000
14896 -452.0000000000
14922 -451.0000000000
14972 -450.0000000000
14978 -449.0000000000
15012 -448.0000000000
15028 -447.0000000000
15061 -446.0000000000
15091 -445.0000000000
15098 -444.0000000000
15128 -443.0000000000
15156 -442.0000000000
15171 -440.0000000000
15182 -439.0000000000
15214 -438.0000000000
15223 -437.0000000000
15241 -436.0000000000
15248 -435.0000000000
15266 -433.0000000000
15293 -432.0000000000
15297 -430.0000000000
15329 -429.0000000000
15349 -427.0000000000
15374 -426.0000000000
15381 -425.0000000000
15397 -424.0000000000
15458 -422.0000000000
15494 -421.0000000000
15524 -420.0000000000
15550 -419.0000000000
15562 -417.0000000000
15590 -415.0000000000
15621 -414.0000000000
15651 -411.0000000000
15683 -410.0000000000
15752 -409.0000000000
15803 -408.0000000000
15816 -407.0000000000
15830 -406.0000000000
15838 -405.0000000000
15861 -404.0000000000
15908 -403.0000000000
15930 -402.0000000000
15931 -399.0000000000
15956 -398.0000000000
15985 -397.0000000000
15990 -396.0000000000
16001 -395.0000000000
16023 -394.0000000000
16027 -393.0000000000
16028 -391.0000000000
16056 -389.0000000000
16109 -388.0000000000
16110 -387.0000000000
16132 -385.0000000000
16179 -384.0000000000
16202 -383.0000000000
16220 -381.0000000000
16269 -380.0000000000
16288 -379.0000000000
16317 -378.0000000000
16335 -377.0000000000
16349 -376.0000000000
16383 -375.0000000000
16406 -373.0000000000
16418 -372.0000000000
16456 -371.0000000000
16476 -370.0000000000
16523 -368.0000000000
16551 -367.0000000000
16595 -366.0000000000
16634 -365.0000000000
16663 -364.0000000000
16702 -363.0000000000
16731 -362.0000000000
16734 -361.0000000000
16758 -360.0000000000
16791 -359.0000000000
16817 -358.0000000000
16830 -357.0000000000
16843 -356.0000000000
16860 -355.0000000000
16883 -354.0000000000
16898 -352.0000000000
16908 -351.0000000000
16913 -350.0000000000
16944 -348.0000000000
16972 -346.0000000000
17001 -345.0000000000
17026 -343.0000000000
17061 -342.0000000000
17075 -341.0000000000
17101 -340.0000000000
17119 -339.0000000000
17137 -338.0000000000
17174 -337.0000000000
17195 -336.0000000000
17239 -335.0000000000
17257 -334.0000000000
17303 -333.0000000000
17311 -332.0000000000
17322 -331.0000000000
17341 -330.0000000000
17353 -328.0000000000
17381 -327.0000000000
17389 -326.0000000000
17431 -325.0000000000
17454 -324.0000000000
17497 -323.0000000000
17510 -322.0000000000
17542 -321.0000000000
17561 -319.0000000000
17596 -316.0000000000
17623 -315.0000000000
17655 -314.0000000000
17661 -313.0000000000
17741 -310.0000000000
17835 -309.0000000000
17836 -308.0000000000
17870 -307.0000000000
17911 -305.0000000000
17933 -304.0000000000
17970 -303.0000000000
17997 -300.0000000000
18062 -299.0000000000
18078 -297.0000000000
18152 -296.0000000000
18166 -295.0000000000
18197 -294.0000000000
18245 -293.0000000000
18295 -292.0000000000
18356 -290.0000000000
18381 -288.0000000000
18398 -287.0000000000
18424 -286.0000000000
18444 -284.0000000000
18459 -283.0000000000
18507 -282.0000000000
18528 -281.0000000000
18566 -280.0000000000
18626 -279.0000000000
18682 -276.0000000000
18709 -275.0000000000
18756 -273.0000000000
18785 -271.0000000000
18830 -269.0000000000
18864 -268.0000000000
18894 -267.0000000000
18921 -262.0000000000
18965 -261.0000000000
19002 -260.0000000000
19037 -259.0000000000
19048 -258.0000000000
19083 -256.0000000000
19086 -255.0000000000
19095 -253.0000000000
19165 -252.0000000000
19244 -251.0000000000
19297 -249.0000000000
19360 -248.0000000000
19455 -246.0000000000
19509 -245.0000000000
19534 -244.0000000000
19572 -243.0000000000
19614 -242.0000000000
19672 -241.0000000000
19701 -239.0000000000
19721 -237.0000000000
19766 -236.0000000000
19812 -235.0000000000
19843 -233.0000000000
19859 -232.0000000000
19877 -231.0000000000
19893 -228.0000000000
19953 -226.0000000000
20002 -225.0000000000
20102 -224.0000000000
20123 -223.0000000000
20144 -221.0000000000
20171 -220.0000000000
20222 -218.0000000000
20247 -217.0000000000
20310 -214.0000000000
20343 -213.0000000000
20411 -212.0000000000
20430 -211.0000000000
20483 -209.0000000000
20518 -208.0000000000
20593 -207.0000000000
20599 -206.0000000000
20629 -205.0000000000
20672 -204.0000000000
20689 -203.0000000000
20730 -202.0000000000
20774 -201.0000000000
20829 -200.0000000000
20839 -198.0000000000
20922 -196.0000000000
20981 -195.0000000000
21003 -194.0000000000
21010 -193.0000000000
21069 -192.0000000000
21129 -191.0000000000
21170 -189.0000000000
21205 -188.0000000000
21219 -187.0000000000
21234 -186.0000000000
21253 -185.0000000000
21329 -184.0000000000
21394 -183.0000000000
21395 -181.0000000000
21561 -179.0000000000
21615 -178.0000000000
21642 -176.0000000000
21719 -175.0000000000
21737 -174.0000000000
21779 -172.0000000000
21784 -171.0000000000
21910 -170.0000000000
22008 -169.0000000000
22089 -168.0000000000
22128 -167.0000000000
22156 -166.0000000000
22177 -165.0000000000
22211 -163.0000000000
22255 -162.0000000000
22307 -160.0000000000
22356 -159.0000000000
22362 -158.0000000000
22396 -157.0000000000
22440 -156.0000000000
22448 -155.0000000000
22511 -154.0000000000
22548 -153.0000000000
22601 -152.0000000000
22635 -151.0000000000
22654 -149.0000000000
22737 -148.0000000000
22818 -147.0000000000
22885 -146.0000000000
22950 -145.0000000000
22966 -144.0000000000
22976 -142.0000000000
23041 -141.0000000000
23098 -140.0000000000
23130 -139.0000000000
23191 -136.0000000000
23273 -135.0000000000
23307 -134.0000000000
23401 -132.0000000000
23466 -131.0000000000
23487 -130.0000000000
23535 -128.0000000000
23597 -127.0000000000
23692 -126.0000000000
23724 -125.0000000000
23772 -124.0000000000
23831 -123.0000000000
23870 -122.0000000000
23899 -121.0000000000
23980 -120.0000000000
23998 -118.0000000000
24129 -117.0000000000
24192 -116.0000000000
24269 -115.0000000000
24320 -113.0000000000
24387 -112.0000000000
24407 -110.0000000000
24459 -108.0000000000
24505 -107.0000000000
24575 -106.0000000000
24607 -104.0000000000
24772 -103.0000000000
24811 -102.0000000000
24852 -101.0000000000
24878 -99.0000000000
24927 -97.0000000000
25043 -95.0000000000
25159 -94.0000000000
25194 -92.0000000000
25271 -91.0000000000
25472 -90.0000000000
25592 -88.0000000000
25683 -87.0000000000
25753 -85.0000000000
25929 -84.0000000000
25941 -83.0000000000
25967 -82.0000000000
26102 -81.0000000000
26126 -80.0000000000
26312 -79.0000000000
26341 -78.0000000000
26398 -77.0000000000
26475 -75.0000000000
26636 -74.0000000000
26679 -73.0000000000
26826 -72.0000000000
26937 -71.0000000000
26986 -70.0000000000
27120 -69.0000000000
27173 -68.0000000000
27206 -67.0000000000
27256 -66.0000000000
27362 -64.0000000000
27656 -62.0000000000
27806 -61.0000000000
27918 -60.0000000000
28090 -58.0000000000
28229 -57.0000000000
28385 -56.0000000000
28422 -55.0000000000
28594 -54.0000000000
28718 -53.0000000000
28841 -52.0000000000
28926 -51.0000000000
29029 -50.0000000000
29114 -49.0000000000
29213 -48.0000000000
29265 -47.0000000000
29369 -45.0000000000
29635 -43.0000000000
29684 -42.0000000000
29706 -41.0000000000
29860 -40.0000000000
29919 -39.0000000000
30283 -38.0000000000
30474 -37.0000000000
30689 -36.0000000000
30844 -35.0000000000
31031 -33.0000000000
31280 -31.0000000000
31434 -30.0000000000
31783 -28.0000000000
31931 -27.0000000000
32179 -26.0000000000
32229 -24.0000000000
32331 -23.0000000000
32398 -22.0000000000
32461 -21.0000000000
32571 -20.0000000000
32599 -19.0000000000
32737 -18.0000000000
32805 -17.0000000000
33038 -16.0000000000
33191 -15.0000000000
33398 -13.0000000000
33984 -12.0000000000
34137 -11.0000000000
34231 -10.0000000000
34386 -9.0000000000
35878 -8.0000000000
36052 -7.0000000000
37334 -6.0000000000
38409 -5.0000000000
38637 -4.0000000000
38833 -3.0000000000
39551 -2.0000000000
39647 -1.0000000000
39741 65.7600000000
39779 70.2400000000
39791 77.5600000000
39804 85.3000000000
39827 91.0400000000
41231 96.0000000000
41551 107.8000000000
41981 110.2300000000
42633 110.7000000000
42798 119.1900000000
43184 121.1300000000
44893 124.1700000000
45016 127.4600000000
45345 132.2000000000
45459 137.5000000000
46472 141.7500000000
47363 145.5500000000
48769 241.4300000000
51508 251.2900000000
52379 261.1100000000
52619 269.6500000000
52651 278.5900000000
53977 280.6800000000
57205 288.7200000000
57340 306.2900000000
57633 308.1500000000
61989 310.1500000000
62388 311.3300000000
62398 317.3800000000
62474 320.7300000000
63466 332.9200000000
71480 437.9200000000
71519 447.9900000000
71557 449.3600000000
71689 449.7800000000
71710 452.8300000000
72138 457.6500000000
72722 459.1600000000
72922 459.9300000000
73890 466.6000000000
79528 477.4800000000
80518 481.4800000000
80558 481.7500000000
80819 487.4100000000
82219 490.3300000000
83812 497.6700000000
86549 582.4300000000
87256 627.1800000000
89620 632.0000000000
90366 632.1000000000
90647 638.1400000000
92567 640.4800000000
93381 643.2400000000
93555 647.6000000000
93985 648.8600000000
95204 656.9200000000
99227 657.6300000000
100000 635.9400000000
evaluations raw_y
1 -2010.0000000000
3 -1987.0000000000
4 -1963.0000000000
15 -1947.0000000000
23 -1946.0000000000
27 -1937.0000000000
30 -1899.0000000000
31 -1898.0000000000
41 -1889.0000000000
54 -1866.0000000000
79 -1860.0000000000
92 -1856.0000000000
101 -1849.0000000000
122 -1846.0000000000
129 -1845.0000000000
135 -1844.0000000000
138 -1837.0000000000
158 -1833.0000000000
169 -1830.0000000000
178 -1826.0000000000
184 -1825.0000000000
192 -1818.0000000000
213 -1817.0000000000
216 -1816.0000000000
225 -1815.0000000000
232 -1814.0000000000
242 -1812.0000000000
244 -1811.0000000000
246 -1810.0000000000
253 -1809.0000000000
266 -1806.0000000000
282 -1805.0000000000
297 -1802.0000000000
303 -1801.0000000000
310 -1799.0000000000
315 -1798.0000000000
320 -1797.0000000000
325 -1795.0000000000
331 -1794.0000000000
339 -1793.0000000000
355 -1792.0000000000
357 -1790.0000000000
361 -1789.0000000000
381 -1788.0000000000
395 -1786.0000000000
406 -1782.0000000000
431 -1778.0000000000
459 -1777.0000000000
472 -1776.0000000000
473 -1775.0000000000
484 -1774.0000000000
491 -1770.0000000000
513 -1769.0000000000
515 -1767.0000000000
523 -1764.0000000000
536 -1763.0000000000
538 -1762.0000000000
541 -1761.0000000000
546 -1759.0000000000
551 -1758.0000000000
565 -1753.0000000000
572 -1751.0000000000
597 -1750.0000000000
601 -1749.0000000000
616 -1748.0000000000
624 -1746.0000000000
638 -1745.0000000000
650 -1744.0000000000
651 -1743.0000000000
658 -1741.0000000000
667 -1740.0000000000
673 -1738.0000000000
678 -1737.0000000000
684 -1734.0000000000
694 -1732.0000000000
706 -1731.0000000000
709 -1729.0000000000
732 -1728.0000000000
733 -1727.0000000000
738 -1726.0000000000
752 -1723.0000000000
772 -1722.0000000000
776 -1718.0000000000
795 -1717.0000000000
801 -1714.0000000000
816 -1713.0000000000
821 -1712.0000000000
822 -1711.0000000000
828 -1710.0000000000
831 -1707.0000000000
843 -1706.0000000000
853 -1705.0000000000
866 -1704.0000000000
871 -1702.0000000000
883 -1701.0000000000
897 -1700.0000000000
911 -1697.0000000000
935 -1695.0000000000
945 -1694.0000000000
962 -1693.0000000000
970 -1691.0000000000
980 -1690.0000000000
982 -1687.0000000000
994 -1684.0000000000
1003 -1683.0000000000
1015 -1681.0000000000
1035 -1680.0000000000
1040 -1679.0000000000
1046 -1677.0000000000
1056 -1676.0000000000
1066 -1674.0000000000
1078 -1672.0000000000
1092 -1671.0000000000
1110 -1670.0000000000
1111 -1669.0000000000
1127 -1668.0000000000
1132 -1667.0000000000
1147 -1664.0000000000
1161 -1663.0000000000
1183 -1662.0000000000
1185 -1661.0000000000
1186 -1659.0000000000
1212 -1658.0000000000
1216 -1657.0000000000
1223 -1656.0000000000
1241 -1653.0000000000
1256 -1651.0000000000
1264 -1650.0000000000
1274 -1647.0000000000
1291 -1646.0000000000
1293 -1644.0000000000
1301 -1641.0000000000
1333 -1638.0000000000
1334 -1637.0000000000
1358 -1634.0000000000
1372 -1633.0000000000
1381 -1631.0000000000
1398 -1630.0000000000
1414 -1629.0000000000
1425 -1627.0000000000
1449 -1626.0000000000
1454 -1625.0000000000
1455 -1624.0000000000
1471 -1623.0000000000
1477 -1622.0000000000
1497 -1621.0000000000
1498 -1618.0000000000
1512 -1617.0000000000
1521 -1616.0000000000
1529 -1614.0000000000
1536 -1612.0000000000
1554 -1611.0000000000
1561 -1607.0000000000
1573 -1606.0000000000
1583 -1605.0000000000
1593 -1604.0000000000
1609 -1603.0000000000
1617 -1601.0000000000
1621 -1600.0000000000
1631 -1599.0000000000
1641 -1597.0000000000
1656 -1596.0000000000
1659 -1594.0000000000
1670 -1593.0000000000
1674 -1591.0000000000
1688 -1590.0000000000
1711 -1589.0000000000
1730 -1586.0000000000
1744 -1585.0000000000
1764 -1584.0000000000
1767 -1582.0000000000
1791 -1581.0000000000
1794 -1580.0000000000
1803 -1579.0000000000
1815 -1578.0000000000
1831 -1577.0000000000
1845 -1575.0000000000
1855 -1574.0000000000
1864 -1573.0000000000
1884 -1572.0000000000
1891 -1569.0000000000
1903 -1568.0000000000
1920 -1565.0000000000
1926 -1564.0000000000
1942 -1563.0000000000
1956 -1562.0000000000
1957 -1561.0000000000
1964 -1560.0000000000
1976 -1559.0000000000
1992 -1558.0000000000
1993 -1557.0000000000
2006 -1556.0000000000
2011 -1555.0000000000
2012 -1553.0000000000
2031 -1552.0000000000
2042 -1551.0000000000
2061 -1549.0000000000
2088 -1548.0000000000
2093 -1545.0000000000
2116 -1544.0000000000
2122 -1543.0000000000
2126 -1542.0000000000
2133 -1541.0000000000
2143 -1540.0000000000
2178 -1539.0000000000
2183 -1538.0000000000
2184 -1537.0000000000
2198 -1536.0000000000
2202 -1535.0000000000
2217 -1534.0000000000
2225 -1533.0000000000
2228 -1531.0000000000
2239 -1528.0000000000
2274 -1527.0000000000
2285 -1526.0000000000
2296 -1522.0000000000
2322 -1521.0000000000
2334 -1519.0000000000
2351 -1518.0000000000
2366 -1517.0000000000
2369 -1516.0000000000
2372 -1515.0000000000
2393 -1514.0000000000
2403 -1513.0000000000
2412 -1512.0000000000
2413 -1511.0000000000
2433 -1508.0000000000
2465 -1507.0000000000
2471 -1506.0000000000
2481 -1505.0000000000
2489 -1503.0000000000
2491 -1501.0000000000
2510 -1500.0000000000
2511 -1499.0000000000
2523 -1498.0000000000
2540 -1497.0000000000
2544 -1496.0000000000
2556 -1495.0000000000
2562 -1493.0000000000
2570 -1492.0000000000
2589 -1490.0000000000
2606 -1489.0000000000
2621 -1488.0000000000
2637 -1485.0000000000
2660 -1484.0000000000
2663 -1483.0000000000
2675 -1482.0000000000
2698 -1481.0000000000
2701 -1480.0000000000
2708 -1479.0000000000
2719 -1477.0000000000
2726 -1476.0000000000
2750 -1475.0000000000
2762 -1471.0000000000
2783 -1469.0000000000
2808 -1468.0000000000
2834 -1467.0000000000
2851 -1465.0000000000
2866 -1464.0000000000
2869 -1462.0000000000
2878 -1461.0000000000
2891 -1460.0000000000
2902 -1458.0000000000
2917 -1456.0000000000
2922 -1454.0000000000
2932 -1451.0000000000
2947 -1450.0000000000
2961 -1449.0000000000
2963 -1448.0000000000
2981 -1447.0000000000
2993 -1443.0000000000
2996 -1441.0000000000
3011 -1438.0000000000
3042 -1436.0000000000
3053 -1433.0000000000
3062 -1432.0000000000
3070 -1431.0000000000
3105 -1430.0000000000
3107 -1429.0000000000
3119 -1428.0000000000
3139 -1427.0000000000
3146 -1426.0000000000
3147 -1424.0000000000
3175 -1423.0000000000
3181 -1422.0000000000
3191 -1421.0000000000
3199 -1420.0000000000
3217 -1419.0000000000
3222 -1418.0000000000
3226 -1414.0000000000
3239 -1411.0000000000
3243 -1410.0000000000
3251 -1409.0000000000
3262 -1408.0000000000
3274 -1407.0000000000
3276 -1405.0000000000
3294 -1404.0000000000
3305 -1403.0000000000
3312 -1402.0000000000
3323 -1400.0000000000
3328 -1397.0000000000
3363 -1395.0000000000
3367 -1394.0000000000
3384 -1392.0000000000
3398 -1391.0000000000
3446 -1390.0000000000
3461 -1389.0000000000
3481 -1385.0000000000
3509 -1383.0000000000
3512 -1382.0000000000
3522 -1381.0000000000
3540 -1379.0000000000
3548 -1378.0000000000
3553 -1377.0000000000
3571 -1375.0000000000
3583 -1374.0000000000
3595 -1373.0000000000
3610 -1371.0000000000
3623 -1370.0000000000
3640 -1369.0000000000
3644 -1368.0000000000
3653 -1366.0000000000
3682 -1364.0000000000
3697 -1363.0000000000
3703 -1362.0000000000
3712 -1360.0000000000
3748 -1359.0000000000
3760 -1358.0000000000
3761 -1357.0000000000
3777 -1356.0000000000
3784 -1355.0000000000
3787 -1354.0000000000
3808 -1352.0000000000
3814 -1351.0000000000
3827 -1349.0000000000
3833 -1348.0000000000
3840 -1347.0000000000
3851 -1345.0000000000
3872 -1344.0000000000
3886 -1343.0000000000
3892 -1342.0000000000
3907 -1341.0000000000
3920 -1340.0000000000
3928 -1339.0000000000
3933 -1338.0000000000
3941 -1337.0000000000
3943 -1335.0000000000
3967 -1334.0000000000
3971 -1331.0000000000
3998 -1330.0000000000
4001 -1329.0000000000
4015 -1325.0000000000
4039 -1322.0000000000
4066 -1321.0000000000
4073 -1320.0000000000
4086 -1319.0000000000
4101 -1318.0000000000
4126 -1317.0000000000
4144 -1316.0000000000
4152 -1315.0000000000
4168 -1314.0000000000
4172 -1313.0000000000
4204 -1310.0000000000
4226 -1309.0000000000
4239 -1307.0000000000
4259 -1305.0000000000
4282 -1304.0000000000
4298 -1303.0000000000
4311 -1302.0000000000
4313 -1301.0000000000
4327 -1299.0000000000
4330 -1298.0000000000
4337 -1296.0000000000
4345 -1295.0000000000
4357 -1294.0000000000
4362 -1293.0000000000
4374 -1291.0000000000
4375 -1289.0000000000
4426 -1287.0000000000
4433 -1285.0000000000
4461 -1283.0000000000
4479 -1282.0000000000
4502 -1281.0000000000
4511 -1279.0000000000
4517 -1278.0000000000
4523 -1275.0000000000
4539 -1273.0000000000
4544 -1272.0000000000
4545 -1270.0000000000
4562 -1269.0000000000
4576 -1266.0000000000
4593 -1265.0000000000
4599 -1263.0000000000
4622 -1262.0000000000
4632 -1261.0000000000
4636 -1260.0000000000
4639 -1259.0000000000
4648 -1258.0000000000
4658 -1256.0000000000
4661 -1255.0000000000
4683 -1254.0000000000
4702 -1253.0000000000
4725 -1251.0000000000
4739 -1249.0000000000
4753 -1246.0000000000
4764 -1244.0000000000
4776 -1242.0000000000
4783 -1240.0000000000
4801 -1236.0000000000
4808 -1235.0000000000
4831 -1234.0000000000
4839 -1233.0000000000
4841 -1232.0000000000
4856 -1231.0000000000
4868 -1230.0000000000
4871 -1229.0000000000
4876 -1228.0000000000
4892 -1227.0000000000
4893 -1224.0000000000
4906 -1223.0000000000
4917 -1222.0000000000
4928 -1220.0000000000
4937 -1219.0000000000
4942 -1218.0000000000
4966 -1216.0000000000
4972 -1215.0000000000
4989 -1214.0000000000
5003 -1212.0000000000
5021 -1211.0000000000
5022 -1210.0000000000
5046 -1208.0000000000
5052 -1206.0000000000
5074 -1205.0000000000
5082 -1202.0000000000
5100 -1201.0000000000
5111 -1200.0000000000
5115 -1199.0000000000
5152 -1198.0000000000
5155 -1196.0000000000
5177 -1194.0000000000
5202 -1192.0000000000
5222 -1191.0000000000
5226 -1189.0000000000
5234 -1188.0000000000
5257 -1187.0000000000
5278 -1186.0000000000
5294 -1182.0000000000
5323 -1181.0000000000
5325 -1180.0000000000
5360 -1179.0000000000
5372 -1175.0000000000
5398 -1171.0000000000
5424 -1170.0000000000
5433 -1169.0000000000
5436 -1167.0000000000
5442 -1166.0000000000
5452 -1164.0000000000
5468 -1163.0000000000
5481 -1162.0000000000
5482 -1161.0000000000
5496 -1156.0000000000
5501 -1155.0000000000
5534 -1154.0000000000
5541 -1153.0000000000
5554 -1152.0000000000
5578 -1151.0000000000
5579 -1150.0000000000
5594 -1149.0000000000
5604 -1148.0000000000
5611 -1146.0000000000
5614 -1145.0000000000
5636 -1144.0000000000
5643 -1143.0000000000
5648 -1142.0000000000
5672 -1141.0000000000
5680 -1139.0000000000
5688 -1138.0000000000
5713 -1137.0000000000
5722 -1135.0000000000
5731 -1134.0000000000
5749 -1133.0000000000
5757 -1130.0000000000
5790 -1129.0000000000
5801 -1128.0000000000
5805 -1127.0000000000
5826 -1125.0000000000
5834 -1123.0000000000
5843 -1122.0000000000
5861 -1120.0000000000
5868 -1119.0000000000
5878 -1118.0000000000
5889 -1117.0000000000
5911 -1116.0000000000
5923 -1115.0000000000
5941 -1114.0000000000
5952 -1113.0000000000
5971 -1111.0000000000
6007 -1110.0000000000
6022 -1107.0000000000
6040 -1106.0000000000
6046 -1105.0000000000
6071 -1103.0000000000
6096 -1102.0000000000
6106 -1100.0000000000
6108 -1099.0000000000
6129 -1098.0000000000
6131 -1096.0000000000
6149 -1095.0000000000
6163 -1093.0000000000
6174 -1092.0000000000
6178 -1091.0000000000
6191 -1090.0000000000
6218 -1089.0000000000
6226 -1087.0000000000
6240 -1086.0000000000
6264 -1085.0000000000
6271 -1084.0000000000
6291 -1083.0000000000
6301 -1082.0000000000
6304 -1081.0000000000
6338 -1079.0000000000
6349 -1077.0000000000
6365 -1076.0000000000
6392 -1075.0000000000
6399 -1074.0000000000
6427 -1073.0000000000
6430 -1072.0000000000
6439 -1071.0000000000
6441 -1067.0000000000
6474 -1065.0000000000
6482 -1064.0000000000
6492 -1063.0000000000
6502 -1062.0000000000
6503 -1060.0000000000
6514 -1059.0000000000
6531 -1058.0000000000
6541 -1057.0000000000
6555 -1056.0000000000
6556 -1052.0000000000
6580 -1051.0000000000
6587 -1049.0000000000
6595 -1047.0000000000
6612 -1044.0000000000
6622 -1042.0000000000
6635 -1040.0000000000
6648 -1039.0000000000
6673 -1038.0000000000
6685 -1035.0000000000
6693 -1033.0000000000
6718 -1030.0000000000
6751 -1027.0000000000
6768 -1026.0000000000
6783 -1024.0000000000
6814 -1023.0000000000
6817 -1022.0000000000
6822 -1021.0000000000
6840 -1020.0000000000
6849 -1019.0000000000
6856 -1018.0000000000
6874 -1017.0000000000
6888 -1016.0000000000
6892 -1015.0000000000
6902 -1014.0000000000
6916 -1013.0000000000
6921 -1012.0000000000
6932 -1011.0000000000
6948 -1009.0000000000
7006 -1008.0000000000
7023 -1007.0000000000
7029 -1005.0000000000
7036 -1004.0000000000
7043 -1002.0000000000
7057 -1001.0000000000
7072 -1000.0000000000
7078 -998.0000000000
7138 -997.0000000000
7149 -996.0000000000
7164 -994.0000000000
7171 -993.0000000000
7193 -992.0000000000
7197 -990.0000000000
7211 -987.0000000000
7232 -986.0000000000
7243 -983.0000000000
7266 -982.0000000000
7281 -981.0000000000
7289 -979.0000000000
7302 -978.0000000000
7321 -977.0000000000
7324 -976.0000000000
7336 -975.0000000000
7349 -974.0000000000
7360 -972.0000000000
7364 -971.0000000000
7387 -970.0000000000
7413 -969.0000000000
7453 -968.0000000000
7470 -967.0000000000
7478 -963.0000000000
7501 -960.0000000000
7514 -959.0000000000
7522 -958.0000000000
7539 -956.0000000000
7554 -955.0000000000
7563 -953.0000000000
7588 -952.0000000000
7592 -951.0000000000
7623 -949.0000000000
7626 -948.0000000000
7639 -947.0000000000
7651 -946.0000000000
7677 -945.0000000000
7688 -944.0000000000
7739 -943.0000000000
7752 -941.0000000000
7782 -940.0000000000
7797 -937.0000000000
7816 -934.0000000000
7861 -933.0000000000
7871 -932.0000000000
7889 -931.0000000000
7899 -930.0000000000
7919 -929.0000000000
7960 -928.0000000000
7978 -927.0000000000
7993 -923.0000000000
8024 -922.0000000000
8043 -921.0000000000
8064 -920.0000000000
8094 -917.0000000000
8103 -915.0000000000
8141 -914.0000000000
8143 -912.0000000000
8170 -911.0000000000
8177 -910.0000000000
8195 -909.0000000000
8203 -907.0000000000
8233 -906.0000000000
8243 -904.0000000000
8272 -903.0000000000
8275 -902.0000000000
8293 -901.0000000000
8313 -898.0000000000
8347 -894.0000000000
8361 -893.0000000000
8387 -891.0000000000
8413 -889.0000000000
8450 -887.0000000000
8474 -884.0000000000
8518 -880.0000000000
8561 -879.0000000000
8575 -877.0000000000
8583 -875.0000000000
8602 -874.0000000000
8637 -873.0000000000
8642 -872.0000000000
8657 -870.0000000000
8696 -868.0000000000
8731 -867.0000000000
8738 -866.0000000000
8744 -864.0000000000
8773 -860.0000000000
8789 -859.0000000000
8791 -858.0000000000
8815 -857.0000000000
8825 -856.0000000000
8831 -855.0000000000
8837 -854.0000000000
8843 -853.0000000000
8859 -852.0000000000
8861 -850.0000000000
8897 -846.0000000000
8922 -843.0000000000
8944 -841.0000000000
8952 -840.0000000000
8961 -839.0000000000
8981 -837.0000000000
9016 -836.0000000000
9027 -835.0000000000
9041 -834.0000000000
9062 -831.0000000000
9095 -830.0000000000
9113 -829.0000000000
9123 -828.0000000000
9150 -827.0000000000
9169 -826.0000000000
9181 -825.0000000000
9182 -824.0000000000
9212 -822.0000000000
9221 -821.0000000000
9234 -820.0000000000
9247 -819.0000000000
9253 -818.0000000000
9272 -817.0000000000
9301 -816.0000000000
9321 -815.0000000000
9335 -811.0000000000
9344 -810.0000000000
9355 -809.0000000000
9372 -808.0000000000
9383 -807.0000000000
9388 -806.0000000000
9393 -805.0000000000
9467 -804.0000000000
9472 -803.0000000000
9473 -802.0000000000
9487 -801.0000000000
9503 -800.0000000000
9533 -799.0000000000
9553 -798.0000000000
9568 -797.0000000000
9595 -796.0000000000
9605 -795.0000000000
9637 -793.0000000000
9662 -792.0000000000
9674 -791.0000000000
9694 -790.0000000000
9702 -786.0000000000
9718 -785.0000000000
9750 -784.0000000000
9755 -783.0000000000
9769 -782.0000000000
9802 -780.0000000000
9825 -779.0000000000
9842 -778.0000000000
9853 -777.0000000000
9866 -776.0000000000
9871 -775.0000000000
9882 -774.0000000000
9895 -773.0000000000
9909 -772.0000000000
9926 -770.0000000000
9936 -768.0000000000
9954 -767.0000000000
9972 -765.0000000000
10001 -763.0000000000
10035 -762.0000000000
10040 -761.0000000000
10055 -760.0000000000
10061 -759.0000000000
10083 -758.0000000000
10100 -757.0000000000
10116 -756.0000000000
10133 -755.0000000000
10153 -754.0000000000
10159 -753.0000000000
10171 -752.0000000000
10192 -749.0000000000
10206 -748.0000000000
10214 -747.0000000000
10218 -746.0000000000
10237 -745.0000000000
10251 -744.0000000000
10279 -742.0000000000
10310 -740.0000000000
10324 -739.0000000000
10339 -737.0000000000
10387 -736.0000000000
10413 -733.0000000000
10437 -731.0000000000
10458 -730.0000000000
10462 -729.0000000000
10473 -727.0000000000
10494 -726.0000000000
10501 -723.0000000000
10512 -722.0000000000
10542 -721.0000000000
10546 -720.0000000000
10555 -719.0000000000
10564 -717.0000000000
10592 -716.0000000000
10603 -715.0000000000
10612 -714.0000000000
10626 -713.0000000000
10630 -712.0000000000
10636 -711.0000000000
10657 -709.0000000000
10676 -708.0000000000
10685 -707.0000000000
10690 -705.0000000000
10701 -704.0000000000
10704 -703.0000000000
10714 -702.0000000000
10722 -701.0000000000
10749 -699.0000000000
10770 -698.0000000000
10805 -697.0000000000
10814 -696.0000000000
10827 -694.0000000000
10837 -693.0000000000
10880 -691.0000000000
10889 -690.0000000000
10919 -689.0000000000
10962 -688.0000000000
10966 -687.0000000000
11014 -685.0000000000
11037 -684.0000000000
11071 -683.0000000000
11092 -681.0000000000
11102 -680.0000000000
11122 -679.0000000000
11152 -678.0000000000
11156 -677.0000000000
11161 -676.0000000000
11172 -675.0000000000
11181 -674.0000000000
11201 -673.0000000000
11203 -672.0000000000
11247 -670.0000000000
11279 -669.0000000000
11306 -667.0000000000
11328 -665.0000000000
11345 -663.0000000000
11349 -662.0000000000
11374 -661.0000000000
11385 -659.0000000000
11417 -658.0000000000
11435 -656.0000000000
11475 -654.0000000000
11494 -653.0000000000
11515 -651.0000000000
11548 -649.0000000000
11581 -648.0000000000
11595 -647.0000000000
11644 -646.0000000000
11680 -645.0000000000
11690 -644.0000000000
11729 -643.0000000000
11734 -642.0000000000
11762 -640.0000000000
11786 -639.0000000000
11808 -637.0000000000
11829 -636.0000000000
11832 -635.0000000000
11842 -634.0000000000
11858 -633.0000000000
11885 -632.0000000000
11915 -631.0000000000
11935 -630.0000000000
11941 -629.0000000000
11957 -627.0000000000
11972 -626.0000000000
11996 -625.0000000000
11998 -624.0000000000
12007 -623.0000000000
12014 -622.0000000000
12042 -619.0000000000
12094 -618.0000000000
12095 -617.0000000000
12113 -616.0000000000
12140 -615.0000000000
12146 -611.0000000000
12171 -610.0000000000
12200 -608.0000000000
12213 -607.0000000000
12224 -606.0000000000
12231 -604.0000000000
12246 -603.0000000000
12254 -600.0000000000
12276 -599.0000000000
12288 -598.0000000000
12328 -595.0000000000
12371 -593.0000000000
12396 -592.0000000000
12418 -591.0000000000
12457 -589.0000000000
12474 -588.0000000000
12510 -586.0000000000
12532 -585.0000000000
12556 -582.0000000000
12570 -581.0000000000
12607 -580.0000000000
12644 -579.0000000000
12662 -577.0000000000
12690 -574.0000000000
12727 -573.0000000000
12736 -572.0000000000
12770 -571.0000000000
12777 -569.0000000000
12786 -568.0000000000
12821 -566.0000000000
12852 -565.0000000000
12861 -563.0000000000
12890 -562.0000000000
12904 -561.0000000000
12922 -560.0000000000
12926 -559.0000000000
12944 -558.0000000000
12978 -557.0000000000
12992 -556.0000000000
13017 -553.0000000000
13089 -552.0000000000
13122 -549.0000000000
13153 -548.0000000000
13185 -547.0000000000
13221 -546.0000000000
13225 -544.0000000000
13238 -543.0000000000
13288 -541.0000000000
13336 -540.0000000000
13345 -538.0000000000
13368 -537.0000000000
13372 -536.0000000000
13379 -535.0000000000
13386 -533.0000000000
13416 -532.0000000000
13439 -531.0000000000
13451 -529.0000000000
13503 -527.0000000000
13519 -526.0000000000
13558 -524.0000000000
13650 -523.0000000000
13666 -522.0000000000
13723 -521.0000000000
13756 -520.0000000000
13775 -519.0000000000
13782 -518.0000000000
13800 -517.0000000000
13804 -516.0000000000
13827 -515.0000000000
13833 -514.0000000000
13842 -513.0000000000
13854 -512.0000000000
13881 -511.0000000000
13908 -509.0000000000
13911 -507.0000000000
13971 -505.0000000000
13986 -502.0000000000
14062 -501.0000000000
14107 -499.0000000000
14151 -498.0000000000
14186 -497.0000000000
14187 -495.0000000000
14233 -493.0000000000
14250 -491.0000000000
14257 -489.0000000000
14261 -488.0000000000
14292 -486.0000000000
14304 -485.0000000000
14341 -484.0000000000
14345 -483.0000000000
14376 -482.0000000000
14389 -481.0000000000
14425 -480.0000000000
14440 -479.0000000000
14455 -478.0000000000
14488 -477.0000000000
14515 -475.0000000000
14539 -474.0000000000
14561 -473.0000000000
14562 -472.0000000000
14580 -471.0000000000
14596 -469.0000000000
14612 -468.0000000000
14634 -466.0000000000
14668 -465.0000000000
14682 -464.0000000000
14711 -461.0000000000
14761 -460.0000000000
14765 -458.0000000000
14805 -457.0000000000
14832 -455.0000000000
14847 -454.0000000000
14857 -453.0000000000
14859 -449.0000000000
14877 -448.0000000000
14897 -447.0000000000
14935 -446.0000000000
14954 -445.0000000000
15019 -444.0000000000
15020 -443.0000000000
15022 -442.0000000000
15074 -441.0000000000
15129 -440.0000000000
15132 -439.0000000000
15150 -438.0000000000
15204 -437.0000000000
15227 -436.0000000000
15241 -435.0000000000
15261 -434.0000000000
15274 -433.0000000000
15292 -432.0000000000
15321 -430.0000000000
15373 -429.0000000000
15375 -428.0000000000
15406 -427.0000000000
15441 -426.0000000000
15492 -425.0000000000
15495 -424.0000000000
15517 -422.0000000000
15524 -421.0000000000
15553 -419.0000000000
15580 -418.0000000000
15647 -417.0000000000
15650 -416.0000000000
15660 -415.0000000000
15702 -413.0000000000
15743 -412.0000000000
15781 -411.0000000000
15792 -408.0000000000
15865 -407.0000000000
15899 -405.0000000000
15920 -404.0000000000
15950 -403.0000000000
15960 -402.0000000000
15983 -401.0000000000
15994 -400.0000000000
15997 -398.0000000000
16049 -397.0000000000
16059 -396.0000000000
16086 -394.0000000000
16130 -393.0000000000
16152 -392.0000000000
16178 -390.0000000000
16215 -389.0000000000
16231 -388.0000000000
16332 -387.0000000000
16375 -386.0000000000
16431 -384.0000000000
16462 -383.0000000000
16486 -382.0000000000
16524 -381.0000000000
16561 -380.0000000000
16579 -379.0000000000
16585 -378.0000000000
16628 -377.0000000000
16633 -376.0000000000
16653 -375.0000000000
16674 -374.0000000000
16696 -372.0000000000
16740 -371.0000000000
16794 -370.0000000000
16811 -369.0000000000
16815 -366.0000000000
16885 -365.0000000000
16952 -362.0000000000
17017 -361.0000000000
17021 -360.0000000000
17074 -357.0000000000
17156 -355.0000000000
17161 -354.0000000000
17178 -353.0000000000
17205 -352.0000000000
17257 -351.0000000000
17264 -350.0000000000
17276 -349.0000000000
17319 -348.0000000000
17366 -347.0000000000
17392 -346.0000000000
17417 -344.0000000000
17431 -343.0000000000
17476 -342.0000000000
17487 -341.0000000000
17508 -340.0000000000
17548 -339.0000000000
17568 -338.0000000000
17571 -337.0000000000
17591 -335.0000000000
17638 -334.0000000000
17658 -333.0000000000
17699 -331.0000000000
17702 -329.0000000000
17743 -328.0000000000
17752 -326.0000000000
17804 -324.0000000000
17877 -323.0000000000
17896 -322.0000000000
17946 -321.0000000000
17975 -320.0000000000
18051 -319.0000000000
18080 -318.0000000000
18092 -317.0000000000
18125 -316.0000000000
18138 -315.0000000000
18144 -314.0000000000
18161 -313.0000000000
18171 -312.0000000000
18266 -311.0000000000
18291 -309.0000000000
18354 -308.0000000000
18382 -307.0000000000
18413 -306.0000000000
18432 -305.0000000000
18444 -304.0000000000
18468 -303.0000000000
18504 -302.0000000000
18505 -300.0000000000
18538 -298.0000000000
18578 -297.0000000000
18614 -295.0000000000
18656 -294.0000000000
18678 -293.0000000000
18706 -291.0000000000
18762 -290.0000000000
18775 -289.0000000000
18840 -288.0000000000
18875 -287.0000000000
18916 -286.0000000000
18942 -284.0000000000
18999 -283.0000000000
19036 -282.0000000000
19061 -281.0000000000
19097 -280.0000000000
19103 -279.0000000000
19172 -278.0000000000
19212 -276.0000000000
19240 -275.0000000000
19290 -274.0000000000
19324 -273.0000000000
19368 -270.0000000000
19466 -269.0000000000
19499 -268.0000000000
19541 -267.0000000000
19562 -266.0000000000
19567 -265.0000000000
19586 -264.0000000000
19589 -263.0000000000
19638 -262.0000000000
19673 -260.0000000000
19735 -258.0000000000
19777 -257.0000000000
19824 -256.0000000000
19872 -255.0000000000
19883 -253.0000000000
19920 -252.0000000000
19938 -251.0000000000
19993 -249.0000000000
20063 -248.0000000000
20109 -246.0000000000
20177 -245.0000000000
20198 -244.0000000000
20227 -243.0000000000
20300 -242.0000000000
20366 -240.0000000000
20386 -239.0000000000
20452 -237.0000000000
20600 -236.0000000000
20612 -235.0000000000
20694 -234.0000000000
20719 -232.0000000000
20750 -231.0000000000
20790 -230.0000000000
20814 -229.0000000000
20831 -228.0000000000
20841 -224.0000000000
20864 -223.0000000000
20897 -222.0000000000
20958 -220.0000000000
21007 -219.0000000000
21065 -218.0000000000
21107 -217.0000000000
21151 -216.0000000000
21192 -215.0000000000
21256 -213.0000000000
21268 -212.0000000000
21380 -211.0000000000
21405 -209.0000000000
21445 -208.0000000000
21513 -207.0000000000
21534 -206.0000000000
21562 -205.0000000000
21579 -204.0000000000
21600 -203.0000000000
21614 -202.0000000000
21616 -201.0000000000
21642 -199.0000000000
21681 -197.0000000000
21727 -196.0000000000
21849 -195.0000000000
21858 -194.0000000000
21921 -193.0000000000
21937 -191.0000000000
21956 -189.0000000000
21991 -188.0000000000
22019 -186.0000000000
22113 -185.0000000000
22149 -184.0000000000
22150 -182.0000000000
22203 -181.0000000000
22224 -180.0000000000
22233 -179.0000000000
22310 -178.0000000000
22327 -177.0000000000
22349 -175.0000000000
22435 -174.0000000000
22451 -173.0000000000
22493 -172.0000000000
22580 -171.0000000000
22588 -169.0000000000
22650 -168.0000000000
22715 -167.0000000000
22740 -166.0000000000
22793 -165.0000000000
22812 -164.0000000000
22880 -163.0000000000
22941 -162.0000000000
22943 -161.0000000000
22993 -160.0000000000
23026 -159.0000000000
23078 -157.0000000000
23142 -156.0000000000
23161 -155.0000000000
23185 -154.0000000000
23293 -153.0000000000
23330 -152.0000000000
23402 -151.0000000000
23433 -150.0000000000
23456 -149.0000000000
23475 -148.0000000000
23581 -147.0000000000
23582 -146.0000000000
23615 -145.0000000000
23629 -144.0000000000
23672 -143.0000000000
23695 -142.0000000000
23747 -141.0000000000
23813 -140.0000000000
23857 -139.0000000000
23935 -138.0000000000
24040 -137.0000000000
24145 -135.0000000000
24249 -134.0000000000
24313 -133.0000000000
24389 -132.0000000000
24521 -131.0000000000
24570 -130.0000000000
24586 -129.0000000000
24672 -126.0000000000
24746 -125.0000000000
24798 -123.0000000000
24877 -122.0000000000
24906 -121.0000000000
25031 -120.0000000000
25148 -119.0000000000
25175 -118.0000000000
25230 -116.0000000000
25281 -115.0000000000
25298 -114.0000000000
25354 -113.0000000000
25411 -112.0000000000
25462 -111.0000000000
25585 -110.0000000000
25634 -109.0000000000
25689 -108.0000000000
25721 -107.0000000000
25783 -106.0000000000
25914 -105.0000000000
25982 -104.0000000000
26069 -103.0000000000
26091 -102.0000000000
26174 -101.0000000000
26179 -100.0000000000
26204 -99.0000000000
26275 -98.0000000000
26337 -97.0000000000
26339 -96.0000000000
26370 -95.0000000000
26463 -94.0000000000
26482 -93.0000000000
26501 -92.0000000000
26590 -91.0000000000
26747 -90.0000000000
26783 -89.0000000000
26788 -88.0000000000
26885 -87.0000000000
26900 -86.0000000000
26981 -85.0000000000
27031 -84.0000000000
27104 -83.0000000000
27186 -82.0000000000
27211 -81.0000000000
27271 -79.0000000000
27299 -78.0000000000
27506 -77.0000000000
27555 -75.0000000000
27719 -74.0000000000
27737 -73.0000000000
27983 -72.0000000000
28017 -70.0000000000
28168 -69.0000000000
28186 -68.0000000000
28303 -67.0000000000
28403 -66.0000000000
28532 -65.0000000000
28711 -64.0000000000
28753 -63.0000000000
28808 -62.0000000000
28907 -61.0000000000
29006 -60.0000000000
29070 -59.0000000000
29186 -58.0000000000
29243 -57.0000000000
29253 -55.0000000000
29330 -54.0000000000
29538 -53.0000000000
29717 -52.0000000000
29735 -51.0000000000
29806 -50.0000000000
29877 -49.0000000000
30116 -48.0000000000
30190 -46.0000000000
30398 -45.0000000000
30517 -44.0000000000
30568 -43.0000000000
30640 -42.0000000000
30726 -41.0000000000
30756 -40.0000000000
30898 -39.0000000000
30921 -37.0000000000
31029 -36.0000000000
31066 -35.0000000000
31117 -33.0000000000
31256 -30.0000000000
31447 -29.0000000000
31506 -28.0000000000
31578 -27.0000000000
31741 -25.0000000000
32149 -24.0000000000
32256 -23.0000000000
33390 -21.0000000000
33578 -19.0000000000
33652 -18.0000000000
34366 -17.0000000000
34435 -16.0000000000
34649 -15.0000000000
35012 -13.0000000000
35740 -12.0000000000
35881 -11.0000000000
36473 -10.0000000000
36592 -9.0000000000
37476 -8.0000000000
37908 -7.0000000000
39716 -6.0000000000
39806 -5.0000000000
39955 -4.0000000000
40374 -3.0000000000
42322 -2.0000000000
42633 -1.0000000000
42851 230.6800000000
42927 252.0500000000
43399 257.4500000000
43720 370.6800000000
43943 392.0000000000
44131 393.2300000000
44144 398.5800000000
44277 404.1900000000
44898 412.7500000000
45315 419.1400000000
46083 419.2200000000
47066 443.3000000000
47120 558.4900000000
47434 559.3100000000
47513 561.6100000000
47653 565.0300000000
47715 579.1000000000
48164 579.4100000000
48376 585.9300000000
48657 589.5400000000
52110 606.3900000000
53980 616.8700000000
54077 618.1800000000
54087 622.9000000000
54326 626.1500000000
54511 627.3800000000
54722 630.2100000000
58556 631.7300000000
59802 634.4200000000
60283 644.4900000000
80157 686.7600000000
85783 689.2500000000
85797 698.0100000000
85824 698.4100000000
85831 705.7300000000
85862 711.3400000000
85899 714.8400000000
86139 717.6500000000
86293 718.1900000000
87706 721.8700000000
91314 722.4700000000
100000 -1.0000000000
evaluations raw_y
1 -2015.0000000000
2 -1978.0000000000
6 -1977.0000000000
12 -1966.0000000000
21 -1965.0000000000
25 -1960.0000000000
41 -1956.0000000000
51 -1954.0000000000
54 -1939.0000000000
83 -1937.0000000000
84 -1928.0000000000
90 -1925.0000000000
98 -1915.0000000000
102 -1914.0000000000
111 -1911.0000000000
125 -1905.0000000000
131 -1891.0000000000
151 -1885.0000000000
166 -1883.0000000000
176 -1881.0000000000
188 -1880.0000000000
192 -1879.0000000000
193 -1878.0000000000
198 -1877.0000000000
209 -1875.0000000000
221 -1874.0000000000
224 -1872.0000000000
232 -1871.0000000000
241 -1869.0000000000
270 -1868.0000000000
271 -1865.0000000000
298 -1864.0000000000
301 -1863.0000000000
312 -1861.0000000000
324 -1860.0000000000
335 -1859.0000000000
346 -1857.0000000000
352 -1856.0000000000
363 -1855.0000000000
371 -1854.0000000000
381 -1852.0000000000
394 -1849.0000000000
404 -1847.0000000000
411 -1846.0000000000
432 -1844.0000000000
433 -1843.0000000000
442 -1841.0000000000
455 -1840.0000000000
460 -1839.0000000000
462 -1838.0000000000
476 -1836.0000000000
485 -1831.0000000000
497 -1827.0000000000
501 -1826.0000000000
513 -1825.0000000000
523 -1824.0000000000
537 -1823.0000000000
547 -1820.0000000000
567 -1816.0000000000
594 -1815.0000000000
602 -1814.0000000000
615 -1813.0000000000
622 -1811.0000000000
628 -1810.0000000000
641 -1809.0000000000
651 -1808.0000000000
658 -1807.0000000000
664 -1805.0000000000
683 -1802.0000000000
702 -1800.0000000000
703 -1798.0000000000
714 -1796.0000000000
721 -1795.0000000000
737 -1792.0000000000
742 -1790.0000000000
750 -1789.0000000000
752 -1788.0000000000
765 -1787.0000000000
771 -1786.0000000000
775 -1785.0000000000
786 -1783.0000000000
795 -1781.0000000000
804 -1777.0000000000
821 -1775.0000000000
853 -1774.0000000000
862 -1773.0000000000
876 -1772.0000000000
881 -1770.0000000000
887 -1769.0000000000
900 -1768.0000000000
901 -1766.0000000000
912 -1765.0000000000
940 -1764.0000000000
958 -1763.0000000000
963 -1762.0000000000
968 -1761.0000000000
971 -1758.0000000000
1008 -1756.0000000000
1012 -1755.0000000000
1022 -1753.0000000000
1031 -1751.0000000000
1041 -1750.0000000000
1045 -1749.0000000000
1051 -1748.0000000000
1066 -1747.0000000000
1070 -1746.0000000000
1071 -1745.0000000000
1088 -1744.0000000000
1101 -1743.0000000000
1114 -1741.0000000000
1131 -1740.0000000000
1150 -1739.0000000000
1151 -1738.0000000000
1167 -1737.0000000000
1185 -1736.0000000000
1200 -1735.0000000000
1212 -1734.0000000000
1221 -1730.0000000000
1246 -1728.0000000000
1256 -1727.0000000000
1279 -1726.0000000000
1288 -1725.0000000000
1295 -1724.0000000000
1309 -1723.0000000000
1311 -1721.0000000000
1329 -1720.0000000000
1334 -1719.0000000000
1338 -1718.0000000000
1342 -1717.0000000000
1348 -1716.0000000000
1353 -1714.0000000000
1370 -1712.0000000000
1372 -1711.0000000000
1384 -1709.0000000000
1411 -1708.0000000000
1421 -1707.0000000000
1430 -1706.0000000000
1446 -1704.0000000000
1452 -1703.0000000000
1472 -1702.0000000000
1477 -1701.0000000000
1484 -1700.0000000000
1494 -1699.0000000000
1498 -1698.0000000000
1508 -1696.0000000000
1519 -1695.0000000000
1524 -1691.0000000000
1539 -1690.0000000000
1560 -1689.0000000000
1563 -1687.0000000000
1573 -1685.0000000000
1598 -1684.0000000000
1612 -1683.0000000000
1617 -1682.0000000000
1618 -1681.0000000000
1632 -1677.0000000000
1642 -1676.0000000000
1651 -1675.0000000000
1655 -1674.0000000000
1667 -1673.0000000000
1673 -1672.0000000000
1687 -1671.0000000000
1692 -1670.0000000000
1705 -1667.0000000000
1720 -1666.0000000000
1735 -1665.0000000000
1738 -1664.0000000000
1757 -1663.0000000000
1764 -1662.0000000000
1776 -1661.0000000000
1787 -1659.0000000000
1806 -1658.0000000000
1819 -1655.0000000000
1846 -1653.0000000000
1847 -1652.0000000000
1867 -1651.0000000000
1871 -1646.0000000000
1881 -1645.0000000000
1886 -1644.0000000000
1916 -1643.0000000000
1923 -1642.0000000000
1930 -1641.0000000000
1934 -1637.0000000000
1949 -1636.0000000000
1964 -1634.0000000000
1983 -1632.0000000000
2004 -1630.0000000000
2017 -1626.0000000000
2032 -1624.0000000000
2051 -1623.0000000000
2084 -1622.0000000000
2091 -1618.0000000000
2112 -1615.0000000000
2121 -1614.0000000000
2137 -1613.0000000000
2150 -1612.0000000000
2161 -1609.0000000000
2181 -1607.0000000000
2190 -1605.0000000000
2206 -1602.0000000000
2223 -1598.0000000000
2236 -1597.0000000000
2241 -1596.0000000000
2254 -1595.0000000000
2269 -1594.0000000000
2276 -1593.0000000000
2286 -1592.0000000000
2300 -1589.0000000000
2312 -1588.0000000000
2323 -1587.0000000000
2339 -1586.0000000000
2348 -1585.0000000000
2356 -1584.0000000000
2367 -1583.0000000000
2374 -1582.0000000000
2382 -1581.0000000000
2383 -1580.0000000000
2385 -1577.0000000000
2412 -1576.0000000000
2428 -1573.0000000000
2444 -1571.0000000000
2452 -1570.0000000000
2459 -1567.0000000000
2476 -1565.0000000000
2501 -1564.0000000000
2510 -1563.0000000000
2516 -1562.0000000000
2532 -1560.0000000000
2541 -1559.0000000000
2544 -1557.0000000000
2566 -1556.0000000000
2574 -1554.0000000000
2591 -1553.0000000000
2602 -1550.0000000000
2624 -1549.0000000000
2626 -1548.0000000000
2638 -1546.0000000000
2644 -1545.0000000000
2658 -1544.0000000000
2673 -1542.0000000000
2703 -1541.0000000000
2713 -1540.0000000000
2717 -1539.0000000000
2724 -1538.0000000000
2741 -1537.0000000000
2742 -1534.0000000000
2767 -1533.0000000000
2772 -1532.0000000000
2782 -1531.0000000000
2787 -1530.0000000000
2791 -1529.0000000000
2804 -1528.0000000000
2816 -1526.0000000000
2833 -1525.0000000000
2841 -1524.0000000000
2844 -1520.0000000000
2856 -1519.0000000000
2879 -1518.0000000000
2881 -1516.0000000000
2904 -1515.0000000000
2918 -1514.0000000000
2935 -1513.0000000000
2943 -1512.0000000000
2957 -1511.0000000000
2969 -1510.0000000000
2981 -1508.0000000000
2997 -1507.0000000000
3011 -1506.0000000000
3016 -1505.0000000000
3028 -1504.0000000000
3037 -1503.0000000000
3040 -1501.0000000000
3052 -1499.0000000000
3069 -1497.0000000000
3091 -1496.0000000000
3093 -1495.0000000000
3101 -1494.0000000000
3106 -1492.0000000000
3126 -1491.0000000000
3132 -1488.0000000000
3144 -1487.0000000000
3158 -1486.0000000000
3169 -1485.0000000000
3172 -1484.0000000000
3175 -1483.0000000000
3185 -1482.0000000000
3200 -1479.0000000000
3204 -1478.0000000000
3211 -1477.0000000000
3224 -1476.0000000000
3244 -1474.0000000000
3253 -1472.0000000000
3272 -1470.0000000000
3288 -1469.0000000000
3309 -1468.0000000000
3319 -1467.0000000000
3329 -1466.0000000000
3334 -1463.0000000000
3352 -1461.0000000000
3362 -1460.0000000000
3380 -1459.0000000000
3396 -1458.0000000000
3403 -1457.0000000000
3411 -1456.0000000000
3412 -1454.0000000000
3421 -1452.0000000000
3458 -1448.0000000000
3471 -1447.0000000000
3496 -1446.0000000000
3508 -1441.0000000000
3524 -1439.0000000000
3556 -1438.0000000000
3557 -1437.0000000000
3577 -1436.0000000000
3582 -1432.0000000000
3601 -1430.0000000000
3604 -1428.0000000000
3631 -1426.0000000000
3644 -1425.0000000000
3647 -1424.0000000000
3678 -1423.0000000000
3683 -1420.0000000000
3711 -1418.0000000000
3721 -1416.0000000000
3741 -1415.0000000000
3755 -1414.0000000000
3763 -1413.0000000000
3777 -1412.0000000000
3781 -1411.0000000000
3786 -1408.0000000000
3804 -1407.0000000000
3815 -1406.0000000000
3821 -1404.0000000000
3847 -1403.0000000000
3852 -1402.0000000000
3857 -1401.0000000000
3869 -1400.0000000000
3872 -1399.0000000000
3883 -1398.0000000000
3891 -1397.0000000000
3913 -1396.0000000000
3915 -1395.0000000000
3935 -1393.0000000000
3953 -1392.0000000000
3954 -1391.0000000000
3973 -1387.0000000000
3982 -1384.0000000000
3996 -1383.0000000000
4002 -1382.0000000000
4022 -1381.0000000000
4033 -1380.0000000000
4034 -1379.0000000000
4055 -1378.0000000000
4079 -1376.0000000000
4081 -1375.0000000000
4093 -1374.0000000000
4108 -1373.0000000000
4115 -1370.0000000000
4127 -1369.0000000000
4133 -1368.0000000000
4141 -1367.0000000000
4151 -1366.0000000000
4167 -1365.0000000000
4182 -1364.0000000000
4187 -1363.0000000000
4198 -1362.0000000000
4220 -1360.0000000000
4222 -1359.0000000000
4234 -1357.0000000000
4247 -1356.0000000000
4259 -1355.0000000000
4260 -1354.0000000000
4272 -1352.0000000000
4281 -1350.0000000000
4287 -1349.0000000000
4292 -1348.0000000000
4295 -1345.0000000000
4304 -1344.0000000000
4316 -1343.0000000000
4320 -1342.0000000000
4323 -1341.0000000000
4337 -1339.0000000000
4342 -1338.0000000000
4352 -1337.0000000000
4367 -1336.0000000000
4378 -1335.0000000000
4390 -1333.0000000000
4392 -1332.0000000000
4407 -1331.0000000000
4413 -1330.0000000000
4420 -1328.0000000000
4443 -1327.0000000000
4448 -1326.0000000000
4459 -1325.0000000000
4464 -1323.0000000000
4493 -1321.0000000000
4504 -1319.0000000000
4522 -1318.0000000000
4542 -1317.0000000000
4544 -1316.0000000000
4547 -1314.0000000000
4551 -1313.0000000000
4578 -1312.0000000000
4583 -1311.0000000000
4596 -1309.0000000000
4601 -1308.0000000000
4608 -1306.0000000000
4633 -1304.0000000000
4652 -1303.0000000000
4664 -1302.0000000000
4666 -1301.0000000000
4674 -1300.0000000000
4685 -1299.0000000000
4709 -1298.0000000000
4712 -1297.0000000000
4720 -1296.0000000000
4730 -1295.0000000000
4735 -1294.0000000000
4743 -1293.0000000000
4763 -1292.0000000000
4765 -1290.0000000000
4806 -1289.0000000000
4813 -1288.0000000000
4826 -1287.0000000000
4842 -1286.0000000000
4845 -1284.0000000000
4863 -1283.0000000000
4867 -1282.0000000000
4898 -1281.0000000000
4900 -1279.0000000000
4915 -1277.0000000000
4941 -1275.0000000000
4973 -1271.0000000000
4982 -1270.0000000000
4993 -1269.0000000000
5028 -1268.0000000000
5034 -1267.0000000000
5050 -1266.0000000000
5051 -1264.0000000000
5066 -1263.0000000000
5080 -1262.0000000000
5092 -1260.0000000000
5111 -1259.0000000000
5131 -1258.0000000000
5145 -1257.0000000000
5153 -1256.0000000000
5161 -1254.0000000000
5182 -1253.0000000000
5185 -1252.0000000000
5193 -1251.0000000000
5200 -1250.0000000000
5214 -1249.0000000000
5225 -1248.0000000000
5227 -1247.0000000000
5238 -1246.0000000000
5245 -1244.0000000000
5262 -1243.0000000000
5263 -1241.0000000000
5290 -1239.0000000000
5297 -1238.0000000000
5301 -1237.0000000000
5311 -1236.0000000000
5347 -1235.0000000000
5349 -1232.0000000000
5355 -1230.0000000000
5367 -1229.0000000000
5384 -1227.0000000000
5397 -1226.0000000000
5402 -1225.0000000000
5409 -1224.0000000000
5421 -1222.0000000000
5465 -1221.0000000000
5468 -1220.0000000000
5480 -1219.0000000000
5500 -1218.0000000000
5534 -1217.0000000000
5535 -1216.0000000000
5542 -1215.0000000000
5564 -1214.0000000000
5571 -1213.0000000000
5577 -1212.0000000000
5584 -1208.0000000000
5597 -1207.0000000000
5613 -1206.0000000000
5628 -1205.0000000000
5642 -1204.0000000000
5648 -1203.0000000000
5662 -1202.0000000000
5671 -1198.0000000000
5684 -1197.0000000000
5704 -1196.0000000000
5711 -1194.0000000000
5726 -1193.0000000000
5743 -1192.0000000000
5755 -1191.0000000000
5774 -1190.0000000000
5798 -1189.0000000000
5801 -1188.0000000000
5820 -1187.0000000000
5832 -1186.0000000000
5849 -1185.0000000000
5859 -1183.0000000000
5878 -1182.0000000000
5897 -1181.0000000000
5909 -1180.0000000000
5919 -1179.0000000000
5940 -1178.0000000000
5951 -1177.0000000000
5960 -1175.0000000000
5976 -1174.0000000000
6007 -1173.0000000000
6013 -1171.0000000000
6037 -1170.0000000000
6041 -1168.0000000000
6061 -1165.0000000000
6093 -1164.0000000000
6094 -1161.0000000000
6119 -1160.0000000000
6130 -1159.0000000000
6133 -1158.0000000000
6137 -1157.0000000000
6173 -1154.0000000000
6183 -1153.0000000000
6203 -1151.0000000000
6212 -1150.0000000000
6241 -1149.0000000000
6252 -1148.0000000000
6264 -1147.0000000000
6273 -1145.0000000000
6291 -1143.0000000000
6303 -1141.0000000000
6319 -1140.0000000000
6334 -1138.0000000000
6350 -1137.0000000000
6351 -1136.0000000000
6358 -1135.0000000000
6375 -1134.0000000000
6383 -1133.0000000000
6401 -1132.0000000000
6404 -1131.0000000000
6421 -1130.0000000000
6430 -1129.0000000000
6440 -1128.0000000000
6442 -1127.0000000000
6451 -1126.0000000000
6456 -1125.0000000000
6464 -1124.0000000000
6479 -1123.0000000000
6481 -1122.0000000000
6494 -1121.0000000000
6505 -1120.0000000000
6515 -1119.0000000000
6527 -1118.0000000000
6547 -1117.0000000000
6552 -1114.0000000000
6592 -1113.0000000000
6613 -1112.0000000000
6619 -1111.0000000000
6623 -1110.0000000000
6645 -1109.0000000000
6658 -1107.0000000000
6686 -1106.0000000000
6706 -1105.0000000000
6722 -1104.0000000000
6727 -1103.0000000000
6729 -1102.0000000000
6742 -1101.0000000000
6748 -1099.0000000000
6770 -1098.0000000000
6772 -1097.0000000000
6791 -1094.0000000000
6812 -1092.0000000000
6820 -1089.0000000000
6840 -1088.0000000000
6844 -1087.0000000000
6863 -1085.0000000000
6874 -1083.0000000000
6896 -1082.0000000000
6902 -1081.0000000000
6918 -1079.0000000000
6934 -1078.0000000000
6950 -1076.0000000000
6964 -1075.0000000000
6975 -1072.0000000000
6976 -1071.0000000000
7010 -1070.0000000000
7018 -1069.0000000000
7027 -1066.0000000000
7058 -1065.0000000000
7059 -1064.0000000000
7064 -1063.0000000000
7075 -1062.0000000000
7085 -1061.0000000000
7098 -1060.0000000000
7102 -1059.0000000000
7113 -1056.0000000000
7128 -1055.0000000000
7142 -1054.0000000000
7157 -1051.0000000000
7163 -1048.0000000000
7183 -1046.0000000000
7214 -1045.0000000000
7230 -1044.0000000000
7236 -1041.0000000000
7262 -1040.0000000000
7266 -1039.0000000000
7271 -1038.0000000000
7301 -1037.0000000000
7310 -1035.0000000000
7328 -1034.0000000000
7344 -1033.0000000000
7349 -1032.0000000000
7356 -1031.0000000000
7358 -1029.0000000000
7364 -1028.0000000000
7382 -1027.0000000000
7395 -1026.0000000000
7409 -1025.0000000000
7411 -1023.0000000000
7421 -1021.0000000000
7433 -1020.0000000000
7472 -1019.0000000000
7495 -1018.0000000000
7512 -1017.0000000000
7522 -1016.0000000000
7554 -1014.0000000000
7561 -1013.0000000000
7597 -1012.0000000000
7613 -1011.0000000000
7628 -1010.0000000000
7647 -1009.0000000000
7662 -1008.0000000000
7690 -1007.0000000000
7692 -1006.0000000000
7704 -1005.0000000000
7718 -1003.0000000000
7731 -1001.0000000000
7754 -1000.0000000000
7770 -999.0000000000
7776 -997.0000000000
7820 -996.0000000000
7823 -994.0000000000
7824 -993.0000000000
7856 -991.0000000000
7866 -990.0000000000
7873 -989.0000000000
7894 -988.0000000000
7904 -987.0000000000
7909 -986.0000000000
7912 -985.0000000000
7932 -984.0000000000
7970 -983.0000000000
7980 -982.0000000000
7995 -981.0000000000
8005 -980.0000000000
8011 -979.0000000000
8018 -978.0000000000
8033 -977.0000000000
8052 -974.0000000000
8072 -973.0000000000
8087 -972.0000000000
8090 -970.0000000000
8121 -968.0000000000
8141 -967.0000000000
8144 -965.0000000000
8175 -964.0000000000
8186 -962.0000000000
8197 -961.0000000000
8216 -960.0000000000
8253 -958.0000000000
8274 -955.0000000000
8302 -953.0000000000
8330 -951.0000000000
8334 -949.0000000000
8366 -948.0000000000
8373 -947.0000000000
8387 -946.0000000000
8391 -945.0000000000
8402 -944.0000000000
8417 -943.0000000000
8419 -941.0000000000
8454 -940.0000000000
8462 -939.0000000000
8470 -937.0000000000
8500 -936.0000000000
8502 -935.0000000000
8533 -934.0000000000
8534 -933.0000000000
8549 -930.0000000000
8575 -929.0000000000
8576 -928.0000000000
8605 -927.0000000000
8610 -925.0000000000
8635 -924.0000000000
8654 -922.0000000000
8661 -921.0000000000
8697 -917.0000000000
8704 -916.0000000000
8722 -915.0000000000
8735 -914.0000000000
8759 -913.0000000000
8774 -912.0000000000
8781 -910.0000000000
8800 -908.0000000000
8801 -907.0000000000
8833 -906.0000000000
8843 -905.0000000000
8852 -902.0000000000
8871 -898.0000000000
8887 -896.0000000000
8911 -895.0000000000
8917 -894.0000000000
8922 -893.0000000000
8944 -892.0000000000
8975 -891.0000000000
8998 -888.0000000000
9022 -886.0000000000
9054 -885.0000000000
9086 -884.0000000000
9093 -883.0000000000
9115 -882.0000000000
9126 -881.0000000000
9139 -880.0000000000
9146 -879.0000000000
9153 -878.0000000000
9170 -877.0000000000
9186 -876.0000000000
9191 -873.0000000000
9217 -872.0000000000
9238 -871.0000000000
9246 -870.0000000000
9251 -869.0000000000
9254 -868.0000000000
9267 -867.0000000000
9284 -866.0000000000
9295 -865.0000000000
9308 -864.0000000000
9315 -863.0000000000
9317 -862.0000000000
9326 -861.0000000000
9342 -860.0000000000
9345 -859.0000000000
9385 -857.0000000000
9387 -856.0000000000
9402 -854.0000000000
9426 -852.0000000000
9434 -850.0000000000
9441 -849.0000000000
9481 -848.0000000000
9495 -846.0000000000
9518 -844.0000000000
9537 -842.0000000000
9569 -841.0000000000
9613 -840.0000000000
9632 -838.0000000000
9662 -835.0000000000
9681 -834.0000000000
9694 -831.0000000000
9716 -830.0000000000
9722 -829.0000000000
9742 -828.0000000000
9771 -827.0000000000
9798 -824.0000000000
9831 -823.0000000000
9852 -821.0000000000
9883 -818.0000000000
9894 -817.0000000000
9903 -815.0000000000
9912 -813.0000000000
9939 -812.0000000000
9942 -810.0000000000
9979 -809.0000000000
9980 -808.0000000000
9985 -807.0000000000
10013 -806.0000000000
10041 -805.0000000000
10051 -804.0000000000
10087 -802.0000000000
10092 -800.0000000000
10114 -799.0000000000
10120 -797.0000000000
10150 -796.0000000000
10161 -795.0000000000
10164 -794.0000000000
10190 -793.0000000000
10205 -790.0000000000
10231 -789.0000000000
10235 -787.0000000000
10266 -786.0000000000
10278 -785.0000000000
10282 -784.0000000000
10311 -783.0000000000
10316 -781.0000000000
10324 -780.0000000000
10332 -779.0000000000
10350 -778.0000000000
10356 -776.0000000000
10381 -775.0000000000
10396 -771.0000000000
10411 -770.0000000000
10434 -769.0000000000
10464 -768.0000000000
10480 -767.0000000000
10487 -766.0000000000
10490 -765.0000000000
10510 -764.0000000000
10521 -761.0000000000
10538 -760.0000000000
10549 -759.0000000000
10554 -757.0000000000
10572 -756.0000000000
10601 -754.0000000000
10612 -753.0000000000
10623 -752.0000000000
10635 -749.0000000000
10660 -748.0000000000
10676 -747.0000000000
10691 -745.0000000000
10741 -744.0000000000
10754 -743.0000000000
10764 -741.0000000000
10786 -740.0000000000
10799 -739.0000000000
10814 -738.0000000000
10821 -736.0000000000
10841 -735.0000000000
10855 -734.0000000000
10867 -733.0000000000
10894 -732.0000000000
10905 -731.0000000000
10929 -730.0000000000
10948 -729.0000000000
10972 -726.0000000000
10988 -725.0000000000
11013 -724.0000000000
11027 -723.0000000000
11059 -722.0000000000
11064 -721.0000000000
11100 -719.0000000000
11114 -718.0000000000
11122 -717.0000000000
11136 -714.0000000000
11166 -713.0000000000
11193 -710.0000000000
11230 -709.0000000000
11231 -708.0000000000
11258 -707.0000000000
11261 -706.0000000000
11303 -705.0000000000
11317 -703.0000000000
11322 -701.0000000000
11340 -700.0000000000
11352 -699.0000000000
11368 -698.0000000000
11373 -697.0000000000
11402 -694.0000000000
11436 -693.0000000000
11449 -692.0000000000
11461 -691.0000000000
11498 -690.0000000000
11524 -689.0000000000
11540 -688.0000000000
11552 -686.0000000000
11571 -685.0000000000
11584 -684.0000000000
11604 -683.0000000000
11614 -682.0000000000
11622 -681.0000000000
11633 -678.0000000000
11651 -677.0000000000
11663 -676.0000000000
11698 -675.0000000000
11714 -672.0000000000
11773 -670.0000000000
11789 -669.0000000000
11794 -668.0000000000
11829 -666.0000000000
11831 -665.0000000000
11865 -664.0000000000
11879 -660.0000000000
11930 -659.0000000000
11953 -658.0000000000
11987 -657.0000000000
12008 -655.0000000000
12011 -654.0000000000
12057 -653.0000000000
12075 -650.0000000000
12097 -649.0000000000
12125 -648.0000000000
12138 -646.0000000000
12144 -645.0000000000
12151 -644.0000000000
12170 -643.0000000000
12183 -641.0000000000
12191 -640.0000000000
12219 -639.0000000000
12245 -638.0000000000
12267 -637.0000000000
12284 -636.0000000000
12285 -635.0000000000
12320 -634.0000000000
12332 -633.0000000000
12343 -632.0000000000
12372 -631.0000000000
12373 -630.0000000000
12418 -629.0000000000
12446 -628.0000000000
12468 -627.0000000000
12490 -625.0000000000
12505 -624.0000000000
12513 -623.0000000000
12526 -621.0000000000
12538 -617.0000000000
12602 -616.0000000000
12623 -615.0000000000
12644 -613.0000000000
12693 -612.0000000000
12707 -611.0000000000
12723 -610.0000000000
12726 -609.0000000000
12733 -606.0000000000
12742 -604.0000000000
12763 -603.0000000000
12785 -602.0000000000
12794 -601.0000000000
12809 -600.0000000000
12837 -599.0000000000
12847 -598.0000000000
12849 -596.0000000000
12929 -595.0000000000
12932 -593.0000000000
12966 -592.0000000000
12995 -591.0000000000
13006 -590.0000000000
13018 -589.0000000000
13049 -587.0000000000
13069 -586.0000000000
13107 -585.0000000000
13139 -583.0000000000
13175 -581.0000000000
13189 -580.0000000000
13212 -578.0000000000
13230 -577.0000000000
13252 -576.0000000000
13256 -575.0000000000
13285 -574.0000000000
13313 -573.0000000000
13334 -570.0000000000
13395 -568.0000000000
13410 -565.0000000000
13423 -563.0000000000
13480 -562.0000000000
13483 -561.0000000000
13506 -560.0000000000
13528 -559.0000000000
13564 -557.0000000000
13584 -555.0000000000
13597 -553.0000000000
13641 -552.0000000000
13656 -550.0000000000
13682 -549.0000000000
13690 -548.0000000000
13708 -547.0000000000
13718 -546.0000000000
13722 -545.0000000000
13734 -544.0000000000
13765 -542.0000000000
13793 -541.0000000000
13803 -540.0000000000
13822 -538.0000000000
13847 -537.0000000000
13872 -536.0000000000
13914 -535.0000000000
13926 -534.0000000000
13959 -533.0000000000
13962 -532.0000000000
13977 -531.0000000000
13982 -530.0000000000
14001 -529.0000000000
14031 -528.0000000000
14033 -527.0000000000
14064 -526.0000000000
14081 -525.0000000000
14110 -524.0000000000
14149 -520.0000000000
14216 -519.0000000000
14224 -518.0000000000
14235 -517.0000000000
14265 -516.0000000000
14318 -515.0000000000
14347 -512.0000000000
14366 -511.0000000000
14392 -510.0000000000
14436 -509.0000000000
14475 -507.0000000000
14514 -506.0000000000
14522 -505.0000000000
14579 -504.0000000000
14610 -503.0000000000
14617 -501.0000000000
14637 -500.0000000000
14642 -499.0000000000
14668 -498.0000000000
14685 -497.0000000000
14723 -496.0000000000
14761 -495.0000000000
14788 -494.0000000000
14806 -493.0000000000
14807 -492.0000000000
14812 -491.0000000000
14847 -489.0000000000
14860 -488.0000000000
14877 -486.0000000000
14890 -483.0000000000
14901 -482.0000000000
14921 -481.0000000000
14929 -480.0000000000
14972 -478.0000000000
14983 -477.0000000000
14985 -476.0000000000
15011 -475.0000000000
15031 -474.0000000000
15052 -473.0000000000
15067 -472.0000000000
15087 -470.0000000000
15114 -469.0000000000
15155 -468.0000000000
15177 -467.0000000000
15210 -466.0000000000
15211 -465.0000000000
15236 -464.0000000000
15283 -463.0000000000
15284 -462.0000000000
15318 -461.0000000000
15322 -458.0000000000
15355 -457.0000000000
15368 -456.0000000000
15386 -455.0000000000
15407 -453.0000000000
15418 -452.0000000000
15447 -451.0000000000
15466 -449.0000000000
15508 -447.0000000000
15523 -446.0000000000
15564 -445.0000000000
15617 -444.0000000000
15642 -440.0000000000
15687 -439.0000000000
15704 -438.0000000000
15722 -437.0000000000
15731 -436.0000000000
15756 -433.0000000000
15794 -432.0000000000
15817 -430.0000000000
15861 -429.0000000000
15866 -428.0000000000
15906 -426.0000000000
15917 -425.0000000000
15983 -424.0000000000
15996 -423.0000000000
16003 -422.0000000000
16011 -421.0000000000
16041 -420.0000000000
16053 -418.0000000000
16086 -416.0000000000
16115 -415.0000000000
16132 -414.0000000000
16142 -413.0000000000
16155 -412.0000000000
16160 -410.0000000000
16210 -409.0000000000
16230 -408.0000000000
16238 -407.0000000000
16253 -406.0000000000
16281 -405.0000000000
16297 -404.0000000000
16347 -403.0000000000
16375 -402.0000000000
16407 -401.0000000000
16408 -400.0000000000
16421 -399.0000000000
16458 -398.0000000000
16484 -397.0000000000
16497 -396.0000000000
16518 -395.0000000000
16533 -394.0000000000
16548 -392.0000000000
16574 -390.0000000000
16625 -389.0000000000
16633 -387.0000000000
16693 -386.0000000000
16715 -385.0000000000
16721 -384.0000000000
16746 -383.0000000000
16753 -382.0000000000
16795 -381.0000000000
16833 -380.0000000000
16861 -379.0000000000
16893 -378.0000000000
16910 -377.0000000000
16930 -375.0000000000
16989 -374.0000000000
17008 -373.0000000000
17021 -372.0000000000
17031 -371.0000000000
17045 -369.0000000000
17060 -368.0000000000
17093 -367.0000000000
17126 -366.0000000000
17172 -365.0000000000
17190 -364.0000000000
17232 -363.0000000000
17278 -361.0000000000
17279 -359.0000000000
17370 -358.0000000000
17426 -357.0000000000
17445 -356.0000000000
17468 -355.0000000000
17482 -354.0000000000
17503 -353.0000000000
17522 -352.0000000000
17565 -348.0000000000
17603 -347.0000000000
17617 -346.0000000000
17666 -345.0000000000
17710 -344.0000000000
17721 -343.0000000000
17741 -342.0000000000
17767 -341.0000000000
17832 -340.0000000000
17839 -339.0000000000
17871 -338.0000000000
17884 -337.0000000000
17910 -336.0000000000
17926 -335.0000000000
17944 -334.0000000000
17964 -333.0000000000
17987 -332.0000000000
18001 -331.0000000000
18023 -330.0000000000
18048 -327.0000000000
18089 -326.0000000000
18137 -325.0000000000
18156 -324.0000000000
18190 -323.0000000000
18194 -322.0000000000
18234 -321.0000000000
18261 -320.0000000000
18293 -319.0000000000
18304 -318.0000000000
18313 -317.0000000000
18321 -316.0000000000
18408 -315.0000000000
18415 -314.0000000000
18476 -313.0000000000
18553 -312.0000000000
18580 -310.0000000000
18582 -309.0000000000
18628 -308.0000000000
18652 -307.0000000000
18669 -306.0000000000
18699 -305.0000000000
18708 -304.0000000000
18712 -300.0000000000
18746 -299.0000000000
18805 -297.0000000000
18853 -295.0000000000
18919 -293.0000000000
18990 -292.0000000000
19005 -291.0000000000
19030 -290.0000000000
19041 -289.0000000000
19087 -288.0000000000
19111 -287.0000000000
19142 -286.0000000000
19153 -285.0000000000
19194 -284.0000000000
19211 -282.0000000000
19270 -281.0000000000
19301 -280.0000000000
19413 -279.0000000000
19437 -278.0000000000
19473 -275.0000000000
19502 -274.0000000000
19516 -273.0000000000
19648 -272.0000000000
19649 -271.0000000000
19701 -270.0000000000
19704 -269.0000000000
19796 -268.0000000000
19816 -267.0000000000
19863 -264.0000000000
19896 -263.0000000000
19933 -262.0000000000
19994 -261.0000000000
20049 -260.0000000000
20067 -259.0000000000
20083 -258.0000000000
20112 -257.0000000000
20143 -255.0000000000
20171 -253.0000000000
20212 -252.0000000000
20266 -251.0000000000
20307 -250.0000000000
20361 -249.0000000000
20362 -248.0000000000
20408 -247.0000000000
20438 -246.0000000000
20490 -245.0000000000
20518 -244.0000000000
20539 -243.0000000000
20589 -242.0000000000
20598 -241.0000000000
20652 -240.0000000000
20658 -239.0000000000
20692 -238.0000000000
20742 -237.0000000000
20781 -236.0000000000
20799 -233.0000000000
20894 -232.0000000000
20937 -231.0000000000
20970 -230.0000000000
20998 -229.0000000000
21002 -228.0000000000
21052 -227.0000000000
21081 -226.0000000000
21094 -225.0000000000
21145 -223.0000000000
21191 -222.0000000000
21211 -221.0000000000
21249 -220.0000000000
21273 -219.0000000000
21293 -218.0000000000
21302 -217.0000000000
21324 -216.0000000000
21341 -215.0000000000
21354 -214.0000000000
21388 -213.0000000000
21445 -210.0000000000
21488 -209.0000000000
21556 -208.0000000000
21649 -207.0000000000
21699 -205.0000000000
21757 -204.0000000000
21793 -203.0000000000
21823 -202.0000000000
21836 -201.0000000000
21862 -199.0000000000
21938 -198.0000000000
21993 -196.0000000000
22021 -194.0000000000
22040 -193.0000000000
22065 -192.0000000000
22105 -190.0000000000
22150 -189.0000000000
22174 -188.0000000000
22284 -187.0000000000
22374 -186.0000000000
22403 -185.0000000000
22429 -184.0000000000
22440 -183.0000000000
22504 -182.0000000000
22533 -181.0000000000
22571 -180.0000000000
22591 -179.0000000000
22638 -177.0000000000
22683 -176.0000000000
22729 -175.0000000000
22731 -174.0000000000
22746 -172.0000000000
22872 -171.0000000000
22919 -170.0000000000
22927 -168.0000000000
22956 -167.0000000000
23016 -166.0000000000
23119 -165.0000000000
23187 -164.0000000000
23199 -163.0000000000
23245 -161.0000000000
23304 -160.0000000000
23354 -159.0000000000
23478 -158.0000000000
23528 -156.0000000000
23570 -155.0000000000
23613 -154.0000000000
23655 -153.0000000000
23682 -152.0000000000
23738 -151.0000000000
23779 -150.0000000000
23807 -149.0000000000
23816 -148.0000000000
23946 -146.0000000000
23977 -145.0000000000
24043 -144.0000000000
24078 -143.0000000000
24091 -142.0000000000
24111 -141.0000000000
24140 -140.0000000000
24189 -137.0000000000
24308 -136.0000000000
24330 -135.0000000000
24507 -133.0000000000
24606 -132.0000000000
24672 -130.0000000000
24892 -129.0000000000
24999 -128.0000000000
25001 -127.0000000000
25031 -126.0000000000
25051 -125.0000000000
25087 -123.0000000000
25152 -122.0000000000
25184 -121.0000000000
25231 -119.0000000000
25337 -118.0000000000
25348 -116.0000000000
25372 -114.0000000000
25440 -113.0000000000
25477 -112.0000000000
25520 -111.0000000000
25591 -110.0000000000
25592 -109.0000000000
25617 -108.0000000000
25652 -107.0000000000
25663 -106.0000000000
25715 -104.0000000000
25918 -103.0000000000
25944 -102.0000000000
26033 -101.0000000000
26078 -100.0000000000
26086 -99.0000000000
26141 -98.0000000000
26191 -97.0000000000
26258 -96.0000000000
26296 -95.0000000000
26345 -94.0000000000
26368 -93.0000000000
26442 -92.0000000000
26479 -91.0000000000
26597 -89.0000000000
26680 -88.0000000000
26754 -87.0000000000
26804 -86.0000000000
26807 -85.0000000000
26860 -84.0000000000
26875 -83.0000000000
26952 -82.0000000000
26962 -81.0000000000
27017 -80.0000000000
27052 -79.0000000000
27120 -78.0000000000
27131 -77.0000000000
27221 -76.0000000000
27243 -73.0000000000
27309 -72.0000000000
27316 -71.0000000000
27426 -70.0000000000
27524 -69.0000000000
27622 -68.0000000000
27705 -67.0000000000
27719 -66.0000000000
27880 -65.0000000000
27996 -64.0000000000
28062 -63.0000000000
28123 -61.0000000000
28148 -60.0000000000
28176 -59.0000000000
28203 -58.0000000000
28283 -57.0000000000
28324 -56.0000000000
28353 -55.0000000000
28383 -54.0000000000
28468 -52.0000000000
28651 -51.0000000000
28708 -50.0000000000
28733 -49.0000000000
28944 -48.0000000000
29146 -47.0000000000
29402 -46.0000000000
29406 -45.0000000000
29496 -44.0000000000
29570 -43.0000000000
29667 -41.0000000000
29785 -40.0000000000
29807 -39.0000000000
29932 -38.0000000000
29990 -37.0000000000
30061 -36.0000000000
30093 -34.0000000000
30205 -33.0000000000
30235 -32.0000000000
30313 -31.0000000000
30417 -29.0000000000
30526 -28.0000000000
30710 -27.0000000000
30871 -26.0000000000
30883 -25.0000000000
31182 -24.0000000000
31216 -23.0000000000
31400 -22.0000000000
31470 -21.0000000000
31503 -20.0000000000
31828 -18.0000000000
32136 -17.0000000000
32225 -16.0000000000
32309 -15.0000000000
32765 -14.0000000000
33668 -13.0000000000
33793 -12.0000000000
34155 -10.0000000000
34874 -9.0000000000
35111 -8.0000000000
35611 -6.0000000000
35758 -5.0000000000
35966 -3.0000000000
36544 -1.0000000000
38794 118.7200000000
38857 142.9300000000
39310 263.8500000000
39552 287.1700000000
40598 290.5600000000
40736 292.7000000000
40854 294.6100000000
40949 295.4200000000
41160 296.1100000000
41347 299.4500000000
41616 305.1400000000
43278 305.4000000000
43380 306.1900000000
44215 379.3500000000
44631 381.7500000000
44766 387.9300000000
44931 395.2600000000
45004 401.7800000000
47072 406.8700000000
55016 407.6400000000
56084 408.9700000000
58048 508.4600000000
60985 519.3100000000
62483 525.1000000000
62546 526.2800000000
62572 527.6200000000
63926 534.9200000000
64337 536.5200000000
64482 538.4600000000
64502 543.1600000000
64565 543.1900000000
64570 548.2900000000
64790 550.6100000000
65699 551.2400000000
66435 556.6600000000
67467 563.7900000000
71358 662.8400000000
82262 675.6300000000
82275 682.7600000000
82338 684.4000000000
82844 686.6300000000
84348 689.5900000000
86322 691.2300000000
92020 696.7200000000
96557 775.8100000000
97771 806.2100000000
100000 -1.0000000000
evaluations raw_y
1 -1991.0000000000
2 -1988.0000000000
4 -1958.0000000000
11 -1957.0000000000
23 -1956.0000000000
27 -1943.0000000000
38 -1941.0000000000
45 -1924.0000000000
59 -1923.0000000000
66 -1909.0000000000
72 -1908.0000000000
77 -1906.0000000000
82 -1882.0000000000
91 -1875.0000000000
102 -1874.0000000000
113 -1873.0000000000
118 -1872.0000000000
119 -1858.0000000000
121 -1857.0000000000
136 -1856.0000000000
145 -1855.0000000000
147 -1854.0000000000
151 -1849.0000000000
164 -1844.0000000000
168 -1839.0000000000
183 -1837.0000000000
191 -1836.0000000000
202 -1835.0000000000
205 -1834.0000000000
214 -1833.0000000000
225 -1832.0000000000
226 -1829.0000000000
249 -1828.0000000000
252 -1826.0000000000
262 -1825.0000000000
271 -1824.0000000000
283 -1823.0000000000
293 -1822.0000000000
295 -1820.0000000000
304 -1819.0000000000
324 -1818.0000000000
327 -1815.0000000000
333 -1813.0000000000
341 -1812.0000000000
349 -1808.0000000000
378 -1807.0000000000
384 -1806.0000000000
402 -1804.0000000000
412 -1803.0000000000
414 -1802.0000000000
429 -1801.0000000000
442 -1800.0000000000
447 -1798.0000000000
460 -1795.0000000000
472 -1793.0000000000
490 -1790.0000000000
513 -1789.0000000000
523 -1788.0000000000
525 -1787.0000000000
536 -1786.0000000000
542 -1785.0000000000
548 -1783.0000000000
570 -1782.0000000000
573 -1781.0000000000
585 -1778.0000000000
593 -1775.0000000000
609 -1772.0000000000
622 -1771.0000000000
638 -1770.0000000000
639 -1768.0000000000
654 -1767.0000000000
666 -1766.0000000000
674 -1765.0000000000
691 -1761.0000000000
702 -1759.0000000000
714 -1757.0000000000
732 -1756.0000000000
750 -1755.0000000000
751 -1754.0000000000
761 -1752.0000000000
777 -1749.0000000000
801 -1747.0000000000
811 -1745.0000000000
827 -1744.0000000000
831 -1742.0000000000
845 -1739.0000000000
876 -1738.0000000000
888 -1736.0000000000
894 -1735.0000000000
908 -1734.0000000000
917 -1733.0000000000
927 -1732.0000000000
940 -1731.0000000000
945 -1730.0000000000
954 -1729.0000000000
964 -1727.0000000000
978 -1724.0000000000
998 -1723.0000000000
1002 -1722.0000000000
1011 -1721.0000000000
1020 -1720.0000000000
1030 -1719.0000000000
1036 -1718.0000000000
1043 -1717.0000000000
1045 -1715.0000000000
1066 -1713.0000000000
1085 -1712.0000000000
1093 -1711.0000000000
1105 -1708.0000000000
1118 -1707.0000000000
1120 -1705.0000000000
1134 -1704.0000000000
1143 -1703.0000000000
1152 -1700.0000000000
1161 -1699.0000000000
1173 -1695.0000000000
1215 -1694.0000000000
1223 -1693.0000000000
1235 -1692.0000000000
1240 -1691.0000000000
1242 -1688.0000000000
1260 -1687.0000000000
1263 -1686.0000000000
1276 -1684.0000000000
1283 -1683.0000000000
1292 -1682.0000000000
1298 -1681.0000000000
1302 -1680.0000000000
1316 -1679.0000000000
1323 -1678.0000000000
1324 -1677.0000000000
1338 -1673.0000000000
1359 -1672.0000000000
1361 -1671.0000000000
1373 -1670.0000000000
1383 -1669.0000000000
1384 -1668.0000000000
1394 -1667.0000000000
1397 -1665.0000000000
1411 -1662.0000000000
1449 -1661.0000000000
1459 -1660.0000000000
1463 -1659.0000000000
1466 -1658.0000000000
1478 -1656.0000000000
1501 -1655.0000000000
1513 -1653.0000000000
1524 -1652.0000000000
1535 -1651.0000000000
1542 -1650.0000000000
1551 -1649.0000000000
1552 -1647.0000000000
1581 -1646.0000000000
1583 -1645.0000000000
1590 -1643.0000000000
1591 -1641.0000000000
1601 -1640.0000000000
1611 -1638.0000000000
1618 -1636.0000000000
1628 -1632.0000000000
1631 -1631.0000000000
1643 -1630.0000000000
1653 -1629.0000000000
1655 -1628.0000000000
1662 -1627.0000000000
1677 -1626.0000000000
1686 -1625.0000000000
1697 -1622.0000000000
1727 -1621.0000000000
1731 -1619.0000000000
1751 -1617.0000000000
1766 -1615.0000000000
1780 -1614.0000000000
1781 -1612.0000000000
1801 -1611.0000000000
1811 -1610.0000000000
1833 -1608.0000000000
1851 -1607.0000000000
1873 -1606.0000000000
1885 -1605.0000000000
1886 -1603.0000000000
1896 -1602.0000000000
1917 -1601.0000000000
1921 -1600.0000000000
1929 -1599.0000000000
1938 -1597.0000000000
1949 -1596.0000000000
1959 -1595.0000000000
1963 -1594.0000000000
1965 -1593.0000000000
1977 -1588.0000000000
2003 -1586.0000000000
2035 -1585.0000000000
2045 -1582.0000000000
2055 -1581.0000000000
2069 -1580.0000000000
2085 -1579.0000000000
2094 -1578.0000000000
2118 -1577.0000000000
2127 -1575.0000000000
2141 -1574.0000000000
2151 -1573.0000000000
2153 -1571.0000000000
2176 -1569.0000000000
2178 -1567.0000000000
2183 -1564.0000000000
2212 -1563.0000000000
2214 -1560.0000000000
2237 -1559.0000000000
2259 -1558.0000000000
2271 -1556.0000000000
2287 -1555.0000000000
2295 -1554.0000000000
2298 -1552.0000000000
2319 -1551.0000000000
2323 -1548.0000000000
2356 -1545.0000000000
2370 -1544.0000000000
2385 -1542.0000000000
2409 -1541.0000000000
2422 -1540.0000000000
2425 -1539.0000000000
2434 -1537.0000000000
2450 -1535.0000000000
2454 -1533.0000000000
2461 -1531.0000000000
2484 -1529.0000000000
2502 -1527.0000000000
2530 -1526.0000000000
2533 -1524.0000000000
2547 -1523.0000000000
2557 -1522.0000000000
2561 -1521.0000000000
2593 -1520.0000000000
2602 -1519.0000000000
2612 -1518.0000000000
2622 -1514.0000000000
2635 -1513.0000000000
2641 -1512.0000000000
2657 -1510.0000000000
2685 -1509.0000000000
2687 -1508.0000000000
2692 -1505.0000000000
2702 -1504.0000000000
2720 -1503.0000000000
2731 -1501.0000000000
2751 -1500.0000000000
2753 -1498.0000000000
2763 -1497.0000000000
2779 -1496.0000000000
2786 -1495.0000000000
2801 -1493.0000000000
2819 -1492.0000000000
2829 -1486.0000000000
2865 -1485.0000000000
2881 -1483.0000000000
2893 -1482.0000000000
2898 -1481.0000000000
2909 -1479.0000000000
2921 -1478.0000000000
2938 -1477.0000000000
2942 -1476.0000000000
2952 -1475.0000000000
2962 -1473.0000000000
2974 -1472.0000000000
2976 -1470.0000000000
2993 -1469.0000000000
3006 -1468.0000000000
3014 -1467.0000000000
3023 -1466.0000000000
3045 -1465.0000000000
3054 -1462.0000000000
3066 -1461.0000000000
3090 -1460.0000000000
3094 -1459.0000000000
3117 -1458.0000000000
3135 -1457.0000000000
3141 -1456.0000000000
3159 -1451.0000000000
3175 -1448.0000000000
3194 -1447.0000000000
3202 -1445.0000000000
3219 -1443.0000000000
3221 -1442.0000000000
3243 -1441.0000000000
3258 -1440.0000000000
3271 -1439.0000000000
3272 -1438.0000000000
3283 -1437.0000000000
3311 -1436.0000000000
3323 -1435.0000000000
3333 -1434.0000000000
3350 -1432.0000000000
3354 -1431.0000000000
3365 -1430.0000000000
3376 -1428.0000000000
3380 -1427.0000000000
3387 -1426.0000000000
3395 -1425.0000000000
3410 -1424.0000000000
3420 -1422.0000000000
3428 -1421.0000000000
3441 -1420.0000000000
3445 -1418.0000000000
3466 -1415.0000000000
3489 -1414.0000000000
3495 -1413.0000000000
3505 -1410.0000000000
3524 -1409.0000000000
3542 -1408.0000000000
3554 -1406.0000000000
3580 -1404.0000000000
3598 -1402.0000000000
3614 -1401.0000000000
3635 -1398.0000000000
3646 -1397.0000000000
3651 -1396.0000000000
3664 -1395.0000000000
3672 -1392.0000000000
3697 -1391.0000000000
3711 -1390.0000000000
3719 -1389.0000000000
3726 -1388.0000000000
3731 -1387.0000000000
3741 -1386.0000000000
3742 -1385.0000000000
3746 -1384.0000000000
3761 -1383.0000000000
3771 -1382.0000000000
3773 -1381.0000000000
3782 -1380.0000000000
3800 -1379.0000000000
3819 -1377.0000000000
3821 -1376.0000000000
3834 -1374.0000000000
3874 -1373.0000000000
3890 -1370.0000000000
3891 -1369.0000000000
3892 -1368.0000000000
3904 -1367.0000000000
3914 -1366.0000000000
3935 -1365.0000000000
3943 -1362.0000000000
3963 -1361.0000000000
3971 -1359.0000000000
3997 -1358.0000000000
4021 -1357.0000000000
4022 -1356.0000000000
4026 -1355.0000000000
4042 -1354.0000000000
4044 -1353.0000000000
4051 -1352.0000000000
4064 -1351.0000000000
4073 -1350.0000000000
4081 -1348.0000000000
4092 -1346.0000000000
4097 -1345.0000000000
4114 -1344.0000000000
4123 -1343.0000000000
4132 -1342.0000000000
4141 -1341.0000000000
4144 -1340.0000000000
4146 -1338.0000000000
4157 -1336.0000000000
4170 -1335.0000000000
4176 -1334.0000000000
4181 -1333.0000000000
4211 -1332.0000000000
4215 -1331.0000000000
4228 -1330.0000000000
4239 -1329.0000000000
4241 -1326.0000000000
4276 -1325.0000000000
4289 -1324.0000000000
4308 -1323.0000000000
4312 -1322.0000000000
4329 -1321.0000000000
4338 -1320.0000000000
4342 -1319.0000000000
4347 -1316.0000000000
4356 -1315.0000000000
4369 -1314.0000000000
4387 -1312.0000000000
4396 -1311.0000000000
4408 -1308.0000000000
4433 -1305.0000000000
4451 -1304.0000000000
4485 -1301.0000000000
4507 -1300.0000000000
4508 -1299.0000000000
4511 -1298.0000000000
4521 -1296.0000000000
4536 -1294.0000000000
4550 -1293.0000000000
4567 -1290.0000000000
4571 -1289.0000000000
4600 -1287.0000000000
4620 -1285.0000000000
4634 -1284.0000000000
4650 -1283.0000000000
4654 -1282.0000000000
4668 -1279.0000000000
4677 -1277.0000000000
4681 -1276.0000000000
4699 -1275.0000000000
4705 -1274.0000000000
4719 -1273.0000000000
4721 -1272.0000000000
4731 -1271.0000000000
4757 -1269.0000000000
4776 -1268.0000000000
4787 -1265.0000000000
4793 -1263.0000000000
4823 -1262.0000000000
4835 -1261.0000000000
4844 -1260.0000000000
4852 -1256.0000000000
4870 -1255.0000000000
4887 -1254.0000000000
4890 -1253.0000000000
4891 -1252.0000000000
4908 -1251.0000000000
4914 -1250.0000000000
4919 -1249.0000000000
4934 -1247.0000000000
4952 -1245.0000000000
4958 -1244.0000000000
4966 -1243.0000000000
4971 -1242.0000000000
5000 -1240.0000000000
5002 -1239.0000000000
5007 -1238.0000000000
5013 -1237.0000000000
5021 -1236.0000000000
5026 -1233.0000000000
5062 -1232.0000000000
5064 -1231.0000000000
5072 -1230.0000000000
5097 -1229.0000000000
5110 -1227.0000000000
5119 -1226.0000000000
5122 -1224.0000000000
5151 -1223.0000000000
5155 -1222.0000000000
5179 -1220.0000000000
5183 -1219.0000000000
5189 -1218.0000000000
5194 -1217.0000000000
5214 -1216.0000000000
5224 -1215.0000000000
5231 -1213.0000000000
5245 -1212.0000000000
5260 -1211.0000000000
5265 -1210.0000000000
5277 -1208.0000000000
5285 -1206.0000000000
5309 -1204.0000000000
5317 -1203.0000000000
5318 -1202.0000000000
5346 -1198.0000000000
5378 -1196.0000000000
5389 -1195.0000000000
5410 -1192.0000000000
5420 -1189.0000000000
5440 -1188.0000000000
5458 -1187.0000000000
5467 -1185.0000000000
5481 -1182.0000000000
5522 -1180.0000000000
5543 -1179.0000000000
5554 -1178.0000000000
5557 -1177.0000000000
5579 -1176.0000000000
5597 -1175.0000000000
5607 -1174.0000000000
5624 -1173.0000000000
5632 -1172.0000000000
5641 -1171.0000000000
5657 -1169.0000000000
5662 -1168.0000000000
5671 -1166.0000000000
5706 -1165.0000000000
5718 -1164.0000000000
5732 -1163.0000000000
5733 -1161.0000000000
5757 -1160.0000000000
5770 -1159.0000000000
5788 -1158.0000000000
5811 -1157.0000000000
5822 -1155.0000000000
5858 -1153.0000000000
5861 -1152.0000000000
5872 -1150.0000000000
5884 -1149.0000000000
5895 -1148.0000000000
5922 -1146.0000000000
5959 -1145.0000000000
5960 -1144.0000000000
5965 -1143.0000000000
5978 -1142.0000000000
5983 -1141.0000000000
5997 -1140.0000000000
6006 -1139.0000000000
6022 -1136.0000000000
6050 -1135.0000000000
6063 -1133.0000000000
6082 -1132.0000000000
6101 -1128.0000000000
6130 -1125.0000000000
6141 -1124.0000000000
6173 -1123.0000000000
6184 -1122.0000000000
6201 -1121.0000000000
6202 -1120.0000000000
6219 -1119.0000000000
6244 -1118.0000000000
6258 -1114.0000000000
6274 -1113.0000000000
6297 -1112.0000000000
6318 -1111.0000000000
6338 -1110.0000000000
6348 -1108.0000000000
6353 -1107.0000000000
6377 -1106.0000000000
6382 -1105.0000000000
6392 -1104.0000000000
6395 -1103.0000000000
6408 -1102.0000000000
6417 -1101.0000000000
6443 -1100.0000000000
6462 -1099.0000000000
6466 -1098.0000000000
6484 -1097.0000000000
6499 -1095.0000000000
6520 -1094.0000000000
6529 -1091.0000000000
6546 -1090.0000000000
6565 -1089.0000000000
6571 -1088.0000000000
6586 -1087.0000000000
6592 -1086.0000000000
6595 -1085.0000000000
6622 -1083.0000000000
6632 -1082.0000000000
6633 -1081.0000000000
6671 -1079.0000000000
6702 -1078.0000000000
6703 -1074.0000000000
6749 -1073.0000000000
6752 -1072.0000000000
6761 -1070.0000000000
6792 -1069.0000000000
6794 -1067.0000000000
6813 -1065.0000000000
6821 -1064.0000000000
6835 -1063.0000000000
6842 -1061.0000000000
6854 -1060.0000000000
6861 -1058.0000000000
6885 -1057.0000000000
6891 -1056.0000000000
6906 -1055.0000000000
6912 -1052.0000000000
6955 -1051.0000000000
6960 -1050.0000000000
6982 -1049.0000000000
6984 -1048.0000000000
7001 -1047.0000000000
7016 -1046.0000000000
7022 -1042.0000000000
7031 -1041.0000000000
7061 -1039.0000000000
7100 -1038.0000000000
7103 -1036.0000000000
7122 -1034.0000000000
7137 -1033.0000000000
7144 -1032.0000000000
7182 -1030.0000000000
7209 -1029.0000000000
7228 -1025.0000000000
7249 -1024.0000000000
7254 -1023.0000000000
7273 -1022.0000000000
7290 -1019.0000000000
7318 -1018.0000000000
7327 -1017.0000000000
7333 -1016.0000000000
7342 -1015.0000000000
7352 -1014.0000000000
7371 -1013.0000000000
7381 -1010.0000000000
7418 -1008.0000000000
7438 -1006.0000000000
7456 -1003.0000000000
7482 -1001.0000000000
7501 -1000.0000000000
7504 -998.0000000000
7517 -997.0000000000
7522 -996.0000000000
7568 -994.0000000000
7585 -993.0000000000
7588 -992.0000000000
7603 -991.0000000000
7606 -990.0000000000
7608 -989.0000000000
7637 -988.0000000000
7668 -987.0000000000
7671 -986.0000000000
7710 -983.0000000000
7729 -982.0000000000
7743 -981.0000000000
7763 -980.0000000000
7779 -979.0000000000
7787 -978.0000000000
7792 -976.0000000000
7821 -975.0000000000
7822 -973.0000000000
7843 -972.0000000000
7847 -971.0000000000
7853 -970.0000000000
7866 -969.0000000000
7873 -968.0000000000
7895 -967.0000000000
7912 -965.0000000000
7921 -964.0000000000
7940 -963.0000000000
7958 -962.0000000000
7961 -959.0000000000
8015 -956.0000000000
8027 -955.0000000000
8040 -954.0000000000
8062 -953.0000000000
8066 -952.0000000000
8096 -951.0000000000
8120 -950.0000000000
8122 -949.0000000000
8140 -948.0000000000
8141 -946.0000000000
8161 -945.0000000000
8179 -944.0000000000
8191 -943.0000000000
8208 -940.0000000000
8245 -939.0000000000
8256 -938.0000000000
8258 -936.0000000000
8285 -935.0000000000
8323 -934.0000000000
8328 -932.0000000000
8338 -931.0000000000
8351 -930.0000000000
8373 -929.0000000000
8393 -928.0000000000
8408 -927.0000000000
8411 -926.0000000000
8437 -924.0000000000
8483 -923.0000000000
8484 -922.0000000000
8501 -921.0000000000
8523 -920.0000000000
8534 -918.0000000000
8577 -917.0000000000
8585 -916.0000000000
8601 -915.0000000000
8619 -914.0000000000
8636 -912.0000000000
8651 -911.0000000000
8659 -909.0000000000
8677 -908.0000000000
8689 -907.0000000000
8716 -905.0000000000
8728 -904.0000000000
8732 -903.0000000000
8763 -901.0000000000
8767 -900.0000000000
8776 -899.0000000000
8801 -896.0000000000
8821 -893.0000000000
8840 -892.0000000000
8858 -891.0000000000
8880 -890.0000000000
8898 -889.0000000000
8902 -886.0000000000
8939 -885.0000000000
8953 -883.0000000000
8980 -882.0000000000
8983 -881.0000000000
9004 -879.0000000000
9032 -878.0000000000
9043 -877.0000000000
9059 -874.0000000000
9084 -873.0000000000
9101 -872.0000000000
9122 -869.0000000000
9151 -866.0000000000
9203 -865.0000000000
9237 -864.0000000000
9242 -863.0000000000
9257 -862.0000000000
9279 -860.0000000000
9292 -859.0000000000
9304 -858.0000000000
9331 -857.0000000000
9341 -856.0000000000
9353 -855.0000000000
9364 -854.0000000000
9382 -853.0000000000
9400 -852.0000000000
9401 -851.0000000000
9416 -850.0000000000
9425 -849.0000000000
9433 -848.0000000000
9448 -846.0000000000
9471 -844.0000000000
9483 -843.0000000000
9500 -842.0000000000
9527 -840.0000000000
9548 -839.0000000000
9556 -838.0000000000
9579 -837.0000000000
9591 -836.0000000000
9606 -835.0000000000
9639 -834.0000000000
9646 -833.0000000000
9671 -831.0000000000
9687 -830.0000000000
9696 -829.0000000000
9722 -828.0000000000
9731 -827.0000000000
9771 -826.0000000000
9773 -825.0000000000
9801 -823.0000000000
9817 -821.0000000000
9834 -819.0000000000
9845 -818.0000000000
9861 -815.0000000000
9887 -814.0000000000
9891 -813.0000000000
9918 -810.0000000000
9945 -808.0000000000
9959 -805.0000000000
9988 -804.0000000000
9989 -803.0000000000
9993 -802.0000000000
10042 -801.0000000000
10059 -800.0000000000
10080 -799.0000000000
10105 -797.0000000000
10133 -796.0000000000
10172 -793.0000000000
10203 -792.0000000000
10212 -791.0000000000
10216 -790.0000000000
10239 -789.0000000000
10245 -787.0000000000
10265 -786.0000000000
10281 -785.0000000000
10283 -784.0000000000
10290 -782.0000000000
10300 -781.0000000000
10322 -779.0000000000
10349 -778.0000000000
10363 -777.0000000000
10371 -776.0000000000
10386 -775.0000000000
10392 -773.0000000000
10412 -772.0000000000
10423 -770.0000000000
10424 -769.0000000000
10451 -768.0000000000
10466 -767.0000000000
10471 -766.0000000000
10492 -765.0000000000
10525 -764.0000000000
10532 -763.0000000000
10552 -762.0000000000
10566 -760.0000000000
10607 -759.0000000000
10612 -758.0000000000
10621 -756.0000000000
10653 -755.0000000000
10663 -754.0000000000
10677 -753.0000000000
10702 -750.0000000000
10769 -749.0000000000
10791 -747.0000000000
10830 -742.0000000000
10852 -741.0000000000
10916 -740.0000000000
10930 -739.0000000000
10949 -738.0000000000
10959 -737.0000000000
10977 -733.0000000000
11022 -731.0000000000
11042 -726.0000000000
11082 -725.0000000000
11092 -724.0000000000
11122 -723.0000000000
11142 -722.0000000000
11167 -721.0000000000
11178 -719.0000000000
11195 -716.0000000000
11213 -715.0000000000
11222 -714.0000000000
11231 -713.0000000000
11261 -712.0000000000
11271 -711.0000000000
11302 -710.0000000000
11327 -709.0000000000
11355 -707.0000000000
11356 -704.0000000000
11396 -703.0000000000
11417 -702.0000000000
11434 -701.0000000000
11463 -699.0000000000
11481 -698.0000000000
11496 -696.0000000000
11516 -695.0000000000
11523 -694.0000000000
11531 -693.0000000000
11560 -692.0000000000
11575 -689.0000000000
11625 -688.0000000000
11647 -687.0000000000
11653 -686.0000000000
11686 -685.0000000000
11694 -683.0000000000
11724 -682.0000000000
11749 -681.0000000000
11788 -680.0000000000
11801 -679.0000000000
11812 -677.0000000000
11842 -676.0000000000
11852 -675.0000000000
11854 -673.0000000000
11857 -672.0000000000
11877 -671.0000000000
11882 -670.0000000000
11921 -669.0000000000
11922 -668.0000000000
11945 -667.0000000000
11962 -666.0000000000
11976 -665.0000000000
11994 -664.0000000000
12024 -663.0000000000
12033 -660.0000000000
12048 -659.0000000000
12077 -658.0000000000
12101 -657.0000000000
12107 -656.0000000000
12151 -655.0000000000
12163 -654.0000000000
12177 -653.0000000000
12188 -651.0000000000
12231 -650.0000000000
12257 -649.0000000000
12277 -648.0000000000
12293 -647.0000000000
12310 -646.0000000000
12317 -645.0000000000
12324 -644.0000000000
12353 -643.0000000000
12359 -642.0000000000
12380 -641.0000000000
12403 -639.0000000000
12437 -638.0000000000
12475 -636.0000000000
12484 -634.0000000000
12514 -631.0000000000
12545 -630.0000000000
12561 -629.0000000000
12602 -628.0000000000
12623 -627.0000000000
12647 -625.0000000000
12683 -623.0000000000
12747 -621.0000000000
12764 -620.0000000000
12793 -618.0000000000
12828 -616.0000000000
12831 -615.0000000000
12853 -614.0000000000
12861 -613.0000000000
12892 -612.0000000000
12909 -611.0000000000
12925 -608.0000000000
13002 -607.0000000000
13027 -606.0000000000
13045 -605.0000000000
13053 -604.0000000000
13099 -603.0000000000
13105 -602.0000000000
13106 -601.0000000000
13122 -600.0000000000
13159 -599.0000000000
13181 -598.0000000000
13198 -597.0000000000
13214 -596.0000000000
13237 -595.0000000000
13238 -594.0000000000
13259 -592.0000000000
13281 -590.0000000000
13324 -589.0000000000
13326 -587.0000000000
13331 -586.0000000000
13364 -585.0000000000
13367 -584.0000000000
13393 -583.0000000000
13423 -580.0000000000
13446 -579.0000000000
13458 -578.0000000000
13492 -576.0000000000
13511 -575.0000000000
13537 -574.0000000000
13554 -573.0000000000
13584 -572.0000000000
13619 -571.0000000000
13629 -570.0000000000
13637 -568.0000000000
13646 -566.0000000000
13665 -565.0000000000
13705 -564.0000000000
13721 -563.0000000000
13725 -562.0000000000
13750 -561.0000000000
13754 -560.0000000000
13798 -559.0000000000
13813 -558.0000000000
13825 -557.0000000000
13861 -556.0000000000
13863 -554.0000000000
13873 -553.0000000000
13885 -552.0000000000
13891 -551.0000000000
13930 -550.0000000000
13945 -549.0000000000
13953 -548.0000000000
13958 -547.0000000000
13974 -546.0000000000
13992 -545.0000000000
14002 -543.0000000000
14024 -542.0000000000
14049 -541.0000000000
14059 -540.0000000000
14072 -539.0000000000
14086 -538.0000000000
14102 -537.0000000000
14115 -535.0000000000
14170 -534.0000000000
14179 -533.0000000000
14183 -532.0000000000
14186 -531.0000000000
14196 -530.0000000000
14217 -529.0000000000
14251 -528.0000000000
14281 -526.0000000000
14300 -525.0000000000
14309 -523.0000000000
14343 -522.0000000000
14348 -521.0000000000
14391 -520.0000000000
14421 -518.0000000000
14438 -517.0000000000
14467 -516.0000000000
14478 -514.0000000000
14482 -513.0000000000
14547 -512.0000000000
14557 -511.0000000000
14596 -510.0000000000
14616 -509.0000000000
14638 -508.0000000000
14667 -507.0000000000
14680 -506.0000000000
14686 -505.0000000000
14702 -504.0000000000
14737 -503.0000000000
14742 -500.0000000000
14770 -499.0000000000
14808 -498.0000000000
14827 -497.0000000000
14846 -496.0000000000
14855 -495.0000000000
14906 -494.0000000000
14929 -493.0000000000
14958 -491.0000000000
14974 -490.0000000000
14997 -489.0000000000
15006 -486.0000000000
15067 -485.0000000000
15084 -483.0000000000
15110 -482.0000000000
15171 -481.0000000000
15193 -480.0000000000
15208 -479.0000000000
15245 -478.0000000000
15252 -475.0000000000
15283 -474.0000000000
15323 -472.0000000000
15347 -470.0000000000
15378 -469.0000000000
15419 -468.0000000000
15443 -467.0000000000
15498 -466.0000000000
15531 -465.0000000000
15534 -463.0000000000
15554 -462.0000000000
15576 -461.0000000000
15580 -459.0000000000
15591 -458.0000000000
15610 -456.0000000000
15657 -455.0000000000
15663 -454.0000000000
15684 -453.0000000000
15701 -452.0000000000
15722 -451.0000000000
15733 -450.0000000000
15791 -449.0000000000
15804 -448.0000000000
15854 -446.0000000000
15886 -445.0000000000
15900 -444.0000000000
15909 -443.0000000000
15942 -442.0000000000
15958 -441.0000000000
15976 -440.0000000000
16003 -439.0000000000
16018 -436.0000000000
16028 -435.0000000000
16064 -434.0000000000
16088 -433.0000000000
16098 -432.0000000000
16104 -431.0000000000
16159 -430.0000000000
16180 -429.0000000000
16211 -426.0000000000
16222 -425.0000000000
16239 -424.0000000000
16262 -423.0000000000
16288 -422.0000000000
16347 -421.0000000000
16362 -420.0000000000
16378 -419.0000000000
16418 -418.0000000000
16432 -417.0000000000
16454 -416.0000000000
16485 -415.0000000000
16522 -414.0000000000
16534 -413.0000000000
16567 -410.0000000000
16582 -409.0000000000
16604 -406.0000000000
16615 -405.0000000000
16622 -403.0000000000
16636 -401.0000000000
16651 -400.0000000000
16689 -399.0000000000
16705 -398.0000000000
16718 -397.0000000000
16755 -394.0000000000
16808 -393.0000000000
16809 -392.0000000000
16858 -391.0000000000
16877 -390.0000000000
16882 -389.0000000000
16967 -388.0000000000
17004 -387.0000000000
17012 -386.0000000000
17036 -384.0000000000
17085 -382.0000000000
17102 -380.0000000000
17144 -379.0000000000
17145 -378.0000000000
17169 -377.0000000000
17178 -376.0000000000
17204 -375.0000000000
17214 -374.0000000000
17236 -373.0000000000
17267 -372.0000000000
17288 -371.0000000000
17301 -369.0000000000
17332 -368.0000000000
17414 -367.0000000000
17453 -366.0000000000
17465 -365.0000000000
17486 -362.0000000000
17553 -360.0000000000
17586 -359.0000000000
17645 -358.0000000000
17682 -357.0000000000
17736 -356.0000000000
17776 -355.0000000000
17815 -354.0000000000
17829 -353.0000000000
17852 -352.0000000000
17893 -351.0000000000
17911 -350.0000000000
17923 -349.0000000000
17964 -348.0000000000
18005 -347.0000000000
18019 -344.0000000000
18097 -343.0000000000
18103 -342.0000000000
18116 -341.0000000000
18162 -340.0000000000
18179 -336.0000000000
18261 -335.0000000000
18295 -334.0000000000
18334 -333.0000000000
18347 -332.0000000000
18372 -331.0000000000
18422 -330.0000000000
18468 -329.0000000000
18497 -328.0000000000
18513 -326.0000000000
18545 -325.0000000000
18563 -324.0000000000
18617 -322.0000000000
18667 -321.0000000000
18715 -320.0000000000
18729 -319.0000000000
18732 -318.0000000000
18742 -317.0000000000
18756 -316.0000000000
18820 -315.0000000000
18855 -314.0000000000
18906 -313.0000000000
18907 -311.0000000000
18942 -310.0000000000
18946 -309.0000000000
18973 -308.0000000000
18993 -307.0000000000
19021 -306.0000000000
19080 -304.0000000000
19109 -303.0000000000
19130 -302.0000000000
19152 -301.0000000000
19161 -300.0000000000
19203 -299.0000000000
19223 -298.0000000000
19268 -297.0000000000
19307 -296.0000000000
19322 -295.0000000000
19357 -294.0000000000
19388 -293.0000000000
19405 -292.0000000000
19413 -291.0000000000
19442 -290.0000000000
19456 -289.0000000000
19517 -288.0000000000
19539 -287.0000000000
19560 -286.0000000000
19624 -285.0000000000
19647 -282.0000000000
19694 -281.0000000000
19743 -280.0000000000
19766 -279.0000000000
19833 -278.0000000000
19854 -277.0000000000
19886 -276.0000000000
19894 -275.0000000000
19930 -274.0000000000
19954 -272.0000000000
19977 -271.0000000000
20002 -269.0000000000
20032 -267.0000000000
20063 -266.0000000000
20082 -265.0000000000
20129 -264.0000000000
20157 -263.0000000000
20166 -262.0000000000
20201 -261.0000000000
20252 -260.0000000000
20262 -259.0000000000
20303 -258.0000000000
20335 -257.0000000000
20370 -256.0000000000
20396 -255.0000000000
20422 -254.0000000000
20490 -253.0000000000
20541 -252.0000000000
20595 -251.0000000000
20612 -250.0000000000
20650 -248.0000000000
20681 -247.0000000000
20722 -246.0000000000
20753 -245.0000000000
20774 -244.0000000000
20838 -243.0000000000
20891 -242.0000000000
20937 -241.0000000000
20978 -240.0000000000
20982 -238.0000000000
21025 -237.0000000000
21035 -236.0000000000
21043 -234.0000000000
21071 -233.0000000000
21106 -232.0000000000
21144 -231.0000000000
21154 -230.0000000000
21288 -229.0000000000
21311 -228.0000000000
21369 -226.0000000000
21398 -225.0000000000
21436 -224.0000000000
21506 -222.0000000000
21564 -221.0000000000
21570 -220.0000000000
21648 -218.0000000000
21690 -217.0000000000
21767 -216.0000000000
21772 -215.0000000000
21781 -214.0000000000
21823 -213.0000000000
21864 -211.0000000000
21926 -210.0000000000
21969 -209.0000000000
22002 -208.0000000000
22012 -207.0000000000
22021 -206.0000000000
22034 -205.0000000000
22045 -203.0000000000
22075 -202.0000000000
22103 -201.0000000000
22160 -200.0000000000
22198 -199.0000000000
22262 -198.0000000000
22308 -197.0000000000
22380 -196.0000000000
22419 -195.0000000000
22441 -194.0000000000
22468 -193.0000000000
22471 -192.0000000000
22567 -191.0000000000
22595 -190.0000000000
22596 -189.0000000000
22623 -188.0000000000
22703 -186.0000000000
22805 -184.0000000000
22827 -183.0000000000
22877 -182.0000000000
22895 -181.0000000000
22939 -180.0000000000
22992 -179.0000000000
23074 -177.0000000000
23110 -176.0000000000
23148 -175.0000000000
23190 -173.0000000000
23294 -172.0000000000
23383 -171.0000000000
23400 -170.0000000000
23439 -168.0000000000
23490 -167.0000000000
23566 -166.0000000000
23597 -165.0000000000
23618 -164.0000000000
23642 -162.0000000000
23686 -161.0000000000
23714 -159.0000000000
23776 -157.0000000000
23824 -155.0000000000
23879 -154.0000000000
23932 -153.0000000000
23984 -152.0000000000
24026 -151.0000000000
24110 -149.0000000000
24142 -148.0000000000
24221 -147.0000000000
24325 -146.0000000000
24382 -145.0000000000
24427 -144.0000000000
24451 -143.0000000000
24493 -142.0000000000
24516 -141.0000000000
24537 -140.0000000000
24561 -139.0000000000
24587 -138.0000000000
24633 -136.0000000000
24704 -135.0000000000
24792 -133.0000000000
24856 -132.0000000000
24980 -131.0000000000
25043 -129.0000000000
25083 -128.0000000000
25153 -127.0000000000
25184 -126.0000000000
25219 -125.0000000000
25372 -124.0000000000
25409 -123.0000000000
25442 -122.0000000000
25454 -121.0000000000
25483 -120.0000000000
25515 -119.0000000000
25543 -118.0000000000
25605 -117.0000000000
25649 -116.0000000000
25695 -114.0000000000
25852 -113.0000000000
25866 -112.0000000000
25924 -111.0000000000
25966 -110.0000000000
25974 -109.0000000000
26050 -108.0000000000
26097 -107.0000000000
26176 -106.0000000000
26217 -105.0000000000
26405 -104.0000000000
26523 -103.0000000000
26594 -102.0000000000
26667 -101.0000000000
26674 -100.0000000000
26733 -99.0000000000
26800 -98.0000000000
26802 -96.0000000000
26878 -95.0000000000
26892 -94.0000000000
26921 -93.0000000000
27013 -92.0000000000
27098 -91.0000000000
27136 -90.0000000000
27144 -89.0000000000
27193 -88.0000000000
27427 -87.0000000000
27541 -86.0000000000
27546 -85.0000000000
27572 -84.0000000000
27634 -83.0000000000
27678 -82.0000000000
27702 -81.0000000000
27824 -80.0000000000
27883 -78.0000000000
27954 -77.0000000000
28010 -76.0000000000
28143 -75.0000000000
28217 -74.0000000000
28281 -73.0000000000
28322 -72.0000000000
28361 -71.0000000000
28415 -69.0000000000
28512 -68.0000000000
28584 -66.0000000000
29029 -64.0000000000
29074 -63.0000000000
29101 -62.0000000000
29122 -61.0000000000
29155 -60.0000000000
29270 -59.0000000000
29311 -58.0000000000
29409 -57.0000000000
29535 -56.0000000000
29608 -54.0000000000
29617 -53.0000000000
29853 -52.0000000000
29988 -51.0000000000
30073 -49.0000000000
30137 -48.0000000000
30301 -47.0000000000
30353 -46.0000000000
30378 -45.0000000000
30482 -44.0000000000
30543 -42.0000000000
30689 -41.0000000000
30812 -40.0000000000
30969 -39.0000000000
31023 -38.0000000000
31075 -37.0000000000
31191 -36.0000000000
31206 -35.0000000000
31221 -34.0000000000
31237 -33.0000000000
31428 -32.0000000000
31681 -31.0000000000
31811 -30.0000000000
31971 -29.0000000000
32079 -28.0000000000
32271 -27.0000000000
32643 -25.0000000000
32897 -24.0000000000
33348 -23.0000000000
33590 -22.0000000000
33722 -21.0000000000
33772 -20.0000000000
34007 -19.0000000000
34247 -18.0000000000
34365 -17.0000000000
34576 -16.0000000000
35042 -15.0000000000
35119 -14.0000000000
35213 -13.0000000000
35314 -12.0000000000
35966 -11.0000000000
36686 -10.0000000000
36923 -8.0000000000
37092 -7.0000000000
37233 -6.0000000000
38079 -5.0000000000
38119 -4.0000000000
38644 -3.0000000000
39534 -2.0000000000
41313 -1.0000000000
41981 58.0900000000
42222 66.0400000000
42252 72.7400000000
42384 95.6300000000
42656 104.2100000000
42777 235.2400000000
43025 237.7700000000
43047 251.5900000000
43825 324.6700000000
46872 352.1400000000
46927 354.0500000000
47531 359.1100000000
50012 361.7400000000
50214 367.3300000000
51017 369.6200000000
51540 372.7100000000
51817 377.2300000000
52811 479.5900000000
53818 492.1600000000
53966 493.3400000000
54066 497.0400000000
54083 513.3300000000
57609 518.6800000000
59152 523.4900000000
60555 525.2700000000
64363 525.6300000000
67045 528.9600000000
68173 534.3100000000
69216 535.4300000000
69317 535.9900000000
69699 552.8900000000
69940 554.7000000000
69965 560.1700000000
70233 560.2100000000
70590 562.1900000000
70960 564.1000000000
72543 564.7600000000
74244 572.8200000000
75703 583.5600000000
77337 585.9600000000
77769 587.8900000000
77924 592.8900000000
81041 593.6800000000
81068 603.7800000000
81298 607.4100000000
81649 609.8000000000
81919 618.9300000000
85172 726.8800000000
100000 695.1600000000
evaluations raw_y
1 -2045.0000000000
2 -2021.0000000000
4 -2008.0000000000
5 -1981.0000000000
10 -1959.0000000000
17 -1958.0000000000
22 -1903.0000000000
37 -1900.0000000000
41 -1889.0000000000
61 -1888.0000000000
71 -1887.0000000000
74 -1883.0000000000
76 -1879.0000000000
80 -1873.0000000000
86 -1867.0000000000
93 -1864.0000000000
102 -1863.0000000000
107 -1861.0000000000
122 -1860.0000000000
129 -1859.0000000000
132 -1858.0000000000
161 -1857.0000000000
171 -1856.0000000000
173 -1853.0000000000
187 -1852.0000000000
192 -1851.0000000000
197 -1849.0000000000
212 -1847.0000000000
221 -1843.0000000000
234 -1842.0000000000
255 -1841.0000000000
269 -1838.0000000000
292 -1837.0000000000
301 -1835.0000000000
303 -1834.0000000000
311 -1833.0000000000
322 -1832.0000000000
334 -1831.0000000000
342 -1830.0000000000
361 -1829.0000000000
365 -1828.0000000000
377 -1827.0000000000
387 -1826.0000000000
398 -1825.0000000000
410 -1824.0000000000
416 -1822.0000000000
420 -1821.0000000000
425 -1820.0000000000
440 -1819.0000000000
452 -1818.0000000000
453 -1816.0000000000
463 -1815.0000000000
473 -1814.0000000000
484 -1813.0000000000
495 -1811.0000000000
503 -1810.0000000000
523 -1809.0000000000
527 -1807.0000000000
543 -1805.0000000000
551 -1804.0000000000
559 -1803.0000000000
571 -1802.0000000000
572 -1801.0000000000
587 -1800.0000000000
592 -1799.0000000000
597 -1798.0000000000
605 -1797.0000000000
612 -1796.0000000000
646 -1793.0000000000
667 -1792.0000000000
676 -1790.0000000000
704 -1789.0000000000
716 -1788.0000000000
719 -1787.0000000000
722 -1786.0000000000
732 -1785.0000000000
733 -1783.0000000000
742 -1780.0000000000
763 -1778.0000000000
786 -1775.0000000000
812 -1774.0000000000
813 -1771.0000000000
829 -1770.0000000000
832 -1768.0000000000
844 -1764.0000000000
865 -1763.0000000000
884 -1761.0000000000
893 -1760.0000000000
905 -1759.0000000000
909 -1758.0000000000
922 -1757.0000000000
935 -1756.0000000000
950 -1754.0000000000
951 -1753.0000000000
976 -1752.0000000000
981 -1751.0000000000
992 -1750.0000000000
1001 -1748.0000000000
1015 -1746.0000000000
1021 -1744.0000000000
1040 -1743.0000000000
1051 -1742.0000000000
1057 -1741.0000000000
1069 -1740.0000000000
1074 -1739.0000000000
1077 -1736.0000000000
1082 -1733.0000000000
1094 -1732.0000000000
1112 -1731.0000000000
1138 -1730.0000000000
1143 -1729.0000000000
1144 -1727.0000000000
1164 -1726.0000000000
1171 -1723.0000000000
1189 -1721.0000000000
1200 -1720.0000000000
1204 -1718.0000000000
1212 -1717.0000000000
1222 -1716.0000000000
1231 -1715.0000000000
1243 -1714.0000000000
1244 -1712.0000000000
1262 -1710.0000000000
1273 -1708.0000000000
1291 -1707.0000000000
1300 -1706.0000000000
1303 -1702.0000000000
1336 -1701.0000000000
1341 -1699.0000000000
1356 -1698.0000000000
1363 -1697.0000000000
1371 -1694.0000000000
1381 -1692.0000000000
1393 -1689.0000000000
1411 -1687.0000000000
1424 -1684.0000000000
1441 -1683.0000000000
1455 -1682.0000000000
1456 -1679.0000000000
1475 -1678.0000000000
1491 -1677.0000000000
1495 -1675.0000000000
1511 -1673.0000000000
1523 -1672.0000000000
1536 -1671.0000000000
1542 -1670.0000000000
1563 -1669.0000000000
1571 -1668.0000000000
1573 -1667.0000000000
1586 -1666.0000000000
1593 -1665.0000000000
1610 -1664.0000000000
1616 -1662.0000000000
1622 -1661.0000000000
1637 -1660.0000000000
1642 -1659.0000000000
1648 -1658.0000000000
1651 -1656.0000000000
1682 -1655.0000000000
1688 -1654.0000000000
1693 -1653.0000000000
1695 -1652.0000000000
1719 -1651.0000000000
1735 -1646.0000000000
1749 -1642.0000000000
1766 -1641.0000000000
1772 -1637.0000000000
1807 -1636.0000000000
1817 -1635.0000000000
1836 -1634.0000000000
1839 -1633.0000000000
1846 -1632.0000000000
1862 -1631.0000000000
1878 -1630.0000000000
1882 -1629.0000000000
1904 -1626.0000000000
1911 -1625.0000000000
1922 -1624.0000000000
1937 -1623.0000000000
1945 -1622.0000000000
1949 -1621.0000000000
1966 -1619.0000000000
1977 -1618.0000000000
1980 -1617.0000000000
1981 -1616.0000000000
1994 -1615.0000000000
1999 -1614.0000000000
2012 -1613.0000000000
2020 -1610.0000000000
2035 -1609.0000000000
2041 -1608.0000000000
2049 -1607.0000000000
2055 -1606.0000000000
2065 -1604.0000000000
2077 -1603.0000000000
2094 -1602.0000000000
2097 -1601.0000000000
2120 -1600.0000000000
2122 -1599.0000000000
2133 -1596.0000000000
2151 -1595.0000000000
2165 -1593.0000000000
2184 -1591.0000000000
2191 -1590.0000000000
2211 -1589.0000000000
2218 -1586.0000000000
2223 -1585.0000000000
2240 -1584.0000000000
2249 -1583.0000000000
2256 -1582.0000000000
2272 -1580.0000000000
2283 -1579.0000000000
2297 -1578.0000000000
2303 -1577.0000000000
2316 -1575.0000000000
2329 -1572.0000000000
2354 -1570.0000000000
2372 -1569.0000000000
2375 -1568.0000000000
2382 -1567.0000000000
2392 -1565.0000000000
2401 -1563.0000000000
2426 -1562.0000000000
2434 -1561.0000000000
2442 -1559.0000000000
2457 -1557.0000000000
2462 -1556.0000000000
2481 -1555.0000000000
2489 -1554.0000000000
2498 -1553.0000000000
2504 -1552.0000000000
2526 -1549.0000000000
2532 -1548.0000000000
2552 -1547.0000000000
2554 -1546.0000000000
2579 -1545.0000000000
2584 -1544.0000000000
2601 -1542.0000000000
2616 -1541.0000000000
2622 -1538.0000000000
2634 -1537.0000000000
2646 -1536.0000000000
2651 -1535.0000000000
2663 -1531.0000000000
2671 -1530.0000000000
2691 -1529.0000000000
2702 -1527.0000000000
2725 -1526.0000000000
2741 -1524.0000000000
2751 -1523.0000000000
2758 -1522.0000000000
2763 -1521.0000000000
2787 -1520.0000000000
2791 -1519.0000000000
2798 -1518.0000000000
2805 -1517.0000000000
2819 -1516.0000000000
2828 -1514.0000000000
2845 -1513.0000000000
2859 -1512.0000000000
2867 -1511.0000000000
2879 -1510.0000000000
2899 -1509.0000000000
2912 -1508.0000000000
2925 -1505.0000000000
2945 -1502.0000000000
2954 -1501.0000000000
2975 -1500.0000000000
2979 -1497.0000000000
3008 -1496.0000000000
3024 -1495.0000000000
3028 -1494.0000000000
3043 -1493.0000000000
3050 -1492.0000000000
3065 -1491.0000000000
3074 -1488.0000000000
3084 -1487.0000000000
3094 -1484.0000000000
3121 -1483.0000000000
3138 -1481.0000000000
3154 -1480.0000000000
3165 -1479.0000000000
3171 -1478.0000000000
3174 -1474.0000000000
3189 -1473.0000000000
3203 -1471.0000000000
3223 -1469.0000000000
3227 -1468.0000000000
3238 -1466.0000000000
3257 -1465.0000000000
3261 -1462.0000000000
3273 -1461.0000000000
3296 -1460.0000000000
3306 -1458.0000000000
3315 -1455.0000000000
3347 -1454.0000000000
3354 -1452.0000000000
3372 -1451.0000000000
3378 -1450.0000000000
3402 -1448.0000000000
3411 -1447.0000000000
3437 -1446.0000000000
3449 -1445.0000000000
3467 -1443.0000000000
3484 -1442.0000000000
3497 -1441.0000000000
3520 -1439.0000000000
3523 -1438.0000000000
3536 -1437.0000000000
3546 -1436.0000000000
3577 -1435.0000000000
3583 -1433.0000000000
3593 -1431.0000000000
3597 -1430.0000000000
3628 -1428.0000000000
3651 -1427.0000000000
3665 -1426.0000000000
3681 -1425.0000000000
3683 -1423.0000000000
3704 -1422.0000000000
3727 -1420.0000000000
3738 -1418.0000000000
3751 -1416.0000000000
3761 -1413.0000000000
3785 -1412.0000000000
3802 -1411.0000000000
3814 -1410.0000000000
3831 -1409.0000000000
3849 -1407.0000000000
3853 -1406.0000000000
3871 -1405.0000000000
3885 -1402.0000000000
3894 -1400.0000000000
3925 -1398.0000000000
3933 -1397.0000000000
3947 -1396.0000000000
3951 -1395.0000000000
3961 -1393.0000000000
3985 -1391.0000000000
3991 -1390.0000000000
4024 -1389.0000000000
4031 -1387.0000000000
4044 -1385.0000000000
4057 -1384.0000000000
4075 -1380.0000000000
4091 -1377.0000000000
4144 -1374.0000000000
4155 -1373.0000000000
4178 -1372.0000000000
4189 -1368.0000000000
4205 -1367.0000000000
4207 -1366.0000000000
4230 -1365.0000000000
4233 -1364.0000000000
4241 -1363.0000000000
4261 -1362.0000000000
4272 -1361.0000000000
4276 -1360.0000000000
4294 -1359.0000000000
4307 -1358.0000000000
4329 -1357.0000000000
4333 -1355.0000000000
4349 -1354.0000000000
4354 -1353.0000000000
4384 -1351.0000000000
4390 -1350.0000000000
4400 -1349.0000000000
4404 -1348.0000000000
4406 -1347.0000000000
4427 -1345.0000000000
4437 -1344.0000000000
4443 -1343.0000000000
4452 -1342.0000000000
4475 -1340.0000000000
4477 -1338.0000000000
4500 -1337.0000000000
4508 -1335.0000000000
4514 -1334.0000000000
4533 -1333.0000000000
4545 -1329.0000000000
4558 -1327.0000000000
4567 -1326.0000000000
4583 -1323.0000000000
4594 -1322.0000000000
4606 -1321.0000000000
4607 -1320.0000000000
4614 -1319.0000000000
4618 -1318.0000000000
4624 -1317.0000000000
4625 -1315.0000000000
4633 -1314.0000000000
4643 -1313.0000000000
4656 -1312.0000000000
4657 -1311.0000000000
4687 -1308.0000000000
4691 -1307.0000000000
4709 -1306.0000000000
4721 -1303.0000000000
4741 -1302.0000000000
4759 -1300.0000000000
4772 -1299.0000000000
4789 -1298.0000000000
4793 -1297.0000000000
4805 -1296.0000000000
4810 -1292.0000000000
4818 -1291.0000000000
4842 -1289.0000000000
4863 -1288.0000000000
4879 -1287.0000000000
4881 -1286.0000000000
4887 -1284.0000000000
4904 -1283.0000000000
4912 -1282.0000000000
4935 -1281.0000000000
4942 -1280.0000000000
4949 -1279.0000000000
4976 -1276.0000000000
4986 -1275.0000000000
4996 -1273.0000000000
5002 -1271.0000000000
5015 -1270.0000000000
5017 -1269.0000000000
5036 -1268.0000000000
5042 -1266.0000000000
5064 -1265.0000000000
5068 -1263.0000000000
5094 -1261.0000000000
5120 -1258.0000000000
5140 -1257.0000000000
5141 -1255.0000000000
5163 -1254.0000000000
5171 -1253.0000000000
5203 -1251.0000000000
5212 -1249.0000000000
5222 -1248.0000000000
5262 -1247.0000000000
5272 -1246.0000000000
5299 -1244.0000000000
5311 -1242.0000000000
5338 -1239.0000000000
5375 -1238.0000000000
5384 -1237.0000000000
5405 -1236.0000000000
5407 -1235.0000000000
5411 -1233.0000000000
5431 -1232.0000000000
5464 -1230.0000000000
5473 -1229.0000000000
5495 -1228.0000000000
5502 -1227.0000000000
5514 -1226.0000000000
5520 -1225.0000000000
5528 -1224.0000000000
5534 -1223.0000000000
5548 -1222.0000000000
5558 -1219.0000000000
5595 -1215.0000000000
5615 -1214.0000000000
5621 -1212.0000000000
5647 -1209.0000000000
5665 -1207.0000000000
5683 -1206.0000000000
5692 -1205.0000000000
5702 -1203.0000000000
5723 -1202.0000000000
5747 -1201.0000000000
5751 -1200.0000000000
5758 -1199.0000000000
5777 -1198.0000000000
5794 -1196.0000000000
5804 -1193.0000000000
5813 -1190.0000000000
5840 -1189.0000000000
5844 -1188.0000000000
5882 -1187.0000000000
5883 -1185.0000000000
5911 -1182.0000000000
5936 -1180.0000000000
5944 -1179.0000000000
5968 -1178.0000000000
5970 -1177.0000000000
5979 -1176.0000000000
5981 -1175.0000000000
6000 -1174.0000000000
6014 -1173.0000000000
6031 -1172.0000000000
6038 -1171.0000000000
6050 -1168.0000000000
6062 -1167.0000000000
6082 -1165.0000000000
6092 -1164.0000000000
6107 -1162.0000000000
6111 -1161.0000000000
6131 -1158.0000000000
6165 -1157.0000000000
6178 -1155.0000000000
6190 -1154.0000000000
6196 -1153.0000000000
6213 -1152.0000000000
6235 -1150.0000000000
6267 -1149.0000000000
6268 -1148.0000000000
6277 -1146.0000000000
6300 -1143.0000000000
6303 -1142.0000000000
6308 -1140.0000000000
6312 -1137.0000000000
6321 -1136.0000000000
6354 -1134.0000000000
6371 -1133.0000000000
6372 -1132.0000000000
6401 -1131.0000000000
6415 -1130.0000000000
6433 -1129.0000000000
6448 -1128.0000000000
6474 -1126.0000000000
6497 -1125.0000000000
6514 -1124.0000000000
6522 -1122.0000000000
6539 -1121.0000000000
6566 -1120.0000000000
6572 -1118.0000000000
6604 -1117.0000000000
6622 -1116.0000000000
6645 -1114.0000000000
6677 -1113.0000000000
6681 -1112.0000000000
6694 -1111.0000000000
6710 -1110.0000000000
6713 -1109.0000000000
6733 -1106.0000000000
6742 -1104.0000000000
6759 -1102.0000000000
6778 -1101.0000000000
6794 -1100.0000000000
6803 -1099.0000000000
6812 -1098.0000000000
6823 -1097.0000000000
6837 -1096.0000000000
6842 -1093.0000000000
6868 -1092.0000000000
6875 -1091.0000000000
6882 -1090.0000000000
6902 -1088.0000000000
6917 -1085.0000000000
6921 -1083.0000000000
6932 -1082.0000000000
6950 -1080.0000000000
6967 -1079.0000000000
6977 -1078.0000000000
6995 -1077.0000000000
6996 -1075.0000000000
7022 -1074.0000000000
7042 -1073.0000000000
7060 -1072.0000000000
7070 -1071.0000000000
7085 -1070.0000000000
7091 -1068.0000000000
7124 -1067.0000000000
7142 -1066.0000000000
7152 -1065.0000000000
7171 -1062.0000000000
7191 -1061.0000000000
7192 -1060.0000000000
7194 -1059.0000000000
7208 -1058.0000000000
7217 -1057.0000000000
7235 -1055.0000000000
7245 -1053.0000000000
7256 -1052.0000000000
7288 -1051.0000000000
7297 -1050.0000000000
7302 -1049.0000000000
7311 -1048.0000000000
7321 -1047.0000000000
7332 -1046.0000000000
7344 -1045.0000000000
7350 -1042.0000000000
7362 -1040.0000000000
7371 -1039.0000000000
7388 -1038.0000000000
7392 -1036.0000000000
7404 -1035.0000000000
7419 -1032.0000000000
7444 -1030.0000000000
7452 -1029.0000000000
7472 -1027.0000000000
7506 -1026.0000000000
7511 -1025.0000000000
7537 -1024.0000000000
7540 -1023.0000000000
7556 -1022.0000000000
7571 -1020.0000000000
7594 -1019.0000000000
7621 -1018.0000000000
7626 -1017.0000000000
7641 -1016.0000000000
7648 -1014.0000000000
7679 -1012.0000000000
7709 -1011.0000000000
7730 -1010.0000000000
7743 -1008.0000000000
7746 -1007.0000000000
7748 -1006.0000000000
7756 -1003.0000000000
7779 -1001.0000000000
7795 -1000.0000000000
7801 -999.0000000000
7814 -998.0000000000
7831 -996.0000000000
7854 -993.0000000000
7878 -992.0000000000
7886 -991.0000000000
7913 -990.0000000000
7922 -989.0000000000
7935 -988.0000000000
7946 -987.0000000000
7961 -986.0000000000
7991 -985.0000000000
8006 -983.0000000000
8012 -982.0000000000
8035 -980.0000000000
8041 -979.0000000000
8066 -976.0000000000
8094 -975.0000000000
8103 -974.0000000000
8109 -973.0000000000
8119 -972.0000000000
8128 -971.0000000000
8134 -970.0000000000
8147 -969.0000000000
8156 -968.0000000000
8161 -966.0000000000
8173 -965.0000000000
8194 -964.0000000000
8222 -963.0000000000
8231 -962.0000000000
8272 -960.0000000000
8283 -959.0000000000
8296 -958.0000000000
8309 -957.0000000000
8321 -956.0000000000
8329 -955.0000000000
8356 -954.0000000000
8357 -953.0000000000
8364 -952.0000000000
8375 -951.0000000000
8390 -950.0000000000
8396 -949.0000000000
8401 -948.0000000000
8405 -946.0000000000
8418 -945.0000000000
8437 -944.0000000000
8441 -942.0000000000
8455 -940.0000000000
8482 -939.0000000000
8493 -936.0000000000
8501 -934.0000000000
8528 -933.0000000000
8558 -931.0000000000
8589 -929.0000000000
8603 -927.0000000000
8614 -926.0000000000
8641 -925.0000000000
8653 -923.0000000000
8664 -921.0000000000
8673 -920.0000000000
8682 -918.0000000000
8713 -915.0000000000
8742 -913.0000000000
8752 -912.0000000000
8783 -909.0000000000
8818 -908.0000000000
8827 -907.0000000000
8832 -906.0000000000
8846 -905.0000000000
8881 -904.0000000000
8913 -903.0000000000
8922 -902.0000000000
8927 -901.0000000000
8936 -899.0000000000
8943 -897.0000000000
8965 -894.0000000000
8996 -892.0000000000
9006 -891.0000000000
9023 -889.0000000000
9031 -888.0000000000
9057 -887.0000000000
9062 -886.0000000000
9076 -883.0000000000
9103 -882.0000000000
9146 -881.0000000000
9155 -880.0000000000
9164 -879.0000000000
9181 -878.0000000000
9202 -876.0000000000
9226 -875.0000000000
9258 -874.0000000000
9261 -873.0000000000
9284 -872.0000000000
9305 -870.0000000000
9310 -868.0000000000
9329 -866.0000000000
9335 -865.0000000000
9343 -864.0000000000
9355 -863.0000000000
9363 -862.0000000000
9374 -860.0000000000
9391 -859.0000000000
9392 -858.0000000000
9412 -857.0000000000
9428 -856.0000000000
9460 -854.0000000000
9476 -853.0000000000
9484 -850.0000000000
9502 -849.0000000000
9523 -847.0000000000
9525 -846.0000000000
9536 -845.0000000000
9543 -844.0000000000
9544 -843.0000000000
9562 -842.0000000000
9564 -841.0000000000
9587 -840.0000000000
9588 -836.0000000000
9610 -833.0000000000
9652 -829.0000000000
9676 -826.0000000000
9700 -825.0000000000
9701 -824.0000000000
9726 -822.0000000000
9753 -821.0000000000
9754 -820.0000000000
9791 -819.0000000000
9824 -818.0000000000
9826 -817.0000000000
9850 -815.0000000000
9864 -814.0000000000
9867 -812.0000000000
9903 -811.0000000000
9913 -810.0000000000
9934 -809.0000000000
9948 -808.0000000000
9957 -806.0000000000
9996 -804.0000000000
10030 -803.0000000000
10034 -802.0000000000
10069 -801.0000000000
10085 -798.0000000000
10115 -797.0000000000
10123 -796.0000000000
10137 -795.0000000000
10176 -794.0000000000
10183 -793.0000000000
10196 -792.0000000000
10206 -791.0000000000
10225 -790.0000000000
10236 -789.0000000000
10248 -788.0000000000
10259 -785.0000000000
10261 -784.0000000000
10275 -783.0000000000
10299 -782.0000000000
10326 -780.0000000000
10338 -779.0000000000
10358 -778.0000000000
10368 -777.0000000000
10405 -776.0000000000
10426 -775.0000000000
10432 -774.0000000000
10453 -773.0000000000
10462 -772.0000000000
10491 -771.0000000000
10511 -767.0000000000
10552 -766.0000000000
10561 -765.0000000000
10583 -764.0000000000
10594 -763.0000000000
10598 -762.0000000000
10620 -761.0000000000
10627 -760.0000000000
10652 -759.0000000000
10658 -758.0000000000
10661 -757.0000000000
10667 -756.0000000000
10672 -754.0000000000
10696 -753.0000000000
10720 -752.0000000000
10744 -751.0000000000
10752 -748.0000000000
10785 -747.0000000000
10791 -746.0000000000
10807 -745.0000000000
10826 -744.0000000000
10834 -742.0000000000
10862 -741.0000000000
10885 -739.0000000000
10900 -738.0000000000
10902 -737.0000000000
10943 -736.0000000000
10952 -735.0000000000
10957 -734.0000000000
10972 -733.0000000000
11005 -729.0000000000
11053 -728.0000000000
11095 -726.0000000000
11120 -724.0000000000
11142 -723.0000000000
11155 -722.0000000000
11182 -721.0000000000
11213 -720.0000000000
11235 -717.0000000000
11264 -716.0000000000
11276 -715.0000000000
11292 -714.0000000000
11300 -713.0000000000
11312 -711.0000000000
11345 -710.0000000000
11362 -709.0000000000
11375 -708.0000000000
11376 -707.0000000000
11385 -706.0000000000
11411 -705.0000000000
11413 -703.0000000000
11426 -702.0000000000
11432 -699.0000000000
11465 -698.0000000000
11477 -697.0000000000
11487 -696.0000000000
11509 -695.0000000000
11518 -694.0000000000
11543 -693.0000000000
11546 -692.0000000000
11583 -691.0000000000
11593 -690.0000000000
11604 -689.0000000000
11635 -686.0000000000
11671 -685.0000000000
11690 -684.0000000000
11696 -683.0000000000
11732 -682.0000000000
11738 -681.0000000000
11754 -679.0000000000
11772 -678.0000000000
11792 -676.0000000000
11802 -675.0000000000
11813 -674.0000000000
11823 -673.0000000000
11824 -672.0000000000
11846 -671.0000000000
11889 -670.0000000000
11921 -668.0000000000
11933 -667.0000000000
11952 -664.0000000000
11974 -663.0000000000
11985 -662.0000000000
11997 -661.0000000000
12009 -660.0000000000
12010 -659.0000000000
12042 -658.0000000000
12052 -657.0000000000
12059 -656.0000000000
12073 -655.0000000000
12102 -652.0000000000
12123 -651.0000000000
12150 -650.0000000000
12156 -649.0000000000
12176 -648.0000000000
12180 -645.0000000000
12192 -644.0000000000
12229 -643.0000000000
12259 -642.0000000000
12276 -641.0000000000
12283 -639.0000000000
12284 -638.0000000000
12293 -637.0000000000
12324 -636.0000000000
12332 -635.0000000000
12343 -634.0000000000
12395 -633.0000000000
12403 -631.0000000000
12415 -630.0000000000
12424 -629.0000000000
12441 -628.0000000000
12452 -627.0000000000
12477 -626.0000000000
12491 -625.0000000000
12504 -624.0000000000
12511 -622.0000000000
12543 -620.0000000000
12571 -618.0000000000
12593 -616.0000000000
12633 -614.0000000000
12642 -613.0000000000
12658 -612.0000000000
12715 -611.0000000000
12733 -609.0000000000
12764 -606.0000000000
12812 -603.0000000000
12822 -602.0000000000
12852 -601.0000000000
12883 -600.0000000000
12910 -599.0000000000
12929 -595.0000000000
12963 -594.0000000000
12970 -593.0000000000
12985 -592.0000000000
12999 -591.0000000000
13006 -590.0000000000
13020 -589.0000000000
13034 -587.0000000000
13082 -585.0000000000
13099 -584.0000000000
13109 -583.0000000000
13118 -582.0000000000
13148 -581.0000000000
13160 -580.0000000000
13178 -578.0000000000
13209 -576.0000000000
13244 -574.0000000000
13274 -573.0000000000
13280 -572.0000000000
13283 -571.0000000000
13301 -570.0000000000
13344 -569.0000000000
13355 -568.0000000000
13381 -566.0000000000
13391 -565.0000000000
13405 -563.0000000000
13427 -562.0000000000
13438 -561.0000000000
13453 -559.0000000000
13469 -558.0000000000
13473 -557.0000000000
13508 -556.0000000000
13527 -555.0000000000
13535 -554.0000000000
13556 -553.0000000000
13585 -551.0000000000
13604 -549.0000000000
13616 -548.0000000000
13630 -547.0000000000
13642 -546.0000000000
13653 -545.0000000000
13699 -544.0000000000
13712 -542.0000000000
13773 -541.0000000000
13798 -540.0000000000
13831 -539.0000000000
13856 -538.0000000000
13863 -536.0000000000
13884 -535.0000000000
13892 -534.0000000000
13919 -533.0000000000
13955 -532.0000000000
13959 -531.0000000000
13993 -530.0000000000
13998 -529.0000000000
14011 -528.0000000000
14036 -526.0000000000
14072 -525.0000000000
14095 -523.0000000000
14134 -522.0000000000
14155 -521.0000000000
14161 -520.0000000000
14177 -519.0000000000
14197 -518.0000000000
14233 -517.0000000000
14256 -515.0000000000
14292 -514.0000000000
14308 -513.0000000000
14330 -512.0000000000
14338 -511.0000000000
14341 -510.0000000000
14354 -509.0000000000
14366 -508.0000000000
14394 -507.0000000000
14408 -506.0000000000
14429 -505.0000000000
14443 -504.0000000000
14445 -503.0000000000
14455 -502.0000000000
14479 -501.0000000000
14495 -499.0000000000
14503 -497.0000000000
14530 -496.0000000000
14548 -495.0000000000
14557 -494.0000000000
14582 -492.0000000000
14591 -490.0000000000
14611 -489.0000000000
14631 -488.0000000000
14640 -487.0000000000
14643 -486.0000000000
14658 -485.0000000000
14673 -484.0000000000
14701 -483.0000000000
14731 -480.0000000000
14753 -479.0000000000
14803 -478.0000000000
14823 -477.0000000000
14840 -476.0000000000
14848 -475.0000000000
14877 -474.0000000000
14886 -472.0000000000
14931 -470.0000000000
14962 -469.0000000000
14977 -467.0000000000
15003 -466.0000000000
15045 -465.0000000000
15052 -463.0000000000
15113 -462.0000000000
15132 -461.0000000000
15153 -460.0000000000
15166 -459.0000000000
15177 -458.0000000000
15185 -457.0000000000
15242 -456.0000000000
15274 -454.0000000000
15282 -453.0000000000
15314 -452.0000000000
15347 -451.0000000000
15356 -450.0000000000
15361 -449.0000000000
15375 -448.0000000000
15407 -447.0000000000
15421 -445.0000000000
15437 -444.0000000000
15481 -443.0000000000
15508 -441.0000000000
15531 -440.0000000000
15532 -438.0000000000
15584 -437.0000000000
15597 -436.0000000000
15605 -435.0000000000
15639 -434.0000000000
15652 -433.0000000000
15680 -431.0000000000
15702 -430.0000000000
15731 -429.0000000000
15748 -428.0000000000
15771 -426.0000000000
15782 -423.0000000000
15801 -422.0000000000
15848 -421.0000000000
15878 -420.0000000000
15931 -418.0000000000
15962 -417.0000000000
15986 -416.0000000000
16001 -415.0000000000
16011 -414.0000000000
16027 -413.0000000000
16046 -412.0000000000
16094 -411.0000000000
16128 -410.0000000000
16144 -409.0000000000
16190 -408.0000000000
16233 -405.0000000000
16241 -402.0000000000
16268 -401.0000000000
16287 -400.0000000000
16305 -398.0000000000
16390 -397.0000000000
16439 -396.0000000000
16447 -395.0000000000
16484 -394.0000000000
16512 -393.0000000000
16526 -392.0000000000
16577 -391.0000000000
16621 -390.0000000000
16646 -389.0000000000
16655 -388.0000000000
16662 -387.0000000000
16715 -386.0000000000
16740 -385.0000000000
16747 -384.0000000000
16792 -381.0000000000
16868 -380.0000000000
16963 -379.0000000000
16989 -378.0000000000
17001 -376.0000000000
17055 -374.0000000000
17085 -373.0000000000
17095 -372.0000000000
17116 -371.0000000000
17156 -369.0000000000
17186 -368.0000000000
17198 -367.0000000000
17202 -365.0000000000
17243 -364.0000000000
17258 -363.0000000000
17261 -362.0000000000
17295 -361.0000000000
17303 -360.0000000000
17335 -359.0000000000
17351 -358.0000000000
17363 -357.0000000000
17390 -356.0000000000
17403 -355.0000000000
17416 -354.0000000000
17466 -353.0000000000
17487 -349.0000000000
17532 -348.0000000000
17561 -347.0000000000
17583 -346.0000000000
17599 -345.0000000000
17617 -344.0000000000
17654 -343.0000000000
17712 -342.0000000000
17753 -341.0000000000
17811 -340.0000000000
17848 -339.0000000000
17870 -338.0000000000
17941 -336.0000000000
17991 -335.0000000000
18038 -334.0000000000
18070 -333.0000000000
18130 -332.0000000000
18137 -331.0000000000
18142 -330.0000000000
18171 -326.0000000000
18242 -325.0000000000
18333 -324.0000000000
18366 -323.0000000000
18391 -321.0000000000
18420 -320.0000000000
18479 -318.0000000000
18508 -316.0000000000
18528 -314.0000000000
18583 -313.0000000000
18594 -312.0000000000
18623 -311.0000000000
18644 -310.0000000000
18701 -309.0000000000
18718 -308.0000000000
18759 -307.0000000000
18808 -306.0000000000
18819 -305.0000000000
18865 -304.0000000000
18891 -302.0000000000
18971 -301.0000000000
19000 -300.0000000000
19029 -299.0000000000
19035 -298.0000000000
19054 -297.0000000000
19097 -296.0000000000
19135 -294.0000000000
19153 -293.0000000000
19175 -292.0000000000
19213 -289.0000000000
19231 -288.0000000000
19252 -287.0000000000
19301 -286.0000000000
19341 -285.0000000000
19377 -284.0000000000
19391 -283.0000000000
19488 -282.0000000000
19533 -281.0000000000
19542 -279.0000000000
19558 -278.0000000000
19590 -277.0000000000
19648 -275.0000000000
19677 -274.0000000000
19701 -272.0000000000
19734 -271.0000000000
19796 -270.0000000000
19797 -269.0000000000
19812 -268.0000000000
19821 -267.0000000000
19880 -266.0000000000
19892 -265.0000000000
19949 -264.0000000000
20020 -263.0000000000
20058 -262.0000000000
20098 -261.0000000000
20153 -260.0000000000
20172 -259.0000000000
20184 -258.0000000000
20208 -257.0000000000
20225 -256.0000000000
20261 -255.0000000000
20275 -253.0000000000
20284 -251.0000000000
20309 -250.0000000000
20339 -249.0000000000
20341 -248.0000000000
20409 -247.0000000000
20428 -246.0000000000
20461 -245.0000000000
20487 -243.0000000000
20517 -241.0000000000
20553 -240.0000000000
20595 -239.0000000000
20630 -238.0000000000
20641 -237.0000000000
20656 -236.0000000000
20670 -235.0000000000
20725 -234.0000000000
20757 -233.0000000000
20861 -231.0000000000
20894 -230.0000000000
20930 -228.0000000000
20962 -227.0000000000
21044 -226.0000000000
21060 -225.0000000000
21103 -224.0000000000
21128 -220.0000000000
21192 -219.0000000000
21205 -218.0000000000
21263 -217.0000000000
21293 -216.0000000000
21302 -214.0000000000
21323 -212.0000000000
21368 -210.0000000000
21459 -209.0000000000
21474 -208.0000000000
21482 -207.0000000000
21503 -206.0000000000
21587 -204.0000000000
21605 -203.0000000000
21654 -202.0000000000
21675 -201.0000000000
21747 -200.0000000000
21787 -199.0000000000
21847 -197.0000000000
21922 -196.0000000000
21951 -195.0000000000
21998 -194.0000000000
22009 -192.0000000000
22090 -191.0000000000
22111 -189.0000000000
22137 -187.0000000000
22186 -186.0000000000
22310 -184.0000000000
22453 -183.0000000000
22454 -182.0000000000
22463 -181.0000000000
22514 -180.0000000000
22545 -178.0000000000
22602 -177.0000000000
22607 -175.0000000000
22617 -174.0000000000
22690 -173.0000000000
22731 -172.0000000000
22767 -171.0000000000
22783 -170.0000000000
22813 -169.0000000000
22824 -168.0000000000
22832 -165.0000000000
22897 -164.0000000000
22917 -162.0000000000
23052 -161.0000000000
23076 -160.0000000000
23084 -159.0000000000
23112 -158.0000000000
23167 -157.0000000000
23238 -156.0000000000
23322 -155.0000000000
23362 -153.0000000000
23419 -152.0000000000
23421 -151.0000000000
23434 -150.0000000000
23497 -149.0000000000
23506 -148.0000000000
23551 -147.0000000000
23563 -146.0000000000
23653 -145.0000000000
23699 -144.0000000000
23703 -143.0000000000
23748 -142.0000000000
23764 -141.0000000000
23840 -140.0000000000
23870 -139.0000000000
23985 -138.0000000000
24087 -137.0000000000
24111 -136.0000000000
24164 -134.0000000000
24248 -133.0000000000
24261 -132.0000000000
24287 -131.0000000000
24298 -130.0000000000
24311 -128.0000000000
24373 -127.0000000000
24414 -126.0000000000
24452 -125.0000000000
24471 -124.0000000000
24545 -123.0000000000
24558 -122.0000000000
24613 -121.0000000000
24685 -119.0000000000
24772 -118.0000000000
24846 -117.0000000000
24869 -116.0000000000
24886 -115.0000000000
24917 -114.0000000000
24978 -113.0000000000
25034 -112.0000000000
25131 -111.0000000000
25138 -110.0000000000
25210 -109.0000000000
25260 -108.0000000000
25313 -107.0000000000
25363 -106.0000000000
25369 -104.0000000000
25431 -103.0000000000
25519 -101.0000000000
25540 -100.0000000000
25596 -99.0000000000
25609 -98.0000000000
25635 -97.0000000000
25861 -96.0000000000
25888 -95.0000000000
25974 -94.0000000000
26087 -92.0000000000
26144 -91.0000000000
26161 -90.0000000000
26173 -89.0000000000
26276 -88.0000000000
26286 -87.0000000000
26380 -86.0000000000
26409 -85.0000000000
26479 -84.0000000000
26512 -82.0000000000
26546 -81.0000000000
26658 -79.0000000000
26830 -78.0000000000
26908 -77.0000000000
27008 -76.0000000000
27166 -75.0000000000
27396 -74.0000000000
27425 -73.0000000000
27491 -72.0000000000
27544 -71.0000000000
27577 -69.0000000000
27792 -67.0000000000
27880 -65.0000000000
28242 -64.0000000000
28297 -63.0000000000
28377 -62.0000000000
28577 -61.0000000000
28590 -60.0000000000
28661 -59.0000000000
28720 -58.0000000000
28769 -57.0000000000
29025 -56.0000000000
29108 -55.0000000000
29123 -54.0000000000
29199 -53.0000000000
29418 -51.0000000000
29567 -50.0000000000
29689 -49.0000000000
29716 -48.0000000000
29828 -47.0000000000
29953 -45.0000000000
30020 -44.0000000000
30053 -43.0000000000
30158 -42.0000000000
30619 -41.0000000000
30869 -40.0000000000
30929 -39.0000000000
31048 -38.0000000000
31079 -37.0000000000
31210 -36.0000000000
31467 -35.0000000000
31555 -34.0000000000
31653 -33.0000000000
31758 -32.0000000000
32019 -31.0000000000
32075 -30.0000000000
32183 -29.0000000000
32504 -28.0000000000
32633 -27.0000000000
33200 -26.0000000000
33383 -25.0000000000
33590 -24.0000000000
33667 -22.0000000000
33801 -21.0000000000
34004 -20.0000000000
34127 -19.0000000000
34190 -18.0000000000
34724 -17.0000000000
34879 -16.0000000000
35213 -14.0000000000
35848 -13.0000000000
36051 -12.0000000000
36173 -11.0000000000
36254 -10.0000000000
36794 -9.0000000000
36944 -8.0000000000
37078 -7.0000000000
38027 -6.0000000000
38386 -5.0000000000
39250 -4.0000000000
39588 -3.0000000000
39665 -2.0000000000
39802 -1.0000000000
40318 100.7800000000
40345 121.5600000000
40462 169.1900000000
40670 195.1500000000
42779 212.4100000000
42824 221.3800000000
42865 228.0600000000
42911 245.2200000000
45674 248.2000000000
48505 267.5500000000
49274 283.9000000000
49481 386.5300000000
52570 391.3600000000
52655 394.8400000000
52673 397.4600000000
52726 399.1300000000
52758 404.8300000000
52831 409.4800000000
52856 409.8900000000
52911 422.4200000000
55077 441.6400000000
56511 444.3600000000
57463 448.9800000000
59592 451.8400000000
60970 459.7600000000
61025 467.5800000000
61100 471.7000000000
61165 472.3000000000
61235 472.6200000000
61274 479.7800000000
62337 480.1500000000
64810 482.7200000000
72210 485.1800000000
73777 507.8300000000
78939 592.7500000000
79441 595.5000000000
79914 610.0000000000
81950 616.7800000000
83177 624.7600000000
84564 636.9100000000
84695 641.8200000000
84860 643.1200000000
85678 760.1300000000
88559 768.5000000000
88684 773.0300000000
88692 775.4200000000
88928 782.6200000000
89549 785.0500000000
91561 871.4300000000
100000 -1.0000000000
evaluations raw_y
1 -2029.0000000000
2 -1960.0000000000
13 -1951.0000000000
23 -1950.0000000000
28 -1946.0000000000
41 -1942.0000000000
46 -1933.0000000000
51 -1926.0000000000
60 -1916.0000000000
61 -1894.0000000000
81 -1886.0000000000
96 -1885.0000000000
101 -1883.0000000000
102 -1879.0000000000
116 -1878.0000000000
118 -1873.0000000000
128 -1871.0000000000
134 -1866.0000000000
147 -1861.0000000000
163 -1860.0000000000
171 -1856.0000000000
181 -1851.0000000000
199 -1844.0000000000
206 -1843.0000000000
208 -1842.0000000000
212 -1841.0000000000
230 -1839.0000000000
239 -1838.0000000000
243 -1836.0000000000
248 -1835.0000000000
253 -1834.0000000000
263 -1833.0000000000
277 -1831.0000000000
279 -1830.0000000000
289 -1829.0000000000
291 -1828.0000000000
292 -1826.0000000000
312 -1825.0000000000
319 -1821.0000000000
331 -1819.0000000000
343 -1818.0000000000
358 -1816.0000000000
370 -1815.0000000000
376 -1812.0000000000
395 -1811.0000000000
406 -1810.0000000000
426 -1809.0000000000
427 -1808.0000000000
442 -1804.0000000000
456 -1803.0000000000
461 -1802.0000000000
492 -1800.0000000000
502 -1798.0000000000
511 -1795.0000000000
525 -1794.0000000000
539 -1793.0000000000
541 -1792.0000000000
552 -1789.0000000000
566 -1788.0000000000
572 -1787.0000000000
598 -1785.0000000000
622 -1784.0000000000
626 -1783.0000000000
633 -1782.0000000000
638 -1780.0000000000
641 -1779.0000000000
659 -1778.0000000000
661 -1777.0000000000
674 -1776.0000000000
681 -1775.0000000000
682 -1774.0000000000
691 -1772.0000000000
703 -1770.0000000000
723 -1769.0000000000
727 -1767.0000000000
758 -1766.0000000000
761 -1765.0000000000
768 -1764.0000000000
781 -1763.0000000000
794 -1761.0000000000
812 -1760.0000000000
819 -1759.0000000000
829 -1756.0000000000
836 -1755.0000000000
845 -1752.0000000000
863 -1747.0000000000
873 -1746.0000000000
894 -1745.0000000000
911 -1744.0000000000
923 -1743.0000000000
931 -1741.0000000000
946 -1739.0000000000
955 -1738.0000000000
962 -1737.0000000000
969 -1736.0000000000
977 -1734.0000000000
991 -1733.0000000000
992 -1732.0000000000
1007 -1729.0000000000
1021 -1728.0000000000
1026 -1727.0000000000
1036 -1726.0000000000
1041 -1725.0000000000
1060 -1722.0000000000
1072 -1721.0000000000
1089 -1719.0000000000
1092 -1718.0000000000
1101 -1716.0000000000
1124 -1715.0000000000
1128 -1714.0000000000
1131 -1713.0000000000
1144 -1711.0000000000
1145 -1710.0000000000
1157 -1709.0000000000
1160 -1708.0000000000
1167 -1705.0000000000
1190 -1704.0000000000
1197 -1701.0000000000
1200 -1699.0000000000
1212 -1697.0000000000
1221 -1696.0000000000
1235 -1695.0000000000
1242 -1693.0000000000
1255 -1692.0000000000
1257 -1691.0000000000
1269 -1687.0000000000
1278 -1686.0000000000
1292 -1685.0000000000
1295 -1684.0000000000
1302 -1683.0000000000
1319 -1681.0000000000
1321 -1680.0000000000
1327 -1679.0000000000
1339 -1678.0000000000
1346 -1677.0000000000
1360 -1676.0000000000
1366 -1675.0000000000
1368 -1674.0000000000
1371 -1673.0000000000
1381 -1671.0000000000
1392 -1670.0000000000
1398 -1669.0000000000
1407 -1668.0000000000
1411 -1667.0000000000
1417 -1664.0000000000
1443 -1663.0000000000
1451 -1662.0000000000
1456 -1661.0000000000
1474 -1660.0000000000
1483 -1659.0000000000
1487 -1658.0000000000
1491 -1657.0000000000
1506 -1656.0000000000
1508 -1655.0000000000
1528 -1652.0000000000
1533 -1651.0000000000
1547 -1647.0000000000
1572 -1645.0000000000
1581 -1644.0000000000
1589 -1643.0000000000
1591 -1642.0000000000
1593 -1641.0000000000
1627 -1640.0000000000
1632 -1639.0000000000
1638 -1638.0000000000
1643 -1636.0000000000
1662 -1634.0000000000
1672 -1632.0000000000
1680 -1631.0000000000
1689 -1628.0000000000
1708 -1627.0000000000
1715 -1626.0000000000
1722 -1623.0000000000
1733 -1622.0000000000
1747 -1621.0000000000
1763 -1620.0000000000
1771 -1618.0000000000
1792 -1617.0000000000
1799 -1616.0000000000
1806 -1615.0000000000
1809 -1614.0000000000
1811 -1610.0000000000
1842 -1609.0000000000
1851 -1608.0000000000
1854 -1607.0000000000
1876 -1606.0000000000
1886 -1603.0000000000
1896 -1602.0000000000
1903 -1601.0000000000
1911 -1600.0000000000
1941 -1599.0000000000
1942 -1598.0000000000
1953 -1597.0000000000
1963 -1596.0000000000
1972 -1593.0000000000
1991 -1592.0000000000
2014 -1589.0000000000
2033 -1588.0000000000
2044 -1587.0000000000
2058 -1586.0000000000
2061 -1585.0000000000
2070 -1584.0000000000
2081 -1582.0000000000
2094 -1581.0000000000
2095 -1580.0000000000
2097 -1578.0000000000
2102 -1576.0000000000
2119 -1575.0000000000
2120 -1574.0000000000
2130 -1572.0000000000
2140 -1571.0000000000
2144 -1570.0000000000
2152 -1569.0000000000
2166 -1567.0000000000
2177 -1566.0000000000
2187 -1565.0000000000
2198 -1563.0000000000
2208 -1562.0000000000
2221 -1561.0000000000
2230 -1560.0000000000
2232 -1559.0000000000
2238 -1558.0000000000
2244 -1557.0000000000
2249 -1556.0000000000
2272 -1554.0000000000
2293 -1551.0000000000
2321 -1548.0000000000
2336 -1547.0000000000
2343 -1546.0000000000
2362 -1545.0000000000
2372 -1544.0000000000
2382 -1542.0000000000
2393 -1540.0000000000
2397 -1539.0000000000
2401 -1537.0000000000
2409 -1536.0000000000
2424 -1535.0000000000
2434 -1534.0000000000
2449 -1532.0000000000
2457 -1530.0000000000
2458 -1529.0000000000
2471 -1528.0000000000
2483 -1527.0000000000
2490 -1525.0000000000
2492 -1524.0000000000
2506 -1523.0000000000
2515 -1521.0000000000
2523 -1519.0000000000
2537 -1518.0000000000
2549 -1517.0000000000
2561 -1514.0000000000
2582 -1512.0000000000
2602 -1511.0000000000
2603 -1510.0000000000
2630 -1509.0000000000
2642 -1508.0000000000
2649 -1507.0000000000
2655 -1506.0000000000
2661 -1505.0000000000
2666 -1502.0000000000
2685 -1501.0000000000
2694 -1500.0000000000
2708 -1499.0000000000
2709 -1498.0000000000
2713 -1497.0000000000
2725 -1496.0000000000
2732 -1494.0000000000
2751 -1491.0000000000
2774 -1490.0000000000
2784 -1489.0000000000
2805 -1487.0000000000
2807 -1486.0000000000
2824 -1484.0000000000
2831 -1483.0000000000
2842 -1482.0000000000
2860 -1481.0000000000
2867 -1480.0000000000
2876 -1479.0000000000
2883 -1478.0000000000
2899 -1477.0000000000
2901 -1476.0000000000
2918 -1475.0000000000
2936 -1474.0000000000
2938 -1473.0000000000
2941 -1472.0000000000
2959 -1471.0000000000
2967 -1470.0000000000
2981 -1468.0000000000
2983 -1467.0000000000
3002 -1466.0000000000
3025 -1465.0000000000
3045 -1464.0000000000
3051 -1463.0000000000
3055 -1462.0000000000
3061 -1461.0000000000
3073 -1460.0000000000
3091 -1459.0000000000
3100 -1456.0000000000
3102 -1454.0000000000
3111 -1453.0000000000
3130 -1452.0000000000
3131 -1450.0000000000
3143 -1448.0000000000
3157 -1446.0000000000
3174 -1445.0000000000
3190 -1444.0000000000
3200 -1443.0000000000
3211 -1439.0000000000
3228 -1437.0000000000
3249 -1436.0000000000
3253 -1435.0000000000
3268 -1434.0000000000
3278 -1432.0000000000
3301 -1431.0000000000
3315 -1430.0000000000
3317 -1429.0000000000
3322 -1428.0000000000
3335 -1427.0000000000
3343 -1426.0000000000
3350 -1424.0000000000
3373 -1422.0000000000
3384 -1421.0000000000
3396 -1420.0000000000
3402 -1419.0000000000
3403 -1418.0000000000
3426 -1416.0000000000
3439 -1415.0000000000
3449 -1413.0000000000
3456 -1412.0000000000
3467 -1411.0000000000
3482 -1409.0000000000
3506 -1408.0000000000
3519 -1407.0000000000
3533 -1406.0000000000
3534 -1405.0000000000
3546 -1404.0000000000
3557 -1402.0000000000
3571 -1401.0000000000
3581 -1399.0000000000
3609 -1397.0000000000
3624 -1396.0000000000
3625 -1395.0000000000
3633 -1394.0000000000
3650 -1393.0000000000
3661 -1392.0000000000
3672 -1390.0000000000
3677 -1388.0000000000
3692 -1387.0000000000
3707 -1386.0000000000
3726 -1385.0000000000
3735 -1384.0000000000
3745 -1383.0000000000
3752 -1382.0000000000
3770 -1381.0000000000
3777 -1379.0000000000
3787 -1377.0000000000
3795 -1374.0000000000
3832 -1373.0000000000
3855 -1372.0000000000
3866 -1370.0000000000
3880 -1369.0000000000
3885 -1366.0000000000
3899 -1365.0000000000
3907 -1364.0000000000
3921 -1363.0000000000
3941 -1362.0000000000
3951 -1361.0000000000
3956 -1360.0000000000
3961 -1358.0000000000
3964 -1357.0000000000
3976 -1355.0000000000
3995 -1352.0000000000
4029 -1351.0000000000
4037 -1350.0000000000
4043 -1349.0000000000
4057 -1348.0000000000
4075 -1346.0000000000
4098 -1342.0000000000
4112 -1341.0000000000
4124 -1340.0000000000
4141 -1339.0000000000
4151 -1337.0000000000
4170 -1336.0000000000
4176 -1332.0000000000
4186 -1331.0000000000
4194 -1330.0000000000
4209 -1327.0000000000
4219 -1324.0000000000
4234 -1322.0000000000
4259 -1319.0000000000
4275 -1318.0000000000
4281 -1317.0000000000
4285 -1316.0000000000
4298 -1315.0000000000
4311 -1310.0000000000
4325 -1309.0000000000
4335 -1306.0000000000
4384 -1305.0000000000
4385 -1303.0000000000
4412 -1300.0000000000
4437 -1298.0000000000
4459 -1297.0000000000
4461 -1295.0000000000
4471 -1293.0000000000
4482 -1292.0000000000
4497 -1290.0000000000
4524 -1289.0000000000
4531 -1287.0000000000
4534 -1286.0000000000
4568 -1285.0000000000
4575 -1282.0000000000
4603 -1281.0000000000
4605 -1280.0000000000
4609 -1279.0000000000
4624 -1278.0000000000
4626 -1274.0000000000
4632 -1273.0000000000
4641 -1270.0000000000
4659 -1269.0000000000
4680 -1268.0000000000
4685 -1267.0000000000
4690 -1266.0000000000
4720 -1264.0000000000
4730 -1263.0000000000
4744 -1260.0000000000
4762 -1259.0000000000
4771 -1258.0000000000
4781 -1257.0000000000
4795 -1256.0000000000
4811 -1255.0000000000
4816 -1254.0000000000
4830 -1251.0000000000
4855 -1249.0000000000
4877 -1248.0000000000
4893 -1247.0000000000
4910 -1246.0000000000
4917 -1243.0000000000
4932 -1242.0000000000
4943 -1240.0000000000
4958 -1239.0000000000
4963 -1238.0000000000
4975 -1237.0000000000
4987 -1236.0000000000
5004 -1235.0000000000
5022 -1232.0000000000
5052 -1229.0000000000
5068 -1228.0000000000
5077 -1225.0000000000
5103 -1224.0000000000
5122 -1223.0000000000
5139 -1222.0000000000
5144 -1221.0000000000
5147 -1220.0000000000
5174 -1219.0000000000
5184 -1217.0000000000
5216 -1216.0000000000
5223 -1215.0000000000
5242 -1213.0000000000
5266 -1212.0000000000
5273 -1211.0000000000
5285 -1210.0000000000
5294 -1208.0000000000
5312 -1207.0000000000
5328 -1206.0000000000
5354 -1204.0000000000
5360 -1203.0000000000
5379 -1202.0000000000
5384 -1201.0000000000
5393 -1200.0000000000
5414 -1199.0000000000
5421 -1198.0000000000
5426 -1197.0000000000
5432 -1196.0000000000
5450 -1195.0000000000
5465 -1194.0000000000
5471 -1193.0000000000
5472 -1191.0000000000
5487 -1190.0000000000
5501 -1188.0000000000
5512 -1184.0000000000
5522 -1183.0000000000
5563 -1182.0000000000
5566 -1180.0000000000
5591 -1179.0000000000
5617 -1177.0000000000
5647 -1172.0000000000
5674 -1169.0000000000
5686 -1168.0000000000
5691 -1166.0000000000
5701 -1165.0000000000
5735 -1164.0000000000
5739 -1163.0000000000
5782 -1162.0000000000
5790 -1161.0000000000
5801 -1160.0000000000
5813 -1159.0000000000
5828 -1155.0000000000
5845 -1154.0000000000
5857 -1153.0000000000
5871 -1152.0000000000
5876 -1150.0000000000
5878 -1149.0000000000
5899 -1148.0000000000
5913 -1147.0000000000
5932 -1146.0000000000
5943 -1144.0000000000
5972 -1143.0000000000
5978 -1142.0000000000
5990 -1141.0000000000
6009 -1140.0000000000
6012 -1139.0000000000
6021 -1138.0000000000
6030 -1137.0000000000
6047 -1136.0000000000
6062 -1134.0000000000
6072 -1132.0000000000
6090 -1131.0000000000
6104 -1128.0000000000
6114 -1127.0000000000
6124 -1126.0000000000
6142 -1124.0000000000
6163 -1121.0000000000
6182 -1120.0000000000
6183 -1119.0000000000
6192 -1118.0000000000
6224 -1116.0000000000
6232 -1115.0000000000
6244 -1114.0000000000
6263 -1113.0000000000
6264 -1111.0000000000
6279 -1110.0000000000
6294 -1109.0000000000
6319 -1108.0000000000
6340 -1107.0000000000
6354 -1106.0000000000
6361 -1105.0000000000
6374 -1102.0000000000
6395 -1099.0000000000
6419 -1098.0000000000
6442 -1096.0000000000
6464 -1093.0000000000
6474 -1092.0000000000
6505 -1091.0000000000
6506 -1090.0000000000
6516 -1086.0000000000
6527 -1085.0000000000
6539 -1084.0000000000
6560 -1083.0000000000
6564 -1082.0000000000
6571 -1081.0000000000
6579 -1079.0000000000
6588 -1078.0000000000
6612 -1077.0000000000
6633 -1075.0000000000
6635 -1074.0000000000
6650 -1073.0000000000
6653 -1072.0000000000
6664 -1071.0000000000
6676 -1070.0000000000
6691 -1069.0000000000
6701 -1067.0000000000
6715 -1066.0000000000
6721 -1065.0000000000
6724 -1063.0000000000
6731 -1062.0000000000
6748 -1061.0000000000
6779 -1060.0000000000
6783 -1058.0000000000
6811 -1057.0000000000
6828 -1055.0000000000
6840 -1054.0000000000
6850 -1053.0000000000
6855 -1052.0000000000
6896 -1051.0000000000
6917 -1050.0000000000
6926 -1048.0000000000
6942 -1047.0000000000
6964 -1046.0000000000
6978 -1045.0000000000
6981 -1043.0000000000
6986 -1041.0000000000
6992 -1038.0000000000
7015 -1037.0000000000
7034 -1036.0000000000
7051 -1035.0000000000
7066 -1034.0000000000
7081 -1032.0000000000
7083 -1031.0000000000
7097 -1029.0000000000
7121 -1028.0000000000
7144 -1027.0000000000
7151 -1026.0000000000
7154 -1025.0000000000
7166 -1024.0000000000
7167 -1023.0000000000
7180 -1022.0000000000
7202 -1021.0000000000
7211 -1020.0000000000
7222 -1018.0000000000
7236 -1017.0000000000
7241 -1015.0000000000
7251 -1014.0000000000
7265 -1013.0000000000
7275 -1012.0000000000
7281 -1009.0000000000
7307 -1008.0000000000
7317 -1006.0000000000
7331 -1005.0000000000
7363 -1004.0000000000
7377 -1003.0000000000
7395 -1000.0000000000
7417 -999.0000000000
7432 -998.0000000000
7454 -997.0000000000
7464 -996.0000000000
7465 -995.0000000000
7487 -993.0000000000
7509 -992.0000000000
7511 -991.0000000000
7520 -990.0000000000
7533 -989.0000000000
7543 -988.0000000000
7552 -987.0000000000
7566 -986.0000000000
7567 -985.0000000000
7595 -983.0000000000
7615 -982.0000000000
7626 -981.0000000000
7637 -979.0000000000
7644 -977.0000000000
7662 -976.0000000000
7682 -974.0000000000
7708 -972.0000000000
7735 -970.0000000000
7741 -969.0000000000
7751 -968.0000000000
7760 -967.0000000000
7791 -966.0000000000
7828 -965.0000000000
7831 -964.0000000000
7850 -963.0000000000
7861 -962.0000000000
7884 -961.0000000000
7902 -958.0000000000
7936 -956.0000000000
7957 -953.0000000000
7996 -951.0000000000
8015 -948.0000000000
8033 -946.0000000000
8042 -945.0000000000
8053 -943.0000000000
8062 -942.0000000000
8093 -941.0000000000
8110 -940.0000000000
8113 -939.0000000000
8116 -937.0000000000
8141 -936.0000000000
8155 -933.0000000000
8175 -932.0000000000
8183 -931.0000000000
8191 -928.0000000000
8224 -927.0000000000
8237 -925.0000000000
8259 -924.0000000000
8275 -922.0000000000
8297 -921.0000000000
8336 -920.0000000000
8359 -917.0000000000
8362 -916.0000000000
8383 -915.0000000000
8395 -914.0000000000
8399 -912.0000000000
8444 -911.0000000000
8464 -908.0000000000
8499 -907.0000000000
8512 -905.0000000000
8532 -904.0000000000
8536 -903.0000000000
8542 -900.0000000000
8568 -899.0000000000
8579 -898.0000000000
8613 -897.0000000000
8625 -896.0000000000
8637 -895.0000000000
8642 -894.0000000000
8657 -893.0000000000
8709 -892.0000000000
8734 -890.0000000000
8746 -889.0000000000
8755 -887.0000000000
8778 -886.0000000000
8781 -885.0000000000
8782 -882.0000000000
8819 -880.0000000000
8864 -879.0000000000
8873 -878.0000000000
8887 -877.0000000000
8896 -874.0000000000
8914 -873.0000000000
8923 -872.0000000000
8931 -871.0000000000
8966 -869.0000000000
8984 -868.0000000000
8991 -867.0000000000
9009 -865.0000000000
9033 -864.0000000000
9042 -863.0000000000
9055 -861.0000000000
9078 -858.0000000000
9094 -857.0000000000
9118 -856.0000000000
9126 -854.0000000000
9132 -853.0000000000
9145 -852.0000000000
9169 -851.0000000000
9175 -850.0000000000
9193 -849.0000000000
9233 -848.0000000000
9246 -846.0000000000
9261 -845.0000000000
9281 -844.0000000000
9282 -843.0000000000
9302 -842.0000000000
9320 -841.0000000000
9322 -840.0000000000
9327 -838.0000000000
9346 -837.0000000000
9366 -835.0000000000
9402 -834.0000000000
9420 -833.0000000000
9439 -832.0000000000
9459 -830.0000000000
9481 -827.0000000000
9501 -826.0000000000
9517 -825.0000000000
9523 -822.0000000000
9549 -819.0000000000
9602 -817.0000000000
9616 -816.0000000000
9622 -815.0000000000
9635 -814.0000000000
9638 -813.0000000000
9660 -812.0000000000
9662 -810.0000000000
9663 -809.0000000000
9678 -807.0000000000
9686 -806.0000000000
9714 -805.0000000000
9719 -804.0000000000
9726 -801.0000000000
9758 -800.0000000000
9768 -799.0000000000
9784 -798.0000000000
9812 -797.0000000000
9818 -796.0000000000
9824 -794.0000000000
9856 -792.0000000000
9883 -791.0000000000
9888 -790.0000000000
9909 -789.0000000000
9917 -788.0000000000
9935 -787.0000000000
9946 -784.0000000000
9952 -783.0000000000
9977 -782.0000000000
9986 -781.0000000000
9992 -780.0000000000
10013 -779.0000000000
10014 -778.0000000000
10024 -777.0000000000
10032 -774.0000000000
10084 -773.0000000000
10106 -772.0000000000
10121 -771.0000000000
10142 -768.0000000000
10174 -766.0000000000
10197 -765.0000000000
10207 -764.0000000000
10208 -763.0000000000
10230 -762.0000000000
10244 -761.0000000000
10253 -760.0000000000
10263 -759.0000000000
10268 -757.0000000000
10279 -756.0000000000
10288 -755.0000000000
10294 -753.0000000000
10301 -752.0000000000
10326 -751.0000000000
10331 -750.0000000000
10340 -748.0000000000
10371 -746.0000000000
10421 -745.0000000000
10433 -744.0000000000
10466 -741.0000000000
10495 -740.0000000000
10496 -739.0000000000
10508 -737.0000000000
10525 -734.0000000000
10607 -733.0000000000
10626 -732.0000000000
10637 -731.0000000000
10645 -730.0000000000
10655 -729.0000000000
10672 -728.0000000000
10677 -727.0000000000
10695 -725.0000000000
10705 -723.0000000000
10712 -722.0000000000
10740 -720.0000000000
10756 -719.0000000000
10759 -717.0000000000
10788 -715.0000000000
10798 -714.0000000000
10808 -713.0000000000
10811 -712.0000000000
10835 -711.0000000000
10854 -710.0000000000
10859 -709.0000000000
10867 -708.0000000000
10873 -707.0000000000
10892 -706.0000000000
10897 -704.0000000000
10919 -703.0000000000
10932 -702.0000000000
10944 -701.0000000000
10956 -700.0000000000
10969 -698.0000000000
10993 -696.0000000000
11022 -695.0000000000
11038 -694.0000000000
11067 -693.0000000000
11072 -692.0000000000
11093 -691.0000000000
11116 -690.0000000000
11122 -689.0000000000
11131 -686.0000000000
11133 -685.0000000000
11151 -684.0000000000
11170 -683.0000000000
11182 -682.0000000000
11193 -681.0000000000
11225 -679.0000000000
11261 -678.0000000000
11277 -677.0000000000
11278 -676.0000000000
11289 -675.0000000000
11296 -674.0000000000
11314 -673.0000000000
11321 -672.0000000000
11325 -671.0000000000
11345 -670.0000000000
11359 -667.0000000000
11369 -666.0000000000
11380 -665.0000000000
11401 -664.0000000000
11458 -663.0000000000
11481 -662.0000000000
11489 -661.0000000000
11506 -660.0000000000
11519 -659.0000000000
11522 -658.0000000000
11543 -657.0000000000
11554 -654.0000000000
11583 -653.0000000000
11606 -651.0000000000
11614 -650.0000000000
11631 -649.0000000000
11638 -648.0000000000
11645 -647.0000000000
11648 -646.0000000000
11655 -644.0000000000
11680 -643.0000000000
11696 -642.0000000000
11702 -641.0000000000
11735 -640.0000000000
11739 -638.0000000000
11748 -635.0000000000
11762 -634.0000000000
11774 -633.0000000000
11791 -631.0000000000
11836 -630.0000000000
11859 -629.0000000000
11881 -628.0000000000
11920 -626.0000000000
11923 -624.0000000000
11955 -623.0000000000
11992 -622.0000000000
12025 -621.0000000000
12038 -619.0000000000
12052 -618.0000000000
12084 -617.0000000000
12151 -616.0000000000
12170 -615.0000000000
12177 -614.0000000000
12185 -613.0000000000
12202 -612.0000000000
12208 -609.0000000000
12217 -608.0000000000
12251 -607.0000000000
12258 -605.0000000000
12278 -604.0000000000
12289 -603.0000000000
12314 -602.0000000000
12325 -601.0000000000
12337 -599.0000000000
12360 -598.0000000000
12387 -597.0000000000
12400 -596.0000000000
12403 -595.0000000000
12430 -594.0000000000
12431 -593.0000000000
12464 -590.0000000000
12504 -589.0000000000
12506 -588.0000000000
12516 -586.0000000000
12548 -585.0000000000
12568 -583.0000000000
12599 -582.0000000000
12605 -580.0000000000
12630 -579.0000000000
12668 -578.0000000000
12669 -577.0000000000
12676 -574.0000000000
12709 -572.0000000000
12732 -570.0000000000
12771 -569.0000000000
12779 -567.0000000000
12799 -566.0000000000
12809 -565.0000000000
12818 -564.0000000000
12823 -563.0000000000
12877 -562.0000000000
12901 -561.0000000000
12925 -560.0000000000
12935 -559.0000000000
12939 -557.0000000000
12947 -556.0000000000
12972 -555.0000000000
12982 -554.0000000000
12987 -553.0000000000
13008 -552.0000000000
13026 -551.0000000000
13055 -550.0000000000
13068 -549.0000000000
13090 -547.0000000000
13095 -546.0000000000
13123 -545.0000000000
13129 -544.0000000000
13138 -543.0000000000
13151 -540.0000000000
13187 -539.0000000000
13191 -538.0000000000
13202 -537.0000000000
13224 -534.0000000000
13238 -531.0000000000
13305 -530.0000000000
13327 -529.0000000000
13347 -528.0000000000
13371 -527.0000000000
13384 -525.0000000000
13403 -524.0000000000
13428 -523.0000000000
13453 -522.0000000000
13459 -521.0000000000
13469 -520.0000000000
13524 -519.0000000000
13576 -517.0000000000
13590 -515.0000000000
13612 -512.0000000000
13671 -511.0000000000
13703 -509.0000000000
13760 -508.0000000000
13775 -506.0000000000
13798 -505.0000000000
13809 -503.0000000000
13840 -501.0000000000
13865 -498.0000000000
13900 -497.0000000000
13909 -494.0000000000
13935 -493.0000000000
13967 -492.0000000000
13968 -491.0000000000
14021 -488.0000000000
14054 -487.0000000000
14065 -486.0000000000
14093 -485.0000000000
14137 -484.0000000000
14162 -483.0000000000
14165 -482.0000000000
14214 -481.0000000000
14263 -478.0000000000
14279 -477.0000000000
14299 -476.0000000000
14311 -475.0000000000
14330 -474.0000000000
14357 -473.0000000000
14373 -470.0000000000
14423 -468.0000000000
14443 -466.0000000000
14544 -465.0000000000
14573 -464.0000000000
14607 -463.0000000000
14652 -462.0000000000
14669 -461.0000000000
14688 -460.0000000000
14700 -459.0000000000
14716 -457.0000000000
14736 -456.0000000000
14760 -453.0000000000
14777 -452.0000000000
14789 -451.0000000000
14811 -450.0000000000
14862 -448.0000000000
14884 -447.0000000000
14886 -446.0000000000
14894 -445.0000000000
14896 -444.0000000000
14933 -443.0000000000
14941 -442.0000000000
14979 -441.0000000000
14982 -439.0000000000
15020 -435.0000000000
15066 -434.0000000000
15080 -433.0000000000
15092 -432.0000000000
15106 -430.0000000000
15115 -429.0000000000
15164 -427.0000000000
15185 -426.0000000000
15215 -425.0000000000
15222 -424.0000000000
15253 -423.0000000000
15275 -421.0000000000
15319 -420.0000000000
15331 -419.0000000000
15361 -418.0000000000
15376 -417.0000000000
15395 -416.0000000000
15412 -415.0000000000
15444 -413.0000000000
15469 -412.0000000000
15499 -411.0000000000
15508 -409.0000000000
15522 -408.0000000000
15541 -407.0000000000
15563 -405.0000000000
15598 -404.0000000000
15621 -403.0000000000
15641 -402.0000000000
15693 -401.0000000000
15719 -400.0000000000
15737 -398.0000000000
15754 -396.0000000000
15800 -395.0000000000
15810 -394.0000000000
15863 -393.0000000000
15873 -392.0000000000
15888 -390.0000000000
15958 -389.0000000000
15965 -388.0000000000
15985 -387.0000000000
15999 -385.0000000000
16047 -384.0000000000
16050 -383.0000000000
16072 -382.0000000000
16084 -380.0000000000
16108 -379.0000000000
16156 -378.0000000000
16157 -377.0000000000
16178 -376.0000000000
16205 -375.0000000000
16218 -374.0000000000
16220 -373.0000000000
16228 -372.0000000000
16266 -371.0000000000
16301 -370.0000000000
16328 -369.0000000000
16383 -368.0000000000
16442 -367.0000000000
16447 -366.0000000000
16487 -365.0000000000
16507 -364.0000000000
16523 -363.0000000000
16531 -362.0000000000
16593 -361.0000000000
16613 -359.0000000000
16657 -358.0000000000
16707 -357.0000000000
16710 -356.0000000000
16730 -355.0000000000
16765 -354.0000000000
16825 -352.0000000000
16947 -351.0000000000
17015 -350.0000000000
17035 -349.0000000000
17057 -347.0000000000
17076 -346.0000000000
17110 -345.0000000000
17127 -343.0000000000
17170 -342.0000000000
17188 -341.0000000000
17216 -340.0000000000
17225 -339.0000000000
17248 -338.0000000000
17268 -335.0000000000
17297 -334.0000000000
17346 -333.0000000000
17373 -332.0000000000
17390 -331.0000000000
17415 -330.0000000000
17433 -329.0000000000
17436 -328.0000000000
17445 -327.0000000000
17478 -326.0000000000
17480 -325.0000000000
17485 -324.0000000000
17506 -322.0000000000
17528 -321.0000000000
17583 -320.0000000000
17651 -319.0000000000
17672 -318.0000000000
17679 -317.0000000000
17739 -316.0000000000
17815 -315.0000000000
17845 -314.0000000000
17856 -313.0000000000
17872 -312.0000000000
17886 -311.0000000000
17918 -310.0000000000
17935 -309.0000000000
17967 -308.0000000000
17977 -307.0000000000
17981 -306.0000000000
17998 -305.0000000000
18018 -303.0000000000
18040 -302.0000000000
18047 -301.0000000000
18123 -300.0000000000
18155 -299.0000000000
18158 -298.0000000000
18195 -297.0000000000
18216 -295.0000000000
18241 -294.0000000000
18283 -293.0000000000
18327 -290.0000000000
18367 -289.0000000000
18376 -287.0000000000
18397 -286.0000000000
18401 -285.0000000000
18473 -284.0000000000
18536 -283.0000000000
18548 -281.0000000000
18595 -280.0000000000
18617 -279.0000000000
18622 -278.0000000000
18641 -277.0000000000
18681 -276.0000000000
18690 -274.0000000000
18714 -273.0000000000
18737 -272.0000000000
18779 -271.0000000000
18802 -270.0000000000
18820 -269.0000000000
18893 -268.0000000000
18954 -267.0000000000
18992 -266.0000000000
19045 -264.0000000000
19074 -263.0000000000
19083 -262.0000000000
19115 -261.0000000000
19145 -260.0000000000
19208 -259.0000000000
19224 -258.0000000000
19264 -257.0000000000
19289 -256.0000000000
19306 -255.0000000000
19326 -254.0000000000
19346 -253.0000000000
19392 -252.0000000000
19411 -251.0000000000
19436 -250.0000000000
19439 -249.0000000000
19473 -248.0000000000
19519 -247.0000000000
19559 -246.0000000000
19607 -245.0000000000
19655 -244.0000000000
19712 -243.0000000000
19720 -242.0000000000
19795 -241.0000000000
19826 -240.0000000000
19875 -239.0000000000
19959 -238.0000000000
19993 -235.0000000000
20102 -234.0000000000
20131 -233.0000000000
20137 -232.0000000000
20254 -231.0000000000
20297 -230.0000000000
20320 -229.0000000000
20341 -227.0000000000
20368 -226.0000000000
20399 -224.0000000000
20444 -223.0000000000
20453 -222.0000000000
20493 -221.0000000000
20545 -219.0000000000
20594 -218.0000000000
20622 -216.0000000000
20671 -215.0000000000
20779 -214.0000000000
20813 -213.0000000000
20847 -212.0000000000
20886 -211.0000000000
20938 -210.0000000000
20972 -209.0000000000
21003 -207.0000000000
21056 -206.0000000000
21106 -205.0000000000
21117 -204.0000000000
21145 -203.0000000000
21186 -202.0000000000
21199 -201.0000000000
21231 -200.0000000000
21234 -198.0000000000
21262 -197.0000000000
21285 -196.0000000000
21353 -195.0000000000
21373 -194.0000000000
21382 -193.0000000000
21404 -191.0000000000
21495 -190.0000000000
21522 -189.0000000000
21594 -188.0000000000
21696 -187.0000000000
21734 -186.0000000000
21791 -185.0000000000
21829 -183.0000000000
21832 -181.0000000000
21871 -180.0000000000
21881 -179.0000000000
21910 -178.0000000000
21920 -176.0000000000
21986 -175.0000000000
22066 -174.0000000000
22098 -172.0000000000
22182 -171.0000000000
22186 -170.0000000000
22236 -169.0000000000
22293 -168.0000000000
22330 -167.0000000000
22360 -166.0000000000
22361 -165.0000000000
22389 -164.0000000000
22407 -162.0000000000
22436 -161.0000000000
22533 -160.0000000000
22571 -159.0000000000
22595 -158.0000000000
22658 -157.0000000000
22686 -156.0000000000
22750 -155.0000000000
22793 -154.0000000000
22834 -153.0000000000
22861 -152.0000000000
22898 -151.0000000000
22923 -149.0000000000
23033 -148.0000000000
23056 -147.0000000000
23109 -145.0000000000
23131 -143.0000000000
23144 -142.0000000000
23364 -140.0000000000
23454 -139.0000000000
23506 -138.0000000000
23521 -137.0000000000
23532 -136.0000000000
23558 -135.0000000000
23662 -133.0000000000
23716 -132.0000000000
23817 -131.0000000000
23918 -130.0000000000
23936 -129.0000000000
23989 -128.0000000000
24124 -127.0000000000
24171 -126.0000000000
24204 -125.0000000000
24219 -124.0000000000
24296 -123.0000000000
24369 -122.0000000000
24383 -121.0000000000
24452 -120.0000000000
24498 -118.0000000000
24557 -117.0000000000
24573 -116.0000000000
24610 -115.0000000000
24670 -114.0000000000
24701 -113.0000000000
24797 -112.0000000000
24846 -111.0000000000
24915 -110.0000000000
24987 -109.0000000000
25018 -108.0000000000
25044 -107.0000000000
25053 -106.0000000000
25134 -105.0000000000
25154 -104.0000000000
25176 -103.0000000000
25248 -101.0000000000
25274 -100.0000000000
25307 -98.0000000000
25408 -97.0000000000
25507 -96.0000000000
25588 -95.0000000000
25589 -94.0000000000
25637 -91.0000000000
25702 -90.0000000000
25776 -88.0000000000
25895 -87.0000000000
25949 -86.0000000000
26022 -85.0000000000
26043 -84.0000000000
26167 -82.0000000000
26297 -81.0000000000
26363 -80.0000000000
26426 -79.0000000000
26488 -78.0000000000
26557 -77.0000000000
26563 -76.0000000000
26611 -75.0000000000
26708 -74.0000000000
26773 -72.0000000000
26863 -71.0000000000
26906 -70.0000000000
26975 -68.0000000000
27062 -66.0000000000
27169 -65.0000000000
27297 -64.0000000000
27760 -63.0000000000
27856 -62.0000000000
27882 -61.0000000000
27937 -60.0000000000
28046 -59.0000000000
28102 -57.0000000000
28214 -55.0000000000
28221 -54.0000000000
28765 -53.0000000000
28874 -52.0000000000
29169 -51.0000000000
29282 -50.0000000000
29407 -48.0000000000
29589 -46.0000000000
29855 -45.0000000000
29981 -44.0000000000
30197 -43.0000000000
30342 -42.0000000000
30411 -41.0000000000
30469 -40.0000000000
30505 -39.0000000000
30708 -38.0000000000
30843 -37.0000000000
30917 -36.0000000000
30980 -35.0000000000
31148 -34.0000000000
31338 -33.0000000000
31425 -32.0000000000
31484 -31.0000000000
31624 -30.0000000000
31701 -29.0000000000
31706 -28.0000000000
31796 -27.0000000000
31828 -26.0000000000
31886 -24.0000000000
31991 -22.0000000000
32330 -21.0000000000
32380 -20.0000000000
33007 -19.0000000000
33050 -18.0000000000
33142 -17.0000000000
33169 -15.0000000000
33284 -14.0000000000
33908 -13.0000000000
33945 -12.0000000000
35408 -10.0000000000
35626 -8.0000000000
36256 -7.0000000000
36525 -6.0000000000
36616 -5.0000000000
36728 -4.0000000000
36801 -3.0000000000
37341 -2.0000000000
37550 -1.0000000000
37991 109.4900000000
38051 116.1800000000
38186 121.3000000000
38374 129.7500000000
39067 245.5300000000
40113 254.6900000000
40139 254.9100000000
40214 260.2700000000
41183 263.9900000000
41637 267.2600000000
41858 269.2000000000
43040 275.6100000000
43950 284.8900000000
44018 285.0500000000
44046 304.5700000000
44728 304.8700000000
45302 309.9100000000
49391 378.5100000000
50053 396.7900000000
50098 410.1300000000
54117 483.7100000000
54591 496.3100000000
56610 517.6200000000
57631 520.8100000000
57645 524.3100000000
57672 525.6300000000
57678 544.7100000000
59786 547.0100000000
59851 552.1700000000
59881 552.8200000000
59901 558.7600000000
60041 562.2700000000
60323 571.2900000000
61157 573.6700000000
62333 658.8100000000
62371 669.9200000000
62403 693.7300000000
62434 694.3700000000
62462 696.7500000000
62997 699.3700000000
64025 701.6800000000
67046 705.4200000000
85082 706.0900000000
100000 -1.0000000000
evaluations raw_y
1 -2005.0000000000
2 -1977.0000000000
6 -1937.0000000000
20 -1935.0000000000
36 -1907.0000000000
56 -1898.0000000000
58 -1890.0000000000
72 -1883.0000000000
74 -1882.0000000000
76 -1868.0000000000
91 -1866.0000000000
96 -1860.0000000000
107 -1856.0000000000
121 -1853.0000000000
131 -1852.0000000000
139 -1850.0000000000
143 -1849.0000000000
146 -1844.0000000000
155 -1843.0000000000
157 -1841.0000000000
166 -1832.0000000000
181 -1831.0000000000
199 -1830.0000000000
200 -1829.0000000000
213 -1828.0000000000
218 -1827.0000000000
220 -1824.0000000000
229 -1823.0000000000
236 -1822.0000000000
241 -1820.0000000000
262 -1817.0000000000
275 -1815.0000000000
277 -1812.0000000000
284 -1811.0000000000
291 -1810.0000000000
293 -1806.0000000000
301 -1805.0000000000
313 -1804.0000000000
328 -1803.0000000000
340 -1801.0000000000
344 -1800.0000000000
351 -1799.0000000000
364 -1796.0000000000
385 -1795.0000000000
392 -1793.0000000000
393 -1791.0000000000
410 -1788.0000000000
414 -1786.0000000000
423 -1784.0000000000
431 -1783.0000000000
438 -1782.0000000000
443 -1777.0000000000
458 -1776.0000000000
472 -1775.0000000000
475 -1774.0000000000
480 -1771.0000000000
491 -1770.0000000000
502 -1763.0000000000
513 -1762.0000000000
521 -1761.0000000000
538 -1759.0000000000
552 -1758.0000000000
565 -1757.0000000000
568 -1756.0000000000
576 -1755.0000000000
591 -1754.0000000000
603 -1753.0000000000
610 -1752.0000000000
618 -1749.0000000000
630 -1748.0000000000
633 -1746.0000000000
670 -1744.0000000000
677 -1743.0000000000
680 -1742.0000000000
693 -1741.0000000000
712 -1740.0000000000
717 -1739.0000000000
722 -1738.0000000000
744 -1737.0000000000
753 -1736.0000000000
760 -1734.0000000000
772 -1733.0000000000
780 -1731.0000000000
782 -1730.0000000000
787 -1729.0000000000
792 -1728.0000000000
794 -1727.0000000000
802 -1726.0000000000
813 -1724.0000000000
817 -1723.0000000000
828 -1720.0000000000
836 -1718.0000000000
865 -1716.0000000000
872 -1715.0000000000
887 -1714.0000000000
895 -1713.0000000000
903 -1711.0000000000
912 -1708.0000000000
932 -1706.0000000000
951 -1705.0000000000
952 -1704.0000000000
953 -1703.0000000000
962 -1702.0000000000
972 -1701.0000000000
982 -1700.0000000000
996 -1699.0000000000
1007 -1697.0000000000
1015 -1693.0000000000
1030 -1692.0000000000
1032 -1691.0000000000
1051 -1690.0000000000
1062 -1689.0000000000
1070 -1687.0000000000
1077 -1685.0000000000
1086 -1684.0000000000
1101 -1683.0000000000
1103 -1682.0000000000
1111 -1681.0000000000
1114 -1680.0000000000
1117 -1679.0000000000
1132 -1678.0000000000
1150 -1677.0000000000
1152 -1676.0000000000
1165 -1675.0000000000
1167 -1674.0000000000
1185 -1673.0000000000
1193 -1672.0000000000
1201 -1671.0000000000
1212 -1670.0000000000
1240 -1669.0000000000
1241 -1667.0000000000
1259 -1665.0000000000
1261 -1664.0000000000
1283 -1663.0000000000
1284 -1662.0000000000
1293 -1661.0000000000
1312 -1659.0000000000
1321 -1658.0000000000
1323 -1657.0000000000
1339 -1656.0000000000
1346 -1654.0000000000
1352 -1653.0000000000
1363 -1652.0000000000
1371 -1651.0000000000
1383 -1650.0000000000
1393 -1648.0000000000
1402 -1646.0000000000
1424 -1645.0000000000
1430 -1644.0000000000
1431 -1642.0000000000
1445 -1641.0000000000
1454 -1640.0000000000
1464 -1638.0000000000
1471 -1635.0000000000
1494 -1634.0000000000
1506 -1633.0000000000
1507 -1631.0000000000
1522 -1629.0000000000
1543 -1628.0000000000
1547 -1627.0000000000
1553 -1626.0000000000
1562 -1624.0000000000
1574 -1623.0000000000
1585 -1622.0000000000
1586 -1619.0000000000
1604 -1618.0000000000
1619 -1617.0000000000
1631 -1616.0000000000
1637 -1615.0000000000
1643 -1614.0000000000
1666 -1611.0000000000
1679 -1610.0000000000
1692 -1608.0000000000
1693 -1607.0000000000
1706 -1606.0000000000
1712 -1605.0000000000
1742 -1603.0000000000
1751 -1600.0000000000
1764 -1599.0000000000
1781 -1598.0000000000
1783 -1594.0000000000
1798 -1593.0000000000
1807 -1591.0000000000
1813 -1587.0000000000
1842 -1586.0000000000
1844 -1584.0000000000
1860 -1583.0000000000
1863 -1581.0000000000
1871 -1580.0000000000
1887 -1578.0000000000
1902 -1577.0000000000
1912 -1575.0000000000
1939 -1574.0000000000
1955 -1573.0000000000
1956 -1572.0000000000
1961 -1571.0000000000
1962 -1569.0000000000
1974 -1568.0000000000
1981 -1567.0000000000
1995 -1565.0000000000
2001 -1564.0000000000
2005 -1562.0000000000
2040 -1561.0000000000
2059 -1560.0000000000
2064 -1559.0000000000
2070 -1558.0000000000
2084 -1557.0000000000
2087 -1555.0000000000
2102 -1553.0000000000
2133 -1552.0000000000
2142 -1551.0000000000
2145 -1550.0000000000
2160 -1549.0000000000
2164 -1547.0000000000
2176 -1545.0000000000
2187 -1544.0000000000
2197 -1543.0000000000
2204 -1542.0000000000
2218 -1541.0000000000
2220 -1539.0000000000
2235 -1537.0000000000
2247 -1534.0000000000
2252 -1533.0000000000
2255 -1532.0000000000
2285 -1531.0000000000
2290 -1529.0000000000
2307 -1528.0000000000
2314 -1526.0000000000
2331 -1524.0000000000
2345 -1523.0000000000
2356 -1522.0000000000
2369 -1520.0000000000
2390 -1518.0000000000
2416 -1517.0000000000
2417 -1516.0000000000
2430 -1515.0000000000
2442 -1514.0000000000
2451 -1511.0000000000
2461 -1510.0000000000
2480 -1509.0000000000
2488 -1508.0000000000
2502 -1507.0000000000
2510 -1506.0000000000
2514 -1505.0000000000
2518 -1504.0000000000
2522 -1503.0000000000
2531 -1502.0000000000
2554 -1500.0000000000
2565 -1498.0000000000
2587 -1497.0000000000
2597 -1496.0000000000
2599 -1495.0000000000
2612 -1493.0000000000
2626 -1490.0000000000
2634 -1488.0000000000
2660 -1487.0000000000
2662 -1485.0000000000
2672 -1483.0000000000
2684 -1482.0000000000
2698 -1480.0000000000
2701 -1479.0000000000
2718 -1478.0000000000
2733 -1477.0000000000
2744 -1476.0000000000
2748 -1474.0000000000
2751 -1473.0000000000
2769 -1471.0000000000
2790 -1470.0000000000
2806 -1469.0000000000
2811 -1466.0000000000
2838 -1465.0000000000
2843 -1464.0000000000
2858 -1463.0000000000
2860 -1462.0000000000
2877 -1460.0000000000
2895 -1458.0000000000
2901 -1457.0000000000
2910 -1455.0000000000
2933 -1454.0000000000
2940 -1451.0000000000
2976 -1449.0000000000
2999 -1448.0000000000
3011 -1445.0000000000
3032 -1443.0000000000
3042 -1442.0000000000
3058 -1440.0000000000
3073 -1439.0000000000
3082 -1438.0000000000
3106 -1437.0000000000
3127 -1436.0000000000
3132 -1434.0000000000
3145 -1433.0000000000
3148 -1432.0000000000
3151 -1431.0000000000
3164 -1430.0000000000
3171 -1429.0000000000
3184 -1427.0000000000
3191 -1426.0000000000
3203 -1424.0000000000
3213 -1423.0000000000
3230 -1422.0000000000
3234 -1418.0000000000
3264 -1417.0000000000
3280 -1416.0000000000
3293 -1414.0000000000
3307 -1413.0000000000
3309 -1412.0000000000
3318 -1411.0000000000
3321 -1410.0000000000
3336 -1408.0000000000
3351 -1407.0000000000
3352 -1404.0000000000
3379 -1403.0000000000
3398 -1401.0000000000
3399 -1400.0000000000
3412 -1399.0000000000
3422 -1398.0000000000
3431 -1397.0000000000
3436 -1396.0000000000
3463 -1393.0000000000
3488 -1391.0000000000
3505 -1390.0000000000
3523 -1387.0000000000
3546 -1386.0000000000
3553 -1385.0000000000
3557 -1384.0000000000
3564 -1383.0000000000
3567 -1381.0000000000
3572 -1380.0000000000
3599 -1379.0000000000
3600 -1378.0000000000
3602 -1377.0000000000
3610 -1376.0000000000
3612 -1372.0000000000
3642 -1371.0000000000
3662 -1369.0000000000
3676 -1368.0000000000
3691 -1367.0000000000
3701 -1365.0000000000
3702 -1364.0000000000
3720 -1363.0000000000
3723 -1360.0000000000
3756 -1359.0000000000
3758 -1357.0000000000
3766 -1356.0000000000
3774 -1355.0000000000
3784 -1354.0000000000
3810 -1353.0000000000
3813 -1352.0000000000
3826 -1351.0000000000
3837 -1350.0000000000
3839 -1349.0000000000
3848 -1347.0000000000
3856 -1346.0000000000
3874 -1345.0000000000
3886 -1343.0000000000
3906 -1342.0000000000
3911 -1341.0000000000
3929 -1340.0000000000
3932 -1338.0000000000
3945 -1336.0000000000
3967 -1333.0000000000
3974 -1332.0000000000
3987 -1329.0000000000
3993 -1328.0000000000
4004 -1326.0000000000
4011 -1324.0000000000
4028 -1321.0000000000
4050 -1319.0000000000
4061 -1317.0000000000
4082 -1316.0000000000
4090 -1313.0000000000
4101 -1312.0000000000
4124 -1311.0000000000
4132 -1310.0000000000
4143 -1309.0000000000
4160 -1306.0000000000
4168 -1305.0000000000
4178 -1304.0000000000
4197 -1303.0000000000
4202 -1302.0000000000
4221 -1299.0000000000
4253 -1298.0000000000
4260 -1297.0000000000
4281 -1296.0000000000
4284 -1295.0000000000
4295 -1294.0000000000
4307 -1293.0000000000
4312 -1292.0000000000
4320 -1289.0000000000
4322 -1287.0000000000
4343 -1286.0000000000
4357 -1283.0000000000
4391 -1282.0000000000
4402 -1280.0000000000
4411 -1278.0000000000
4415 -1277.0000000000
4431 -1276.0000000000
4455 -1275.0000000000
4461 -1274.0000000000
4475 -1273.0000000000
4487 -1272.0000000000
4491 -1271.0000000000
4515 -1270.0000000000
4516 -1269.0000000000
4519 -1268.0000000000
4532 -1267.0000000000
4533 -1266.0000000000
4545 -1264.0000000000
4560 -1262.0000000000
4562 -1261.0000000000
4572 -1260.0000000000
4592 -1258.0000000000
4611 -1257.0000000000
4613 -1255.0000000000
4646 -1254.0000000000
4665 -1253.0000000000
4673 -1252.0000000000
4685 -1251.0000000000
4693 -1250.0000000000
4715 -1249.0000000000
4729 -1246.0000000000
4747 -1245.0000000000
4767 -1244.0000000000
4783 -1243.0000000000
4797 -1241.0000000000
4802 -1239.0000000000
4835 -1238.0000000000
4855 -1237.0000000000
4868 -1236.0000000000
4870 -1235.0000000000
4886 -1232.0000000000
4892 -1231.0000000000
4902 -1230.0000000000
4908 -1228.0000000000
4941 -1226.0000000000
4952 -1225.0000000000
4954 -1224.0000000000
4975 -1222.0000000000
4984 -1221.0000000000
5003 -1220.0000000000
5025 -1219.0000000000
5039 -1218.0000000000
5048 -1217.0000000000
5051 -1216.0000000000
5059 -1215.0000000000
5062 -1213.0000000000
5071 -1212.0000000000
5085 -1211.0000000000
5106 -1210.0000000000
5118 -1208.0000000000
5121 -1207.0000000000
5122 -1206.0000000000
5135 -1205.0000000000
5162 -1202.0000000000
5193 -1201.0000000000
5194 -1200.0000000000
5209 -1199.0000000000
5215 -1197.0000000000
5225 -1196.0000000000
5242 -1193.0000000000
5266 -1192.0000000000
5275 -1190.0000000000
5287 -1188.0000000000
5294 -1187.0000000000
5302 -1184.0000000000
5327 -1183.0000000000
5332 -1182.0000000000
5333 -1181.0000000000
5348 -1180.0000000000
5353 -1179.0000000000
5367 -1177.0000000000
5378 -1175.0000000000
5386 -1174.0000000000
5405 -1172.0000000000
5412 -1171.0000000000
5436 -1170.0000000000
5442 -1169.0000000000
5458 -1168.0000000000
5466 -1167.0000000000
5473 -1166.0000000000
5476 -1163.0000000000
5499 -1162.0000000000
5503 -1161.0000000000
5518 -1160.0000000000
5526 -1158.0000000000
5532 -1156.0000000000
5553 -1155.0000000000
5575 -1154.0000000000
5592 -1153.0000000000
5606 -1151.0000000000
5623 -1150.0000000000
5629 -1149.0000000000
5644 -1147.0000000000
5650 -1146.0000000000
5664 -1145.0000000000
5673 -1144.0000000000
5676 -1143.0000000000
5682 -1141.0000000000
5686 -1139.0000000000
5707 -1135.0000000000
5741 -1134.0000000000
5759 -1133.0000000000
5766 -1129.0000000000
5794 -1128.0000000000
5795 -1126.0000000000
5819 -1125.0000000000
5822 -1124.0000000000
5843 -1123.0000000000
5844 -1121.0000000000
5856 -1118.0000000000
5865 -1117.0000000000
5873 -1115.0000000000
5910 -1114.0000000000
5914 -1113.0000000000
5931 -1112.0000000000
5949 -1111.0000000000
5950 -1109.0000000000
5964 -1108.0000000000
5975 -1107.0000000000
5981 -1106.0000000000
5994 -1105.0000000000
6001 -1104.0000000000
6022 -1101.0000000000
6039 -1100.0000000000
6042 -1097.0000000000
6053 -1096.0000000000
6070 -1095.0000000000
6075 -1094.0000000000
6088 -1092.0000000000
6101 -1090.0000000000
6126 -1089.0000000000
6135 -1087.0000000000
6164 -1086.0000000000
6165 -1085.0000000000
6175 -1082.0000000000
6181 -1081.0000000000
6204 -1080.0000000000
6223 -1079.0000000000
6237 -1078.0000000000
6254 -1076.0000000000
6293 -1075.0000000000
6298 -1074.0000000000
6319 -1073.0000000000
6321 -1072.0000000000
6322 -1071.0000000000
6335 -1070.0000000000
6343 -1069.0000000000
6364 -1068.0000000000
6367 -1067.0000000000
6371 -1066.0000000000
6392 -1062.0000000000
6411 -1061.0000000000
6419 -1059.0000000000
6445 -1058.0000000000
6452 -1054.0000000000
6493 -1053.0000000000
6500 -1051.0000000000
6506 -1049.0000000000
6513 -1048.0000000000
6522 -1045.0000000000
6563 -1044.0000000000
6567 -1043.0000000000
6573 -1042.0000000000
6582 -1040.0000000000
6602 -1039.0000000000
6615 -1037.0000000000
6626 -1034.0000000000
6652 -1033.0000000000
6674 -1031.0000000000
6694 -1027.0000000000
6733 -1025.0000000000
6754 -1024.0000000000
6770 -1023.0000000000
6796 -1022.0000000000
6803 -1018.0000000000
6811 -1017.0000000000
6833 -1015.0000000000
6855 -1014.0000000000
6873 -1012.0000000000
6891 -1010.0000000000
6930 -1008.0000000000
6955 -1007.0000000000
6973 -1006.0000000000
6984 -1005.0000000000
7007 -1004.0000000000
7021 -1003.0000000000
7032 -1002.0000000000
7051 -1001.0000000000
7059 -997.0000000000
7077 -996.0000000000
7091 -995.0000000000
7109 -994.0000000000
7135 -993.0000000000
7143 -992.0000000000
7166 -991.0000000000
7181 -989.0000000000
7203 -988.0000000000
7213 -987.0000000000
7245 -986.0000000000
7253 -985.0000000000
7262 -984.0000000000
7275 -983.0000000000
7284 -982.0000000000
7295 -981.0000000000
7313 -980.0000000000
7321 -979.0000000000
7325 -976.0000000000
7345 -974.0000000000
7358 -973.0000000000
7382 -972.0000000000
7395 -971.0000000000
7422 -970.0000000000
7436 -968.0000000000
7470 -967.0000000000
7477 -966.0000000000
7483 -965.0000000000
7511 -963.0000000000
7520 -960.0000000000
7573 -959.0000000000
7591 -958.0000000000
7603 -957.0000000000
7611 -955.0000000000
7635 -954.0000000000
7662 -951.0000000000
7673 -950.0000000000
7690 -949.0000000000
7699 -947.0000000000
7729 -946.0000000000
7751 -945.0000000000
7763 -943.0000000000
7772 -942.0000000000
7790 -941.0000000000
7813 -940.0000000000
7815 -935.0000000000
7838 -934.0000000000
7861 -933.0000000000
7874 -932.0000000000
7879 -931.0000000000
7883 -930.0000000000
7894 -929.0000000000
7903 -927.0000000000
7927 -925.0000000000
7938 -924.0000000000
7941 -922.0000000000
7960 -921.0000000000
7962 -919.0000000000
7992 -918.0000000000
8009 -916.0000000000
8018 -913.0000000000
8042 -910.0000000000
8059 -909.0000000000
8080 -908.0000000000
8115 -906.0000000000
8145 -905.0000000000
8168 -903.0000000000
8171 -902.0000000000
8185 -901.0000000000
8219 -898.0000000000
8245 -897.0000000000
8274 -896.0000000000
8284 -895.0000000000
8289 -894.0000000000
8301 -892.0000000000
8349 -890.0000000000
8363 -889.0000000000
8376 -888.0000000000
8388 -887.0000000000
8407 -885.0000000000
8424 -884.0000000000
8425 -883.0000000000
8433 -882.0000000000
8454 -881.0000000000
8476 -880.0000000000
8502 -879.0000000000
8514 -878.0000000000
8519 -877.0000000000
8520 -876.0000000000
8523 -875.0000000000
8531 -874.0000000000
8566 -873.0000000000
8570 -872.0000000000
8595 -871.0000000000
8601 -869.0000000000
8608 -868.0000000000
8624 -867.0000000000
8639 -866.0000000000
8664 -865.0000000000
8677 -864.0000000000
8682 -863.0000000000
8691 -862.0000000000
8705 -861.0000000000
8712 -860.0000000000
8731 -854.0000000000
8764 -853.0000000000
8785 -851.0000000000
8804 -850.0000000000
8820 -849.0000000000
8855 -845.0000000000
8861 -844.0000000000
8891 -843.0000000000
8922 -841.0000000000
8959 -840.0000000000
8975 -838.0000000000
8984 -837.0000000000
9003 -836.0000000000
9011 -834.0000000000
9050 -830.0000000000
9071 -829.0000000000
9102 -828.0000000000
9115 -827.0000000000
9124 -824.0000000000
9141 -823.0000000000
9142 -822.0000000000
9154 -821.0000000000
9156 -819.0000000000
9176 -818.0000000000
9212 -817.0000000000
9214 -816.0000000000
9233 -815.0000000000
9250 -814.0000000000
9261 -812.0000000000
9280 -811.0000000000
9282 -810.0000000000
9290 -809.0000000000
9299 -806.0000000000
9349 -805.0000000000
9375 -804.0000000000
9380 -803.0000000000
9391 -800.0000000000
9428 -799.0000000000
9432 -798.0000000000
9480 -795.0000000000
9515 -793.0000000000
9531 -792.0000000000
9553 -791.0000000000
9582 -790.0000000000
9589 -789.0000000000
9620 -788.0000000000
9627 -787.0000000000
9629 -786.0000000000
9674 -785.0000000000
9685 -784.0000000000
9696 -783.0000000000
9710 -782.0000000000
9730 -781.0000000000
9747 -780.0000000000
9764 -777.0000000000
9796 -776.0000000000
9807 -774.0000000000
9824 -773.0000000000
9834 -771.0000000000
9859 -770.0000000000
9876 -769.0000000000
9887 -768.0000000000
9908 -766.0000000000
9925 -765.0000000000
9954 -764.0000000000
9957 -763.0000000000
9969 -762.0000000000
10008 -761.0000000000
10014 -760.0000000000
10050 -758.0000000000
10052 -756.0000000000
10085 -753.0000000000
10108 -751.0000000000
10120 -750.0000000000
10142 -749.0000000000
10152 -747.0000000000
10163 -746.0000000000
10177 -745.0000000000
10184 -744.0000000000
10202 -743.0000000000
10218 -742.0000000000
10236 -741.0000000000
10251 -738.0000000000
10292 -737.0000000000
10313 -735.0000000000
10325 -734.0000000000
10348 -733.0000000000
10371 -732.0000000000
10387 -730.0000000000
10412 -729.0000000000
10451 -727.0000000000
10483 -726.0000000000
10494 -725.0000000000
10501 -724.0000000000
10523 -723.0000000000
10538 -722.0000000000
10561 -720.0000000000
10577 -719.0000000000
10627 -717.0000000000
10644 -716.0000000000
10676 -714.0000000000
10691 -712.0000000000
10718 -711.0000000000
10751 -709.0000000000
10760 -707.0000000000
10778 -706.0000000000
10822 -705.0000000000
10829 -702.0000000000
10874 -700.0000000000
10904 -699.0000000000
10913 -698.0000000000
10926 -693.0000000000
10955 -692.0000000000
10961 -690.0000000000
10971 -689.0000000000
11009 -688.0000000000
11012 -687.0000000000
11023 -686.0000000000
11037 -685.0000000000
11055 -684.0000000000
11061 -683.0000000000
11083 -680.0000000000
11108 -679.0000000000
11128 -677.0000000000
11162 -676.0000000000
11182 -675.0000000000
11185 -674.0000000000
11203 -673.0000000000
11215 -671.0000000000
11243 -669.0000000000
11257 -666.0000000000
11297 -665.0000000000
11327 -663.0000000000
11336 -661.0000000000
11371 -660.0000000000
11393 -659.0000000000
11404 -657.0000000000
11429 -656.0000000000
11451 -655.0000000000
11481 -654.0000000000
11500 -653.0000000000
11517 -652.0000000000
11526 -651.0000000000
11565 -650.0000000000
11572 -649.0000000000
11618 -648.0000000000
11630 -646.0000000000
11659 -645.0000000000
11665 -644.0000000000
11671 -642.0000000000
11713 -640.0000000000
11714 -639.0000000000
11729 -637.0000000000
11785 -636.0000000000
11796 -635.0000000000
11823 -634.0000000000
11829 -633.0000000000
11867 -631.0000000000
11894 -630.0000000000
11909 -629.0000000000
11915 -628.0000000000
11942 -627.0000000000
11965 -626.0000000000
11981 -625.0000000000
11989 -624.0000000000
12033 -623.0000000000
12034 -622.0000000000
12056 -621.0000000000
12067 -620.0000000000
12078 -619.0000000000
12094 -617.0000000000
12116 -616.0000000000
12124 -615.0000000000
12131 -614.0000000000
12164 -613.0000000000
12192 -612.0000000000
12200 -611.0000000000
12211 -609.0000000000
12223 -608.0000000000
12236 -606.0000000000
12272 -605.0000000000
12288 -604.0000000000
12321 -603.0000000000
12359 -602.0000000000
12371 -601.0000000000
12392 -599.0000000000
12407 -598.0000000000
12413 -595.0000000000
12425 -592.0000000000
12468 -590.0000000000
12516 -589.0000000000
12539 -588.0000000000
12551 -587.0000000000
12574 -585.0000000000
12603 -584.0000000000
12613 -582.0000000000
12641 -581.0000000000
12709 -580.0000000000
12723 -579.0000000000
12741 -578.0000000000
12779 -577.0000000000
12780 -576.0000000000
12787 -574.0000000000
12813 -570.0000000000
12857 -569.0000000000
12863 -568.0000000000
12882 -567.0000000000
12893 -565.0000000000
12910 -564.0000000000
12911 -563.0000000000
12999 -562.0000000000
13025 -561.0000000000
13048 -560.0000000000
13061 -559.0000000000
13062 -558.0000000000
13089 -557.0000000000
13111 -555.0000000000
13130 -554.0000000000
13189 -552.0000000000
13199 -551.0000000000
13215 -550.0000000000
13238 -549.0000000000
13246 -545.0000000000
13275 -544.0000000000
13285 -543.0000000000
13308 -542.0000000000
13312 -541.0000000000
13323 -539.0000000000
13344 -538.0000000000
13364 -536.0000000000
13375 -535.0000000000
13407 -533.0000000000
13424 -532.0000000000
13451 -531.0000000000
13480 -530.0000000000
13484 -528.0000000000
13502 -527.0000000000
13534 -525.0000000000
13543 -524.0000000000
13559 -523.0000000000
13572 -521.0000000000
13600 -520.0000000000
13603 -519.0000000000
13636 -518.0000000000
13697 -517.0000000000
13715 -515.0000000000
13727 -514.0000000000
13747 -511.0000000000
13769 -510.0000000000
13780 -509.0000000000
13796 -508.0000000000
13801 -507.0000000000
13816 -506.0000000000
13840 -505.0000000000
13859 -504.0000000000
13897 -502.0000000000
13925 -501.0000000000
13952 -500.0000000000
13971 -499.0000000000
13998 -496.0000000000
14037 -495.0000000000
14055 -494.0000000000
14093 -493.0000000000
14097 -491.0000000000
14140 -490.0000000000
14148 -488.0000000000
14161 -487.0000000000
14183 -486.0000000000
14205 -485.0000000000
14243 -484.0000000000
14270 -483.0000000000
14279 -482.0000000000
14284 -481.0000000000
14305 -480.0000000000
14318 -479.0000000000
14329 -478.0000000000
14347 -477.0000000000
14369 -476.0000000000
14401 -474.0000000000
14432 -473.0000000000
14449 -472.0000000000
14472 -471.0000000000
14494 -470.0000000000
14534 -469.0000000000
14546 -468.0000000000
14570 -464.0000000000
14592 -463.0000000000
14598 -462.0000000000
14627 -461.0000000000
14652 -460.0000000000
14694 -457.0000000000
14702 -455.0000000000
14754 -454.0000000000
14788 -453.0000000000
14816 -452.0000000000
14859 -451.0000000000
14879 -449.0000000000
14930 -447.0000000000
14949 -446.0000000000
14969 -444.0000000000
15006 -443.0000000000
15008 -442.0000000000
15038 -441.0000000000
15068 -440.0000000000
15128 -439.0000000000
15155 -438.0000000000
15158 -436.0000000000
15184 -435.0000000000
15207 -434.0000000000
15215 -433.0000000000
15249 -431.0000000000
15292 -430.0000000000
15304 -427.0000000000
15329 -426.0000000000
15343 -425.0000000000
15351 -424.0000000000
15428 -423.0000000000
15450 -422.0000000000
15457 -421.0000000000
15478 -420.0000000000
15479 -419.0000000000
15504 -418.0000000000
15519 -417.0000000000
15537 -415.0000000000
15572 -414.0000000000
15603 -413.0000000000
15620 -412.0000000000
15662 -411.0000000000
15673 -410.0000000000
15691 -409.0000000000
15714 -408.0000000000
15731 -407.0000000000
15757 -406.0000000000
15766 -405.0000000000
15772 -403.0000000000
15826 -402.0000000000
15835 -401.0000000000
15855 -400.0000000000
15892 -398.0000000000
15936 -397.0000000000
15961 -395.0000000000
15989 -393.0000000000
16014 -392.0000000000
16019 -390.0000000000
16028 -389.0000000000
16042 -388.0000000000
16064 -387.0000000000
16088 -386.0000000000
16113 -383.0000000000
16153 -380.0000000000
16203 -379.0000000000
16253 -377.0000000000
16319 -374.0000000000
16357 -373.0000000000
16375 -372.0000000000
16392 -371.0000000000
16428 -370.0000000000
16433 -368.0000000000
16462 -366.0000000000
16483 -365.0000000000
16531 -363.0000000000
16556 -362.0000000000
16594 -361.0000000000
16627 -360.0000000000
16678 -359.0000000000
16705 -358.0000000000
16709 -357.0000000000
16782 -356.0000000000
16821 -354.0000000000
16832 -353.0000000000
16884 -352.0000000000
16887 -351.0000000000
16905 -350.0000000000
16935 -347.0000000000
16942 -346.0000000000
16962 -345.0000000000
16968 -344.0000000000
16985 -342.0000000000
17026 -340.0000000000
17061 -339.0000000000
17083 -338.0000000000
17120 -336.0000000000
17128 -335.0000000000
17153 -334.0000000000
17201 -333.0000000000
17247 -332.0000000000
17301 -330.0000000000
17332 -329.0000000000
17341 -328.0000000000
17395 -327.0000000000
17403 -326.0000000000
17434 -325.0000000000
17457 -323.0000000000
17468 -322.0000000000
17542 -320.0000000000
17588 -318.0000000000
17634 -317.0000000000
17691 -315.0000000000
17706 -314.0000000000
17722 -313.0000000000
17752 -311.0000000000
17782 -310.0000000000
17799 -309.0000000000
17813 -308.0000000000
17841 -306.0000000000
17890 -305.0000000000
17896 -304.0000000000
17919 -303.0000000000
17943 -302.0000000000
17965 -301.0000000000
17974 -300.0000000000
18021 -299.0000000000
18061 -297.0000000000
18120 -296.0000000000
18122 -294.0000000000
18201 -293.0000000000
18213 -292.0000000000
18247 -291.0000000000
18328 -290.0000000000
18337 -289.0000000000
18391 -286.0000000000
18494 -283.0000000000
18533 -282.0000000000
18636 -281.0000000000
18656 -280.0000000000
18697 -278.0000000000
18760 -276.0000000000
18839 -275.0000000000
18877 -274.0000000000
18944 -273.0000000000
18953 -272.0000000000
18968 -270.0000000000
19015 -269.0000000000
19040 -268.0000000000
19059 -266.0000000000
19102 -265.0000000000
19126 -263.0000000000
19169 -262.0000000000
19219 -261.0000000000
19236 -260.0000000000
19254 -259.0000000000
19267 -258.0000000000
19280 -257.0000000000
19307 -256.0000000000
19338 -255.0000000000
19341 -254.0000000000
19408 -253.0000000000
19433 -252.0000000000
19470 -251.0000000000
19507 -250.0000000000
19515 -249.0000000000
19521 -248.0000000000
19533 -247.0000000000
19588 -246.0000000000
19627 -245.0000000000
19636 -243.0000000000
19647 -241.0000000000
19655 -240.0000000000
19698 -239.0000000000
19705 -238.0000000000
19769 -237.0000000000
19778 -236.0000000000
19851 -235.0000000000
19902 -234.0000000000
19946 -231.0000000000
19963 -230.0000000000
19978 -229.0000000000
20086 -228.0000000000
20129 -227.0000000000
20151 -226.0000000000
20183 -225.0000000000
20215 -223.0000000000
20219 -222.0000000000
20249 -220.0000000000
20327 -219.0000000000
20335 -218.0000000000
20377 -217.0000000000
20402 -216.0000000000
20473 -215.0000000000
20516 -214.0000000000
20554 -212.0000000000
20598 -211.0000000000
20627 -210.0000000000
20633 -209.0000000000
20721 -208.0000000000
20744 -206.0000000000
20783 -205.0000000000
20824 -204.0000000000
20840 -203.0000000000
20878 -201.0000000000
21029 -199.0000000000
21066 -198.0000000000
21096 -196.0000000000
21126 -195.0000000000
21164 -193.0000000000
21208 -191.0000000000
21263 -190.0000000000
21322 -189.0000000000
21353 -188.0000000000
21460 -187.0000000000
21493 -186.0000000000
21557 -184.0000000000
21621 -183.0000000000
21664 -182.0000000000
21695 -181.0000000000
21779 -180.0000000000
21807 -179.0000000000
21833 -178.0000000000
21853 -176.0000000000
21886 -175.0000000000
21967 -173.0000000000
22087 -172.0000000000
22153 -171.0000000000
22177 -169.0000000000
22189 -168.0000000000
22256 -167.0000000000
22324 -166.0000000000
22373 -165.0000000000
22416 -164.0000000000
22435 -161.0000000000
22542 -160.0000000000
22553 -159.0000000000
22614 -158.0000000000
22635 -157.0000000000
22680 -155.0000000000
22734 -154.0000000000
22747 -152.0000000000
22818 -151.0000000000
22887 -150.0000000000
22908 -149.0000000000
22936 -147.0000000000
22976 -146.0000000000
23032 -145.0000000000
23080 -144.0000000000
23100 -143.0000000000
23159 -142.0000000000
23200 -141.0000000000
23243 -139.0000000000
23249 -138.0000000000
23276 -137.0000000000
23344 -136.0000000000
23369 -135.0000000000
23413 -134.0000000000
23424 -133.0000000000
23450 -131.0000000000
23502 -129.0000000000
23613 -128.0000000000
23659 -127.0000000000
23662 -126.0000000000
23744 -125.0000000000
23846 -124.0000000000
23897 -123.0000000000
23913 -122.0000000000
24020 -121.0000000000
24036 -120.0000000000
24075 -119.0000000000
24136 -118.0000000000
24174 -117.0000000000
24224 -115.0000000000
24296 -114.0000000000
24404 -113.0000000000
24438 -112.0000000000
24490 -111.0000000000
24564 -110.0000000000
24601 -109.0000000000
24734 -108.0000000000
24797 -106.0000000000
24930 -105.0000000000
24983 -103.0000000000
25145 -102.0000000000
25163 -101.0000000000
25208 -100.0000000000
25273 -99.0000000000
25382 -98.0000000000
25434 -97.0000000000
25512 -96.0000000000
25567 -95.0000000000
25641 -93.0000000000
25700 -92.0000000000
25731 -90.0000000000
25823 -89.0000000000
25924 -88.0000000000
25975 -87.0000000000
26006 -86.0000000000
26019 -85.0000000000
26094 -84.0000000000
26131 -83.0000000000
26154 -82.0000000000
26254 -81.0000000000
26353 -80.0000000000
26428 -79.0000000000
26492 -78.0000000000
26681 -77.0000000000
26691 -76.0000000000
26719 -74.0000000000
26884 -73.0000000000
26969 -72.0000000000
27027 -71.0000000000
27029 -70.0000000000
27086 -69.0000000000
27140 -68.0000000000
27316 -67.0000000000
27323 -66.0000000000
27398 -65.0000000000
27417 -64.0000000000
27622 -63.0000000000
27765 -62.0000000000
27865 -60.0000000000
27991 -59.0000000000
28129 -58.0000000000
28179 -57.0000000000
28230 -56.0000000000
28254 -55.0000000000
28351 -53.0000000000
28413 -51.0000000000
28539 -50.0000000000
28612 -48.0000000000
29161 -47.0000000000
29254 -46.0000000000
29261 -45.0000000000
29360 -44.0000000000
29460 -43.0000000000
29466 -42.0000000000
29520 -41.0000000000
29603 -40.0000000000
30012 -39.0000000000
30096 -37.0000000000
30233 -36.0000000000
30244 -35.0000000000
30351 -34.0000000000
30583 -33.0000000000
30857 -31.0000000000
31097 -30.0000000000
31192 -29.0000000000
31264 -28.0000000000
31296 -27.0000000000
31321 -26.0000000000
31519 -25.0000000000
31940 -24.0000000000
32009 -22.0000000000
32257 -21.0000000000
32307 -20.0000000000
32488 -19.0000000000
32667 -17.0000000000
32950 -16.0000000000
33367 -14.0000000000
33675 -13.0000000000
33740 -12.0000000000
34124 -10.0000000000
34360 -9.0000000000
34680 -8.0000000000
34795 -7.0000000000
35506 -6.0000000000
35902 -5.0000000000
36606 -3.0000000000
37387 -2.0000000000
37454 65.6600000000
38673 67.8700000000
38678 83.8300000000
38696 87.1400000000
38763 87.7700000000
38790 90.6400000000
38899 98.6600000000
39875 99.2300000000
40256 101.7500000000
40705 106.7800000000
45687 115.6500000000
46931 117.7500000000
47206 226.1200000000
47529 231.6500000000
47618 239.9200000000
47628 254.0800000000
47985 255.7400000000
48070 275.6700000000
51795 276.4700000000
54590 283.3900000000
54890 288.9400000000
55535 339.8600000000
55614 345.8700000000
55728 347.8100000000
55795 350.9200000000
55796 363.0900000000
56627 369.7300000000
58526 374.3200000000
58635 380.3700000000
59025 382.4100000000
60740 386.2700000000
61367 392.6100000000
61745 492.1100000000
61806 495.5000000000
61830 496.5700000000
61831 505.2900000000
62338 507.6500000000
63302 508.1600000000
63803 525.7100000000
67461 538.1000000000
67836 545.8600000000
68663 558.0500000000
70785 559.3000000000
71296 562.2300000000
71646 570.6800000000
76773 571.2200000000
80001 572.9100000000
82283 576.2100000000
82336 577.6200000000
82352 578.8000000000
82556 591.1400000000
83185 593.2500000000
83231 593.2800000000
83340 596.5300000000
84532 599.9800000000
92984 601.6700000000
95203 619.5800000000
98788 620.9200000000
99103 622.3000000000
99400 626.5000000000
100000 618.8800000000
evaluations raw_y
1 -1988.0000000000
2 -1987.0000000000
12 -1970.0000000000
22 -1966.0000000000
32 -1957.0000000000
34 -1942.0000000000
44 -1930.0000000000
57 -1917.0000000000
66 -1914.0000000000
72 -1902.0000000000
83 -1900.0000000000
90 -1886.0000000000
108 -1884.0000000000
115 -1883.0000000000
124 -1882.0000000000
137 -1881.0000000000
148 -1880.0000000000
157 -1879.0000000000
162 -1877.0000000000
164 -1876.0000000000
172 -1875.0000000000
185 -1874.0000000000
188 -1870.0000000000
222 -1868.0000000000
241 -1867.0000000000
242 -1866.0000000000
262 -1865.0000000000
266 -1864.0000000000
273 -1862.0000000000
284 -1861.0000000000
301 -1858.0000000000
314 -1857.0000000000
321 -1856.0000000000
322 -1855.0000000000
338 -1854.0000000000
344 -1853.0000000000
353 -1852.0000000000
371 -1851.0000000000
385 -1850.0000000000
391 -1849.0000000000
396 -1847.0000000000
404 -1846.0000000000
406 -1845.0000000000
432 -1844.0000000000
435 -1841.0000000000
441 -1840.0000000000
455 -1838.0000000000
461 -1837.0000000000
465 -1836.0000000000
477 -1835.0000000000
493 -1834.0000000000
495 -1833.0000000000
503 -1831.0000000000
506 -1830.0000000000
511 -1828.0000000000
523 -1827.0000000000
529 -1825.0000000000
543 -1823.0000000000
558 -1822.0000000000
568 -1821.0000000000
572 -1820.0000000000
577 -1818.0000000000
590 -1816.0000000000
595 -1814.0000000000
606 -1811.0000000000
627 -1810.0000000000
635 -1809.0000000000
647 -1808.0000000000
650 -1806.0000000000
654 -1805.0000000000
661 -1804.0000000000
676 -1803.0000000000
679 -1801.0000000000
692 -1800.0000000000
701 -1799.0000000000
715 -1798.0000000000
741 -1796.0000000000
745 -1795.0000000000
751 -1792.0000000000
767 -1791.0000000000
785 -1790.0000000000
798 -1789.0000000000
806 -1787.0000000000
821 -1786.0000000000
824 -1783.0000000000
833 -1782.0000000000
841 -1781.0000000000
852 -1780.0000000000
854 -1778.0000000000
869 -1777.0000000000
874 -1776.0000000000
884 -1775.0000000000
893 -1774.0000000000
901 -1772.0000000000
910 -1771.0000000000
916 -1770.0000000000
927 -1769.0000000000
928 -1768.0000000000
939 -1766.0000000000
941 -1764.0000000000
959 -1763.0000000000
963 -1762.0000000000
970 -1760.0000000000
990 -1757.0000000000
999 -1756.0000000000
1005 -1755.0000000000
1019 -1753.0000000000
1026 -1752.0000000000
1035 -1751.0000000000
1037 -1750.0000000000
1042 -1749.0000000000
1065 -1748.0000000000
1073 -1745.0000000000
1093 -1744.0000000000
1094 -1743.0000000000
1098 -1742.0000000000
1112 -1740.0000000000
1121 -1739.0000000000
1136 -1738.0000000000
1141 -1736.0000000000
1143 -1733.0000000000
1161 -1731.0000000000
1165 -1730.0000000000
1174 -1727.0000000000
1185 -1726.0000000000
1203 -1725.0000000000
1215 -1723.0000000000
1228 -1721.0000000000
1246 -1720.0000000000
1251 -1717.0000000000
1264 -1716.0000000000
1271 -1714.0000000000
1286 -1712.0000000000
1303 -1710.0000000000
1327 -1708.0000000000
1335 -1707.0000000000
1337 -1706.0000000000
1350 -1705.0000000000
1351 -1704.0000000000
1361 -1703.0000000000
1376 -1702.0000000000
1389 -1699.0000000000
1401 -1698.0000000000
1403 -1697.0000000000
1423 -1695.0000000000
1437 -1694.0000000000
1444 -1692.0000000000
1455 -1691.0000000000
1462 -1690.0000000000
1471 -1689.0000000000
1482 -1686.0000000000
1501 -1685.0000000000
1508 -1684.0000000000
1517 -1682.0000000000
1526 -1677.0000000000
1542 -1675.0000000000
1563 -1674.0000000000
1576 -1672.0000000000
1592 -1671.0000000000
1614 -1669.0000000000
1634 -1668.0000000000
1635 -1667.0000000000
1642 -1666.0000000000
1653 -1664.0000000000
1663 -1662.0000000000
1673 -1661.0000000000
1682 -1657.0000000000
1705 -1656.0000000000
1715 -1654.0000000000
1727 -1653.0000000000
1739 -1651.0000000000
1753 -1650.0000000000
1755 -1649.0000000000
1764 -1648.0000000000
1781 -1646.0000000000
1786 -1645.0000000000
1802 -1642.0000000000
1823 -1641.0000000000
1829 -1640.0000000000
1831 -1639.0000000000
1854 -1638.0000000000
1873 -1637.0000000000
1877 -1634.0000000000
1881 -1633.0000000000
1882 -1632.0000000000
1903 -1630.0000000000
1924 -1627.0000000000
1931 -1626.0000000000
1943 -1624.0000000000
1951 -1623.0000000000
1967 -1621.0000000000
1992 -1620.0000000000
2001 -1618.0000000000
2002 -1617.0000000000
2011 -1615.0000000000
2025 -1611.0000000000
2032 -1610.0000000000
2058 -1608.0000000000
2068 -1607.0000000000
2083 -1606.0000000000
2094 -1604.0000000000
2102 -1603.0000000000
2117 -1602.0000000000
2127 -1601.0000000000
2138 -1600.0000000000
2158 -1599.0000000000
2160 -1597.0000000000
2168 -1596.0000000000
2176 -1595.0000000000
2183 -1593.0000000000
2195 -1592.0000000000
2203 -1591.0000000000
2212 -1589.0000000000
2227 -1588.0000000000
2238 -1587.0000000000
2240 -1586.0000000000
2242 -1585.0000000000
2249 -1583.0000000000
2256 -1582.0000000000
2263 -1581.0000000000
2274 -1579.0000000000
2283 -1576.0000000000
2311 -1575.0000000000
2325 -1573.0000000000
2340 -1572.0000000000
2342 -1571.0000000000
2358 -1570.0000000000
2371 -1569.0000000000
2376 -1566.0000000000
2392 -1563.0000000000
2413 -1562.0000000000
2417 -1561.0000000000
2421 -1560.0000000000
2433 -1559.0000000000
2434 -1558.0000000000
2450 -1554.0000000000
2473 -1553.0000000000
2481 -1551.0000000000
2503 -1550.0000000000
2518 -1549.0000000000
2529 -1548.0000000000
2544 -1547.0000000000
2548 -1546.0000000000
2552 -1545.0000000000
2561 -1544.0000000000
2572 -1541.0000000000
2598 -1540.0000000000
2607 -1539.0000000000
2614 -1538.0000000000
2619 -1536.0000000000
2622 -1535.0000000000
2628 -1534.0000000000
2633 -1533.0000000000
2652 -1532.0000000000
2663 -1531.0000000000
2675 -1530.0000000000
2696 -1529.0000000000
2704 -1527.0000000000
2708 -1525.0000000000
2722 -1522.0000000000
2747 -1521.0000000000
2750 -1520.0000000000
2755 -1519.0000000000
2767 -1518.0000000000
2775 -1517.0000000000
2784 -1514.0000000000
2802 -1512.0000000000
2814 -1511.0000000000
2836 -1509.0000000000
2855 -1508.0000000000
2869 -1505.0000000000
2880 -1504.0000000000
2889 -1503.0000000000
2901 -1502.0000000000
2913 -1499.0000000000
2924 -1498.0000000000
2934 -1497.0000000000
2944 -1496.0000000000
2952 -1495.0000000000
2964 -1494.0000000000
2982 -1493.0000000000
2993 -1492.0000000000
3003 -1488.0000000000
3041 -1487.0000000000
3044 -1486.0000000000
3054 -1485.0000000000
3072 -1484.0000000000
3080 -1483.0000000000
3095 -1480.0000000000
3134 -1479.0000000000
3139 -1478.0000000000
3146 -1477.0000000000
3151 -1475.0000000000
3165 -1474.0000000000
3179 -1473.0000000000
3190 -1469.0000000000
3214 -1466.0000000000
3233 -1465.0000000000
3241 -1464.0000000000
3257 -1462.0000000000
3262 -1461.0000000000
3297 -1460.0000000000
3303 -1458.0000000000
3324 -1456.0000000000
3337 -1455.0000000000
3340 -1454.0000000000
3349 -1453.0000000000
3374 -1452.0000000000
3378 -1449.0000000000
3381 -1448.0000000000
3411 -1446.0000000000
3426 -1445.0000000000
3435 -1443.0000000000
3452 -1442.0000000000
3470 -1441.0000000000
3474 -1440.0000000000
3484 -1439.0000000000
3486 -1438.0000000000
3496 -1436.0000000000
3511 -1434.0000000000
3514 -1432.0000000000
3538 -1431.0000000000
3547 -1430.0000000000
3551 -1429.0000000000
3564 -1428.0000000000
3578 -1427.0000000000
3581 -1426.0000000000
3591 -1425.0000000000
3602 -1423.0000000000
3622 -1421.0000000000
3631 -1420.0000000000
3655 -1417.0000000000
3664 -1415.0000000000
3673 -1414.0000000000
3685 -1411.0000000000
3695 -1410.0000000000
3713 -1407.0000000000
3728 -1404.0000000000
3761 -1403.0000000000
3764 -1402.0000000000
3767 -1401.0000000000
3784 -1400.0000000000
3806 -1399.0000000000
3808 -1396.0000000000
3816 -1395.0000000000
3828 -1394.0000000000
3831 -1393.0000000000
3834 -1392.0000000000
3851 -1391.0000000000
3858 -1390.0000000000
3869 -1388.0000000000
3873 -1387.0000000000
3876 -1386.0000000000
3886 -1385.0000000000
3906 -1383.0000000000
3929 -1382.0000000000
3951 -1380.0000000000
3962 -1379.0000000000
3988 -1378.0000000000
3992 -1377.0000000000
4011 -1376.0000000000
4017 -1375.0000000000
4018 -1374.0000000000
4026 -1373.0000000000
4030 -1372.0000000000
4048 -1371.0000000000
4053 -1369.0000000000
4070 -1368.0000000000
4075 -1367.0000000000
4085 -1365.0000000000
4091 -1364.0000000000
4114 -1362.0000000000
4115 -1360.0000000000
4126 -1359.0000000000
4129 -1358.0000000000
4135 -1355.0000000000
4143 -1353.0000000000
4168 -1352.0000000000
4178 -1350.0000000000
4180 -1349.0000000000
4188 -1347.0000000000
4196 -1346.0000000000
4205 -1345.0000000000
4214 -1344.0000000000
4218 -1343.0000000000
4228 -1342.0000000000
4245 -1340.0000000000
4252 -1338.0000000000
4272 -1337.0000000000
4275 -1335.0000000000
4291 -1334.0000000000
4302 -1332.0000000000
4322 -1331.0000000000
4343 -1330.0000000000
4350 -1328.0000000000
4355 -1325.0000000000
4384 -1324.0000000000
4386 -1322.0000000000
4426 -1321.0000000000
4431 -1320.0000000000
4439 -1319.0000000000
4442 -1318.0000000000
4447 -1317.0000000000
4461 -1316.0000000000
4469 -1313.0000000000
4487 -1312.0000000000
4494 -1311.0000000000
4505 -1310.0000000000
4515 -1308.0000000000
4566 -1307.0000000000
4571 -1305.0000000000
4585 -1302.0000000000
4603 -1301.0000000000
4614 -1299.0000000000
4625 -1296.0000000000
4647 -1294.0000000000
4656 -1293.0000000000
4666 -1292.0000000000
4678 -1291.0000000000
4681 -1290.0000000000
4682 -1289.0000000000
4705 -1288.0000000000
4730 -1286.0000000000
4757 -1285.0000000000
4763 -1284.0000000000
4765 -1282.0000000000
4771 -1279.0000000000
4792 -1278.0000000000
4821 -1277.0000000000
4831 -1275.0000000000
4862 -1272.0000000000
4872 -1270.0000000000
4885 -1269.0000000000
4906 -1268.0000000000
4912 -1265.0000000000
4943 -1264.0000000000
4955 -1262.0000000000
4961 -1260.0000000000
4971 -1259.0000000000
4991 -1257.0000000000
5003 -1256.0000000000
5006 -1255.0000000000
5024 -1253.0000000000
5046 -1252.0000000000
5053 -1250.0000000000
5080 -1249.0000000000
5092 -1248.0000000000
5105 -1247.0000000000
5124 -1246.0000000000
5133 -1245.0000000000
5141 -1244.0000000000
5152 -1243.0000000000
5158 -1240.0000000000
5168 -1238.0000000000
5172 -1237.0000000000
5181 -1236.0000000000
5196 -1235.0000000000
5205 -1234.0000000000
5212 -1233.0000000000
5230 -1232.0000000000
5247 -1231.0000000000
5265 -1229.0000000000
5267 -1228.0000000000
5273 -1226.0000000000
5295 -1225.0000000000
5296 -1224.0000000000
5303 -1223.0000000000
5311 -1221.0000000000
5337 -1220.0000000000
5344 -1219.0000000000
5346 -1217.0000000000
5359 -1216.0000000000
5382 -1215.0000000000
5383 -1214.0000000000
5396 -1213.0000000000
5405 -1210.0000000000
5435 -1209.0000000000
5452 -1208.0000000000
5457 -1207.0000000000
5480 -1205.0000000000
5501 -1204.0000000000
5511 -1203.0000000000
5512 -1202.0000000000
5541 -1199.0000000000
5559 -1198.0000000000
5562 -1197.0000000000
5582 -1196.0000000000
5601 -1195.0000000000
5602 -1194.0000000000
5613 -1193.0000000000
5624 -1192.0000000000
5637 -1191.0000000000
5653 -1189.0000000000
5670 -1188.0000000000
5694 -1187.0000000000
5706 -1186.0000000000
5720 -1185.0000000000
5732 -1183.0000000000
5740 -1182.0000000000
5746 -1181.0000000000
5759 -1180.0000000000
5763 -1179.0000000000
5771 -1178.0000000000
5791 -1177.0000000000
5818 -1175.0000000000
5834 -1174.0000000000
5850 -1173.0000000000
5858 -1171.0000000000
5886 -1170.0000000000
5897 -1169.0000000000
5910 -1167.0000000000
5912 -1164.0000000000
5922 -1163.0000000000
5936 -1162.0000000000
5959 -1161.0000000000
5967 -1158.0000000000
5984 -1156.0000000000
6005 -1155.0000000000
6022 -1154.0000000000
6031 -1153.0000000000
6054 -1152.0000000000
6065 -1150.0000000000
6077 -1149.0000000000
6099 -1148.0000000000
6101 -1143.0000000000
6133 -1141.0000000000
6168 -1140.0000000000
6170 -1138.0000000000
6183 -1135.0000000000
6213 -1134.0000000000
6221 -1132.0000000000
6245 -1130.0000000000
6279 -1129.0000000000
6290 -1128.0000000000
6301 -1127.0000000000
6311 -1126.0000000000
6326 -1125.0000000000
6332 -1123.0000000000
6334 -1122.0000000000
6356 -1120.0000000000
6366 -1119.0000000000
6379 -1118.0000000000
6384 -1117.0000000000
6404 -1112.0000000000
6427 -1111.0000000000
6432 -1110.0000000000
6450 -1109.0000000000
6454 -1107.0000000000
6468 -1106.0000000000
6475 -1103.0000000000
6493 -1100.0000000000
6527 -1098.0000000000
6554 -1096.0000000000
6578 -1095.0000000000
6593 -1094.0000000000
6602 -1093.0000000000
6621 -1091.0000000000
6622 -1090.0000000000
6649 -1089.0000000000
6650 -1088.0000000000
6660 -1085.0000000000
6681 -1084.0000000000
6688 -1083.0000000000
6696 -1079.0000000000
6729 -1078.0000000000
6743 -1075.0000000000
6772 -1074.0000000000
6778 -1073.0000000000
6782 -1070.0000000000
6806 -1069.0000000000
6829 -1068.0000000000
6841 -1066.0000000000
6857 -1065.0000000000
6862 -1060.0000000000
6887 -1059.0000000000
6891 -1058.0000000000
6892 -1054.0000000000
6901 -1053.0000000000
6913 -1052.0000000000
6930 -1051.0000000000
6963 -1050.0000000000
6966 -1048.0000000000
6974 -1047.0000000000
6995 -1045.0000000000
7022 -1041.0000000000
7040 -1037.0000000000
7071 -1036.0000000000
7085 -1034.0000000000
7091 -1033.0000000000
7103 -1031.0000000000
7136 -1030.0000000000
7144 -1029.0000000000
7161 -1028.0000000000
7172 -1027.0000000000
7184 -1026.0000000000
7232 -1025.0000000000
7234 -1024.0000000000
7249 -1023.0000000000
7284 -1022.0000000000
7305 -1021.0000000000
7333 -1019.0000000000
7355 -1018.0000000000
7362 -1017.0000000000
7373 -1016.0000000000
7383 -1015.0000000000
7403 -1014.0000000000
7406 -1013.0000000000
7416 -1012.0000000000
7427 -1011.0000000000
7444 -1009.0000000000
7451 -1006.0000000000
7467 -1005.0000000000
7473 -1004.0000000000
7484 -1003.0000000000
7500 -1002.0000000000
7505 -1001.0000000000
7540 -1000.0000000000
7543 -998.0000000000
7569 -996.0000000000
7582 -993.0000000000
7597 -992.0000000000
7615 -989.0000000000
7629 -987.0000000000
7649 -986.0000000000
7661 -984.0000000000
7664 -982.0000000000
7676 -981.0000000000
7701 -980.0000000000
7710 -979.0000000000
7731 -976.0000000000
7747 -975.0000000000
7760 -973.0000000000
7771 -969.0000000000
7804 -968.0000000000
7810 -966.0000000000
7816 -965.0000000000
7834 -964.0000000000
7844 -963.0000000000
7856 -962.0000000000
7863 -961.0000000000
7882 -960.0000000000
7891 -957.0000000000
7916 -956.0000000000
7941 -955.0000000000
7954 -954.0000000000
7966 -953.0000000000
7985 -951.0000000000
8000 -950.0000000000
8006 -949.0000000000
8025 -944.0000000000
8038 -943.0000000000
8041 -942.0000000000
8069 -941.0000000000
8076 -940.0000000000
8088 -937.0000000000
8101 -936.0000000000
8109 -933.0000000000
8117 -931.0000000000
8151 -930.0000000000
8180 -928.0000000000
8195 -927.0000000000
8212 -926.0000000000
8238 -924.0000000000
8244 -923.0000000000
8266 -921.0000000000
8292 -920.0000000000
8304 -918.0000000000
8313 -917.0000000000
8332 -915.0000000000
8377 -914.0000000000
8378 -913.0000000000
8381 -912.0000000000
8393 -910.0000000000
8396 -909.0000000000
8418 -908.0000000000
8440 -906.0000000000
8460 -904.0000000000
8472 -903.0000000000
8509 -902.0000000000
8517 -901.0000000000
8532 -900.0000000000
8533 -899.0000000000
8541 -898.0000000000
8551 -897.0000000000
8566 -895.0000000000
8615 -894.0000000000
8626 -893.0000000000
8637 -892.0000000000
8652 -891.0000000000
8663 -890.0000000000
8675 -889.0000000000
8692 -888.0000000000
8704 -885.0000000000
8726 -883.0000000000
8754 -882.0000000000
8770 -880.0000000000
8795 -879.0000000000
8818 -878.0000000000
8827 -877.0000000000
8831 -876.0000000000
8844 -873.0000000000
8881 -872.0000000000
8889 -868.0000000000
8913 -866.0000000000
8952 -864.0000000000
8976 -863.0000000000
8985 -862.0000000000
9003 -861.0000000000
9023 -859.0000000000
9046 -858.0000000000
9065 -857.0000000000
9084 -856.0000000000
9090 -855.0000000000
9091 -854.0000000000
9115 -853.0000000000
9118 -852.0000000000
9129 -850.0000000000
9134 -849.0000000000
9153 -848.0000000000
9175 -847.0000000000
9201 -846.0000000000
9216 -845.0000000000
9222 -844.0000000000
9233 -842.0000000000
9253 -841.0000000000
9271 -839.0000000000
9304 -837.0000000000
9311 -836.0000000000
9335 -835.0000000000
9347 -834.0000000000
9359 -832.0000000000
9377 -831.0000000000
9387 -830.0000000000
9403 -829.0000000000
9412 -828.0000000000
9426 -827.0000000000
9454 -826.0000000000
9457 -825.0000000000
9485 -824.0000000000
9515 -823.0000000000
9517 -820.0000000000
9543 -817.0000000000
9561 -816.0000000000
9596 -815.0000000000
9603 -813.0000000000
9630 -812.0000000000
9642 -811.0000000000
9651 -810.0000000000
9653 -808.0000000000
9675 -807.0000000000
9684 -806.0000000000
9697 -803.0000000000
9708 -802.0000000000
9715 -801.0000000000
9733 -800.0000000000
9753 -798.0000000000
9788 -797.0000000000
9800 -796.0000000000
9811 -795.0000000000
9831 -794.0000000000
9844 -793.0000000000
9851 -792.0000000000
9857 -791.0000000000
9871 -790.0000000000
9881 -789.0000000000
9885 -788.0000000000
9895 -785.0000000000
9913 -784.0000000000
9938 -782.0000000000
9944 -781.0000000000
9973 -780.0000000000
9984 -778.0000000000
10024 -777.0000000000
10045 -776.0000000000
10049 -775.0000000000
10050 -774.0000000000
10054 -773.0000000000
10071 -772.0000000000
10083 -769.0000000000
10143 -768.0000000000
10165 -767.0000000000
10177 -766.0000000000
10190 -765.0000000000
10195 -763.0000000000
10210 -762.0000000000
10215 -761.0000000000
10231 -760.0000000000
10254 -759.0000000000
10278 -758.0000000000
10286 -755.0000000000
10297 -754.0000000000
10301 -753.0000000000
10332 -751.0000000000
10346 -750.0000000000
10369 -749.0000000000
10375 -748.0000000000
10382 -744.0000000000
10393 -743.0000000000
10421 -742.0000000000
10450 -741.0000000000
10460 -740.0000000000
10481 -739.0000000000
10485 -738.0000000000
10501 -737.0000000000
10508 -735.0000000000
10543 -734.0000000000
10546 -731.0000000000
10576 -729.0000000000
10608 -728.0000000000
10611 -727.0000000000
10621 -726.0000000000
10623 -725.0000000000
10645 -723.0000000000
10682 -722.0000000000
10695 -721.0000000000
10698 -720.0000000000
10705 -719.0000000000
10743 -718.0000000000
10767 -717.0000000000
10782 -714.0000000000
10804 -711.0000000000
10841 -708.0000000000
10865 -707.0000000000
10873 -706.0000000000
10874 -705.0000000000
10882 -704.0000000000
10905 -703.0000000000
10934 -702.0000000000
10950 -701.0000000000
10962 -700.0000000000
10980 -699.0000000000
10999 -698.0000000000
11004 -697.0000000000
11030 -696.0000000000
11067 -694.0000000000
11087 -693.0000000000
11091 -692.0000000000
11105 -691.0000000000
11145 -689.0000000000
11163 -687.0000000000
11181 -686.0000000000
11185 -685.0000000000
11209 -680.0000000000
11237 -679.0000000000
11252 -678.0000000000
11298 -677.0000000000
11312 -676.0000000000
11321 -675.0000000000
11339 -674.0000000000
11358 -673.0000000000
11376 -672.0000000000
11404 -670.0000000000
11420 -668.0000000000
11442 -667.0000000000
11461 -666.0000000000
11491 -665.0000000000
11495 -664.0000000000
11544 -663.0000000000
11547 -662.0000000000
11556 -661.0000000000
11584 -660.0000000000
11594 -659.0000000000
11611 -658.0000000000
11620 -657.0000000000
11624 -656.0000000000
11627 -655.0000000000
11649 -654.0000000000
11654 -653.0000000000
11695 -652.0000000000
11710 -651.0000000000
11763 -649.0000000000
11794 -648.0000000000
11797 -646.0000000000
11830 -644.0000000000
11845 -643.0000000000
11873 -641.0000000000
11910 -640.0000000000
11937 -638.0000000000
11957 -637.0000000000
11966 -634.0000000000
11993 -631.0000000000
12022 -630.0000000000
12049 -629.0000000000
12055 -628.0000000000
12073 -627.0000000000
12103 -625.0000000000
12127 -624.0000000000
12133 -622.0000000000
12141 -621.0000000000
12174 -618.0000000000
12213 -617.0000000000
12254 -616.0000000000
12263 -615.0000000000
12285 -614.0000000000
12291 -613.0000000000
12316 -612.0000000000
12321 -610.0000000000
12356 -609.0000000000
12391 -608.0000000000
12401 -607.0000000000
12408 -606.0000000000
12449 -605.0000000000
12483 -604.0000000000
12491 -603.0000000000
12492 -602.0000000000
12501 -601.0000000000
12510 -600.0000000000
12523 -599.0000000000
12543 -597.0000000000
12558 -596.0000000000
12576 -595.0000000000
12626 -594.0000000000
12640 -593.0000000000
12667 -592.0000000000
12675 -590.0000000000
12709 -588.0000000000
12743 -587.0000000000
12754 -585.0000000000
12793 -584.0000000000
12845 -583.0000000000
12856 -582.0000000000
12903 -581.0000000000
12905 -580.0000000000
12920 -579.0000000000
12937 -578.0000000000
12957 -577.0000000000
12985 -575.0000000000
12996 -573.0000000000
13028 -572.0000000000
13051 -571.0000000000
13066 -570.0000000000
13088 -569.0000000000
13091 -568.0000000000
13111 -567.0000000000
13123 -565.0000000000
13159 -564.0000000000
13193 -563.0000000000
13240 -562.0000000000
13253 -561.0000000000
13266 -559.0000000000
13294 -558.0000000000
13298 -557.0000000000
13320 -555.0000000000
13359 -553.0000000000
13379 -552.0000000000
13409 -551.0000000000
13463 -550.0000000000
13473 -549.0000000000
13487 -547.0000000000
13495 -546.0000000000
13517 -544.0000000000
13541 -543.0000000000
13567 -542.0000000000
13575 -541.0000000000
13580 -540.0000000000
13630 -539.0000000000
13679 -538.0000000000
13696 -536.0000000000
13707 -535.0000000000
13733 -534.0000000000
13754 -533.0000000000
13763 -532.0000000000
13794 -530.0000000000
13798 -529.0000000000
13810 -528.0000000000
13837 -527.0000000000
13855 -526.0000000000
13887 -525.0000000000
13899 -522.0000000000
13927 -521.0000000000
13963 -520.0000000000
13969 -519.0000000000
13971 -518.0000000000
14027 -516.0000000000
14036 -515.0000000000
14046 -514.0000000000
14067 -513.0000000000
14083 -512.0000000000
14109 -511.0000000000
14128 -510.0000000000
14133 -508.0000000000
14164 -507.0000000000
14188 -506.0000000000
14218 -505.0000000000
14226 -504.0000000000
14251 -503.0000000000
14269 -500.0000000000
14294 -499.0000000000
14322 -498.0000000000
14346 -497.0000000000
14347 -496.0000000000
14357 -495.0000000000
14367 -494.0000000000
14402 -493.0000000000
14462 -492.0000000000
14463 -491.0000000000
14493 -490.0000000000
14510 -488.0000000000
14519 -487.0000000000
14531 -486.0000000000
14536 -485.0000000000
14543 -483.0000000000
14563 -482.0000000000
14581 -480.0000000000
14630 -479.0000000000
14654 -478.0000000000
14655 -477.0000000000
14669 -476.0000000000
14676 -474.0000000000
14682 -473.0000000000
14704 -472.0000000000
14713 -470.0000000000
14730 -469.0000000000
14736 -468.0000000000
14757 -467.0000000000
14811 -465.0000000000
14832 -463.0000000000
14846 -462.0000000000
14906 -461.0000000000
14915 -459.0000000000
14937 -457.0000000000
14945 -456.0000000000
14978 -455.0000000000
14982 -454.0000000000
15009 -451.0000000000
15043 -450.0000000000
15062 -448.0000000000
15079 -447.0000000000
15118 -446.0000000000
15149 -445.0000000000
15171 -443.0000000000
15216 -442.0000000000
15245 -441.0000000000
15277 -440.0000000000
15278 -439.0000000000
15282 -438.0000000000
15331 -436.0000000000
15341 -435.0000000000
15368 -434.0000000000
15372 -433.0000000000
15413 -432.0000000000
15450 -431.0000000000
15461 -430.0000000000
15492 -429.0000000000
15521 -427.0000000000
15552 -426.0000000000
15599 -425.0000000000
15609 -423.0000000000
15642 -422.0000000000
15691 -421.0000000000
15699 -420.0000000000
15711 -419.0000000000
15740 -418.0000000000
15768 -417.0000000000
15781 -416.0000000000
15801 -415.0000000000
15819 -414.0000000000
15837 -413.0000000000
15843 -412.0000000000
15851 -409.0000000000
15890 -408.0000000000
15916 -407.0000000000
15937 -406.0000000000
15949 -405.0000000000
15978 -404.0000000000
16015 -403.0000000000
16034 -402.0000000000
16063 -399.0000000000
16073 -397.0000000000
16124 -395.0000000000
16131 -394.0000000000
16170 -393.0000000000
16219 -392.0000000000
16223 -391.0000000000
16289 -390.0000000000
16330 -388.0000000000
16342 -386.0000000000
16400 -385.0000000000
16433 -383.0000000000
16493 -382.0000000000
16502 -381.0000000000
16505 -380.0000000000
16536 -379.0000000000
16569 -378.0000000000
16633 -377.0000000000
16666 -376.0000000000
16693 -375.0000000000
16711 -374.0000000000
16764 -373.0000000000
16783 -372.0000000000
16836 -371.0000000000
16856 -370.0000000000
16883 -367.0000000000
16917 -366.0000000000
16943 -365.0000000000
16955 -364.0000000000
16977 -363.0000000000
16983 -362.0000000000
16991 -361.0000000000
17039 -358.0000000000
17067 -357.0000000000
17095 -356.0000000000
17155 -355.0000000000
17170 -354.0000000000
17190 -353.0000000000
17197 -352.0000000000
17207 -350.0000000000
17211 -349.0000000000
17223 -348.0000000000
17229 -347.0000000000
17243 -345.0000000000
17274 -344.0000000000
17311 -341.0000000000
17387 -340.0000000000
17422 -339.0000000000
17442 -338.0000000000
17462 -337.0000000000
17505 -336.0000000000
17532 -335.0000000000
17553 -334.0000000000
17562 -333.0000000000
17580 -332.0000000000
17606 -331.0000000000
17650 -330.0000000000
17662 -329.0000000000
17728 -328.0000000000
17756 -327.0000000000
17761 -326.0000000000
17804 -325.0000000000
17819 -324.0000000000
17840 -323.0000000000
17882 -322.0000000000
17890 -321.0000000000
17902 -320.0000000000
17924 -319.0000000000
17941 -318.0000000000
17949 -317.0000000000
18000 -316.0000000000
18011 -315.0000000000
18037 -314.0000000000
18096 -312.0000000000
18152 -311.0000000000
18209 -310.0000000000
18213 -309.0000000000
18263 -307.0000000000
18325 -305.0000000000
18382 -303.0000000000
18404 -299.0000000000
18470 -298.0000000000
18518 -297.0000000000
18550 -296.0000000000
18563 -295.0000000000
18569 -294.0000000000
18613 -293.0000000000
18627 -292.0000000000
18652 -291.0000000000
18694 -290.0000000000
18714 -289.0000000000
18729 -288.0000000000
18826 -287.0000000000
18828 -286.0000000000
18870 -285.0000000000
18900 -284.0000000000
18902 -283.0000000000
18932 -282.0000000000
18959 -281.0000000000
18978 -280.0000000000
19001 -278.0000000000
19032 -277.0000000000
19054 -276.0000000000
19065 -271.0000000000
19209 -270.0000000000
19223 -268.0000000000
19251 -267.0000000000
19281 -266.0000000000
19287 -265.0000000000
19347 -264.0000000000
19354 -263.0000000000
19414 -262.0000000000
19427 -260.0000000000
19445 -259.0000000000
19472 -258.0000000000
19491 -257.0000000000
19530 -256.0000000000
19555 -255.0000000000
19614 -254.0000000000
19619 -252.0000000000
19642 -251.0000000000
19667 -249.0000000000
19752 -247.0000000000
19782 -245.0000000000
19824 -244.0000000000
19847 -243.0000000000
19879 -242.0000000000
19897 -241.0000000000
19913 -240.0000000000
19942 -239.0000000000
19960 -238.0000000000
19986 -235.0000000000
20024 -234.0000000000
20071 -233.0000000000
20087 -232.0000000000
20145 -231.0000000000
20157 -230.0000000000
20197 -229.0000000000
20209 -228.0000000000
20254 -226.0000000000
20281 -224.0000000000
20367 -223.0000000000
20386 -222.0000000000
20396 -221.0000000000
20414 -220.0000000000
20489 -219.0000000000
20496 -218.0000000000
20562 -217.0000000000
20602 -216.0000000000
20664 -215.0000000000
20714 -214.0000000000
20738 -210.0000000000
20829 -209.0000000000
20867 -208.0000000000
20883 -207.0000000000
20921 -206.0000000000
20948 -205.0000000000
20965 -204.0000000000
21003 -203.0000000000
21034 -202.0000000000
21046 -201.0000000000
21077 -200.0000000000
21082 -199.0000000000
21095 -198.0000000000
21111 -197.0000000000
21128 -196.0000000000
21171 -194.0000000000
21280 -193.0000000000
21335 -192.0000000000
21350 -190.0000000000
21424 -189.0000000000
21465 -188.0000000000
21516 -187.0000000000
21539 -186.0000000000
21561 -185.0000000000
21610 -184.0000000000
21646 -183.0000000000
21670 -180.0000000000
21731 -178.0000000000
21829 -177.0000000000
21860 -176.0000000000
21889 -175.0000000000
21903 -174.0000000000
21930 -173.0000000000
21973 -172.0000000000
21974 -171.0000000000
22046 -170.0000000000
22062 -168.0000000000
22097 -167.0000000000
22119 -165.0000000000
22211 -164.0000000000
22263 -163.0000000000
22373 -162.0000000000
22401 -161.0000000000
22412 -160.0000000000
22425 -159.0000000000
22481 -158.0000000000
22540 -157.0000000000
22556 -156.0000000000
22602 -155.0000000000
22641 -154.0000000000
22665 -153.0000000000
22705 -151.0000000000
22741 -150.0000000000
22779 -148.0000000000
22827 -146.0000000000
22867 -145.0000000000
22984 -144.0000000000
23034 -143.0000000000
23095 -142.0000000000
23201 -141.0000000000
23258 -140.0000000000
23297 -139.0000000000
23388 -138.0000000000
23445 -137.0000000000
23502 -136.0000000000
23575 -135.0000000000
23601 -134.0000000000
23618 -133.0000000000
23652 -132.0000000000
23667 -130.0000000000
23672 -129.0000000000
23784 -128.0000000000
23880 -126.0000000000
23938 -124.0000000000
24212 -123.0000000000
24265 -122.0000000000
24321 -121.0000000000
24358 -120.0000000000
24386 -119.0000000000
24408 -118.0000000000
24484 -116.0000000000
24516 -115.0000000000
24632 -113.0000000000
24733 -112.0000000000
24928 -111.0000000000
24929 -109.0000000000
24968 -108.0000000000
24994 -107.0000000000
25153 -106.0000000000
25252 -105.0000000000
25353 -104.0000000000
25469 -102.0000000000
25606 -101.0000000000
25616 -100.0000000000
25641 -99.0000000000
25702 -97.0000000000
25808 -96.0000000000
25874 -94.0000000000
26056 -93.0000000000
26120 -92.0000000000
26221 -91.0000000000
26275 -90.0000000000
26342 -89.0000000000
26375 -87.0000000000
26477 -85.0000000000
26600 -84.0000000000
26632 -83.0000000000
26673 -82.0000000000
26767 -81.0000000000
26785 -80.0000000000
26814 -79.0000000000
26874 -78.0000000000
26929 -77.0000000000
26946 -76.0000000000
27034 -75.0000000000
27218 -74.0000000000
27290 -72.0000000000
27329 -71.0000000000
27374 -70.0000000000
27429 -69.0000000000
27523 -68.0000000000
27556 -67.0000000000
27583 -66.0000000000
27712 -65.0000000000
27776 -64.0000000000
27850 -63.0000000000
27930 -62.0000000000
27990 -61.0000000000
28133 -60.0000000000
28213 -59.0000000000
28255 -58.0000000000
28558 -57.0000000000
28627 -56.0000000000
28666 -55.0000000000
29088 -53.0000000000
29307 -52.0000000000
29648 -50.0000000000
29685 -49.0000000000
29870 -48.0000000000
29899 -47.0000000000
29962 -46.0000000000
30278 -45.0000000000
30499 -43.0000000000
30707 -42.0000000000
30858 -40.0000000000
30956 -39.0000000000
31071 -38.0000000000
31136 -37.0000000000
31356 -36.0000000000
31758 -34.0000000000
31882 -33.0000000000
32115 -32.0000000000
32162 -31.0000000000
32227 -30.0000000000
32394 -28.0000000000
32560 -27.0000000000
33019 -26.0000000000
33108 -25.0000000000
33387 -24.0000000000
33506 -23.0000000000
33741 -22.0000000000
33914 -21.0000000000
33936 -20.0000000000
34463 -19.0000000000
34537 -18.0000000000
34732 -17.0000000000
34782 -16.0000000000
35122 -15.0000000000
35142 -14.0000000000
35162 -13.0000000000
35577 -12.0000000000
35630 -11.0000000000
35759 -10.0000000000
35773 -8.0000000000
37297 -7.0000000000
38408 -6.0000000000
38672 -5.0000000000
39042 -4.0000000000
39248 -3.0000000000
39336 -2.0000000000
41020 -1.0000000000
41090 57.1600000000
41101 60.8200000000
41130 60.8400000000
41143 73.5100000000
41285 77.7300000000
41329 81.3400000000
41467 249.2200000000
44096 253.1400000000
44105 263.7900000000
44252 267.6900000000
44348 269.1400000000
44381 269.3800000000
44513 272.9800000000
44561 273.6200000000
44700 275.0200000000
44824 293.6300000000
46667 303.7400000000
47757 317.9100000000
48011 322.3600000000
50668 322.7100000000
51434 322.7400000000
52490 327.9700000000
53830 333.8000000000
55505 400.6300000000
58195 404.1600000000
58412 406.8800000000
58750 414.4000000000
63192 477.5300000000
65069 487.8900000000
65089 496.9900000000
65147 500.3300000000
65246 514.8900000000
78176 616.5000000000
79165 616.7600000000
79201 624.0700000000
79285 624.9800000000
79339 626.6000000000
79346 627.9500000000
79370 630.3700000000
79485 633.9400000000
79687 644.2600000000
79896 646.6100000000
82789 669.8400000000
84606 671.2800000000
84719 672.8300000000
84794 680.9700000000
86604 689.6600000000
88728 690.3900000000
88820 691.0900000000
89008 705.1200000000
89965 705.1600000000
90725 707.5900000000
90763 716.0000000000
90851 723.2400000000
90873 732.5000000000
91623 832.9300000000
94690 834.0200000000
94726 847.8900000000
96137 853.1400000000
100000 -2.0000000000
evaluations raw_y
1 -2032.0000000000
2 -1994.0000000000
7 -1989.0000000000
9 -1984.0000000000
11 -1970.0000000000
18 -1960.0000000000
21 -1941.0000000000
31 -1920.0000000000
40 -1909.0000000000
42 -1908.0000000000
47 -1893.0000000000
57 -1892.0000000000
66 -1883.0000000000
72 -1881.0000000000
77 -1877.0000000000
83 -1876.0000000000
85 -1875.0000000000
92 -1873.0000000000
95 -1870.0000000000
96 -1868.0000000000
98 -1859.0000000000
107 -1855.0000000000
117 -1854.0000000000
123 -1851.0000000000
130 -1847.0000000000
133 -1834.0000000000
145 -1833.0000000000
163 -1831.0000000000
164 -1827.0000000000
180 -1818.0000000000
214 -1816.0000000000
231 -1813.0000000000
241 -1812.0000000000
246 -1811.0000000000
257 -1810.0000000000
263 -1809.0000000000
271 -1808.0000000000
283 -1807.0000000000
291 -1806.0000000000
301 -1805.0000000000
303 -1800.0000000000
313 -1799.0000000000
331 -1798.0000000000
345 -1797.0000000000
361 -1795.0000000000
369 -1794.0000000000
371 -1793.0000000000
381 -1790.0000000000
399 -1789.0000000000
401 -1788.0000000000
422 -1786.0000000000
443 -1785.0000000000
452 -1784.0000000000
462 -1783.0000000000
486 -1780.0000000000
502 -1779.0000000000
510 -1778.0000000000
514 -1777.0000000000
517 -1775.0000000000
542 -1774.0000000000
548 -1771.0000000000
556 -1770.0000000000
576 -1769.0000000000
578 -1768.0000000000
590 -1767.0000000000
592 -1766.0000000000
606 -1763.0000000000
627 -1762.0000000000
640 -1761.0000000000
642 -1760.0000000000
662 -1758.0000000000
672 -1756.0000000000
685 -1754.0000000000
701 -1753.0000000000
704 -1751.0000000000
710 -1750.0000000000
716 -1749.0000000000
722 -1748.0000000000
742 -1746.0000000000
744 -1745.0000000000
758 -1744.0000000000
762 -1743.0000000000
779 -1742.0000000000
780 -1740.0000000000
781 -1739.0000000000
800 -1738.0000000000
815 -1737.0000000000
829 -1736.0000000000
831 -1734.0000000000
842 -1733.0000000000
858 -1731.0000000000
882 -1729.0000000000
886 -1728.0000000000
896 -1727.0000000000
901 -1726.0000000000
905 -1725.0000000000
927 -1724.0000000000
934 -1722.0000000000
952 -1721.0000000000
973 -1720.0000000000
974 -1719.0000000000
995 -1718.0000000000
999 -1717.0000000000
1001 -1715.0000000000
1017 -1714.0000000000
1021 -1713.0000000000
1045 -1712.0000000000
1052 -1711.0000000000
1065 -1710.0000000000
1080 -1709.0000000000
1081 -1708.0000000000
1091 -1707.0000000000
1106 -1704.0000000000
1122 -1702.0000000000
1133 -1701.0000000000
1142 -1698.0000000000
1165 -1695.0000000000
1171 -1694.0000000000
1192 -1693.0000000000
1194 -1692.0000000000
1202 -1690.0000000000
1207 -1689.0000000000
1214 -1687.0000000000
1224 -1686.0000000000
1235 -1685.0000000000
1246 -1684.0000000000
1256 -1682.0000000000
1270 -1681.0000000000
1278 -1680.0000000000
1286 -1677.0000000000
1299 -1676.0000000000
1309 -1673.0000000000
1320 -1671.0000000000
1341 -1670.0000000000
1364 -1668.0000000000
1382 -1666.0000000000
1395 -1662.0000000000
1419 -1661.0000000000
1438 -1658.0000000000
1450 -1656.0000000000
1475 -1655.0000000000
1482 -1654.0000000000
1495 -1653.0000000000
1500 -1652.0000000000
1502 -1649.0000000000
1524 -1648.0000000000
1531 -1647.0000000000
1537 -1646.0000000000
1554 -1643.0000000000
1580 -1642.0000000000
1582 -1641.0000000000
1587 -1639.0000000000
1602 -1638.0000000000
1611 -1637.0000000000
1619 -1636.0000000000
1623 -1635.0000000000
1637 -1634.0000000000
1642 -1632.0000000000
1645 -1631.0000000000
1651 -1630.0000000000
1660 -1629.0000000000
1663 -1628.0000000000
1665 -1626.0000000000
1690 -1625.0000000000
1701 -1624.0000000000
1720 -1620.0000000000
1729 -1619.0000000000
1731 -1618.0000000000
1757 -1617.0000000000
1771 -1614.0000000000
1793 -1613.0000000000
1804 -1612.0000000000
1812 -1611.0000000000
1813 -1610.0000000000
1822 -1609.0000000000
1829 -1608.0000000000
1837 -1607.0000000000
1850 -1606.0000000000
1863 -1605.0000000000
1889 -1604.0000000000
1891 -1602.0000000000
1909 -1601.0000000000
1916 -1599.0000000000
1926 -1598.0000000000
1932 -1597.0000000000
1950 -1596.0000000000
1953 -1594.0000000000
1961 -1592.0000000000
1974 -1590.0000000000
1997 -1589.0000000000
2009 -1588.0000000000
2019 -1585.0000000000
2033 -1584.0000000000
2051 -1582.0000000000
2055 -1581.0000000000
2070 -1579.0000000000
2072 -1578.0000000000
2087 -1577.0000000000
2088 -1576.0000000000
2101 -1575.0000000000
2115 -1572.0000000000
2132 -1570.0000000000
2146 -1568.0000000000
2163 -1567.0000000000
2164 -1566.0000000000
2165 -1565.0000000000
2189 -1564.0000000000
2193 -1562.0000000000
2202 -1561.0000000000
2211 -1560.0000000000
2227 -1559.0000000000
2239 -1558.0000000000
2248 -1556.0000000000
2260 -1555.0000000000
2261 -1554.0000000000
2271 -1553.0000000000
2273 -1551.0000000000
2299 -1549.0000000000
2303 -1548.0000000000
2322 -1547.0000000000
2330 -1546.0000000000
2335 -1544.0000000000
2336 -1542.0000000000
2361 -1541.0000000000
2378 -1540.0000000000
2414 -1539.0000000000
2417 -1538.0000000000
2425 -1537.0000000000
2447 -1536.0000000000
2448 -1535.0000000000
2453 -1534.0000000000
2461 -1533.0000000000
2484 -1532.0000000000
2502 -1531.0000000000
2513 -1529.0000000000
2525 -1528.0000000000
2529 -1527.0000000000
2541 -1525.0000000000
2551 -1522.0000000000
2575 -1521.0000000000
2589 -1519.0000000000
2598 -1518.0000000000
2607 -1516.0000000000
2628 -1515.0000000000
2630 -1514.0000000000
2633 -1513.0000000000
2655 -1512.0000000000
2657 -1511.0000000000
2671 -1510.0000000000
2672 -1509.0000000000
2695 -1508.0000000000
2701 -1507.0000000000
2706 -1505.0000000000
2737 -1504.0000000000
2750 -1503.0000000000
2758 -1502.0000000000
2769 -1501.0000000000
2774 -1500.0000000000
2782 -1498.0000000000
2795 -1497.0000000000
2804 -1496.0000000000
2810 -1495.0000000000
2820 -1493.0000000000
2827 -1492.0000000000
2836 -1491.0000000000
2846 -1489.0000000000
2859 -1488.0000000000
2868 -1487.0000000000
2876 -1486.0000000000
2888 -1485.0000000000
2893 -1484.0000000000
2911 -1481.0000000000
2924 -1480.0000000000
2927 -1478.0000000000
2944 -1476.0000000000
2956 -1475.0000000000
2967 -1474.0000000000
2978 -1473.0000000000
2991 -1470.0000000000
3022 -1468.0000000000
3032 -1467.0000000000
3034 -1466.0000000000
3043 -1465.0000000000
3045 -1464.0000000000
3061 -1462.0000000000
3064 -1460.0000000000
3078 -1459.0000000000
3089 -1458.0000000000
3111 -1457.0000000000
3112 -1456.0000000000
3124 -1455.0000000000
3129 -1454.0000000000
3131 -1453.0000000000
3135 -1452.0000000000
3145 -1451.0000000000
3150 -1449.0000000000
3193 -1448.0000000000
3196 -1447.0000000000
3202 -1446.0000000000
3206 -1444.0000000000
3222 -1443.0000000000
3226 -1442.0000000000
3235 -1441.0000000000
3247 -1439.0000000000
3261 -1438.0000000000
3274 -1437.0000000000
3277 -1434.0000000000
3286 -1432.0000000000
3303 -1431.0000000000
3312 -1430.0000000000
3324 -1429.0000000000
3331 -1425.0000000000
3357 -1423.0000000000
3366 -1421.0000000000
3387 -1420.0000000000
3398 -1419.0000000000
3402 -1416.0000000000
3420 -1415.0000000000
3431 -1412.0000000000
3448 -1411.0000000000
3459 -1409.0000000000
3466 -1408.0000000000
3498 -1407.0000000000
3513 -1405.0000000000
3525 -1404.0000000000
3533 -1399.0000000000
3566 -1397.0000000000
3577 -1396.0000000000
3585 -1395.0000000000
3605 -1394.0000000000
3609 -1393.0000000000
3630 -1392.0000000000
3633 -1391.0000000000
3646 -1389.0000000000
3664 -1388.0000000000
3673 -1387.0000000000
3678 -1386.0000000000
3703 -1385.0000000000
3724 -1384.0000000000
3728 -1383.0000000000
3742 -1381.0000000000
3758 -1380.0000000000
3763 -1379.0000000000
3771 -1378.0000000000
3772 -1377.0000000000
3789 -1376.0000000000
3796 -1374.0000000000
3801 -1373.0000000000
3813 -1370.0000000000
3835 -1367.0000000000
3854 -1366.0000000000
3868 -1364.0000000000
3886 -1362.0000000000
3892 -1361.0000000000
3907 -1360.0000000000
3911 -1358.0000000000
3926 -1357.0000000000
3935 -1356.0000000000
3945 -1354.0000000000
3962 -1352.0000000000
3975 -1351.0000000000
3991 -1347.0000000000
4028 -1346.0000000000
4037 -1345.0000000000
4042 -1344.0000000000
4051 -1342.0000000000
4063 -1341.0000000000
4072 -1340.0000000000
4082 -1339.0000000000
4093 -1338.0000000000
4095 -1337.0000000000
4105 -1335.0000000000
4112 -1334.0000000000
4123 -1332.0000000000
4138 -1331.0000000000
4147 -1329.0000000000
4168 -1328.0000000000
4175 -1326.0000000000
4186 -1325.0000000000
4192 -1324.0000000000
4206 -1323.0000000000
4213 -1320.0000000000
4227 -1319.0000000000
4232 -1318.0000000000
4253 -1317.0000000000
4264 -1316.0000000000
4268 -1315.0000000000
4272 -1314.0000000000
4284 -1313.0000000000
4294 -1312.0000000000
4306 -1311.0000000000
4308 -1310.0000000000
4311 -1308.0000000000
4321 -1307.0000000000
4330 -1306.0000000000
4331 -1304.0000000000
4346 -1302.0000000000
4362 -1301.0000000000
4373 -1300.0000000000
4386 -1299.0000000000
4394 -1298.0000000000
4401 -1297.0000000000
4409 -1296.0000000000
4426 -1295.0000000000
4433 -1294.0000000000
4444 -1293.0000000000
4458 -1291.0000000000
4468 -1289.0000000000
4487 -1288.0000000000
4499 -1285.0000000000
4520 -1283.0000000000
4531 -1282.0000000000
4541 -1281.0000000000
4545 -1280.0000000000
4560 -1279.0000000000
4564 -1278.0000000000
4571 -1277.0000000000
4573 -1275.0000000000
4587 -1274.0000000000
4594 -1273.0000000000
4613 -1271.0000000000
4622 -1270.0000000000
4679 -1268.0000000000
4687 -1266.0000000000
4703 -1265.0000000000
4708 -1262.0000000000
4734 -1261.0000000000
4743 -1260.0000000000
4744 -1257.0000000000
4782 -1256.0000000000
4794 -1255.0000000000
4805 -1254.0000000000
4823 -1252.0000000000
4848 -1251.0000000000
4854 -1249.0000000000
4887 -1248.0000000000
4891 -1247.0000000000
4903 -1246.0000000000
4915 -1243.0000000000
4937 -1242.0000000000
4950 -1241.0000000000
4975 -1240.0000000000
4997 -1239.0000000000
4999 -1238.0000000000
5020 -1236.0000000000
5039 -1235.0000000000
5042 -1234.0000000000
5052 -1230.0000000000
5086 -1229.0000000000
5088 -1227.0000000000
5094 -1225.0000000000
5111 -1224.0000000000
5125 -1222.0000000000
5135 -1221.0000000000
5143 -1220.0000000000
5153 -1219.0000000000
5159 -1218.0000000000
5166 -1217.0000000000
5173 -1216.0000000000
5195 -1215.0000000000
5213 -1214.0000000000
5228 -1212.0000000000
5245 -1211.0000000000
5258 -1210.0000000000
5262 -1208.0000000000
5274 -1205.0000000000
5302 -1204.0000000000
5316 -1203.0000000000
5328 -1202.0000000000
5339 -1201.0000000000
5346 -1199.0000000000
5352 -1198.0000000000
5371 -1196.0000000000
5393 -1192.0000000000
5424 -1191.0000000000
5439 -1190.0000000000
5462 -1189.0000000000
5481 -1188.0000000000
5495 -1187.0000000000
5511 -1185.0000000000
5521 -1184.0000000000
5548 -1182.0000000000
5571 -1181.0000000000
5582 -1179.0000000000
5586 -1177.0000000000
5605 -1176.0000000000
5613 -1175.0000000000
5639 -1174.0000000000
5642 -1172.0000000000
5659 -1171.0000000000
5672 -1170.0000000000
5683 -1169.0000000000
5699 -1166.0000000000
5731 -1165.0000000000
5745 -1161.0000000000
5753 -1160.0000000000
5796 -1159.0000000000
5798 -1158.0000000000
5813 -1157.0000000000
5822 -1156.0000000000
5823 -1154.0000000000
5843 -1153.0000000000
5857 -1151.0000000000
5872 -1148.0000000000
5902 -1147.0000000000
5906 -1146.0000000000
5912 -1145.0000000000
5920 -1144.0000000000
5924 -1143.0000000000
5943 -1142.0000000000
5947 -1141.0000000000
5974 -1140.0000000000
6000 -1139.0000000000
6004 -1138.0000000000
6025 -1137.0000000000
6035 -1136.0000000000
6052 -1133.0000000000
6071 -1132.0000000000
6079 -1131.0000000000
6095 -1130.0000000000
6101 -1129.0000000000
6113 -1128.0000000000
6133 -1126.0000000000
6143 -1125.0000000000
6162 -1124.0000000000
6176 -1123.0000000000
6185 -1122.0000000000
6196 -1121.0000000000
6220 -1120.0000000000
6231 -1119.0000000000
6233 -1116.0000000000
6244 -1114.0000000000
6252 -1113.0000000000
6281 -1112.0000000000
6291 -1110.0000000000
6316 -1108.0000000000
6330 -1107.0000000000
6332 -1106.0000000000
6352 -1104.0000000000
6366 -1103.0000000000
6377 -1101.0000000000
6386 -1100.0000000000
6389 -1099.0000000000
6396 -1097.0000000000
6424 -1095.0000000000
6459 -1093.0000000000
6476 -1092.0000000000
6510 -1091.0000000000
6512 -1090.0000000000
6513 -1089.0000000000
6538 -1088.0000000000
6544 -1087.0000000000
6545 -1086.0000000000
6564 -1085.0000000000
6567 -1084.0000000000
6579 -1080.0000000000
6615 -1079.0000000000
6639 -1078.0000000000
6645 -1077.0000000000
6661 -1076.0000000000
6677 -1075.0000000000
6682 -1074.0000000000
6701 -1073.0000000000
6720 -1072.0000000000
6728 -1071.0000000000
6754 -1070.0000000000
6771 -1069.0000000000
6780 -1068.0000000000
6793 -1067.0000000000
6806 -1066.0000000000
6808 -1065.0000000000
6820 -1064.0000000000
6823 -1063.0000000000
6841 -1061.0000000000
6853 -1060.0000000000
6869 -1059.0000000000
6874 -1057.0000000000
6896 -1054.0000000000
6923 -1052.0000000000
6946 -1051.0000000000
6947 -1050.0000000000
6957 -1049.0000000000
6967 -1048.0000000000
6977 -1046.0000000000
6984 -1045.0000000000
6991 -1043.0000000000
6998 -1041.0000000000
7008 -1040.0000000000
7016 -1038.0000000000
7042 -1037.0000000000
7071 -1036.0000000000
7089 -1035.0000000000
7094 -1034.0000000000
7127 -1032.0000000000
7147 -1031.0000000000
7165 -1030.0000000000
7177 -1027.0000000000
7197 -1026.0000000000
7201 -1025.0000000000
7213 -1024.0000000000
7248 -1023.0000000000
7264 -1022.0000000000
7284 -1020.0000000000
7307 -1016.0000000000
7335 -1015.0000000000
7354 -1014.0000000000
7378 -1013.0000000000
7393 -1012.0000000000
7394 -1011.0000000000
7414 -1010.0000000000
7432 -1009.0000000000
7434 -1006.0000000000
7449 -1005.0000000000
7476 -1004.0000000000
7479 -1003.0000000000
7492 -1002.0000000000
7501 -999.0000000000
7565 -998.0000000000
7566 -997.0000000000
7571 -996.0000000000
7587 -993.0000000000
7600 -992.0000000000
7612 -991.0000000000
7641 -990.0000000000
7662 -989.0000000000
7677 -987.0000000000
7697 -985.0000000000
7711 -984.0000000000
7727 -983.0000000000
7755 -982.0000000000
7758 -981.0000000000
7763 -980.0000000000
7791 -978.0000000000
7801 -977.0000000000
7807 -976.0000000000
7818 -975.0000000000
7835 -972.0000000000
7845 -970.0000000000
7872 -969.0000000000
7875 -968.0000000000
7897 -967.0000000000
7907 -966.0000000000
7929 -965.0000000000
7934 -964.0000000000
7955 -963.0000000000
7957 -960.0000000000
7992 -958.0000000000
8025 -957.0000000000
8027 -955.0000000000
8045 -954.0000000000
8054 -953.0000000000
8069 -951.0000000000
8078 -950.0000000000
8102 -949.0000000000
8115 -948.0000000000
8145 -946.0000000000
8155 -944.0000000000
8168 -942.0000000000
8174 -941.0000000000
8185 -940.0000000000
8201 -939.0000000000
8218 -938.0000000000
8219 -936.0000000000
8265 -935.0000000000
8280 -934.0000000000
8284 -933.0000000000
8287 -932.0000000000
8323 -931.0000000000
8341 -930.0000000000
8368 -929.0000000000
8376 -928.0000000000
8384 -927.0000000000
8396 -926.0000000000
8403 -925.0000000000
8408 -924.0000000000
8432 -922.0000000000
8452 -921.0000000000
8481 -920.0000000000
8492 -918.0000000000
8518 -915.0000000000
8521 -914.0000000000
8569 -913.0000000000
8571 -912.0000000000
8585 -911.0000000000
8597 -910.0000000000
8611 -909.0000000000
8627 -908.0000000000
8662 -907.0000000000
8673 -906.0000000000
8677 -905.0000000000
8695 -903.0000000000
8698 -902.0000000000
8715 -901.0000000000
8734 -899.0000000000
8744 -898.0000000000
8746 -897.0000000000
8753 -895.0000000000
8785 -893.0000000000
8805 -890.0000000000
8842 -889.0000000000
8851 -887.0000000000
8861 -885.0000000000
8882 -882.0000000000
8908 -881.0000000000
8925 -879.0000000000
8955 -878.0000000000
8957 -877.0000000000
8971 -876.0000000000
8982 -874.0000000000
9018 -873.0000000000
9021 -872.0000000000
9030 -871.0000000000
9034 -870.0000000000
9053 -869.0000000000
9058 -868.0000000000
9079 -867.0000000000
9090 -866.0000000000
9104 -864.0000000000
9106 -862.0000000000
9131 -861.0000000000
9133 -859.0000000000
9155 -858.0000000000
9161 -857.0000000000
9177 -856.0000000000
9183 -854.0000000000
9206 -853.0000000000
9231 -851.0000000000
9252 -850.0000000000
9280 -849.0000000000
9288 -848.0000000000
9305 -846.0000000000
9315 -845.0000000000
9339 -844.0000000000
9344 -842.0000000000
9370 -840.0000000000
9376 -839.0000000000
9398 -838.0000000000
9410 -837.0000000000
9418 -836.0000000000
9422 -835.0000000000
9443 -834.0000000000
9447 -833.0000000000
9473 -831.0000000000
9481 -830.0000000000
9491 -829.0000000000
9512 -827.0000000000
9525 -826.0000000000
9579 -825.0000000000
9597 -824.0000000000
9604 -823.0000000000
9641 -822.0000000000
9649 -821.0000000000
9676 -819.0000000000
9696 -818.0000000000
9705 -817.0000000000
9717 -816.0000000000
9731 -815.0000000000
9757 -814.0000000000
9773 -813.0000000000
9774 -812.0000000000
9782 -811.0000000000
9799 -809.0000000000
9810 -808.0000000000
9818 -807.0000000000
9828 -803.0000000000
9859 -802.0000000000
9875 -800.0000000000
9898 -799.0000000000
9914 -798.0000000000
9931 -797.0000000000
9944 -795.0000000000
9962 -794.0000000000
9988 -793.0000000000
10012 -791.0000000000
10029 -789.0000000000
10045 -788.0000000000
10064 -787.0000000000
10074 -786.0000000000
10084 -785.0000000000
10104 -784.0000000000
10126 -783.0000000000
10137 -782.0000000000
10146 -781.0000000000
10161 -778.0000000000
10191 -777.0000000000
10211 -776.0000000000
10222 -773.0000000000
10237 -772.0000000000
10256 -770.0000000000
10263 -769.0000000000
10291 -768.0000000000
10315 -767.0000000000
10332 -765.0000000000
10345 -764.0000000000
10382 -762.0000000000
10408 -759.0000000000
10413 -758.0000000000
10445 -757.0000000000
10456 -755.0000000000
10462 -753.0000000000
10479 -752.0000000000
10486 -750.0000000000
10530 -749.0000000000
10537 -748.0000000000
10574 -746.0000000000
10624 -745.0000000000
10627 -744.0000000000
10645 -743.0000000000
10652 -741.0000000000
10663 -740.0000000000
10680 -738.0000000000
10697 -737.0000000000
10724 -734.0000000000
10744 -732.0000000000
10789 -731.0000000000
10817 -730.0000000000
10819 -728.0000000000
10844 -727.0000000000
10854 -726.0000000000
10855 -725.0000000000
10880 -723.0000000000
10892 -722.0000000000
10904 -721.0000000000
10914 -720.0000000000
10932 -718.0000000000
10952 -717.0000000000
10965 -716.0000000000
10979 -715.0000000000
10994 -712.0000000000
11032 -711.0000000000
11041 -710.0000000000
11052 -707.0000000000
11130 -705.0000000000
11167 -704.0000000000
11192 -703.0000000000
11201 -702.0000000000
11256 -701.0000000000
11280 -698.0000000000
11314 -697.0000000000
11330 -695.0000000000
11337 -694.0000000000
11354 -692.0000000000
11364 -691.0000000000
11402 -690.0000000000
11420 -688.0000000000
11442 -685.0000000000
11463 -684.0000000000
11472 -682.0000000000
11494 -680.0000000000
11516 -679.0000000000
11529 -678.0000000000
11545 -677.0000000000
11553 -676.0000000000
11579 -675.0000000000
11613 -674.0000000000
11664 -673.0000000000
11674 -672.0000000000
11712 -671.0000000000
11713 -670.0000000000
11721 -669.0000000000
11756 -668.0000000000
11764 -667.0000000000
11773 -666.0000000000
11817 -664.0000000000
11851 -663.0000000000
11893 -661.0000000000
11929 -659.0000000000
11943 -657.0000000000
11963 -654.0000000000
11982 -653.0000000000
12009 -652.0000000000
12023 -651.0000000000
12030 -650.0000000000
12033 -648.0000000000
12058 -646.0000000000
12077 -644.0000000000
12099 -642.0000000000
12115 -640.0000000000
12142 -639.0000000000
12156 -638.0000000000
12174 -637.0000000000
12184 -636.0000000000
12196 -635.0000000000
12211 -634.0000000000
12223 -633.0000000000
12228 -631.0000000000
12263 -629.0000000000
12288 -627.0000000000
12307 -626.0000000000
12320 -625.0000000000
12321 -624.0000000000
12346 -623.0000000000
12358 -622.0000000000
12385 -621.0000000000
12421 -619.0000000000
12431 -618.0000000000
12444 -617.0000000000
12455 -614.0000000000
12495 -613.0000000000
12502 -609.0000000000
12569 -606.0000000000
12622 -605.0000000000
12658 -604.0000000000
12681 -603.0000000000
12720 -602.0000000000
12733 -601.0000000000
12765 -600.0000000000
12767 -599.0000000000
12787 -598.0000000000
12795 -597.0000000000
12811 -596.0000000000
12820 -595.0000000000
12831 -593.0000000000
12869 -592.0000000000
12897 -591.0000000000
12924 -590.0000000000
12928 -589.0000000000
12935 -588.0000000000
12962 -586.0000000000
12997 -583.0000000000
13026 -581.0000000000
13044 -580.0000000000
13054 -579.0000000000
13077 -578.0000000000
13084 -577.0000000000
13113 -576.0000000000
13121 -575.0000000000
13170 -574.0000000000
13185 -573.0000000000
13193 -571.0000000000
13211 -570.0000000000
13219 -568.0000000000
13248 -567.0000000000
13280 -566.0000000000
13288 -565.0000000000
13326 -564.0000000000
13348 -563.0000000000
13364 -562.0000000000
13386 -561.0000000000
13391 -560.0000000000
13416 -559.0000000000
13445 -557.0000000000
13466 -556.0000000000
13484 -554.0000000000
13534 -553.0000000000
13551 -552.0000000000
13563 -551.0000000000
13595 -550.0000000000
13613 -549.0000000000
13632 -547.0000000000
13662 -545.0000000000
13671 -544.0000000000
13686 -542.0000000000
13710 -541.0000000000
13786 -540.0000000000
13794 -539.0000000000
13804 -538.0000000000
13810 -537.0000000000
13836 -535.0000000000
13887 -534.0000000000
13901 -533.0000000000
13936 -530.0000000000
13951 -529.0000000000
13972 -527.0000000000
13974 -524.0000000000
13994 -523.0000000000
14031 -521.0000000000
14072 -520.0000000000
14089 -519.0000000000
14095 -518.0000000000
14135 -517.0000000000
14143 -513.0000000000
14206 -512.0000000000
14250 -511.0000000000
14283 -509.0000000000
14299 -507.0000000000
14326 -506.0000000000
14361 -505.0000000000
14373 -503.0000000000
14408 -501.0000000000
14427 -500.0000000000
14444 -498.0000000000
14451 -496.0000000000
14514 -495.0000000000
14548 -494.0000000000
14566 -493.0000000000
14574 -492.0000000000
14605 -491.0000000000
14622 -490.0000000000
14641 -489.0000000000
14691 -488.0000000000
14695 -486.0000000000
14744 -485.0000000000
14801 -483.0000000000
14815 -481.0000000000
14852 -480.0000000000
14889 -479.0000000000
14898 -478.0000000000
14921 -476.0000000000
14953 -475.0000000000
14958 -474.0000000000
14998 -473.0000000000
15005 -472.0000000000
15026 -471.0000000000
15031 -470.0000000000
15046 -469.0000000000
15055 -468.0000000000
15098 -465.0000000000
15130 -463.0000000000
15150 -462.0000000000
15152 -461.0000000000
15155 -460.0000000000
15198 -459.0000000000
15220 -458.0000000000
15228 -457.0000000000
15239 -455.0000000000
15260 -454.0000000000
15265 -453.0000000000
15290 -451.0000000000
15340 -450.0000000000
15356 -448.0000000000
15398 -447.0000000000
15421 -446.0000000000
15449 -445.0000000000
15489 -444.0000000000
15515 -443.0000000000
15559 -441.0000000000
15617 -440.0000000000
15640 -438.0000000000
15668 -437.0000000000
15672 -436.0000000000
15694 -435.0000000000
15745 -434.0000000000
15765 -433.0000000000
15786 -432.0000000000
15795 -431.0000000000
15819 -430.0000000000
15846 -429.0000000000
15851 -428.0000000000
15874 -427.0000000000
15885 -426.0000000000
15905 -425.0000000000
15910 -424.0000000000
15932 -423.0000000000
15962 -421.0000000000
16008 -420.0000000000
16018 -419.0000000000
16030 -418.0000000000
16035 -417.0000000000
16040 -416.0000000000
16057 -415.0000000000
16076 -414.0000000000
16085 -413.0000000000
16099 -412.0000000000
16132 -411.0000000000
16134 -409.0000000000
16200 -408.0000000000
16248 -406.0000000000
16295 -405.0000000000
16324 -404.0000000000
16345 -403.0000000000
16363 -402.0000000000
16386 -401.0000000000
16406 -400.0000000000
16408 -399.0000000000
16438 -398.0000000000
16452 -397.0000000000
16487 -396.0000000000
16524 -395.0000000000
16530 -394.0000000000
16535 -393.0000000000
16568 -392.0000000000
16626 -391.0000000000
16657 -390.0000000000
16721 -388.0000000000
16734 -386.0000000000
16801 -382.0000000000
16869 -381.0000000000
16932 -380.0000000000
17025 -378.0000000000
17060 -377.0000000000
17092 -374.0000000000
17121 -373.0000000000
17131 -372.0000000000
17159 -368.0000000000
17190 -367.0000000000
17231 -366.0000000000
17241 -365.0000000000
17268 -364.0000000000
17287 -362.0000000000
17303 -361.0000000000
17312 -359.0000000000
17358 -358.0000000000
17394 -357.0000000000
17406 -356.0000000000
17433 -355.0000000000
17438 -353.0000000000
17463 -352.0000000000
17483 -351.0000000000
17515 -350.0000000000
17518 -349.0000000000
17557 -348.0000000000
17572 -347.0000000000
17596 -346.0000000000
17631 -345.0000000000
17691 -344.0000000000
17702 -343.0000000000
17711 -342.0000000000
17760 -341.0000000000
17823 -340.0000000000
17833 -339.0000000000
17845 -338.0000000000
17899 -337.0000000000
17911 -336.0000000000
17925 -334.0000000000
17945 -333.0000000000
17982 -332.0000000000
18019 -331.0000000000
18042 -330.0000000000
18053 -329.0000000000
18113 -328.0000000000
18138 -326.0000000000
18170 -325.0000000000
18224 -323.0000000000
18308 -322.0000000000
18336 -319.0000000000
18362 -318.0000000000
18411 -316.0000000000
18449 -315.0000000000
18466 -314.0000000000
18497 -313.0000000000
18527 -312.0000000000
18536 -310.0000000000
18589 -309.0000000000
18601 -307.0000000000
18654 -306.0000000000
18668 -305.0000000000
18687 -304.0000000000
18726 -303.0000000000
18757 -302.0000000000
18770 -301.0000000000
18782 -299.0000000000
18841 -298.0000000000
18856 -297.0000000000
18882 -296.0000000000
18896 -295.0000000000
18921 -293.0000000000
19015 -292.0000000000
19028 -291.0000000000
19056 -290.0000000000
19084 -289.0000000000
19107 -288.0000000000
19128 -287.0000000000
19165 -286.0000000000
19183 -284.0000000000
19218 -283.0000000000
19254 -282.0000000000
19296 -281.0000000000
19342 -280.0000000000
19421 -279.0000000000
19435 -277.0000000000
19477 -276.0000000000
19509 -275.0000000000
19520 -274.0000000000
19599 -273.0000000000
19650 -272.0000000000
19676 -271.0000000000
19700 -270.0000000000
19715 -269.0000000000
19736 -267.0000000000
19771 -266.0000000000
19788 -265.0000000000
19796 -264.0000000000
19842 -263.0000000000
19877 -262.0000000000
19901 -261.0000000000
19943 -259.0000000000
19986 -258.0000000000
20078 -257.0000000000
20131 -254.0000000000
20176 -253.0000000000
20194 -252.0000000000
20204 -251.0000000000
20248 -250.0000000000
20275 -249.0000000000
20325 -248.0000000000
20333 -247.0000000000
20367 -246.0000000000
20380 -245.0000000000
20428 -243.0000000000
20447 -242.0000000000
20469 -241.0000000000
20488 -240.0000000000
20561 -239.0000000000
20590 -238.0000000000
20608 -237.0000000000
20646 -236.0000000000
20669 -235.0000000000
20734 -233.0000000000
20834 -232.0000000000
20851 -231.0000000000
20913 -229.0000000000
20964 -228.0000000000
20986 -227.0000000000
21004 -226.0000000000
21014 -225.0000000000
21083 -223.0000000000
21193 -222.0000000000
21219 -220.0000000000
21231 -218.0000000000
21331 -217.0000000000
21366 -216.0000000000
21412 -215.0000000000
21438 -214.0000000000
21481 -213.0000000000
21521 -212.0000000000
21550 -211.0000000000
21551 -210.0000000000
21581 -209.0000000000
21759 -208.0000000000
21798 -207.0000000000
21839 -206.0000000000
21903 -205.0000000000
21916 -204.0000000000
21945 -201.0000000000
22051 -198.0000000000
22092 -197.0000000000
22151 -196.0000000000
22169 -195.0000000000
22218 -194.0000000000
22237 -193.0000000000
22242 -192.0000000000
22334 -191.0000000000
22367 -190.0000000000
22441 -189.0000000000
22459 -187.0000000000
22499 -186.0000000000
22614 -185.0000000000
22622 -183.0000000000
22667 -182.0000000000
22724 -181.0000000000
22807 -180.0000000000
22824 -179.0000000000
22837 -178.0000000000
22943 -177.0000000000
22981 -175.0000000000
22999 -174.0000000000
23010 -172.0000000000
23053 -170.0000000000
23086 -168.0000000000
23132 -167.0000000000
23172 -166.0000000000
23197 -165.0000000000
23203 -164.0000000000
23217 -163.0000000000
23287 -162.0000000000
23317 -160.0000000000
23378 -159.0000000000
23438 -158.0000000000
23536 -157.0000000000
23597 -156.0000000000
23624 -155.0000000000
23662 -154.0000000000
23685 -153.0000000000
23727 -152.0000000000
23731 -151.0000000000
23757 -150.0000000000
23760 -149.0000000000
23851 -148.0000000000
23867 -147.0000000000
23893 -146.0000000000
23918 -145.0000000000
23946 -144.0000000000
23962 -143.0000000000
24013 -142.0000000000
24047 -141.0000000000
24068 -140.0000000000
24145 -139.0000000000
24187 -138.0000000000
24243 -137.0000000000
24346 -136.0000000000
24398 -135.0000000000
24434 -134.0000000000
24596 -133.0000000000
24610 -132.0000000000
24618 -131.0000000000
24621 -130.0000000000
24684 -129.0000000000
24740 -126.0000000000
24826 -125.0000000000
24925 -124.0000000000
24933 -123.0000000000
25074 -122.0000000000
25095 -121.0000000000
25193 -120.0000000000
25214 -118.0000000000
25241 -117.0000000000
25266 -116.0000000000
25321 -115.0000000000
25347 -114.0000000000
25379 -113.0000000000
25401 -112.0000000000
25483 -111.0000000000
25498 -110.0000000000
25531 -109.0000000000
25590 -108.0000000000
25638 -107.0000000000
25726 -106.0000000000
25806 -105.0000000000
25872 -104.0000000000
25893 -103.0000000000
25929 -102.0000000000
25931 -101.0000000000
25995 -100.0000000000
26013 -99.0000000000
26041 -98.0000000000
26135 -96.0000000000
26213 -95.0000000000
26313 -93.0000000000
26537 -92.0000000000
26575 -91.0000000000
26670 -90.0000000000
26708 -89.0000000000
26821 -87.0000000000
26954 -85.0000000000
27173 -84.0000000000
27284 -83.0000000000
27323 -82.0000000000
27378 -80.0000000000
27502 -79.0000000000
27622 -78.0000000000
27680 -77.0000000000
27790 -76.0000000000
28142 -74.0000000000
28372 -73.0000000000
28381 -72.0000000000
28442 -71.0000000000
28472 -70.0000000000
28504 -69.0000000000
28587 -67.0000000000
28911 -66.0000000000
28990 -65.0000000000
29163 -64.0000000000
29292 -63.0000000000
29532 -61.0000000000
29622 -60.0000000000
29631 -59.0000000000
29686 -58.0000000000
29763 -57.0000000000
29803 -56.0000000000
29876 -54.0000000000
29993 -53.0000000000
30316 -52.0000000000
30413 -51.0000000000
30540 -49.0000000000
30556 -48.0000000000
30951 -46.0000000000
31019 -45.0000000000
31353 -44.0000000000
31409 -43.0000000000
31481 -42.0000000000
31566 -41.0000000000
31853 -40.0000000000
31946 -39.0000000000
32071 -38.0000000000
32208 -37.0000000000
32290 -36.0000000000
32450 -34.0000000000
33002 -33.0000000000
33091 -32.0000000000
33366 -31.0000000000
33437 -30.0000000000
33447 -29.0000000000
33489 -28.0000000000
33585 -27.0000000000
33677 -26.0000000000
33820 -23.0000000000
33903 -21.0000000000
34144 -20.0000000000
35191 -19.0000000000
35717 -18.0000000000
35831 -17.0000000000
36070 -16.0000000000
36161 -14.0000000000
36879 -13.0000000000
37278 -12.0000000000
37606 -11.0000000000
37808 -10.0000000000
38011 -9.0000000000
38373 -8.0000000000
39046 -6.0000000000
39216 -5.0000000000
39758 -4.0000000000
40027 -3.0000000000
40485 -1.0000000000
42566 100.5800000000
43158 108.7900000000
43180 109.9600000000
43196 123.9200000000
43397 130.7800000000
43660 262.4700000000
43859 269.8400000000
44418 270.1800000000
45635 421.3800000000
47510 421.9900000000
48320 424.4600000000
49146 432.8600000000
49464 436.0800000000
50572 483.2600000000
51882 492.7000000000
51898 510.2400000000
52098 511.2200000000
52143 522.3400000000
54590 536.3400000000
54713 539.2800000000
54759 542.3900000000
54774 570.3400000000
55766 574.5000000000
55818 590.5400000000
55898 595.7300000000
60034 605.0100000000
77968 667.5300000000
79686 672.3300000000
81604 678.7900000000
81647 679.8200000000
81742 687.9600000000
82114 691.1200000000
82559 697.6100000000
85645 699.2400000000
87349 708.7200000000
90265 713.2100000000
90358 714.7700000000
90815 716.8200000000
90982 733.3100000000
91568 733.4800000000
96493 807.4700000000
97033 830.7500000000
97100 839.5900000000
97736 843.2400000000
97809 846.1400000000
99833 851.4600000000
100000 -1.0000000000
evaluations raw_y
1 -2036.0000000000
2 -1954.0000000000
15 -1947.0000000000
22 -1940.0000000000
24 -1929.0000000000
31 -1903.0000000000
55 -1901.0000000000
56 -1886.0000000000
76 -1885.0000000000
81 -1879.0000000000
98 -1876.0000000000
99 -1858.0000000000
109 -1857.0000000000
124 -1855.0000000000
128 -1854.0000000000
137 -1853.0000000000
139 -1851.0000000000
142 -1844.0000000000
156 -1843.0000000000
164 -1842.0000000000
168 -1833.0000000000
178 -1830.0000000000
199 -1829.0000000000
201 -1825.0000000000
213 -1824.0000000000
222 -1822.0000000000
232 -1821.0000000000
244 -1816.0000000000
247 -1814.0000000000
262 -1813.0000000000
275 -1812.0000000000
281 -1811.0000000000
297 -1809.0000000000
313 -1807.0000000000
323 -1806.0000000000
331 -1805.0000000000
346 -1804.0000000000
355 -1802.0000000000
365 -1799.0000000000
374 -1798.0000000000
383 -1797.0000000000
393 -1795.0000000000
401 -1794.0000000000
423 -1791.0000000000
429 -1790.0000000000
437 -1789.0000000000
445 -1786.0000000000
465 -1785.0000000000
472 -1784.0000000000
476 -1783.0000000000
483 -1782.0000000000
488 -1781.0000000000
498 -1780.0000000000
512 -1779.0000000000
521 -1778.0000000000
531 -1777.0000000000
549 -1776.0000000000
557 -1774.0000000000
574 -1773.0000000000
577 -1772.0000000000
581 -1770.0000000000
601 -1768.0000000000
607 -1767.0000000000
621 -1765.0000000000
622 -1763.0000000000
633 -1761.0000000000
663 -1760.0000000000
664 -1758.0000000000
677 -1757.0000000000
695 -1756.0000000000
701 -1755.0000000000
706 -1754.0000000000
714 -1753.0000000000
721 -1752.0000000000
731 -1751.0000000000
748 -1750.0000000000
749 -1749.0000000000
751 -1747.0000000000
756 -1746.0000000000
772 -1745.0000000000
784 -1744.0000000000
790 -1741.0000000000
802 -1739.0000000000
817 -1737.0000000000
822 -1736.0000000000
830 -1734.0000000000
831 -1731.0000000000
845 -1729.0000000000
853 -1728.0000000000
872 -1727.0000000000
885 -1724.0000000000
902 -1721.0000000000
928 -1720.0000000000
940 -1719.0000000000
949 -1718.0000000000
957 -1717.0000000000
962 -1716.0000000000
969 -1714.0000000000
974 -1713.0000000000
990 -1712.0000000000
1003 -1710.0000000000
1013 -1709.0000000000
1033 -1708.0000000000
1043 -1707.0000000000
1050 -1706.0000000000
1053 -1704.0000000000
1054 -1701.0000000000
1069 -1699.0000000000
1073 -1698.0000000000
1084 -1696.0000000000
1086 -1695.0000000000
1098 -1694.0000000000
1104 -1693.0000000000
1125 -1689.0000000000
1139 -1686.0000000000
1143 -1685.0000000000
1154 -1684.0000000000
1170 -1683.0000000000
1194 -1682.0000000000
1201 -1681.0000000000
1206 -1680.0000000000
1233 -1679.0000000000
1235 -1678.0000000000
1238 -1677.0000000000
1267 -1675.0000000000
1283 -1674.0000000000
1286 -1673.0000000000
1302 -1671.0000000000
1303 -1669.0000000000
1312 -1668.0000000000
1321 -1667.0000000000
1323 -1666.0000000000
1337 -1663.0000000000
1345 -1662.0000000000
1359 -1660.0000000000
1373 -1657.0000000000
1384 -1655.0000000000
1395 -1654.0000000000
1396 -1652.0000000000
1416 -1649.0000000000
1442 -1648.0000000000
1446 -1646.0000000000
1456 -1645.0000000000
1461 -1643.0000000000
1476 -1642.0000000000
1488 -1641.0000000000
1499 -1639.0000000000
1508 -1638.0000000000
1519 -1637.0000000000
1534 -1636.0000000000
1543 -1635.0000000000
1558 -1634.0000000000
1570 -1633.0000000000
1586 -1632.0000000000
1609 -1631.0000000000
1613 -1630.0000000000
1625 -1629.0000000000
1634 -1628.0000000000
1653 -1627.0000000000
1656 -1626.0000000000
1658 -1625.0000000000
1675 -1623.0000000000
1682 -1622.0000000000
1696 -1621.0000000000
1705 -1619.0000000000
1721 -1617.0000000000
1733 -1616.0000000000
1747 -1615.0000000000
1754 -1614.0000000000
1758 -1613.0000000000
1774 -1612.0000000000
1778 -1610.0000000000
1791 -1609.0000000000
1802 -1608.0000000000
1813 -1607.0000000000
1825 -1606.0000000000
1840 -1604.0000000000
1846 -1603.0000000000
1854 -1601.0000000000
1864 -1599.0000000000
1874 -1597.0000000000
1911 -1596.0000000000
1917 -1595.0000000000
1925 -1594.0000000000
1932 -1593.0000000000
1941 -1592.0000000000
1947 -1591.0000000000
1957 -1590.0000000000
1964 -1589.0000000000
1974 -1587.0000000000
1985 -1585.0000000000
1998 -1584.0000000000
2000 -1583.0000000000
2010 -1582.0000000000
2021 -1581.0000000000
2032 -1580.0000000000
2040 -1579.0000000000
2046 -1577.0000000000
2053 -1574.0000000000
2068 -1573.0000000000
2075 -1571.0000000000
2094 -1570.0000000000
2104 -1569.0000000000
2109 -1567.0000000000
2121 -1566.0000000000
2124 -1563.0000000000
2153 -1562.0000000000
2171 -1560.0000000000
2181 -1559.0000000000
2185 -1558.0000000000
2193 -1556.0000000000
2201 -1555.0000000000
2216 -1554.0000000000
2225 -1553.0000000000
2233 -1552.0000000000
2249 -1551.0000000000
2254 -1550.0000000000
2255 -1549.0000000000
2268 -1548.0000000000
2277 -1547.0000000000
2292 -1546.0000000000
2295 -1545.0000000000
2307 -1544.0000000000
2314 -1543.0000000000
2321 -1540.0000000000
2339 -1539.0000000000
2346 -1538.0000000000
2351 -1536.0000000000
2376 -1534.0000000000
2391 -1533.0000000000
2408 -1531.0000000000
2411 -1530.0000000000
2423 -1528.0000000000
2434 -1527.0000000000
2443 -1526.0000000000
2452 -1525.0000000000
2463 -1524.0000000000
2468 -1522.0000000000
2492 -1521.0000000000
2502 -1520.0000000000
2507 -1519.0000000000
2513 -1518.0000000000
2525 -1517.0000000000
2528 -1515.0000000000
2547 -1514.0000000000
2553 -1509.0000000000
2578 -1508.0000000000
2590 -1507.0000000000
2601 -1505.0000000000
2615 -1503.0000000000
2634 -1502.0000000000
2644 -1501.0000000000
2655 -1500.0000000000
2658 -1499.0000000000
2669 -1498.0000000000
2683 -1497.0000000000
2692 -1495.0000000000
2705 -1494.0000000000
2723 -1493.0000000000
2730 -1492.0000000000
2738 -1491.0000000000
2745 -1490.0000000000
2765 -1489.0000000000
2777 -1487.0000000000
2785 -1486.0000000000
2793 -1485.0000000000
2804 -1484.0000000000
2813 -1483.0000000000
2822 -1479.0000000000
2843 -1477.0000000000
2844 -1476.0000000000
2862 -1475.0000000000
2866 -1474.0000000000
2868 -1472.0000000000
2872 -1471.0000000000
2881 -1469.0000000000
2900 -1466.0000000000
2913 -1465.0000000000
2921 -1463.0000000000
2942 -1462.0000000000
2962 -1460.0000000000
2971 -1459.0000000000
2989 -1456.0000000000
3002 -1455.0000000000
3010 -1454.0000000000
3014 -1453.0000000000
3016 -1451.0000000000
3040 -1450.0000000000
3043 -1449.0000000000
3051 -1448.0000000000
3062 -1447.0000000000
3065 -1446.0000000000
3071 -1445.0000000000
3082 -1444.0000000000
3087 -1443.0000000000
3102 -1442.0000000000
3107 -1440.0000000000
3114 -1438.0000000000
3124 -1437.0000000000
3137 -1436.0000000000
3154 -1435.0000000000
3168 -1434.0000000000
3172 -1433.0000000000
3178 -1432.0000000000
3184 -1430.0000000000
3192 -1429.0000000000
3201 -1428.0000000000
3218 -1426.0000000000
3226 -1425.0000000000
3229 -1423.0000000000
3251 -1421.0000000000
3271 -1418.0000000000
3293 -1417.0000000000
3312 -1415.0000000000
3322 -1414.0000000000
3347 -1413.0000000000
3370 -1412.0000000000
3381 -1407.0000000000
3394 -1406.0000000000
3407 -1405.0000000000
3412 -1403.0000000000
3425 -1402.0000000000
3432 -1400.0000000000
3443 -1398.0000000000
3461 -1397.0000000000
3481 -1396.0000000000
3492 -1395.0000000000
3505 -1394.0000000000
3506 -1393.0000000000
3520 -1391.0000000000
3529 -1390.0000000000
3533 -1388.0000000000
3549 -1387.0000000000
3562 -1384.0000000000
3598 -1382.0000000000
3622 -1380.0000000000
3656 -1379.0000000000
3662 -1377.0000000000
3678 -1376.0000000000
3686 -1375.0000000000
3695 -1370.0000000000
3705 -1369.0000000000
3720 -1368.0000000000
3724 -1367.0000000000
3752 -1365.0000000000
3768 -1364.0000000000
3781 -1363.0000000000
3783 -1362.0000000000
3793 -1361.0000000000
3801 -1359.0000000000
3841 -1358.0000000000
3847 -1356.0000000000
3867 -1353.0000000000
3897 -1351.0000000000
3922 -1349.0000000000
3947 -1348.0000000000
3953 -1347.0000000000
3961 -1346.0000000000
3968 -1345.0000000000
3972 -1344.0000000000
3975 -1342.0000000000
3991 -1340.0000000000
4018 -1338.0000000000
4031 -1337.0000000000
4048 -1336.0000000000
4077 -1334.0000000000
4087 -1333.0000000000
4091 -1331.0000000000
4111 -1330.0000000000
4125 -1329.0000000000
4138 -1328.0000000000
4146 -1327.0000000000
4153 -1326.0000000000
4156 -1325.0000000000
4174 -1324.0000000000
4189 -1323.0000000000
4195 -1322.0000000000
4206 -1320.0000000000
4241 -1316.0000000000
4261 -1315.0000000000
4275 -1314.0000000000
4276 -1312.0000000000
4291 -1311.0000000000
4311 -1310.0000000000
4322 -1309.0000000000
4326 -1306.0000000000
4351 -1305.0000000000
4355 -1303.0000000000
4377 -1300.0000000000
4395 -1299.0000000000
4405 -1298.0000000000
4416 -1297.0000000000
4426 -1296.0000000000
4449 -1294.0000000000
4458 -1293.0000000000
4459 -1292.0000000000
4470 -1291.0000000000
4474 -1290.0000000000
4484 -1289.0000000000
4492 -1288.0000000000
4501 -1287.0000000000
4502 -1285.0000000000
4521 -1284.0000000000
4533 -1282.0000000000
4552 -1279.0000000000
4582 -1276.0000000000
4606 -1274.0000000000
4611 -1273.0000000000
4635 -1271.0000000000
4653 -1270.0000000000
4671 -1269.0000000000
4683 -1268.0000000000
4684 -1267.0000000000
4694 -1265.0000000000
4707 -1264.0000000000
4713 -1261.0000000000
4729 -1260.0000000000
4744 -1259.0000000000
4771 -1258.0000000000
4777 -1255.0000000000
4789 -1253.0000000000
4803 -1251.0000000000
4822 -1250.0000000000
4830 -1249.0000000000
4838 -1248.0000000000
4850 -1247.0000000000
4856 -1245.0000000000
4881 -1244.0000000000
4904 -1243.0000000000
4912 -1242.0000000000
4933 -1241.0000000000
4943 -1239.0000000000
4955 -1238.0000000000
4972 -1237.0000000000
4996 -1235.0000000000
5003 -1233.0000000000
5021 -1232.0000000000
5029 -1230.0000000000
5050 -1229.0000000000
5060 -1228.0000000000
5068 -1227.0000000000
5072 -1226.0000000000
5101 -1225.0000000000
5104 -1223.0000000000
5118 -1222.0000000000
5127 -1220.0000000000
5140 -1219.0000000000
5149 -1215.0000000000
5163 -1214.0000000000
5171 -1213.0000000000
5177 -1211.0000000000
5182 -1210.0000000000
5207 -1209.0000000000
5211 -1206.0000000000
5250 -1205.0000000000
5262 -1203.0000000000
5291 -1202.0000000000
5297 -1199.0000000000
5329 -1198.0000000000
5333 -1197.0000000000
5342 -1195.0000000000
5373 -1194.0000000000
5374 -1193.0000000000
5388 -1192.0000000000
5392 -1191.0000000000
5413 -1190.0000000000
5424 -1189.0000000000
5440 -1188.0000000000
5441 -1187.0000000000
5455 -1185.0000000000
5477 -1183.0000000000
5509 -1182.0000000000
5519 -1181.0000000000
5523 -1180.0000000000
5542 -1178.0000000000
5544 -1177.0000000000
5563 -1176.0000000000
5585 -1174.0000000000
5612 -1171.0000000000
5626 -1170.0000000000
5642 -1169.0000000000
5647 -1168.0000000000
5653 -1167.0000000000
5666 -1166.0000000000
5670 -1165.0000000000
5680 -1163.0000000000
5686 -1162.0000000000
5693 -1161.0000000000
5713 -1159.0000000000
5720 -1158.0000000000
5731 -1157.0000000000
5734 -1156.0000000000
5767 -1155.0000000000
5772 -1154.0000000000
5778 -1151.0000000000
5802 -1150.0000000000
5811 -1149.0000000000
5820 -1147.0000000000
5821 -1146.0000000000
5836 -1145.0000000000
5848 -1141.0000000000
5867 -1138.0000000000
5892 -1137.0000000000
5897 -1136.0000000000
5907 -1135.0000000000
5918 -1133.0000000000
5928 -1132.0000000000
5942 -1130.0000000000
5952 -1129.0000000000
5976 -1128.0000000000
5988 -1127.0000000000
6012 -1125.0000000000
6022 -1124.0000000000
6030 -1123.0000000000
6059 -1121.0000000000
6065 -1120.0000000000
6071 -1119.0000000000
6073 -1118.0000000000
6088 -1116.0000000000
6106 -1115.0000000000
6135 -1114.0000000000
6146 -1113.0000000000
6167 -1110.0000000000
6190 -1109.0000000000
6202 -1108.0000000000
6210 -1107.0000000000
6240 -1106.0000000000
6249 -1105.0000000000
6267 -1104.0000000000
6275 -1103.0000000000
6284 -1102.0000000000
6296 -1101.0000000000
6305 -1100.0000000000
6319 -1098.0000000000
6322 -1097.0000000000
6329 -1096.0000000000
6343 -1094.0000000000
6373 -1093.0000000000
6382 -1092.0000000000
6393 -1091.0000000000
6420 -1090.0000000000
6432 -1089.0000000000
6438 -1088.0000000000
6467 -1086.0000000000
6471 -1085.0000000000
6486 -1083.0000000000
6498 -1082.0000000000
6516 -1081.0000000000
6548 -1079.0000000000
6556 -1078.0000000000
6573 -1077.0000000000
6580 -1076.0000000000
6597 -1074.0000000000
6602 -1073.0000000000
6618 -1072.0000000000
6622 -1071.0000000000
6629 -1070.0000000000
6634 -1069.0000000000
6668 -1068.0000000000
6681 -1067.0000000000
6691 -1065.0000000000
6712 -1064.0000000000
6730 -1063.0000000000
6744 -1061.0000000000
6754 -1060.0000000000
6761 -1059.0000000000
6769 -1058.0000000000
6791 -1056.0000000000
6796 -1054.0000000000
6817 -1052.0000000000
6844 -1051.0000000000
6856 -1050.0000000000
6885 -1049.0000000000
6892 -1048.0000000000
6906 -1047.0000000000
6914 -1046.0000000000
6919 -1044.0000000000
6922 -1043.0000000000
6934 -1041.0000000000
6951 -1037.0000000000
6963 -1036.0000000000
6979 -1035.0000000000
6996 -1033.0000000000
7035 -1032.0000000000
7041 -1031.0000000000
7076 -1030.0000000000
7080 -1029.0000000000
7082 -1027.0000000000
7099 -1026.0000000000
7131 -1025.0000000000
7156 -1023.0000000000
7179 -1022.0000000000
7183 -1021.0000000000
7191 -1020.0000000000
7207 -1019.0000000000
7228 -1018.0000000000
7230 -1017.0000000000
7243 -1016.0000000000
7249 -1015.0000000000
7266 -1014.0000000000
7296 -1012.0000000000
7328 -1011.0000000000
7336 -1010.0000000000
7342 -1007.0000000000
7356 -1006.0000000000
7376 -1005.0000000000
7393 -1004.0000000000
7400 -1003.0000000000
7410 -1002.0000000000
7418 -1001.0000000000
7426 -999.0000000000
7434 -997.0000000000
7453 -996.0000000000
7466 -995.0000000000
7482 -994.0000000000
7485 -993.0000000000
7503 -992.0000000000
7509 -990.0000000000
7519 -988.0000000000
7541 -987.0000000000
7551 -984.0000000000
7572 -983.0000000000
7582 -981.0000000000
7593 -979.0000000000
7608 -978.0000000000
7630 -976.0000000000
7641 -975.0000000000
7657 -974.0000000000
7663 -971.0000000000
7703 -969.0000000000
7721 -968.0000000000
7725 -967.0000000000
7752 -966.0000000000
7756 -965.0000000000
7769 -964.0000000000
7777 -963.0000000000
7792 -962.0000000000
7801 -960.0000000000
7814 -958.0000000000
7831 -957.0000000000
7838 -956.0000000000
7852 -955.0000000000
7867 -951.0000000000
7918 -949.0000000000
7932 -948.0000000000
7942 -947.0000000000
7952 -946.0000000000
7973 -945.0000000000
7983 -943.0000000000
7995 -941.0000000000
8002 -940.0000000000
8034 -938.0000000000
8044 -937.0000000000
8070 -936.0000000000
8076 -935.0000000000
8101 -934.0000000000
8121 -933.0000000000
8137 -932.0000000000
8154 -931.0000000000
8158 -930.0000000000
8172 -929.0000000000
8189 -928.0000000000
8205 -927.0000000000
8215 -923.0000000000
8221 -922.0000000000
8261 -921.0000000000
8262 -920.0000000000
8272 -919.0000000000
8291 -918.0000000000
8327 -916.0000000000
8343 -913.0000000000
8371 -912.0000000000
8381 -911.0000000000
8401 -910.0000000000
8438 -908.0000000000
8444 -906.0000000000
8476 -905.0000000000
8487 -903.0000000000
8507 -902.0000000000
8531 -901.0000000000
8535 -900.0000000000
8538 -898.0000000000
8569 -897.0000000000
8576 -894.0000000000
8595 -893.0000000000
8624 -891.0000000000
8648 -890.0000000000
8660 -889.0000000000
8676 -888.0000000000
8677 -886.0000000000
8696 -885.0000000000
8715 -883.0000000000
8722 -882.0000000000
8733 -881.0000000000
8757 -880.0000000000
8778 -879.0000000000
8809 -878.0000000000
8833 -877.0000000000
8836 -875.0000000000
8847 -874.0000000000
8869 -873.0000000000
8877 -871.0000000000
8900 -870.0000000000
8910 -869.0000000000
8924 -867.0000000000
8937 -866.0000000000
8942 -862.0000000000
8953 -861.0000000000
8965 -860.0000000000
9004 -859.0000000000
9023 -857.0000000000
9057 -856.0000000000
9068 -854.0000000000
9090 -852.0000000000
9103 -851.0000000000
9122 -850.0000000000
9131 -849.0000000000
9163 -848.0000000000
9181 -847.0000000000
9205 -846.0000000000
9220 -845.0000000000
9248 -844.0000000000
9251 -843.0000000000
9272 -842.0000000000
9292 -841.0000000000
9308 -839.0000000000
9315 -838.0000000000
9322 -837.0000000000
9328 -836.0000000000
9336 -834.0000000000
9390 -831.0000000000
9411 -830.0000000000
9435 -829.0000000000
9442 -828.0000000000
9464 -827.0000000000
9481 -826.0000000000
9493 -824.0000000000
9529 -822.0000000000
9552 -820.0000000000
9576 -819.0000000000
9584 -817.0000000000
9606 -816.0000000000
9618 -815.0000000000
9629 -814.0000000000
9665 -811.0000000000
9695 -810.0000000000
9718 -809.0000000000
9731 -808.0000000000
9739 -807.0000000000
9746 -806.0000000000
9779 -804.0000000000
9783 -803.0000000000
9830 -802.0000000000
9846 -800.0000000000
9856 -798.0000000000
9875 -797.0000000000
9881 -796.0000000000
9905 -795.0000000000
9925 -794.0000000000
9934 -793.0000000000
9976 -792.0000000000
9980 -791.0000000000
9993 -790.0000000000
10001 -788.0000000000
10013 -786.0000000000
10023 -785.0000000000
10039 -784.0000000000
10047 -783.0000000000
10079 -782.0000000000
10111 -780.0000000000
10135 -779.0000000000
10161 -777.0000000000
10198 -776.0000000000
10208 -775.0000000000
10224 -774.0000000000
10231 -773.0000000000
10244 -770.0000000000
10288 -769.0000000000
10304 -768.0000000000
10319 -767.0000000000
10320 -766.0000000000
10324 -764.0000000000
10342 -763.0000000000
10364 -762.0000000000
10409 -760.0000000000
10472 -757.0000000000
10514 -756.0000000000
10532 -755.0000000000
10542 -754.0000000000
10545 -753.0000000000
10553 -751.0000000000
10586 -750.0000000000
10614 -749.0000000000
10633 -748.0000000000
10641 -747.0000000000
10669 -746.0000000000
10689 -744.0000000000
10703 -743.0000000000
10734 -742.0000000000
10752 -740.0000000000
10770 -739.0000000000
10791 -737.0000000000
10812 -736.0000000000
10838 -735.0000000000
10849 -734.0000000000
10850 -733.0000000000
10861 -732.0000000000
10884 -729.0000000000
10910 -728.0000000000
10923 -727.0000000000
10931 -726.0000000000
10933 -725.0000000000
10973 -724.0000000000
10988 -723.0000000000
11001 -722.0000000000
11012 -720.0000000000
11039 -718.0000000000
11086 -717.0000000000
11097 -716.0000000000
11152 -715.0000000000
11167 -714.0000000000
11207 -712.0000000000
11212 -711.0000000000
11230 -709.0000000000
11264 -708.0000000000
11282 -707.0000000000
11292 -705.0000000000
11300 -703.0000000000
11329 -702.0000000000
11336 -700.0000000000
11361 -698.0000000000
11398 -697.0000000000
11411 -696.0000000000
11440 -695.0000000000
11445 -694.0000000000
11446 -693.0000000000
11465 -692.0000000000
11475 -689.0000000000
11482 -686.0000000000
11524 -683.0000000000
11561 -682.0000000000
11580 -681.0000000000
11590 -680.0000000000
11594 -677.0000000000
11625 -675.0000000000
11656 -673.0000000000
11674 -672.0000000000
11704 -671.0000000000
11736 -670.0000000000
11748 -669.0000000000
11756 -668.0000000000
11774 -667.0000000000
11779 -664.0000000000
11799 -663.0000000000
11808 -662.0000000000
11848 -660.0000000000
11859 -659.0000000000
11877 -658.0000000000
11939 -657.0000000000
11942 -656.0000000000
11948 -654.0000000000
12015 -653.0000000000
12040 -651.0000000000
12067 -650.0000000000
12091 -648.0000000000
12100 -647.0000000000
12103 -646.0000000000
12134 -644.0000000000
12160 -643.0000000000
12181 -642.0000000000
12194 -641.0000000000
12198 -640.0000000000
12204 -637.0000000000
12220 -635.0000000000
12245 -634.0000000000
12275 -633.0000000000
12297 -631.0000000000
12346 -630.0000000000
12356 -629.0000000000
12408 -626.0000000000
12427 -624.0000000000
12456 -621.0000000000
12469 -620.0000000000
12496 -618.0000000000
12529 -616.0000000000
12538 -615.0000000000
12541 -614.0000000000
12559 -613.0000000000
12574 -612.0000000000
12587 -611.0000000000
12608 -610.0000000000
12614 -608.0000000000
12623 -606.0000000000
12631 -603.0000000000
12677 -602.0000000000
12691 -601.0000000000
12698 -599.0000000000
12734 -597.0000000000
12758 -596.0000000000
12824 -594.0000000000
12845 -592.0000000000
12862 -591.0000000000
12883 -590.0000000000
12917 -589.0000000000
12922 -587.0000000000
12963 -585.0000000000
12972 -584.0000000000
13003 -583.0000000000
13020 -582.0000000000
13061 -581.0000000000
13062 -580.0000000000
13069 -578.0000000000
13090 -577.0000000000
13093 -576.0000000000
13136 -575.0000000000
13142 -574.0000000000
13171 -571.0000000000
13204 -570.0000000000
13215 -569.0000000000
13232 -568.0000000000
13250 -567.0000000000
13288 -566.0000000000
13319 -565.0000000000
13332 -564.0000000000
13366 -561.0000000000
13403 -560.0000000000
13430 -559.0000000000
13468 -558.0000000000
13502 -557.0000000000
13530 -556.0000000000
13546 -554.0000000000
13568 -553.0000000000
13578 -552.0000000000
13621 -551.0000000000
13638 -550.0000000000
13663 -549.0000000000
13671 -546.0000000000
13686 -545.0000000000
13698 -544.0000000000
13703 -543.0000000000
13720 -541.0000000000
13751 -540.0000000000
13758 -539.0000000000
13766 -537.0000000000
13781 -534.0000000000
13796 -533.0000000000
13824 -532.0000000000
13846 -531.0000000000
13847 -530.0000000000
13853 -528.0000000000
13897 -527.0000000000
13918 -526.0000000000
13939 -524.0000000000
13966 -523.0000000000
13986 -522.0000000000
14017 -521.0000000000
14050 -520.0000000000
14064 -519.0000000000
14108 -518.0000000000
14123 -517.0000000000
14131 -514.0000000000
14178 -513.0000000000
14190 -512.0000000000
14262 -510.0000000000
14275 -507.0000000000
14304 -506.0000000000
14322 -505.0000000000
14362 -504.0000000000
14375 -502.0000000000
14413 -500.0000000000
14419 -499.0000000000
14454 -498.0000000000
14464 -497.0000000000
14476 -493.0000000000
14505 -492.0000000000
14537 -491.0000000000
14550 -488.0000000000
14566 -487.0000000000
14583 -486.0000000000
14604 -484.0000000000
14641 -483.0000000000
14664 -482.0000000000
14674 -481.0000000000
14704 -480.0000000000
14716 -479.0000000000
14727 -477.0000000000
14770 -475.0000000000
14799 -474.0000000000
14811 -473.0000000000
14844 -471.0000000000
14851 -469.0000000000
14888 -468.0000000000
14897 -467.0000000000
14927 -466.0000000000
14948 -465.0000000000
14974 -464.0000000000
14985 -463.0000000000
15017 -461.0000000000
15023 -460.0000000000
15033 -459.0000000000
15066 -458.0000000000
15082 -457.0000000000
15112 -456.0000000000
15210 -455.0000000000
15231 -453.0000000000
15256 -451.0000000000
15307 -450.0000000000
15340 -449.0000000000
15350 -447.0000000000
15373 -446.0000000000
15422 -445.0000000000
15479 -443.0000000000
15508 -440.0000000000
15527 -439.0000000000
15564 -438.0000000000
15576 -436.0000000000
15615 -435.0000000000
15622 -433.0000000000
15678 -432.0000000000
15702 -431.0000000000
15743 -430.0000000000
15761 -428.0000000000
15796 -427.0000000000
15820 -426.0000000000
15824 -425.0000000000
15868 -424.0000000000
15887 -423.0000000000
15889 -420.0000000000
15911 -419.0000000000
15954 -417.0000000000
16023 -416.0000000000
16045 -415.0000000000
16068 -414.0000000000
16103 -413.0000000000
16129 -412.0000000000
16133 -411.0000000000
16152 -410.0000000000
16185 -409.0000000000
16212 -408.0000000000
16236 -407.0000000000
16244 -405.0000000000
16270 -403.0000000000
16277 -402.0000000000
16296 -401.0000000000
16318 -400.0000000000
16335 -399.0000000000
16394 -397.0000000000
16410 -396.0000000000
16440 -394.0000000000
16478 -393.0000000000
16484 -392.0000000000
16511 -391.0000000000
16512 -388.0000000000
16534 -386.0000000000
16557 -385.0000000000
16585 -384.0000000000
16635 -383.0000000000
16644 -382.0000000000
16665 -381.0000000000
16679 -380.0000000000
16682 -379.0000000000
16715 -377.0000000000
16743 -376.0000000000
16775 -375.0000000000
16820 -374.0000000000
16839 -373.0000000000
16864 -372.0000000000
16891 -371.0000000000
16907 -369.0000000000
16942 -368.0000000000
16955 -367.0000000000
17013 -364.0000000000
17057 -363.0000000000
17070 -362.0000000000
17096 -361.0000000000
17107 -360.0000000000
17113 -359.0000000000
17138 -358.0000000000
17183 -354.0000000000
17245 -352.0000000000
17302 -349.0000000000
17359 -348.0000000000
17380 -347.0000000000
17381 -346.0000000000
17433 -344.0000000000
17478 -343.0000000000
17527 -342.0000000000
17536 -341.0000000000
17548 -340.0000000000
17554 -339.0000000000
17572 -338.0000000000
17585 -337.0000000000
17605 -336.0000000000
17626 -335.0000000000
17633 -334.0000000000
17646 -333.0000000000
17712 -332.0000000000
17718 -331.0000000000
17754 -329.0000000000
17797 -328.0000000000
17831 -327.0000000000
17858 -326.0000000000
17875 -325.0000000000
17916 -324.0000000000
17958 -322.0000000000
17969 -321.0000000000
18045 -320.0000000000
18054 -319.0000000000
18072 -318.0000000000
18174 -315.0000000000
18213 -313.0000000000
18231 -312.0000000000
18276 -310.0000000000
18311 -309.0000000000
18344 -308.0000000000
18397 -307.0000000000
18407 -306.0000000000
18475 -305.0000000000
18489 -304.0000000000
18502 -303.0000000000
18512 -302.0000000000
18543 -300.0000000000
18551 -299.0000000000
18578 -298.0000000000
18593 -297.0000000000
18599 -296.0000000000
18605 -295.0000000000
18613 -294.0000000000
18633 -293.0000000000
18650 -292.0000000000
18656 -291.0000000000
18677 -290.0000000000
18683 -288.0000000000
18709 -287.0000000000
18769 -286.0000000000
18807 -285.0000000000
18832 -284.0000000000
18871 -283.0000000000
18892 -282.0000000000
18918 -281.0000000000
18935 -280.0000000000
18947 -279.0000000000
18976 -278.0000000000
18982 -277.0000000000
19030 -276.0000000000
19075 -275.0000000000
19127 -272.0000000000
19164 -269.0000000000
19283 -268.0000000000
19321 -267.0000000000
19397 -266.0000000000
19402 -265.0000000000
19442 -264.0000000000
19470 -263.0000000000
19478 -262.0000000000
19528 -261.0000000000
19556 -260.0000000000
19587 -259.0000000000
19595 -258.0000000000
19622 -256.0000000000
19633 -255.0000000000
19699 -254.0000000000
19714 -252.0000000000
19765 -251.0000000000
19808 -250.0000000000
19814 -249.0000000000
19833 -248.0000000000
19865 -247.0000000000
19907 -246.0000000000
19948 -245.0000000000
19966 -243.0000000000
19996 -242.0000000000
20046 -241.0000000000
20051 -240.0000000000
20089 -239.0000000000
20120 -238.0000000000
20122 -237.0000000000
20160 -236.0000000000
20214 -235.0000000000
20268 -233.0000000000
20293 -232.0000000000
20332 -231.0000000000
20374 -230.0000000000
20390 -228.0000000000
20418 -227.0000000000
20431 -226.0000000000
20492 -225.0000000000
20514 -224.0000000000
20538 -223.0000000000
20556 -222.0000000000
20572 -221.0000000000
20634 -220.0000000000
20656 -219.0000000000
20712 -217.0000000000
20741 -216.0000000000
20751 -215.0000000000
20762 -214.0000000000
20789 -213.0000000000
20795 -212.0000000000
20805 -211.0000000000
20860 -209.0000000000
20908 -208.0000000000
20950 -205.0000000000
21016 -204.0000000000
21101 -203.0000000000
21144 -200.0000000000
21216 -199.0000000000
21238 -198.0000000000
21283 -197.0000000000
21297 -196.0000000000
21331 -195.0000000000
21375 -194.0000000000
21442 -193.0000000000
21491 -192.0000000000
21508 -191.0000000000
21598 -190.0000000000
21617 -189.0000000000
21671 -188.0000000000
21725 -187.0000000000
21765 -186.0000000000
21782 -185.0000000000
21804 -184.0000000000
21834 -183.0000000000
21844 -182.0000000000
21865 -181.0000000000
21881 -180.0000000000
21954 -179.0000000000
22021 -178.0000000000
22037 -177.0000000000
22054 -176.0000000000
22137 -175.0000000000
22185 -174.0000000000
22192 -173.0000000000
22213 -172.0000000000
22275 -170.0000000000
22376 -169.0000000000
22458 -167.0000000000
22534 -166.0000000000
22648 -165.0000000000
22677 -164.0000000000
22724 -163.0000000000
22761 -162.0000000000
22800 -160.0000000000
22857 -159.0000000000
22889 -158.0000000000
22944 -157.0000000000
23002 -156.0000000000
23089 -154.0000000000
23106 -153.0000000000
23132 -152.0000000000
23163 -150.0000000000
23345 -149.0000000000
23407 -148.0000000000
23444 -147.0000000000
23455 -146.0000000000
23503 -145.0000000000
23522 -144.0000000000
23574 -143.0000000000
23642 -142.0000000000
23687 -141.0000000000
23709 -139.0000000000
23772 -138.0000000000
23786 -137.0000000000
23837 -136.0000000000
23872 -133.0000000000
23941 -132.0000000000
24007 -131.0000000000
24018 -130.0000000000
24033 -129.0000000000
24091 -128.0000000000
24142 -127.0000000000
24202 -125.0000000000
24260 -124.0000000000
24286 -123.0000000000
24336 -122.0000000000
24354 -120.0000000000
24387 -119.0000000000
24457 -118.0000000000
24485 -116.0000000000
24588 -115.0000000000
24617 -114.0000000000
24760 -113.0000000000
24822 -112.0000000000
24841 -111.0000000000
24963 -110.0000000000
25012 -109.0000000000
25044 -108.0000000000
25097 -107.0000000000
25109 -106.0000000000
25171 -105.0000000000
25233 -104.0000000000
25291 -102.0000000000
25451 -100.0000000000
25513 -99.0000000000
25644 -98.0000000000
25752 -96.0000000000
25860 -94.0000000000
26034 -93.0000000000
26178 -91.0000000000
26252 -89.0000000000
26395 -88.0000000000
26418 -87.0000000000
26544 -86.0000000000
26585 -85.0000000000
26692 -84.0000000000
26836 -83.0000000000
26845 -82.0000000000
26877 -81.0000000000
26909 -80.0000000000
26941 -79.0000000000
27021 -78.0000000000
27052 -76.0000000000
27108 -75.0000000000
27239 -74.0000000000
27324 -73.0000000000
27426 -72.0000000000
27454 -70.0000000000
27528 -69.0000000000
27589 -68.0000000000
27759 -67.0000000000
27827 -66.0000000000
27909 -65.0000000000
27953 -64.0000000000
28016 -63.0000000000
28047 -62.0000000000
28218 -61.0000000000
28359 -59.0000000000
28417 -58.0000000000
28430 -57.0000000000
28515 -56.0000000000
28570 -55.0000000000
28683 -54.0000000000
28772 -53.0000000000
28902 -52.0000000000
29047 -51.0000000000
29094 -50.0000000000
29293 -49.0000000000
29358 -48.0000000000
29480 -47.0000000000
29583 -46.0000000000
29679 -45.0000000000
29741 -44.0000000000
29770 -43.0000000000
29909 -42.0000000000
29953 -41.0000000000
30081 -40.0000000000
30096 -39.0000000000
30193 -38.0000000000
30320 -36.0000000000
30405 -35.0000000000
30613 -34.0000000000
30843 -33.0000000000
31324 -32.0000000000
31390 -31.0000000000
31462 -30.0000000000
31535 -29.0000000000
31603 -28.0000000000
31741 -27.0000000000
31987 -26.0000000000
32219 -25.0000000000
32378 -24.0000000000
32546 -23.0000000000
33045 -21.0000000000
33383 -20.0000000000
33563 -19.0000000000
33911 -18.0000000000
34003 -17.0000000000
34222 -16.0000000000
34306 -15.0000000000
34370 -14.0000000000
34392 -13.0000000000
35159 -12.0000000000
35233 -11.0000000000
35978 -10.0000000000
36337 -9.0000000000
36497 -8.0000000000
36582 -7.0000000000
36734 -6.0000000000
37012 -5.0000000000
37037 -4.0000000000
38606 -3.0000000000
39014 -2.0000000000
39671 65.9300000000
40172 73.5000000000
40198 80.3800000000
40265 81.1800000000
40295 87.4200000000
41195 89.0300000000
43253 90.2300000000
44170 93.3400000000
44255 97.7400000000
44289 100.0600000000
44292 100.7600000000
44320 102.1600000000
44333 106.8400000000
44340 107.3800000000
44370 108.5500000000
44426 144.6400000000
45436 147.7800000000
45448 152.4200000000
45510 156.7700000000
45541 160.1800000000
45956 163.5600000000
46099 164.4900000000
46668 166.1500000000
48038 167.1800000000
49745 169.8300000000
50137 171.6900000000
50225 185.5100000000
51018 187.8400000000
51051 199.5600000000
52773 311.0800000000
52799 317.6900000000
52823 333.4800000000
54116 338.2000000000
54237 342.1800000000
54504 343.2700000000
55327 351.2000000000
55729 354.5900000000
58400 360.6100000000
58507 415.0500000000
58696 423.2100000000
58871 426.8700000000
58898 434.3900000000
58911 446.9000000000
59794 447.2900000000
60397 452.9900000000
60899 558.6000000000
61034 565.5200000000
61105 572.2600000000
61225 575.2600000000
61331 577.4100000000
61386 581.8600000000
61738 587.9400000000
61773 589.2800000000
61924 591.1900000000
62987 593.0900000000
63121 596.8900000000
79458 603.8000000000
89418 609.9100000000
100000 560.2400000000
evaluations raw_y
1 -2021.0000000000
2 -2003.0000000000
4 -1940.0000000000
24 -1910.0000000000
35 -1900.0000000000
41 -1893.0000000000
64 -1887.0000000000
65 -1880.0000000000
73 -1874.0000000000
85 -1862.0000000000
103 -1859.0000000000
108 -1841.0000000000
121 -1838.0000000000
142 -1831.0000000000
158 -1830.0000000000
167 -1828.0000000000
168 -1827.0000000000
177 -1825.0000000000
189 -1824.0000000000
194 -1823.0000000000
195 -1818.0000000000
221 -1813.0000000000
241 -1811.0000000000
253 -1809.0000000000
264 -1808.0000000000
273 -1807.0000000000
274 -1801.0000000000
295 -1799.0000000000
323 -1798.0000000000
324 -1796.0000000000
335 -1795.0000000000
356 -1794.0000000000
365 -1793.0000000000
367 -1791.0000000000
400 -1790.0000000000
406 -1787.0000000000
425 -1786.0000000000
431 -1782.0000000000
444 -1781.0000000000
457 -1780.0000000000
473 -1779.0000000000
481 -1778.0000000000
496 -1777.0000000000
507 -1776.0000000000
514 -1774.0000000000
518 -1773.0000000000
522 -1771.0000000000
527 -1770.0000000000
538 -1769.0000000000
549 -1768.0000000000
551 -1767.0000000000
561 -1766.0000000000
577 -1765.0000000000
583 -1764.0000000000
598 -1761.0000000000
615 -1758.0000000000
622 -1756.0000000000
645 -1754.0000000000
651 -1752.0000000000
663 -1751.0000000000
675 -1748.0000000000
698 -1747.0000000000
702 -1745.0000000000
718 -1744.0000000000
722 -1742.0000000000
743 -1741.0000000000
751 -1740.0000000000
769 -1739.0000000000
775 -1738.0000000000
781 -1737.0000000000
791 -1735.0000000000
799 -1733.0000000000
807 -1731.0000000000
808 -1730.0000000000
829 -1729.0000000000
836 -1728.0000000000
837 -1727.0000000000
839 -1726.0000000000
860 -1724.0000000000
868 -1723.0000000000
872 -1721.0000000000
889 -1720.0000000000
901 -1719.0000000000
902 -1718.0000000000
912 -1717.0000000000
929 -1715.0000000000
933 -1713.0000000000
967 -1712.0000000000
970 -1710.0000000000
975 -1709.0000000000
1001 -1707.0000000000
1006 -1705.0000000000
1025 -1704.0000000000
1036 -1701.0000000000
1053 -1700.0000000000
1063 -1699.0000000000
1072 -1698.0000000000
1074 -1696.0000000000
1099 -1693.0000000000
1103 -1692.0000000000
1113 -1691.0000000000
1123 -1690.0000000000
1124 -1689.0000000000
1130 -1688.0000000000
1146 -1686.0000000000
1162 -1684.0000000000
1163 -1683.0000000000
1172 -1682.0000000000
1183 -1681.0000000000
1184 -1678.0000000000
1221 -1677.0000000000
1225 -1676.0000000000
1232 -1675.0000000000
1245 -1673.0000000000
1257 -1670.0000000000
1277 -1667.0000000000
1281 -1664.0000000000
1295 -1662.0000000000
1307 -1661.0000000000
1311 -1660.0000000000
1323 -1659.0000000000
1326 -1658.0000000000
1339 -1657.0000000000
1351 -1656.0000000000
1353 -1655.0000000000
1362 -1654.0000000000
1364 -1653.0000000000
1373 -1652.0000000000
1377 -1651.0000000000
1392 -1649.0000000000
1413 -1646.0000000000
1432 -1645.0000000000
1450 -1644.0000000000
1452 -1643.0000000000
1458 -1642.0000000000
1465 -1641.0000000000
1467 -1639.0000000000
1486 -1637.0000000000
1492 -1636.0000000000
1508 -1634.0000000000
1509 -1632.0000000000
1511 -1631.0000000000
1535 -1630.0000000000
1540 -1629.0000000000
1561 -1627.0000000000
1565 -1625.0000000000
1579 -1624.0000000000
1581 -1623.0000000000
1597 -1622.0000000000
1602 -1620.0000000000
1612 -1617.0000000000
1622 -1616.0000000000
1626 -1614.0000000000
1638 -1612.0000000000
1653 -1610.0000000000
1662 -1609.0000000000
1672 -1608.0000000000
1688 -1607.0000000000
1692 -1606.0000000000
1703 -1604.0000000000
1722 -1602.0000000000
1737 -1599.0000000000
1759 -1597.0000000000
1764 -1596.0000000000
1771 -1595.0000000000
1784 -1594.0000000000
1785 -1591.0000000000
1795 -1589.0000000000
1803 -1588.0000000000
1814 -1587.0000000000
1821 -1585.0000000000
1826 -1584.0000000000
1831 -1583.0000000000
1845 -1581.0000000000
1854 -1579.0000000000
1866 -1576.0000000000
1877 -1575.0000000000
1896 -1574.0000000000
1901 -1570.0000000000
1917 -1569.0000000000
1948 -1568.0000000000
1958 -1566.0000000000
1963 -1565.0000000000
1980 -1564.0000000000
1987 -1563.0000000000
2001 -1561.0000000000
2005 -1560.0000000000
2011 -1559.0000000000
2016 -1558.0000000000
2037 -1556.0000000000
2070 -1554.0000000000
2085 -1553.0000000000
2086 -1551.0000000000
2105 -1550.0000000000
2111 -1549.0000000000
2114 -1547.0000000000
2123 -1546.0000000000
2151 -1544.0000000000
2179 -1541.0000000000
2192 -1540.0000000000
2193 -1538.0000000000
2212 -1536.0000000000
2236 -1535.0000000000
2245 -1533.0000000000
2253 -1532.0000000000
2256 -1531.0000000000
2269 -1530.0000000000
2285 -1529.0000000000
2288 -1528.0000000000
2312 -1527.0000000000
2315 -1525.0000000000
2322 -1524.0000000000
2342 -1523.0000000000
2344 -1521.0000000000
2365 -1520.0000000000
2382 -1519.0000000000
2392 -1518.0000000000
2416 -1515.0000000000
2438 -1514.0000000000
2450 -1512.0000000000
2453 -1510.0000000000
2472 -1509.0000000000
2480 -1508.0000000000
2489 -1504.0000000000
2513 -1501.0000000000
2535 -1500.0000000000
2545 -1498.0000000000
2558 -1497.0000000000
2576 -1496.0000000000
2585 -1495.0000000000
2592 -1493.0000000000
2617 -1492.0000000000
2632 -1491.0000000000
2645 -1490.0000000000
2650 -1488.0000000000
2655 -1487.0000000000
2684 -1485.0000000000
2693 -1484.0000000000
2700 -1483.0000000000
2714 -1482.0000000000
2733 -1481.0000000000
2735 -1479.0000000000
2745 -1478.0000000000
2760 -1477.0000000000
2761 -1476.0000000000
2771 -1475.0000000000
2777 -1471.0000000000
2787 -1470.0000000000
2795 -1469.0000000000
2803 -1466.0000000000
2834 -1465.0000000000
2843 -1463.0000000000
2860 -1462.0000000000
2861 -1458.0000000000
2882 -1455.0000000000
2906 -1454.0000000000
2907 -1453.0000000000
2918 -1450.0000000000
2943 -1449.0000000000
2948 -1447.0000000000
2952 -1446.0000000000
2971 -1444.0000000000
2989 -1443.0000000000
2997 -1442.0000000000
3001 -1441.0000000000
3021 -1440.0000000000
3034 -1439.0000000000
3042 -1438.0000000000
3051 -1436.0000000000
3075 -1435.0000000000
3083 -1434.0000000000
3091 -1429.0000000000
3118 -1426.0000000000
3128 -1425.0000000000
3131 -1424.0000000000
3150 -1422.0000000000
3163 -1419.0000000000
3175 -1418.0000000000
3197 -1416.0000000000
3211 -1414.0000000000
3227 -1413.0000000000
3229 -1412.0000000000
3235 -1411.0000000000
3242 -1408.0000000000
3273 -1406.0000000000
3302 -1405.0000000000
3312 -1403.0000000000
3321 -1402.0000000000
3340 -1399.0000000000
3357 -1398.0000000000
3375 -1396.0000000000
3389 -1395.0000000000
3404 -1394.0000000000
3410 -1393.0000000000
3414 -1392.0000000000
3425 -1389.0000000000
3443 -1388.0000000000
3453 -1387.0000000000
3461 -1386.0000000000
3471 -1385.0000000000
3482 -1384.0000000000
3492 -1381.0000000000
3504 -1380.0000000000
3512 -1378.0000000000
3532 -1377.0000000000
3539 -1374.0000000000
3560 -1373.0000000000
3565 -1372.0000000000
3580 -1370.0000000000
3589 -1369.0000000000
3612 -1368.0000000000
3614 -1367.0000000000
3629 -1366.0000000000
3634 -1365.0000000000
3643 -1361.0000000000
3679 -1360.0000000000
3691 -1359.0000000000
3698 -1358.0000000000
3701 -1357.0000000000
3719 -1356.0000000000
3736 -1355.0000000000
3742 -1354.0000000000
3745 -1353.0000000000
3755 -1350.0000000000
3768 -1349.0000000000
3782 -1348.0000000000
3792 -1346.0000000000
3821 -1345.0000000000
3822 -1343.0000000000
3833 -1342.0000000000
3834 -1341.0000000000
3877 -1339.0000000000
3886 -1338.0000000000
3892 -1337.0000000000
3906 -1335.0000000000
3911 -1334.0000000000
3921 -1333.0000000000
3934 -1329.0000000000
3972 -1327.0000000000
3981 -1325.0000000000
4003 -1323.0000000000
4009 -1321.0000000000
4021 -1320.0000000000
4030 -1317.0000000000
4060 -1316.0000000000
4073 -1315.0000000000
4082 -1314.0000000000
4103 -1313.0000000000
4105 -1312.0000000000
4114 -1310.0000000000
4125 -1309.0000000000
4141 -1307.0000000000
4168 -1306.0000000000
4172 -1305.0000000000
4196 -1304.0000000000
4197 -1303.0000000000
4225 -1302.0000000000
4232 -1300.0000000000
4245 -1298.0000000000
4261 -1297.0000000000
4266 -1295.0000000000
4282 -1292.0000000000
4295 -1291.0000000000
4309 -1290.0000000000
4330 -1288.0000000000
4338 -1287.0000000000
4342 -1284.0000000000
4369 -1283.0000000000
4378 -1281.0000000000
4379 -1280.0000000000
4395 -1276.0000000000
4401 -1275.0000000000
4411 -1274.0000000000
4431 -1273.0000000000
4432 -1272.0000000000
4453 -1267.0000000000
4467 -1265.0000000000
4479 -1263.0000000000
4492 -1262.0000000000
4494 -1260.0000000000
4529 -1256.0000000000
4545 -1254.0000000000
4558 -1252.0000000000
4589 -1251.0000000000
4595 -1250.0000000000
4602 -1249.0000000000
4609 -1244.0000000000
4630 -1243.0000000000
4648 -1242.0000000000
4658 -1241.0000000000
4671 -1240.0000000000
4679 -1239.0000000000
4713 -1238.0000000000
4716 -1237.0000000000
4718 -1236.0000000000
4722 -1235.0000000000
4739 -1234.0000000000
4743 -1233.0000000000
4747 -1229.0000000000
4761 -1228.0000000000
4778 -1227.0000000000
4807 -1226.0000000000
4823 -1225.0000000000
4832 -1223.0000000000
4854 -1220.0000000000
4868 -1218.0000000000
4887 -1216.0000000000
4901 -1215.0000000000
4904 -1214.0000000000
4917 -1213.0000000000
4922 -1210.0000000000
4936 -1209.0000000000
4942 -1208.0000000000
4952 -1207.0000000000
4953 -1206.0000000000
4961 -1205.0000000000
4982 -1204.0000000000
4993 -1203.0000000000
5013 -1202.0000000000
5022 -1200.0000000000
5024 -1199.0000000000
5052 -1196.0000000000
5074 -1194.0000000000
5090 -1193.0000000000
5097 -1191.0000000000
5104 -1190.0000000000
5114 -1189.0000000000
5131 -1188.0000000000
5143 -1186.0000000000
5161 -1183.0000000000
5176 -1182.0000000000
5202 -1181.0000000000
5205 -1180.0000000000
5223 -1178.0000000000
5229 -1177.0000000000
5255 -1176.0000000000
5266 -1175.0000000000
5275 -1172.0000000000
5281 -1171.0000000000
5295 -1170.0000000000
5304 -1169.0000000000
5311 -1168.0000000000
5330 -1167.0000000000
5337 -1166.0000000000
5342 -1164.0000000000
5344 -1163.0000000000
5371 -1162.0000000000
5376 -1159.0000000000
5403 -1158.0000000000
5412 -1156.0000000000
5422 -1155.0000000000
5429 -1153.0000000000
5442 -1152.0000000000
5455 -1151.0000000000
5473 -1148.0000000000
5492 -1147.0000000000
5498 -1145.0000000000
5504 -1144.0000000000
5526 -1143.0000000000
5537 -1142.0000000000
5541 -1141.0000000000
5563 -1140.0000000000
5592 -1138.0000000000
5602 -1137.0000000000
5613 -1136.0000000000
5627 -1135.0000000000
5638 -1133.0000000000
5653 -1130.0000000000
5691 -1127.0000000000
5711 -1126.0000000000
5727 -1124.0000000000
5734 -1123.0000000000
5756 -1122.0000000000
5772 -1121.0000000000
5802 -1120.0000000000
5825 -1118.0000000000
5833 -1117.0000000000
5849 -1114.0000000000
5866 -1108.0000000000
5871 -1107.0000000000
5896 -1106.0000000000
5906 -1105.0000000000
5912 -1104.0000000000
5919 -1103.0000000000
5929 -1102.0000000000
5944 -1101.0000000000
5953 -1100.0000000000
5962 -1099.0000000000
5989 -1098.0000000000
5992 -1096.0000000000
6016 -1093.0000000000
6052 -1092.0000000000
6063 -1090.0000000000
6078 -1089.0000000000
6080 -1087.0000000000
6115 -1083.0000000000
6139 -1082.0000000000
6144 -1081.0000000000
6156 -1080.0000000000
6175 -1079.0000000000
6187 -1077.0000000000
6191 -1075.0000000000
6207 -1073.0000000000
6218 -1072.0000000000
6238 -1071.0000000000
6256 -1067.0000000000
6263 -1066.0000000000
6296 -1065.0000000000
6304 -1064.0000000000
6324 -1062.0000000000
6335 -1060.0000000000
6357 -1059.0000000000
6383 -1057.0000000000
6391 -1054.0000000000
6393 -1053.0000000000
6418 -1051.0000000000
6419 -1049.0000000000
6469 -1048.0000000000
6481 -1047.0000000000
6485 -1046.0000000000
6513 -1044.0000000000
6539 -1043.0000000000
6545 -1042.0000000000
6556 -1041.0000000000
6563 -1038.0000000000
6601 -1037.0000000000
6619 -1036.0000000000
6623 -1035.0000000000
6631 -1034.0000000000
6641 -1032.0000000000
6664 -1030.0000000000
6671 -1028.0000000000
6691 -1027.0000000000
6693 -1026.0000000000
6713 -1025.0000000000
6714 -1020.0000000000
6763 -1019.0000000000
6770 -1018.0000000000
6783 -1016.0000000000
6799 -1014.0000000000
6801 -1013.0000000000
6811 -1010.0000000000
6854 -1009.0000000000
6858 -1007.0000000000
6882 -1004.0000000000
6903 -1003.0000000000
6915 -1000.0000000000
6932 -999.0000000000
6961 -998.0000000000
6963 -997.0000000000
6978 -996.0000000000
6985 -994.0000000000
6995 -993.0000000000
7003 -992.0000000000
7011 -991.0000000000
7028 -990.0000000000
7042 -989.0000000000
7062 -988.0000000000
7075 -987.0000000000
7095 -986.0000000000
7101 -985.0000000000
7114 -982.0000000000
7124 -981.0000000000
7169 -979.0000000000
7182 -978.0000000000
7202 -977.0000000000
7221 -976.0000000000
7223 -975.0000000000
7235 -974.0000000000
7258 -972.0000000000
7272 -970.0000000000
7294 -969.0000000000
7301 -968.0000000000
7316 -967.0000000000
7322 -966.0000000000
7332 -964.0000000000
7350 -962.0000000000
7380 -961.0000000000
7382 -960.0000000000
7425 -959.0000000000
7426 -957.0000000000
7445 -956.0000000000
7455 -955.0000000000
7464 -953.0000000000
7483 -952.0000000000
7504 -950.0000000000
7518 -949.0000000000
7527 -948.0000000000
7531 -945.0000000000
7563 -944.0000000000
7576 -942.0000000000
7605 -941.0000000000
7621 -938.0000000000
7635 -937.0000000000
7644 -936.0000000000
7653 -935.0000000000
7664 -934.0000000000
7685 -933.0000000000
7691 -932.0000000000
7696 -931.0000000000
7707 -928.0000000000
7714 -927.0000000000
7729 -925.0000000000
7738 -924.0000000000
7741 -923.0000000000
7757 -921.0000000000
7799 -920.0000000000
7802 -919.0000000000
7805 -915.0000000000
7812 -914.0000000000
7865 -913.0000000000
7901 -912.0000000000
7929 -911.0000000000
7937 -910.0000000000
7941 -907.0000000000
7981 -906.0000000000
7982 -905.0000000000
7992 -904.0000000000
8001 -903.0000000000
8023 -902.0000000000
8047 -901.0000000000
8061 -898.0000000000
8103 -897.0000000000
8106 -895.0000000000
8127 -894.0000000000
8132 -892.0000000000
8157 -891.0000000000
8169 -890.0000000000
8171 -889.0000000000
8197 -887.0000000000
8210 -886.0000000000
8222 -884.0000000000
8246 -883.0000000000
8261 -881.0000000000
8291 -880.0000000000
8317 -879.0000000000
8325 -878.0000000000
8347 -877.0000000000
8361 -876.0000000000
8378 -875.0000000000
8380 -873.0000000000
8392 -871.0000000000
8409 -870.0000000000
8419 -869.0000000000
8421 -868.0000000000
8451 -867.0000000000
8467 -863.0000000000
8500 -862.0000000000
8507 -861.0000000000
8520 -859.0000000000
8537 -858.0000000000
8539 -856.0000000000
8569 -855.0000000000
8594 -854.0000000000
8621 -852.0000000000
8665 -850.0000000000
8682 -848.0000000000
8756 -847.0000000000
8759 -845.0000000000
8769 -844.0000000000
8770 -843.0000000000
8792 -841.0000000000
8806 -840.0000000000
8825 -839.0000000000
8846 -838.0000000000
8865 -837.0000000000
8867 -836.0000000000
8871 -835.0000000000
8891 -834.0000000000
8904 -833.0000000000
8911 -832.0000000000
8927 -830.0000000000
8939 -829.0000000000
8953 -828.0000000000
8964 -827.0000000000
8970 -826.0000000000
8994 -822.0000000000
9018 -821.0000000000
9036 -820.0000000000
9046 -819.0000000000
9056 -818.0000000000
9061 -817.0000000000
9084 -816.0000000000
9105 -815.0000000000
9115 -814.0000000000
9118 -813.0000000000
9135 -810.0000000000
9147 -809.0000000000
9156 -808.0000000000
9161 -807.0000000000
9171 -805.0000000000
9229 -803.0000000000
9241 -802.0000000000
9259 -801.0000000000
9263 -799.0000000000
9280 -796.0000000000
9302 -793.0000000000
9321 -792.0000000000
9329 -791.0000000000
9331 -790.0000000000
9342 -789.0000000000
9348 -788.0000000000
9356 -787.0000000000
9366 -785.0000000000
9387 -782.0000000000
9404 -781.0000000000
9436 -780.0000000000
9450 -779.0000000000
9461 -778.0000000000
9473 -777.0000000000
9487 -776.0000000000
9496 -775.0000000000
9506 -774.0000000000
9525 -771.0000000000
9542 -769.0000000000
9551 -767.0000000000
9563 -765.0000000000
9575 -764.0000000000
9585 -763.0000000000
9593 -762.0000000000
9606 -761.0000000000
9616 -760.0000000000
9643 -758.0000000000
9664 -757.0000000000
9711 -755.0000000000
9733 -753.0000000000
9751 -751.0000000000
9800 -748.0000000000
9842 -745.0000000000
9854 -744.0000000000
9903 -742.0000000000
9904 -741.0000000000
9914 -740.0000000000
9940 -739.0000000000
9967 -738.0000000000
9971 -737.0000000000
10013 -734.0000000000
10048 -733.0000000000
10068 -731.0000000000
10093 -730.0000000000
10107 -729.0000000000
10141 -727.0000000000
10176 -726.0000000000
10200 -725.0000000000
10202 -724.0000000000
10206 -723.0000000000
10236 -722.0000000000
10252 -721.0000000000
10263 -719.0000000000
10281 -718.0000000000
10291 -717.0000000000
10302 -716.0000000000
10311 -714.0000000000
10363 -713.0000000000
10381 -711.0000000000
10394 -710.0000000000
10401 -708.0000000000
10437 -707.0000000000
10440 -706.0000000000
10449 -704.0000000000
10468 -703.0000000000
10483 -702.0000000000
10495 -701.0000000000
10518 -699.0000000000
10532 -696.0000000000
10546 -695.0000000000
10562 -694.0000000000
10583 -691.0000000000
10599 -690.0000000000
10622 -689.0000000000
10623 -688.0000000000
10659 -687.0000000000
10664 -686.0000000000
10678 -685.0000000000
10713 -684.0000000000
10734 -681.0000000000
10782 -680.0000000000
10792 -679.0000000000
10819 -677.0000000000
10845 -676.0000000000
10849 -675.0000000000
10874 -674.0000000000
10882 -671.0000000000
10909 -670.0000000000
10925 -669.0000000000
10935 -666.0000000000
10959 -665.0000000000
11003 -664.0000000000
11018 -663.0000000000
11021 -660.0000000000
11037 -659.0000000000
11054 -658.0000000000
11096 -655.0000000000
11111 -654.0000000000
11121 -653.0000000000
11153 -652.0000000000
11165 -651.0000000000
11179 -649.0000000000
11185 -648.0000000000
11211 -647.0000000000
11225 -646.0000000000
11238 -645.0000000000
11244 -644.0000000000
11280 -642.0000000000
11296 -641.0000000000
11301 -640.0000000000
11305 -639.0000000000
11312 -638.0000000000
11316 -637.0000000000
11353 -636.0000000000
11371 -635.0000000000
11383 -634.0000000000
11401 -633.0000000000
11412 -632.0000000000
11446 -630.0000000000
11462 -629.0000000000
11486 -628.0000000000
11503 -627.0000000000
11509 -625.0000000000
11532 -624.0000000000
11535 -622.0000000000
11559 -621.0000000000
11566 -620.0000000000
11572 -619.0000000000
11577 -618.0000000000
11591 -617.0000000000
11593 -616.0000000000
11607 -614.0000000000
11630 -613.0000000000
11644 -612.0000000000
11645 -611.0000000000
11662 -609.0000000000
11715 -608.0000000000
11717 -605.0000000000
11757 -603.0000000000
11798 -602.0000000000
11821 -601.0000000000
11865 -600.0000000000
11874 -599.0000000000
11899 -598.0000000000
11936 -595.0000000000
11983 -594.0000000000
11995 -592.0000000000
12028 -591.0000000000
12052 -589.0000000000
12069 -588.0000000000
12096 -587.0000000000
12118 -586.0000000000
12140 -584.0000000000
12167 -581.0000000000
12177 -580.0000000000
12196 -579.0000000000
12216 -577.0000000000
12261 -576.0000000000
12276 -574.0000000000
12281 -573.0000000000
12292 -572.0000000000
12321 -571.0000000000
12322 -570.0000000000
12344 -569.0000000000
12365 -568.0000000000
12371 -567.0000000000
12398 -566.0000000000
12415 -565.0000000000
12451 -564.0000000000
12472 -563.0000000000
12482 -562.0000000000
12521 -561.0000000000
12534 -560.0000000000
12574 -559.0000000000
12583 -557.0000000000
12608 -556.0000000000
12633 -555.0000000000
12678 -554.0000000000
12683 -553.0000000000
12700 -552.0000000000
12711 -551.0000000000
12726 -549.0000000000
12744 -548.0000000000
12761 -547.0000000000
12777 -546.0000000000
12803 -545.0000000000
12819 -544.0000000000
12851 -542.0000000000
12875 -539.0000000000
12934 -538.0000000000
12955 -536.0000000000
12966 -534.0000000000
13006 -533.0000000000
13034 -532.0000000000
13043 -530.0000000000
13068 -528.0000000000
13096 -527.0000000000
13126 -526.0000000000
13139 -525.0000000000
13155 -523.0000000000
13181 -522.0000000000
13198 -520.0000000000
13237 -519.0000000000
13240 -518.0000000000
13262 -517.0000000000
13301 -516.0000000000
13347 -515.0000000000
13348 -514.0000000000
13366 -513.0000000000
13462 -510.0000000000
13487 -508.0000000000
13526 -507.0000000000
13556 -505.0000000000
13581 -503.0000000000
13612 -500.0000000000
13653 -499.0000000000
13708 -498.0000000000
13720 -496.0000000000
13760 -494.0000000000
13790 -493.0000000000
13815 -492.0000000000
13841 -491.0000000000
13858 -490.0000000000
13864 -489.0000000000
13883 -487.0000000000
13913 -486.0000000000
13951 -485.0000000000
13965 -482.0000000000
14010 -481.0000000000
14044 -480.0000000000
14093 -479.0000000000
14097 -478.0000000000
14117 -476.0000000000
14133 -475.0000000000
14160 -474.0000000000
14186 -472.0000000000
14218 -471.0000000000
14267 -470.0000000000
14274 -469.0000000000
14295 -468.0000000000
14307 -467.0000000000
14319 -466.0000000000
14373 -465.0000000000
14408 -464.0000000000
14448 -462.0000000000
14463 -461.0000000000
14473 -460.0000000000
14496 -459.0000000000
14546 -458.0000000000
14563 -457.0000000000
14604 -456.0000000000
14620 -455.0000000000
14640 -453.0000000000
14651 -450.0000000000
14689 -448.0000000000
14700 -447.0000000000
14728 -445.0000000000
14760 -444.0000000000
14785 -441.0000000000
14800 -440.0000000000
14833 -438.0000000000
14902 -436.0000000000
14921 -435.0000000000
14947 -434.0000000000
14965 -433.0000000000
15026 -432.0000000000
15028 -431.0000000000
15066 -430.0000000000
15071 -428.0000000000
15119 -427.0000000000
15129 -426.0000000000
15139 -425.0000000000
15160 -424.0000000000
15193 -423.0000000000
15206 -422.0000000000
15236 -421.0000000000
15242 -420.0000000000
15284 -419.0000000000
15291 -418.0000000000
15315 -417.0000000000
15352 -414.0000000000
15378 -413.0000000000
15388 -412.0000000000
15400 -411.0000000000
15404 -410.0000000000
15438 -409.0000000000
15471 -408.0000000000
15478 -406.0000000000
15493 -405.0000000000
15537 -404.0000000000
15568 -403.0000000000
15573 -402.0000000000
15610 -401.0000000000
15622 -400.0000000000
15631 -399.0000000000
15678 -397.0000000000
15696 -396.0000000000
15718 -392.0000000000
15770 -391.0000000000
15798 -390.0000000000
15799 -389.0000000000
15850 -387.0000000000
15917 -386.0000000000
15925 -384.0000000000
15942 -383.0000000000
15953 -382.0000000000
15962 -381.0000000000
15986 -379.0000000000
16016 -378.0000000000
16039 -377.0000000000
16051 -375.0000000000
16074 -374.0000000000
16098 -373.0000000000
16113 -372.0000000000
16127 -369.0000000000
16132 -368.0000000000
16173 -367.0000000000
16180 -366.0000000000
16200 -363.0000000000
16241 -362.0000000000
16283 -361.0000000000
16301 -360.0000000000
16343 -359.0000000000
16398 -358.0000000000
16455 -357.0000000000
16489 -356.0000000000
16501 -355.0000000000
16530 -354.0000000000
16538 -353.0000000000
16567 -352.0000000000
16660 -350.0000000000
16667 -349.0000000000
16683 -348.0000000000
16812 -347.0000000000
16840 -346.0000000000
16869 -345.0000000000
16875 -344.0000000000
16898 -343.0000000000
16957 -342.0000000000
16966 -341.0000000000
16988 -340.0000000000
16992 -339.0000000000
17014 -338.0000000000
17037 -337.0000000000
17042 -335.0000000000
17116 -334.0000000000
17139 -333.0000000000
17167 -332.0000000000
17193 -331.0000000000
17221 -329.0000000000
17305 -328.0000000000
17327 -327.0000000000
17356 -326.0000000000
17378 -325.0000000000
17433 -323.0000000000
17457 -322.0000000000
17502 -320.0000000000
17522 -319.0000000000
17546 -318.0000000000
17575 -317.0000000000
17593 -316.0000000000
17625 -315.0000000000
17631 -314.0000000000
17654 -313.0000000000
17740 -311.0000000000
17741 -310.0000000000
17756 -308.0000000000
17775 -307.0000000000
17821 -306.0000000000
17860 -305.0000000000
17863 -304.0000000000
17903 -303.0000000000
17965 -302.0000000000
17979 -301.0000000000
18002 -300.0000000000
18026 -299.0000000000
18058 -298.0000000000
18091 -297.0000000000
18115 -295.0000000000
18138 -294.0000000000
18169 -293.0000000000
18175 -291.0000000000
18214 -290.0000000000
18239 -289.0000000000
18279 -288.0000000000
18302 -287.0000000000
18332 -286.0000000000
18342 -284.0000000000
18407 -283.0000000000
18419 -282.0000000000
18451 -281.0000000000
18467 -279.0000000000
18504 -278.0000000000
18534 -277.0000000000
18558 -276.0000000000
18576 -275.0000000000
18589 -274.0000000000
18645 -273.0000000000
18672 -272.0000000000
18689 -271.0000000000
18707 -270.0000000000
18718 -269.0000000000
18760 -267.0000000000
18791 -266.0000000000
18828 -265.0000000000
18852 -264.0000000000
18902 -263.0000000000
18936 -262.0000000000
18954 -261.0000000000
18972 -259.0000000000
18982 -258.0000000000
19026 -257.0000000000
19028 -255.0000000000
19065 -254.0000000000
19076 -253.0000000000
19098 -252.0000000000
19122 -251.0000000000
19202 -250.0000000000
19218 -248.0000000000
19251 -247.0000000000
19269 -245.0000000000
19316 -244.0000000000
19348 -243.0000000000
19385 -241.0000000000
19410 -240.0000000000
19421 -239.0000000000
19460 -238.0000000000
19465 -237.0000000000
19496 -236.0000000000
19579 -235.0000000000
19612 -234.0000000000
19619 -233.0000000000
19631 -232.0000000000
19646 -231.0000000000
19704 -229.0000000000
19729 -228.0000000000
19779 -224.0000000000
19787 -223.0000000000
19821 -222.0000000000
19887 -221.0000000000
19912 -219.0000000000
19922 -217.0000000000
19957 -216.0000000000
19980 -215.0000000000
20002 -214.0000000000
20012 -213.0000000000
20062 -211.0000000000
20101 -210.0000000000
20165 -208.0000000000
20216 -207.0000000000
20266 -206.0000000000
20313 -205.0000000000
20342 -204.0000000000
20379 -203.0000000000
20428 -202.0000000000
20432 -200.0000000000
20455 -199.0000000000
20476 -198.0000000000
20542 -197.0000000000
20634 -196.0000000000
20679 -194.0000000000
20799 -193.0000000000
20842 -192.0000000000
20896 -190.0000000000
20945 -187.0000000000
20991 -186.0000000000
21057 -182.0000000000
21117 -181.0000000000
21135 -180.0000000000
21247 -179.0000000000
21288 -178.0000000000
21313 -177.0000000000
21364 -176.0000000000
21450 -175.0000000000
21451 -174.0000000000
21480 -172.0000000000
21515 -171.0000000000
21549 -170.0000000000
21566 -168.0000000000
21578 -167.0000000000
21589 -166.0000000000
21631 -165.0000000000
21680 -164.0000000000
21725 -163.0000000000
21785 -161.0000000000
21845 -160.0000000000
21894 -159.0000000000
21933 -158.0000000000
22013 -156.0000000000
22067 -154.0000000000
22136 -153.0000000000
22177 -151.0000000000
22296 -150.0000000000
22331 -148.0000000000
22401 -146.0000000000
22475 -145.0000000000
22518 -144.0000000000
22521 -143.0000000000
22554 -142.0000000000
22620 -141.0000000000
22691 -140.0000000000
22769 -139.0000000000
22777 -138.0000000000
22795 -137.0000000000
22848 -136.0000000000
22897 -135.0000000000
22978 -134.0000000000
23027 -133.0000000000
23141 -131.0000000000
23189 -130.0000000000
23196 -129.0000000000
23227 -128.0000000000
23261 -127.0000000000
23273 -126.0000000000
23355 -125.0000000000
23406 -124.0000000000
23476 -123.0000000000
23524 -122.0000000000
23597 -121.0000000000
23647 -120.0000000000
23731 -119.0000000000
23773 -118.0000000000
23804 -116.0000000000
23857 -115.0000000000
23914 -114.0000000000
23961 -113.0000000000
24034 -112.0000000000
24093 -111.0000000000
24156 -110.0000000000
24203 -109.0000000000
24226 -108.0000000000
24326 -107.0000000000
24375 -106.0000000000
24410 -105.0000000000
24603 -104.0000000000
24652 -103.0000000000
24670 -102.0000000000
24774 -101.0000000000
24873 -100.0000000000
24985 -99.0000000000
25017 -98.0000000000
25082 -97.0000000000
25128 -96.0000000000
25169 -95.0000000000
25198 -94.0000000000
25306 -93.0000000000
25384 -92.0000000000
25400 -91.0000000000
25428 -90.0000000000
25609 -89.0000000000
25672 -88.0000000000
25699 -87.0000000000
25859 -86.0000000000
25896 -85.0000000000
25957 -84.0000000000
26075 -83.0000000000
26216 -82.0000000000
26228 -81.0000000000
26322 -80.0000000000
26362 -79.0000000000
26385 -78.0000000000
26500 -77.0000000000
26506 -74.0000000000
26577 -72.0000000000
26701 -70.0000000000
26809 -69.0000000000
26827 -68.0000000000
26927 -67.0000000000
26998 -66.0000000000
27093 -65.0000000000
27220 -64.0000000000
27257 -63.0000000000
27301 -62.0000000000
27354 -61.0000000000
27408 -59.0000000000
27510 -58.0000000000
27525 -57.0000000000
27770 -56.0000000000
27872 -55.0000000000
27874 -54.0000000000
27896 -53.0000000000
28009 -52.0000000000
28381 -51.0000000000
28401 -50.0000000000
28507 -49.0000000000
28547 -48.0000000000
28686 -47.0000000000
28774 -46.0000000000
28836 -45.0000000000
28859 -44.0000000000
28980 -43.0000000000
29026 -42.0000000000
29132 -40.0000000000
29178 -39.0000000000
29290 -38.0000000000
29421 -37.0000000000
29553 -36.0000000000
29634 -35.0000000000
29707 -34.0000000000
29800 -33.0000000000
30126 -31.0000000000
30367 -30.0000000000
30648 -29.0000000000
30799 -28.0000000000
30952 -27.0000000000
30981 -26.0000000000
31645 -25.0000000000
31770 -23.0000000000
32019 -22.0000000000
32267 -21.0000000000
32366 -19.0000000000
32572 -17.0000000000
32679 -16.0000000000
32742 -15.0000000000
33954 -14.0000000000
34043 -13.0000000000
34117 -12.0000000000
34462 -11.0000000000
34475 -10.0000000000
34533 -8.0000000000
34638 -7.0000000000
35127 -6.0000000000
35504 -5.0000000000
35831 -4.0000000000
36180 -3.0000000000
38520 -2.0000000000
39126 99.9000000000
39181 100.3000000000
39183 102.3600000000
39273 103.2400000000
39419 103.3100000000
39852 107.6200000000
40012 111.9200000000
40474 122.9200000000
41206 130.0600000000
41250 134.6900000000
41252 141.4100000000
41266 144.9000000000
41355 148.2400000000
41813 264.6400000000
42286 265.4600000000
42319 273.3400000000
42514 280.7400000000
42542 411.7700000000
42824 414.6900000000
42863 417.5300000000
42920 435.4400000000
43085 448.1400000000
48072 448.4300000000
48525 448.5100000000
48788 448.8700000000
49185 570.3600000000
49824 584.8600000000
50056 592.9600000000
50083 607.9700000000
50757 610.4600000000
51828 612.2600000000
53350 619.7300000000
58733 633.6100000000
61989 633.7200000000
62230 635.6000000000
62485 637.8900000000
62793 640.5700000000
64773 640.6200000000
64785 642.8300000000
65510 647.1200000000
66199 662.4100000000
72475 662.5800000000
77815 669.3600000000
80675 672.9900000000
82217 677.7200000000
88240 678.5900000000
89108 685.1400000000
96190 745.8300000000
96902 749.3400000000
96931 754.8300000000
98129 763.4800000000
99507 773.8900000000
100000 -2.0000000000
evaluations raw_y
1 -2022.0000000000
5 -1961.0000000000
26 -1956.0000000000
36 -1929.0000000000
45 -1928.0000000000
51 -1926.0000000000
55 -1920.0000000000
66 -1919.0000000000
68 -1917.0000000000
71 -1913.0000000000
83 -1912.0000000000
90 -1909.0000000000
93 -1908.0000000000
102 -1907.0000000000
104 -1906.0000000000
108 -1904.0000000000
109 -1903.0000000000
113 -1901.0000000000
120 -1897.0000000000
125 -1896.0000000000
134 -1895.0000000000
144 -1894.0000000000
156 -1893.0000000000
163 -1891.0000000000
171 -1889.0000000000
189 -1888.0000000000
192 -1887.0000000000
198 -1886.0000000000
222 -1885.0000000000
234 -1883.0000000000
241 -1882.0000000000
254 -1880.0000000000
256 -1878.0000000000
271 -1877.0000000000
285 -1876.0000000000
294 -1874.0000000000
299 -1872.0000000000
306 -1871.0000000000
315 -1869.0000000000
316 -1867.0000000000
324 -1866.0000000000
331 -1864.0000000000
353 -1862.0000000000
362 -1861.0000000000
363 -1858.0000000000
382 -1857.0000000000
384 -1855.0000000000
401 -1853.0000000000
413 -1851.0000000000
428 -1847.0000000000
435 -1844.0000000000
462 -1841.0000000000
481 -1840.0000000000
489 -1839.0000000000
498 -1838.0000000000
501 -1837.0000000000
511 -1836.0000000000
519 -1835.0000000000
523 -1834.0000000000
529 -1833.0000000000
541 -1832.0000000000
547 -1830.0000000000
562 -1829.0000000000
573 -1828.0000000000
581 -1825.0000000000
592 -1823.0000000000
617 -1822.0000000000
625 -1820.0000000000
633 -1817.0000000000
643 -1816.0000000000
654 -1813.0000000000
693 -1812.0000000000
704 -1810.0000000000
708 -1808.0000000000
717 -1807.0000000000
727 -1806.0000000000
733 -1805.0000000000
742 -1799.0000000000
762 -1798.0000000000
769 -1797.0000000000
782 -1796.0000000000
785 -1795.0000000000
793 -1794.0000000000
800 -1793.0000000000
821 -1790.0000000000
839 -1788.0000000000
848 -1787.0000000000
863 -1785.0000000000
880 -1783.0000000000
885 -1782.0000000000
886 -1780.0000000000
892 -1779.0000000000
904 -1778.0000000000
909 -1777.0000000000
927 -1776.0000000000
940 -1773.0000000000
955 -1772.0000000000
957 -1768.0000000000
982 -1767.0000000000
984 -1766.0000000000
1016 -1762.0000000000
1032 -1761.0000000000
1033 -1760.0000000000
1045 -1757.0000000000
1052 -1756.0000000000
1070 -1755.0000000000
1071 -1754.0000000000
1094 -1752.0000000000
1116 -1749.0000000000
1121 -1747.0000000000
1141 -1746.0000000000
1155 -1744.0000000000
1163 -1741.0000000000
1171 -1739.0000000000
1187 -1737.0000000000
1204 -1736.0000000000
1216 -1734.0000000000
1225 -1731.0000000000
1243 -1730.0000000000
1251 -1729.0000000000
1254 -1725.0000000000
1271 -1723.0000000000
1289 -1720.0000000000
1301 -1718.0000000000
1321 -1717.0000000000
1340 -1716.0000000000
1342 -1715.0000000000
1351 -1714.0000000000
1361 -1712.0000000000
1371 -1711.0000000000
1372 -1710.0000000000
1385 -1707.0000000000
1407 -1705.0000000000
1419 -1703.0000000000
1429 -1702.0000000000
1431 -1701.0000000000
1450 -1698.0000000000
1451 -1696.0000000000
1457 -1695.0000000000
1472 -1692.0000000000
1498 -1691.0000000000
1500 -1690.0000000000
1501 -1687.0000000000
1523 -1686.0000000000
1536 -1683.0000000000
1541 -1682.0000000000
1550 -1681.0000000000
1576 -1679.0000000000
1583 -1678.0000000000
1594 -1677.0000000000
1596 -1673.0000000000
1632 -1671.0000000000
1640 -1669.0000000000
1661 -1668.0000000000
1681 -1667.0000000000
1698 -1665.0000000000
1717 -1664.0000000000
1721 -1661.0000000000
1731 -1659.0000000000
1748 -1657.0000000000
1762 -1656.0000000000
1771 -1655.0000000000
1787 -1654.0000000000
1798 -1652.0000000000
1814 -1651.0000000000
1815 -1650.0000000000
1830 -1648.0000000000
1853 -1641.0000000000
1864 -1640.0000000000
1887 -1639.0000000000
1895 -1638.0000000000
1917 -1636.0000000000
1921 -1634.0000000000
1937 -1633.0000000000
1960 -1632.0000000000
1964 -1631.0000000000
1972 -1630.0000000000
1981 -1629.0000000000
1982 -1627.0000000000
2011 -1625.0000000000
2045 -1623.0000000000
2054 -1622.0000000000
2060 -1619.0000000000
2081 -1618.0000000000
2082 -1617.0000000000
2094 -1616.0000000000
2105 -1615.0000000000
2120 -1614.0000000000
2124 -1610.0000000000
2147 -1608.0000000000
2150 -1607.0000000000
2152 -1606.0000000000
2170 -1604.0000000000
2173 -1603.0000000000
2198 -1602.0000000000
2210 -1601.0000000000
2219 -1600.0000000000
2236 -1598.0000000000
2248 -1596.0000000000
2256 -1595.0000000000
2264 -1594.0000000000
2278 -1593.0000000000
2287 -1591.0000000000
2298 -1590.0000000000
2315 -1589.0000000000
2320 -1587.0000000000
2321 -1585.0000000000
2333 -1584.0000000000
2342 -1581.0000000000
2351 -1580.0000000000
2382 -1579.0000000000
2388 -1575.0000000000
2414 -1573.0000000000
2421 -1571.0000000000
2434 -1570.0000000000
2453 -1569.0000000000
2466 -1568.0000000000
2477 -1566.0000000000
2498 -1565.0000000000
2510 -1564.0000000000
2513 -1560.0000000000
2542 -1559.0000000000
2553 -1557.0000000000
2583 -1555.0000000000
2592 -1554.0000000000
2604 -1553.0000000000
2609 -1551.0000000000
2618 -1550.0000000000
2621 -1549.0000000000
2635 -1547.0000000000
2652 -1546.0000000000
2660 -1545.0000000000
2664 -1542.0000000000
2684 -1540.0000000000
2702 -1539.0000000000
2712 -1538.0000000000
2722 -1537.0000000000
2732 -1535.0000000000
2757 -1534.0000000000
2761 -1532.0000000000
2775 -1531.0000000000
2780 -1530.0000000000
2785 -1529.0000000000
2803 -1527.0000000000
2817 -1526.0000000000
2831 -1525.0000000000
2852 -1524.0000000000
2854 -1522.0000000000
2861 -1519.0000000000
2885 -1518.0000000000
2892 -1515.0000000000
2910 -1513.0000000000
2922 -1511.0000000000
2945 -1509.0000000000
2953 -1506.0000000000
2962 -1505.0000000000
2964 -1504.0000000000
2973 -1502.0000000000
2991 -1501.0000000000
2999 -1500.0000000000
3012 -1499.0000000000
3028 -1498.0000000000
3041 -1496.0000000000
3057 -1495.0000000000
3059 -1494.0000000000
3072 -1493.0000000000
3081 -1491.0000000000
3086 -1488.0000000000
3114 -1486.0000000000
3125 -1485.0000000000
3135 -1484.0000000000
3139 -1483.0000000000
3153 -1481.0000000000
3170 -1480.0000000000
3175 -1479.0000000000
3181 -1478.0000000000
3183 -1477.0000000000
3195 -1476.0000000000
3200 -1475.0000000000
3224 -1470.0000000000
3244 -1465.0000000000
3264 -1463.0000000000
3281 -1461.0000000000
3305 -1460.0000000000
3312 -1457.0000000000
3349 -1456.0000000000
3353 -1454.0000000000
3367 -1453.0000000000
3372 -1452.0000000000
3391 -1451.0000000000
3398 -1449.0000000000
3426 -1448.0000000000
3427 -1447.0000000000
3432 -1445.0000000000
3441 -1443.0000000000
3456 -1442.0000000000
3468 -1441.0000000000
3476 -1439.0000000000
3491 -1438.0000000000
3514 -1435.0000000000
3526 -1434.0000000000
3527 -1433.0000000000
3533 -1432.0000000000
3543 -1431.0000000000
3565 -1427.0000000000
3581 -1426.0000000000
3589 -1425.0000000000
3591 -1424.0000000000
3604 -1423.0000000000
3609 -1422.0000000000
3614 -1421.0000000000
3623 -1418.0000000000
3646 -1417.0000000000
3655 -1416.0000000000
3666 -1415.0000000000
3675 -1410.0000000000
3693 -1408.0000000000
3703 -1406.0000000000
3717 -1404.0000000000
3720 -1403.0000000000
3722 -1401.0000000000
3747 -1400.0000000000
3751 -1398.0000000000
3763 -1397.0000000000
3777 -1393.0000000000
3810 -1392.0000000000
3815 -1390.0000000000
3827 -1389.0000000000
3828 -1386.0000000000
3833 -1384.0000000000
3851 -1383.0000000000
3867 -1382.0000000000
3880 -1381.0000000000
3885 -1380.0000000000
3886 -1379.0000000000
3902 -1378.0000000000
3914 -1376.0000000000
3937 -1375.0000000000
3941 -1374.0000000000
3957 -1373.0000000000
3960 -1372.0000000000
3969 -1371.0000000000
3980 -1369.0000000000
3999 -1367.0000000000
4027 -1363.0000000000
4034 -1361.0000000000
4048 -1358.0000000000
4080 -1356.0000000000
4086 -1354.0000000000
4106 -1353.0000000000
4121 -1352.0000000000
4132 -1351.0000000000
4147 -1350.0000000000
4152 -1349.0000000000
4164 -1344.0000000000
4191 -1341.0000000000
4214 -1340.0000000000
4222 -1338.0000000000
4237 -1337.0000000000
4241 -1335.0000000000
4263 -1333.0000000000
4271 -1332.0000000000
4293 -1329.0000000000
4312 -1328.0000000000
4315 -1327.0000000000
4333 -1325.0000000000
4357 -1324.0000000000
4362 -1323.0000000000
4365 -1322.0000000000
4375 -1321.0000000000
4380 -1318.0000000000
4388 -1316.0000000000
4396 -1314.0000000000
4408 -1313.0000000000
4413 -1311.0000000000
4423 -1310.0000000000
4432 -1309.0000000000
4442 -1308.0000000000
4457 -1307.0000000000
4464 -1304.0000000000
4471 -1303.0000000000
4495 -1302.0000000000
4506 -1300.0000000000
4514 -1299.0000000000
4541 -1298.0000000000
4556 -1297.0000000000
4561 -1296.0000000000
4572 -1295.0000000000
4574 -1294.0000000000
4581 -1293.0000000000
4612 -1291.0000000000
4640 -1290.0000000000
4652 -1289.0000000000
4673 -1287.0000000000
4694 -1286.0000000000
4703 -1285.0000000000
4707 -1283.0000000000
4726 -1282.0000000000
4736 -1281.0000000000
4742 -1280.0000000000
4744 -1279.0000000000
4759 -1278.0000000000
4763 -1276.0000000000
4775 -1275.0000000000
4780 -1274.0000000000
4800 -1273.0000000000
4801 -1270.0000000000
4833 -1269.0000000000
4845 -1268.0000000000
4860 -1266.0000000000
4870 -1263.0000000000
4904 -1261.0000000000
4928 -1258.0000000000
4960 -1257.0000000000
4980 -1256.0000000000
4988 -1255.0000000000
5004 -1254.0000000000
5011 -1253.0000000000
5022 -1250.0000000000
5041 -1249.0000000000
5042 -1248.0000000000
5061 -1247.0000000000
5063 -1245.0000000000
5081 -1244.0000000000
5106 -1243.0000000000
5127 -1242.0000000000
5131 -1240.0000000000
5142 -1239.0000000000
5151 -1238.0000000000
5166 -1237.0000000000
5168 -1236.0000000000
5195 -1235.0000000000
5201 -1233.0000000000
5220 -1232.0000000000
5222 -1230.0000000000
5242 -1229.0000000000
5250 -1228.0000000000
5252 -1226.0000000000
5261 -1225.0000000000
5265 -1224.0000000000
5287 -1223.0000000000
5292 -1220.0000000000
5311 -1219.0000000000
5329 -1218.0000000000
5343 -1217.0000000000
5354 -1216.0000000000
5361 -1212.0000000000
5397 -1211.0000000000
5402 -1210.0000000000
5427 -1209.0000000000
5444 -1206.0000000000
5463 -1204.0000000000
5482 -1203.0000000000
5496 -1202.0000000000
5512 -1201.0000000000
5516 -1200.0000000000
5540 -1199.0000000000
5543 -1198.0000000000
5550 -1197.0000000000
5562 -1194.0000000000
5585 -1193.0000000000
5604 -1191.0000000000
5621 -1189.0000000000
5633 -1188.0000000000
5647 -1187.0000000000
5671 -1186.0000000000
5672 -1184.0000000000
5692 -1183.0000000000
5709 -1182.0000000000
5714 -1178.0000000000
5740 -1177.0000000000
5748 -1176.0000000000
5765 -1173.0000000000
5777 -1172.0000000000
5793 -1171.0000000000
5814 -1170.0000000000
5824 -1169.0000000000
5836 -1168.0000000000
5841 -1167.0000000000
5843 -1165.0000000000
5863 -1164.0000000000
5872 -1160.0000000000
5892 -1159.0000000000
5899 -1158.0000000000
5904 -1157.0000000000
5924 -1155.0000000000
5938 -1154.0000000000
5942 -1153.0000000000
5953 -1152.0000000000
5955 -1151.0000000000
5965 -1149.0000000000
5974 -1148.0000000000
5992 -1147.0000000000
6018 -1145.0000000000
6030 -1144.0000000000
6031 -1143.0000000000
6036 -1142.0000000000
6052 -1140.0000000000
6064 -1139.0000000000
6073 -1138.0000000000
6099 -1137.0000000000
6100 -1135.0000000000
6112 -1133.0000000000
6119 -1132.0000000000
6135 -1131.0000000000
6153 -1130.0000000000
6164 -1129.0000000000
6172 -1127.0000000000
6195 -1125.0000000000
6209 -1124.0000000000
6224 -1123.0000000000
6228 -1121.0000000000
6242 -1119.0000000000
6253 -1118.0000000000
6279 -1115.0000000000
6295 -1114.0000000000
6330 -1113.0000000000
6342 -1110.0000000000
6363 -1109.0000000000
6398 -1108.0000000000
6412 -1106.0000000000
6444 -1104.0000000000
6449 -1103.0000000000
6459 -1102.0000000000
6491 -1101.0000000000
6504 -1100.0000000000
6512 -1097.0000000000
6536 -1095.0000000000
6548 -1094.0000000000
6571 -1092.0000000000
6623 -1091.0000000000
6636 -1090.0000000000
6653 -1089.0000000000
6666 -1087.0000000000
6701 -1085.0000000000
6702 -1084.0000000000
6727 -1083.0000000000
6737 -1082.0000000000
6751 -1081.0000000000
6774 -1080.0000000000
6787 -1078.0000000000
6814 -1077.0000000000
6843 -1076.0000000000
6848 -1074.0000000000
6868 -1071.0000000000
6878 -1070.0000000000
6880 -1067.0000000000
6913 -1066.0000000000
6919 -1065.0000000000
6931 -1063.0000000000
6943 -1062.0000000000
6955 -1061.0000000000
6997 -1058.0000000000
7005 -1057.0000000000
7047 -1055.0000000000
7056 -1053.0000000000
7081 -1052.0000000000
7104 -1051.0000000000
7120 -1049.0000000000
7121 -1048.0000000000
7136 -1047.0000000000
7151 -1046.0000000000
7173 -1044.0000000000
7197 -1043.0000000000
7206 -1042.0000000000
7213 -1041.0000000000
7226 -1040.0000000000
7232 -1039.0000000000
7233 -1038.0000000000
7242 -1037.0000000000
7252 -1036.0000000000
7254 -1035.0000000000
7269 -1034.0000000000
7271 -1032.0000000000
7314 -1028.0000000000
7345 -1026.0000000000
7353 -1024.0000000000
7373 -1023.0000000000
7391 -1022.0000000000
7402 -1021.0000000000
7423 -1020.0000000000
7435 -1019.0000000000
7444 -1018.0000000000
7468 -1017.0000000000
7493 -1013.0000000000
7505 -1012.0000000000
7516 -1011.0000000000
7539 -1010.0000000000
7550 -1009.0000000000
7556 -1008.0000000000
7567 -1007.0000000000
7568 -1004.0000000000
7590 -1003.0000000000
7592 -1002.0000000000
7611 -1001.0000000000
7622 -1000.0000000000
7636 -997.0000000000
7667 -996.0000000000
7686 -993.0000000000
7707 -992.0000000000
7713 -991.0000000000
7722 -990.0000000000
7739 -988.0000000000
7745 -987.0000000000
7756 -986.0000000000
7776 -985.0000000000
7794 -983.0000000000
7809 -981.0000000000
7836 -980.0000000000
7845 -978.0000000000
7869 -977.0000000000
7903 -976.0000000000
7912 -974.0000000000
7925 -973.0000000000
7938 -972.0000000000
7954 -970.0000000000
7991 -969.0000000000
7995 -968.0000000000
8007 -966.0000000000
8020 -965.0000000000
8036 -962.0000000000
8076 -959.0000000000
8091 -957.0000000000
8132 -953.0000000000
8181 -952.0000000000
8201 -950.0000000000
8223 -948.0000000000
8238 -947.0000000000
8272 -945.0000000000
8276 -944.0000000000
8294 -942.0000000000
8298 -941.0000000000
8321 -940.0000000000
8322 -939.0000000000
8331 -938.0000000000
8336 -937.0000000000
8346 -936.0000000000
8362 -935.0000000000
8374 -933.0000000000
8380 -932.0000000000
8418 -931.0000000000
8432 -929.0000000000
8456 -927.0000000000
8474 -925.0000000000
8483 -924.0000000000
8495 -921.0000000000
8514 -920.0000000000
8526 -919.0000000000
8532 -918.0000000000
8551 -915.0000000000
8566 -914.0000000000
8586 -913.0000000000
8595 -912.0000000000
8596 -911.0000000000
8604 -910.0000000000
8636 -909.0000000000
8644 -908.0000000000
8651 -907.0000000000
8671 -906.0000000000
8690 -905.0000000000
8703 -904.0000000000
8716 -903.0000000000
8734 -901.0000000000
8739 -900.0000000000
8765 -898.0000000000
8771 -897.0000000000
8790 -896.0000000000
8812 -895.0000000000
8814 -894.0000000000
8817 -893.0000000000
8832 -892.0000000000
8843 -891.0000000000
8875 -890.0000000000
8886 -889.0000000000
8950 -888.0000000000
8953 -887.0000000000
8970 -886.0000000000
8977 -885.0000000000
9011 -884.0000000000
9047 -883.0000000000
9052 -882.0000000000
9058 -879.0000000000
9077 -878.0000000000
9104 -877.0000000000
9124 -876.0000000000
9147 -875.0000000000
9153 -874.0000000000
9163 -873.0000000000
9171 -872.0000000000
9173 -868.0000000000
9226 -866.0000000000
9264 -865.0000000000
9280 -864.0000000000
9291 -863.0000000000
9306 -862.0000000000
9340 -861.0000000000
9359 -860.0000000000
9384 -859.0000000000
9398 -857.0000000000
9417 -856.0000000000
9440 -855.0000000000
9450 -854.0000000000
9456 -853.0000000000
9478 -852.0000000000
9482 -851.0000000000
9510 -850.0000000000
9518 -849.0000000000
9522 -848.0000000000
9548 -847.0000000000
9562 -846.0000000000
9576 -845.0000000000
9588 -844.0000000000
9593 -843.0000000000
9619 -842.0000000000
9627 -841.0000000000
9630 -840.0000000000
9632 -839.0000000000
9684 -837.0000000000
9698 -836.0000000000
9700 -835.0000000000
9713 -834.0000000000
9721 -831.0000000000
9741 -830.0000000000
9747 -829.0000000000
9789 -828.0000000000
9815 -827.0000000000
9816 -826.0000000000
9865 -825.0000000000
9881 -824.0000000000
9892 -822.0000000000
9912 -821.0000000000
9960 -820.0000000000
9969 -819.0000000000
9982 -818.0000000000
10001 -817.0000000000
10043 -816.0000000000
10059 -814.0000000000
10080 -813.0000000000
10091 -811.0000000000
10103 -810.0000000000
10137 -808.0000000000
10146 -805.0000000000
10181 -804.0000000000
10194 -802.0000000000
10223 -801.0000000000
10226 -800.0000000000
10238 -799.0000000000
10250 -798.0000000000
10269 -796.0000000000
10274 -794.0000000000
10278 -793.0000000000
10299 -792.0000000000
10302 -791.0000000000
10315 -789.0000000000
10326 -788.0000000000
10352 -787.0000000000
10381 -786.0000000000
10391 -785.0000000000
10403 -783.0000000000
10434 -782.0000000000
10462 -781.0000000000
10474 -780.0000000000
10504 -779.0000000000
10511 -778.0000000000
10524 -776.0000000000
10545 -775.0000000000
10563 -774.0000000000
10576 -773.0000000000
10593 -772.0000000000
10604 -769.0000000000
10655 -768.0000000000
10667 -767.0000000000
10671 -766.0000000000
10678 -765.0000000000
10684 -764.0000000000
10689 -763.0000000000
10704 -762.0000000000
10724 -760.0000000000
10742 -759.0000000000
10748 -758.0000000000
10751 -757.0000000000
10776 -756.0000000000
10801 -755.0000000000
10819 -754.0000000000
10835 -753.0000000000
10845 -752.0000000000
10874 -751.0000000000
10883 -750.0000000000
10913 -749.0000000000
10919 -746.0000000000
10923 -745.0000000000
10943 -744.0000000000
10947 -743.0000000000
10952 -742.0000000000
10967 -738.0000000000
10986 -737.0000000000
11009 -736.0000000000
11038 -732.0000000000
11107 -731.0000000000
11122 -729.0000000000
11161 -728.0000000000
11178 -727.0000000000
11204 -726.0000000000
11209 -724.0000000000
11217 -722.0000000000
11229 -721.0000000000
11235 -720.0000000000
11242 -717.0000000000
11264 -713.0000000000
11293 -712.0000000000
11303 -710.0000000000
11322 -709.0000000000
11344 -708.0000000000
11353 -707.0000000000
11355 -706.0000000000
11370 -705.0000000000
11379 -704.0000000000
11389 -703.0000000000
11398 -702.0000000000
11402 -701.0000000000
11430 -700.0000000000
11454 -699.0000000000
11462 -697.0000000000
11486 -696.0000000000
11502 -695.0000000000
11511 -693.0000000000
11522 -692.0000000000
11548 -691.0000000000
11561 -689.0000000000
11619 -688.0000000000
11635 -687.0000000000
11668 -686.0000000000
11683 -685.0000000000
11717 -683.0000000000
11741 -682.0000000000
11759 -681.0000000000
11791 -679.0000000000
11796 -678.0000000000
11816 -676.0000000000
11835 -675.0000000000
11857 -674.0000000000
11885 -672.0000000000
11918 -670.0000000000
11950 -666.0000000000
11998 -664.0000000000
12012 -662.0000000000
12050 -661.0000000000
12056 -660.0000000000
12087 -659.0000000000
12097 -657.0000000000
12112 -656.0000000000
12122 -655.0000000000
12131 -654.0000000000
12154 -652.0000000000
12183 -651.0000000000
12196 -650.0000000000
12205 -649.0000000000
12225 -648.0000000000
12254 -646.0000000000
12273 -645.0000000000
12277 -644.0000000000
12297 -643.0000000000
12313 -641.0000000000
12349 -640.0000000000
12350 -638.0000000000
12363 -637.0000000000
12387 -636.0000000000
12390 -635.0000000000
12397 -633.0000000000
12401 -632.0000000000
12413 -631.0000000000
12444 -630.0000000000
12472 -629.0000000000
12476 -628.0000000000
12485 -627.0000000000
12493 -625.0000000000
12508 -623.0000000000
12518 -622.0000000000
12535 -619.0000000000
12563 -618.0000000000
12567 -617.0000000000
12588 -616.0000000000
12592 -614.0000000000
12606 -613.0000000000
12629 -612.0000000000
12637 -610.0000000000
12661 -609.0000000000
12673 -608.0000000000
12674 -607.0000000000
12697 -606.0000000000
12724 -604.0000000000
12762 -600.0000000000
12777 -599.0000000000
12783 -598.0000000000
12810 -597.0000000000
12834 -595.0000000000
12878 -594.0000000000
12892 -592.0000000000
12901 -591.0000000000
12918 -590.0000000000
12931 -589.0000000000
12960 -588.0000000000
12980 -587.0000000000
13000 -585.0000000000
13040 -584.0000000000
13074 -583.0000000000
13081 -582.0000000000
13083 -581.0000000000
13096 -580.0000000000
13121 -579.0000000000
13150 -578.0000000000
13198 -577.0000000000
13232 -576.0000000000
13238 -574.0000000000
13264 -573.0000000000
13289 -572.0000000000
13290 -570.0000000000
13298 -569.0000000000
13313 -568.0000000000
13327 -567.0000000000
13356 -566.0000000000
13369 -565.0000000000
13400 -564.0000000000
13421 -562.0000000000
13437 -561.0000000000
13485 -560.0000000000
13525 -557.0000000000
13548 -556.0000000000
13567 -555.0000000000
13588 -553.0000000000
13628 -552.0000000000
13640 -549.0000000000
13683 -548.0000000000
13704 -547.0000000000
13720 -546.0000000000
13732 -545.0000000000
13742 -543.0000000000
13800 -542.0000000000
13821 -540.0000000000
13852 -538.0000000000
13856 -537.0000000000
13895 -536.0000000000
13901 -535.0000000000
13904 -534.0000000000
13922 -533.0000000000
13941 -532.0000000000
13943 -530.0000000000
13968 -529.0000000000
14020 -527.0000000000
14038 -526.0000000000
14046 -525.0000000000
14084 -523.0000000000
14134 -522.0000000000
14168 -520.0000000000
14199 -519.0000000000
14211 -518.0000000000
14242 -516.0000000000
14256 -514.0000000000
14294 -513.0000000000
14352 -511.0000000000
14389 -510.0000000000
14399 -509.0000000000
14419 -508.0000000000
14430 -507.0000000000
14457 -505.0000000000
14497 -503.0000000000
14501 -501.0000000000
14544 -500.0000000000
14547 -498.0000000000
14593 -497.0000000000
14608 -496.0000000000
14623 -494.0000000000
14653 -493.0000000000
14674 -492.0000000000
14726 -491.0000000000
14731 -490.0000000000
14742 -489.0000000000
14764 -488.0000000000
14787 -487.0000000000
14814 -486.0000000000
14828 -485.0000000000
14850 -484.0000000000
14852 -483.0000000000
14878 -482.0000000000
14928 -481.0000000000
14962 -479.0000000000
15022 -478.0000000000
15039 -476.0000000000
15045 -475.0000000000
15068 -473.0000000000
15100 -472.0000000000
15135 -471.0000000000
15208 -468.0000000000
15267 -467.0000000000
15301 -466.0000000000
15343 -465.0000000000
15353 -464.0000000000
15357 -463.0000000000
15373 -462.0000000000
15385 -460.0000000000
15412 -458.0000000000
15442 -454.0000000000
15471 -453.0000000000
15473 -452.0000000000
15526 -451.0000000000
15543 -447.0000000000
15596 -445.0000000000
15620 -444.0000000000
15623 -443.0000000000
15660 -442.0000000000
15674 -441.0000000000
15691 -440.0000000000
15715 -439.0000000000
15732 -438.0000000000
15756 -437.0000000000
15785 -435.0000000000
15807 -434.0000000000
15823 -433.0000000000
15849 -432.0000000000
15875 -431.0000000000
15890 -430.0000000000
15900 -429.0000000000
15906 -428.0000000000
15933 -427.0000000000
15939 -426.0000000000
15963 -425.0000000000
15971 -424.0000000000
15976 -423.0000000000
15985 -422.0000000000
16000 -421.0000000000
16023 -420.0000000000
16031 -419.0000000000
16034 -418.0000000000
16070 -417.0000000000
16113 -415.0000000000
16142 -413.0000000000
16204 -412.0000000000
16230 -411.0000000000
16244 -410.0000000000
16259 -409.0000000000
16299 -408.0000000000
16313 -407.0000000000
16322 -406.0000000000
16395 -404.0000000000
16411 -403.0000000000
16490 -401.0000000000
16517 -400.0000000000
16526 -399.0000000000
16541 -398.0000000000
16542 -397.0000000000
16577 -396.0000000000
16591 -395.0000000000
16639 -394.0000000000
16647 -393.0000000000
16693 -392.0000000000
16727 -390.0000000000
16750 -389.0000000000
16768 -387.0000000000
16792 -385.0000000000
16810 -384.0000000000
16889 -383.0000000000
16891 -382.0000000000
16922 -381.0000000000
16944 -380.0000000000
16958 -379.0000000000
16968 -378.0000000000
16988 -375.0000000000
17026 -374.0000000000
17035 -373.0000000000
17075 -372.0000000000
17079 -371.0000000000
17106 -370.0000000000
17137 -368.0000000000
17210 -365.0000000000
17229 -364.0000000000
17265 -362.0000000000
17351 -360.0000000000
17403 -358.0000000000
17454 -357.0000000000
17521 -356.0000000000
17536 -355.0000000000
17546 -354.0000000000
17573 -353.0000000000
17605 -352.0000000000
17631 -351.0000000000
17652 -349.0000000000
17738 -346.0000000000
17780 -345.0000000000
17791 -343.0000000000
17820 -342.0000000000
17827 -341.0000000000
17833 -340.0000000000
17887 -339.0000000000
17940 -337.0000000000
17969 -336.0000000000
17987 -334.0000000000
18018 -332.0000000000
18112 -331.0000000000
18132 -330.0000000000
18149 -329.0000000000
18188 -328.0000000000
18195 -327.0000000000
18212 -326.0000000000
18223 -325.0000000000
18226 -324.0000000000
18243 -323.0000000000
18277 -321.0000000000
18312 -320.0000000000
18334 -319.0000000000
18356 -318.0000000000
18372 -317.0000000000
18430 -316.0000000000
18449 -315.0000000000
18476 -314.0000000000
18499 -313.0000000000
18510 -312.0000000000
18547 -311.0000000000
18564 -310.0000000000
18599 -309.0000000000
18638 -307.0000000000
18665 -306.0000000000
18698 -305.0000000000
18706 -303.0000000000
18733 -302.0000000000
18766 -300.0000000000
18808 -299.0000000000
18832 -298.0000000000
18871 -297.0000000000
18914 -296.0000000000
18926 -295.0000000000
18931 -294.0000000000
18946 -293.0000000000
18992 -292.0000000000
19018 -291.0000000000
19071 -290.0000000000
19148 -289.0000000000
19172 -288.0000000000
19182 -287.0000000000
19204 -286.0000000000
19227 -285.0000000000
19238 -284.0000000000
19258 -283.0000000000
19308 -282.0000000000
19340 -280.0000000000
19381 -278.0000000000
19450 -277.0000000000
19501 -276.0000000000
19539 -274.0000000000
19541 -273.0000000000
19621 -272.0000000000
19661 -271.0000000000
19696 -270.0000000000
19711 -269.0000000000
19730 -268.0000000000
19759 -265.0000000000
19791 -264.0000000000
19806 -262.0000000000
19856 -260.0000000000
19906 -259.0000000000
19930 -258.0000000000
19955 -257.0000000000
19965 -256.0000000000
19997 -254.0000000000
20010 -253.0000000000
20069 -252.0000000000
20090 -251.0000000000
20126 -250.0000000000
20164 -249.0000000000
20184 -245.0000000000
20232 -244.0000000000
20258 -243.0000000000
20281 -241.0000000000
20324 -240.0000000000
20357 -239.0000000000
20404 -238.0000000000
20413 -237.0000000000
20427 -236.0000000000
20484 -235.0000000000
20533 -234.0000000000
20552 -233.0000000000
20560 -232.0000000000
20597 -229.0000000000
20722 -228.0000000000
20723 -226.0000000000
20795 -225.0000000000
20824 -224.0000000000
20857 -223.0000000000
20877 -222.0000000000
20893 -221.0000000000
20946 -220.0000000000
20963 -219.0000000000
21046 -218.0000000000
21050 -217.0000000000
21115 -216.0000000000
21148 -215.0000000000
21171 -214.0000000000
21209 -213.0000000000
21250 -212.0000000000
21278 -211.0000000000
21290 -210.0000000000
21350 -209.0000000000
21392 -208.0000000000
21414 -206.0000000000
21458 -204.0000000000
21548 -203.0000000000
21601 -202.0000000000
21629 -201.0000000000
21695 -200.0000000000
21742 -199.0000000000
21746 -198.0000000000
21763 -196.0000000000
21823 -195.0000000000
21841 -194.0000000000
21885 -193.0000000000
21902 -191.0000000000
21903 -188.0000000000
22004 -187.0000000000
22021 -186.0000000000
22057 -185.0000000000
22096 -184.0000000000
22127 -183.0000000000
22162 -182.0000000000
22196 -180.0000000000
22294 -178.0000000000
22313 -177.0000000000
22360 -176.0000000000
22377 -175.0000000000
22388 -174.0000000000
22448 -173.0000000000
22463 -172.0000000000
22496 -171.0000000000
22501 -170.0000000000
22525 -169.0000000000
22542 -167.0000000000
22584 -165.0000000000
22619 -164.0000000000
22623 -163.0000000000
22649 -162.0000000000
22659 -161.0000000000
22666 -160.0000000000
22695 -159.0000000000
22760 -158.0000000000
22812 -157.0000000000
22880 -156.0000000000
22931 -155.0000000000
23011 -154.0000000000
23074 -153.0000000000
23122 -152.0000000000
23215 -151.0000000000
23226 -150.0000000000
23258 -149.0000000000
23277 -148.0000000000
23320 -147.0000000000
23322 -146.0000000000
23391 -145.0000000000
23392 -144.0000000000
23421 -143.0000000000
23464 -142.0000000000
23496 -140.0000000000
23534 -138.0000000000
23658 -137.0000000000
23663 -136.0000000000
23790 -135.0000000000
23811 -134.0000000000
23868 -133.0000000000
23912 -132.0000000000
23922 -131.0000000000
23977 -130.0000000000
24067 -129.0000000000
24104 -128.0000000000
24138 -127.0000000000
24245 -125.0000000000
24313 -124.0000000000
24442 -123.0000000000
24474 -121.0000000000
24512 -120.0000000000
24725 -119.0000000000
24774 -117.0000000000
24881 -116.0000000000
24924 -115.0000000000
24935 -114.0000000000
25014 -113.0000000000
25088 -112.0000000000
25142 -111.0000000000
25230 -110.0000000000
25233 -108.0000000000
25279 -107.0000000000
25314 -105.0000000000
25377 -104.0000000000
25401 -102.0000000000
25535 -100.0000000000
25570 -99.0000000000
25663 -98.0000000000
25689 -96.0000000000
25706 -94.0000000000
25729 -93.0000000000
25784 -92.0000000000
25834 -91.0000000000
25881 -90.0000000000
25943 -88.0000000000
26099 -87.0000000000
26159 -86.0000000000
26245 -85.0000000000
26433 -84.0000000000
26506 -83.0000000000
26645 -82.0000000000
26654 -81.0000000000
26723 -80.0000000000
26775 -79.0000000000
26866 -78.0000000000
26997 -77.0000000000
27024 -76.0000000000
27173 -74.0000000000
27250 -73.0000000000
27274 -72.0000000000
27344 -71.0000000000
27458 -70.0000000000
27557 -69.0000000000
27661 -68.0000000000
27717 -67.0000000000
27751 -66.0000000000
27869 -65.0000000000
27965 -64.0000000000
28043 -63.0000000000
28137 -62.0000000000
28199 -61.0000000000
28276 -59.0000000000
28427 -58.0000000000
28581 -57.0000000000
28686 -56.0000000000
29063 -54.0000000000
29240 -53.0000000000
29415 -52.0000000000
29458 -51.0000000000
29496 -49.0000000000
29527 -48.0000000000
29592 -47.0000000000
29618 -45.0000000000
29740 -44.0000000000
29902 -43.0000000000
30139 -42.0000000000
30185 -41.0000000000
30294 -40.0000000000
30408 -39.0000000000
30513 -38.0000000000
30553 -37.0000000000
30985 -36.0000000000
31195 -35.0000000000
31528 -34.0000000000
31653 -33.0000000000
31782 -31.0000000000
32184 -30.0000000000
32310 -29.0000000000
32589 -27.0000000000
32842 -26.0000000000
33028 -24.0000000000
33342 -23.0000000000
33964 -22.0000000000
34399 -20.0000000000
35152 -19.0000000000
35309 -18.0000000000
35467 -17.0000000000
36140 -16.0000000000
36926 -15.0000000000
36970 -14.0000000000
37294 -13.0000000000
37787 -11.0000000000
37975 -10.0000000000
38114 -9.0000000000
38233 -8.0000000000
38520 -7.0000000000
39115 -5.0000000000
39557 -4.0000000000
39698 -3.0000000000
40913 -1.0000000000
41751 93.0500000000
41857 166.8800000000
42531 192.0700000000
42997 201.6900000000
43143 207.9200000000
43208 224.5600000000
43365 230.4600000000
43413 235.2700000000
43436 237.0300000000
43587 237.3700000000
43702 244.7400000000
44150 245.5500000000
44919 245.9500000000
47717 247.4800000000
49189 258.5500000000
51407 258.6100000000
51464 259.9700000000
51557 275.1300000000
53932 413.3200000000
54022 426.7900000000
54360 435.2900000000
64493 437.4500000000
72544 535.2000000000
72855 546.0200000000
73055 547.7000000000
73074 548.6600000000
73125 559.2000000000
73280 562.6500000000
73285 570.0100000000
73957 575.6900000000
74837 579.8800000000
78916 584.2900000000
83526 636.0800000000
84307 669.0900000000
84345 682.8100000000
85072 684.0500000000
89223 780.8500000000
94103 788.5400000000
94140 794.0900000000
94206 797.2700000000
94210 797.8500000000
94328 800.6200000000
94362 800.7800000000
94379 806.6300000000
94550 806.7100000000
94582 811.4300000000
94875 811.9500000000
95378 813.1100000000
95701 829.1400000000
100000 -2.0000000000
evaluations raw_y
1 -1947.0000000000
18 -1937.0000000000
28 -1936.0000000000
30 -1935.0000000000
31 -1920.0000000000
42 -1912.0000000000
51 -1910.0000000000
63 -1904.0000000000
69 -1900.0000000000
70 -1888.0000000000
74 -1880.0000000000
89 -1870.0000000000
102 -1869.0000000000
113 -1866.0000000000
119 -1863.0000000000
123 -1855.0000000000
141 -1853.0000000000
164 -1850.0000000000
170 -1847.0000000000
176 -1846.0000000000
179 -1842.0000000000
183 -1836.0000000000
199 -1834.0000000000
210 -1832.0000000000
213 -1830.0000000000
220 -1829.0000000000
221 -1828.0000000000
231 -1827.0000000000
248 -1826.0000000000
250 -1825.0000000000
257 -1823.0000000000
258 -1820.0000000000
277 -1819.0000000000
283 -1816.0000000000
291 -1815.0000000000
304 -1814.0000000000
321 -1813.0000000000
325 -1810.0000000000
333 -1809.0000000000
342 -1808.0000000000
352 -1807.0000000000
356 -1806.0000000000
361 -1805.0000000000
382 -1804.0000000000
386 -1803.0000000000
397 -1802.0000000000
405 -1801.0000000000
409 -1798.0000000000
421 -1797.0000000000
431 -1795.0000000000
443 -1794.0000000000
461 -1793.0000000000
476 -1792.0000000000
477 -1790.0000000000
484 -1789.0000000000
497 -1786.0000000000
518 -1784.0000000000
525 -1783.0000000000
552 -1782.0000000000
561 -1781.0000000000
575 -1779.0000000000
593 -1778.0000000000
598 -1776.0000000000
602 -1775.0000000000
612 -1773.0000000000
626 -1772.0000000000
646 -1771.0000000000
648 -1770.0000000000
661 -1768.0000000000
673 -1765.0000000000
692 -1764.0000000000
696 -1763.0000000000
708 -1762.0000000000
711 -1759.0000000000
722 -1758.0000000000
746 -1757.0000000000
753 -1755.0000000000
772 -1754.0000000000
783 -1753.0000000000
787 -1752.0000000000
795 -1751.0000000000
799 -1750.0000000000
807 -1747.0000000000
832 -1746.0000000000
840 -1744.0000000000
852 -1743.0000000000
861 -1742.0000000000
866 -1741.0000000000
877 -1740.0000000000
884 -1739.0000000000
894 -1738.0000000000
905 -1737.0000000000
915 -1736.0000000000
918 -1735.0000000000
944 -1733.0000000000
960 -1732.0000000000
964 -1731.0000000000
973 -1730.0000000000
978 -1729.0000000000
981 -1728.0000000000
994 -1727.0000000000
1013 -1725.0000000000
1017 -1724.0000000000
1019 -1723.0000000000
1021 -1721.0000000000
1045 -1719.0000000000
1054 -1718.0000000000
1058 -1717.0000000000
1062 -1716.0000000000
1072 -1715.0000000000
1082 -1714.0000000000
1084 -1712.0000000000
1103 -1711.0000000000
1110 -1710.0000000000
1124 -1707.0000000000
1144 -1705.0000000000
1163 -1704.0000000000
1167 -1703.0000000000
1175 -1701.0000000000
1186 -1700.0000000000
1192 -1699.0000000000
1199 -1697.0000000000
1204 -1694.0000000000
1221 -1693.0000000000
1235 -1692.0000000000
1247 -1691.0000000000
1257 -1689.0000000000
1263 -1688.0000000000
1278 -1686.0000000000
1303 -1684.0000000000
1304 -1682.0000000000
1323 -1681.0000000000
1337 -1680.0000000000
1340 -1679.0000000000
1345 -1677.0000000000
1359 -1676.0000000000
1361 -1675.0000000000
1379 -1673.0000000000
1391 -1671.0000000000
1404 -1670.0000000000
1419 -1669.0000000000
1424 -1668.0000000000
1426 -1667.0000000000
1438 -1666.0000000000
1441 -1664.0000000000
1459 -1661.0000000000
1482 -1660.0000000000
1492 -1659.0000000000
1502 -1658.0000000000
1507 -1657.0000000000
1512 -1654.0000000000
1536 -1653.0000000000
1539 -1652.0000000000
1544 -1648.0000000000
1561 -1647.0000000000
1569 -1644.0000000000
1575 -1643.0000000000
1613 -1642.0000000000
1619 -1640.0000000000
1628 -1639.0000000000
1644 -1637.0000000000
1649 -1636.0000000000
1661 -1633.0000000000
1690 -1632.0000000000
1695 -1631.0000000000
1696 -1630.0000000000
1707 -1628.0000000000
1722 -1627.0000000000
1734 -1626.0000000000
1744 -1625.0000000000
1760 -1624.0000000000
1767 -1622.0000000000
1770 -1621.0000000000
1773 -1620.0000000000
1789 -1619.0000000000
1793 -1618.0000000000
1814 -1617.0000000000
1817 -1615.0000000000
1829 -1614.0000000000
1833 -1613.0000000000
1844 -1612.0000000000
1852 -1611.0000000000
1856 -1610.0000000000
1862 -1609.0000000000
1875 -1608.0000000000
1887 -1607.0000000000
1898 -1606.0000000000
1901 -1605.0000000000
1904 -1604.0000000000
1916 -1603.0000000000
1923 -1601.0000000000
1936 -1600.0000000000
1945 -1596.0000000000
1961 -1594.0000000000
1989 -1593.0000000000
1998 -1592.0000000000
2008 -1589.0000000000
2023 -1588.0000000000
2032 -1584.0000000000
2048 -1582.0000000000
2062 -1580.0000000000
2084 -1579.0000000000
2093 -1578.0000000000
2104 -1577.0000000000
2116 -1576.0000000000
2123 -1575.0000000000
2131 -1574.0000000000
2135 -1570.0000000000
2163 -1568.0000000000
2171 -1567.0000000000
2172 -1566.0000000000
2188 -1565.0000000000
2203 -1564.0000000000
2204 -1562.0000000000
2206 -1561.0000000000
2218 -1559.0000000000
2235 -1557.0000000000
2252 -1553.0000000000
2273 -1551.0000000000
2292 -1548.0000000000
2319 -1547.0000000000
2323 -1546.0000000000
2326 -1545.0000000000
2332 -1544.0000000000
2349 -1542.0000000000
2356 -1541.0000000000
2369 -1540.0000000000
2373 -1539.0000000000
2394 -1536.0000000000
2403 -1534.0000000000
2422 -1533.0000000000
2424 -1531.0000000000
2433 -1530.0000000000
2443 -1526.0000000000
2466 -1525.0000000000
2472 -1524.0000000000
2482 -1522.0000000000
2488 -1520.0000000000
2507 -1518.0000000000
2546 -1517.0000000000
2563 -1516.0000000000
2574 -1515.0000000000
2584 -1512.0000000000
2596 -1511.0000000000
2610 -1509.0000000000
2614 -1507.0000000000
2627 -1506.0000000000
2637 -1504.0000000000
2661 -1503.0000000000
2676 -1502.0000000000
2679 -1501.0000000000
2698 -1499.0000000000
2711 -1498.0000000000
2728 -1497.0000000000
2731 -1492.0000000000
2742 -1491.0000000000
2754 -1489.0000000000
2766 -1488.0000000000
2776 -1487.0000000000
2781 -1486.0000000000
2789 -1485.0000000000
2798 -1483.0000000000
2801 -1482.0000000000
2811 -1481.0000000000
2822 -1479.0000000000
2849 -1478.0000000000
2861 -1476.0000000000
2875 -1475.0000000000
2891 -1474.0000000000
2892 -1471.0000000000
2918 -1470.0000000000
2922 -1469.0000000000
2946 -1468.0000000000
2956 -1467.0000000000
2974 -1465.0000000000
2981 -1464.0000000000
3001 -1462.0000000000
3034 -1461.0000000000
3038 -1458.0000000000
3051 -1457.0000000000
3057 -1454.0000000000
3066 -1453.0000000000
3074 -1451.0000000000
3086 -1450.0000000000
3095 -1448.0000000000
3111 -1447.0000000000
3122 -1445.0000000000
3132 -1442.0000000000
3145 -1440.0000000000
3177 -1439.0000000000
3181 -1438.0000000000
3188 -1437.0000000000
3198 -1436.0000000000
3203 -1435.0000000000
3217 -1432.0000000000
3240 -1430.0000000000
3259 -1429.0000000000
3263 -1428.0000000000
3277 -1426.0000000000
3286 -1425.0000000000
3292 -1423.0000000000
3313 -1422.0000000000
3314 -1421.0000000000
3322 -1420.0000000000
3345 -1418.0000000000
3366 -1417.0000000000
3376 -1414.0000000000
3379 -1413.0000000000
3388 -1412.0000000000
3392 -1410.0000000000
3401 -1409.0000000000
3415 -1407.0000000000
3431 -1406.0000000000
3448 -1405.0000000000
3462 -1404.0000000000
3467 -1402.0000000000
3471 -1401.0000000000
3481 -1400.0000000000
3491 -1399.0000000000
3497 -1398.0000000000
3513 -1396.0000000000
3515 -1394.0000000000
3523 -1393.0000000000
3538 -1392.0000000000
3551 -1388.0000000000
3591 -1387.0000000000
3604 -1384.0000000000
3613 -1383.0000000000
3614 -1381.0000000000
3627 -1380.0000000000
3652 -1379.0000000000
3667 -1378.0000000000
3674 -1377.0000000000
3688 -1376.0000000000
3695 -1373.0000000000
3706 -1372.0000000000
3713 -1371.0000000000
3721 -1370.0000000000
3751 -1369.0000000000
3776 -1368.0000000000
3778 -1367.0000000000
3782 -1365.0000000000
3817 -1363.0000000000
3819 -1362.0000000000
3831 -1361.0000000000
3847 -1358.0000000000
3861 -1357.0000000000
3875 -1355.0000000000
3896 -1354.0000000000
3903 -1353.0000000000
3917 -1350.0000000000
3939 -1349.0000000000
3945 -1348.0000000000
3957 -1346.0000000000
3962 -1345.0000000000
3971 -1344.0000000000
3981 -1342.0000000000
3982 -1341.0000000000
3998 -1340.0000000000
4014 -1339.0000000000
4027 -1338.0000000000
4033 -1335.0000000000
4044 -1334.0000000000
4056 -1333.0000000000
4059 -1330.0000000000
4081 -1329.0000000000
4089 -1328.0000000000
4094 -1326.0000000000
4103 -1325.0000000000
4114 -1324.0000000000
4131 -1323.0000000000
4141 -1318.0000000000
4165 -1316.0000000000
4187 -1315.0000000000
4191 -1314.0000000000
4192 -1313.0000000000
4194 -1312.0000000000
4209 -1308.0000000000
4225 -1307.0000000000
4240 -1306.0000000000
4242 -1305.0000000000
4257 -1303.0000000000
4265 -1302.0000000000
4274 -1301.0000000000
4281 -1300.0000000000
4287 -1299.0000000000
4292 -1298.0000000000
4302 -1297.0000000000
4310 -1296.0000000000
4327 -1295.0000000000
4331 -1293.0000000000
4345 -1291.0000000000
4363 -1289.0000000000
4371 -1288.0000000000
4391 -1287.0000000000
4401 -1286.0000000000
4403 -1285.0000000000
4416 -1284.0000000000
4438 -1282.0000000000
4464 -1279.0000000000
4465 -1278.0000000000
4482 -1276.0000000000
4491 -1275.0000000000
4505 -1274.0000000000
4510 -1273.0000000000
4513 -1272.0000000000
4524 -1271.0000000000
4525 -1269.0000000000
4543 -1266.0000000000
4568 -1265.0000000000
4572 -1264.0000000000
4576 -1262.0000000000
4604 -1261.0000000000
4621 -1260.0000000000
4649 -1259.0000000000
4653 -1258.0000000000
4669 -1257.0000000000
4674 -1256.0000000000
4683 -1255.0000000000
4691 -1254.0000000000
4708 -1253.0000000000
4714 -1252.0000000000
4726 -1251.0000000000
4729 -1249.0000000000
4748 -1248.0000000000
4754 -1247.0000000000
4760 -1246.0000000000
4771 -1245.0000000000
4779 -1244.0000000000
4790 -1243.0000000000
4802 -1242.0000000000
4811 -1241.0000000000
4812 -1239.0000000000
4829 -1238.0000000000
4831 -1237.0000000000
4843 -1236.0000000000
4851 -1234.0000000000
4874 -1232.0000000000
4886 -1231.0000000000
4894 -1230.0000000000
4902 -1229.0000000000
4911 -1228.0000000000
4912 -1227.0000000000
4927 -1226.0000000000
4933 -1225.0000000000
4939 -1223.0000000000
4941 -1222.0000000000
4951 -1221.0000000000
4966 -1220.0000000000
4977 -1219.0000000000
4982 -1218.0000000000
4993 -1216.0000000000
5022 -1214.0000000000
5024 -1213.0000000000
5039 -1212.0000000000
5052 -1211.0000000000
5066 -1210.0000000000
5069 -1208.0000000000
5097 -1207.0000000000
5108 -1206.0000000000
5131 -1204.0000000000
5144 -1203.0000000000
5145 -1202.0000000000
5165 -1201.0000000000
5175 -1200.0000000000
5177 -1199.0000000000
5208 -1197.0000000000
5223 -1196.0000000000
5241 -1195.0000000000
5255 -1193.0000000000
5271 -1192.0000000000
5285 -1191.0000000000
5300 -1190.0000000000
5301 -1189.0000000000
5326 -1187.0000000000
5333 -1186.0000000000
5351 -1184.0000000000
5374 -1182.0000000000
5394 -1181.0000000000
5401 -1180.0000000000
5405 -1179.0000000000
5406 -1178.0000000000
5429 -1177.0000000000
5444 -1175.0000000000
5462 -1174.0000000000
5494 -1173.0000000000
5496 -1171.0000000000
5513 -1170.0000000000
5526 -1169.0000000000
5531 -1168.0000000000
5532 -1167.0000000000
5541 -1166.0000000000
5556 -1165.0000000000
5573 -1163.0000000000
5593 -1162.0000000000
5614 -1161.0000000000
5623 -1157.0000000000
5638 -1156.0000000000
5646 -1155.0000000000
5661 -1153.0000000000
5675 -1150.0000000000
5692 -1149.0000000000
5721 -1148.0000000000
5727 -1147.0000000000
5740 -1146.0000000000
5754 -1145.0000000000
5777 -1144.0000000000
5778 -1143.0000000000
5787 -1142.0000000000
5805 -1141.0000000000
5817 -1139.0000000000
5842 -1138.0000000000
5854 -1137.0000000000
5869 -1136.0000000000
5871 -1132.0000000000
5884 -1131.0000000000
5888 -1129.0000000000
5921 -1127.0000000000
5949 -1126.0000000000
5952 -1125.0000000000
5959 -1124.0000000000
6006 -1123.0000000000
6034 -1122.0000000000
6035 -1118.0000000000
6042 -1117.0000000000
6055 -1116.0000000000
6064 -1114.0000000000
6076 -1113.0000000000
6084 -1112.0000000000
6085 -1110.0000000000
6116 -1109.0000000000
6142 -1108.0000000000
6164 -1107.0000000000
6210 -1106.0000000000
6214 -1105.0000000000
6221 -1104.0000000000
6235 -1102.0000000000
6240 -1100.0000000000
6260 -1099.0000000000
6262 -1098.0000000000
6282 -1096.0000000000
6303 -1095.0000000000
6347 -1094.0000000000
6357 -1092.0000000000
6404 -1091.0000000000
6416 -1090.0000000000
6440 -1089.0000000000
6449 -1088.0000000000
6465 -1084.0000000000
6491 -1083.0000000000
6511 -1081.0000000000
6526 -1080.0000000000
6532 -1079.0000000000
6548 -1078.0000000000
6574 -1077.0000000000
6583 -1075.0000000000
6634 -1074.0000000000
6640 -1072.0000000000
6668 -1068.0000000000
6689 -1066.0000000000
6698 -1064.0000000000
6729 -1063.0000000000
6736 -1061.0000000000
6763 -1060.0000000000
6768 -1058.0000000000
6788 -1057.0000000000
6797 -1056.0000000000
6812 -1055.0000000000
6823 -1054.0000000000
6831 -1053.0000000000
6866 -1051.0000000000
6890 -1050.0000000000
6902 -1049.0000000000
6913 -1048.0000000000
6920 -1046.0000000000
6948 -1044.0000000000
6971 -1043.0000000000
6980 -1042.0000000000
6981 -1041.0000000000
6998 -1040.0000000000
7009 -1039.0000000000
7011 -1036.0000000000
7048 -1035.0000000000
7056 -1033.0000000000
7089 -1032.0000000000
7102 -1030.0000000000
7112 -1029.0000000000
7121 -1025.0000000000
7156 -1023.0000000000
7172 -1019.0000000000
7183 -1018.0000000000
7202 -1015.0000000000
7212 -1014.0000000000
7243 -1013.0000000000
7248 -1011.0000000000
7252 -1010.0000000000
7298 -1007.0000000000
7304 -1006.0000000000
7313 -1004.0000000000
7320 -1003.0000000000
7330 -1001.0000000000
7349 -1000.0000000000
7354 -999.0000000000
7368 -998.0000000000
7376 -997.0000000000
7380 -995.0000000000
7390 -994.0000000000
7401 -993.0000000000
7414 -992.0000000000
7434 -991.0000000000
7453 -990.0000000000
7461 -988.0000000000
7484 -987.0000000000
7495 -984.0000000000
7516 -983.0000000000
7521 -982.0000000000
7536 -981.0000000000
7570 -979.0000000000
7586 -978.0000000000
7604 -975.0000000000
7614 -972.0000000000
7655 -971.0000000000
7657 -970.0000000000
7665 -968.0000000000
7716 -965.0000000000
7748 -964.0000000000
7756 -961.0000000000
7762 -960.0000000000
7772 -959.0000000000
7788 -958.0000000000
7793 -957.0000000000
7809 -956.0000000000
7828 -955.0000000000
7833 -954.0000000000
7843 -953.0000000000
7851 -952.0000000000
7872 -951.0000000000
7892 -950.0000000000
7901 -949.0000000000
7913 -947.0000000000
7935 -946.0000000000
7939 -945.0000000000
7959 -944.0000000000
7986 -942.0000000000
7993 -940.0000000000
8011 -939.0000000000
8031 -938.0000000000
8041 -935.0000000000
8064 -934.0000000000
8077 -933.0000000000
8083 -931.0000000000
8095 -930.0000000000
8102 -929.0000000000
8124 -928.0000000000
8151 -927.0000000000
8168 -926.0000000000
8178 -924.0000000000
8203 -922.0000000000
8211 -921.0000000000
8244 -919.0000000000
8252 -918.0000000000
8274 -917.0000000000
8290 -916.0000000000
8291 -915.0000000000
8310 -914.0000000000
8313 -913.0000000000
8325 -912.0000000000
8342 -911.0000000000
8356 -908.0000000000
8376 -906.0000000000
8383 -905.0000000000
8399 -904.0000000000
8402 -903.0000000000
8419 -902.0000000000
8430 -900.0000000000
8436 -899.0000000000
8443 -898.0000000000
8472 -897.0000000000
8488 -896.0000000000
8511 -895.0000000000
8532 -894.0000000000
8534 -893.0000000000
8561 -892.0000000000
8576 -891.0000000000
8589 -890.0000000000
8599 -888.0000000000
8614 -887.0000000000
8617 -886.0000000000
8628 -885.0000000000
8640 -882.0000000000
8643 -881.0000000000
8651 -879.0000000000
8696 -878.0000000000
8711 -877.0000000000
8730 -875.0000000000
8742 -874.0000000000
8751 -873.0000000000
8794 -872.0000000000
8813 -871.0000000000
8817 -869.0000000000
8823 -868.0000000000
8840 -865.0000000000
8867 -864.0000000000
8888 -863.0000000000
8907 -862.0000000000
8912 -861.0000000000
8942 -860.0000000000
8957 -859.0000000000
8986 -858.0000000000
8997 -856.0000000000
9012 -854.0000000000
9023 -853.0000000000
9056 -852.0000000000
9090 -851.0000000000
9092 -850.0000000000
9112 -849.0000000000
9141 -848.0000000000
9146 -846.0000000000
9181 -845.0000000000
9196 -844.0000000000
9213 -842.0000000000
9248 -839.0000000000
9259 -838.0000000000
9265 -837.0000000000
9273 -836.0000000000
9282 -834.0000000000
9305 -832.0000000000
9332 -831.0000000000
9334 -830.0000000000
9346 -829.0000000000
9351 -827.0000000000
9413 -826.0000000000
9437 -825.0000000000
9454 -824.0000000000
9461 -823.0000000000
9498 -822.0000000000
9529 -820.0000000000
9552 -819.0000000000
9562 -818.0000000000
9571 -817.0000000000
9602 -816.0000000000
9619 -815.0000000000
9634 -814.0000000000
9642 -813.0000000000
9662 -810.0000000000
9681 -809.0000000000
9697 -807.0000000000
9735 -806.0000000000
9747 -804.0000000000
9752 -803.0000000000
9766 -802.0000000000
9776 -801.0000000000
9805 -800.0000000000
9812 -799.0000000000
9829 -796.0000000000
9873 -795.0000000000
9885 -794.0000000000
9906 -791.0000000000
9924 -790.0000000000
9934 -789.0000000000
9967 -788.0000000000
9982 -786.0000000000
9984 -785.0000000000
10014 -784.0000000000
10023 -781.0000000000
10100 -780.0000000000
10104 -778.0000000000
10112 -777.0000000000
10130 -776.0000000000
10155 -775.0000000000
10176 -774.0000000000
10195 -773.0000000000
10206 -772.0000000000
10226 -771.0000000000
10229 -769.0000000000
10231 -768.0000000000
10269 -767.0000000000
10285 -765.0000000000
10303 -764.0000000000
10321 -763.0000000000
10350 -759.0000000000
10366 -758.0000000000
10410 -757.0000000000
10416 -756.0000000000
10437 -755.0000000000
10443 -754.0000000000
10475 -753.0000000000
10486 -752.0000000000
10492 -750.0000000000
10507 -749.0000000000
10547 -748.0000000000
10551 -747.0000000000
10578 -746.0000000000
10593 -745.0000000000
10614 -744.0000000000
10669 -743.0000000000
10672 -742.0000000000
10695 -741.0000000000
10705 -739.0000000000
10720 -736.0000000000
10753 -735.0000000000
10768 -734.0000000000
10782 -733.0000000000
10808 -732.0000000000
10826 -731.0000000000
10832 -730.0000000000
10845 -729.0000000000
10865 -728.0000000000
10885 -727.0000000000
10887 -726.0000000000
10895 -725.0000000000
10902 -723.0000000000
10915 -722.0000000000
10935 -720.0000000000
10950 -719.0000000000
10974 -718.0000000000
10988 -717.0000000000
11001 -716.0000000000
11013 -715.0000000000
11056 -713.0000000000
11076 -711.0000000000
11096 -710.0000000000
11104 -707.0000000000
11130 -706.0000000000
11149 -704.0000000000
11157 -703.0000000000
11189 -701.0000000000
11191 -700.0000000000
11207 -699.0000000000
11232 -698.0000000000
11266 -697.0000000000
11273 -696.0000000000
11293 -694.0000000000
11321 -692.0000000000
11378 -691.0000000000
11388 -690.0000000000
11405 -688.0000000000
11444 -686.0000000000
11457 -685.0000000000
11489 -684.0000000000
11505 -683.0000000000
11517 -681.0000000000
11548 -679.0000000000
11564 -678.0000000000
11577 -677.0000000000
11593 -676.0000000000
11603 -675.0000000000
11604 -674.0000000000
11635 -672.0000000000
11652 -671.0000000000
11664 -670.0000000000
11687 -669.0000000000
11707 -668.0000000000
11718 -667.0000000000
11726 -665.0000000000
11737 -664.0000000000
11740 -663.0000000000
11773 -662.0000000000
11789 -661.0000000000
11812 -659.0000000000
11851 -658.0000000000
11869 -657.0000000000
11885 -656.0000000000
11907 -655.0000000000
11915 -654.0000000000
11918 -653.0000000000
11956 -652.0000000000
11969 -651.0000000000
11990 -650.0000000000
12028 -649.0000000000
12031 -648.0000000000
12058 -647.0000000000
12062 -646.0000000000
12080 -644.0000000000
12086 -643.0000000000
12100 -641.0000000000
12147 -640.0000000000
12168 -639.0000000000
12180 -638.0000000000
12191 -637.0000000000
12212 -636.0000000000
12213 -635.0000000000
12226 -634.0000000000
12241 -633.0000000000
12275 -631.0000000000
12309 -630.0000000000
12312 -629.0000000000
12343 -627.0000000000
12368 -626.0000000000
12382 -623.0000000000
12399 -621.0000000000
12429 -619.0000000000
12452 -617.0000000000
12482 -616.0000000000
12499 -614.0000000000
12503 -613.0000000000
12509 -612.0000000000
12512 -610.0000000000
12533 -609.0000000000
12546 -607.0000000000
12557 -606.0000000000
12579 -605.0000000000
12606 -602.0000000000
12624 -601.0000000000
12643 -600.0000000000
12644 -599.0000000000
12662 -598.0000000000
12682 -596.0000000000
12715 -595.0000000000
12732 -594.0000000000
12748 -593.0000000000
12753 -592.0000000000
12797 -590.0000000000
12798 -589.0000000000
12811 -588.0000000000
12851 -587.0000000000
12872 -586.0000000000
12874 -585.0000000000
12891 -584.0000000000
12918 -583.0000000000
12942 -582.0000000000
12956 -581.0000000000
12984 -580.0000000000
12998 -579.0000000000
13007 -578.0000000000
13037 -577.0000000000
13085 -575.0000000000
13095 -574.0000000000
13122 -573.0000000000
13144 -572.0000000000
13164 -569.0000000000
13181 -568.0000000000
13184 -567.0000000000
13208 -566.0000000000
13209 -565.0000000000
13241 -563.0000000000
13289 -562.0000000000
13293 -561.0000000000
13314 -560.0000000000
13344 -558.0000000000
13383 -557.0000000000
13392 -556.0000000000
13405 -555.0000000000
13418 -554.0000000000
13485 -553.0000000000
13497 -552.0000000000
13530 -551.0000000000
13563 -550.0000000000
13568 -549.0000000000
13603 -547.0000000000
13664 -546.0000000000
13676 -544.0000000000
13679 -543.0000000000
13687 -542.0000000000
13691 -541.0000000000
13742 -539.0000000000
13752 -538.0000000000
13764 -537.0000000000
13766 -536.0000000000
13785 -533.0000000000
13816 -532.0000000000
13821 -530.0000000000
13825 -529.0000000000
13857 -527.0000000000
13875 -524.0000000000
13913 -522.0000000000
13930 -521.0000000000
13966 -520.0000000000
13979 -518.0000000000
14004 -517.0000000000
14011 -516.0000000000
14028 -515.0000000000
14037 -514.0000000000
14056 -513.0000000000
14064 -512.0000000000
14082 -511.0000000000
14105 -510.0000000000
14118 -509.0000000000
14129 -508.0000000000
14143 -506.0000000000
14179 -505.0000000000
14199 -504.0000000000
14203 -502.0000000000
14222 -501.0000000000
14248 -499.0000000000
14264 -498.0000000000
14274 -497.0000000000
14302 -495.0000000000
14318 -494.0000000000
14324 -491.0000000000
14380 -490.0000000000
14409 -489.0000000000
14415 -488.0000000000
14424 -487.0000000000
14471 -486.0000000000
14548 -484.0000000000
14638 -482.0000000000
14645 -481.0000000000
14676 -480.0000000000
14697 -479.0000000000
14709 -478.0000000000
14720 -477.0000000000
14721 -475.0000000000
14742 -472.0000000000
14767 -470.0000000000
14786 -469.0000000000
14789 -468.0000000000
14797 -466.0000000000
14809 -465.0000000000
14817 -463.0000000000
14830 -461.0000000000
14869 -460.0000000000
14878 -459.0000000000
14903 -458.0000000000
14926 -456.0000000000
14950 -455.0000000000
14952 -454.0000000000
14967 -453.0000000000
14979 -452.0000000000
15024 -451.0000000000
15037 -450.0000000000
15054 -449.0000000000
15106 -445.0000000000
15142 -444.0000000000
15158 -443.0000000000
15188 -441.0000000000
15232 -439.0000000000
15254 -437.0000000000
15302 -436.0000000000
15307 -435.0000000000
15338 -434.0000000000
15373 -433.0000000000
15395 -432.0000000000
15417 -431.0000000000
15477 -430.0000000000
15484 -429.0000000000
15544 -428.0000000000
15547 -427.0000000000
15569 -426.0000000000
15595 -424.0000000000
15625 -423.0000000000
15655 -422.0000000000
15662 -420.0000000000
15671 -419.0000000000
15682 -418.0000000000
15718 -417.0000000000
15763 -415.0000000000
15816 -414.0000000000
15846 -412.0000000000
15895 -410.0000000000
15896 -409.0000000000
15914 -408.0000000000
15943 -407.0000000000
15960 -405.0000000000
15978 -404.0000000000
16015 -403.0000000000
16030 -402.0000000000
16067 -401.0000000000
16071 -398.0000000000
16109 -397.0000000000
16137 -395.0000000000
16213 -394.0000000000
16249 -393.0000000000
16253 -392.0000000000
16316 -391.0000000000
16329 -389.0000000000
16343 -388.0000000000
16385 -387.0000000000
16396 -386.0000000000
16430 -385.0000000000
16500 -384.0000000000
16529 -383.0000000000
16570 -381.0000000000
16588 -379.0000000000
16629 -377.0000000000
16682 -375.0000000000
16684 -374.0000000000
16721 -373.0000000000
16782 -371.0000000000
16791 -369.0000000000
16833 -368.0000000000
16858 -367.0000000000
16883 -366.0000000000
16920 -365.0000000000
16940 -364.0000000000
16959 -363.0000000000
16961 -362.0000000000
16983 -361.0000000000
17011 -360.0000000000
17027 -359.0000000000
17038 -358.0000000000
17051 -357.0000000000
17075 -354.0000000000
17102 -353.0000000000
17112 -352.0000000000
17135 -351.0000000000
17174 -350.0000000000
17206 -349.0000000000
17222 -348.0000000000
17248 -347.0000000000
17282 -345.0000000000
17323 -344.0000000000
17354 -343.0000000000
17360 -342.0000000000
17373 -341.0000000000
17401 -340.0000000000
17412 -339.0000000000
17438 -338.0000000000
17497 -337.0000000000
17503 -336.0000000000
17519 -335.0000000000
17526 -334.0000000000
17556 -332.0000000000
17577 -331.0000000000
17578 -330.0000000000
17598 -329.0000000000
17621 -328.0000000000
17641 -327.0000000000
17673 -326.0000000000
17700 -325.0000000000
17738 -324.0000000000
17740 -323.0000000000
17776 -322.0000000000
17791 -321.0000000000
17849 -320.0000000000
17858 -318.0000000000
17892 -317.0000000000
17956 -314.0000000000
18050 -313.0000000000
18115 -312.0000000000
18141 -309.0000000000
18188 -308.0000000000
18195 -307.0000000000
18202 -306.0000000000
18220 -305.0000000000
18280 -304.0000000000
18281 -303.0000000000
18324 -302.0000000000
18381 -301.0000000000
18415 -300.0000000000
18424 -299.0000000000
18465 -298.0000000000
18512 -297.0000000000
18546 -296.0000000000
18578 -295.0000000000
18583 -294.0000000000
18602 -292.0000000000
18651 -291.0000000000
18684 -290.0000000000
18715 -289.0000000000
18724 -285.0000000000
18767 -284.0000000000
18804 -282.0000000000
18821 -281.0000000000
18921 -279.0000000000
18953 -278.0000000000
19000 -276.0000000000
19029 -274.0000000000
19060 -273.0000000000
19069 -271.0000000000
19110 -270.0000000000
19117 -269.0000000000
19151 -268.0000000000
19161 -267.0000000000
19217 -265.0000000000
19228 -263.0000000000
19265 -262.0000000000
19285 -261.0000000000
19350 -260.0000000000
19378 -258.0000000000
19407 -257.0000000000
19419 -256.0000000000
19424 -255.0000000000
19465 -254.0000000000
19470 -253.0000000000
19520 -252.0000000000
19545 -251.0000000000
19571 -250.0000000000
19597 -249.0000000000
19642 -248.0000000000
19651 -247.0000000000
19661 -245.0000000000
19760 -244.0000000000
19762 -243.0000000000
19795 -242.0000000000
19823 -241.0000000000
19865 -240.0000000000
19891 -239.0000000000
19929 -238.0000000000
19952 -237.0000000000
19976 -234.0000000000
20034 -233.0000000000
20136 -232.0000000000
20197 -230.0000000000
20240 -229.0000000000
20286 -228.0000000000
20323 -226.0000000000
20344 -225.0000000000
20374 -224.0000000000
20404 -223.0000000000
20465 -222.0000000000
20513 -221.0000000000
20537 -220.0000000000
20584 -219.0000000000
20617 -218.0000000000
20660 -217.0000000000
20673 -216.0000000000
20725 -215.0000000000
20816 -213.0000000000
20834 -212.0000000000
20888 -211.0000000000
20921 -209.0000000000
21020 -208.0000000000
21079 -206.0000000000
21084 -205.0000000000
21098 -204.0000000000
21160 -203.0000000000
21197 -202.0000000000
21213 -201.0000000000
21285 -199.0000000000
21307 -198.0000000000
21352 -197.0000000000
21388 -196.0000000000
21459 -195.0000000000
21477 -193.0000000000
21534 -192.0000000000
21583 -190.0000000000
21682 -189.0000000000
21714 -188.0000000000
21806 -187.0000000000
21849 -186.0000000000
21867 -185.0000000000
21901 -184.0000000000
21935 -183.0000000000
21971 -182.0000000000
21998 -181.0000000000
22018 -180.0000000000
22078 -179.0000000000
22149 -178.0000000000
22161 -176.0000000000
22246 -175.0000000000
22298 -174.0000000000
22410 -173.0000000000
22480 -172.0000000000
22484 -171.0000000000
22542 -169.0000000000
22574 -168.0000000000
22651 -167.0000000000
22690 -166.0000000000
22698 -164.0000000000
22785 -163.0000000000
22894 -160.0000000000
22962 -159.0000000000
23011 -158.0000000000
23044 -157.0000000000
23141 -156.0000000000
23221 -155.0000000000
23222 -152.0000000000
23265 -151.0000000000
23288 -150.0000000000
23292 -149.0000000000
23358 -148.0000000000
23480 -146.0000000000
23530 -145.0000000000
23619 -143.0000000000
23737 -142.0000000000
23801 -141.0000000000
23852 -140.0000000000
23882 -139.0000000000
23935 -138.0000000000
23936 -137.0000000000
24023 -134.0000000000
24069 -133.0000000000
24147 -132.0000000000
24237 -131.0000000000
24277 -130.0000000000
24288 -129.0000000000
24363 -127.0000000000
24380 -126.0000000000
24446 -125.0000000000
24463 -124.0000000000
24497 -123.0000000000
24549 -121.0000000000
24651 -120.0000000000
24681 -119.0000000000
24710 -118.0000000000
24730 -117.0000000000
24739 -115.0000000000
24851 -114.0000000000
24926 -113.0000000000
24980 -112.0000000000
25025 -111.0000000000
25140 -110.0000000000
25148 -108.0000000000
25175 -107.0000000000
25208 -106.0000000000
25268 -105.0000000000
25359 -104.0000000000
25362 -103.0000000000
25465 -102.0000000000
25528 -101.0000000000
25543 -100.0000000000
25589 -99.0000000000
25633 -98.0000000000
25775 -96.0000000000
25823 -95.0000000000
25854 -94.0000000000
25891 -92.0000000000
26047 -91.0000000000
26153 -90.0000000000
26175 -89.0000000000
26231 -88.0000000000
26258 -87.0000000000
26334 -85.0000000000
26418 -84.0000000000
26497 -83.0000000000
26563 -82.0000000000
26657 -81.0000000000
26684 -80.0000000000
26692 -79.0000000000
26753 -78.0000000000
26797 -77.0000000000
26963 -75.0000000000
27086 -74.0000000000
27185 -73.0000000000
27239 -71.0000000000
27645 -70.0000000000
27708 -69.0000000000
27733 -67.0000000000
27762 -66.0000000000
27894 -65.0000000000
27921 -64.0000000000
27976 -63.0000000000
28007 -62.0000000000
28046 -61.0000000000
28104 -60.0000000000
28203 -59.0000000000
28306 -58.0000000000
28364 -56.0000000000
28487 -55.0000000000
28575 -54.0000000000
28824 -53.0000000000
28865 -52.0000000000
28927 -51.0000000000
29038 -50.0000000000
29051 -49.0000000000
29224 -48.0000000000
29382 -47.0000000000
29598 -45.0000000000
29759 -44.0000000000
29766 -43.0000000000
29793 -42.0000000000
29991 -40.0000000000
30335 -39.0000000000
30515 -38.0000000000
30552 -37.0000000000
30701 -36.0000000000
30856 -35.0000000000
31012 -33.0000000000
31182 -32.0000000000
31352 -31.0000000000
31549 -29.0000000000
31860 -28.0000000000
31869 -27.0000000000
32319 -26.0000000000
32602 -25.0000000000
32613 -24.0000000000
32766 -23.0000000000
32855 -22.0000000000
32884 -21.0000000000
33183 -20.0000000000
33339 -18.0000000000
33855 -16.0000000000
33908 -15.0000000000
33921 -14.0000000000
34308 -13.0000000000
34330 -12.0000000000
34704 -11.0000000000
34885 -10.0000000000
35063 -9.0000000000
35170 -8.0000000000
35304 -7.0000000000
35546 -6.0000000000
35722 -5.0000000000
35978 -4.0000000000
36559 -2.0000000000
37080 -1.0000000000
38528 75.5900000000
38750 84.9900000000
38961 87.8700000000
38993 227.7500000000
41121 229.7600000000
41170 230.5500000000
41191 241.3800000000
41357 243.6700000000
41562 245.6200000000
43285 248.9600000000
44253 265.9400000000
45143 270.2300000000
49100 321.5800000000
50214 334.3100000000
50253 338.6600000000
50271 348.6000000000
50337 351.5300000000
50421 365.8700000000
52109 368.6100000000
54012 371.4200000000
54838 382.0000000000
54874 384.5600000000
56529 385.8300000000
56680 394.2700000000
56781 395.3700000000
57221 395.8200000000
57372 405.3100000000
59668 405.8100000000
60551 407.8600000000
60780 415.2100000000
61338 417.0600000000
65629 422.4500000000
74372 493.2100000000
76727 497.4000000000
76821 513.9300000000
78004 514.7800000000
78105 515.0800000000
78160 522.2500000000
79637 608.7000000000
79941 608.8900000000
80066 613.1400000000
80630 647.7500000000
89133 653.5600000000
89743 656.7600000000
89849 656.8000000000
90537 658.5400000000
90868 662.9200000000
91204 664.3100000000
91242 672.1500000000
91303 677.6200000000
91717 687.2800000000
100000 -2.0000000000
evaluations raw_y
1 -1980.0000000000
5 -1975.0000000000
8 -1971.0000000000
11 -1949.0000000000
21 -1948.0000000000
24 -1930.0000000000
32 -1928.0000000000
50 -1912.0000000000
53 -1911.0000000000
64 -1893.0000000000
75 -1884.0000000000
81 -1883.0000000000
84 -1878.0000000000
93 -1876.0000000000
108 -1873.0000000000
120 -1868.0000000000
130 -1867.0000000000
132 -1864.0000000000
156 -1862.0000000000
159 -1861.0000000000
162 -1857.0000000000
175 -1855.0000000000
189 -1853.0000000000
193 -1850.0000000000
211 -1849.0000000000
222 -1846.0000000000
246 -1843.0000000000
266 -1841.0000000000
281 -1839.0000000000
291 -1837.0000000000
311 -1836.0000000000
321 -1835.0000000000
332 -1831.0000000000
342 -1830.0000000000
354 -1829.0000000000
357 -1828.0000000000
366 -1826.0000000000
371 -1825.0000000000
382 -1823.0000000000
391 -1822.0000000000
405 -1820.0000000000
424 -1819.0000000000
438 -1817.0000000000
444 -1815.0000000000
455 -1814.0000000000
464 -1812.0000000000
476 -1811.0000000000
487 -1810.0000000000
492 -1809.0000000000
494 -1807.0000000000
508 -1805.0000000000
524 -1802.0000000000
532 -1799.0000000000
553 -1797.0000000000
561 -1795.0000000000
573 -1794.0000000000
576 -1793.0000000000
595 -1792.0000000000
597 -1791.0000000000
602 -1790.0000000000
617 -1789.0000000000
623 -1788.0000000000
637 -1784.0000000000
653 -1782.0000000000
656 -1781.0000000000
682 -1779.0000000000
694 -1777.0000000000
703 -1776.0000000000
719 -1775.0000000000
725 -1774.0000000000
731 -1771.0000000000
765 -1770.0000000000
779 -1769.0000000000
784 -1768.0000000000
792 -1767.0000000000
794 -1766.0000000000
798 -1765.0000000000
802 -1763.0000000000
820 -1761.0000000000
839 -1759.0000000000
843 -1757.0000000000
853 -1754.0000000000
877 -1753.0000000000
881 -1751.0000000000
893 -1749.0000000000
917 -1748.0000000000
931 -1747.0000000000
933 -1745.0000000000
956 -1744.0000000000
962 -1743.0000000000
964 -1742.0000000000
982 -1740.0000000000
1000 -1739.0000000000
1007 -1735.0000000000
1019 -1734.0000000000
1022 -1732.0000000000
1052 -1731.0000000000
1053 -1730.0000000000
1057 -1729.0000000000
1072 -1724.0000000000
1095 -1723.0000000000
1101 -1717.0000000000
1135 -1716.0000000000
1136 -1715.0000000000
1143 -1714.0000000000
1155 -1713.0000000000
1171 -1711.0000000000
1183 -1709.0000000000
1184 -1708.0000000000
1195 -1706.0000000000
1212 -1702.0000000000
1225 -1700.0000000000
1256 -1698.0000000000
1263 -1697.0000000000
1273 -1695.0000000000
1286 -1693.0000000000
1300 -1692.0000000000
1307 -1691.0000000000
1317 -1690.0000000000
1330 -1689.0000000000
1331 -1688.0000000000
1347 -1687.0000000000
1356 -1684.0000000000
1381 -1683.0000000000
1382 -1682.0000000000
1394 -1681.0000000000
1412 -1680.0000000000
1427 -1679.0000000000
1435 -1678.0000000000
1440 -1677.0000000000
1441 -1676.0000000000
1447 -1675.0000000000
1452 -1674.0000000000
1461 -1671.0000000000
1478 -1669.0000000000
1481 -1668.0000000000
1495 -1667.0000000000
1507 -1666.0000000000
1514 -1664.0000000000
1522 -1663.0000000000
1538 -1661.0000000000
1543 -1660.0000000000
1560 -1659.0000000000
1563 -1658.0000000000
1585 -1657.0000000000
1589 -1656.0000000000
1592 -1654.0000000000
1619 -1652.0000000000
1634 -1648.0000000000
1644 -1647.0000000000
1675 -1642.0000000000
1692 -1641.0000000000
1712 -1639.0000000000
1713 -1638.0000000000
1722 -1637.0000000000
1729 -1636.0000000000
1736 -1635.0000000000
1741 -1634.0000000000
1753 -1632.0000000000
1768 -1631.0000000000
1778 -1630.0000000000
1792 -1629.0000000000
1794 -1627.0000000000
1806 -1626.0000000000
1817 -1625.0000000000
1832 -1624.0000000000
1841 -1623.0000000000
1850 -1622.0000000000
1857 -1621.0000000000
1864 -1620.0000000000
1878 -1619.0000000000
1885 -1618.0000000000
1896 -1617.0000000000
1910 -1613.0000000000
1922 -1610.0000000000
1938 -1607.0000000000
1947 -1606.0000000000
1957 -1605.0000000000
1962 -1604.0000000000
1983 -1603.0000000000
1993 -1602.0000000000
2002 -1601.0000000000
2009 -1598.0000000000
2040 -1596.0000000000
2058 -1595.0000000000
2065 -1592.0000000000
2082 -1588.0000000000
2101 -1587.0000000000
2139 -1586.0000000000
2154 -1585.0000000000
2164 -1584.0000000000
2172 -1583.0000000000
2181 -1580.0000000000
2193 -1579.0000000000
2203 -1578.0000000000
2212 -1576.0000000000
2232 -1575.0000000000
2239 -1571.0000000000
2251 -1570.0000000000
2258 -1569.0000000000
2282 -1568.0000000000
2287 -1566.0000000000
2293 -1565.0000000000
2306 -1564.0000000000
2314 -1563.0000000000
2338 -1561.0000000000
2341 -1559.0000000000
2354 -1555.0000000000
2365 -1554.0000000000
2375 -1553.0000000000
2393 -1550.0000000000
2414 -1548.0000000000
2431 -1546.0000000000
2444 -1545.0000000000
2451 -1544.0000000000
2462 -1543.0000000000
2465 -1541.0000000000
2494 -1538.0000000000
2523 -1536.0000000000
2548 -1534.0000000000
2562 -1532.0000000000
2577 -1530.0000000000
2593 -1527.0000000000
2609 -1526.0000000000
2611 -1524.0000000000
2631 -1523.0000000000
2642 -1522.0000000000
2659 -1521.0000000000
2663 -1520.0000000000
2669 -1519.0000000000
2692 -1518.0000000000
2700 -1517.0000000000
2701 -1516.0000000000
2724 -1515.0000000000
2734 -1513.0000000000
2743 -1512.0000000000
2751 -1511.0000000000
2771 -1510.0000000000
2783 -1507.0000000000
2797 -1506.0000000000
2822 -1505.0000000000
2841 -1504.0000000000
2851 -1503.0000000000
2865 -1502.0000000000
2871 -1501.0000000000
2879 -1500.0000000000
2890 -1499.0000000000
2895 -1498.0000000000
2903 -1495.0000000000
2927 -1493.0000000000
2938 -1491.0000000000
2966 -1490.0000000000
2970 -1489.0000000000
2977 -1487.0000000000
2986 -1485.0000000000
2991 -1484.0000000000
3003 -1483.0000000000
3016 -1482.0000000000
3021 -1481.0000000000
3023 -1480.0000000000
3031 -1479.0000000000
3055 -1477.0000000000
3065 -1475.0000000000
3071 -1473.0000000000
3082 -1471.0000000000
3103 -1470.0000000000
3108 -1469.0000000000
3112 -1468.0000000000
3124 -1467.0000000000
3133 -1465.0000000000
3157 -1464.0000000000
3174 -1463.0000000000
3179 -1461.0000000000
3190 -1460.0000000000
3194 -1459.0000000000
3195 -1458.0000000000
3213 -1455.0000000000
3231 -1454.0000000000
3239 -1452.0000000000
3251 -1448.0000000000
3269 -1447.0000000000
3298 -1446.0000000000
3306 -1445.0000000000
3311 -1443.0000000000
3313 -1442.0000000000
3321 -1440.0000000000
3331 -1439.0000000000
3353 -1437.0000000000
3375 -1436.0000000000
3382 -1435.0000000000
3391 -1432.0000000000
3416 -1430.0000000000
3444 -1428.0000000000
3448 -1427.0000000000
3467 -1424.0000000000
3471 -1423.0000000000
3482 -1422.0000000000
3511 -1420.0000000000
3536 -1418.0000000000
3540 -1417.0000000000
3551 -1416.0000000000
3568 -1415.0000000000
3569 -1414.0000000000
3573 -1413.0000000000
3592 -1412.0000000000
3597 -1410.0000000000
3605 -1409.0000000000
3615 -1408.0000000000
3622 -1407.0000000000
3636 -1406.0000000000
3656 -1404.0000000000
3667 -1401.0000000000
3681 -1399.0000000000
3709 -1397.0000000000
3731 -1396.0000000000
3752 -1395.0000000000
3761 -1394.0000000000
3782 -1393.0000000000
3803 -1391.0000000000
3814 -1390.0000000000
3822 -1389.0000000000
3831 -1388.0000000000
3843 -1386.0000000000
3857 -1385.0000000000
3871 -1382.0000000000
3881 -1381.0000000000
3892 -1380.0000000000
3898 -1379.0000000000
3913 -1377.0000000000
3934 -1374.0000000000
3971 -1372.0000000000
3988 -1371.0000000000
4008 -1370.0000000000
4013 -1369.0000000000
4024 -1368.0000000000
4033 -1367.0000000000
4045 -1366.0000000000
4062 -1364.0000000000
4079 -1363.0000000000
4091 -1362.0000000000
4092 -1360.0000000000
4109 -1359.0000000000
4115 -1357.0000000000
4125 -1356.0000000000
4145 -1354.0000000000
4155 -1352.0000000000
4180 -1351.0000000000
4193 -1347.0000000000
4235 -1346.0000000000
4243 -1345.0000000000
4254 -1343.0000000000
4265 -1342.0000000000
4270 -1341.0000000000
4271 -1339.0000000000
4299 -1337.0000000000
4304 -1333.0000000000
4338 -1332.0000000000
4342 -1330.0000000000
4355 -1328.0000000000
4371 -1324.0000000000
4385 -1322.0000000000
4395 -1321.0000000000
4417 -1320.0000000000
4421 -1319.0000000000
4431 -1318.0000000000
4439 -1317.0000000000
4449 -1316.0000000000
4451 -1315.0000000000
4471 -1313.0000000000
4484 -1311.0000000000
4494 -1310.0000000000
4511 -1308.0000000000
4521 -1307.0000000000
4531 -1305.0000000000
4553 -1304.0000000000
4578 -1301.0000000000
4591 -1300.0000000000
4602 -1299.0000000000
4610 -1298.0000000000
4632 -1296.0000000000
4647 -1295.0000000000
4663 -1294.0000000000
4666 -1292.0000000000
4678 -1291.0000000000
4681 -1290.0000000000
4694 -1289.0000000000
4702 -1288.0000000000
4713 -1287.0000000000
4732 -1285.0000000000
4762 -1282.0000000000
4782 -1280.0000000000
4794 -1279.0000000000
4805 -1278.0000000000
4816 -1277.0000000000
4823 -1276.0000000000
4838 -1274.0000000000
4844 -1273.0000000000
4864 -1270.0000000000
4881 -1268.0000000000
4904 -1266.0000000000
4914 -1264.0000000000
4936 -1263.0000000000
4938 -1260.0000000000
4977 -1258.0000000000
4982 -1255.0000000000
5013 -1254.0000000000
5054 -1250.0000000000
5071 -1249.0000000000
5081 -1248.0000000000
5088 -1247.0000000000
5102 -1246.0000000000
5106 -1244.0000000000
5117 -1243.0000000000
5125 -1242.0000000000
5132 -1241.0000000000
5143 -1240.0000000000
5153 -1239.0000000000
5161 -1236.0000000000
5182 -1235.0000000000
5184 -1232.0000000000
5201 -1231.0000000000
5236 -1230.0000000000
5240 -1229.0000000000
5252 -1228.0000000000
5271 -1227.0000000000
5274 -1226.0000000000
5275 -1225.0000000000
5285 -1220.0000000000
5299 -1218.0000000000
5311 -1217.0000000000
5347 -1216.0000000000
5368 -1215.0000000000
5370 -1214.0000000000
5382 -1213.0000000000
5400 -1212.0000000000
5409 -1209.0000000000
5423 -1206.0000000000
5436 -1205.0000000000
5442 -1204.0000000000
5443 -1202.0000000000
5451 -1201.0000000000
5474 -1198.0000000000
5481 -1196.0000000000
5493 -1195.0000000000
5501 -1193.0000000000
5527 -1192.0000000000
5533 -1191.0000000000
5543 -1190.0000000000
5563 -1189.0000000000
5572 -1188.0000000000
5581 -1187.0000000000
5599 -1186.0000000000
5603 -1182.0000000000
5620 -1181.0000000000
5652 -1180.0000000000
5671 -1178.0000000000
5691 -1177.0000000000
5692 -1176.0000000000
5696 -1175.0000000000
5723 -1173.0000000000
5742 -1172.0000000000
5751 -1171.0000000000
5762 -1167.0000000000
5790 -1166.0000000000
5811 -1165.0000000000
5812 -1163.0000000000
5817 -1162.0000000000
5831 -1161.0000000000
5843 -1160.0000000000
5854 -1157.0000000000
5865 -1155.0000000000
5902 -1153.0000000000
5911 -1152.0000000000
5926 -1149.0000000000
5942 -1147.0000000000
5960 -1146.0000000000
5969 -1145.0000000000
5979 -1143.0000000000
5985 -1142.0000000000
5992 -1140.0000000000
6038 -1139.0000000000
6052 -1138.0000000000
6054 -1137.0000000000
6066 -1134.0000000000
6072 -1132.0000000000
6103 -1131.0000000000
6105 -1130.0000000000
6112 -1126.0000000000
6125 -1125.0000000000
6135 -1123.0000000000
6159 -1122.0000000000
6170 -1121.0000000000
6191 -1120.0000000000
6199 -1119.0000000000
6211 -1118.0000000000
6225 -1117.0000000000
6227 -1116.0000000000
6232 -1115.0000000000
6245 -1114.0000000000
6290 -1113.0000000000
6316 -1112.0000000000
6327 -1110.0000000000
6336 -1108.0000000000
6378 -1105.0000000000
6393 -1104.0000000000
6403 -1101.0000000000
6413 -1100.0000000000
6421 -1099.0000000000
6426 -1097.0000000000
6440 -1096.0000000000
6452 -1093.0000000000
6463 -1090.0000000000
6504 -1089.0000000000
6511 -1088.0000000000
6528 -1087.0000000000
6547 -1086.0000000000
6548 -1085.0000000000
6566 -1084.0000000000
6592 -1083.0000000000
6596 -1082.0000000000
6613 -1081.0000000000
6631 -1080.0000000000
6642 -1079.0000000000
6662 -1077.0000000000
6672 -1076.0000000000
6697 -1075.0000000000
6701 -1070.0000000000
6745 -1067.0000000000
6762 -1066.0000000000
6771 -1065.0000000000
6797 -1063.0000000000
6810 -1060.0000000000
6823 -1059.0000000000
6824 -1058.0000000000
6837 -1056.0000000000
6843 -1055.0000000000
6855 -1054.0000000000
6868 -1053.0000000000
6876 -1052.0000000000
6892 -1051.0000000000
6905 -1050.0000000000
6923 -1049.0000000000
6931 -1048.0000000000
6951 -1047.0000000000
6953 -1046.0000000000
6966 -1045.0000000000
6980 -1044.0000000000
6985 -1043.0000000000
7004 -1042.0000000000
7019 -1041.0000000000
7035 -1038.0000000000
7047 -1035.0000000000
7056 -1034.0000000000
7097 -1033.0000000000
7103 -1032.0000000000
7126 -1031.0000000000
7135 -1030.0000000000
7141 -1028.0000000000
7146 -1027.0000000000
7172 -1024.0000000000
7213 -1023.0000000000
7224 -1022.0000000000
7234 -1020.0000000000
7249 -1019.0000000000
7281 -1016.0000000000
7295 -1014.0000000000
7312 -1012.0000000000
7327 -1008.0000000000
7341 -1006.0000000000
7371 -1005.0000000000
7376 -1004.0000000000
7382 -1003.0000000000
7392 -1001.0000000000
7407 -998.0000000000
7426 -997.0000000000
7439 -996.0000000000
7452 -994.0000000000
7461 -993.0000000000
7469 -990.0000000000
7475 -989.0000000000
7493 -988.0000000000
7502 -987.0000000000
7528 -986.0000000000
7553 -985.0000000000
7573 -984.0000000000
7592 -983.0000000000
7606 -982.0000000000
7613 -981.0000000000
7632 -980.0000000000
7645 -979.0000000000
7663 -977.0000000000
7679 -976.0000000000
7698 -975.0000000000
7706 -974.0000000000
7723 -973.0000000000
7738 -970.0000000000
7764 -968.0000000000
7803 -967.0000000000
7821 -963.0000000000
7863 -962.0000000000
7873 -959.0000000000
7892 -958.0000000000
7903 -957.0000000000
7905 -956.0000000000
7923 -954.0000000000
7948 -951.0000000000
7957 -950.0000000000
7977 -949.0000000000
7981 -948.0000000000
8001 -947.0000000000
8009 -946.0000000000
8023 -945.0000000000
8026 -944.0000000000
8045 -943.0000000000
8047 -942.0000000000
8062 -941.0000000000
8083 -940.0000000000
8097 -939.0000000000
8111 -937.0000000000
8125 -935.0000000000
8131 -934.0000000000
8161 -933.0000000000
8171 -932.0000000000
8179 -929.0000000000
8215 -928.0000000000
8217 -927.0000000000
8233 -925.0000000000
8242 -924.0000000000
8260 -922.0000000000
8278 -921.0000000000
8295 -920.0000000000
8323 -919.0000000000
8344 -918.0000000000
8363 -916.0000000000
8364 -915.0000000000
8388 -914.0000000000
8391 -913.0000000000
8394 -912.0000000000
8414 -911.0000000000
8420 -907.0000000000
8432 -906.0000000000
8471 -905.0000000000
8488 -904.0000000000
8501 -902.0000000000
8524 -900.0000000000
8553 -899.0000000000
8565 -898.0000000000
8585 -897.0000000000
8592 -896.0000000000
8617 -895.0000000000
8622 -894.0000000000
8647 -893.0000000000
8671 -892.0000000000
8672 -891.0000000000
8690 -890.0000000000
8709 -888.0000000000
8720 -887.0000000000
8764 -884.0000000000
8794 -883.0000000000
8821 -881.0000000000
8846 -879.0000000000
8865 -877.0000000000
8880 -875.0000000000
8899 -874.0000000000
8919 -872.0000000000
8933 -871.0000000000
8952 -869.0000000000
8965 -868.0000000000
8987 -867.0000000000
9017 -865.0000000000
9037 -863.0000000000
9047 -862.0000000000
9068 -861.0000000000
9074 -860.0000000000
9081 -859.0000000000
9088 -858.0000000000
9106 -857.0000000000
9108 -856.0000000000
9122 -852.0000000000
9154 -851.0000000000
9181 -849.0000000000
9242 -847.0000000000
9262 -846.0000000000
9269 -845.0000000000
9297 -844.0000000000
9304 -843.0000000000
9332 -841.0000000000
9341 -840.0000000000
9351 -838.0000000000
9370 -837.0000000000
9391 -836.0000000000
9408 -835.0000000000
9417 -833.0000000000
9472 -831.0000000000
9483 -830.0000000000
9494 -829.0000000000
9499 -828.0000000000
9505 -827.0000000000
9511 -826.0000000000
9522 -825.0000000000
9553 -824.0000000000
9554 -823.0000000000
9577 -821.0000000000
9595 -819.0000000000
9624 -818.0000000000
9637 -817.0000000000
9659 -816.0000000000
9669 -815.0000000000
9688 -814.0000000000
9694 -813.0000000000
9723 -812.0000000000
9730 -811.0000000000
9733 -810.0000000000
9751 -807.0000000000
9796 -806.0000000000
9817 -805.0000000000
9825 -804.0000000000
9829 -803.0000000000
9844 -802.0000000000
9876 -801.0000000000
9885 -798.0000000000
9929 -797.0000000000
9953 -796.0000000000
9957 -793.0000000000
9970 -792.0000000000
9994 -790.0000000000
10003 -789.0000000000
10011 -787.0000000000
10021 -785.0000000000
10058 -784.0000000000
10072 -783.0000000000
10102 -782.0000000000
10121 -781.0000000000
10131 -780.0000000000
10154 -779.0000000000
10155 -777.0000000000
10183 -775.0000000000
10200 -774.0000000000
10211 -773.0000000000
10227 -772.0000000000
10237 -771.0000000000
10240 -770.0000000000
10245 -768.0000000000
10294 -767.0000000000
10312 -765.0000000000
10330 -763.0000000000
10347 -762.0000000000
10350 -761.0000000000
10384 -759.0000000000
10393 -758.0000000000
10416 -757.0000000000
10427 -755.0000000000
10451 -752.0000000000
10476 -751.0000000000
10517 -749.0000000000
10535 -748.0000000000
10551 -746.0000000000
10574 -745.0000000000
10589 -744.0000000000
10597 -742.0000000000
10602 -741.0000000000
10615 -740.0000000000
10623 -739.0000000000
10643 -737.0000000000
10653 -736.0000000000
10676 -734.0000000000
10712 -733.0000000000
10748 -732.0000000000
10754 -731.0000000000
10777 -730.0000000000
10796 -729.0000000000
10821 -728.0000000000
10823 -727.0000000000
10833 -726.0000000000
10854 -723.0000000000
10892 -722.0000000000
10911 -721.0000000000
10921 -720.0000000000
10948 -719.0000000000
10956 -718.0000000000
10972 -717.0000000000
10982 -716.0000000000
10992 -715.0000000000
11006 -714.0000000000
11028 -713.0000000000
11029 -712.0000000000
11047 -710.0000000000
11052 -709.0000000000
11072 -706.0000000000
11104 -704.0000000000
11113 -702.0000000000
11143 -701.0000000000
11149 -698.0000000000
11178 -697.0000000000
11229 -695.0000000000
11263 -693.0000000000
11294 -692.0000000000
11295 -691.0000000000
11306 -690.0000000000
11320 -689.0000000000
11337 -688.0000000000
11365 -687.0000000000
11384 -686.0000000000
11415 -685.0000000000
11434 -683.0000000000
11446 -682.0000000000
11460 -680.0000000000
11470 -679.0000000000
11490 -674.0000000000
11512 -673.0000000000
11544 -672.0000000000
11567 -669.0000000000
11585 -668.0000000000
11607 -667.0000000000
11631 -666.0000000000
11643 -665.0000000000
11646 -664.0000000000
11680 -663.0000000000
11694 -661.0000000000
11724 -660.0000000000
11744 -658.0000000000
11752 -657.0000000000
11802 -655.0000000000
11824 -652.0000000000
11841 -651.0000000000
11873 -650.0000000000
11893 -649.0000000000
11931 -647.0000000000
11956 -646.0000000000
11961 -645.0000000000
11979 -644.0000000000
12006 -643.0000000000
12044 -641.0000000000
12087 -639.0000000000
12116 -638.0000000000
12123 -637.0000000000
12141 -636.0000000000
12154 -635.0000000000
12172 -634.0000000000
12213 -633.0000000000
12226 -632.0000000000
12243 -631.0000000000
12260 -630.0000000000
12264 -629.0000000000
12283 -628.0000000000
12293 -627.0000000000
12298 -626.0000000000
12324 -624.0000000000
12367 -623.0000000000
12372 -622.0000000000
12388 -621.0000000000
12410 -620.0000000000
12420 -619.0000000000
12444 -617.0000000000
12466 -616.0000000000
12481 -615.0000000000
12499 -614.0000000000
12518 -612.0000000000
12541 -610.0000000000
12551 -609.0000000000
12552 -607.0000000000
12587 -605.0000000000
12627 -604.0000000000
12639 -603.0000000000
12641 -601.0000000000
12692 -600.0000000000
12722 -599.0000000000
12737 -596.0000000000
12739 -595.0000000000
12745 -594.0000000000
12760 -593.0000000000
12771 -592.0000000000
12811 -591.0000000000
12825 -589.0000000000
12831 -588.0000000000
12890 -584.0000000000
12938 -583.0000000000
12947 -582.0000000000
12955 -581.0000000000
12977 -579.0000000000
12982 -578.0000000000
13011 -577.0000000000
13025 -576.0000000000
13056 -575.0000000000
13061 -574.0000000000
13071 -573.0000000000
13079 -571.0000000000
13086 -569.0000000000
13116 -568.0000000000
13132 -567.0000000000
13134 -566.0000000000
13168 -565.0000000000
13188 -564.0000000000
13202 -563.0000000000
13214 -561.0000000000
13222 -560.0000000000
13269 -559.0000000000
13281 -558.0000000000
13318 -556.0000000000
13334 -555.0000000000
13345 -554.0000000000
13375 -553.0000000000
13383 -551.0000000000
13419 -549.0000000000
13445 -548.0000000000
13490 -547.0000000000
13510 -546.0000000000
13535 -545.0000000000
13542 -544.0000000000
13550 -543.0000000000
13563 -542.0000000000
13610 -541.0000000000
13633 -540.0000000000
13683 -539.0000000000
13716 -537.0000000000
13721 -536.0000000000
13746 -533.0000000000
13755 -532.0000000000
13781 -531.0000000000
13797 -530.0000000000
13829 -529.0000000000
13845 -528.0000000000
13851 -527.0000000000
13869 -526.0000000000
13877 -525.0000000000
13897 -524.0000000000
13920 -523.0000000000
13926 -522.0000000000
13929 -521.0000000000
13979 -520.0000000000
13988 -519.0000000000
13998 -518.0000000000
14036 -517.0000000000
14043 -516.0000000000
14044 -515.0000000000
14045 -514.0000000000
14071 -512.0000000000
14103 -511.0000000000
14114 -510.0000000000
14133 -509.0000000000
14151 -506.0000000000
14185 -505.0000000000
14213 -504.0000000000
14225 -503.0000000000
14266 -502.0000000000
14284 -501.0000000000
14346 -499.0000000000
14372 -497.0000000000
14382 -496.0000000000
14448 -495.0000000000
14454 -493.0000000000
14487 -492.0000000000
14502 -491.0000000000
14515 -490.0000000000
14527 -489.0000000000
14552 -487.0000000000
14582 -486.0000000000
14608 -484.0000000000
14642 -483.0000000000
14655 -481.0000000000
14681 -480.0000000000
14700 -479.0000000000
14729 -475.0000000000
14776 -474.0000000000
14791 -473.0000000000
14808 -472.0000000000
14844 -470.0000000000
14852 -469.0000000000
14871 -468.0000000000
14904 -466.0000000000
14936 -465.0000000000
14944 -464.0000000000
14948 -463.0000000000
14967 -462.0000000000
14969 -461.0000000000
14973 -460.0000000000
14989 -459.0000000000
15037 -458.0000000000
15038 -456.0000000000
15072 -455.0000000000
15127 -454.0000000000
15149 -453.0000000000
15178 -451.0000000000
15199 -450.0000000000
15232 -449.0000000000
15262 -448.0000000000
15293 -447.0000000000
15304 -445.0000000000
15351 -443.0000000000
15365 -442.0000000000
15409 -440.0000000000
15436 -439.0000000000
15486 -438.0000000000
15501 -437.0000000000
15532 -436.0000000000
15541 -435.0000000000
15558 -434.0000000000
15584 -433.0000000000
15608 -432.0000000000
15626 -431.0000000000
15662 -429.0000000000
15686 -428.0000000000
15695 -427.0000000000
15731 -426.0000000000
15755 -425.0000000000
15794 -424.0000000000
15812 -423.0000000000
15839 -421.0000000000
15841 -420.0000000000
15865 -419.0000000000
15873 -418.0000000000
15936 -417.0000000000
15953 -416.0000000000
15981 -415.0000000000
15985 -414.0000000000
16013 -413.0000000000
16028 -411.0000000000
16049 -410.0000000000
16077 -409.0000000000
16095 -408.0000000000
16112 -407.0000000000
16121 -406.0000000000
16161 -405.0000000000
16189 -404.0000000000
16215 -403.0000000000
16246 -402.0000000000
16257 -401.0000000000
16285 -400.0000000000
16309 -399.0000000000
16319 -397.0000000000
16342 -396.0000000000
16380 -394.0000000000
16422 -393.0000000000
16436 -391.0000000000
16478 -390.0000000000
16505 -388.0000000000
16524 -387.0000000000
16556 -386.0000000000
16582 -385.0000000000
16616 -382.0000000000
16625 -381.0000000000
16660 -379.0000000000
16725 -378.0000000000
16740 -375.0000000000
16792 -373.0000000000
16834 -372.0000000000
16841 -371.0000000000
16893 -369.0000000000
16972 -368.0000000000
16981 -366.0000000000
17017 -365.0000000000
17037 -364.0000000000
17059 -363.0000000000
17072 -362.0000000000
17091 -361.0000000000
17130 -360.0000000000
17161 -359.0000000000
17234 -358.0000000000
17242 -356.0000000000
17293 -355.0000000000
17302 -354.0000000000
17316 -353.0000000000
17365 -352.0000000000
17382 -351.0000000000
17393 -350.0000000000
17442 -348.0000000000
17469 -347.0000000000
17481 -346.0000000000
17502 -345.0000000000
17524 -344.0000000000
17547 -343.0000000000
17554 -342.0000000000
17572 -341.0000000000
17635 -338.0000000000
17667 -337.0000000000
17716 -336.0000000000
17734 -335.0000000000
17797 -334.0000000000
17823 -333.0000000000
17832 -332.0000000000
17854 -331.0000000000
17865 -330.0000000000
17879 -329.0000000000
17914 -328.0000000000
17922 -325.0000000000
17942 -324.0000000000
17970 -323.0000000000
18002 -322.0000000000
18047 -321.0000000000
18056 -320.0000000000
18074 -319.0000000000
18081 -318.0000000000
18155 -317.0000000000
18166 -316.0000000000
18230 -315.0000000000
18242 -314.0000000000
18298 -313.0000000000
18324 -312.0000000000
18355 -311.0000000000
18386 -310.0000000000
18399 -309.0000000000
18414 -308.0000000000
18421 -305.0000000000
18472 -304.0000000000
18508 -303.0000000000
18519 -302.0000000000
18541 -301.0000000000
18561 -300.0000000000
18603 -298.0000000000
18643 -297.0000000000
18653 -296.0000000000
18667 -295.0000000000
18679 -294.0000000000
18690 -292.0000000000
18766 -291.0000000000
18817 -289.0000000000
18821 -287.0000000000
18852 -286.0000000000
18870 -285.0000000000
18875 -284.0000000000
18898 -283.0000000000
18937 -281.0000000000
18994 -280.0000000000
19017 -279.0000000000
19022 -278.0000000000
19051 -277.0000000000
19084 -275.0000000000
19135 -274.0000000000
19183 -273.0000000000
19205 -272.0000000000
19231 -271.0000000000
19281 -269.0000000000
19296 -268.0000000000
19333 -267.0000000000
19351 -266.0000000000
19377 -265.0000000000
19406 -264.0000000000
19452 -263.0000000000
19467 -262.0000000000
19487 -261.0000000000
19517 -260.0000000000
19519 -259.0000000000
19557 -258.0000000000
19577 -257.0000000000
19603 -256.0000000000
19651 -255.0000000000
19683 -254.0000000000
19727 -252.0000000000
19811 -249.0000000000
19852 -248.0000000000
19896 -247.0000000000
19928 -246.0000000000
19947 -244.0000000000
19973 -243.0000000000
20067 -242.0000000000
20127 -241.0000000000
20151 -240.0000000000
20177 -237.0000000000
20226 -236.0000000000
20267 -235.0000000000
20401 -234.0000000000
20455 -232.0000000000
20479 -231.0000000000
20534 -230.0000000000
20578 -229.0000000000
20634 -228.0000000000
20675 -227.0000000000
20703 -223.0000000000
20727 -222.0000000000
20834 -221.0000000000
20869 -220.0000000000
20913 -219.0000000000
20954 -217.0000000000
21086 -216.0000000000
21143 -215.0000000000
21182 -214.0000000000
21202 -213.0000000000
21247 -210.0000000000
21337 -208.0000000000
21343 -207.0000000000
21407 -206.0000000000
21437 -205.0000000000
21489 -204.0000000000
21514 -203.0000000000
21561 -202.0000000000
21583 -201.0000000000
21607 -200.0000000000
21617 -199.0000000000
21641 -198.0000000000
21700 -196.0000000000
21769 -195.0000000000
21773 -194.0000000000
21824 -193.0000000000
21857 -191.0000000000
21876 -190.0000000000
21961 -189.0000000000
21975 -188.0000000000
22061 -187.0000000000
22072 -186.0000000000
22133 -185.0000000000
22146 -184.0000000000
22185 -183.0000000000
22231 -182.0000000000
22235 -181.0000000000
22265 -180.0000000000
22294 -179.0000000000
22314 -178.0000000000
22331 -177.0000000000
22352 -176.0000000000
22447 -175.0000000000
22471 -174.0000000000
22476 -173.0000000000
22535 -172.0000000000
22575 -171.0000000000
22590 -170.0000000000
22631 -169.0000000000
22680 -168.0000000000
22755 -166.0000000000
22826 -165.0000000000
22832 -163.0000000000
22936 -162.0000000000
22946 -161.0000000000
22994 -160.0000000000
23017 -159.0000000000
23024 -158.0000000000
23080 -157.0000000000
23104 -156.0000000000
23196 -155.0000000000
23215 -154.0000000000
23245 -153.0000000000
23275 -152.0000000000
23284 -151.0000000000
23413 -150.0000000000
23436 -149.0000000000
23449 -148.0000000000
23508 -147.0000000000
23569 -146.0000000000
23579 -145.0000000000
23641 -142.0000000000
23713 -141.0000000000
23802 -139.0000000000
23898 -137.0000000000
24004 -136.0000000000
24014 -135.0000000000
24093 -134.0000000000
24115 -133.0000000000
24172 -132.0000000000
24183 -131.0000000000
24225 -130.0000000000
24257 -129.0000000000
24313 -128.0000000000
24327 -127.0000000000
24434 -125.0000000000
24564 -123.0000000000
24647 -122.0000000000
24750 -121.0000000000
24802 -119.0000000000
24846 -118.0000000000
24904 -117.0000000000
24938 -116.0000000000
24952 -115.0000000000
24986 -114.0000000000
25016 -112.0000000000
25138 -111.0000000000
25156 -110.0000000000
25166 -109.0000000000
25229 -106.0000000000
25328 -105.0000000000
25362 -104.0000000000
25397 -103.0000000000
25459 -102.0000000000
25494 -100.0000000000
25638 -98.0000000000
25648 -97.0000000000
25844 -95.0000000000
25921 -94.0000000000
25986 -92.0000000000
26178 -91.0000000000
26233 -90.0000000000
26390 -89.0000000000
26456 -88.0000000000
26498 -87.0000000000
26567 -86.0000000000
26573 -85.0000000000
26778 -83.0000000000
26813 -81.0000000000
26896 -80.0000000000
26986 -79.0000000000
27000 -78.0000000000
27103 -77.0000000000
27138 -76.0000000000
27190 -74.0000000000
27228 -73.0000000000
27336 -72.0000000000
27543 -71.0000000000
27662 -70.0000000000
27767 -68.0000000000
27778 -67.0000000000
27860 -66.0000000000
27965 -63.0000000000
28055 -62.0000000000
28341 -61.0000000000
28425 -60.0000000000
28568 -59.0000000000
28579 -58.0000000000
28642 -55.0000000000
28862 -54.0000000000
28938 -52.0000000000
29107 -51.0000000000
29120 -50.0000000000
29187 -49.0000000000
29289 -48.0000000000
29812 -46.0000000000
30409 -45.0000000000
30473 -44.0000000000
30517 -43.0000000000
30628 -42.0000000000
30668 -41.0000000000
30875 -40.0000000000
31102 -39.0000000000
31134 -38.0000000000
31228 -37.0000000000
31345 -36.0000000000
31362 -35.0000000000
31382 -34.0000000000
31446 -33.0000000000
31509 -32.0000000000
31610 -31.0000000000
31762 -30.0000000000
32031 -29.0000000000
32160 -28.0000000000
32345 -27.0000000000
32379 -26.0000000000
32449 -25.0000000000
32473 -24.0000000000
33116 -23.0000000000
33190 -22.0000000000
33598 -21.0000000000
33748 -20.0000000000
33907 -19.0000000000
34027 -18.0000000000
34597 -17.0000000000
34952 -16.0000000000
35076 -15.0000000000
35094 -14.0000000000
35146 -13.0000000000
35228 -12.0000000000
35480 -11.0000000000
35799 -10.0000000000
36025 -8.0000000000
36192 -7.0000000000
36275 -6.0000000000
36378 -5.0000000000
36901 -4.0000000000
37769 -2.0000000000
38659 -1.0000000000
38888 65.2000000000
38973 67.2800000000
39009 71.0000000000
39024 73.0500000000
39185 73.7100000000
39231 74.5000000000
39273 80.4300000000
39319 87.8800000000
39364 91.1900000000
39417 105.2100000000
39573 112.6900000000
41216 121.1700000000
41695 129.8300000000
41843 138.2100000000
42112 144.9300000000
42563 155.3100000000
42699 155.5800000000
42933 163.4100000000
43167 163.8500000000
43263 168.4500000000
43866 170.8500000000
44043 171.2000000000
45202 174.4200000000
45715 229.7400000000
45907 233.0000000000
45911 234.6600000000
45928 239.7900000000
45988 243.4800000000
46029 244.4100000000
46362 250.3800000000
46452 270.9700000000
47429 276.2500000000
47470 283.5200000000
47571 291.2200000000
48431 292.4500000000
55943 293.8200000000
56159 300.5300000000
62263 304.4100000000
65101 307.0800000000
65116 310.9600000000
66582 313.3200000000
67610 315.6200000000
70922 316.1400000000
71502 316.2200000000
71930 318.0500000000
72443 320.9400000000
72645 325.3600000000
72785 329.6000000000
74100 343.2300000000
83445 347.2600000000
87864 347.4700000000
91006 348.6000000000
91099 355.3400000000
94252 355.7100000000
98379 404.6100000000
98472 411.1600000000
98635 415.5800000000
98667 419.6100000000
98915 427.7000000000
98958 443.4800000000
99118 450.6100000000
99840 556.6400000000
100000 -1.0000000000
evaluations raw_y
1 -1925.0000000000
12 -1924.0000000000
23 -1923.0000000000
25 -1919.0000000000
48 -1918.0000000000
52 -1917.0000000000
53 -1906.0000000000
63 -1905.0000000000
71 -1893.0000000000
89 -1886.0000000000
99 -1885.0000000000
100 -1880.0000000000
114 -1872.0000000000
138 -1870.0000000000
151 -1866.0000000000
160 -1864.0000000000
166 -1857.0000000000
184 -1856.0000000000
193 -1855.0000000000
206 -1854.0000000000
211 -1853.0000000000
223 -1852.0000000000
233 -1851.0000000000
247 -1850.0000000000
251 -1847.0000000000
270 -1845.0000000000
280 -1844.0000000000
287 -1843.0000000000
291 -1840.0000000000
305 -1839.0000000000
321 -1838.0000000000
328 -1836.0000000000
341 -1835.0000000000
351 -1833.0000000000
354 -1832.0000000000
364 -1830.0000000000
381 -1829.0000000000
402 -1826.0000000000
414 -1823.0000000000
435 -1822.0000000000
440 -1821.0000000000
447 -1820.0000000000
455 -1819.0000000000
458 -1818.0000000000
469 -1817.0000000000
487 -1816.0000000000
501 -1812.0000000000
521 -1810.0000000000
537 -1809.0000000000
541 -1808.0000000000
552 -1807.0000000000
564 -1806.0000000000
572 -1804.0000000000
583 -1803.0000000000
595 -1802.0000000000
602 -1801.0000000000
608 -1800.0000000000
615 -1798.0000000000
626 -1797.0000000000
638 -1796.0000000000
642 -1795.0000000000
646 -1794.0000000000
659 -1793.0000000000
665 -1789.0000000000
682 -1788.0000000000
695 -1787.0000000000
708 -1786.0000000000
713 -1785.0000000000
718 -1783.0000000000
733 -1782.0000000000
744 -1781.0000000000
753 -1780.0000000000
768 -1779.0000000000
778 -1778.0000000000
781 -1777.0000000000
788 -1776.0000000000
791 -1774.0000000000
813 -1773.0000000000
828 -1769.0000000000
846 -1768.0000000000
851 -1766.0000000000
882 -1764.0000000000
887 -1763.0000000000
891 -1762.0000000000
904 -1760.0000000000
914 -1759.0000000000
922 -1757.0000000000
941 -1756.0000000000
944 -1755.0000000000
961 -1754.0000000000
962 -1753.0000000000
972 -1752.0000000000
976 -1751.0000000000
983 -1749.0000000000
1023 -1748.0000000000
1033 -1747.0000000000
1041 -1746.0000000000
1044 -1745.0000000000
1053 -1742.0000000000
1067 -1740.0000000000
1075 -1739.0000000000
1082 -1738.0000000000
1094 -1734.0000000000
1128 -1733.0000000000
1137 -1732.0000000000
1141 -1731.0000000000
1156 -1729.0000000000
1161 -1727.0000000000
1168 -1726.0000000000
1182 -1722.0000000000
1192 -1721.0000000000
1211 -1720.0000000000
1220 -1719.0000000000
1227 -1718.0000000000
1233 -1715.0000000000
1253 -1714.0000000000
1263 -1713.0000000000
1271 -1712.0000000000
1272 -1710.0000000000
1284 -1709.0000000000
1285 -1706.0000000000
1312 -1705.0000000000
1331 -1704.0000000000
1345 -1702.0000000000
1365 -1701.0000000000
1366 -1700.0000000000
1380 -1699.0000000000
1393 -1698.0000000000
1403 -1696.0000000000
1427 -1691.0000000000
1454 -1689.0000000000
1464 -1688.0000000000
1474 -1687.0000000000
1492 -1686.0000000000
1495 -1685.0000000000
1501 -1684.0000000000
1502 -1683.0000000000
1535 -1682.0000000000
1540 -1680.0000000000
1541 -1679.0000000000
1554 -1677.0000000000
1561 -1676.0000000000
1571 -1672.0000000000
1595 -1671.0000000000
1604 -1669.0000000000
1623 -1668.0000000000
1625 -1667.0000000000
1655 -1665.0000000000
1662 -1664.0000000000
1671 -1663.0000000000
1682 -1662.0000000000
1690 -1661.0000000000
1700 -1660.0000000000
1702 -1659.0000000000
1710 -1658.0000000000
1722 -1657.0000000000
1725 -1655.0000000000
1740 -1653.0000000000
1743 -1652.0000000000
1773 -1651.0000000000
1777 -1650.0000000000
1778 -1649.0000000000
1793 -1648.0000000000
1803 -1647.0000000000
1816 -1646.0000000000
1827 -1644.0000000000
1836 -1643.0000000000
1838 -1642.0000000000
1845 -1641.0000000000
1850 -1639.0000000000
1852 -1637.0000000000
1871 -1636.0000000000
1884 -1635.0000000000
1892 -1634.0000000000
1900 -1631.0000000000
1904 -1630.0000000000
1916 -1629.0000000000
1928 -1628.0000000000
1934 -1627.0000000000
1947 -1625.0000000000
1955 -1624.0000000000
1963 -1622.0000000000
1972 -1621.0000000000
1989 -1620.0000000000
2002 -1619.0000000000
2017 -1616.0000000000
2026 -1615.0000000000
2034 -1613.0000000000
2041 -1611.0000000000
2063 -1610.0000000000
2072 -1609.0000000000
2076 -1608.0000000000
2081 -1607.0000000000
2095 -1606.0000000000
2113 -1605.0000000000
2114 -1604.0000000000
2119 -1603.0000000000
2123 -1600.0000000000
2131 -1599.0000000000
2141 -1598.0000000000
2144 -1597.0000000000
2164 -1596.0000000000
2171 -1595.0000000000
2174 -1594.0000000000
2188 -1593.0000000000
2193 -1591.0000000000
2207 -1590.0000000000
2214 -1589.0000000000
2231 -1587.0000000000
2234 -1586.0000000000
2241 -1585.0000000000
2248 -1584.0000000000
2261 -1581.0000000000
2280 -1578.0000000000
2300 -1577.0000000000
2310 -1576.0000000000
2314 -1575.0000000000
2321 -1574.0000000000
2329 -1573.0000000000
2331 -1572.0000000000
2342 -1570.0000000000
2352 -1568.0000000000
2372 -1567.0000000000
2382 -1564.0000000000
2402 -1563.0000000000
2415 -1562.0000000000
2420 -1561.0000000000
2437 -1557.0000000000
2458 -1556.0000000000
2461 -1553.0000000000
2473 -1552.0000000000
2483 -1547.0000000000
2501 -1545.0000000000
2516 -1544.0000000000
2519 -1543.0000000000
2529 -1542.0000000000
2531 -1538.0000000000
2544 -1537.0000000000
2552 -1536.0000000000
2565 -1535.0000000000
2567 -1533.0000000000
2578 -1532.0000000000
2587 -1531.0000000000
2591 -1530.0000000000
2592 -1529.0000000000
2594 -1527.0000000000
2611 -1526.0000000000
2626 -1525.0000000000
2629 -1523.0000000000
2645 -1522.0000000000
2655 -1520.0000000000
2669 -1518.0000000000
2681 -1516.0000000000
2693 -1515.0000000000
2708 -1514.0000000000
2714 -1512.0000000000
2733 -1510.0000000000
2741 -1509.0000000000
2757 -1507.0000000000
2762 -1506.0000000000
2777 -1505.0000000000
2784 -1502.0000000000
2802 -1501.0000000000
2809 -1499.0000000000
2816 -1498.0000000000
2822 -1496.0000000000
2827 -1495.0000000000
2841 -1493.0000000000
2862 -1491.0000000000
2875 -1489.0000000000
2898 -1488.0000000000
2905 -1486.0000000000
2923 -1485.0000000000
2932 -1483.0000000000
2939 -1482.0000000000
2945 -1480.0000000000
2955 -1479.0000000000
2962 -1478.0000000000
2971 -1477.0000000000
2982 -1475.0000000000
2992 -1474.0000000000
3021 -1473.0000000000
3023 -1472.0000000000
3033 -1471.0000000000
3043 -1470.0000000000
3055 -1469.0000000000
3067 -1468.0000000000
3071 -1467.0000000000
3085 -1466.0000000000
3089 -1463.0000000000
3105 -1462.0000000000
3113 -1460.0000000000
3130 -1459.0000000000
3131 -1458.0000000000
3141 -1457.0000000000
3169 -1454.0000000000
3205 -1452.0000000000
3215 -1450.0000000000
3251 -1449.0000000000
3261 -1447.0000000000
3266 -1445.0000000000
3274 -1444.0000000000
3282 -1443.0000000000
3293 -1441.0000000000
3306 -1438.0000000000
3330 -1437.0000000000
3341 -1436.0000000000
3363 -1435.0000000000
3369 -1434.0000000000
3381 -1433.0000000000
3397 -1432.0000000000
3398 -1431.0000000000
3399 -1430.0000000000
3413 -1429.0000000000
3420 -1427.0000000000
3441 -1426.0000000000
3444 -1425.0000000000
3463 -1424.0000000000
3472 -1422.0000000000
3477 -1421.0000000000
3500 -1420.0000000000
3504 -1419.0000000000
3518 -1417.0000000000
3525 -1416.0000000000
3544 -1415.0000000000
3553 -1413.0000000000
3563 -1412.0000000000
3570 -1411.0000000000
3582 -1410.0000000000
3594 -1409.0000000000
3623 -1408.0000000000
3625 -1407.0000000000
3632 -1406.0000000000
3672 -1404.0000000000
3701 -1402.0000000000
3715 -1401.0000000000
3733 -1400.0000000000
3751 -1398.0000000000
3770 -1396.0000000000
3778 -1395.0000000000
3785 -1393.0000000000
3797 -1392.0000000000
3800 -1391.0000000000
3816 -1390.0000000000
3822 -1389.0000000000
3836 -1388.0000000000
3841 -1387.0000000000
3857 -1386.0000000000
3864 -1385.0000000000
3874 -1383.0000000000
3885 -1382.0000000000
3888 -1381.0000000000
3889 -1380.0000000000
3912 -1378.0000000000
3934 -1374.0000000000
3962 -1372.0000000000
3976 -1370.0000000000
3989 -1368.0000000000
3991 -1367.0000000000
4011 -1366.0000000000
4031 -1364.0000000000
4044 -1363.0000000000
4054 -1362.0000000000
4072 -1360.0000000000
4080 -1359.0000000000
4081 -1358.0000000000
4098 -1356.0000000000
4112 -1355.0000000000
4120 -1354.0000000000
4152 -1352.0000000000
4164 -1351.0000000000
4167 -1350.0000000000
4183 -1347.0000000000
4194 -1346.0000000000
4202 -1344.0000000000
4211 -1342.0000000000
4214 -1341.0000000000
4231 -1340.0000000000
4243 -1339.0000000000
4253 -1338.0000000000
4254 -1337.0000000000
4256 -1336.0000000000
4282 -1333.0000000000
4293 -1332.0000000000
4294 -1330.0000000000
4302 -1329.0000000000
4323 -1328.0000000000
4325 -1327.0000000000
4349 -1326.0000000000
4351 -1325.0000000000
4364 -1324.0000000000
4384 -1322.0000000000
4393 -1321.0000000000
4408 -1320.0000000000
4420 -1318.0000000000
4428 -1317.0000000000
4432 -1316.0000000000
4442 -1315.0000000000
4450 -1314.0000000000
4464 -1313.0000000000
4481 -1312.0000000000
4483 -1311.0000000000
4497 -1309.0000000000
4504 -1307.0000000000
4538 -1306.0000000000
4546 -1305.0000000000
4550 -1304.0000000000
4552 -1303.0000000000
4557 -1302.0000000000
4574 -1299.0000000000
4591 -1298.0000000000
4606 -1295.0000000000
4622 -1294.0000000000
4632 -1293.0000000000
4641 -1292.0000000000
4648 -1291.0000000000
4661 -1289.0000000000
4687 -1288.0000000000
4703 -1287.0000000000
4706 -1286.0000000000
4719 -1285.0000000000
4726 -1284.0000000000
4732 -1283.0000000000
4742 -1282.0000000000
4751 -1281.0000000000
4767 -1280.0000000000
4768 -1279.0000000000
4777 -1278.0000000000
4789 -1277.0000000000
4808 -1276.0000000000
4812 -1275.0000000000
4835 -1274.0000000000
4841 -1273.0000000000
4844 -1270.0000000000
4874 -1269.0000000000
4882 -1268.0000000000
4894 -1267.0000000000
4907 -1266.0000000000
4924 -1265.0000000000
4932 -1264.0000000000
4936 -1263.0000000000
4948 -1261.0000000000
4958 -1260.0000000000
4965 -1258.0000000000
4975 -1257.0000000000
4984 -1255.0000000000
5004 -1253.0000000000
5032 -1251.0000000000
5058 -1249.0000000000
5061 -1248.0000000000
5071 -1247.0000000000
5076 -1246.0000000000
5096 -1245.0000000000
5107 -1244.0000000000
5121 -1241.0000000000
5131 -1240.0000000000
5139 -1239.0000000000
5160 -1238.0000000000
5161 -1237.0000000000
5174 -1236.0000000000
5193 -1234.0000000000
5195 -1233.0000000000
5206 -1232.0000000000
5212 -1231.0000000000
5232 -1230.0000000000
5243 -1229.0000000000
5268 -1227.0000000000
5273 -1225.0000000000
5298 -1222.0000000000
5309 -1221.0000000000
5333 -1219.0000000000
5342 -1218.0000000000
5351 -1217.0000000000
5353 -1216.0000000000
5375 -1215.0000000000
5383 -1214.0000000000
5391 -1213.0000000000
5404 -1210.0000000000
5425 -1209.0000000000
5438 -1208.0000000000
5445 -1207.0000000000
5464 -1206.0000000000
5471 -1205.0000000000
5485 -1204.0000000000
5503 -1203.0000000000
5506 -1199.0000000000
5511 -1198.0000000000
5535 -1196.0000000000
5542 -1195.0000000000
5574 -1193.0000000000
5589 -1192.0000000000
5592 -1191.0000000000
5603 -1190.0000000000
5611 -1189.0000000000
5635 -1188.0000000000
5649 -1185.0000000000
5666 -1184.0000000000
5667 -1183.0000000000
5686 -1181.0000000000
5705 -1179.0000000000
5722 -1177.0000000000
5744 -1176.0000000000
5752 -1175.0000000000
5770 -1174.0000000000
5773 -1173.0000000000
5779 -1172.0000000000
5795 -1171.0000000000
5811 -1170.0000000000
5814 -1169.0000000000
5826 -1168.0000000000
5828 -1167.0000000000
5856 -1163.0000000000
5891 -1161.0000000000
5916 -1160.0000000000
5925 -1159.0000000000
5934 -1158.0000000000
5941 -1157.0000000000
5955 -1155.0000000000
5985 -1154.0000000000
5989 -1151.0000000000
5998 -1149.0000000000
6021 -1148.0000000000
6035 -1147.0000000000
6055 -1146.0000000000
6076 -1145.0000000000
6099 -1144.0000000000
6117 -1143.0000000000
6139 -1141.0000000000
6143 -1139.0000000000
6165 -1134.0000000000
6192 -1132.0000000000
6201 -1131.0000000000
6210 -1130.0000000000
6213 -1129.0000000000
6225 -1128.0000000000
6242 -1127.0000000000
6247 -1126.0000000000
6276 -1125.0000000000
6288 -1124.0000000000
6296 -1123.0000000000
6302 -1122.0000000000
6303 -1121.0000000000
6315 -1120.0000000000
6332 -1119.0000000000
6361 -1117.0000000000
6369 -1116.0000000000
6373 -1114.0000000000
6391 -1113.0000000000
6395 -1112.0000000000
6405 -1110.0000000000
6414 -1109.0000000000
6421 -1105.0000000000
6459 -1104.0000000000
6466 -1103.0000000000
6476 -1102.0000000000
6490 -1100.0000000000
6507 -1099.0000000000
6512 -1098.0000000000
6526 -1097.0000000000
6531 -1096.0000000000
6542 -1094.0000000000
6572 -1093.0000000000
6575 -1092.0000000000
6585 -1091.0000000000
6623 -1089.0000000000
6643 -1087.0000000000
6659 -1086.0000000000
6660 -1085.0000000000
6680 -1084.0000000000
6683 -1082.0000000000
6694 -1081.0000000000
6740 -1080.0000000000
6741 -1078.0000000000
6761 -1077.0000000000
6793 -1076.0000000000
6803 -1073.0000000000
6824 -1070.0000000000
6873 -1069.0000000000
6877 -1068.0000000000
6894 -1066.0000000000
6902 -1063.0000000000
6931 -1062.0000000000
6933 -1061.0000000000
6946 -1060.0000000000
6960 -1059.0000000000
6963 -1057.0000000000
6974 -1056.0000000000
6996 -1054.0000000000
7011 -1052.0000000000
7040 -1051.0000000000
7044 -1050.0000000000
7061 -1049.0000000000
7080 -1048.0000000000
7085 -1046.0000000000
7093 -1045.0000000000
7113 -1043.0000000000
7123 -1042.0000000000
7132 -1041.0000000000
7148 -1040.0000000000
7151 -1039.0000000000
7171 -1036.0000000000
7204 -1034.0000000000
7215 -1033.0000000000
7238 -1032.0000000000
7250 -1030.0000000000
7256 -1029.0000000000
7274 -1028.0000000000
7282 -1026.0000000000
7308 -1025.0000000000
7314 -1024.0000000000
7325 -1023.0000000000
7335 -1022.0000000000
7338 -1021.0000000000
7343 -1020.0000000000
7359 -1019.0000000000
7364 -1018.0000000000
7377 -1016.0000000000
7384 -1015.0000000000
7409 -1013.0000000000
7415 -1012.0000000000
7423 -1011.0000000000
7444 -1010.0000000000
7452 -1006.0000000000
7481 -1004.0000000000
7497 -1002.0000000000
7524 -1001.0000000000
7548 -1000.0000000000
7555 -999.0000000000
7562 -998.0000000000
7593 -995.0000000000
7622 -992.0000000000
7639 -991.0000000000
7659 -990.0000000000
7661 -989.0000000000
7670 -988.0000000000
7678 -987.0000000000
7696 -985.0000000000
7720 -984.0000000000
7722 -983.0000000000
7733 -981.0000000000
7741 -980.0000000000
7755 -978.0000000000
7761 -977.0000000000
7771 -975.0000000000
7796 -974.0000000000
7806 -973.0000000000
7809 -971.0000000000
7811 -970.0000000000
7828 -969.0000000000
7837 -968.0000000000
7841 -965.0000000000
7874 -964.0000000000
7884 -963.0000000000
7890 -962.0000000000
7901 -960.0000000000
7922 -959.0000000000
7935 -958.0000000000
7952 -957.0000000000
7953 -955.0000000000
7965 -953.0000000000
7994 -952.0000000000
8012 -950.0000000000
8044 -948.0000000000
8061 -946.0000000000
8073 -945.0000000000
8092 -944.0000000000
8113 -943.0000000000
8123 -942.0000000000
8129 -941.0000000000
8147 -940.0000000000
8156 -939.0000000000
8161 -938.0000000000
8193 -936.0000000000
8208 -935.0000000000
8221 -933.0000000000
8242 -932.0000000000
8243 -931.0000000000
8284 -928.0000000000
8319 -927.0000000000
8328 -926.0000000000
8351 -925.0000000000
8367 -924.0000000000
8372 -923.0000000000
8380 -922.0000000000
8383 -921.0000000000
8395 -920.0000000000
8398 -919.0000000000
8413 -918.0000000000
8415 -917.0000000000
8427 -915.0000000000
8460 -913.0000000000
8476 -910.0000000000
8500 -909.0000000000
8515 -908.0000000000
8517 -907.0000000000
8538 -906.0000000000
8547 -904.0000000000
8552 -903.0000000000
8587 -902.0000000000
8600 -901.0000000000
8623 -900.0000000000
8640 -899.0000000000
8649 -897.0000000000
8681 -896.0000000000
8683 -895.0000000000
8687 -894.0000000000
8701 -893.0000000000
8704 -892.0000000000
8711 -891.0000000000
8726 -887.0000000000
8742 -886.0000000000
8755 -884.0000000000
8776 -883.0000000000
8781 -882.0000000000
8794 -880.0000000000
8827 -879.0000000000
8851 -878.0000000000
8866 -877.0000000000
8872 -876.0000000000
8891 -873.0000000000
8910 -871.0000000000
8912 -869.0000000000
8936 -868.0000000000
8939 -867.0000000000
8946 -866.0000000000
8954 -865.0000000000
8964 -864.0000000000
8988 -863.0000000000
9006 -862.0000000000
9023 -861.0000000000
9052 -859.0000000000
9064 -858.0000000000
9072 -857.0000000000
9076 -856.0000000000
9092 -855.0000000000
9109 -853.0000000000
9127 -852.0000000000
9135 -851.0000000000
9142 -850.0000000000
9192 -849.0000000000
9213 -848.0000000000
9226 -847.0000000000
9232 -846.0000000000
9296 -845.0000000000
9302 -844.0000000000
9316 -843.0000000000
9326 -842.0000000000
9343 -841.0000000000
9352 -840.0000000000
9362 -839.0000000000
9381 -836.0000000000
9403 -835.0000000000
9415 -833.0000000000
9433 -832.0000000000
9445 -831.0000000000
9454 -830.0000000000
9481 -829.0000000000
9493 -828.0000000000
9508 -826.0000000000
9515 -824.0000000000
9546 -822.0000000000
9558 -821.0000000000
9597 -817.0000000000
9647 -813.0000000000
9663 -811.0000000000
9700 -810.0000000000
9718 -808.0000000000
9729 -807.0000000000
9768 -806.0000000000
9782 -805.0000000000
9800 -803.0000000000
9841 -801.0000000000
9864 -800.0000000000
9880 -799.0000000000
9902 -798.0000000000
9924 -797.0000000000
9935 -796.0000000000
9951 -794.0000000000
9986 -793.0000000000
9987 -792.0000000000
9996 -791.0000000000
10010 -790.0000000000
10016 -789.0000000000
10021 -788.0000000000
10029 -787.0000000000
10034 -786.0000000000
10038 -785.0000000000
10052 -783.0000000000
10065 -782.0000000000
10082 -781.0000000000
10092 -780.0000000000
10118 -779.0000000000
10119 -778.0000000000
10126 -776.0000000000
10151 -774.0000000000
10181 -773.0000000000
10186 -772.0000000000
10194 -771.0000000000
10212 -770.0000000000
10243 -769.0000000000
10264 -766.0000000000
10281 -765.0000000000
10292 -764.0000000000
10301 -762.0000000000
10321 -760.0000000000
10334 -759.0000000000
10378 -756.0000000000
10418 -755.0000000000
10427 -754.0000000000
10451 -752.0000000000
10468 -750.0000000000
10472 -749.0000000000
10523 -748.0000000000
10535 -747.0000000000
10546 -746.0000000000
10563 -745.0000000000
10571 -744.0000000000
10599 -743.0000000000
10605 -742.0000000000
10611 -740.0000000000
10638 -739.0000000000
10646 -738.0000000000
10656 -737.0000000000
10679 -736.0000000000
10692 -735.0000000000
10699 -734.0000000000
10704 -733.0000000000
10731 -732.0000000000
10769 -730.0000000000
10775 -729.0000000000
10803 -727.0000000000
10853 -726.0000000000
10868 -723.0000000000
10880 -722.0000000000
10884 -721.0000000000
10892 -720.0000000000
10925 -719.0000000000
10954 -718.0000000000
10996 -717.0000000000
10998 -716.0000000000
11005 -715.0000000000
11015 -714.0000000000
11021 -711.0000000000
11061 -709.0000000000
11065 -706.0000000000
11109 -705.0000000000
11132 -704.0000000000
11151 -701.0000000000
11182 -700.0000000000
11207 -699.0000000000
11212 -698.0000000000
11221 -697.0000000000
11252 -696.0000000000
11255 -695.0000000000
11262 -694.0000000000
11283 -693.0000000000
11311 -692.0000000000
11328 -691.0000000000
11333 -689.0000000000
11353 -688.0000000000
11374 -686.0000000000
11384 -684.0000000000
11413 -683.0000000000
11421 -681.0000000000
11451 -679.0000000000
11453 -677.0000000000
11465 -676.0000000000
11508 -674.0000000000
11555 -672.0000000000
11563 -671.0000000000
11586 -670.0000000000
11606 -669.0000000000
11618 -668.0000000000
11631 -667.0000000000
11641 -666.0000000000
11671 -665.0000000000
11684 -664.0000000000
11710 -662.0000000000
11712 -661.0000000000
11717 -660.0000000000
11733 -658.0000000000
11761 -656.0000000000
11783 -653.0000000000
11816 -651.0000000000
11837 -650.0000000000
11841 -648.0000000000
11868 -647.0000000000
11881 -645.0000000000
11913 -644.0000000000
11932 -642.0000000000
11949 -641.0000000000
11977 -639.0000000000
11995 -638.0000000000
12016 -637.0000000000
12022 -636.0000000000
12039 -634.0000000000
12046 -633.0000000000
12060 -632.0000000000
12075 -631.0000000000
12085 -629.0000000000
12114 -628.0000000000
12135 -627.0000000000
12141 -624.0000000000
12181 -623.0000000000
12198 -622.0000000000
12214 -621.0000000000
12246 -620.0000000000
12253 -619.0000000000
12260 -618.0000000000
12284 -617.0000000000
12309 -616.0000000000
12328 -615.0000000000
12333 -614.0000000000
12356 -613.0000000000
12386 -612.0000000000
12406 -611.0000000000
12411 -610.0000000000
12425 -609.0000000000
12432 -608.0000000000
12456 -607.0000000000
12475 -605.0000000000
12500 -603.0000000000
12537 -601.0000000000
12564 -599.0000000000
12601 -598.0000000000
12617 -596.0000000000
12664 -594.0000000000
12684 -593.0000000000
12708 -591.0000000000
12728 -590.0000000000
12744 -586.0000000000
12756 -585.0000000000
12773 -583.0000000000
12789 -582.0000000000
12792 -581.0000000000
12822 -580.0000000000
12837 -578.0000000000
12853 -577.0000000000
12874 -575.0000000000
12899 -574.0000000000
12902 -573.0000000000
12929 -571.0000000000
12952 -570.0000000000
12964 -569.0000000000
12978 -567.0000000000
12981 -566.0000000000
13026 -565.0000000000
13074 -564.0000000000
13096 -561.0000000000
13124 -559.0000000000
13180 -558.0000000000
13194 -557.0000000000
13202 -556.0000000000
13217 -555.0000000000
13231 -554.0000000000
13251 -553.0000000000
13283 -551.0000000000
13316 -550.0000000000
13323 -549.0000000000
13328 -548.0000000000
13341 -547.0000000000
13356 -546.0000000000
13416 -545.0000000000
13418 -544.0000000000
13447 -543.0000000000
13451 -542.0000000000
13461 -540.0000000000
13483 -539.0000000000
13517 -537.0000000000
13532 -536.0000000000
13567 -535.0000000000
13599 -534.0000000000
13609 -533.0000000000
13625 -532.0000000000
13634 -531.0000000000
13653 -530.0000000000
13684 -529.0000000000
13686 -528.0000000000
13717 -527.0000000000
13721 -525.0000000000
13743 -524.0000000000
13752 -523.0000000000
13784 -522.0000000000
13793 -521.0000000000
13806 -520.0000000000
13815 -519.0000000000
13861 -518.0000000000
13872 -517.0000000000
13886 -516.0000000000
13921 -513.0000000000
13962 -511.0000000000
13985 -510.0000000000
13996 -509.0000000000
14012 -508.0000000000
14041 -507.0000000000
14081 -506.0000000000
14089 -505.0000000000
14110 -504.0000000000
14114 -503.0000000000
14168 -502.0000000000
14189 -501.0000000000
14202 -500.0000000000
14233 -499.0000000000
14250 -498.0000000000
14266 -496.0000000000
14277 -495.0000000000
14286 -493.0000000000
14293 -492.0000000000
14340 -490.0000000000
14342 -489.0000000000
14368 -488.0000000000
14427 -487.0000000000
14436 -486.0000000000
14472 -485.0000000000
14480 -483.0000000000
14482 -482.0000000000
14533 -481.0000000000
14539 -480.0000000000
14546 -479.0000000000
14562 -475.0000000000
14573 -474.0000000000
14604 -471.0000000000
14641 -470.0000000000
14685 -469.0000000000
14701 -468.0000000000
14703 -467.0000000000
14721 -466.0000000000
14731 -465.0000000000
14761 -464.0000000000
14785 -463.0000000000
14803 -462.0000000000
14814 -461.0000000000
14850 -458.0000000000
14922 -457.0000000000
14932 -456.0000000000
14963 -455.0000000000
15036 -454.0000000000
15065 -453.0000000000
15083 -452.0000000000
15133 -451.0000000000
15169 -450.0000000000
15182 -449.0000000000
15202 -448.0000000000
15211 -446.0000000000
15245 -445.0000000000
15262 -444.0000000000
15292 -443.0000000000
15314 -442.0000000000
15322 -441.0000000000
15362 -439.0000000000
15364 -438.0000000000
15402 -437.0000000000
15418 -436.0000000000
15425 -435.0000000000
15499 -434.0000000000
15558 -433.0000000000
15586 -431.0000000000
15592 -430.0000000000
15606 -429.0000000000
15619 -426.0000000000
15672 -425.0000000000
15687 -424.0000000000
15706 -423.0000000000
15735 -422.0000000000
15764 -421.0000000000
15806 -420.0000000000
15843 -419.0000000000
15881 -418.0000000000
15894 -417.0000000000
15928 -416.0000000000
15977 -415.0000000000
16015 -414.0000000000
16031 -413.0000000000
16058 -412.0000000000
16072 -411.0000000000
16094 -410.0000000000
16134 -408.0000000000
16162 -407.0000000000
16171 -406.0000000000
16194 -405.0000000000
16253 -404.0000000000
16291 -403.0000000000
16326 -402.0000000000
16342 -401.0000000000
16360 -399.0000000000
16404 -398.0000000000
16449 -397.0000000000
16484 -394.0000000000
16508 -393.0000000000
16545 -392.0000000000
16561 -391.0000000000
16575 -390.0000000000
16608 -389.0000000000
16615 -388.0000000000
16637 -387.0000000000
16645 -386.0000000000
16683 -385.0000000000
16684 -384.0000000000
16711 -383.0000000000
16728 -382.0000000000
16751 -380.0000000000
16792 -379.0000000000
16811 -377.0000000000
16831 -375.0000000000
16908 -374.0000000000
16911 -373.0000000000
16934 -371.0000000000
16982 -370.0000000000
16999 -368.0000000000
17064 -367.0000000000
17112 -366.0000000000
17122 -364.0000000000
17173 -363.0000000000
17193 -362.0000000000
17221 -360.0000000000
17265 -359.0000000000
17283 -358.0000000000
17322 -357.0000000000
17353 -356.0000000000
17375 -355.0000000000
17396 -354.0000000000
17418 -353.0000000000
17424 -351.0000000000
17470 -349.0000000000
17513 -348.0000000000
17536 -347.0000000000
17551 -346.0000000000
17573 -344.0000000000
17590 -343.0000000000
17609 -341.0000000000
17648 -340.0000000000
17679 -339.0000000000
17701 -338.0000000000
17720 -337.0000000000
17773 -336.0000000000
17795 -335.0000000000
17841 -334.0000000000
17865 -333.0000000000
17897 -332.0000000000
17911 -330.0000000000
17938 -329.0000000000
17952 -328.0000000000
17984 -327.0000000000
18027 -325.0000000000
18104 -323.0000000000
18134 -322.0000000000
18156 -321.0000000000
18192 -320.0000000000
18196 -319.0000000000
18212 -318.0000000000
18297 -317.0000000000
18344 -315.0000000000
18356 -314.0000000000
18361 -313.0000000000
18423 -312.0000000000
18463 -311.0000000000
18507 -310.0000000000
18517 -309.0000000000
18539 -308.0000000000
18573 -307.0000000000
18594 -304.0000000000
18623 -303.0000000000
18651 -302.0000000000
18677 -301.0000000000
18731 -300.0000000000
18756 -299.0000000000
18778 -297.0000000000
18806 -295.0000000000
18895 -294.0000000000
18961 -293.0000000000
18973 -292.0000000000
18997 -291.0000000000
19010 -290.0000000000
19023 -288.0000000000
19078 -287.0000000000
19115 -285.0000000000
19169 -284.0000000000
19181 -283.0000000000
19207 -282.0000000000
19231 -281.0000000000
19287 -280.0000000000
19317 -278.0000000000
19327 -277.0000000000
19343 -276.0000000000
19364 -274.0000000000
19401 -273.0000000000
19412 -272.0000000000
19452 -271.0000000000
19454 -270.0000000000
19561 -269.0000000000
19591 -268.0000000000
19619 -267.0000000000
19651 -266.0000000000
19688 -265.0000000000
19691 -264.0000000000
19724 -263.0000000000
19737 -262.0000000000
19792 -261.0000000000
19820 -259.0000000000
19851 -258.0000000000
19894 -256.0000000000
19934 -255.0000000000
19976 -254.0000000000
20009 -253.0000000000
20072 -251.0000000000
20100 -250.0000000000
20141 -249.0000000000
20203 -248.0000000000
20229 -247.0000000000
20233 -246.0000000000
20239 -245.0000000000
20288 -244.0000000000
20310 -242.0000000000
20374 -241.0000000000
20387 -240.0000000000
20429 -239.0000000000
20451 -238.0000000000
20519 -237.0000000000
20527 -236.0000000000
20554 -234.0000000000
20624 -233.0000000000
20704 -232.0000000000
20722 -231.0000000000
20743 -229.0000000000
20800 -228.0000000000
20831 -227.0000000000
20904 -226.0000000000
20917 -225.0000000000
20941 -223.0000000000
21019 -222.0000000000
21045 -221.0000000000
21081 -220.0000000000
21146 -219.0000000000
21166 -218.0000000000
21228 -217.0000000000
21247 -216.0000000000
21271 -215.0000000000
21327 -214.0000000000
21338 -212.0000000000
21372 -211.0000000000
21542 -208.0000000000
21681 -207.0000000000
21714 -206.0000000000
21851 -205.0000000000
21870 -204.0000000000
21878 -203.0000000000
21996 -202.0000000000
22051 -201.0000000000
22107 -200.0000000000
22186 -198.0000000000
22251 -197.0000000000
22275 -196.0000000000
22307 -195.0000000000
22349 -194.0000000000
22352 -193.0000000000
22372 -191.0000000000
22411 -190.0000000000
22428 -189.0000000000
22481 -188.0000000000
22552 -186.0000000000
22580 -185.0000000000
22656 -184.0000000000
22663 -183.0000000000
22703 -181.0000000000
22719 -180.0000000000
22741 -178.0000000000
22828 -177.0000000000
22851 -176.0000000000
22854 -174.0000000000
22944 -173.0000000000
22974 -172.0000000000
22986 -171.0000000000
23011 -170.0000000000
23069 -168.0000000000
23097 -167.0000000000
23125 -166.0000000000
23146 -165.0000000000
23189 -164.0000000000
23227 -163.0000000000
23272 -162.0000000000
23318 -161.0000000000
23361 -160.0000000000
23376 -159.0000000000
23393 -158.0000000000
23485 -157.0000000000
23578 -155.0000000000
23636 -154.0000000000
23646 -153.0000000000
23679 -152.0000000000
23698 -151.0000000000
23704 -150.0000000000
23803 -149.0000000000
23864 -148.0000000000
23931 -147.0000000000
23966 -146.0000000000
23986 -142.0000000000
24031 -141.0000000000
24108 -140.0000000000
24151 -138.0000000000
24238 -137.0000000000
24308 -134.0000000000
24377 -132.0000000000
24420 -131.0000000000
24471 -130.0000000000
24570 -129.0000000000
24604 -128.0000000000
24616 -127.0000000000
24621 -126.0000000000
24676 -125.0000000000
24730 -124.0000000000
24769 -123.0000000000
24835 -122.0000000000
24968 -121.0000000000
24989 -120.0000000000
25043 -119.0000000000
25112 -118.0000000000
25148 -117.0000000000
25178 -116.0000000000
25235 -115.0000000000
25347 -114.0000000000
25406 -112.0000000000
25469 -111.0000000000
25557 -110.0000000000
25635 -109.0000000000
25669 -108.0000000000
25717 -107.0000000000
25771 -106.0000000000
25832 -105.0000000000
25880 -103.0000000000
25976 -102.0000000000
26055 -101.0000000000
26096 -100.0000000000
26201 -98.0000000000
26352 -97.0000000000
26390 -96.0000000000
26448 -95.0000000000
26498 -94.0000000000
26531 -93.0000000000
26552 -91.0000000000
26613 -89.0000000000
26638 -88.0000000000
26782 -87.0000000000
26939 -86.0000000000
27015 -85.0000000000
27034 -84.0000000000
27089 -83.0000000000
27134 -82.0000000000
27149 -81.0000000000
27258 -80.0000000000
27282 -79.0000000000
27333 -77.0000000000
27408 -76.0000000000
27448 -75.0000000000
27687 -74.0000000000
27995 -73.0000000000
28051 -72.0000000000
28085 -71.0000000000
28124 -70.0000000000
28217 -69.0000000000
28251 -68.0000000000
28274 -67.0000000000
28472 -66.0000000000
28488 -64.0000000000
28618 -63.0000000000
28637 -61.0000000000
28699 -60.0000000000
28842 -59.0000000000
28878 -58.0000000000
28958 -57.0000000000
29049 -56.0000000000
29126 -55.0000000000
29166 -54.0000000000
29374 -53.0000000000
29605 -51.0000000000
29679 -50.0000000000
29753 -49.0000000000
29796 -48.0000000000
29943 -47.0000000000
30027 -46.0000000000
30154 -45.0000000000
30304 -44.0000000000
30326 -43.0000000000
30380 -42.0000000000
30544 -41.0000000000
30697 -40.0000000000
30790 -39.0000000000
30838 -38.0000000000
30841 -37.0000000000
31082 -36.0000000000
31412 -35.0000000000
31716 -34.0000000000
31899 -33.0000000000
31912 -32.0000000000
32176 -31.0000000000
32437 -30.0000000000
32640 -29.0000000000
32737 -28.0000000000
32861 -27.0000000000
32944 -26.0000000000
33187 -25.0000000000
33262 -24.0000000000
33352 -23.0000000000
33436 -22.0000000000
33472 -21.0000000000
33603 -20.0000000000
34239 -19.0000000000
34432 -18.0000000000
34867 -17.0000000000
34995 -16.0000000000
35450 -15.0000000000
35738 -13.0000000000
36270 -12.0000000000
36517 -11.0000000000
36658 -10.0000000000
36689 -9.0000000000
36901 -8.0000000000
37182 -7.0000000000
37381 -6.0000000000
37513 -5.0000000000
38124 -4.0000000000
38770 -3.0000000000
39079 -2.0000000000
39456 71.2500000000
39864 72.0200000000
39932 76.2700000000
40118 77.3300000000
40123 83.9500000000
45059 85.1200000000
45061 86.3900000000
45104 90.0200000000
45217 99.4700000000
45558 102.2500000000
45808 103.6500000000
45839 117.5500000000
45860 190.5200000000
46672 190.8100000000
46729 194.0200000000
46739 194.3800000000
46841 197.1800000000
47021 202.3000000000
47066 205.3100000000
48099 206.7800000000
48823 208.6600000000
48927 318.8300000000
50916 342.3100000000
51067 352.3600000000
51160 384.9800000000
57346 396.1900000000
57374 397.8000000000
57451 405.3400000000
57556 414.1500000000
59400 415.5600000000
60027 419.6700000000
60392 431.0700000000
60400 439.0100000000
61046 444.0200000000
61267 445.0300000000
61351 453.1800000000
62460 560.8000000000
65836 571.0200000000
65886 575.7600000000
66109 577.7000000000
66297 582.8300000000
66637 583.8200000000
67009 586.5200000000
67114 592.5300000000
74461 599.2900000000
88050 600.9800000000
92215 708.6000000000
99199 717.1000000000
99463 730.8000000000
99915 732.9300000000
100000 -1.0000000000
evaluations raw_y
1 -2075.0000000000
2 -1935.0000000000
14 -1934.0000000000
43 -1914.0000000000
52 -1912.0000000000
72 -1907.0000000000
74 -1905.0000000000
83 -1904.0000000000
84 -1896.0000000000
91 -1885.0000000000
101 -1884.0000000000
111 -1882.0000000000
112 -1878.0000000000
123 -1875.0000000000
133 -1873.0000000000
142 -1872.0000000000
154 -1870.0000000000
159 -1865.0000000000
175 -1862.0000000000
188 -1861.0000000000
194 -1859.0000000000
214 -1857.0000000000
217 -1855.0000000000
234 -1853.0000000000
240 -1851.0000000000
264 -1850.0000000000
283 -1847.0000000000
286 -1846.0000000000
307 -1845.0000000000
329 -1844.0000000000
332 -1843.0000000000
339 -1842.0000000000
353 -1841.0000000000
356 -1840.0000000000
363 -1839.0000000000
373 -1836.0000000000
384 -1834.0000000000
397 -1833.0000000000
407 -1829.0000000000
428 -1828.0000000000
442 -1827.0000000000
447 -1826.0000000000
454 -1825.0000000000
457 -1824.0000000000
480 -1822.0000000000
487 -1820.0000000000
502 -1819.0000000000
505 -1818.0000000000
511 -1817.0000000000
512 -1816.0000000000
532 -1814.0000000000
543 -1813.0000000000
544 -1812.0000000000
554 -1808.0000000000
566 -1807.0000000000
573 -1805.0000000000
574 -1804.0000000000
590 -1802.0000000000
599 -1801.0000000000
611 -1800.0000000000
629 -1798.0000000000
640 -1797.0000000000
651 -1796.0000000000
663 -1795.0000000000
671 -1793.0000000000
672 -1792.0000000000
682 -1791.0000000000
693 -1789.0000000000
701 -1788.0000000000
702 -1786.0000000000
713 -1783.0000000000
743 -1782.0000000000
745 -1781.0000000000
755 -1780.0000000000
762 -1779.0000000000
764 -1777.0000000000
788 -1776.0000000000
803 -1775.0000000000
811 -1774.0000000000
815 -1773.0000000000
822 -1770.0000000000
837 -1768.0000000000
857 -1767.0000000000
868 -1765.0000000000
875 -1763.0000000000
884 -1762.0000000000
894 -1761.0000000000
901 -1760.0000000000
911 -1759.0000000000
928 -1756.0000000000
942 -1755.0000000000
963 -1754.0000000000
965 -1751.0000000000
971 -1750.0000000000
973 -1749.0000000000
984 -1747.0000000000
993 -1745.0000000000
1010 -1743.0000000000
1015 -1740.0000000000
1025 -1739.0000000000
1055 -1738.0000000000
1056 -1737.0000000000
1058 -1736.0000000000
1061 -1733.0000000000
1075 -1732.0000000000
1086 -1730.0000000000
1091 -1729.0000000000
1109 -1728.0000000000
1120 -1727.0000000000
1123 -1725.0000000000
1128 -1724.0000000000
1135 -1723.0000000000
1140 -1721.0000000000
1154 -1720.0000000000
1155 -1719.0000000000
1162 -1716.0000000000
1173 -1715.0000000000
1187 -1714.0000000000
1201 -1713.0000000000
1218 -1712.0000000000
1221 -1708.0000000000
1242 -1705.0000000000
1251 -1704.0000000000
1261 -1703.0000000000
1263 -1702.0000000000
1272 -1701.0000000000
1280 -1698.0000000000
1301 -1697.0000000000
1322 -1696.0000000000
1333 -1695.0000000000
1351 -1693.0000000000
1361 -1692.0000000000
1362 -1691.0000000000
1375 -1690.0000000000
1381 -1687.0000000000
1398 -1686.0000000000
1403 -1685.0000000000
1420 -1682.0000000000
1450 -1680.0000000000
1452 -1679.0000000000
1463 -1677.0000000000
1464 -1676.0000000000
1479 -1675.0000000000
1484 -1672.0000000000
1493 -1671.0000000000
1519 -1669.0000000000
1522 -1667.0000000000
1534 -1666.0000000000
1551 -1665.0000000000
1553 -1663.0000000000
1562 -1662.0000000000
1584 -1661.0000000000
1591 -1659.0000000000
1614 -1658.0000000000
1616 -1657.0000000000
1620 -1656.0000000000
1629 -1653.0000000000
1641 -1652.0000000000
1656 -1650.0000000000
1672 -1648.0000000000
1684 -1647.0000000000
1705 -1643.0000000000
1717 -1642.0000000000
1734 -1641.0000000000
1737 -1640.0000000000
1743 -1638.0000000000
1764 -1635.0000000000
1772 -1634.0000000000
1784 -1633.0000000000
1798 -1632.0000000000
1804 -1631.0000000000
1807 -1630.0000000000
1815 -1628.0000000000
1838 -1627.0000000000
1841 -1626.0000000000
1857 -1625.0000000000
1871 -1624.0000000000
1882 -1623.0000000000
1885 -1622.0000000000
1892 -1621.0000000000
1898 -1620.0000000000
1901 -1619.0000000000
1902 -1617.0000000000
1927 -1615.0000000000
1936 -1614.0000000000
1942 -1611.0000000000
1968 -1610.0000000000
1981 -1609.0000000000
1994 -1607.0000000000
2003 -1605.0000000000
2029 -1604.0000000000
2033 -1603.0000000000
2047 -1601.0000000000
2061 -1600.0000000000
2074 -1599.0000000000
2082 -1598.0000000000
2101 -1596.0000000000
2111 -1594.0000000000
2131 -1593.0000000000
2140 -1592.0000000000
2142 -1591.0000000000
2143 -1590.0000000000
2151 -1589.0000000000
2156 -1588.0000000000
2173 -1583.0000000000
2181 -1582.0000000000
2195 -1581.0000000000
2213 -1579.0000000000
2230 -1576.0000000000
2232 -1575.0000000000
2263 -1573.0000000000
2281 -1572.0000000000
2285 -1570.0000000000
2309 -1569.0000000000
2312 -1568.0000000000
2323 -1567.0000000000
2326 -1564.0000000000
2345 -1563.0000000000
2350 -1561.0000000000
2381 -1556.0000000000
2394 -1555.0000000000
2403 -1554.0000000000
2417 -1553.0000000000
2422 -1552.0000000000
2436 -1550.0000000000
2447 -1547.0000000000
2468 -1545.0000000000
2483 -1544.0000000000
2485 -1542.0000000000
2498 -1541.0000000000
2510 -1540.0000000000
2525 -1539.0000000000
2529 -1538.0000000000
2546 -1535.0000000000
2556 -1534.0000000000
2578 -1533.0000000000
2582 -1532.0000000000
2583 -1531.0000000000
2591 -1529.0000000000
2612 -1528.0000000000
2614 -1527.0000000000
2622 -1525.0000000000
2624 -1524.0000000000
2649 -1522.0000000000
2668 -1521.0000000000
2670 -1520.0000000000
2689 -1519.0000000000
2696 -1518.0000000000
2702 -1517.0000000000
2704 -1516.0000000000
2727 -1515.0000000000
2734 -1513.0000000000
2754 -1512.0000000000
2782 -1510.0000000000
2792 -1509.0000000000
2801 -1506.0000000000
2813 -1504.0000000000
2821 -1503.0000000000
2833 -1502.0000000000
2834 -1500.0000000000
2851 -1499.0000000000
2872 -1498.0000000000
2887 -1492.0000000000
2908 -1491.0000000000
2912 -1488.0000000000
2923 -1487.0000000000
2947 -1486.0000000000
2954 -1485.0000000000
2961 -1484.0000000000
2962 -1483.0000000000
2976 -1479.0000000000
2995 -1478.0000000000
3003 -1475.0000000000
3022 -1472.0000000000
3046 -1469.0000000000
3084 -1468.0000000000
3086 -1467.0000000000
3090 -1466.0000000000
3103 -1465.0000000000
3115 -1464.0000000000
3120 -1460.0000000000
3129 -1459.0000000000
3139 -1458.0000000000
3143 -1457.0000000000
3167 -1456.0000000000
3172 -1455.0000000000
3192 -1454.0000000000
3202 -1453.0000000000
3209 -1452.0000000000
3216 -1451.0000000000
3226 -1450.0000000000
3237 -1448.0000000000
3265 -1447.0000000000
3289 -1445.0000000000
3300 -1443.0000000000
3316 -1441.0000000000
3328 -1440.0000000000
3351 -1439.0000000000
3353 -1438.0000000000
3358 -1437.0000000000
3367 -1435.0000000000
3383 -1434.0000000000
3395 -1433.0000000000
3414 -1432.0000000000
3419 -1431.0000000000
3422 -1430.0000000000
3430 -1427.0000000000
3441 -1423.0000000000
3457 -1420.0000000000
3481 -1418.0000000000
3494 -1417.0000000000
3513 -1416.0000000000
3517 -1414.0000000000
3524 -1413.0000000000
3533 -1411.0000000000
3549 -1410.0000000000
3558 -1407.0000000000
3589 -1405.0000000000
3591 -1403.0000000000
3617 -1402.0000000000
3652 -1401.0000000000
3662 -1399.0000000000
3673 -1398.0000000000
3677 -1396.0000000000
3684 -1393.0000000000
3691 -1392.0000000000
3704 -1390.0000000000
3736 -1387.0000000000
3756 -1386.0000000000
3763 -1384.0000000000
3772 -1383.0000000000
3773 -1382.0000000000
3784 -1381.0000000000
3802 -1378.0000000000
3836 -1377.0000000000
3846 -1375.0000000000
3868 -1373.0000000000
3878 -1372.0000000000
3899 -1371.0000000000
3903 -1365.0000000000
3934 -1363.0000000000
3939 -1362.0000000000
3942 -1360.0000000000
3946 -1358.0000000000
3963 -1357.0000000000
3971 -1356.0000000000
3991 -1355.0000000000
4007 -1354.0000000000
4012 -1353.0000000000
4021 -1352.0000000000
4024 -1351.0000000000
4027 -1350.0000000000
4038 -1347.0000000000
4074 -1346.0000000000
4083 -1345.0000000000
4085 -1342.0000000000
4101 -1341.0000000000
4114 -1340.0000000000
4117 -1339.0000000000
4122 -1336.0000000000
4152 -1335.0000000000
4156 -1334.0000000000
4165 -1333.0000000000
4180 -1332.0000000000
4192 -1331.0000000000
4193 -1329.0000000000
4211 -1328.0000000000
4228 -1327.0000000000
4234 -1325.0000000000
4251 -1324.0000000000
4269 -1323.0000000000
4285 -1322.0000000000
4302 -1320.0000000000
4318 -1317.0000000000
4338 -1316.0000000000
4357 -1315.0000000000
4358 -1314.0000000000
4370 -1313.0000000000
4378 -1312.0000000000
4381 -1310.0000000000
4395 -1309.0000000000
4422 -1308.0000000000
4431 -1306.0000000000
4435 -1305.0000000000
4444 -1304.0000000000
4457 -1300.0000000000
4472 -1299.0000000000
4494 -1297.0000000000
4513 -1296.0000000000
4522 -1293.0000000000
4544 -1292.0000000000
4550 -1291.0000000000
4563 -1289.0000000000
4571 -1287.0000000000
4590 -1286.0000000000
4592 -1285.0000000000
4615 -1284.0000000000
4624 -1280.0000000000
4652 -1278.0000000000
4675 -1277.0000000000
4687 -1276.0000000000
4704 -1275.0000000000
4728 -1273.0000000000
4746 -1271.0000000000
4763 -1269.0000000000
4767 -1268.0000000000
4782 -1266.0000000000
4810 -1265.0000000000
4839 -1263.0000000000
4841 -1262.0000000000
4868 -1261.0000000000
4874 -1259.0000000000
4887 -1258.0000000000
4900 -1257.0000000000
4902 -1256.0000000000
4907 -1253.0000000000
4921 -1252.0000000000
4938 -1251.0000000000
4941 -1248.0000000000
4951 -1247.0000000000
4972 -1246.0000000000
4981 -1245.0000000000
4988 -1244.0000000000
5000 -1243.0000000000
5015 -1242.0000000000
5022 -1241.0000000000
5044 -1239.0000000000
5057 -1238.0000000000
5062 -1236.0000000000
5083 -1234.0000000000
5093 -1233.0000000000
5104 -1232.0000000000
5111 -1230.0000000000
5125 -1228.0000000000
5157 -1226.0000000000
5169 -1225.0000000000
5182 -1224.0000000000
5196 -1223.0000000000
5210 -1221.0000000000
5227 -1219.0000000000
5235 -1218.0000000000
5242 -1217.0000000000
5271 -1216.0000000000
5275 -1214.0000000000
5281 -1212.0000000000
5293 -1211.0000000000
5305 -1210.0000000000
5320 -1208.0000000000
5351 -1207.0000000000
5358 -1206.0000000000
5369 -1204.0000000000
5372 -1203.0000000000
5390 -1202.0000000000
5394 -1201.0000000000
5404 -1199.0000000000
5421 -1197.0000000000
5441 -1196.0000000000
5449 -1195.0000000000
5462 -1194.0000000000
5465 -1193.0000000000
5479 -1192.0000000000
5498 -1191.0000000000
5503 -1188.0000000000
5508 -1187.0000000000
5530 -1186.0000000000
5532 -1184.0000000000
5561 -1183.0000000000
5581 -1181.0000000000
5591 -1180.0000000000
5607 -1177.0000000000
5622 -1176.0000000000
5640 -1175.0000000000
5643 -1174.0000000000
5654 -1173.0000000000
5675 -1171.0000000000
5687 -1169.0000000000
5702 -1167.0000000000
5729 -1166.0000000000
5734 -1165.0000000000
5762 -1163.0000000000
5793 -1161.0000000000
5817 -1159.0000000000
5841 -1158.0000000000
5842 -1157.0000000000
5864 -1156.0000000000
5868 -1155.0000000000
5874 -1154.0000000000
5878 -1153.0000000000
5901 -1152.0000000000
5921 -1151.0000000000
5923 -1150.0000000000
5943 -1148.0000000000
5963 -1145.0000000000
5985 -1144.0000000000
5992 -1142.0000000000
6025 -1140.0000000000
6037 -1138.0000000000
6051 -1137.0000000000
6056 -1136.0000000000
6090 -1135.0000000000
6100 -1134.0000000000
6105 -1133.0000000000
6126 -1131.0000000000
6132 -1129.0000000000
6166 -1128.0000000000
6171 -1127.0000000000
6190 -1126.0000000000
6193 -1125.0000000000
6201 -1124.0000000000
6214 -1123.0000000000
6222 -1120.0000000000
6231 -1119.0000000000
6244 -1117.0000000000
6265 -1116.0000000000
6298 -1115.0000000000
6327 -1114.0000000000
6330 -1113.0000000000
6334 -1112.0000000000
6351 -1111.0000000000
6361 -1109.0000000000
6374 -1108.0000000000
6382 -1106.0000000000
6397 -1105.0000000000
6419 -1103.0000000000
6437 -1101.0000000000
6457 -1100.0000000000
6474 -1099.0000000000
6481 -1097.0000000000
6514 -1093.0000000000
6551 -1092.0000000000
6574 -1091.0000000000
6599 -1090.0000000000
6630 -1089.0000000000
6651 -1088.0000000000
6663 -1086.0000000000
6688 -1085.0000000000
6692 -1084.0000000000
6702 -1082.0000000000
6724 -1081.0000000000
6732 -1080.0000000000
6745 -1079.0000000000
6767 -1078.0000000000
6774 -1076.0000000000
6787 -1075.0000000000
6804 -1074.0000000000
6815 -1073.0000000000
6821 -1071.0000000000
6832 -1069.0000000000
6851 -1068.0000000000
6868 -1067.0000000000
6883 -1065.0000000000
6910 -1064.0000000000
6925 -1062.0000000000
6946 -1061.0000000000
6964 -1060.0000000000
6976 -1059.0000000000
7004 -1058.0000000000
7014 -1056.0000000000
7046 -1054.0000000000
7061 -1053.0000000000
7065 -1052.0000000000
7073 -1051.0000000000
7084 -1050.0000000000
7100 -1049.0000000000
7117 -1048.0000000000
7126 -1047.0000000000
7133 -1043.0000000000
7167 -1042.0000000000
7171 -1040.0000000000
7187 -1039.0000000000
7192 -1038.0000000000
7212 -1037.0000000000
7222 -1036.0000000000
7224 -1035.0000000000
7243 -1033.0000000000
7268 -1032.0000000000
7275 -1031.0000000000
7287 -1030.0000000000
7288 -1029.0000000000
7303 -1028.0000000000
7315 -1027.0000000000
7325 -1026.0000000000
7327 -1024.0000000000
7338 -1023.0000000000
7358 -1022.0000000000
7375 -1021.0000000000
7381 -1019.0000000000
7397 -1018.0000000000
7399 -1017.0000000000
7406 -1016.0000000000
7422 -1015.0000000000
7432 -1014.0000000000
7451 -1013.0000000000
7462 -1011.0000000000
7471 -1010.0000000000
7485 -1009.0000000000
7497 -1008.0000000000
7501 -1007.0000000000
7514 -1006.0000000000
7529 -1004.0000000000
7531 -1002.0000000000
7543 -1001.0000000000
7548 -999.0000000000
7553 -998.0000000000
7598 -996.0000000000
7609 -995.0000000000
7639 -993.0000000000
7653 -992.0000000000
7673 -989.0000000000
7700 -988.0000000000
7725 -987.0000000000
7739 -985.0000000000
7746 -984.0000000000
7754 -982.0000000000
7770 -980.0000000000
7785 -979.0000000000
7792 -978.0000000000
7803 -977.0000000000
7808 -976.0000000000
7821 -975.0000000000
7835 -974.0000000000
7847 -973.0000000000
7866 -970.0000000000
7892 -965.0000000000
7909 -964.0000000000
7935 -963.0000000000
7946 -960.0000000000
7973 -958.0000000000
7997 -957.0000000000
8001 -956.0000000000
8007 -955.0000000000
8028 -954.0000000000
8033 -950.0000000000
8059 -948.0000000000
8068 -946.0000000000
8073 -944.0000000000
8102 -942.0000000000
8122 -940.0000000000
8141 -939.0000000000
8148 -937.0000000000
8168 -936.0000000000
8186 -935.0000000000
8218 -934.0000000000
8224 -933.0000000000
8240 -931.0000000000
8254 -930.0000000000
8262 -928.0000000000
8281 -926.0000000000
8301 -924.0000000000
8314 -923.0000000000
8345 -921.0000000000
8354 -920.0000000000
8362 -919.0000000000
8389 -918.0000000000
8391 -917.0000000000
8414 -916.0000000000
8442 -915.0000000000
8452 -914.0000000000
8461 -913.0000000000
8476 -912.0000000000
8495 -911.0000000000
8501 -910.0000000000
8513 -909.0000000000
8519 -908.0000000000
8528 -907.0000000000
8540 -906.0000000000
8547 -905.0000000000
8554 -904.0000000000
8565 -901.0000000000
8586 -900.0000000000
8611 -898.0000000000
8636 -896.0000000000
8642 -894.0000000000
8658 -893.0000000000
8688 -891.0000000000
8691 -890.0000000000
8703 -889.0000000000
8721 -887.0000000000
8755 -886.0000000000
8767 -885.0000000000
8773 -884.0000000000
8793 -883.0000000000
8800 -882.0000000000
8807 -881.0000000000
8817 -880.0000000000
8838 -879.0000000000
8854 -878.0000000000
8881 -877.0000000000
8896 -876.0000000000
8907 -874.0000000000
8934 -873.0000000000
8941 -872.0000000000
8942 -871.0000000000
8953 -870.0000000000
8975 -868.0000000000
9010 -867.0000000000
9014 -866.0000000000
9021 -865.0000000000
9032 -864.0000000000
9065 -863.0000000000
9083 -862.0000000000
9103 -861.0000000000
9106 -860.0000000000
9122 -859.0000000000
9152 -857.0000000000
9169 -856.0000000000
9194 -854.0000000000
9232 -853.0000000000
9243 -852.0000000000
9246 -851.0000000000
9254 -849.0000000000
9258 -848.0000000000
9275 -847.0000000000
9295 -846.0000000000
9314 -845.0000000000
9325 -844.0000000000
9337 -843.0000000000
9372 -842.0000000000
9401 -841.0000000000
9421 -838.0000000000
9451 -837.0000000000
9466 -836.0000000000
9475 -835.0000000000
9491 -834.0000000000
9495 -833.0000000000
9506 -832.0000000000
9508 -831.0000000000
9545 -829.0000000000
9559 -828.0000000000
9592 -826.0000000000
9607 -824.0000000000
9646 -823.0000000000
9687 -820.0000000000
9713 -818.0000000000
9749 -816.0000000000
9771 -815.0000000000
9779 -814.0000000000
9786 -813.0000000000
9798 -811.0000000000
9823 -809.0000000000
9852 -808.0000000000
9864 -807.0000000000
9896 -805.0000000000
9899 -804.0000000000
9903 -803.0000000000
9926 -802.0000000000
9938 -801.0000000000
9942 -799.0000000000
9952 -798.0000000000
9969 -797.0000000000
9991 -796.0000000000
9994 -793.0000000000
10039 -792.0000000000
10042 -791.0000000000
10046 -790.0000000000
10058 -789.0000000000
10063 -788.0000000000
10103 -787.0000000000
10107 -786.0000000000
10111 -785.0000000000
10124 -784.0000000000
10151 -783.0000000000
10152 -780.0000000000
10195 -779.0000000000
10217 -776.0000000000
10251 -775.0000000000
10263 -774.0000000000
10265 -773.0000000000
10273 -772.0000000000
10288 -771.0000000000
10303 -770.0000000000
10306 -769.0000000000
10310 -768.0000000000
10315 -766.0000000000
10340 -765.0000000000
10346 -764.0000000000
10348 -762.0000000000
10384 -761.0000000000
10391 -760.0000000000
10412 -759.0000000000
10426 -758.0000000000
10431 -757.0000000000
10456 -753.0000000000
10520 -752.0000000000
10521 -751.0000000000
10536 -750.0000000000
10566 -748.0000000000
10607 -746.0000000000
10633 -745.0000000000
10653 -744.0000000000
10665 -743.0000000000
10689 -742.0000000000
10708 -741.0000000000
10715 -740.0000000000
10766 -739.0000000000
10788 -736.0000000000
10805 -735.0000000000
10831 -733.0000000000
10873 -730.0000000000
10901 -729.0000000000
10916 -728.0000000000
10946 -727.0000000000
10974 -726.0000000000
10977 -725.0000000000
10996 -724.0000000000
11015 -722.0000000000
11043 -721.0000000000
11047 -720.0000000000
11055 -717.0000000000
11083 -716.0000000000
11117 -715.0000000000
11125 -714.0000000000
11132 -713.0000000000
11160 -712.0000000000
11181 -711.0000000000
11187 -710.0000000000
11196 -709.0000000000
11214 -708.0000000000
11222 -707.0000000000
11233 -704.0000000000
11243 -703.0000000000
11263 -701.0000000000
11283 -698.0000000000
11303 -695.0000000000
11323 -694.0000000000
11346 -692.0000000000
11365 -691.0000000000
11379 -690.0000000000
11393 -689.0000000000
11418 -688.0000000000
11425 -687.0000000000
11433 -686.0000000000
11453 -685.0000000000
11481 -683.0000000000
11496 -681.0000000000
11506 -680.0000000000
11527 -679.0000000000
11541 -678.0000000000
11546 -677.0000000000
11551 -675.0000000000
11585 -674.0000000000
11600 -673.0000000000
11607 -671.0000000000
11635 -670.0000000000
11643 -669.0000000000
11692 -668.0000000000
11712 -667.0000000000
11721 -665.0000000000
11771 -661.0000000000
11800 -659.0000000000
11811 -658.0000000000
11875 -657.0000000000
11894 -655.0000000000
11912 -654.0000000000
11932 -652.0000000000
11949 -651.0000000000
11985 -650.0000000000
11991 -647.0000000000
12029 -646.0000000000
12036 -645.0000000000
12050 -644.0000000000
12069 -643.0000000000
12089 -639.0000000000
12116 -638.0000000000
12141 -636.0000000000
12165 -635.0000000000
12167 -633.0000000000
12191 -631.0000000000
12235 -630.0000000000
12258 -628.0000000000
12267 -626.0000000000
12294 -625.0000000000
12307 -624.0000000000
12323 -620.0000000000
12353 -619.0000000000
12404 -618.0000000000
12430 -617.0000000000
12463 -616.0000000000
12482 -615.0000000000
12504 -614.0000000000
12507 -612.0000000000
12533 -611.0000000000
12542 -610.0000000000
12572 -609.0000000000
12586 -608.0000000000
12642 -606.0000000000
12662 -605.0000000000
12679 -604.0000000000
12701 -603.0000000000
12739 -601.0000000000
12743 -600.0000000000
12762 -599.0000000000
12771 -598.0000000000
12786 -596.0000000000
12805 -595.0000000000
12814 -594.0000000000
12828 -593.0000000000
12837 -592.0000000000
12867 -591.0000000000
12902 -590.0000000000
12911 -588.0000000000
12941 -587.0000000000
12947 -586.0000000000
12953 -585.0000000000
12961 -581.0000000000
12969 -580.0000000000
12984 -578.0000000000
13012 -577.0000000000
13034 -575.0000000000
13044 -574.0000000000
13067 -573.0000000000
13071 -572.0000000000
13098 -569.0000000000
13108 -568.0000000000
13117 -567.0000000000
13132 -566.0000000000
13145 -565.0000000000
13155 -564.0000000000
13165 -562.0000000000
13167 -561.0000000000
13184 -560.0000000000
13214 -559.0000000000
13224 -558.0000000000
13231 -555.0000000000
13260 -554.0000000000
13280 -553.0000000000
13294 -552.0000000000
13301 -551.0000000000
13357 -550.0000000000
13392 -549.0000000000
13448 -548.0000000000
13465 -547.0000000000
13467 -546.0000000000
13488 -545.0000000000
13507 -544.0000000000
13544 -543.0000000000
13561 -542.0000000000
13589 -541.0000000000
13593 -540.0000000000
13616 -538.0000000000
13623 -537.0000000000
13676 -536.0000000000
13689 -535.0000000000
13707 -534.0000000000
13715 -533.0000000000
13729 -531.0000000000
13743 -530.0000000000
13758 -528.0000000000
13790 -527.0000000000
13813 -526.0000000000
13861 -525.0000000000
13903 -523.0000000000
13918 -522.0000000000
13933 -521.0000000000
13949 -520.0000000000
13953 -519.0000000000
13962 -518.0000000000
13975 -517.0000000000
14006 -516.0000000000
14020 -514.0000000000
14035 -513.0000000000
14071 -509.0000000000
14093 -508.0000000000
14111 -506.0000000000
14164 -504.0000000000
14181 -502.0000000000
14193 -501.0000000000
14223 -500.0000000000
14237 -499.0000000000
14276 -498.0000000000
14284 -496.0000000000
14321 -495.0000000000
14361 -494.0000000000
14378 -491.0000000000
14386 -489.0000000000
14437 -488.0000000000
14442 -487.0000000000
14459 -486.0000000000
14474 -485.0000000000
14512 -484.0000000000
14516 -482.0000000000
14545 -481.0000000000
14548 -480.0000000000
14585 -479.0000000000
14596 -476.0000000000
14628 -472.0000000000
14662 -470.0000000000
14691 -469.0000000000
14708 -467.0000000000
14732 -465.0000000000
14777 -463.0000000000
14814 -462.0000000000
14844 -461.0000000000
14848 -460.0000000000
14870 -458.0000000000
14888 -456.0000000000
14913 -455.0000000000
14921 -454.0000000000
14946 -453.0000000000
14959 -452.0000000000
14986 -451.0000000000
15020 -450.0000000000
15081 -448.0000000000
15101 -447.0000000000
15126 -446.0000000000
15135 -445.0000000000
15192 -444.0000000000
15236 -443.0000000000
15264 -442.0000000000
15283 -441.0000000000
15301 -440.0000000000
15322 -439.0000000000
15334 -437.0000000000
15352 -435.0000000000
15372 -433.0000000000
15437 -432.0000000000
15442 -431.0000000000
15493 -430.0000000000
15534 -429.0000000000
15554 -428.0000000000
15581 -427.0000000000
15592 -426.0000000000
15601 -425.0000000000
15628 -424.0000000000
15646 -422.0000000000
15721 -421.0000000000
15756 -419.0000000000
15792 -418.0000000000
15796 -417.0000000000
15828 -416.0000000000
15866 -415.0000000000
15889 -414.0000000000
15925 -413.0000000000
15931 -412.0000000000
15934 -411.0000000000
15950 -410.0000000000
15980 -409.0000000000
16012 -408.0000000000
16055 -407.0000000000
16075 -406.0000000000
16128 -405.0000000000
16147 -404.0000000000
16154 -403.0000000000
16177 -402.0000000000
16211 -401.0000000000
16212 -400.0000000000
16270 -399.0000000000
16306 -397.0000000000
16375 -396.0000000000
16384 -395.0000000000
16469 -394.0000000000
16516 -393.0000000000
16522 -391.0000000000
16543 -390.0000000000
16555 -389.0000000000
16596 -387.0000000000
16612 -385.0000000000
16649 -383.0000000000
16688 -381.0000000000
16718 -380.0000000000
16726 -379.0000000000
16741 -378.0000000000
16762 -377.0000000000
16775 -376.0000000000
16820 -375.0000000000
16827 -372.0000000000
16854 -371.0000000000
16863 -369.0000000000
16884 -368.0000000000
16902 -367.0000000000
16914 -366.0000000000
16937 -365.0000000000
16952 -363.0000000000
17065 -362.0000000000
17090 -361.0000000000
17092 -360.0000000000
17124 -359.0000000000
17138 -356.0000000000
17190 -355.0000000000
17237 -354.0000000000
17294 -353.0000000000
17304 -352.0000000000
17323 -351.0000000000
17326 -350.0000000000
17354 -349.0000000000
17378 -347.0000000000
17407 -346.0000000000
17415 -345.0000000000
17432 -344.0000000000
17449 -343.0000000000
17503 -342.0000000000
17518 -341.0000000000
17549 -340.0000000000
17581 -339.0000000000
17605 -338.0000000000
17627 -337.0000000000
17645 -336.0000000000
17690 -335.0000000000
17692 -334.0000000000
17715 -333.0000000000
17723 -332.0000000000
17772 -331.0000000000
17795 -330.0000000000
17810 -329.0000000000
17831 -328.0000000000
17845 -327.0000000000
17852 -326.0000000000
17868 -324.0000000000
17912 -323.0000000000
17928 -322.0000000000
17933 -321.0000000000
17956 -320.0000000000
17978 -319.0000000000
17989 -318.0000000000
18001 -317.0000000000
18068 -316.0000000000
18073 -315.0000000000
18089 -314.0000000000
18160 -312.0000000000
18177 -311.0000000000
18202 -310.0000000000
18245 -309.0000000000
18264 -308.0000000000
18274 -307.0000000000
18329 -305.0000000000
18358 -303.0000000000
18361 -302.0000000000
18474 -300.0000000000
18488 -299.0000000000
18491 -298.0000000000
18511 -297.0000000000
18550 -294.0000000000
18614 -293.0000000000
18633 -292.0000000000
18656 -289.0000000000
18723 -288.0000000000
18749 -286.0000000000
18829 -285.0000000000
18912 -283.0000000000
18921 -282.0000000000
18973 -281.0000000000
19036 -280.0000000000
19070 -279.0000000000
19073 -278.0000000000
19114 -277.0000000000
19119 -276.0000000000
19129 -274.0000000000
19190 -273.0000000000
19215 -272.0000000000
19243 -269.0000000000
19290 -268.0000000000
19308 -267.0000000000
19330 -266.0000000000
19351 -265.0000000000
19374 -264.0000000000
19397 -263.0000000000
19448 -261.0000000000
19485 -260.0000000000
19542 -259.0000000000
19558 -258.0000000000
19594 -257.0000000000
19607 -256.0000000000
19655 -253.0000000000
19696 -251.0000000000
19739 -250.0000000000
19803 -249.0000000000
19906 -248.0000000000
19952 -247.0000000000
19969 -246.0000000000
20021 -245.0000000000
20049 -243.0000000000
20116 -242.0000000000
20152 -241.0000000000
20154 -239.0000000000
20193 -238.0000000000
20218 -237.0000000000
20242 -236.0000000000
20245 -235.0000000000
20295 -234.0000000000
20304 -233.0000000000
20325 -232.0000000000
20359 -231.0000000000
20394 -230.0000000000
20449 -228.0000000000
20486 -227.0000000000
20515 -226.0000000000
20599 -225.0000000000
20602 -224.0000000000
20635 -221.0000000000
20688 -220.0000000000
20899 -219.0000000000
20901 -218.0000000000
20946 -217.0000000000
21013 -216.0000000000
21032 -215.0000000000
21037 -214.0000000000
21041 -212.0000000000
21127 -211.0000000000
21137 -210.0000000000
21216 -209.0000000000
21267 -208.0000000000
21282 -206.0000000000
21323 -205.0000000000
21354 -204.0000000000
21398 -203.0000000000
21419 -202.0000000000
21423 -201.0000000000
21453 -200.0000000000
21496 -199.0000000000
21562 -198.0000000000
21590 -197.0000000000
21629 -196.0000000000
21666 -195.0000000000
21704 -194.0000000000
21730 -193.0000000000
21905 -192.0000000000
21925 -191.0000000000
22011 -190.0000000000
22021 -189.0000000000
22046 -188.0000000000
22100 -187.0000000000
22132 -186.0000000000
22196 -185.0000000000
22228 -184.0000000000
22249 -183.0000000000
22250 -182.0000000000
22299 -181.0000000000
22397 -180.0000000000
22493 -178.0000000000
22564 -177.0000000000
22580 -176.0000000000
22603 -175.0000000000
22619 -174.0000000000
22672 -172.0000000000
22725 -171.0000000000
22759 -170.0000000000
22812 -169.0000000000
22824 -167.0000000000
22872 -166.0000000000
22893 -165.0000000000
22904 -163.0000000000
22933 -161.0000000000
22954 -160.0000000000
22994 -159.0000000000
23047 -158.0000000000
23154 -157.0000000000
23172 -156.0000000000
23277 -153.0000000000
23373 -152.0000000000
23410 -151.0000000000
23447 -150.0000000000
23500 -149.0000000000
23532 -148.0000000000
23644 -147.0000000000
23693 -146.0000000000
23822 -145.0000000000
23922 -144.0000000000
23976 -143.0000000000
24000 -142.0000000000
24012 -140.0000000000
24096 -139.0000000000
24098 -138.0000000000
24151 -137.0000000000
24223 -136.0000000000
24275 -135.0000000000
24346 -134.0000000000
24361 -133.0000000000
24468 -131.0000000000
24485 -129.0000000000
24521 -128.0000000000
24568 -127.0000000000
24579 -126.0000000000
24582 -125.0000000000
24661 -124.0000000000
24683 -123.0000000000
24721 -122.0000000000
24761 -121.0000000000
24847 -120.0000000000
24860 -119.0000000000
24894 -118.0000000000
25019 -117.0000000000
25041 -116.0000000000
25101 -115.0000000000
25127 -114.0000000000
25182 -112.0000000000
25219 -111.0000000000
25282 -110.0000000000
25323 -109.0000000000
25379 -108.0000000000
25386 -107.0000000000
25463 -106.0000000000
25493 -104.0000000000
25559 -103.0000000000
25711 -102.0000000000
25760 -101.0000000000
25860 -99.0000000000
25954 -98.0000000000
26022 -97.0000000000
26123 -96.0000000000
26132 -95.0000000000
26182 -94.0000000000
26239 -92.0000000000
26284 -91.0000000000
26291 -90.0000000000
26363 -89.0000000000
26394 -88.0000000000
26563 -87.0000000000
26605 -86.0000000000
26638 -83.0000000000
26695 -82.0000000000
26821 -81.0000000000
26878 -80.0000000000
26896 -79.0000000000
26947 -78.0000000000
27003 -77.0000000000
27024 -76.0000000000
27080 -75.0000000000
27097 -73.0000000000
27166 -72.0000000000
27221 -71.0000000000
27247 -70.0000000000
27286 -68.0000000000
27343 -67.0000000000
27408 -66.0000000000
27521 -65.0000000000
27538 -64.0000000000
27583 -63.0000000000
27620 -62.0000000000
27697 -61.0000000000
27763 -60.0000000000
27883 -59.0000000000
27954 -58.0000000000
27963 -57.0000000000
28031 -55.0000000000
28102 -54.0000000000
28221 -53.0000000000
28398 -52.0000000000
28405 -51.0000000000
28503 -50.0000000000
28515 -49.0000000000
28552 -48.0000000000
28706 -47.0000000000
28781 -46.0000000000
28902 -45.0000000000
28954 -44.0000000000
29173 -43.0000000000
29402 -42.0000000000
29439 -40.0000000000
29496 -39.0000000000
29619 -38.0000000000
29654 -37.0000000000
29870 -36.0000000000
29936 -35.0000000000
30054 -34.0000000000
30109 -32.0000000000
30296 -31.0000000000
30440 -29.0000000000
30650 -27.0000000000
30752 -26.0000000000
31148 -25.0000000000
31161 -24.0000000000
31236 -23.0000000000
31413 -21.0000000000
31599 -20.0000000000
31709 -19.0000000000
31945 -17.0000000000
31972 -16.0000000000
31989 -15.0000000000
32941 -14.0000000000
33020 -13.0000000000
33362 -12.0000000000
33475 -11.0000000000
33627 -10.0000000000
34263 -9.0000000000
34427 -8.0000000000
34947 -6.0000000000
35669 -5.0000000000
35931 -4.0000000000
36035 -3.0000000000
36564 -1.0000000000
37435 109.3700000000
37573 114.9500000000
37585 119.0600000000
37600 128.0000000000
37639 218.4600000000
39080 222.8500000000
39437 227.6900000000
42229 237.8600000000
42504 239.4300000000
43013 244.1300000000
43854 251.1000000000
43978 295.9900000000
46543 379.1300000000
46842 383.6600000000
46862 384.5400000000
47368 385.4200000000
47538 386.5000000000
47759 391.9200000000
49210 394.2400000000
49630 396.0600000000
51349 397.4700000000
52035 491.1300000000
53084 491.8300000000
53092 497.3600000000
53136 501.1900000000
53187 511.2400000000
53204 516.1800000000
53450 522.2000000000
54149 527.8100000000
55386 551.9900000000
57749 553.7900000000
58118 555.3200000000
58541 557.6200000000
58588 565.2600000000
59227 569.5700000000
61261 572.3000000000
61471 580.9200000000
61775 593.8500000000
61892 594.7300000000
64153 707.3500000000
68180 724.8500000000
69002 726.8600000000
73628 827.0200000000
74927 830.9500000000
74944 837.7000000000
74977 839.8900000000
75022 841.5000000000
75158 843.0100000000
76329 844.9600000000
76356 851.3000000000
76516 851.8800000000
83857 853.4300000000
86762 855.5500000000
91383 856.4500000000
95743 860.5100000000
100000 -2.0000000000
evaluations raw_y
1 -1992.0000000000
3 -1967.0000000000
13 -1966.0000000000
23 -1921.0000000000
31 -1913.0000000000
48 -1911.0000000000
55 -1908.0000000000
62 -1904.0000000000
67 -1898.0000000000
73 -1890.0000000000
78 -1888.0000000000
84 -1862.0000000000
102 -1860.0000000000
106 -1858.0000000000
115 -1852.0000000000
126 -1851.0000000000
135 -1850.0000000000
136 -1849.0000000000
141 -1846.0000000000
147 -1844.0000000000
151 -1840.0000000000
152 -1838.0000000000
154 -1837.0000000000
160 -1834.0000000000
170 -1833.0000000000
183 -1827.0000000000
194 -1821.0000000000
221 -1818.0000000000
224 -1817.0000000000
232 -1815.0000000000
245 -1814.0000000000
251 -1811.0000000000
264 -1810.0000000000
272 -1809.0000000000
275 -1807.0000000000
283 -1806.0000000000
291 -1803.0000000000
314 -1802.0000000000
317 -1801.0000000000
321 -1799.0000000000
322 -1798.0000000000
331 -1797.0000000000
333 -1796.0000000000
334 -1795.0000000000
342 -1793.0000000000
362 -1791.0000000000
367 -1790.0000000000
368 -1788.0000000000
372 -1786.0000000000
389 -1784.0000000000
401 -1782.0000000000
426 -1781.0000000000
434 -1779.0000000000
447 -1776.0000000000
473 -1774.0000000000
474 -1773.0000000000
485 -1772.0000000000
490 -1771.0000000000
493 -1770.0000000000
500 -1769.0000000000
511 -1766.0000000000
530 -1765.0000000000
532 -1764.0000000000
543 -1763.0000000000
544 -1761.0000000000
552 -1758.0000000000
570 -1756.0000000000
591 -1754.0000000000
601 -1753.0000000000
618 -1752.0000000000
626 -1748.0000000000
650 -1747.0000000000
657 -1746.0000000000
666 -1745.0000000000
682 -1743.0000000000
697 -1740.0000000000
711 -1739.0000000000
714 -1738.0000000000
724 -1736.0000000000
732 -1735.0000000000
736 -1734.0000000000
746 -1732.0000000000
773 -1729.0000000000
792 -1727.0000000000
802 -1725.0000000000
804 -1724.0000000000
814 -1723.0000000000
826 -1722.0000000000
845 -1720.0000000000
857 -1719.0000000000
865 -1715.0000000000
895 -1714.0000000000
902 -1712.0000000000
921 -1710.0000000000
938 -1708.0000000000
945 -1707.0000000000
947 -1704.0000000000
957 -1703.0000000000
981 -1702.0000000000
985 -1701.0000000000
1007 -1697.0000000000
1014 -1695.0000000000
1022 -1694.0000000000
1053 -1690.0000000000
1072 -1689.0000000000
1079 -1687.0000000000
1095 -1683.0000000000
1114 -1681.0000000000
1121 -1680.0000000000
1142 -1679.0000000000
1145 -1678.0000000000
1153 -1676.0000000000
1164 -1674.0000000000
1169 -1673.0000000000
1178 -1672.0000000000
1183 -1669.0000000000
1207 -1668.0000000000
1210 -1667.0000000000
1223 -1666.0000000000
1235 -1665.0000000000
1242 -1664.0000000000
1247 -1663.0000000000
1251 -1662.0000000000
1266 -1658.0000000000
1294 -1657.0000000000
1300 -1656.0000000000
1304 -1654.0000000000
1331 -1653.0000000000
1333 -1652.0000000000
1352 -1651.0000000000
1362 -1650.0000000000
1373 -1648.0000000000
1390 -1645.0000000000
1401 -1644.0000000000
1416 -1642.0000000000
1424 -1637.0000000000
1449 -1635.0000000000
1480 -1634.0000000000
1490 -1633.0000000000
1491 -1628.0000000000
1505 -1627.0000000000
1515 -1625.0000000000
1517 -1623.0000000000
1537 -1621.0000000000
1546 -1620.0000000000
1555 -1619.0000000000
1558 -1618.0000000000
1561 -1616.0000000000
1576 -1615.0000000000
1582 -1612.0000000000
1612 -1610.0000000000
1617 -1609.0000000000
1624 -1608.0000000000
1642 -1607.0000000000
1647 -1606.0000000000
1653 -1605.0000000000
1675 -1604.0000000000
1692 -1603.0000000000
1694 -1601.0000000000
1722 -1599.0000000000
1734 -1598.0000000000
1737 -1597.0000000000
1744 -1596.0000000000
1757 -1595.0000000000
1764 -1593.0000000000
1774 -1592.0000000000
1792 -1591.0000000000
1799 -1590.0000000000
1811 -1589.0000000000
1815 -1587.0000000000
1826 -1586.0000000000
1829 -1583.0000000000
1863 -1582.0000000000
1877 -1581.0000000000
1882 -1579.0000000000
1891 -1578.0000000000
1911 -1576.0000000000
1915 -1575.0000000000
1920 -1574.0000000000
1926 -1573.0000000000
1947 -1569.0000000000
1952 -1568.0000000000
1973 -1567.0000000000
1986 -1566.0000000000
1989 -1565.0000000000
1992 -1563.0000000000
2024 -1560.0000000000
2033 -1559.0000000000
2040 -1558.0000000000
2061 -1557.0000000000
2075 -1554.0000000000
2092 -1553.0000000000
2098 -1552.0000000000
2106 -1549.0000000000
2114 -1548.0000000000
2137 -1547.0000000000
2144 -1546.0000000000
2159 -1545.0000000000
2169 -1544.0000000000
2172 -1543.0000000000
2182 -1542.0000000000
2190 -1541.0000000000
2209 -1540.0000000000
2221 -1538.0000000000
2228 -1537.0000000000
2240 -1536.0000000000
2241 -1535.0000000000
2253 -1534.0000000000
2258 -1533.0000000000
2266 -1530.0000000000
2280 -1529.0000000000
2292 -1528.0000000000
2301 -1527.0000000000
2318 -1525.0000000000
2331 -1522.0000000000
2358 -1521.0000000000
2370 -1519.0000000000
2371 -1516.0000000000
2390 -1515.0000000000
2391 -1514.0000000000
2402 -1513.0000000000
2413 -1512.0000000000
2434 -1511.0000000000
2453 -1510.0000000000
2457 -1509.0000000000
2461 -1506.0000000000
2483 -1505.0000000000
2503 -1503.0000000000
2506 -1502.0000000000
2517 -1501.0000000000
2524 -1499.0000000000
2542 -1498.0000000000
2553 -1497.0000000000
2563 -1493.0000000000
2582 -1492.0000000000
2591 -1491.0000000000
2617 -1490.0000000000
2619 -1489.0000000000
2631 -1488.0000000000
2637 -1486.0000000000
2641 -1484.0000000000
2653 -1483.0000000000
2671 -1480.0000000000
2682 -1479.0000000000
2709 -1478.0000000000
2717 -1477.0000000000
2722 -1476.0000000000
2735 -1474.0000000000
2736 -1473.0000000000
2750 -1472.0000000000
2751 -1471.0000000000
2769 -1470.0000000000
2792 -1469.0000000000
2812 -1468.0000000000
2821 -1466.0000000000
2832 -1463.0000000000
2851 -1461.0000000000
2867 -1460.0000000000
2876 -1459.0000000000
2882 -1458.0000000000
2899 -1456.0000000000
2911 -1454.0000000000
2931 -1453.0000000000
2940 -1452.0000000000
2949 -1451.0000000000
2955 -1448.0000000000
2967 -1446.0000000000
2982 -1445.0000000000
2992 -1443.0000000000
3004 -1442.0000000000
3012 -1441.0000000000
3024 -1440.0000000000
3026 -1436.0000000000
3033 -1435.0000000000
3043 -1433.0000000000
3062 -1431.0000000000
3091 -1428.0000000000
3121 -1427.0000000000
3129 -1425.0000000000
3141 -1424.0000000000
3154 -1421.0000000000
3182 -1417.0000000000
3192 -1416.0000000000
3211 -1415.0000000000
3212 -1413.0000000000
3225 -1411.0000000000
3235 -1410.0000000000
3250 -1409.0000000000
3259 -1408.0000000000
3272 -1407.0000000000
3273 -1406.0000000000
3288 -1405.0000000000
3292 -1403.0000000000
3316 -1402.0000000000
3318 -1400.0000000000
3326 -1399.0000000000
3332 -1397.0000000000
3346 -1396.0000000000
3349 -1395.0000000000
3352 -1394.0000000000
3361 -1393.0000000000
3371 -1392.0000000000
3382 -1391.0000000000
3392 -1388.0000000000
3407 -1387.0000000000
3414 -1386.0000000000
3431 -1385.0000000000
3455 -1384.0000000000
3465 -1381.0000000000
3471 -1378.0000000000
3488 -1376.0000000000
3504 -1375.0000000000
3509 -1374.0000000000
3526 -1371.0000000000
3542 -1370.0000000000
3543 -1369.0000000000
3552 -1367.0000000000
3574 -1366.0000000000
3583 -1365.0000000000
3595 -1364.0000000000
3603 -1363.0000000000
3604 -1361.0000000000
3618 -1360.0000000000
3649 -1358.0000000000
3663 -1357.0000000000
3669 -1356.0000000000
3689 -1354.0000000000
3713 -1353.0000000000
3726 -1352.0000000000
3736 -1351.0000000000
3740 -1349.0000000000
3755 -1348.0000000000
3762 -1347.0000000000
3768 -1346.0000000000
3773 -1345.0000000000
3782 -1342.0000000000
3796 -1341.0000000000
3806 -1340.0000000000
3815 -1338.0000000000
3822 -1337.0000000000
3844 -1335.0000000000
3846 -1334.0000000000
3857 -1333.0000000000
3859 -1331.0000000000
3861 -1330.0000000000
3871 -1329.0000000000
3882 -1328.0000000000
3891 -1324.0000000000
3913 -1323.0000000000
3918 -1322.0000000000
3932 -1320.0000000000
3949 -1317.0000000000
3963 -1312.0000000000
3984 -1311.0000000000
3993 -1309.0000000000
4001 -1308.0000000000
4015 -1305.0000000000
4031 -1304.0000000000
4043 -1303.0000000000
4063 -1302.0000000000
4071 -1301.0000000000
4085 -1297.0000000000
4097 -1293.0000000000
4128 -1290.0000000000
4148 -1287.0000000000
4168 -1286.0000000000
4171 -1285.0000000000
4181 -1283.0000000000
4200 -1281.0000000000
4210 -1280.0000000000
4225 -1279.0000000000
4231 -1278.0000000000
4246 -1277.0000000000
4253 -1276.0000000000
4261 -1275.0000000000
4263 -1274.0000000000
4272 -1273.0000000000
4286 -1270.0000000000
4321 -1268.0000000000
4331 -1266.0000000000
4356 -1265.0000000000
4362 -1264.0000000000
4363 -1263.0000000000
4378 -1262.0000000000
4388 -1260.0000000000
4395 -1258.0000000000
4398 -1257.0000000000
4411 -1255.0000000000
4447 -1254.0000000000
4463 -1253.0000000000
4473 -1252.0000000000
4481 -1251.0000000000
4493 -1249.0000000000
4514 -1248.0000000000
4522 -1247.0000000000
4533 -1246.0000000000
4549 -1244.0000000000
4560 -1243.0000000000
4580 -1242.0000000000
4589 -1241.0000000000
4592 -1240.0000000000
4607 -1239.0000000000
4613 -1237.0000000000
4643 -1236.0000000000
4657 -1235.0000000000
4673 -1234.0000000000
4680 -1232.0000000000
4692 -1231.0000000000
4703 -1230.0000000000
4707 -1229.0000000000
4729 -1228.0000000000
4731 -1227.0000000000
4735 -1226.0000000000
4742 -1224.0000000000
4764 -1223.0000000000
4766 -1220.0000000000
4776 -1219.0000000000
4793 -1218.0000000000
4796 -1216.0000000000
4815 -1215.0000000000
4833 -1214.0000000000
4844 -1213.0000000000
4859 -1211.0000000000
4871 -1210.0000000000
4890 -1208.0000000000
4898 -1207.0000000000
4919 -1206.0000000000
4921 -1205.0000000000
4942 -1204.0000000000
4945 -1203.0000000000
4962 -1202.0000000000
4974 -1201.0000000000
4984 -1200.0000000000
4991 -1199.0000000000
5002 -1198.0000000000
5003 -1197.0000000000
5022 -1194.0000000000
5053 -1193.0000000000
5060 -1192.0000000000
5067 -1191.0000000000
5080 -1190.0000000000
5084 -1189.0000000000
5092 -1186.0000000000
5112 -1184.0000000000
5143 -1182.0000000000
5151 -1181.0000000000
5152 -1180.0000000000
5166 -1179.0000000000
5179 -1176.0000000000
5191 -1175.0000000000
5206 -1173.0000000000
5219 -1171.0000000000
5232 -1169.0000000000
5263 -1168.0000000000
5275 -1165.0000000000
5295 -1164.0000000000
5296 -1163.0000000000
5303 -1161.0000000000
5327 -1160.0000000000
5339 -1159.0000000000
5346 -1158.0000000000
5350 -1157.0000000000
5351 -1154.0000000000
5370 -1152.0000000000
5379 -1151.0000000000
5382 -1150.0000000000
5403 -1149.0000000000
5443 -1147.0000000000
5456 -1146.0000000000
5462 -1145.0000000000
5471 -1144.0000000000
5481 -1141.0000000000
5507 -1140.0000000000
5541 -1139.0000000000
5547 -1138.0000000000
5566 -1137.0000000000
5587 -1136.0000000000
5602 -1133.0000000000
5621 -1132.0000000000
5622 -1130.0000000000
5640 -1129.0000000000
5653 -1128.0000000000
5662 -1127.0000000000
5673 -1124.0000000000
5712 -1123.0000000000
5722 -1121.0000000000
5745 -1120.0000000000
5751 -1118.0000000000
5771 -1117.0000000000
5782 -1116.0000000000
5787 -1115.0000000000
5821 -1113.0000000000
5841 -1112.0000000000
5842 -1111.0000000000
5854 -1107.0000000000
5876 -1106.0000000000
5898 -1105.0000000000
5908 -1103.0000000000
5922 -1102.0000000000
5932 -1101.0000000000
5946 -1100.0000000000
5958 -1099.0000000000
5963 -1098.0000000000
5967 -1095.0000000000
5975 -1094.0000000000
5983 -1093.0000000000
5993 -1092.0000000000
6002 -1091.0000000000
6016 -1089.0000000000
6027 -1087.0000000000
6041 -1086.0000000000
6055 -1081.0000000000
6068 -1080.0000000000
6084 -1078.0000000000
6102 -1077.0000000000
6121 -1076.0000000000
6139 -1075.0000000000
6148 -1074.0000000000
6164 -1073.0000000000
6179 -1071.0000000000
6191 -1070.0000000000
6193 -1067.0000000000
6227 -1066.0000000000
6228 -1065.0000000000
6235 -1064.0000000000
6260 -1061.0000000000
6274 -1060.0000000000
6283 -1059.0000000000
6304 -1057.0000000000
6314 -1056.0000000000
6327 -1054.0000000000
6332 -1050.0000000000
6354 -1049.0000000000
6358 -1048.0000000000
6382 -1047.0000000000
6386 -1046.0000000000
6398 -1044.0000000000
6416 -1043.0000000000
6421 -1042.0000000000
6435 -1041.0000000000
6444 -1040.0000000000
6446 -1037.0000000000
6451 -1036.0000000000
6483 -1035.0000000000
6488 -1033.0000000000
6516 -1032.0000000000
6538 -1031.0000000000
6550 -1030.0000000000
6563 -1029.0000000000
6583 -1027.0000000000
6593 -1026.0000000000
6618 -1025.0000000000
6630 -1023.0000000000
6640 -1021.0000000000
6654 -1020.0000000000
6672 -1018.0000000000
6709 -1017.0000000000
6718 -1015.0000000000
6724 -1014.0000000000
6734 -1013.0000000000
6777 -1012.0000000000
6797 -1010.0000000000
6819 -1009.0000000000
6834 -1008.0000000000
6845 -1007.0000000000
6860 -1004.0000000000
6873 -1003.0000000000
6882 -1000.0000000000
6908 -999.0000000000
6938 -997.0000000000
6962 -996.0000000000
6972 -995.0000000000
7000 -993.0000000000
7017 -992.0000000000
7030 -991.0000000000
7033 -990.0000000000
7055 -989.0000000000
7063 -988.0000000000
7081 -987.0000000000
7088 -986.0000000000
7095 -984.0000000000
7105 -981.0000000000
7115 -980.0000000000
7131 -979.0000000000
7156 -978.0000000000
7173 -977.0000000000
7181 -975.0000000000
7194 -973.0000000000
7203 -972.0000000000
7220 -971.0000000000
7228 -969.0000000000
7236 -968.0000000000
7241 -967.0000000000
7242 -966.0000000000
7262 -963.0000000000
7281 -962.0000000000
7282 -959.0000000000
7293 -958.0000000000
7319 -957.0000000000
7327 -956.0000000000
7329 -955.0000000000
7343 -954.0000000000
7352 -952.0000000000
7372 -949.0000000000
7407 -947.0000000000
7423 -945.0000000000
7453 -943.0000000000
7473 -942.0000000000
7484 -941.0000000000
7511 -938.0000000000
7542 -937.0000000000
7543 -936.0000000000
7544 -935.0000000000
7554 -934.0000000000
7567 -933.0000000000
7574 -930.0000000000
7600 -927.0000000000
7618 -926.0000000000
7631 -925.0000000000
7643 -924.0000000000
7644 -922.0000000000
7653 -921.0000000000
7671 -920.0000000000
7683 -919.0000000000
7709 -918.0000000000
7718 -917.0000000000
7729 -916.0000000000
7740 -915.0000000000
7753 -914.0000000000
7766 -912.0000000000
7808 -911.0000000000
7834 -908.0000000000
7847 -903.0000000000
7871 -902.0000000000
7885 -900.0000000000
7907 -899.0000000000
7908 -897.0000000000
7949 -896.0000000000
7959 -895.0000000000
7963 -894.0000000000
7980 -893.0000000000
7993 -890.0000000000
8005 -888.0000000000
8054 -886.0000000000
8070 -885.0000000000
8077 -884.0000000000
8104 -883.0000000000
8125 -880.0000000000
8150 -879.0000000000
8184 -878.0000000000
8191 -876.0000000000
8201 -875.0000000000
8233 -874.0000000000
8259 -873.0000000000
8278 -872.0000000000
8289 -871.0000000000
8299 -870.0000000000
8309 -868.0000000000
8318 -866.0000000000
8343 -865.0000000000
8353 -862.0000000000
8376 -861.0000000000
8384 -860.0000000000
8393 -858.0000000000
8428 -857.0000000000
8434 -856.0000000000
8447 -855.0000000000
8453 -853.0000000000
8471 -851.0000000000
8485 -850.0000000000
8498 -849.0000000000
8512 -848.0000000000
8536 -847.0000000000
8542 -846.0000000000
8558 -845.0000000000
8570 -844.0000000000
8578 -843.0000000000
8589 -842.0000000000
8593 -841.0000000000
8599 -839.0000000000
8621 -838.0000000000
8625 -836.0000000000
8637 -835.0000000000
8641 -834.0000000000
8657 -833.0000000000
8684 -832.0000000000
8694 -831.0000000000
8719 -829.0000000000
8732 -828.0000000000
8737 -827.0000000000
8761 -825.0000000000
8778 -824.0000000000
8783 -823.0000000000
8793 -822.0000000000
8794 -821.0000000000
8813 -820.0000000000
8819 -818.0000000000
8831 -817.0000000000
8864 -816.0000000000
8877 -814.0000000000
8895 -813.0000000000
8934 -812.0000000000
8944 -810.0000000000
8976 -809.0000000000
8988 -808.0000000000
8992 -807.0000000000
9008 -806.0000000000
9032 -805.0000000000
9040 -804.0000000000
9050 -803.0000000000
9060 -801.0000000000
9095 -800.0000000000
9101 -797.0000000000
9121 -794.0000000000
9161 -793.0000000000
9191 -792.0000000000
9205 -791.0000000000
9214 -790.0000000000
9235 -789.0000000000
9244 -786.0000000000
9275 -784.0000000000
9291 -783.0000000000
9312 -782.0000000000
9323 -781.0000000000
9343 -780.0000000000
9357 -778.0000000000
9375 -777.0000000000
9386 -776.0000000000
9401 -774.0000000000
9428 -773.0000000000
9439 -772.0000000000
9460 -771.0000000000
9462 -769.0000000000
9469 -768.0000000000
9514 -766.0000000000
9535 -765.0000000000
9539 -763.0000000000
9555 -762.0000000000
9562 -761.0000000000
9584 -760.0000000000
9610 -759.0000000000
9615 -758.0000000000
9645 -757.0000000000
9660 -756.0000000000
9680 -754.0000000000
9714 -753.0000000000
9721 -751.0000000000
9751 -750.0000000000
9758 -749.0000000000
9776 -748.0000000000
9779 -747.0000000000
9782 -745.0000000000
9814 -744.0000000000
9821 -743.0000000000
9836 -742.0000000000
9849 -739.0000000000
9867 -737.0000000000
9888 -736.0000000000
9896 -735.0000000000
9925 -732.0000000000
9963 -731.0000000000
9973 -730.0000000000
9983 -729.0000000000
10011 -728.0000000000
10014 -727.0000000000
10031 -726.0000000000
10045 -725.0000000000
10052 -723.0000000000
10068 -722.0000000000
10073 -721.0000000000
10100 -720.0000000000
10153 -719.0000000000
10154 -717.0000000000
10170 -716.0000000000
10179 -715.0000000000
10197 -714.0000000000
10217 -713.0000000000
10227 -711.0000000000
10256 -709.0000000000
10262 -707.0000000000
10291 -706.0000000000
10319 -704.0000000000
10332 -703.0000000000
10339 -701.0000000000
10360 -700.0000000000
10399 -699.0000000000
10414 -698.0000000000
10421 -696.0000000000
10448 -694.0000000000
10453 -692.0000000000
10493 -690.0000000000
10513 -689.0000000000
10550 -688.0000000000
10555 -687.0000000000
10596 -686.0000000000
10611 -685.0000000000
10660 -683.0000000000
10673 -682.0000000000
10681 -680.0000000000
10703 -679.0000000000
10731 -676.0000000000
10784 -675.0000000000
10793 -672.0000000000
10827 -671.0000000000
10845 -670.0000000000
10847 -668.0000000000
10854 -667.0000000000
10861 -666.0000000000
10872 -663.0000000000
10912 -662.0000000000
10951 -661.0000000000
10974 -658.0000000000
11021 -657.0000000000
11055 -656.0000000000
11066 -654.0000000000
11081 -653.0000000000
11094 -652.0000000000
11102 -651.0000000000
11141 -650.0000000000
11158 -648.0000000000
11191 -647.0000000000
11219 -646.0000000000
11221 -645.0000000000
11226 -644.0000000000
11236 -643.0000000000
11259 -642.0000000000
11298 -641.0000000000
11307 -640.0000000000
11338 -639.0000000000
11340 -638.0000000000
11366 -637.0000000000
11382 -636.0000000000
11394 -635.0000000000
11397 -633.0000000000
11441 -632.0000000000
11457 -630.0000000000
11496 -628.0000000000
11510 -627.0000000000
11523 -626.0000000000
11562 -624.0000000000
11608 -621.0000000000
11634 -619.0000000000
11650 -618.0000000000
11657 -617.0000000000
11661 -616.0000000000
11692 -615.0000000000
11722 -614.0000000000
11756 -610.0000000000
11796 -608.0000000000
11803 -606.0000000000
11837 -603.0000000000
11853 -602.0000000000
11910 -601.0000000000
11932 -600.0000000000
11936 -599.0000000000
11942 -598.0000000000
11967 -597.0000000000
12007 -596.0000000000
12014 -595.0000000000
12029 -594.0000000000
12067 -593.0000000000
12087 -592.0000000000
12103 -589.0000000000
12138 -588.0000000000
12154 -587.0000000000
12161 -586.0000000000
12174 -585.0000000000
12184 -583.0000000000
12203 -581.0000000000
12210 -580.0000000000
12243 -578.0000000000
12278 -577.0000000000
12285 -575.0000000000
12306 -574.0000000000
12325 -573.0000000000
12348 -572.0000000000
12360 -571.0000000000
12362 -569.0000000000
12384 -565.0000000000
12443 -564.0000000000
12465 -563.0000000000
12484 -561.0000000000
12519 -560.0000000000
12531 -558.0000000000
12581 -557.0000000000
12584 -556.0000000000
12637 -552.0000000000
12685 -551.0000000000
12707 -550.0000000000
12708 -548.0000000000
12721 -547.0000000000
12733 -545.0000000000
12745 -544.0000000000
12769 -543.0000000000
12800 -542.0000000000
12808 -541.0000000000
12849 -539.0000000000
12873 -538.0000000000
12903 -537.0000000000
12919 -536.0000000000
12961 -535.0000000000
12971 -534.0000000000
12984 -533.0000000000
12992 -531.0000000000
13026 -530.0000000000
13042 -529.0000000000
13052 -528.0000000000
13064 -526.0000000000
13089 -525.0000000000
13102 -524.0000000000
13130 -523.0000000000
13157 -522.0000000000
13177 -521.0000000000
13204 -520.0000000000
13205 -519.0000000000
13265 -518.0000000000
13271 -516.0000000000
13300 -515.0000000000
13315 -514.0000000000
13331 -513.0000000000
13332 -511.0000000000
13353 -508.0000000000
13383 -507.0000000000
13415 -506.0000000000
13448 -505.0000000000
13478 -504.0000000000
13498 -503.0000000000
13501 -501.0000000000
13516 -500.0000000000
13546 -499.0000000000
13564 -498.0000000000
13622 -497.0000000000
13631 -496.0000000000
13650 -495.0000000000
13653 -494.0000000000
13681 -492.0000000000
13704 -491.0000000000
13732 -490.0000000000
13758 -488.0000000000
13766 -487.0000000000
13834 -483.0000000000
13843 -482.0000000000
13875 -481.0000000000
13898 -480.0000000000
13903 -479.0000000000
13909 -478.0000000000
13949 -477.0000000000
13973 -476.0000000000
13984 -474.0000000000
14037 -473.0000000000
14042 -472.0000000000
14087 -471.0000000000
14126 -469.0000000000
14133 -467.0000000000
14172 -466.0000000000
14176 -465.0000000000
14181 -463.0000000000
14197 -462.0000000000
14225 -460.0000000000
14281 -457.0000000000
14309 -456.0000000000
14328 -455.0000000000
14353 -454.0000000000
14387 -453.0000000000
14400 -452.0000000000
14415 -451.0000000000
14458 -450.0000000000
14485 -449.0000000000
14487 -447.0000000000
14527 -446.0000000000
14557 -445.0000000000
14589 -444.0000000000
14606 -442.0000000000
14627 -441.0000000000
14662 -438.0000000000
14692 -437.0000000000
14720 -436.0000000000
14735 -435.0000000000
14751 -434.0000000000
14771 -433.0000000000
14794 -431.0000000000
14816 -430.0000000000
14867 -429.0000000000
14892 -428.0000000000
14921 -427.0000000000
14930 -425.0000000000
14973 -424.0000000000
14996 -423.0000000000
14997 -422.0000000000
15010 -421.0000000000
15051 -420.0000000000
15066 -418.0000000000
15131 -417.0000000000
15151 -416.0000000000
15175 -415.0000000000
15202 -414.0000000000
15272 -412.0000000000
15307 -411.0000000000
15343 -409.0000000000
15376 -408.0000000000
15415 -407.0000000000
15434 -406.0000000000
15440 -405.0000000000
15454 -403.0000000000
15489 -401.0000000000
15531 -400.0000000000
15547 -399.0000000000
15595 -398.0000000000
15601 -397.0000000000
15633 -396.0000000000
15642 -395.0000000000
15668 -394.0000000000
15696 -391.0000000000
15739 -390.0000000000
15744 -389.0000000000
15764 -386.0000000000
15818 -384.0000000000
15826 -383.0000000000
15844 -382.0000000000
15881 -380.0000000000
15912 -379.0000000000
15944 -378.0000000000
15964 -377.0000000000
16011 -376.0000000000
16040 -375.0000000000
16063 -374.0000000000
16082 -373.0000000000
16133 -372.0000000000
16145 -371.0000000000
16184 -370.0000000000
16211 -366.0000000000
16253 -365.0000000000
16255 -364.0000000000
16288 -363.0000000000
16292 -362.0000000000
16344 -360.0000000000
16370 -359.0000000000
16385 -358.0000000000
16455 -357.0000000000
16467 -356.0000000000
16493 -355.0000000000
16497 -354.0000000000
16547 -353.0000000000
16564 -352.0000000000
16592 -351.0000000000
16649 -350.0000000000
16654 -349.0000000000
16685 -346.0000000000
16722 -344.0000000000
16737 -343.0000000000
16783 -342.0000000000
16791 -341.0000000000
16837 -340.0000000000
16854 -339.0000000000
16877 -338.0000000000
16907 -337.0000000000
16939 -335.0000000000
16965 -334.0000000000
17017 -333.0000000000
17029 -332.0000000000
17062 -331.0000000000
17103 -327.0000000000
17131 -326.0000000000
17135 -325.0000000000
17181 -324.0000000000
17216 -321.0000000000
17256 -320.0000000000
17289 -319.0000000000
17309 -318.0000000000
17360 -317.0000000000
17388 -316.0000000000
17411 -315.0000000000
17428 -314.0000000000
17432 -313.0000000000
17461 -312.0000000000
17466 -311.0000000000
17498 -310.0000000000
17522 -309.0000000000
17543 -308.0000000000
17552 -307.0000000000
17597 -306.0000000000
17680 -305.0000000000
17702 -304.0000000000
17751 -303.0000000000
17816 -302.0000000000
17821 -301.0000000000
17856 -300.0000000000
17902 -299.0000000000
17961 -298.0000000000
17977 -297.0000000000
18001 -296.0000000000
18012 -295.0000000000
18060 -294.0000000000
18100 -293.0000000000
18164 -291.0000000000
18211 -290.0000000000
18245 -289.0000000000
18264 -288.0000000000
18278 -287.0000000000
18320 -286.0000000000
18344 -285.0000000000
18347 -284.0000000000
18401 -283.0000000000
18423 -282.0000000000
18438 -281.0000000000
18483 -279.0000000000
18527 -278.0000000000
18584 -276.0000000000
18647 -274.0000000000
18693 -273.0000000000
18737 -272.0000000000
18806 -271.0000000000
18853 -270.0000000000
18877 -268.0000000000
18921 -267.0000000000
18941 -266.0000000000
18961 -264.0000000000
19053 -263.0000000000
19066 -262.0000000000
19136 -261.0000000000
19158 -260.0000000000
19163 -257.0000000000
19217 -256.0000000000
19258 -255.0000000000
19288 -254.0000000000
19301 -253.0000000000
19322 -252.0000000000
19368 -251.0000000000
19414 -250.0000000000
19470 -249.0000000000
19486 -248.0000000000
19495 -247.0000000000
19507 -245.0000000000
19540 -244.0000000000
19587 -243.0000000000
19609 -242.0000000000
19614 -241.0000000000
19623 -240.0000000000
19632 -239.0000000000
19677 -238.0000000000
19693 -237.0000000000
19696 -236.0000000000
19711 -235.0000000000
19733 -233.0000000000
19767 -232.0000000000
19808 -231.0000000000
19831 -230.0000000000
19865 -229.0000000000
19900 -228.0000000000
19906 -227.0000000000
19933 -226.0000000000
19938 -224.0000000000
19979 -222.0000000000
20033 -221.0000000000
20084 -220.0000000000
20126 -219.0000000000
20152 -218.0000000000
20173 -217.0000000000
20250 -216.0000000000
20258 -215.0000000000
20265 -214.0000000000
20310 -211.0000000000
20355 -210.0000000000
20368 -209.0000000000
20371 -207.0000000000
20471 -206.0000000000
20532 -204.0000000000
20580 -203.0000000000
20588 -202.0000000000
20654 -201.0000000000
20684 -200.0000000000
20708 -199.0000000000
20734 -197.0000000000
20773 -196.0000000000
20784 -195.0000000000
20797 -193.0000000000
20873 -191.0000000000
20940 -190.0000000000
20960 -189.0000000000
21017 -188.0000000000
21025 -187.0000000000
21054 -186.0000000000
21139 -185.0000000000
21157 -184.0000000000
21170 -182.0000000000
21186 -181.0000000000
21206 -180.0000000000
21253 -179.0000000000
21284 -178.0000000000
21357 -177.0000000000
21443 -176.0000000000
21445 -175.0000000000
21450 -173.0000000000
21541 -172.0000000000
21552 -171.0000000000
21583 -170.0000000000
21625 -169.0000000000
21691 -168.0000000000
21705 -167.0000000000
21744 -166.0000000000
21761 -165.0000000000
21783 -163.0000000000
21854 -162.0000000000
21917 -160.0000000000
21951 -159.0000000000
21999 -158.0000000000
22042 -157.0000000000
22095 -156.0000000000
22241 -155.0000000000
22273 -154.0000000000
22319 -152.0000000000
22377 -151.0000000000
22394 -149.0000000000
22419 -148.0000000000
22506 -147.0000000000
22548 -146.0000000000
22619 -145.0000000000
22639 -144.0000000000
22673 -143.0000000000
22688 -142.0000000000
22743 -141.0000000000
22776 -140.0000000000
22803 -139.0000000000
22818 -138.0000000000
22875 -137.0000000000
22950 -136.0000000000
23031 -135.0000000000
23084 -134.0000000000
23109 -133.0000000000
23152 -132.0000000000
23279 -131.0000000000
23309 -129.0000000000
23312 -128.0000000000
23347 -127.0000000000
23448 -126.0000000000
23470 -125.0000000000
23519 -124.0000000000
23564 -123.0000000000
23615 -122.0000000000
23642 -121.0000000000
23650 -119.0000000000
23788 -117.0000000000
23800 -116.0000000000
23824 -114.0000000000
23878 -112.0000000000
23883 -111.0000000000
23937 -110.0000000000
23957 -108.0000000000
24084 -107.0000000000
24140 -106.0000000000
24176 -104.0000000000
24463 -103.0000000000
24524 -102.0000000000
24594 -101.0000000000
24707 -100.0000000000
24814 -99.0000000000
24868 -98.0000000000
25013 -97.0000000000
25038 -96.0000000000
25141 -95.0000000000
25185 -94.0000000000
25194 -93.0000000000
25283 -92.0000000000
25364 -91.0000000000
25384 -90.0000000000
25433 -88.0000000000
25564 -87.0000000000
25623 -86.0000000000
25652 -85.0000000000
25669 -84.0000000000
25784 -81.0000000000
25874 -80.0000000000
25950 -79.0000000000
26007 -78.0000000000
26052 -75.0000000000
26173 -74.0000000000
26254 -73.0000000000
26352 -72.0000000000
26400 -71.0000000000
26461 -70.0000000000
26551 -69.0000000000
26603 -68.0000000000
26661 -67.0000000000
26722 -66.0000000000
26766 -65.0000000000
26790 -64.0000000000
26832 -63.0000000000
26911 -62.0000000000
26957 -61.0000000000
26978 -60.0000000000
27084 -58.0000000000
27179 -55.0000000000
27193 -54.0000000000
27619 -53.0000000000
27781 -52.0000000000
28121 -51.0000000000
28200 -50.0000000000
28334 -49.0000000000
28423 -48.0000000000
28590 -47.0000000000
28644 -46.0000000000
28701 -45.0000000000
28759 -44.0000000000
28830 -43.0000000000
29108 -42.0000000000
29302 -41.0000000000
29335 -40.0000000000
29426 -39.0000000000
29441 -37.0000000000
29576 -36.0000000000
29901 -34.0000000000
30282 -32.0000000000
30625 -31.0000000000
30681 -30.0000000000
30719 -29.0000000000
30765 -28.0000000000
30870 -27.0000000000
30876 -26.0000000000
31094 -24.0000000000
31578 -23.0000000000
31584 -22.0000000000
31697 -21.0000000000
31730 -20.0000000000
31904 -18.0000000000
32366 -17.0000000000
33045 -16.0000000000
33560 -15.0000000000
33606 -14.0000000000
33738 -13.0000000000
34242 -11.0000000000
34661 -10.0000000000
35000 -8.0000000000
36040 -7.0000000000
36373 -6.0000000000
36685 -5.0000000000
37983 -4.0000000000
38040 -3.0000000000
38166 -2.0000000000
38723 77.8900000000
39128 88.1000000000
39187 93.7100000000
39336 93.8900000000
39358 97.6100000000
39512 101.3500000000
39572 104.9500000000
41320 109.2800000000
41557 126.3500000000
42012 152.1500000000
42102 262.3100000000
42119 268.2800000000
42179 268.3000000000
42264 268.8100000000
42357 269.3700000000
42366 270.9500000000
42422 276.8700000000
42655 282.9100000000
42992 283.0900000000
43148 285.5100000000
43418 295.4200000000
44198 399.8600000000
47744 404.4900000000
47844 406.0400000000
47845 406.9000000000
47979 407.8800000000
47993 424.2600000000
50084 493.8100000000
52005 497.5400000000
52195 511.2900000000
52229 513.1000000000
52243 518.3700000000
52561 600.6900000000
52684 605.2700000000
52942 606.4200000000
52961 609.2000000000
53386 612.1500000000
54099 617.8100000000
54203 621.4000000000
59109 627.6700000000
60368 635.4600000000
61285 636.5400000000
61332 650.0600000000
61431 653.9100000000
61683 658.7400000000
61745 658.7700000000
62211 678.5000000000
64124 680.8700000000
64127 685.5300000000
64572 685.5500000000
64911 688.9200000000
64919 703.8700000000
100000 -1.0000000000
evaluations raw_y
1 -2005.0000000000
3 -1976.0000000000
4 -1956.0000000000
18 -1955.0000000000
27 -1944.0000000000
31 -1939.0000000000
35 -1934.0000000000
42 -1911.0000000000
57 -1897.0000000000
82 -1893.0000000000
91 -1885.0000000000
96 -1879.0000000000
105 -1875.0000000000
111 -1873.0000000000
114 -1868.0000000000
125 -1866.0000000000
135 -1858.0000000000
147 -1857.0000000000
148 -1852.0000000000
158 -1849.0000000000
162 -1843.0000000000
171 -1842.0000000000
173 -1841.0000000000
185 -1840.0000000000
193 -1837.0000000000
209 -1836.0000000000
215 -1835.0000000000
238 -1832.0000000000
245 -1830.0000000000
266 -1828.0000000000
271 -1827.0000000000
273 -1826.0000000000
307 -1825.0000000000
310 -1823.0000000000
329 -1822.0000000000
332 -1821.0000000000
343 -1820.0000000000
345 -1819.0000000000
368 -1816.0000000000
372 -1815.0000000000
381 -1814.0000000000
402 -1813.0000000000
412 -1812.0000000000
423 -1811.0000000000
427 -1810.0000000000
431 -1809.0000000000
443 -1807.0000000000
454 -1806.0000000000
462 -1804.0000000000
475 -1800.0000000000
494 -1799.0000000000
505 -1797.0000000000
517 -1795.0000000000
531 -1794.0000000000
541 -1793.0000000000
546 -1791.0000000000
552 -1790.0000000000
557 -1789.0000000000
567 -1788.0000000000
583 -1787.0000000000
584 -1784.0000000000
611 -1783.0000000000
618 -1782.0000000000
625 -1781.0000000000
628 -1780.0000000000
649 -1779.0000000000
652 -1778.0000000000
662 -1777.0000000000
665 -1776.0000000000
666 -1774.0000000000
681 -1772.0000000000
705 -1771.0000000000
713 -1770.0000000000
719 -1768.0000000000
725 -1767.0000000000
736 -1766.0000000000
769 -1765.0000000000
781 -1764.0000000000
794 -1761.0000000000
801 -1760.0000000000
823 -1758.0000000000
837 -1757.0000000000
845 -1755.0000000000
853 -1754.0000000000
863 -1753.0000000000
874 -1751.0000000000
877 -1750.0000000000
883 -1747.0000000000
902 -1743.0000000000
925 -1742.0000000000
936 -1741.0000000000
941 -1740.0000000000
958 -1739.0000000000
961 -1737.0000000000
971 -1735.0000000000
994 -1734.0000000000
1001 -1732.0000000000
1015 -1731.0000000000
1027 -1730.0000000000
1028 -1729.0000000000
1041 -1727.0000000000
1055 -1726.0000000000
1080 -1724.0000000000
1092 -1722.0000000000
1094 -1720.0000000000
1108 -1717.0000000000
1114 -1716.0000000000
1127 -1713.0000000000
1135 -1712.0000000000
1153 -1710.0000000000
1168 -1708.0000000000
1182 -1707.0000000000
1195 -1706.0000000000
1198 -1703.0000000000
1203 -1701.0000000000
1216 -1700.0000000000
1238 -1699.0000000000
1252 -1697.0000000000
1275 -1695.0000000000
1294 -1692.0000000000
1302 -1691.0000000000
1320 -1687.0000000000
1334 -1686.0000000000
1346 -1685.0000000000
1364 -1684.0000000000
1376 -1683.0000000000
1383 -1681.0000000000
1413 -1680.0000000000
1422 -1679.0000000000
1425 -1677.0000000000
1434 -1674.0000000000
1444 -1673.0000000000
1450 -1671.0000000000
1463 -1669.0000000000
1482 -1667.0000000000
1483 -1663.0000000000
1511 -1661.0000000000
1522 -1660.0000000000
1531 -1659.0000000000
1533 -1658.0000000000
1542 -1657.0000000000
1545 -1655.0000000000
1563 -1654.0000000000
1568 -1651.0000000000
1591 -1649.0000000000
1607 -1648.0000000000
1621 -1646.0000000000
1635 -1645.0000000000
1652 -1644.0000000000
1653 -1642.0000000000
1668 -1641.0000000000
1678 -1640.0000000000
1680 -1637.0000000000
1691 -1636.0000000000
1701 -1633.0000000000
1729 -1631.0000000000
1732 -1628.0000000000
1749 -1627.0000000000
1751 -1625.0000000000
1762 -1624.0000000000
1772 -1622.0000000000
1787 -1620.0000000000
1801 -1617.0000000000
1812 -1615.0000000000
1825 -1613.0000000000
1851 -1611.0000000000
1863 -1610.0000000000
1869 -1609.0000000000
1884 -1607.0000000000
1901 -1604.0000000000
1927 -1603.0000000000
1932 -1602.0000000000
1942 -1601.0000000000
1955 -1600.0000000000
1956 -1599.0000000000
1972 -1598.0000000000
1974 -1596.0000000000
1981 -1595.0000000000
1985 -1594.0000000000
2001 -1592.0000000000
2017 -1591.0000000000
2024 -1590.0000000000
2031 -1589.0000000000
2047 -1588.0000000000
2048 -1586.0000000000
2053 -1585.0000000000
2061 -1583.0000000000
2076 -1581.0000000000
2085 -1579.0000000000
2115 -1578.0000000000
2116 -1577.0000000000
2125 -1576.0000000000
2129 -1574.0000000000
2137 -1573.0000000000
2142 -1571.0000000000
2150 -1570.0000000000
2171 -1568.0000000000
2185 -1567.0000000000
2210 -1566.0000000000
2218 -1565.0000000000
2235 -1563.0000000000
2248 -1562.0000000000
2253 -1561.0000000000
2276 -1559.0000000000
2284 -1558.0000000000
2291 -1557.0000000000
2302 -1556.0000000000
2328 -1555.0000000000
2334 -1554.0000000000
2357 -1553.0000000000
2366 -1551.0000000000
2376 -1550.0000000000
2398 -1549.0000000000
2401 -1545.0000000000
2413 -1543.0000000000
2441 -1542.0000000000
2446 -1541.0000000000
2459 -1539.0000000000
2482 -1538.0000000000
2496 -1535.0000000000
2509 -1534.0000000000
2512 -1532.0000000000
2536 -1530.0000000000
2551 -1528.0000000000
2566 -1527.0000000000
2571 -1525.0000000000
2600 -1523.0000000000
2612 -1522.0000000000
2614 -1521.0000000000
2625 -1520.0000000000
2643 -1519.0000000000
2646 -1518.0000000000
2661 -1516.0000000000
2663 -1515.0000000000
2681 -1512.0000000000
2692 -1511.0000000000
2703 -1510.0000000000
2711 -1509.0000000000
2728 -1508.0000000000
2739 -1506.0000000000
2760 -1505.0000000000
2764 -1504.0000000000
2768 -1503.0000000000
2771 -1500.0000000000
2786 -1498.0000000000
2811 -1497.0000000000
2827 -1496.0000000000
2828 -1495.0000000000
2840 -1494.0000000000
2855 -1490.0000000000
2878 -1489.0000000000
2884 -1488.0000000000
2887 -1486.0000000000
2907 -1485.0000000000
2915 -1484.0000000000
2921 -1483.0000000000
2924 -1482.0000000000
2941 -1480.0000000000
2966 -1479.0000000000
2986 -1478.0000000000
2992 -1477.0000000000
3014 -1476.0000000000
3021 -1475.0000000000
3022 -1474.0000000000
3023 -1473.0000000000
3039 -1471.0000000000
3055 -1470.0000000000
3061 -1469.0000000000
3075 -1468.0000000000
3082 -1467.0000000000
3096 -1465.0000000000
3099 -1464.0000000000
3106 -1463.0000000000
3120 -1462.0000000000
3122 -1461.0000000000
3124 -1460.0000000000
3141 -1459.0000000000
3161 -1458.0000000000
3164 -1457.0000000000
3174 -1456.0000000000
3177 -1454.0000000000
3206 -1453.0000000000
3222 -1452.0000000000
3225 -1451.0000000000
3235 -1446.0000000000
3261 -1443.0000000000
3278 -1441.0000000000
3285 -1440.0000000000
3300 -1438.0000000000
3324 -1437.0000000000
3329 -1436.0000000000
3341 -1434.0000000000
3353 -1432.0000000000
3372 -1431.0000000000
3385 -1430.0000000000
3409 -1427.0000000000
3422 -1423.0000000000
3438 -1422.0000000000
3441 -1421.0000000000
3469 -1418.0000000000
3486 -1417.0000000000
3491 -1415.0000000000
3494 -1413.0000000000
3515 -1412.0000000000
3529 -1411.0000000000
3534 -1409.0000000000
3541 -1408.0000000000
3569 -1407.0000000000
3587 -1403.0000000000
3605 -1402.0000000000
3611 -1401.0000000000
3619 -1398.0000000000
3640 -1397.0000000000
3649 -1396.0000000000
3651 -1394.0000000000
3687 -1393.0000000000
3692 -1392.0000000000
3703 -1391.0000000000
3712 -1390.0000000000
3725 -1389.0000000000
3728 -1388.0000000000
3737 -1387.0000000000
3751 -1386.0000000000
3764 -1385.0000000000
3767 -1384.0000000000
3781 -1382.0000000000
3800 -1379.0000000000
3804 -1378.0000000000
3832 -1377.0000000000
3842 -1376.0000000000
3847 -1375.0000000000
3861 -1374.0000000000
3870 -1373.0000000000
3871 -1372.0000000000
3875 -1368.0000000000
3923 -1367.0000000000
3934 -1366.0000000000
3939 -1364.0000000000
3944 -1363.0000000000
3951 -1362.0000000000
3969 -1361.0000000000
3980 -1359.0000000000
3981 -1358.0000000000
4006 -1357.0000000000
4012 -1355.0000000000
4031 -1354.0000000000
4041 -1353.0000000000
4055 -1351.0000000000
4079 -1350.0000000000
4083 -1349.0000000000
4084 -1348.0000000000
4094 -1346.0000000000
4112 -1345.0000000000
4130 -1344.0000000000
4134 -1343.0000000000
4145 -1342.0000000000
4170 -1341.0000000000
4179 -1340.0000000000
4195 -1338.0000000000
4205 -1337.0000000000
4211 -1336.0000000000
4213 -1335.0000000000
4231 -1333.0000000000
4241 -1330.0000000000
4272 -1329.0000000000
4291 -1326.0000000000
4307 -1323.0000000000
4323 -1322.0000000000
4331 -1321.0000000000
4352 -1318.0000000000
4362 -1317.0000000000
4391 -1316.0000000000
4410 -1315.0000000000
4415 -1314.0000000000
4419 -1313.0000000000
4421 -1312.0000000000
4432 -1308.0000000000
4471 -1307.0000000000
4484 -1305.0000000000
4495 -1304.0000000000
4511 -1303.0000000000
4516 -1302.0000000000
4521 -1301.0000000000
4536 -1300.0000000000
4550 -1298.0000000000
4562 -1297.0000000000
4572 -1296.0000000000
4587 -1295.0000000000
4591 -1294.0000000000
4610 -1291.0000000000
4620 -1290.0000000000
4646 -1289.0000000000
4651 -1288.0000000000
4661 -1287.0000000000
4679 -1286.0000000000
4691 -1284.0000000000
4708 -1282.0000000000
4727 -1281.0000000000
4730 -1280.0000000000
4733 -1279.0000000000
4745 -1276.0000000000
4771 -1275.0000000000
4794 -1274.0000000000
4803 -1273.0000000000
4804 -1271.0000000000
4818 -1270.0000000000
4831 -1269.0000000000
4856 -1268.0000000000
4862 -1266.0000000000
4872 -1264.0000000000
4891 -1263.0000000000
4909 -1262.0000000000
4926 -1261.0000000000
4947 -1257.0000000000
4969 -1256.0000000000
4977 -1255.0000000000
4981 -1254.0000000000
4996 -1253.0000000000
5018 -1250.0000000000
5029 -1249.0000000000
5041 -1248.0000000000
5054 -1246.0000000000
5063 -1245.0000000000
5082 -1244.0000000000
5100 -1243.0000000000
5116 -1240.0000000000
5128 -1239.0000000000
5131 -1238.0000000000
5154 -1237.0000000000
5168 -1236.0000000000
5169 -1235.0000000000
5184 -1234.0000000000
5195 -1233.0000000000
5206 -1232.0000000000
5211 -1229.0000000000
5216 -1228.0000000000
5228 -1227.0000000000
5231 -1226.0000000000
5256 -1221.0000000000
5276 -1219.0000000000
5281 -1218.0000000000
5295 -1217.0000000000
5298 -1216.0000000000
5331 -1213.0000000000
5343 -1212.0000000000
5360 -1211.0000000000
5367 -1207.0000000000
5385 -1206.0000000000
5399 -1205.0000000000
5422 -1204.0000000000
5445 -1203.0000000000
5461 -1201.0000000000
5471 -1199.0000000000
5493 -1197.0000000000
5509 -1196.0000000000
5518 -1190.0000000000
5543 -1188.0000000000
5553 -1187.0000000000
5578 -1186.0000000000
5584 -1184.0000000000
5595 -1183.0000000000
5604 -1182.0000000000
5614 -1181.0000000000
5627 -1180.0000000000
5632 -1179.0000000000
5640 -1177.0000000000
5652 -1176.0000000000
5670 -1175.0000000000
5674 -1174.0000000000
5694 -1170.0000000000
5721 -1169.0000000000
5755 -1168.0000000000
5782 -1167.0000000000
5791 -1165.0000000000
5815 -1163.0000000000
5831 -1160.0000000000
5842 -1158.0000000000
5865 -1157.0000000000
5871 -1155.0000000000
5907 -1153.0000000000
5928 -1152.0000000000
5940 -1151.0000000000
5950 -1150.0000000000
5959 -1149.0000000000
5962 -1148.0000000000
5971 -1146.0000000000
5994 -1145.0000000000
6003 -1144.0000000000
6004 -1143.0000000000
6015 -1142.0000000000
6023 -1140.0000000000
6040 -1138.0000000000
6052 -1137.0000000000
6080 -1133.0000000000
6111 -1132.0000000000
6118 -1131.0000000000
6124 -1130.0000000000
6125 -1127.0000000000
6144 -1125.0000000000
6162 -1124.0000000000
6171 -1123.0000000000
6186 -1122.0000000000
6201 -1121.0000000000
6203 -1120.0000000000
6215 -1119.0000000000
6231 -1118.0000000000
6233 -1116.0000000000
6243 -1115.0000000000
6273 -1113.0000000000
6274 -1112.0000000000
6300 -1110.0000000000
6318 -1109.0000000000
6346 -1108.0000000000
6349 -1107.0000000000
6375 -1106.0000000000
6397 -1104.0000000000
6415 -1103.0000000000
6426 -1100.0000000000
6429 -1099.0000000000
6443 -1098.0000000000
6473 -1097.0000000000
6482 -1096.0000000000
6491 -1095.0000000000
6496 -1094.0000000000
6517 -1093.0000000000
6549 -1092.0000000000
6562 -1091.0000000000
6579 -1089.0000000000
6608 -1088.0000000000
6615 -1087.0000000000
6622 -1086.0000000000
6633 -1085.0000000000
6654 -1084.0000000000
6655 -1082.0000000000
6661 -1081.0000000000
6682 -1080.0000000000
6691 -1079.0000000000
6704 -1078.0000000000
6708 -1077.0000000000
6721 -1076.0000000000
6722 -1075.0000000000
6729 -1074.0000000000
6743 -1071.0000000000
6756 -1070.0000000000
6781 -1069.0000000000
6794 -1066.0000000000
6815 -1065.0000000000
6832 -1064.0000000000
6842 -1063.0000000000
6853 -1062.0000000000
6864 -1059.0000000000
6902 -1058.0000000000
6919 -1057.0000000000
6926 -1056.0000000000
6934 -1055.0000000000
6941 -1052.0000000000
6952 -1051.0000000000
6964 -1050.0000000000
6979 -1048.0000000000
7001 -1046.0000000000
7014 -1045.0000000000
7024 -1044.0000000000
7038 -1041.0000000000
7065 -1039.0000000000
7083 -1038.0000000000
7098 -1037.0000000000
7103 -1035.0000000000
7134 -1034.0000000000
7140 -1033.0000000000
7163 -1032.0000000000
7177 -1031.0000000000
7178 -1030.0000000000
7191 -1028.0000000000
7199 -1026.0000000000
7231 -1025.0000000000
7246 -1024.0000000000
7271 -1023.0000000000
7291 -1018.0000000000
7311 -1017.0000000000
7323 -1015.0000000000
7345 -1014.0000000000
7377 -1013.0000000000
7386 -1012.0000000000
7397 -1011.0000000000
7405 -1010.0000000000
7421 -1007.0000000000
7431 -1006.0000000000
7446 -1005.0000000000
7452 -1004.0000000000
7453 -1003.0000000000
7467 -1002.0000000000
7468 -1001.0000000000
7486 -999.0000000000
7504 -998.0000000000
7513 -996.0000000000
7542 -995.0000000000
7553 -993.0000000000
7566 -992.0000000000
7581 -990.0000000000
7595 -989.0000000000
7605 -986.0000000000
7612 -985.0000000000
7647 -984.0000000000
7657 -983.0000000000
7661 -982.0000000000
7674 -980.0000000000
7684 -979.0000000000
7694 -975.0000000000
7715 -974.0000000000
7720 -973.0000000000
7747 -972.0000000000
7750 -971.0000000000
7752 -966.0000000000
7795 -965.0000000000
7821 -964.0000000000
7829 -963.0000000000
7830 -962.0000000000
7854 -961.0000000000
7858 -960.0000000000
7873 -959.0000000000
7882 -958.0000000000
7891 -957.0000000000
7904 -956.0000000000
7914 -955.0000000000
7933 -954.0000000000
7937 -953.0000000000
7951 -951.0000000000
7984 -950.0000000000
7992 -946.0000000000
8033 -945.0000000000
8050 -944.0000000000
8064 -943.0000000000
8079 -942.0000000000
8087 -941.0000000000
8106 -940.0000000000
8119 -938.0000000000
8153 -937.0000000000
8162 -935.0000000000
8173 -933.0000000000
8181 -932.0000000000
8192 -931.0000000000
8225 -928.0000000000
8253 -926.0000000000
8278 -925.0000000000
8285 -924.0000000000
8288 -923.0000000000
8302 -921.0000000000
8327 -920.0000000000
8334 -919.0000000000
8377 -918.0000000000
8384 -917.0000000000
8391 -916.0000000000
8393 -915.0000000000
8406 -914.0000000000
8436 -913.0000000000
8442 -912.0000000000
8444 -910.0000000000
8463 -909.0000000000
8480 -907.0000000000
8499 -906.0000000000
8516 -905.0000000000
8530 -904.0000000000
8533 -903.0000000000
8560 -902.0000000000
8562 -901.0000000000
8566 -898.0000000000
8591 -897.0000000000
8595 -896.0000000000
8606 -895.0000000000
8634 -894.0000000000
8650 -893.0000000000
8671 -892.0000000000
8682 -891.0000000000
8695 -890.0000000000
8715 -888.0000000000
8731 -887.0000000000
8733 -886.0000000000
8761 -885.0000000000
8782 -884.0000000000
8806 -883.0000000000
8819 -882.0000000000
8821 -881.0000000000
8824 -880.0000000000
8859 -878.0000000000
8865 -877.0000000000
8887 -875.0000000000
8897 -873.0000000000
8914 -871.0000000000
8935 -870.0000000000
8956 -869.0000000000
8960 -867.0000000000
8981 -865.0000000000
9026 -864.0000000000
9040 -863.0000000000
9063 -861.0000000000
9079 -860.0000000000
9097 -859.0000000000
9102 -858.0000000000
9111 -856.0000000000
9147 -854.0000000000
9151 -853.0000000000
9173 -851.0000000000
9212 -849.0000000000
9251 -845.0000000000
9306 -844.0000000000
9327 -843.0000000000
9340 -842.0000000000
9364 -840.0000000000
9387 -839.0000000000
9391 -838.0000000000
9403 -837.0000000000
9407 -836.0000000000
9411 -834.0000000000
9440 -833.0000000000
9453 -832.0000000000
9455 -831.0000000000
9465 -829.0000000000
9480 -827.0000000000
9492 -826.0000000000
9504 -825.0000000000
9511 -824.0000000000
9521 -819.0000000000
9551 -818.0000000000
9562 -817.0000000000
9587 -815.0000000000
9602 -814.0000000000
9621 -813.0000000000
9625 -811.0000000000
9632 -809.0000000000
9659 -808.0000000000
9689 -807.0000000000
9695 -805.0000000000
9731 -804.0000000000
9742 -802.0000000000
9833 -800.0000000000
9857 -799.0000000000
9871 -798.0000000000
9881 -797.0000000000
9896 -796.0000000000
9899 -795.0000000000
9915 -793.0000000000
9946 -791.0000000000
9983 -790.0000000000
9985 -789.0000000000
9992 -788.0000000000
9997 -787.0000000000
10033 -786.0000000000
10041 -785.0000000000
10048 -784.0000000000
10065 -783.0000000000
10075 -781.0000000000
10093 -780.0000000000
10099 -779.0000000000
10112 -778.0000000000
10114 -777.0000000000
10131 -776.0000000000
10160 -775.0000000000
10199 -774.0000000000
10211 -773.0000000000
10222 -772.0000000000
10241 -771.0000000000
10250 -769.0000000000
10263 -768.0000000000
10274 -767.0000000000
10300 -766.0000000000
10312 -765.0000000000
10330 -764.0000000000
10357 -762.0000000000
10358 -761.0000000000
10365 -760.0000000000
10383 -759.0000000000
10411 -758.0000000000
10425 -757.0000000000
10435 -756.0000000000
10452 -755.0000000000
10498 -754.0000000000
10534 -753.0000000000
10557 -752.0000000000
10580 -751.0000000000
10605 -750.0000000000
10631 -749.0000000000
10642 -748.0000000000
10674 -747.0000000000
10677 -746.0000000000
10696 -745.0000000000
10700 -744.0000000000
10717 -742.0000000000
10727 -741.0000000000
10737 -740.0000000000
10744 -738.0000000000
10781 -737.0000000000
10800 -736.0000000000
10813 -735.0000000000
10841 -734.0000000000
10861 -733.0000000000
10872 -732.0000000000
10893 -731.0000000000
10901 -730.0000000000
10935 -729.0000000000
10955 -728.0000000000
10967 -726.0000000000
10970 -725.0000000000
10979 -724.0000000000
10980 -723.0000000000
10990 -721.0000000000
11014 -720.0000000000
11028 -718.0000000000
11045 -717.0000000000
11050 -716.0000000000
11072 -715.0000000000
11075 -714.0000000000
11106 -713.0000000000
11114 -712.0000000000
11132 -711.0000000000
11146 -710.0000000000
11161 -706.0000000000
11195 -705.0000000000
11201 -704.0000000000
11207 -702.0000000000
11232 -701.0000000000
11235 -700.0000000000
11257 -696.0000000000
11291 -695.0000000000
11321 -694.0000000000
11322 -691.0000000000
11340 -690.0000000000
11359 -689.0000000000
11377 -688.0000000000
11388 -686.0000000000
11411 -685.0000000000
11424 -684.0000000000
11425 -683.0000000000
11441 -682.0000000000
11457 -681.0000000000
11465 -679.0000000000
11488 -676.0000000000
11529 -675.0000000000
11543 -674.0000000000
11559 -672.0000000000
11594 -670.0000000000
11605 -668.0000000000
11625 -667.0000000000
11635 -665.0000000000
11664 -664.0000000000
11685 -662.0000000000
11731 -661.0000000000
11762 -658.0000000000
11796 -657.0000000000
11806 -656.0000000000
11826 -655.0000000000
11832 -653.0000000000
11852 -652.0000000000
11873 -651.0000000000
11881 -647.0000000000
11912 -646.0000000000
11951 -645.0000000000
11976 -644.0000000000
12002 -643.0000000000
12011 -642.0000000000
12046 -641.0000000000
12054 -640.0000000000
12071 -639.0000000000
12089 -638.0000000000
12131 -637.0000000000
12155 -634.0000000000
12171 -633.0000000000
12191 -631.0000000000
12205 -630.0000000000
12211 -629.0000000000
12231 -628.0000000000
12258 -626.0000000000
12270 -624.0000000000
12282 -623.0000000000
12298 -622.0000000000
12313 -621.0000000000
12343 -620.0000000000
12375 -619.0000000000
12382 -616.0000000000
12421 -615.0000000000
12453 -613.0000000000
12462 -612.0000000000
12473 -611.0000000000
12482 -609.0000000000
12492 -608.0000000000
12551 -607.0000000000
12557 -605.0000000000
12591 -604.0000000000
12608 -601.0000000000
12612 -600.0000000000
12667 -599.0000000000
12691 -598.0000000000
12695 -597.0000000000
12730 -596.0000000000
12734 -595.0000000000
12745 -592.0000000000
12782 -591.0000000000
12805 -590.0000000000
12825 -588.0000000000
12871 -587.0000000000
12884 -586.0000000000
12907 -585.0000000000
12923 -584.0000000000
12942 -583.0000000000
12966 -581.0000000000
12983 -579.0000000000
13004 -578.0000000000
13018 -577.0000000000
13025 -575.0000000000
13051 -574.0000000000
13061 -572.0000000000
13092 -571.0000000000
13118 -569.0000000000
13136 -568.0000000000
13158 -567.0000000000
13166 -566.0000000000
13188 -565.0000000000
13192 -564.0000000000
13200 -562.0000000000
13237 -560.0000000000
13266 -558.0000000000
13272 -557.0000000000
13305 -555.0000000000
13315 -554.0000000000
13339 -553.0000000000
13369 -552.0000000000
13377 -551.0000000000
13431 -550.0000000000
13443 -548.0000000000
13448 -547.0000000000
13471 -546.0000000000
13513 -545.0000000000
13554 -544.0000000000
13573 -543.0000000000
13599 -542.0000000000
13626 -540.0000000000
13645 -539.0000000000
13658 -538.0000000000
13671 -536.0000000000
13685 -535.0000000000
13693 -533.0000000000
13704 -532.0000000000
13762 -529.0000000000
13810 -528.0000000000
13822 -527.0000000000
13856 -526.0000000000
13868 -525.0000000000
13873 -524.0000000000
13885 -523.0000000000
13924 -522.0000000000
13960 -521.0000000000
13993 -520.0000000000
13997 -518.0000000000
14040 -517.0000000000
14057 -516.0000000000
14066 -515.0000000000
14081 -514.0000000000
14104 -513.0000000000
14126 -511.0000000000
14132 -510.0000000000
14161 -509.0000000000
14181 -508.0000000000
14233 -507.0000000000
14255 -505.0000000000
14272 -504.0000000000
14310 -503.0000000000
14322 -502.0000000000
14341 -500.0000000000
14345 -498.0000000000
14390 -497.0000000000
14419 -496.0000000000
14452 -495.0000000000
14466 -494.0000000000
14488 -493.0000000000
14495 -492.0000000000
14506 -491.0000000000
14521 -489.0000000000
14540 -488.0000000000
14545 -487.0000000000
14554 -486.0000000000
14559 -485.0000000000
14563 -484.0000000000
14583 -483.0000000000
14593 -482.0000000000
14688 -480.0000000000
14721 -479.0000000000
14738 -477.0000000000
14744 -474.0000000000
14791 -473.0000000000
14810 -472.0000000000
14837 -471.0000000000
14850 -470.0000000000
14855 -469.0000000000
14885 -468.0000000000
14901 -467.0000000000
14930 -466.0000000000
14957 -465.0000000000
14986 -464.0000000000
15007 -462.0000000000
15070 -461.0000000000
15091 -460.0000000000
15127 -459.0000000000
15153 -458.0000000000
15182 -457.0000000000
15225 -456.0000000000
15250 -455.0000000000
15252 -453.0000000000
15313 -452.0000000000
15322 -451.0000000000
15358 -449.0000000000
15391 -447.0000000000
15428 -445.0000000000
15442 -443.0000000000
15454 -441.0000000000
15529 -440.0000000000
15538 -439.0000000000
15558 -438.0000000000
15583 -437.0000000000
15603 -436.0000000000
15614 -434.0000000000
15659 -433.0000000000
15673 -432.0000000000
15731 -431.0000000000
15758 -430.0000000000
15776 -429.0000000000
15793 -428.0000000000
15812 -427.0000000000
15824 -426.0000000000
15836 -424.0000000000
15898 -423.0000000000
15918 -422.0000000000
15922 -419.0000000000
15951 -418.0000000000
15974 -417.0000000000
15976 -415.0000000000
16006 -414.0000000000
16026 -413.0000000000
16049 -412.0000000000
16066 -410.0000000000
16101 -409.0000000000
16106 -408.0000000000
16147 -406.0000000000
16192 -405.0000000000
16211 -403.0000000000
16247 -401.0000000000
16282 -399.0000000000
16317 -397.0000000000
16356 -396.0000000000
16412 -395.0000000000
16426 -394.0000000000
16462 -393.0000000000
16486 -392.0000000000
16515 -389.0000000000
16538 -388.0000000000
16587 -387.0000000000
16611 -386.0000000000
16620 -385.0000000000
16635 -383.0000000000
16675 -381.0000000000
16714 -379.0000000000
16745 -378.0000000000
16756 -376.0000000000
16777 -375.0000000000
16781 -374.0000000000
16838 -371.0000000000
16869 -369.0000000000
16916 -368.0000000000
16919 -367.0000000000
16940 -365.0000000000
16951 -364.0000000000
16958 -363.0000000000
16981 -361.0000000000
17006 -360.0000000000
17018 -359.0000000000
17052 -357.0000000000
17093 -356.0000000000
17112 -355.0000000000
17127 -354.0000000000
17134 -352.0000000000
17165 -351.0000000000
17206 -350.0000000000
17232 -349.0000000000
17247 -348.0000000000
17269 -345.0000000000
17323 -344.0000000000
17350 -343.0000000000
17366 -341.0000000000
17432 -340.0000000000
17433 -339.0000000000
17443 -338.0000000000
17498 -337.0000000000
17527 -335.0000000000
17542 -333.0000000000
17571 -332.0000000000
17610 -329.0000000000
17674 -328.0000000000
17732 -327.0000000000
17758 -326.0000000000
17813 -324.0000000000
17836 -323.0000000000
17874 -322.0000000000
17903 -321.0000000000
17907 -320.0000000000
17941 -319.0000000000
17967 -317.0000000000
18027 -316.0000000000
18062 -314.0000000000
18076 -313.0000000000
18080 -312.0000000000
18113 -310.0000000000
18188 -308.0000000000
18218 -307.0000000000
18249 -306.0000000000
18294 -304.0000000000
18318 -303.0000000000
18354 -302.0000000000
18414 -301.0000000000
18432 -300.0000000000
18491 -299.0000000000
18499 -298.0000000000
18527 -296.0000000000
18594 -295.0000000000
18630 -294.0000000000
18638 -293.0000000000
18724 -292.0000000000
18777 -291.0000000000
18803 -289.0000000000
18816 -288.0000000000
18855 -286.0000000000
18923 -285.0000000000
18938 -284.0000000000
18981 -283.0000000000
19006 -282.0000000000
19018 -281.0000000000
19052 -279.0000000000
19063 -278.0000000000
19110 -277.0000000000
19148 -275.0000000000
19165 -274.0000000000
19208 -273.0000000000
19247 -271.0000000000
19344 -270.0000000000
19346 -269.0000000000
19415 -268.0000000000
19431 -266.0000000000
19476 -265.0000000000
19539 -264.0000000000
19554 -263.0000000000
19573 -262.0000000000
19594 -259.0000000000
19716 -258.0000000000
19721 -257.0000000000
19745 -256.0000000000
19828 -255.0000000000
19847 -254.0000000000
19854 -253.0000000000
19880 -252.0000000000
19930 -251.0000000000
19940 -249.0000000000
20024 -248.0000000000
20054 -247.0000000000
20091 -245.0000000000
20149 -244.0000000000
20182 -243.0000000000
20198 -241.0000000000
20279 -240.0000000000
20316 -238.0000000000
20458 -237.0000000000
20481 -236.0000000000
20520 -235.0000000000
20556 -234.0000000000
20567 -232.0000000000
20601 -231.0000000000
20702 -230.0000000000
20751 -229.0000000000
20756 -227.0000000000
20816 -226.0000000000
20821 -225.0000000000
20872 -224.0000000000
20920 -223.0000000000
20922 -222.0000000000
20974 -220.0000000000
21041 -219.0000000000
21042 -218.0000000000
21097 -217.0000000000
21124 -216.0000000000
21178 -215.0000000000
21207 -214.0000000000
21253 -213.0000000000
21260 -212.0000000000
21278 -210.0000000000
21306 -209.0000000000
21322 -207.0000000000
21417 -206.0000000000
21433 -205.0000000000
21454 -204.0000000000
21478 -203.0000000000
21526 -202.0000000000
21689 -201.0000000000
21706 -200.0000000000
21732 -199.0000000000
21752 -198.0000000000
21763 -197.0000000000
21808 -196.0000000000
21863 -195.0000000000
21901 -194.0000000000
21913 -193.0000000000
21939 -191.0000000000
21955 -188.0000000000
22100 -187.0000000000
22116 -186.0000000000
22136 -185.0000000000
22153 -183.0000000000
22253 -182.0000000000
22284 -181.0000000000
22300 -180.0000000000
22336 -179.0000000000
22351 -177.0000000000
22385 -176.0000000000
22403 -174.0000000000
22452 -172.0000000000
22505 -171.0000000000
22529 -170.0000000000
22536 -169.0000000000
22541 -168.0000000000
22703 -167.0000000000
22736 -166.0000000000
22781 -165.0000000000
22856 -164.0000000000
22906 -163.0000000000
22922 -162.0000000000
23011 -161.0000000000
23041 -160.0000000000
23063 -159.0000000000
23176 -158.0000000000
23208 -157.0000000000
23242 -156.0000000000
23302 -155.0000000000
23312 -154.0000000000
23399 -153.0000000000
23460 -152.0000000000
23470 -151.0000000000
23569 -149.0000000000
23753 -147.0000000000
23794 -146.0000000000
23821 -145.0000000000
23884 -144.0000000000
23925 -143.0000000000
23982 -142.0000000000
24024 -141.0000000000
24031 -140.0000000000
24110 -139.0000000000
24189 -138.0000000000
24240 -137.0000000000
24333 -136.0000000000
24396 -135.0000000000
24443 -133.0000000000
24461 -132.0000000000
24514 -131.0000000000
24572 -130.0000000000
24598 -129.0000000000
24601 -128.0000000000
24629 -127.0000000000
24674 -126.0000000000
24703 -125.0000000000
24767 -122.0000000000
24858 -121.0000000000
24879 -120.0000000000
24918 -119.0000000000
24964 -118.0000000000
24973 -117.0000000000
25042 -116.0000000000
25062 -115.0000000000
25096 -113.0000000000
25157 -112.0000000000
25163 -111.0000000000
25264 -110.0000000000
25360 -109.0000000000
25417 -108.0000000000
25475 -107.0000000000
25508 -106.0000000000
25547 -105.0000000000
25646 -103.0000000000
25707 -102.0000000000
25727 -101.0000000000
25763 -100.0000000000
25799 -98.0000000000
26016 -97.0000000000
26027 -96.0000000000
26053 -95.0000000000
26101 -94.0000000000
26143 -93.0000000000
26177 -91.0000000000
26221 -90.0000000000
26299 -88.0000000000
26420 -87.0000000000
26426 -86.0000000000
26446 -85.0000000000
26480 -83.0000000000
26546 -82.0000000000
26670 -80.0000000000
26766 -79.0000000000
26939 -78.0000000000
26979 -76.0000000000
27082 -75.0000000000
27175 -74.0000000000
27276 -72.0000000000
27401 -71.0000000000
27425 -70.0000000000
27501 -69.0000000000
27543 -68.0000000000
27590 -67.0000000000
27633 -66.0000000000
27652 -65.0000000000
27716 -64.0000000000
27814 -63.0000000000
27906 -62.0000000000
28035 -61.0000000000
28128 -60.0000000000
28152 -59.0000000000
28168 -58.0000000000
28292 -57.0000000000
28404 -56.0000000000
28665 -55.0000000000
28705 -54.0000000000
28780 -53.0000000000
28870 -52.0000000000
28900 -51.0000000000
29019 -50.0000000000
29218 -49.0000000000
29315 -48.0000000000
29393 -47.0000000000
29502 -46.0000000000
29611 -45.0000000000
29666 -44.0000000000
29751 -43.0000000000
29770 -42.0000000000
29872 -41.0000000000
29904 -40.0000000000
29967 -39.0000000000
29987 -38.0000000000
29997 -37.0000000000
30189 -36.0000000000
30518 -35.0000000000
30601 -33.0000000000
30947 -32.0000000000
31256 -31.0000000000
31427 -30.0000000000
31556 -29.0000000000
31611 -28.0000000000
31744 -27.0000000000
31843 -25.0000000000
31897 -24.0000000000
31955 -23.0000000000
32747 -21.0000000000
33553 -20.0000000000
33895 -19.0000000000
33956 -18.0000000000
34306 -17.0000000000
34396 -15.0000000000
34936 -14.0000000000
35123 -13.0000000000
35458 -12.0000000000
35675 -11.0000000000
35838 -10.0000000000
36002 -9.0000000000
36762 -8.0000000000
36947 -7.0000000000
36976 -6.0000000000
37992 -5.0000000000
38341 -4.0000000000
38654 -3.0000000000
38679 -2.0000000000
39040 -1.0000000000
39273 65.9200000000
39295 85.4400000000
39370 98.7700000000
39477 99.4800000000
39497 102.1500000000
39688 112.7400000000
40108 115.7700000000
40256 117.3500000000
40367 117.6700000000
40426 231.6300000000
41033 238.5100000000
41651 247.1000000000
41753 247.2600000000
41756 247.3100000000
41784 247.6000000000
41807 248.3100000000
41811 252.6800000000
41875 259.4500000000
42289 265.0800000000
43053 265.4600000000
44339 268.4100000000
47206 270.5100000000
47648 271.6300000000
47952 401.0500000000
49389 422.5000000000
49618 477.0600000000
51545 478.1000000000
51578 482.0500000000
51606 483.3800000000
51708 516.2200000000
53615 533.9800000000
55018 536.1100000000
57746 536.9500000000
65946 539.8500000000
66301 561.7500000000
69196 563.5200000000
69429 568.0100000000
69596 569.0300000000
69903 575.5600000000
70260 602.2900000000
71373 608.0600000000
71443 622.5900000000
74882 690.0300000000
77660 695.8000000000
77790 697.5000000000
77830 697.9200000000
77971 700.1100000000
78018 700.9200000000
78025 701.0100000000
78084 703.0100000000
78208 707.2900000000
78221 708.6300000000
78261 708.7500000000
78347 709.6700000000
78662 712.8000000000
78752 713.2600000000
79798 714.1800000000
80145 716.5200000000
80362 717.9200000000
81704 726.2000000000
96193 834.5800000000
99989 840.2800000000
100000 -2.0000000000
