evaluations raw_y
1 -395.0000000000
2 -380.0000000000
3 -375.0000000000
5 -345.0000000000
6 -339.0000000000
20 -330.0000000000
21 -320.0000000000
33 -319.0000000000
43 -318.0000000000
61 -315.0000000000
63 -314.0000000000
74 -313.0000000000
92 -312.0000000000
95 -307.0000000000
112 -306.0000000000
113 -304.0000000000
121 -302.0000000000
131 -301.0000000000
148 -300.0000000000
153 -299.0000000000
171 -296.0000000000
189 -294.0000000000
194 -293.0000000000
197 -292.0000000000
204 -290.0000000000
223 -289.0000000000
240 -285.0000000000
247 -284.0000000000
251 -283.0000000000
261 -282.0000000000
288 -281.0000000000
293 -278.0000000000
304 -276.0000000000
330 -275.0000000000
340 -274.0000000000
342 -273.0000000000
350 -271.0000000000
370 -270.0000000000
371 -269.0000000000
386 -267.0000000000
387 -266.0000000000
395 -264.0000000000
417 -262.0000000000
430 -260.0000000000
449 -259.0000000000
453 -258.0000000000
461 -257.0000000000
473 -256.0000000000
475 -255.0000000000
494 -253.0000000000
509 -251.0000000000
525 -250.0000000000
538 -249.0000000000
553 -248.0000000000
561 -247.0000000000
563 -246.0000000000
586 -245.0000000000
592 -244.0000000000
609 -243.0000000000
613 -242.0000000000
624 -240.0000000000
634 -235.0000000000
641 -234.0000000000
657 -233.0000000000
672 -231.0000000000
695 -230.0000000000
697 -229.0000000000
703 -227.0000000000
714 -226.0000000000
734 -224.0000000000
744 -222.0000000000
790 -220.0000000000
797 -218.0000000000
817 -217.0000000000
821 -213.0000000000
841 -212.0000000000
851 -211.0000000000
854 -208.0000000000
868 -207.0000000000
898 -206.0000000000
921 -205.0000000000
940 -203.0000000000
945 -202.0000000000
946 -201.0000000000
955 -200.0000000000
961 -199.0000000000
974 -198.0000000000
983 -194.0000000000
1009 -192.0000000000
1014 -189.0000000000
1035 -188.0000000000
1067 -187.0000000000
1075 -184.0000000000
1096 -183.0000000000
1122 -182.0000000000
1132 -181.0000000000
1145 -180.0000000000
1158 -179.0000000000
1182 -178.0000000000
1204 -176.0000000000
1215 -175.0000000000
1233 -174.0000000000
1243 -173.0000000000
1246 -171.0000000000
1269 -169.0000000000
1295 -168.0000000000
1312 -167.0000000000
1322 -164.0000000000
1353 -161.0000000000
1379 -160.0000000000
1406 -159.0000000000
1424 -158.0000000000
1428 -157.0000000000
1433 -156.0000000000
1439 -155.0000000000
1462 -154.0000000000
1473 -153.0000000000
1482 -152.0000000000
1495 -151.0000000000
1503 -150.0000000000
1512 -149.0000000000
1531 -148.0000000000
1543 -146.0000000000
1548 -145.0000000000
1555 -144.0000000000
1571 -142.0000000000
1590 -140.0000000000
1600 -139.0000000000
1611 -138.0000000000
1613 -135.0000000000
1640 -134.0000000000
1645 -133.0000000000
1648 -132.0000000000
1659 -130.0000000000
1693 -129.0000000000
1714 -128.0000000000
1725 -126.0000000000
1771 -124.0000000000
1781 -123.0000000000
1799 -122.0000000000
1832 -120.0000000000
1848 -119.0000000000
1873 -118.0000000000
1897 -117.0000000000
1924 -116.0000000000
1932 -115.0000000000
1959 -113.0000000000
1976 -112.0000000000
1998 -110.0000000000
2016 -109.0000000000
2036 -108.0000000000
2038 -106.0000000000
2077 -105.0000000000
2094 -103.0000000000
2101 -101.0000000000
2126 -100.0000000000
2143 -98.0000000000
2152 -97.0000000000
2169 -96.0000000000
2205 -94.0000000000
2211 -93.0000000000
2225 -92.0000000000
2238 -91.0000000000
2246 -90.0000000000
2274 -89.0000000000
2286 -88.0000000000
2297 -85.0000000000
2314 -84.0000000000
2362 -83.0000000000
2380 -82.0000000000
2405 -81.0000000000
2459 -80.0000000000
2473 -79.0000000000
2521 -76.0000000000
2561 -75.0000000000
2579 -74.0000000000
2590 -73.0000000000
2594 -72.0000000000
2611 -70.0000000000
2651 -68.0000000000
2696 -67.0000000000
2706 -66.0000000000
2724 -65.0000000000
2740 -64.0000000000
2777 -63.0000000000
2806 -62.0000000000
2819 -61.0000000000
2849 -60.0000000000
2914 -59.0000000000
2924 -58.0000000000
2961 -56.0000000000
3001 -55.0000000000
3061 -53.0000000000
3073 -52.0000000000
3115 -51.0000000000
3127 -50.0000000000
3149 -49.0000000000
3160 -48.0000000000
3195 -47.0000000000
3206 -46.0000000000
3222 -45.0000000000
3237 -44.0000000000
3281 -43.0000000000
3353 -42.0000000000
3393 -40.0000000000
3436 -39.0000000000
3443 -38.0000000000
3472 -37.0000000000
3486 -36.0000000000
3538 -35.0000000000
3575 -34.0000000000
3587 -33.0000000000
3592 -30.0000000000
3667 -29.0000000000
3797 -28.0000000000
3819 -27.0000000000
3956 -26.0000000000
3958 -25.0000000000
3964 -24.0000000000
4063 -23.0000000000
4097 -22.0000000000
4148 -20.0000000000
4175 -19.0000000000
4263 -18.0000000000
4293 -17.0000000000
4394 -15.0000000000
4428 -14.0000000000
4451 -13.0000000000
4475 -12.0000000000
4522 -11.0000000000
4558 -9.0000000000
4635 -8.0000000000
4650 -7.0000000000
4683 -6.0000000000
4764 -5.0000000000
4927 -4.0000000000
5095 -3.0000000000
5653 -2.0000000000
5761 578.0000000000
5781 582.0000000000
5787 598.0000000000
5818 602.0000000000
5822 603.0000000000
5847 622.0000000000
5894 623.0000000000
5926 627.0000000000
6011 629.0000000000
6068 635.0000000000
6155 639.0000000000
6240 642.0000000000
6243 652.0000000000
6311 655.0000000000
6479 657.0000000000
6566 658.0000000000
6804 661.0000000000
6924 666.0000000000
7617 669.0000000000
7638 674.0000000000
7806 679.0000000000
7880 680.0000000000
8005 683.0000000000
8228 686.0000000000
8346 691.0000000000
8537 692.0000000000
8794 701.0000000000
10000 632.0000000000
evaluations raw_y
1 -366.0000000000
2 -347.0000000000
14 -345.0000000000
21 -336.0000000000
31 -327.0000000000
41 -326.0000000000
51 -316.0000000000
67 -313.0000000000
79 -308.0000000000
84 -304.0000000000
96 -301.0000000000
98 -300.0000000000
112 -297.0000000000
132 -296.0000000000
141 -295.0000000000
158 -294.0000000000
162 -292.0000000000
170 -291.0000000000
176 -289.0000000000
183 -288.0000000000
193 -287.0000000000
227 -285.0000000000
236 -283.0000000000
243 -281.0000000000
255 -280.0000000000
267 -279.0000000000
283 -278.0000000000
295 -277.0000000000
303 -273.0000000000
314 -272.0000000000
315 -271.0000000000
342 -267.0000000000
373 -265.0000000000
397 -264.0000000000
403 -262.0000000000
433 -261.0000000000
446 -260.0000000000
450 -258.0000000000
467 -257.0000000000
471 -256.0000000000
472 -255.0000000000
483 -254.0000000000
487 -253.0000000000
503 -252.0000000000
512 -251.0000000000
530 -250.0000000000
542 -249.0000000000
553 -247.0000000000
565 -246.0000000000
573 -244.0000000000
582 -242.0000000000
593 -241.0000000000
608 -240.0000000000
623 -238.0000000000
640 -237.0000000000
644 -234.0000000000
672 -233.0000000000
684 -232.0000000000
686 -231.0000000000
696 -230.0000000000
697 -229.0000000000
724 -227.0000000000
752 -225.0000000000
762 -223.0000000000
765 -222.0000000000
780 -221.0000000000
783 -219.0000000000
801 -218.0000000000
802 -217.0000000000
819 -214.0000000000
845 -213.0000000000
859 -212.0000000000
867 -211.0000000000
870 -209.0000000000
881 -208.0000000000
890 -207.0000000000
900 -205.0000000000
914 -203.0000000000
931 -202.0000000000
955 -201.0000000000
962 -200.0000000000
963 -199.0000000000
974 -197.0000000000
991 -196.0000000000
994 -195.0000000000
1004 -194.0000000000
1034 -193.0000000000
1053 -192.0000000000
1055 -190.0000000000
1063 -189.0000000000
1066 -188.0000000000
1081 -187.0000000000
1096 -185.0000000000
1114 -184.0000000000
1133 -183.0000000000
1143 -181.0000000000
1156 -179.0000000000
1196 -178.0000000000
1204 -177.0000000000
1214 -174.0000000000
1233 -173.0000000000
1245 -172.0000000000
1253 -171.0000000000
1290 -170.0000000000
1291 -169.0000000000
1303 -168.0000000000
1337 -167.0000000000
1345 -166.0000000000
1355 -164.0000000000
1374 -163.0000000000
1406 -162.0000000000
1436 -161.0000000000
1460 -160.0000000000
1471 -159.0000000000
1482 -157.0000000000
1493 -155.0000000000
1525 -154.0000000000
1537 -152.0000000000
1561 -151.0000000000
1579 -150.0000000000
1589 -149.0000000000
1597 -148.0000000000
1607 -147.0000000000
1642 -146.0000000000
1646 -145.0000000000
1649 -144.0000000000
1662 -143.0000000000
1675 -142.0000000000
1692 -141.0000000000
1714 -139.0000000000
1732 -138.0000000000
1735 -137.0000000000
1755 -135.0000000000
1774 -134.0000000000
1803 -133.0000000000
1812 -131.0000000000
1822 -129.0000000000
1857 -128.0000000000
1867 -126.0000000000
1893 -125.0000000000
1910 -122.0000000000
1922 -120.0000000000
1965 -119.0000000000
1973 -117.0000000000
2021 -115.0000000000
2028 -114.0000000000
2048 -113.0000000000
2051 -112.0000000000
2078 -110.0000000000
2092 -109.0000000000
2121 -108.0000000000
2155 -107.0000000000
2187 -106.0000000000
2197 -105.0000000000
2215 -104.0000000000
2223 -103.0000000000
2236 -102.0000000000
2258 -101.0000000000
2261 -100.0000000000
2280 -99.0000000000
2293 -98.0000000000
2300 -97.0000000000
2311 -96.0000000000
2332 -94.0000000000
2374 -93.0000000000
2394 -92.0000000000
2411 -90.0000000000
2434 -89.0000000000
2455 -88.0000000000
2471 -87.0000000000
2488 -86.0000000000
2506 -85.0000000000
2525 -83.0000000000
2561 -82.0000000000
2584 -80.0000000000
2631 -78.0000000000
2652 -77.0000000000
2681 -76.0000000000
2701 -75.0000000000
2713 -74.0000000000
2732 -73.0000000000
2752 -71.0000000000
2776 -70.0000000000
2805 -69.0000000000
2828 -67.0000000000
2881 -66.0000000000
2925 -65.0000000000
2932 -64.0000000000
2945 -63.0000000000
2983 -62.0000000000
2993 -61.0000000000
3030 -60.0000000000
3068 -59.0000000000
3079 -58.0000000000
3085 -57.0000000000
3104 -56.0000000000
3142 -55.0000000000
3178 -54.0000000000
3235 -53.0000000000
3255 -52.0000000000
3318 -51.0000000000
3341 -50.0000000000
3395 -49.0000000000
3430 -48.0000000000
3467 -47.0000000000
3519 -46.0000000000
3557 -43.0000000000
3613 -42.0000000000
3647 -40.0000000000
3662 -39.0000000000
3698 -38.0000000000
3742 -37.0000000000
3776 -36.0000000000
3820 -35.0000000000
3841 -34.0000000000
3857 -33.0000000000
3897 -31.0000000000
3916 -30.0000000000
3946 -29.0000000000
3997 -26.0000000000
4147 -25.0000000000
4259 -24.0000000000
4264 -23.0000000000
4319 -22.0000000000
4413 -21.0000000000
4463 -20.0000000000
4536 -19.0000000000
4563 -18.0000000000
4610 -17.0000000000
4682 -16.0000000000
4717 -15.0000000000
4766 -14.0000000000
4803 -13.0000000000
4808 -12.0000000000
4867 -10.0000000000
5060 -9.0000000000
5170 -8.0000000000
5271 -7.0000000000
5349 -5.0000000000
5447 -4.0000000000
5489 -3.0000000000
5567 -2.0000000000
5611 -1.0000000000
5661 580.0000000000
5692 595.0000000000
5835 596.0000000000
5839 603.0000000000
5857 604.0000000000
5875 610.0000000000
5908 616.0000000000
5969 617.0000000000
5975 626.0000000000
6106 632.0000000000
6188 635.0000000000
6242 638.0000000000
6257 648.0000000000
6327 650.0000000000
6352 656.0000000000
6372 657.0000000000
6665 669.0000000000
6753 671.0000000000
6884 676.0000000000
6952 677.0000000000
6969 679.0000000000
6995 680.0000000000
7005 682.0000000000
7148 688.0000000000
7369 689.0000000000
7493 692.0000000000
8648 693.0000000000
8807 694.0000000000
8988 695.0000000000
9099 698.0000000000
10000 629.0000000000
evaluations raw_y
1 -370.0000000000
2 -350.0000000000
34 -348.0000000000
36 -346.0000000000
39 -342.0000000000
47 -338.0000000000
51 -337.0000000000
65 -336.0000000000
68 -334.0000000000
69 -325.0000000000
72 -324.0000000000
101 -322.0000000000
123 -321.0000000000
129 -318.0000000000
144 -317.0000000000
151 -316.0000000000
154 -315.0000000000
167 -314.0000000000
173 -312.0000000000
175 -310.0000000000
200 -309.0000000000
205 -306.0000000000
215 -305.0000000000
228 -304.0000000000
244 -303.0000000000
245 -301.0000000000
262 -300.0000000000
278 -297.0000000000
294 -296.0000000000
304 -295.0000000000
313 -294.0000000000
329 -292.0000000000
331 -291.0000000000
352 -290.0000000000
363 -288.0000000000
369 -287.0000000000
385 -286.0000000000
391 -285.0000000000
403 -284.0000000000
408 -283.0000000000
430 -281.0000000000
431 -280.0000000000
447 -278.0000000000
468 -276.0000000000
474 -275.0000000000
481 -274.0000000000
482 -273.0000000000
505 -272.0000000000
511 -271.0000000000
520 -270.0000000000
528 -269.0000000000
538 -267.0000000000
553 -266.0000000000
556 -265.0000000000
561 -264.0000000000
569 -263.0000000000
571 -262.0000000000
583 -261.0000000000
584 -260.0000000000
599 -259.0000000000
605 -258.0000000000
621 -257.0000000000
625 -255.0000000000
651 -253.0000000000
655 -251.0000000000
664 -250.0000000000
674 -247.0000000000
683 -245.0000000000
715 -242.0000000000
746 -241.0000000000
761 -240.0000000000
772 -239.0000000000
773 -236.0000000000
781 -235.0000000000
810 -233.0000000000
816 -232.0000000000
825 -231.0000000000
836 -230.0000000000
837 -228.0000000000
848 -227.0000000000
859 -226.0000000000
877 -224.0000000000
896 -219.0000000000
928 -218.0000000000
944 -216.0000000000
973 -214.0000000000
981 -213.0000000000
990 -212.0000000000
992 -211.0000000000
993 -210.0000000000
1003 -209.0000000000
1007 -208.0000000000
1016 -206.0000000000
1022 -205.0000000000
1033 -203.0000000000
1040 -202.0000000000
1056 -201.0000000000
1072 -199.0000000000
1081 -198.0000000000
1115 -196.0000000000
1141 -193.0000000000
1146 -192.0000000000
1168 -191.0000000000
1173 -190.0000000000
1194 -189.0000000000
1197 -185.0000000000
1220 -184.0000000000
1233 -183.0000000000
1239 -182.0000000000
1257 -181.0000000000
1272 -180.0000000000
1284 -179.0000000000
1294 -178.0000000000
1315 -177.0000000000
1319 -176.0000000000
1327 -175.0000000000
1335 -174.0000000000
1339 -173.0000000000
1359 -172.0000000000
1366 -171.0000000000
1372 -170.0000000000
1388 -169.0000000000
1395 -167.0000000000
1427 -166.0000000000
1435 -165.0000000000
1451 -163.0000000000
1464 -162.0000000000
1481 -161.0000000000
1491 -160.0000000000
1502 -159.0000000000
1509 -158.0000000000
1522 -157.0000000000
1546 -156.0000000000
1553 -155.0000000000
1574 -152.0000000000
1595 -150.0000000000
1603 -149.0000000000
1616 -147.0000000000
1646 -145.0000000000
1670 -144.0000000000
1681 -143.0000000000
1703 -142.0000000000
1723 -141.0000000000
1744 -140.0000000000
1748 -139.0000000000
1774 -138.0000000000
1791 -137.0000000000
1799 -136.0000000000
1818 -135.0000000000
1820 -134.0000000000
1828 -133.0000000000
1853 -132.0000000000
1902 -130.0000000000
1933 -129.0000000000
1943 -128.0000000000
1960 -127.0000000000
1974 -125.0000000000
1994 -124.0000000000
1996 -123.0000000000
2009 -122.0000000000
2023 -121.0000000000
2052 -119.0000000000
2076 -118.0000000000
2081 -117.0000000000
2140 -116.0000000000
2149 -115.0000000000
2178 -113.0000000000
2189 -112.0000000000
2208 -111.0000000000
2253 -110.0000000000
2255 -109.0000000000
2280 -108.0000000000
2294 -107.0000000000
2304 -106.0000000000
2327 -105.0000000000
2354 -104.0000000000
2372 -103.0000000000
2377 -102.0000000000
2417 -100.0000000000
2454 -99.0000000000
2476 -98.0000000000
2503 -97.0000000000
2506 -96.0000000000
2541 -95.0000000000
2557 -94.0000000000
2573 -93.0000000000
2588 -92.0000000000
2607 -91.0000000000
2617 -89.0000000000
2658 -88.0000000000
2663 -87.0000000000
2688 -85.0000000000
2701 -84.0000000000
2737 -83.0000000000
2742 -81.0000000000
2765 -80.0000000000
2771 -79.0000000000
2774 -78.0000000000
2804 -77.0000000000
2816 -76.0000000000
2831 -75.0000000000
2847 -74.0000000000
2871 -70.0000000000
2908 -69.0000000000
2960 -68.0000000000
2979 -67.0000000000
2982 -66.0000000000
3025 -65.0000000000
3038 -64.0000000000
3042 -63.0000000000
3101 -62.0000000000
3123 -61.0000000000
3142 -60.0000000000
3191 -59.0000000000
3209 -58.0000000000
3214 -57.0000000000
3259 -56.0000000000
3291 -55.0000000000
3318 -54.0000000000
3345 -52.0000000000
3454 -51.0000000000
3463 -50.0000000000
3516 -49.0000000000
3589 -48.0000000000
3606 -47.0000000000
3624 -44.0000000000
3694 -43.0000000000
3791 -41.0000000000
3850 -40.0000000000
3860 -38.0000000000
3908 -37.0000000000
3924 -36.0000000000
3999 -35.0000000000
4029 -34.0000000000
4053 -33.0000000000
4057 -32.0000000000
4087 -30.0000000000
4144 -29.0000000000
4151 -28.0000000000
4185 -27.0000000000
4254 -26.0000000000
4269 -25.0000000000
4287 -24.0000000000
4297 -23.0000000000
4321 -22.0000000000
4358 -21.0000000000
4380 -20.0000000000
4422 -18.0000000000
4509 -17.0000000000
4567 -16.0000000000
4622 -15.0000000000
4635 -14.0000000000
4689 -13.0000000000
4701 -12.0000000000
4715 -11.0000000000
4731 -10.0000000000
4790 -9.0000000000
4821 -8.0000000000
4963 -7.0000000000
4966 -6.0000000000
5102 -5.0000000000
5201 -4.0000000000
5247 -3.0000000000
5266 -1.0000000000
5384 599.0000000000
5461 603.0000000000
5465 605.0000000000
5469 606.0000000000
5541 620.0000000000
5769 622.0000000000
5786 625.0000000000
6002 627.0000000000
6019 636.0000000000
6066 642.0000000000
6143 649.0000000000
6174 651.0000000000
6260 653.0000000000
6313 656.0000000000
6350 659.0000000000
6355 663.0000000000
6511 668.0000000000
6872 669.0000000000
6929 671.0000000000
7151 677.0000000000
7251 681.0000000000
7369 684.0000000000
7829 686.0000000000
8394 690.0000000000
8756 693.0000000000
9692 695.0000000000
10000 552.0000000000
evaluations raw_y
1 -386.0000000000
2 -350.0000000000
5 -348.0000000000
7 -347.0000000000
15 -331.0000000000
29 -325.0000000000
42 -323.0000000000
51 -322.0000000000
53 -321.0000000000
54 -316.0000000000
71 -315.0000000000
74 -307.0000000000
94 -306.0000000000
116 -305.0000000000
121 -304.0000000000
123 -303.0000000000
131 -301.0000000000
143 -299.0000000000
178 -294.0000000000
181 -293.0000000000
198 -291.0000000000
212 -287.0000000000
241 -283.0000000000
260 -282.0000000000
265 -281.0000000000
281 -280.0000000000
290 -279.0000000000
301 -278.0000000000
311 -277.0000000000
331 -275.0000000000
341 -274.0000000000
348 -271.0000000000
363 -270.0000000000
385 -269.0000000000
401 -268.0000000000
406 -267.0000000000
410 -265.0000000000
434 -263.0000000000
453 -261.0000000000
464 -260.0000000000
474 -259.0000000000
482 -258.0000000000
490 -257.0000000000
495 -256.0000000000
506 -255.0000000000
512 -254.0000000000
532 -252.0000000000
549 -250.0000000000
551 -249.0000000000
571 -248.0000000000
594 -247.0000000000
606 -245.0000000000
635 -244.0000000000
640 -242.0000000000
654 -241.0000000000
664 -240.0000000000
668 -239.0000000000
673 -238.0000000000
701 -236.0000000000
722 -235.0000000000
732 -233.0000000000
745 -232.0000000000
748 -230.0000000000
752 -228.0000000000
763 -227.0000000000
781 -226.0000000000
789 -224.0000000000
802 -221.0000000000
822 -219.0000000000
830 -218.0000000000
833 -216.0000000000
864 -215.0000000000
865 -214.0000000000
873 -212.0000000000
905 -211.0000000000
915 -210.0000000000
927 -209.0000000000
938 -208.0000000000
942 -207.0000000000
947 -206.0000000000
962 -204.0000000000
983 -202.0000000000
1001 -200.0000000000
1017 -199.0000000000
1043 -198.0000000000
1051 -197.0000000000
1062 -196.0000000000
1064 -195.0000000000
1071 -194.0000000000
1087 -192.0000000000
1094 -191.0000000000
1120 -190.0000000000
1124 -189.0000000000
1141 -188.0000000000
1146 -187.0000000000
1170 -186.0000000000
1171 -185.0000000000
1195 -184.0000000000
1203 -182.0000000000
1224 -181.0000000000
1228 -180.0000000000
1241 -179.0000000000
1258 -176.0000000000
1287 -173.0000000000
1314 -172.0000000000
1323 -170.0000000000
1353 -168.0000000000
1374 -167.0000000000
1384 -166.0000000000
1406 -165.0000000000
1427 -162.0000000000
1452 -160.0000000000
1483 -159.0000000000
1497 -158.0000000000
1499 -156.0000000000
1512 -155.0000000000
1539 -153.0000000000
1541 -152.0000000000
1563 -151.0000000000
1564 -149.0000000000
1596 -148.0000000000
1621 -147.0000000000
1639 -146.0000000000
1653 -144.0000000000
1663 -143.0000000000
1695 -142.0000000000
1707 -141.0000000000
1729 -140.0000000000
1754 -139.0000000000
1783 -138.0000000000
1801 -137.0000000000
1839 -135.0000000000
1860 -134.0000000000
1884 -132.0000000000
1900 -131.0000000000
1901 -129.0000000000
1905 -128.0000000000
1921 -127.0000000000
1956 -126.0000000000
1962 -125.0000000000
1998 -124.0000000000
2018 -122.0000000000
2029 -119.0000000000
2055 -118.0000000000
2069 -117.0000000000
2094 -116.0000000000
2106 -115.0000000000
2140 -114.0000000000
2145 -113.0000000000
2165 -112.0000000000
2173 -111.0000000000
2198 -109.0000000000
2225 -108.0000000000
2255 -105.0000000000
2281 -104.0000000000
2296 -103.0000000000
2327 -102.0000000000
2357 -101.0000000000
2389 -100.0000000000
2412 -99.0000000000
2431 -97.0000000000
2433 -95.0000000000
2460 -94.0000000000
2482 -93.0000000000
2511 -92.0000000000
2532 -91.0000000000
2558 -90.0000000000
2564 -88.0000000000
2569 -87.0000000000
2617 -86.0000000000
2653 -84.0000000000
2686 -82.0000000000
2720 -81.0000000000
2747 -80.0000000000
2778 -79.0000000000
2812 -77.0000000000
2846 -75.0000000000
2891 -72.0000000000
2964 -71.0000000000
2974 -70.0000000000
2990 -69.0000000000
3034 -68.0000000000
3064 -66.0000000000
3108 -65.0000000000
3121 -64.0000000000
3146 -63.0000000000
3205 -62.0000000000
3213 -61.0000000000
3239 -59.0000000000
3285 -58.0000000000
3314 -57.0000000000
3319 -56.0000000000
3355 -55.0000000000
3383 -54.0000000000
3412 -53.0000000000
3436 -52.0000000000
3453 -51.0000000000
3467 -50.0000000000
3515 -49.0000000000
3564 -48.0000000000
3604 -47.0000000000
3633 -46.0000000000
3679 -45.0000000000
3716 -44.0000000000
3750 -42.0000000000
3794 -41.0000000000
3816 -40.0000000000
3869 -39.0000000000
3942 -37.0000000000
4008 -35.0000000000
4022 -34.0000000000
4061 -33.0000000000
4087 -32.0000000000
4178 -31.0000000000
4210 -30.0000000000
4264 -28.0000000000
4324 -27.0000000000
4400 -26.0000000000
4444 -25.0000000000
4517 -24.0000000000
4560 -21.0000000000
4605 -20.0000000000
4752 -19.0000000000
4804 -18.0000000000
4861 -17.0000000000
4894 -15.0000000000
4991 -13.0000000000
5093 -12.0000000000
5194 -11.0000000000
5252 -10.0000000000
5296 -9.0000000000
5314 -8.0000000000
5357 -7.0000000000
5386 -5.0000000000
5480 -4.0000000000
5500 -3.0000000000
5602 -1.0000000000
5699 546.0000000000
5790 564.0000000000
5830 578.0000000000
5878 599.0000000000
5896 609.0000000000
5913 610.0000000000
5973 628.0000000000
6027 633.0000000000
6092 634.0000000000
6130 639.0000000000
6193 642.0000000000
6208 660.0000000000
6271 666.0000000000
6385 671.0000000000
6453 678.0000000000
6584 681.0000000000
7081 687.0000000000
7179 688.0000000000
7456 691.0000000000
7545 692.0000000000
8024 696.0000000000
8363 698.0000000000
8451 701.0000000000
8464 703.0000000000
8792 705.0000000000
10000 505.0000000000
evaluations raw_y
1 -362.0000000000
3 -355.0000000000
9 -345.0000000000
28 -340.0000000000
33 -338.0000000000
44 -336.0000000000
47 -335.0000000000
50 -332.0000000000
52 -331.0000000000
54 -327.0000000000
71 -326.0000000000
74 -324.0000000000
91 -318.0000000000
94 -312.0000000000
102 -307.0000000000
131 -300.0000000000
145 -299.0000000000
147 -298.0000000000
149 -297.0000000000
156 -296.0000000000
161 -292.0000000000
183 -291.0000000000
193 -290.0000000000
210 -289.0000000000
215 -288.0000000000
226 -286.0000000000
236 -285.0000000000
238 -284.0000000000
241 -283.0000000000
254 -282.0000000000
263 -280.0000000000
273 -277.0000000000
277 -276.0000000000
291 -275.0000000000
307 -272.0000000000
321 -271.0000000000
331 -269.0000000000
343 -267.0000000000
364 -266.0000000000
368 -265.0000000000
383 -262.0000000000
413 -261.0000000000
416 -259.0000000000
421 -256.0000000000
446 -255.0000000000
453 -254.0000000000
461 -250.0000000000
471 -249.0000000000
481 -248.0000000000
498 -247.0000000000
509 -244.0000000000
527 -243.0000000000
536 -242.0000000000
537 -241.0000000000
548 -240.0000000000
551 -239.0000000000
554 -238.0000000000
573 -236.0000000000
582 -235.0000000000
612 -234.0000000000
625 -233.0000000000
635 -232.0000000000
641 -230.0000000000
661 -229.0000000000
671 -228.0000000000
686 -227.0000000000
705 -226.0000000000
707 -225.0000000000
712 -224.0000000000
715 -223.0000000000
721 -221.0000000000
738 -219.0000000000
747 -217.0000000000
795 -214.0000000000
804 -213.0000000000
810 -212.0000000000
833 -211.0000000000
845 -210.0000000000
864 -208.0000000000
877 -207.0000000000
881 -205.0000000000
894 -204.0000000000
912 -203.0000000000
923 -202.0000000000
927 -200.0000000000
933 -199.0000000000
950 -198.0000000000
958 -197.0000000000
964 -196.0000000000
975 -195.0000000000
986 -194.0000000000
994 -193.0000000000
1002 -192.0000000000
1034 -191.0000000000
1036 -190.0000000000
1046 -189.0000000000
1060 -185.0000000000
1090 -183.0000000000
1104 -182.0000000000
1112 -181.0000000000
1145 -180.0000000000
1177 -179.0000000000
1191 -178.0000000000
1194 -176.0000000000
1205 -175.0000000000
1240 -174.0000000000
1249 -173.0000000000
1252 -172.0000000000
1271 -171.0000000000
1278 -170.0000000000
1310 -168.0000000000
1325 -167.0000000000
1353 -166.0000000000
1354 -165.0000000000
1386 -163.0000000000
1395 -162.0000000000
1427 -160.0000000000
1451 -159.0000000000
1477 -158.0000000000
1482 -155.0000000000
1511 -154.0000000000
1526 -153.0000000000
1540 -152.0000000000
1562 -149.0000000000
1580 -148.0000000000
1586 -147.0000000000
1618 -146.0000000000
1627 -144.0000000000
1634 -143.0000000000
1673 -142.0000000000
1699 -141.0000000000
1707 -139.0000000000
1709 -137.0000000000
1736 -136.0000000000
1760 -135.0000000000
1774 -134.0000000000
1802 -133.0000000000
1807 -132.0000000000
1829 -129.0000000000
1836 -128.0000000000
1850 -126.0000000000
1869 -125.0000000000
1874 -124.0000000000
1882 -123.0000000000
1901 -121.0000000000
1963 -120.0000000000
1976 -119.0000000000
1984 -118.0000000000
1993 -117.0000000000
1994 -115.0000000000
2036 -113.0000000000
2054 -112.0000000000
2076 -110.0000000000
2108 -109.0000000000
2134 -108.0000000000
2185 -107.0000000000
2196 -106.0000000000
2204 -105.0000000000
2264 -103.0000000000
2289 -102.0000000000
2292 -101.0000000000
2336 -100.0000000000
2368 -99.0000000000
2378 -98.0000000000
2389 -97.0000000000
2397 -96.0000000000
2415 -95.0000000000
2429 -94.0000000000
2442 -93.0000000000
2462 -92.0000000000
2501 -91.0000000000
2550 -90.0000000000
2562 -88.0000000000
2578 -86.0000000000
2642 -83.0000000000
2684 -81.0000000000
2703 -80.0000000000
2729 -79.0000000000
2760 -78.0000000000
2771 -77.0000000000
2792 -76.0000000000
2822 -75.0000000000
2850 -74.0000000000
2851 -73.0000000000
2869 -72.0000000000
2897 -70.0000000000
2932 -68.0000000000
2964 -66.0000000000
3006 -65.0000000000
3036 -64.0000000000
3048 -63.0000000000
3052 -61.0000000000
3111 -60.0000000000
3136 -59.0000000000
3174 -58.0000000000
3215 -55.0000000000
3252 -54.0000000000
3269 -53.0000000000
3318 -52.0000000000
3326 -51.0000000000
3333 -50.0000000000
3406 -48.0000000000
3455 -47.0000000000
3480 -46.0000000000
3522 -45.0000000000
3564 -44.0000000000
3614 -43.0000000000
3648 -41.0000000000
3659 -40.0000000000
3670 -39.0000000000
3693 -38.0000000000
3729 -37.0000000000
3736 -36.0000000000
3788 -34.0000000000
3791 -33.0000000000
3913 -32.0000000000
3983 -30.0000000000
4004 -29.0000000000
4028 -28.0000000000
4062 -27.0000000000
4073 -25.0000000000
4206 -24.0000000000
4306 -23.0000000000
4358 -22.0000000000
4421 -21.0000000000
4486 -20.0000000000
4526 -19.0000000000
4581 -18.0000000000
4622 -17.0000000000
4679 -16.0000000000
4739 -15.0000000000
4763 -14.0000000000
4792 -13.0000000000
4852 -12.0000000000
4915 -10.0000000000
5035 -7.0000000000
5142 -6.0000000000
5258 -5.0000000000
5502 -4.0000000000
5509 -3.0000000000
5603 -2.0000000000
5727 -1.0000000000
5809 569.0000000000
5844 577.0000000000
5854 605.0000000000
5933 615.0000000000
5942 616.0000000000
5946 618.0000000000
6241 619.0000000000
6255 620.0000000000
6258 621.0000000000
6287 634.0000000000
6328 637.0000000000
6363 638.0000000000
6367 644.0000000000
6368 648.0000000000
6387 653.0000000000
6422 656.0000000000
6427 657.0000000000
6870 659.0000000000
6873 671.0000000000
6950 672.0000000000
6964 673.0000000000
7066 677.0000000000
7379 678.0000000000
7780 680.0000000000
7829 681.0000000000
8422 684.0000000000
8487 685.0000000000
8754 686.0000000000
8996 688.0000000000
9016 691.0000000000
9215 696.0000000000
9529 698.0000000000
9542 699.0000000000
9986 702.0000000000
10000 552.0000000000
evaluations raw_y
1 -368.0000000000
2 -364.0000000000
6 -361.0000000000
12 -356.0000000000
13 -354.0000000000
22 -348.0000000000
23 -345.0000000000
31 -342.0000000000
42 -332.0000000000
61 -331.0000000000
93 -322.0000000000
109 -321.0000000000
114 -320.0000000000
128 -318.0000000000
131 -315.0000000000
160 -314.0000000000
165 -312.0000000000
171 -310.0000000000
204 -309.0000000000
206 -306.0000000000
231 -304.0000000000
240 -303.0000000000
243 -301.0000000000
253 -300.0000000000
261 -299.0000000000
264 -297.0000000000
272 -295.0000000000
293 -293.0000000000
307 -292.0000000000
318 -291.0000000000
323 -290.0000000000
331 -289.0000000000
346 -288.0000000000
368 -285.0000000000
376 -284.0000000000
386 -283.0000000000
402 -282.0000000000
409 -281.0000000000
420 -279.0000000000
434 -278.0000000000
456 -277.0000000000
477 -276.0000000000
482 -273.0000000000
494 -271.0000000000
504 -270.0000000000
514 -269.0000000000
516 -267.0000000000
524 -262.0000000000
542 -260.0000000000
562 -258.0000000000
586 -256.0000000000
597 -254.0000000000
613 -253.0000000000
626 -252.0000000000
636 -251.0000000000
640 -248.0000000000
652 -247.0000000000
661 -246.0000000000
675 -244.0000000000
679 -243.0000000000
695 -242.0000000000
711 -240.0000000000
738 -238.0000000000
751 -237.0000000000
758 -236.0000000000
761 -233.0000000000
789 -232.0000000000
799 -230.0000000000
801 -229.0000000000
808 -227.0000000000
835 -226.0000000000
845 -225.0000000000
849 -224.0000000000
853 -223.0000000000
868 -222.0000000000
887 -221.0000000000
900 -220.0000000000
901 -219.0000000000
920 -217.0000000000
926 -216.0000000000
941 -214.0000000000
943 -213.0000000000
968 -212.0000000000
983 -211.0000000000
985 -209.0000000000
995 -207.0000000000
1015 -206.0000000000
1061 -205.0000000000
1069 -204.0000000000
1073 -203.0000000000
1101 -202.0000000000
1108 -201.0000000000
1111 -200.0000000000
1124 -197.0000000000
1149 -195.0000000000
1162 -193.0000000000
1171 -192.0000000000
1189 -191.0000000000
1197 -190.0000000000
1204 -189.0000000000
1215 -188.0000000000
1236 -187.0000000000
1253 -185.0000000000
1274 -184.0000000000
1289 -182.0000000000
1302 -180.0000000000
1315 -178.0000000000
1341 -177.0000000000
1357 -176.0000000000
1368 -174.0000000000
1401 -173.0000000000
1417 -171.0000000000
1436 -170.0000000000
1455 -169.0000000000
1467 -167.0000000000
1486 -166.0000000000
1491 -164.0000000000
1521 -163.0000000000
1532 -162.0000000000
1550 -161.0000000000
1565 -158.0000000000
1604 -157.0000000000
1621 -156.0000000000
1626 -154.0000000000
1663 -153.0000000000
1677 -152.0000000000
1692 -151.0000000000
1740 -150.0000000000
1745 -149.0000000000
1757 -148.0000000000
1802 -147.0000000000
1807 -146.0000000000
1818 -145.0000000000
1836 -142.0000000000
1853 -141.0000000000
1865 -138.0000000000
1926 -136.0000000000
1936 -135.0000000000
1966 -134.0000000000
1971 -133.0000000000
1992 -132.0000000000
2015 -131.0000000000
2042 -130.0000000000
2051 -129.0000000000
2060 -127.0000000000
2101 -126.0000000000
2115 -124.0000000000
2136 -122.0000000000
2142 -121.0000000000
2162 -120.0000000000
2183 -116.0000000000
2210 -115.0000000000
2216 -113.0000000000
2252 -111.0000000000
2274 -109.0000000000
2305 -108.0000000000
2357 -107.0000000000
2386 -106.0000000000
2393 -104.0000000000
2452 -103.0000000000
2467 -101.0000000000
2475 -99.0000000000
2502 -98.0000000000
2526 -97.0000000000
2545 -96.0000000000
2557 -94.0000000000
2586 -93.0000000000
2630 -92.0000000000
2666 -91.0000000000
2679 -90.0000000000
2708 -89.0000000000
2710 -88.0000000000
2723 -87.0000000000
2738 -86.0000000000
2764 -85.0000000000
2803 -82.0000000000
2821 -80.0000000000
2824 -79.0000000000
2851 -78.0000000000
2875 -77.0000000000
2886 -75.0000000000
2900 -72.0000000000
2928 -69.0000000000
2974 -68.0000000000
3006 -67.0000000000
3039 -66.0000000000
3080 -65.0000000000
3130 -64.0000000000
3132 -63.0000000000
3157 -62.0000000000
3167 -61.0000000000
3208 -60.0000000000
3231 -59.0000000000
3272 -58.0000000000
3324 -56.0000000000
3378 -55.0000000000
3478 -54.0000000000
3483 -53.0000000000
3528 -52.0000000000
3590 -51.0000000000
3631 -49.0000000000
3662 -48.0000000000
3708 -47.0000000000
3711 -46.0000000000
3730 -45.0000000000
3752 -44.0000000000
3789 -43.0000000000
3836 -41.0000000000
3917 -40.0000000000
3931 -39.0000000000
3969 -37.0000000000
4032 -36.0000000000
4045 -35.0000000000
4053 -34.0000000000
4069 -33.0000000000
4072 -32.0000000000
4119 -31.0000000000
4238 -29.0000000000
4284 -28.0000000000
4341 -27.0000000000
4410 -24.0000000000
4518 -23.0000000000
4563 -22.0000000000
4584 -21.0000000000
4612 -20.0000000000
4673 -19.0000000000
4710 -18.0000000000
4746 -17.0000000000
4763 -16.0000000000
4784 -14.0000000000
4821 -13.0000000000
4885 -12.0000000000
4919 -11.0000000000
5002 -10.0000000000
5031 -9.0000000000
5084 -8.0000000000
5086 -7.0000000000
5140 -6.0000000000
5204 -5.0000000000
5215 -4.0000000000
5290 -3.0000000000
5366 -2.0000000000
5503 -1.0000000000
5601 599.0000000000
5650 602.0000000000
5676 608.0000000000
5703 631.0000000000
5733 639.0000000000
5768 667.0000000000
5970 674.0000000000
5990 677.0000000000
6055 682.0000000000
6291 684.0000000000
6315 689.0000000000
6565 690.0000000000
7233 693.0000000000
7422 697.0000000000
7634 698.0000000000
8384 699.0000000000
10000 608.0000000000
evaluations raw_y
1 -378.0000000000
5 -369.0000000000
6 -352.0000000000
10 -351.0000000000
15 -347.0000000000
16 -342.0000000000
26 -320.0000000000
40 -314.0000000000
56 -312.0000000000
60 -307.0000000000
71 -305.0000000000
81 -303.0000000000
82 -297.0000000000
102 -296.0000000000
118 -295.0000000000
123 -293.0000000000
132 -292.0000000000
135 -291.0000000000
161 -289.0000000000
164 -287.0000000000
175 -286.0000000000
178 -285.0000000000
190 -284.0000000000
197 -282.0000000000
215 -281.0000000000
227 -280.0000000000
230 -279.0000000000
231 -278.0000000000
246 -275.0000000000
264 -271.0000000000
275 -268.0000000000
293 -267.0000000000
295 -266.0000000000
306 -264.0000000000
311 -263.0000000000
314 -262.0000000000
335 -260.0000000000
351 -259.0000000000
362 -255.0000000000
391 -254.0000000000
396 -253.0000000000
411 -252.0000000000
430 -251.0000000000
436 -250.0000000000
445 -249.0000000000
458 -247.0000000000
483 -246.0000000000
494 -244.0000000000
513 -243.0000000000
527 -242.0000000000
558 -241.0000000000
563 -240.0000000000
572 -239.0000000000
588 -238.0000000000
602 -237.0000000000
621 -236.0000000000
633 -235.0000000000
641 -234.0000000000
643 -233.0000000000
667 -232.0000000000
676 -229.0000000000
679 -227.0000000000
702 -226.0000000000
716 -223.0000000000
746 -222.0000000000
766 -221.0000000000
784 -220.0000000000
793 -218.0000000000
811 -216.0000000000
826 -215.0000000000
840 -214.0000000000
842 -212.0000000000
856 -210.0000000000
867 -209.0000000000
881 -208.0000000000
899 -207.0000000000
913 -206.0000000000
924 -203.0000000000
938 -202.0000000000
961 -198.0000000000
981 -197.0000000000
982 -196.0000000000
992 -195.0000000000
997 -193.0000000000
1011 -192.0000000000
1041 -190.0000000000
1053 -189.0000000000
1070 -188.0000000000
1077 -187.0000000000
1096 -186.0000000000
1106 -183.0000000000
1116 -180.0000000000
1144 -179.0000000000
1159 -175.0000000000
1212 -172.0000000000
1240 -171.0000000000
1247 -169.0000000000
1282 -168.0000000000
1284 -166.0000000000
1300 -165.0000000000
1315 -164.0000000000
1319 -163.0000000000
1342 -161.0000000000
1360 -160.0000000000
1382 -159.0000000000
1398 -156.0000000000
1411 -154.0000000000
1449 -153.0000000000
1470 -151.0000000000
1496 -149.0000000000
1525 -146.0000000000
1551 -145.0000000000
1553 -144.0000000000
1591 -139.0000000000
1630 -138.0000000000
1640 -137.0000000000
1642 -136.0000000000
1652 -135.0000000000
1666 -134.0000000000
1671 -133.0000000000
1683 -130.0000000000
1691 -129.0000000000
1719 -128.0000000000
1727 -127.0000000000
1769 -126.0000000000
1786 -125.0000000000
1814 -124.0000000000
1837 -123.0000000000
1859 -121.0000000000
1875 -120.0000000000
1887 -116.0000000000
1892 -115.0000000000
1920 -114.0000000000
1946 -113.0000000000
1956 -111.0000000000
1990 -110.0000000000
2009 -108.0000000000
2039 -107.0000000000
2052 -106.0000000000
2065 -104.0000000000
2113 -103.0000000000
2130 -102.0000000000
2145 -101.0000000000
2156 -100.0000000000
2169 -98.0000000000
2176 -97.0000000000
2226 -96.0000000000
2263 -95.0000000000
2309 -93.0000000000
2331 -92.0000000000
2339 -91.0000000000
2356 -90.0000000000
2365 -88.0000000000
2423 -87.0000000000
2436 -85.0000000000
2460 -84.0000000000
2471 -83.0000000000
2494 -81.0000000000
2518 -80.0000000000
2536 -78.0000000000
2546 -77.0000000000
2556 -76.0000000000
2578 -75.0000000000
2584 -74.0000000000
2607 -73.0000000000
2637 -72.0000000000
2641 -71.0000000000
2664 -70.0000000000
2671 -69.0000000000
2711 -67.0000000000
2721 -63.0000000000
2742 -62.0000000000
2779 -61.0000000000
2786 -60.0000000000
2807 -59.0000000000
2838 -58.0000000000
2869 -57.0000000000
2875 -56.0000000000
2927 -55.0000000000
2942 -54.0000000000
2976 -53.0000000000
2999 -52.0000000000
3036 -51.0000000000
3080 -50.0000000000
3083 -49.0000000000
3121 -47.0000000000
3138 -44.0000000000
3167 -43.0000000000
3201 -42.0000000000
3215 -41.0000000000
3298 -40.0000000000
3332 -39.0000000000
3376 -38.0000000000
3437 -37.0000000000
3447 -35.0000000000
3466 -34.0000000000
3509 -33.0000000000
3524 -32.0000000000
3575 -30.0000000000
3632 -28.0000000000
3667 -27.0000000000
3704 -26.0000000000
3751 -25.0000000000
3774 -23.0000000000
3809 -22.0000000000
3817 -21.0000000000
3823 -20.0000000000
3930 -19.0000000000
3970 -18.0000000000
4034 -16.0000000000
4043 -14.0000000000
4142 -13.0000000000
4193 -12.0000000000
4237 -11.0000000000
4249 -10.0000000000
4268 -9.0000000000
4373 -7.0000000000
4407 -6.0000000000
4418 -5.0000000000
4498 -4.0000000000
4707 -3.0000000000
4820 -2.0000000000
4990 -1.0000000000
5099 600.0000000000
5101 602.0000000000
5132 605.0000000000
5141 615.0000000000
5163 616.0000000000
5183 622.0000000000
5194 630.0000000000
5219 633.0000000000
5230 635.0000000000
5245 642.0000000000
5311 647.0000000000
5390 652.0000000000
5441 654.0000000000
5616 658.0000000000
5749 660.0000000000
5956 668.0000000000
6208 670.0000000000
6236 679.0000000000
6370 682.0000000000
6425 684.0000000000
6822 690.0000000000
6856 692.0000000000
7903 697.0000000000
9195 699.0000000000
9614 702.0000000000
9941 704.0000000000
10000 684.0000000000
evaluations raw_y
1 -361.0000000000
6 -336.0000000000
16 -331.0000000000
29 -326.0000000000
38 -324.0000000000
45 -323.0000000000
46 -316.0000000000
67 -315.0000000000
72 -314.0000000000
76 -310.0000000000
85 -307.0000000000
105 -306.0000000000
107 -304.0000000000
120 -301.0000000000
130 -299.0000000000
153 -298.0000000000
157 -295.0000000000
172 -289.0000000000
189 -288.0000000000
191 -287.0000000000
193 -286.0000000000
217 -285.0000000000
226 -284.0000000000
228 -283.0000000000
238 -282.0000000000
242 -281.0000000000
256 -280.0000000000
265 -279.0000000000
266 -277.0000000000
305 -275.0000000000
306 -273.0000000000
324 -272.0000000000
332 -269.0000000000
344 -268.0000000000
360 -267.0000000000
369 -266.0000000000
373 -265.0000000000
398 -264.0000000000
403 -260.0000000000
413 -259.0000000000
424 -258.0000000000
438 -255.0000000000
447 -254.0000000000
477 -251.0000000000
499 -250.0000000000
501 -248.0000000000
514 -246.0000000000
535 -245.0000000000
538 -242.0000000000
551 -241.0000000000
576 -240.0000000000
583 -239.0000000000
592 -237.0000000000
603 -236.0000000000
632 -234.0000000000
639 -233.0000000000
659 -232.0000000000
661 -231.0000000000
663 -229.0000000000
682 -228.0000000000
685 -227.0000000000
691 -226.0000000000
705 -225.0000000000
712 -224.0000000000
732 -223.0000000000
747 -221.0000000000
758 -220.0000000000
773 -219.0000000000
801 -217.0000000000
816 -216.0000000000
823 -215.0000000000
852 -214.0000000000
865 -213.0000000000
881 -212.0000000000
902 -210.0000000000
923 -206.0000000000
954 -205.0000000000
956 -202.0000000000
978 -201.0000000000
981 -198.0000000000
1014 -197.0000000000
1044 -196.0000000000
1072 -195.0000000000
1076 -193.0000000000
1081 -191.0000000000
1091 -189.0000000000
1127 -185.0000000000
1142 -184.0000000000
1161 -183.0000000000
1162 -182.0000000000
1186 -181.0000000000
1194 -180.0000000000
1211 -179.0000000000
1222 -177.0000000000
1238 -175.0000000000
1241 -172.0000000000
1261 -171.0000000000
1288 -170.0000000000
1299 -169.0000000000
1314 -167.0000000000
1341 -166.0000000000
1346 -164.0000000000
1368 -162.0000000000
1387 -160.0000000000
1402 -159.0000000000
1421 -158.0000000000
1434 -157.0000000000
1440 -155.0000000000
1455 -154.0000000000
1466 -153.0000000000
1471 -152.0000000000
1481 -151.0000000000
1486 -150.0000000000
1497 -149.0000000000
1506 -147.0000000000
1516 -146.0000000000
1544 -144.0000000000
1565 -143.0000000000
1578 -142.0000000000
1607 -139.0000000000
1633 -137.0000000000
1646 -135.0000000000
1680 -134.0000000000
1688 -133.0000000000
1696 -132.0000000000
1711 -130.0000000000
1754 -128.0000000000
1768 -125.0000000000
1793 -124.0000000000
1803 -122.0000000000
1830 -121.0000000000
1832 -120.0000000000
1890 -119.0000000000
1919 -118.0000000000
1922 -117.0000000000
1942 -116.0000000000
1971 -115.0000000000
2000 -114.0000000000
2021 -113.0000000000
2055 -112.0000000000
2064 -111.0000000000
2068 -110.0000000000
2119 -108.0000000000
2127 -106.0000000000
2145 -104.0000000000
2197 -103.0000000000
2218 -102.0000000000
2231 -101.0000000000
2233 -100.0000000000
2255 -99.0000000000
2291 -98.0000000000
2297 -97.0000000000
2319 -93.0000000000
2338 -92.0000000000
2377 -91.0000000000
2384 -90.0000000000
2400 -88.0000000000
2470 -87.0000000000
2477 -86.0000000000
2489 -85.0000000000
2502 -84.0000000000
2513 -83.0000000000
2522 -82.0000000000
2526 -81.0000000000
2564 -80.0000000000
2613 -79.0000000000
2621 -76.0000000000
2678 -74.0000000000
2684 -72.0000000000
2706 -71.0000000000
2715 -70.0000000000
2725 -69.0000000000
2736 -67.0000000000
2767 -65.0000000000
2786 -62.0000000000
2825 -61.0000000000
2856 -60.0000000000
2860 -59.0000000000
2888 -58.0000000000
2920 -57.0000000000
2939 -56.0000000000
2958 -55.0000000000
2977 -54.0000000000
2989 -52.0000000000
3008 -51.0000000000
3051 -50.0000000000
3052 -49.0000000000
3081 -47.0000000000
3212 -46.0000000000
3234 -44.0000000000
3272 -43.0000000000
3291 -42.0000000000
3372 -41.0000000000
3417 -40.0000000000
3441 -39.0000000000
3459 -38.0000000000
3475 -37.0000000000
3508 -36.0000000000
3521 -35.0000000000
3588 -34.0000000000
3593 -32.0000000000
3683 -31.0000000000
3711 -30.0000000000
3741 -29.0000000000
3742 -28.0000000000
3770 -27.0000000000
3830 -26.0000000000
3836 -25.0000000000
3879 -24.0000000000
3934 -23.0000000000
3981 -22.0000000000
3999 -21.0000000000
4067 -20.0000000000
4122 -19.0000000000
4126 -18.0000000000
4186 -17.0000000000
4208 -16.0000000000
4236 -15.0000000000
4323 -14.0000000000
4339 -12.0000000000
4389 -11.0000000000
4442 -10.0000000000
4506 -8.0000000000
4668 -7.0000000000
4669 -6.0000000000
4747 -5.0000000000
4873 -4.0000000000
4932 -3.0000000000
4943 -2.0000000000
5387 -1.0000000000
5488 595.0000000000
5497 619.0000000000
5523 620.0000000000
5537 625.0000000000
5928 628.0000000000
5948 629.0000000000
5997 632.0000000000
6061 634.0000000000
6074 635.0000000000
6112 643.0000000000
6137 646.0000000000
6241 650.0000000000
6262 655.0000000000
6312 662.0000000000
6366 666.0000000000
6378 667.0000000000
6412 672.0000000000
6469 678.0000000000
6528 679.0000000000
6616 683.0000000000
6663 687.0000000000
6690 695.0000000000
6957 700.0000000000
10000 677.0000000000
evaluations raw_y
1 -362.0000000000
3 -352.0000000000
5 -339.0000000000
36 -333.0000000000
38 -324.0000000000
51 -320.0000000000
55 -313.0000000000
63 -311.0000000000
71 -306.0000000000
75 -305.0000000000
81 -304.0000000000
90 -301.0000000000
103 -300.0000000000
107 -297.0000000000
114 -293.0000000000
132 -291.0000000000
147 -290.0000000000
159 -289.0000000000
161 -288.0000000000
181 -287.0000000000
198 -286.0000000000
202 -285.0000000000
203 -284.0000000000
212 -283.0000000000
213 -282.0000000000
242 -281.0000000000
253 -278.0000000000
261 -276.0000000000
275 -275.0000000000
279 -274.0000000000
281 -271.0000000000
293 -267.0000000000
315 -266.0000000000
325 -265.0000000000
329 -262.0000000000
368 -259.0000000000
403 -258.0000000000
408 -257.0000000000
423 -253.0000000000
447 -251.0000000000
472 -250.0000000000
491 -247.0000000000
505 -246.0000000000
522 -245.0000000000
524 -244.0000000000
537 -241.0000000000
542 -240.0000000000
558 -239.0000000000
569 -238.0000000000
578 -237.0000000000
583 -236.0000000000
603 -235.0000000000
608 -234.0000000000
627 -233.0000000000
628 -232.0000000000
651 -230.0000000000
680 -229.0000000000
681 -228.0000000000
682 -227.0000000000
702 -226.0000000000
708 -225.0000000000
712 -224.0000000000
732 -223.0000000000
739 -222.0000000000
748 -221.0000000000
755 -219.0000000000
762 -216.0000000000
777 -215.0000000000
791 -214.0000000000
802 -213.0000000000
803 -212.0000000000
813 -210.0000000000
840 -208.0000000000
847 -207.0000000000
860 -204.0000000000
889 -203.0000000000
899 -202.0000000000
908 -200.0000000000
940 -198.0000000000
960 -196.0000000000
974 -195.0000000000
984 -194.0000000000
997 -192.0000000000
1016 -190.0000000000
1034 -189.0000000000
1054 -187.0000000000
1063 -186.0000000000
1100 -185.0000000000
1104 -184.0000000000
1122 -183.0000000000
1138 -180.0000000000
1155 -179.0000000000
1185 -178.0000000000
1212 -176.0000000000
1236 -175.0000000000
1250 -174.0000000000
1255 -173.0000000000
1305 -172.0000000000
1325 -170.0000000000
1335 -168.0000000000
1351 -167.0000000000
1363 -165.0000000000
1397 -164.0000000000
1402 -163.0000000000
1414 -162.0000000000
1428 -161.0000000000
1447 -160.0000000000
1462 -159.0000000000
1472 -158.0000000000
1482 -156.0000000000
1514 -155.0000000000
1526 -154.0000000000
1545 -153.0000000000
1562 -152.0000000000
1574 -151.0000000000
1581 -150.0000000000
1589 -149.0000000000
1594 -148.0000000000
1601 -147.0000000000
1620 -145.0000000000
1623 -144.0000000000
1632 -143.0000000000
1643 -142.0000000000
1661 -141.0000000000
1680 -140.0000000000
1702 -139.0000000000
1733 -138.0000000000
1754 -137.0000000000
1772 -136.0000000000
1807 -135.0000000000
1809 -134.0000000000
1822 -133.0000000000
1834 -132.0000000000
1845 -131.0000000000
1852 -130.0000000000
1868 -129.0000000000
1872 -128.0000000000
1881 -127.0000000000
1928 -126.0000000000
1932 -124.0000000000
1934 -123.0000000000
1960 -122.0000000000
1973 -121.0000000000
2000 -120.0000000000
2032 -119.0000000000
2033 -118.0000000000
2051 -117.0000000000
2069 -115.0000000000
2101 -113.0000000000
2147 -112.0000000000
2167 -111.0000000000
2204 -110.0000000000
2223 -109.0000000000
2259 -108.0000000000
2286 -106.0000000000
2331 -105.0000000000
2360 -104.0000000000
2375 -103.0000000000
2401 -102.0000000000
2430 -101.0000000000
2442 -100.0000000000
2466 -99.0000000000
2483 -97.0000000000
2520 -96.0000000000
2537 -95.0000000000
2548 -94.0000000000
2568 -92.0000000000
2572 -91.0000000000
2625 -89.0000000000
2648 -88.0000000000
2671 -87.0000000000
2703 -86.0000000000
2710 -84.0000000000
2735 -83.0000000000
2764 -82.0000000000
2787 -81.0000000000
2808 -77.0000000000
2841 -76.0000000000
2869 -75.0000000000
2877 -72.0000000000
2895 -71.0000000000
2917 -70.0000000000
2979 -69.0000000000
3012 -68.0000000000
3031 -67.0000000000
3068 -66.0000000000
3086 -65.0000000000
3098 -64.0000000000
3146 -63.0000000000
3156 -62.0000000000
3163 -61.0000000000
3217 -59.0000000000
3260 -58.0000000000
3281 -57.0000000000
3317 -56.0000000000
3351 -55.0000000000
3400 -54.0000000000
3484 -53.0000000000
3535 -52.0000000000
3555 -50.0000000000
3587 -49.0000000000
3610 -48.0000000000
3647 -47.0000000000
3670 -46.0000000000
3701 -45.0000000000
3730 -44.0000000000
3750 -43.0000000000
3775 -42.0000000000
3807 -41.0000000000
3863 -38.0000000000
3902 -37.0000000000
3928 -36.0000000000
3959 -34.0000000000
3964 -33.0000000000
3967 -32.0000000000
4024 -31.0000000000
4058 -30.0000000000
4094 -29.0000000000
4113 -27.0000000000
4168 -26.0000000000
4213 -25.0000000000
4241 -24.0000000000
4274 -23.0000000000
4363 -22.0000000000
4375 -21.0000000000
4418 -19.0000000000
4617 -18.0000000000
4637 -17.0000000000
4693 -16.0000000000
4786 -15.0000000000
4911 -14.0000000000
4930 -13.0000000000
4939 -11.0000000000
4984 -10.0000000000
5007 -9.0000000000
5097 -8.0000000000
5188 -7.0000000000
5333 -6.0000000000
5396 -5.0000000000
5525 -4.0000000000
5560 -3.0000000000
5601 -2.0000000000
5773 -1.0000000000
5940 603.0000000000
5947 634.0000000000
5978 643.0000000000
6027 645.0000000000
6031 651.0000000000
6094 654.0000000000
6187 655.0000000000
6238 659.0000000000
6622 666.0000000000
6650 669.0000000000
6695 676.0000000000
6813 677.0000000000
6820 678.0000000000
7051 680.0000000000
7153 683.0000000000
7466 686.0000000000
7532 691.0000000000
8248 694.0000000000
8859 697.0000000000
10000 -1.0000000000
evaluations raw_y
1 -352.0000000000
12 -332.0000000000
50 -327.0000000000
52 -323.0000000000
61 -312.0000000000
72 -311.0000000000
90 -303.0000000000
111 -298.0000000000
122 -297.0000000000
131 -295.0000000000
132 -293.0000000000
133 -289.0000000000
147 -287.0000000000
162 -285.0000000000
166 -284.0000000000
182 -279.0000000000
196 -278.0000000000
201 -276.0000000000
214 -272.0000000000
230 -271.0000000000
242 -270.0000000000
248 -269.0000000000
260 -268.0000000000
263 -267.0000000000
293 -266.0000000000
301 -264.0000000000
305 -263.0000000000
323 -261.0000000000
344 -260.0000000000
352 -259.0000000000
370 -255.0000000000
381 -252.0000000000
391 -251.0000000000
414 -250.0000000000
431 -249.0000000000
442 -248.0000000000
454 -247.0000000000
455 -246.0000000000
482 -244.0000000000
499 -243.0000000000
507 -242.0000000000
516 -241.0000000000
517 -240.0000000000
527 -239.0000000000
542 -238.0000000000
560 -236.0000000000
575 -235.0000000000
583 -233.0000000000
595 -232.0000000000
618 -230.0000000000
623 -229.0000000000
641 -228.0000000000
651 -227.0000000000
664 -226.0000000000
685 -224.0000000000
698 -221.0000000000
712 -220.0000000000
732 -218.0000000000
742 -216.0000000000
757 -214.0000000000
795 -213.0000000000
811 -212.0000000000
824 -211.0000000000
844 -209.0000000000
857 -208.0000000000
875 -207.0000000000
883 -206.0000000000
896 -205.0000000000
904 -204.0000000000
914 -201.0000000000
931 -199.0000000000
944 -198.0000000000
956 -197.0000000000
961 -196.0000000000
987 -195.0000000000
990 -191.0000000000
1015 -190.0000000000
1021 -189.0000000000
1022 -188.0000000000
1024 -187.0000000000
1040 -186.0000000000
1074 -183.0000000000
1102 -182.0000000000
1115 -181.0000000000
1139 -180.0000000000
1150 -179.0000000000
1153 -177.0000000000
1186 -175.0000000000
1205 -174.0000000000
1214 -173.0000000000
1226 -171.0000000000
1256 -169.0000000000
1279 -168.0000000000
1304 -166.0000000000
1316 -165.0000000000
1347 -164.0000000000
1354 -163.0000000000
1364 -162.0000000000
1371 -161.0000000000
1389 -159.0000000000
1403 -157.0000000000
1412 -156.0000000000
1421 -155.0000000000
1431 -153.0000000000
1458 -152.0000000000
1463 -151.0000000000
1471 -150.0000000000
1482 -147.0000000000
1519 -146.0000000000
1521 -145.0000000000
1542 -143.0000000000
1559 -142.0000000000
1560 -141.0000000000
1612 -140.0000000000
1616 -139.0000000000
1626 -138.0000000000
1633 -137.0000000000
1651 -136.0000000000
1655 -135.0000000000
1681 -134.0000000000
1715 -130.0000000000
1738 -129.0000000000
1741 -128.0000000000
1757 -127.0000000000
1773 -126.0000000000
1786 -125.0000000000
1792 -123.0000000000
1808 -122.0000000000
1825 -121.0000000000
1827 -120.0000000000
1831 -119.0000000000
1843 -118.0000000000
1858 -116.0000000000
1877 -115.0000000000
1885 -114.0000000000
1905 -113.0000000000
1912 -112.0000000000
1916 -111.0000000000
1928 -110.0000000000
1929 -109.0000000000
1942 -107.0000000000
1968 -106.0000000000
1987 -105.0000000000
1990 -103.0000000000
2005 -101.0000000000
2059 -99.0000000000
2065 -98.0000000000
2080 -97.0000000000
2109 -96.0000000000
2111 -94.0000000000
2124 -92.0000000000
2163 -91.0000000000
2185 -90.0000000000
2198 -89.0000000000
2242 -88.0000000000
2256 -86.0000000000
2313 -85.0000000000
2325 -84.0000000000
2334 -83.0000000000
2371 -82.0000000000
2425 -81.0000000000
2494 -79.0000000000
2509 -78.0000000000
2531 -76.0000000000
2598 -74.0000000000
2616 -73.0000000000
2629 -72.0000000000
2671 -71.0000000000
2695 -70.0000000000
2719 -68.0000000000
2729 -67.0000000000
2757 -66.0000000000
2812 -65.0000000000
2814 -63.0000000000
2887 -61.0000000000
2947 -60.0000000000
2955 -59.0000000000
2985 -58.0000000000
3004 -57.0000000000
3027 -55.0000000000
3054 -54.0000000000
3100 -52.0000000000
3138 -51.0000000000
3173 -50.0000000000
3226 -49.0000000000
3245 -48.0000000000
3251 -47.0000000000
3262 -46.0000000000
3285 -45.0000000000
3324 -44.0000000000
3349 -43.0000000000
3395 -42.0000000000
3475 -41.0000000000
3502 -40.0000000000
3559 -39.0000000000
3634 -38.0000000000
3681 -36.0000000000
3722 -34.0000000000
3772 -33.0000000000
3818 -32.0000000000
3870 -31.0000000000
3923 -30.0000000000
3931 -28.0000000000
3995 -27.0000000000
4030 -26.0000000000
4080 -25.0000000000
4081 -24.0000000000
4136 -23.0000000000
4175 -21.0000000000
4200 -20.0000000000
4227 -19.0000000000
4242 -18.0000000000
4296 -17.0000000000
4418 -16.0000000000
4508 -15.0000000000
4700 -14.0000000000
4737 -13.0000000000
4808 -12.0000000000
4836 -11.0000000000
4896 -10.0000000000
4946 -9.0000000000
5048 -8.0000000000
5063 -7.0000000000
5123 -6.0000000000
5167 -5.0000000000
5186 -3.0000000000
5490 -2.0000000000
5575 -1.0000000000
5599 586.0000000000
5692 605.0000000000
5736 607.0000000000
5778 609.0000000000
5796 612.0000000000
5799 616.0000000000
5836 622.0000000000
5861 627.0000000000
5914 631.0000000000
5931 636.0000000000
6014 637.0000000000
6103 641.0000000000
6188 647.0000000000
6216 657.0000000000
6282 660.0000000000
6301 664.0000000000
6379 667.0000000000
6385 670.0000000000
6418 674.0000000000
6530 675.0000000000
7748 682.0000000000
7751 687.0000000000
7816 691.0000000000
8129 693.0000000000
10000 648.0000000000
evaluations raw_y
1 -372.0000000000
2 -352.0000000000
12 -340.0000000000
32 -339.0000000000
42 -336.0000000000
51 -335.0000000000
53 -330.0000000000
72 -329.0000000000
75 -326.0000000000
78 -322.0000000000
82 -318.0000000000
97 -317.0000000000
108 -316.0000000000
114 -315.0000000000
117 -314.0000000000
127 -313.0000000000
129 -310.0000000000
131 -307.0000000000
145 -306.0000000000
150 -305.0000000000
156 -304.0000000000
174 -303.0000000000
178 -302.0000000000
201 -300.0000000000
211 -298.0000000000
226 -295.0000000000
242 -293.0000000000
263 -292.0000000000
266 -291.0000000000
271 -290.0000000000
302 -289.0000000000
304 -287.0000000000
312 -285.0000000000
325 -284.0000000000
332 -283.0000000000
343 -282.0000000000
352 -281.0000000000
365 -280.0000000000
378 -279.0000000000
391 -278.0000000000
402 -277.0000000000
416 -276.0000000000
419 -275.0000000000
421 -273.0000000000
442 -272.0000000000
444 -270.0000000000
452 -268.0000000000
463 -267.0000000000
484 -266.0000000000
495 -262.0000000000
528 -261.0000000000
540 -260.0000000000
544 -258.0000000000
559 -257.0000000000
562 -256.0000000000
576 -255.0000000000
581 -253.0000000000
591 -252.0000000000
608 -251.0000000000
618 -250.0000000000
621 -249.0000000000
631 -247.0000000000
645 -246.0000000000
680 -245.0000000000
684 -244.0000000000
696 -242.0000000000
720 -241.0000000000
748 -240.0000000000
755 -238.0000000000
773 -237.0000000000
777 -236.0000000000
781 -235.0000000000
791 -233.0000000000
813 -232.0000000000
819 -229.0000000000
842 -228.0000000000
843 -225.0000000000
862 -224.0000000000
871 -223.0000000000
875 -221.0000000000
897 -219.0000000000
907 -217.0000000000
937 -216.0000000000
943 -215.0000000000
966 -214.0000000000
984 -213.0000000000
987 -212.0000000000
1008 -210.0000000000
1022 -208.0000000000
1042 -207.0000000000
1052 -206.0000000000
1061 -205.0000000000
1072 -203.0000000000
1100 -202.0000000000
1107 -201.0000000000
1117 -200.0000000000
1128 -199.0000000000
1142 -198.0000000000
1167 -196.0000000000
1171 -195.0000000000
1192 -193.0000000000
1207 -191.0000000000
1221 -190.0000000000
1226 -189.0000000000
1255 -188.0000000000
1265 -187.0000000000
1298 -186.0000000000
1299 -185.0000000000
1301 -184.0000000000
1311 -183.0000000000
1341 -181.0000000000
1362 -179.0000000000
1381 -177.0000000000
1390 -176.0000000000
1393 -175.0000000000
1398 -172.0000000000
1416 -171.0000000000
1433 -170.0000000000
1469 -169.0000000000
1471 -168.0000000000
1492 -166.0000000000
1502 -165.0000000000
1513 -164.0000000000
1539 -163.0000000000
1553 -162.0000000000
1569 -161.0000000000
1573 -160.0000000000
1582 -159.0000000000
1592 -157.0000000000
1624 -154.0000000000
1644 -153.0000000000
1673 -150.0000000000
1715 -148.0000000000
1724 -147.0000000000
1747 -145.0000000000
1786 -144.0000000000
1819 -143.0000000000
1840 -142.0000000000
1847 -141.0000000000
1857 -140.0000000000
1862 -139.0000000000
1873 -136.0000000000
1885 -133.0000000000
1892 -132.0000000000
1903 -131.0000000000
1938 -130.0000000000
1942 -129.0000000000
1965 -127.0000000000
1973 -126.0000000000
1993 -121.0000000000
2026 -119.0000000000
2058 -118.0000000000
2073 -117.0000000000
2092 -116.0000000000
2105 -115.0000000000
2117 -113.0000000000
2133 -112.0000000000
2163 -111.0000000000
2192 -110.0000000000
2211 -108.0000000000
2231 -107.0000000000
2250 -106.0000000000
2265 -105.0000000000
2268 -104.0000000000
2320 -103.0000000000
2330 -101.0000000000
2361 -100.0000000000
2404 -98.0000000000
2414 -96.0000000000
2431 -95.0000000000
2464 -94.0000000000
2497 -91.0000000000
2557 -90.0000000000
2563 -89.0000000000
2602 -87.0000000000
2619 -86.0000000000
2662 -85.0000000000
2667 -84.0000000000
2687 -83.0000000000
2728 -80.0000000000
2747 -79.0000000000
2772 -77.0000000000
2798 -76.0000000000
2809 -74.0000000000
2819 -73.0000000000
2829 -72.0000000000
2875 -71.0000000000
2948 -70.0000000000
2959 -69.0000000000
2967 -68.0000000000
2976 -67.0000000000
3001 -66.0000000000
3047 -65.0000000000
3083 -64.0000000000
3093 -63.0000000000
3129 -62.0000000000
3158 -60.0000000000
3188 -59.0000000000
3196 -58.0000000000
3241 -55.0000000000
3271 -54.0000000000
3302 -53.0000000000
3320 -52.0000000000
3323 -51.0000000000
3332 -50.0000000000
3391 -49.0000000000
3446 -47.0000000000
3481 -46.0000000000
3507 -45.0000000000
3527 -44.0000000000
3530 -43.0000000000
3537 -42.0000000000
3547 -41.0000000000
3595 -40.0000000000
3612 -39.0000000000
3636 -38.0000000000
3691 -37.0000000000
3696 -36.0000000000
3742 -35.0000000000
3783 -34.0000000000
3846 -33.0000000000
3871 -32.0000000000
3922 -31.0000000000
3955 -30.0000000000
4024 -28.0000000000
4086 -27.0000000000
4164 -25.0000000000
4201 -24.0000000000
4227 -23.0000000000
4264 -21.0000000000
4309 -20.0000000000
4364 -19.0000000000
4409 -18.0000000000
4465 -17.0000000000
4475 -16.0000000000
4557 -15.0000000000
4603 -14.0000000000
4634 -13.0000000000
4660 -12.0000000000
4710 -11.0000000000
4722 -10.0000000000
4781 -9.0000000000
4949 -8.0000000000
5019 -7.0000000000
5060 -6.0000000000
5145 -5.0000000000
5249 -2.0000000000
5292 -1.0000000000
5320 627.0000000000
5422 634.0000000000
5614 640.0000000000
5788 652.0000000000
5884 657.0000000000
5992 663.0000000000
6113 673.0000000000
6245 675.0000000000
6321 679.0000000000
6346 687.0000000000
6883 695.0000000000
7335 701.0000000000
9539 703.0000000000
9585 705.0000000000
9834 706.0000000000
9865 710.0000000000
10000 490.0000000000
evaluations raw_y
1 -358.0000000000
7 -353.0000000000
23 -349.0000000000
26 -343.0000000000
31 -341.0000000000
36 -325.0000000000
62 -322.0000000000
70 -318.0000000000
72 -316.0000000000
82 -315.0000000000
83 -314.0000000000
91 -312.0000000000
96 -310.0000000000
105 -309.0000000000
120 -308.0000000000
122 -306.0000000000
127 -298.0000000000
154 -297.0000000000
156 -296.0000000000
193 -294.0000000000
203 -293.0000000000
205 -286.0000000000
222 -284.0000000000
235 -282.0000000000
260 -281.0000000000
261 -278.0000000000
287 -276.0000000000
298 -275.0000000000
302 -274.0000000000
324 -273.0000000000
332 -270.0000000000
357 -267.0000000000
364 -266.0000000000
372 -264.0000000000
387 -263.0000000000
393 -262.0000000000
408 -259.0000000000
426 -258.0000000000
450 -257.0000000000
452 -256.0000000000
462 -255.0000000000
473 -253.0000000000
487 -252.0000000000
504 -250.0000000000
515 -249.0000000000
527 -248.0000000000
545 -247.0000000000
552 -246.0000000000
572 -245.0000000000
586 -244.0000000000
592 -243.0000000000
594 -242.0000000000
619 -241.0000000000
626 -240.0000000000
633 -236.0000000000
670 -235.0000000000
675 -234.0000000000
694 -233.0000000000
695 -231.0000000000
711 -230.0000000000
718 -228.0000000000
721 -226.0000000000
738 -225.0000000000
740 -224.0000000000
743 -223.0000000000
749 -222.0000000000
776 -221.0000000000
798 -219.0000000000
811 -218.0000000000
825 -217.0000000000
831 -215.0000000000
849 -214.0000000000
883 -213.0000000000
887 -212.0000000000
896 -209.0000000000
926 -207.0000000000
953 -206.0000000000
960 -205.0000000000
982 -201.0000000000
1005 -200.0000000000
1020 -198.0000000000
1055 -197.0000000000
1059 -196.0000000000
1081 -195.0000000000
1083 -194.0000000000
1088 -193.0000000000
1100 -191.0000000000
1109 -190.0000000000
1140 -189.0000000000
1142 -188.0000000000
1150 -187.0000000000
1167 -186.0000000000
1172 -185.0000000000
1185 -184.0000000000
1206 -183.0000000000
1215 -182.0000000000
1225 -181.0000000000
1230 -180.0000000000
1245 -179.0000000000
1253 -178.0000000000
1263 -177.0000000000
1272 -176.0000000000
1293 -175.0000000000
1311 -174.0000000000
1331 -173.0000000000
1333 -171.0000000000
1354 -169.0000000000
1363 -168.0000000000
1391 -166.0000000000
1434 -165.0000000000
1436 -164.0000000000
1450 -162.0000000000
1454 -161.0000000000
1478 -160.0000000000
1496 -159.0000000000
1503 -158.0000000000
1518 -156.0000000000
1535 -154.0000000000
1572 -153.0000000000
1582 -152.0000000000
1587 -151.0000000000
1615 -149.0000000000
1620 -148.0000000000
1641 -147.0000000000
1658 -146.0000000000
1665 -145.0000000000
1674 -144.0000000000
1682 -143.0000000000
1696 -141.0000000000
1708 -139.0000000000
1718 -138.0000000000
1726 -136.0000000000
1752 -135.0000000000
1764 -133.0000000000
1790 -132.0000000000
1817 -131.0000000000
1829 -130.0000000000
1860 -129.0000000000
1870 -127.0000000000
1883 -126.0000000000
1903 -123.0000000000
1933 -121.0000000000
1950 -120.0000000000
1979 -119.0000000000
1983 -118.0000000000
2006 -116.0000000000
2028 -115.0000000000
2055 -114.0000000000
2060 -113.0000000000
2084 -112.0000000000
2118 -111.0000000000
2124 -110.0000000000
2169 -109.0000000000
2177 -108.0000000000
2200 -107.0000000000
2229 -106.0000000000
2231 -105.0000000000
2258 -102.0000000000
2291 -101.0000000000
2332 -100.0000000000
2339 -99.0000000000
2355 -98.0000000000
2367 -97.0000000000
2413 -96.0000000000
2449 -95.0000000000
2488 -94.0000000000
2490 -93.0000000000
2504 -92.0000000000
2536 -91.0000000000
2560 -90.0000000000
2565 -89.0000000000
2601 -88.0000000000
2625 -87.0000000000
2634 -86.0000000000
2653 -85.0000000000
2663 -84.0000000000
2676 -83.0000000000
2694 -82.0000000000
2720 -80.0000000000
2742 -77.0000000000
2779 -76.0000000000
2795 -75.0000000000
2822 -73.0000000000
2877 -72.0000000000
2903 -71.0000000000
2943 -70.0000000000
3002 -68.0000000000
3032 -67.0000000000
3048 -66.0000000000
3129 -65.0000000000
3136 -64.0000000000
3162 -63.0000000000
3202 -62.0000000000
3216 -61.0000000000
3238 -59.0000000000
3288 -58.0000000000
3323 -57.0000000000
3329 -56.0000000000
3343 -55.0000000000
3377 -54.0000000000
3402 -53.0000000000
3421 -52.0000000000
3436 -51.0000000000
3462 -50.0000000000
3487 -49.0000000000
3515 -47.0000000000
3563 -46.0000000000
3603 -45.0000000000
3630 -44.0000000000
3676 -43.0000000000
3685 -42.0000000000
3698 -40.0000000000
3760 -39.0000000000
3773 -38.0000000000
3782 -37.0000000000
3889 -36.0000000000
3934 -34.0000000000
3962 -33.0000000000
4017 -32.0000000000
4051 -30.0000000000
4079 -29.0000000000
4111 -28.0000000000
4136 -27.0000000000
4223 -26.0000000000
4246 -25.0000000000
4268 -24.0000000000
4358 -22.0000000000
4405 -21.0000000000
4410 -20.0000000000
4466 -19.0000000000
4500 -18.0000000000
4526 -17.0000000000
4584 -16.0000000000
4611 -15.0000000000
4685 -14.0000000000
4749 -13.0000000000
4853 -12.0000000000
4949 -11.0000000000
4996 -10.0000000000
5038 -9.0000000000
5107 -8.0000000000
5233 -7.0000000000
5278 -6.0000000000
5312 -5.0000000000
5459 -4.0000000000
5505 -3.0000000000
5518 -2.0000000000
5661 581.0000000000
5691 585.0000000000
5699 593.0000000000
5701 601.0000000000
5757 618.0000000000
5774 629.0000000000
5870 632.0000000000
5871 636.0000000000
5961 640.0000000000
6044 642.0000000000
6112 649.0000000000
6185 650.0000000000
6271 651.0000000000
6272 655.0000000000
6416 657.0000000000
6422 659.0000000000
6440 662.0000000000
6542 664.0000000000
6554 667.0000000000
6682 671.0000000000
7071 672.0000000000
7341 675.0000000000
7424 680.0000000000
7887 683.0000000000
8057 688.0000000000
8177 693.0000000000
8804 701.0000000000
10000 -1.0000000000
evaluations raw_y
1 -373.0000000000
6 -361.0000000000
9 -356.0000000000
16 -354.0000000000
23 -353.0000000000
32 -348.0000000000
36 -343.0000000000
41 -335.0000000000
47 -330.0000000000
57 -329.0000000000
69 -325.0000000000
77 -318.0000000000
81 -317.0000000000
83 -316.0000000000
94 -310.0000000000
128 -308.0000000000
133 -305.0000000000
164 -304.0000000000
173 -303.0000000000
180 -299.0000000000
201 -298.0000000000
203 -293.0000000000
236 -292.0000000000
245 -290.0000000000
270 -289.0000000000
271 -288.0000000000
273 -287.0000000000
284 -286.0000000000
309 -285.0000000000
311 -284.0000000000
313 -281.0000000000
330 -280.0000000000
335 -279.0000000000
347 -278.0000000000
357 -277.0000000000
364 -274.0000000000
392 -273.0000000000
405 -271.0000000000
412 -270.0000000000
432 -269.0000000000
441 -268.0000000000
457 -267.0000000000
461 -266.0000000000
463 -263.0000000000
492 -260.0000000000
513 -259.0000000000
523 -255.0000000000
552 -254.0000000000
558 -253.0000000000
587 -252.0000000000
591 -251.0000000000
599 -250.0000000000
622 -248.0000000000
637 -245.0000000000
668 -244.0000000000
673 -242.0000000000
685 -241.0000000000
691 -240.0000000000
714 -238.0000000000
727 -237.0000000000
742 -235.0000000000
761 -234.0000000000
764 -233.0000000000
771 -231.0000000000
797 -230.0000000000
820 -229.0000000000
822 -228.0000000000
824 -227.0000000000
846 -226.0000000000
862 -225.0000000000
901 -223.0000000000
913 -222.0000000000
925 -220.0000000000
935 -219.0000000000
943 -218.0000000000
956 -217.0000000000
973 -216.0000000000
983 -214.0000000000
1010 -213.0000000000
1017 -212.0000000000
1026 -209.0000000000
1053 -208.0000000000
1071 -207.0000000000
1072 -206.0000000000
1099 -204.0000000000
1118 -203.0000000000
1128 -200.0000000000
1140 -199.0000000000
1155 -197.0000000000
1171 -196.0000000000
1188 -195.0000000000
1207 -194.0000000000
1246 -193.0000000000
1255 -192.0000000000
1257 -190.0000000000
1272 -189.0000000000
1305 -187.0000000000
1321 -186.0000000000
1335 -185.0000000000
1365 -184.0000000000
1384 -182.0000000000
1386 -181.0000000000
1392 -180.0000000000
1421 -177.0000000000
1432 -176.0000000000
1452 -174.0000000000
1473 -173.0000000000
1475 -172.0000000000
1489 -170.0000000000
1491 -169.0000000000
1523 -168.0000000000
1532 -167.0000000000
1556 -164.0000000000
1578 -163.0000000000
1602 -162.0000000000
1622 -161.0000000000
1633 -160.0000000000
1656 -158.0000000000
1671 -157.0000000000
1684 -156.0000000000
1700 -155.0000000000
1720 -154.0000000000
1739 -153.0000000000
1750 -152.0000000000
1766 -151.0000000000
1797 -148.0000000000
1801 -147.0000000000
1815 -146.0000000000
1854 -145.0000000000
1872 -144.0000000000
1877 -143.0000000000
1894 -142.0000000000
1896 -141.0000000000
1902 -140.0000000000
1926 -139.0000000000
1932 -138.0000000000
1934 -137.0000000000
1956 -135.0000000000
1983 -134.0000000000
1987 -133.0000000000
2015 -131.0000000000
2032 -129.0000000000
2051 -128.0000000000
2068 -127.0000000000
2105 -126.0000000000
2108 -125.0000000000
2155 -124.0000000000
2170 -123.0000000000
2177 -121.0000000000
2191 -120.0000000000
2218 -119.0000000000
2223 -118.0000000000
2236 -117.0000000000
2242 -116.0000000000
2253 -115.0000000000
2263 -114.0000000000
2283 -112.0000000000
2336 -111.0000000000
2361 -108.0000000000
2384 -105.0000000000
2423 -104.0000000000
2425 -103.0000000000
2426 -102.0000000000
2446 -101.0000000000
2457 -99.0000000000
2491 -98.0000000000
2498 -97.0000000000
2536 -95.0000000000
2577 -94.0000000000
2606 -93.0000000000
2640 -92.0000000000
2648 -91.0000000000
2682 -90.0000000000
2688 -88.0000000000
2716 -87.0000000000
2741 -83.0000000000
2785 -82.0000000000
2800 -81.0000000000
2821 -80.0000000000
2841 -79.0000000000
2890 -78.0000000000
2904 -77.0000000000
2920 -75.0000000000
2939 -74.0000000000
2993 -73.0000000000
3006 -72.0000000000
3053 -71.0000000000
3081 -70.0000000000
3091 -69.0000000000
3112 -68.0000000000
3129 -67.0000000000
3163 -66.0000000000
3173 -64.0000000000
3224 -63.0000000000
3230 -62.0000000000
3242 -61.0000000000
3260 -60.0000000000
3262 -59.0000000000
3275 -58.0000000000
3297 -56.0000000000
3305 -55.0000000000
3378 -54.0000000000
3387 -53.0000000000
3409 -52.0000000000
3416 -51.0000000000
3505 -47.0000000000
3524 -46.0000000000
3568 -45.0000000000
3593 -43.0000000000
3639 -42.0000000000
3719 -41.0000000000
3765 -40.0000000000
3790 -39.0000000000
3804 -38.0000000000
3862 -35.0000000000
3910 -33.0000000000
3970 -31.0000000000
3986 -30.0000000000
4046 -29.0000000000
4067 -28.0000000000
4117 -27.0000000000
4135 -26.0000000000
4160 -25.0000000000
4194 -24.0000000000
4203 -23.0000000000
4228 -22.0000000000
4253 -21.0000000000
4322 -19.0000000000
4338 -18.0000000000
4405 -17.0000000000
4452 -16.0000000000
4528 -15.0000000000
4585 -14.0000000000
4671 -13.0000000000
4708 -12.0000000000
4873 -11.0000000000
4964 -10.0000000000
5036 -9.0000000000
5126 -8.0000000000
5199 -7.0000000000
5236 -6.0000000000
5598 -5.0000000000
5726 -4.0000000000
5812 -3.0000000000
5845 -2.0000000000
5945 -1.0000000000
6114 609.0000000000
6173 627.0000000000
6201 631.0000000000
6213 633.0000000000
6244 638.0000000000
6270 642.0000000000
6272 645.0000000000
6306 657.0000000000
6709 660.0000000000
6753 663.0000000000
7118 665.0000000000
7129 666.0000000000
7187 670.0000000000
7965 673.0000000000
8125 675.0000000000
9191 677.0000000000
9466 680.0000000000
9478 686.0000000000
10000 659.0000000000
evaluations raw_y
1 -397.0000000000
2 -390.0000000000
3 -364.0000000000
5 -329.0000000000
31 -317.0000000000
44 -315.0000000000
55 -314.0000000000
66 -313.0000000000
69 -312.0000000000
70 -301.0000000000
82 -300.0000000000
84 -296.0000000000
94 -287.0000000000
115 -286.0000000000
122 -282.0000000000
138 -279.0000000000
156 -276.0000000000
165 -275.0000000000
177 -274.0000000000
181 -273.0000000000
185 -271.0000000000
205 -270.0000000000
220 -269.0000000000
235 -265.0000000000
255 -264.0000000000
263 -261.0000000000
283 -258.0000000000
312 -257.0000000000
323 -256.0000000000
336 -254.0000000000
355 -253.0000000000
371 -252.0000000000
375 -251.0000000000
390 -250.0000000000
398 -249.0000000000
401 -248.0000000000
407 -247.0000000000
416 -246.0000000000
441 -242.0000000000
466 -241.0000000000
482 -240.0000000000
491 -238.0000000000
504 -237.0000000000
521 -236.0000000000
545 -235.0000000000
553 -234.0000000000
561 -230.0000000000
597 -228.0000000000
616 -226.0000000000
625 -225.0000000000
649 -224.0000000000
660 -221.0000000000
671 -220.0000000000
693 -218.0000000000
697 -217.0000000000
723 -216.0000000000
726 -213.0000000000
751 -212.0000000000
753 -211.0000000000
771 -210.0000000000
772 -209.0000000000
782 -206.0000000000
799 -205.0000000000
815 -204.0000000000
821 -202.0000000000
852 -200.0000000000
861 -199.0000000000
884 -198.0000000000
893 -197.0000000000
916 -196.0000000000
920 -194.0000000000
933 -193.0000000000
958 -192.0000000000
974 -190.0000000000
991 -188.0000000000
998 -186.0000000000
1041 -185.0000000000
1042 -183.0000000000
1062 -181.0000000000
1078 -180.0000000000
1094 -179.0000000000
1096 -177.0000000000
1110 -176.0000000000
1131 -175.0000000000
1137 -174.0000000000
1159 -173.0000000000
1162 -172.0000000000
1177 -171.0000000000
1183 -170.0000000000
1214 -169.0000000000
1223 -166.0000000000
1259 -165.0000000000
1308 -164.0000000000
1317 -163.0000000000
1323 -162.0000000000
1343 -159.0000000000
1355 -158.0000000000
1378 -156.0000000000
1423 -155.0000000000
1431 -154.0000000000
1464 -153.0000000000
1484 -151.0000000000
1513 -150.0000000000
1523 -149.0000000000
1541 -148.0000000000
1556 -147.0000000000
1578 -146.0000000000
1584 -145.0000000000
1608 -142.0000000000
1639 -141.0000000000
1643 -140.0000000000
1653 -138.0000000000
1681 -137.0000000000
1708 -136.0000000000
1723 -134.0000000000
1731 -133.0000000000
1751 -132.0000000000
1776 -131.0000000000
1799 -130.0000000000
1806 -129.0000000000
1834 -128.0000000000
1856 -127.0000000000
1860 -126.0000000000
1869 -125.0000000000
1880 -124.0000000000
1884 -123.0000000000
1891 -122.0000000000
1902 -120.0000000000
1912 -119.0000000000
1927 -117.0000000000
1945 -116.0000000000
1989 -115.0000000000
2016 -113.0000000000
2037 -111.0000000000
2057 -109.0000000000
2101 -107.0000000000
2127 -106.0000000000
2131 -105.0000000000
2152 -104.0000000000
2161 -103.0000000000
2181 -102.0000000000
2211 -101.0000000000
2217 -100.0000000000
2222 -99.0000000000
2241 -98.0000000000
2252 -95.0000000000
2313 -94.0000000000
2343 -92.0000000000
2352 -91.0000000000
2368 -90.0000000000
2417 -88.0000000000
2452 -87.0000000000
2500 -86.0000000000
2501 -85.0000000000
2506 -84.0000000000
2519 -83.0000000000
2530 -82.0000000000
2553 -81.0000000000
2567 -80.0000000000
2584 -79.0000000000
2601 -78.0000000000
2631 -77.0000000000
2653 -76.0000000000
2674 -72.0000000000
2693 -71.0000000000
2719 -68.0000000000
2772 -66.0000000000
2799 -65.0000000000
2836 -64.0000000000
2842 -63.0000000000
2865 -62.0000000000
2873 -61.0000000000
2893 -60.0000000000
2942 -59.0000000000
2951 -57.0000000000
2988 -56.0000000000
3009 -55.0000000000
3045 -54.0000000000
3061 -51.0000000000
3077 -49.0000000000
3081 -48.0000000000
3122 -47.0000000000
3135 -46.0000000000
3163 -45.0000000000
3200 -44.0000000000
3202 -43.0000000000
3232 -42.0000000000
3278 -41.0000000000
3296 -40.0000000000
3405 -39.0000000000
3436 -38.0000000000
3471 -36.0000000000
3538 -35.0000000000
3619 -34.0000000000
3643 -33.0000000000
3688 -32.0000000000
3742 -31.0000000000
3783 -30.0000000000
3841 -29.0000000000
3870 -27.0000000000
3945 -26.0000000000
3996 -24.0000000000
4034 -23.0000000000
4048 -22.0000000000
4092 -21.0000000000
4187 -19.0000000000
4300 -18.0000000000
4368 -17.0000000000
4472 -16.0000000000
4563 -15.0000000000
4593 -14.0000000000
4606 -13.0000000000
4671 -12.0000000000
4718 -11.0000000000
4883 -10.0000000000
4940 -9.0000000000
5026 -8.0000000000
5179 -7.0000000000
5281 -6.0000000000
5392 -5.0000000000
5429 -4.0000000000
5557 -2.0000000000
5681 -1.0000000000
5715 608.0000000000
5939 609.0000000000
5952 610.0000000000
5958 617.0000000000
5985 628.0000000000
6065 637.0000000000
6073 642.0000000000
6090 644.0000000000
6119 647.0000000000
6127 661.0000000000
6152 663.0000000000
6189 669.0000000000
6214 676.0000000000
6308 680.0000000000
6309 686.0000000000
6669 692.0000000000
6886 696.0000000000
7843 700.0000000000
8433 702.0000000000
9841 703.0000000000
10000 -3.0000000000
evaluations raw_y
1 -359.0000000000
2 -349.0000000000
16 -342.0000000000
22 -337.0000000000
34 -335.0000000000
35 -331.0000000000
55 -327.0000000000
62 -322.0000000000
86 -318.0000000000
93 -316.0000000000
111 -315.0000000000
114 -313.0000000000
116 -312.0000000000
131 -311.0000000000
141 -310.0000000000
155 -309.0000000000
156 -308.0000000000
166 -307.0000000000
173 -305.0000000000
185 -304.0000000000
202 -303.0000000000
215 -301.0000000000
226 -299.0000000000
242 -298.0000000000
243 -297.0000000000
252 -296.0000000000
255 -294.0000000000
271 -291.0000000000
291 -290.0000000000
310 -289.0000000000
320 -288.0000000000
323 -286.0000000000
338 -285.0000000000
352 -284.0000000000
356 -283.0000000000
364 -282.0000000000
381 -280.0000000000
394 -277.0000000000
406 -276.0000000000
426 -275.0000000000
432 -272.0000000000
434 -270.0000000000
462 -269.0000000000
468 -265.0000000000
475 -264.0000000000
493 -263.0000000000
495 -262.0000000000
515 -261.0000000000
516 -260.0000000000
528 -256.0000000000
555 -255.0000000000
557 -254.0000000000
583 -253.0000000000
592 -252.0000000000
606 -250.0000000000
616 -249.0000000000
622 -248.0000000000
642 -247.0000000000
661 -243.0000000000
684 -242.0000000000
687 -241.0000000000
696 -240.0000000000
710 -237.0000000000
720 -236.0000000000
733 -234.0000000000
771 -233.0000000000
772 -232.0000000000
781 -231.0000000000
800 -229.0000000000
807 -228.0000000000
810 -227.0000000000
819 -226.0000000000
823 -225.0000000000
834 -224.0000000000
844 -223.0000000000
845 -221.0000000000
855 -220.0000000000
870 -219.0000000000
878 -218.0000000000
910 -217.0000000000
923 -216.0000000000
934 -214.0000000000
953 -213.0000000000
955 -212.0000000000
971 -211.0000000000
993 -210.0000000000
1003 -207.0000000000
1022 -206.0000000000
1032 -205.0000000000
1037 -204.0000000000
1057 -203.0000000000
1072 -202.0000000000
1080 -201.0000000000
1083 -200.0000000000
1093 -197.0000000000
1130 -195.0000000000
1149 -194.0000000000
1180 -193.0000000000
1189 -191.0000000000
1206 -190.0000000000
1217 -189.0000000000
1221 -187.0000000000
1241 -185.0000000000
1282 -184.0000000000
1298 -182.0000000000
1313 -179.0000000000
1324 -178.0000000000
1374 -177.0000000000
1395 -175.0000000000
1404 -174.0000000000
1413 -173.0000000000
1422 -172.0000000000
1438 -171.0000000000
1441 -170.0000000000
1451 -169.0000000000
1463 -167.0000000000
1501 -164.0000000000
1503 -163.0000000000
1522 -162.0000000000
1554 -160.0000000000
1555 -159.0000000000
1577 -156.0000000000
1591 -155.0000000000
1603 -154.0000000000
1619 -153.0000000000
1669 -150.0000000000
1703 -149.0000000000
1728 -148.0000000000
1731 -147.0000000000
1752 -145.0000000000
1775 -144.0000000000
1807 -143.0000000000
1828 -142.0000000000
1847 -141.0000000000
1875 -140.0000000000
1882 -137.0000000000
1895 -136.0000000000
1918 -135.0000000000
1942 -133.0000000000
1956 -132.0000000000
1962 -131.0000000000
1985 -130.0000000000
1990 -129.0000000000
2010 -127.0000000000
2037 -126.0000000000
2061 -125.0000000000
2100 -124.0000000000
2113 -123.0000000000
2126 -121.0000000000
2157 -120.0000000000
2179 -119.0000000000
2200 -118.0000000000
2204 -116.0000000000
2221 -115.0000000000
2242 -114.0000000000
2276 -113.0000000000
2291 -112.0000000000
2331 -111.0000000000
2360 -110.0000000000
2385 -109.0000000000
2424 -108.0000000000
2429 -107.0000000000
2441 -105.0000000000
2485 -104.0000000000
2490 -102.0000000000
2505 -100.0000000000
2535 -99.0000000000
2550 -98.0000000000
2562 -97.0000000000
2582 -96.0000000000
2590 -95.0000000000
2598 -94.0000000000
2602 -93.0000000000
2655 -92.0000000000
2664 -91.0000000000
2709 -90.0000000000
2724 -88.0000000000
2751 -87.0000000000
2753 -86.0000000000
2781 -85.0000000000
2828 -84.0000000000
2868 -83.0000000000
2887 -82.0000000000
2907 -81.0000000000
2939 -80.0000000000
2940 -79.0000000000
2986 -78.0000000000
2992 -77.0000000000
3033 -76.0000000000
3064 -75.0000000000
3069 -74.0000000000
3094 -73.0000000000
3122 -72.0000000000
3149 -71.0000000000
3162 -70.0000000000
3182 -69.0000000000
3202 -68.0000000000
3233 -67.0000000000
3242 -66.0000000000
3246 -65.0000000000
3269 -62.0000000000
3306 -61.0000000000
3337 -60.0000000000
3390 -59.0000000000
3398 -57.0000000000
3438 -55.0000000000
3463 -54.0000000000
3482 -52.0000000000
3591 -50.0000000000
3636 -49.0000000000
3651 -48.0000000000
3673 -47.0000000000
3720 -46.0000000000
3753 -45.0000000000
3769 -44.0000000000
3801 -42.0000000000
3835 -41.0000000000
3838 -40.0000000000
3867 -39.0000000000
3883 -38.0000000000
3891 -37.0000000000
3918 -36.0000000000
3967 -35.0000000000
3974 -34.0000000000
3983 -33.0000000000
4013 -32.0000000000
4015 -31.0000000000
4109 -30.0000000000
4139 -29.0000000000
4141 -28.0000000000
4179 -26.0000000000
4224 -25.0000000000
4258 -24.0000000000
4305 -23.0000000000
4317 -22.0000000000
4343 -20.0000000000
4371 -19.0000000000
4406 -17.0000000000
4493 -16.0000000000
4511 -15.0000000000
4603 -14.0000000000
4628 -13.0000000000
4696 -12.0000000000
4716 -11.0000000000
4843 -10.0000000000
4981 -9.0000000000
5035 -8.0000000000
5079 -7.0000000000
5091 -6.0000000000
5217 -5.0000000000
5228 -4.0000000000
5284 -3.0000000000
5602 -2.0000000000
5646 -1.0000000000
5999 588.0000000000
6067 590.0000000000
6069 607.0000000000
6159 611.0000000000
6230 612.0000000000
6341 630.0000000000
6396 641.0000000000
6513 643.0000000000
6523 644.0000000000
6601 650.0000000000
6614 651.0000000000
6644 663.0000000000
7535 664.0000000000
7605 665.0000000000
7678 667.0000000000
7966 668.0000000000
7975 677.0000000000
8207 678.0000000000
8412 679.0000000000
8827 685.0000000000
9008 693.0000000000
10000 -1.0000000000
evaluations raw_y
1 -352.0000000000
2 -346.0000000000
21 -338.0000000000
45 -333.0000000000
61 -327.0000000000
72 -325.0000000000
80 -323.0000000000
84 -319.0000000000
98 -318.0000000000
102 -316.0000000000
123 -314.0000000000
128 -313.0000000000
131 -310.0000000000
146 -305.0000000000
154 -304.0000000000
166 -301.0000000000
179 -296.0000000000
205 -294.0000000000
213 -292.0000000000
240 -291.0000000000
241 -290.0000000000
251 -288.0000000000
273 -287.0000000000
285 -286.0000000000
300 -285.0000000000
305 -284.0000000000
333 -283.0000000000
342 -282.0000000000
355 -281.0000000000
361 -280.0000000000
372 -279.0000000000
394 -278.0000000000
397 -277.0000000000
403 -276.0000000000
425 -275.0000000000
440 -274.0000000000
441 -273.0000000000
452 -272.0000000000
480 -271.0000000000
494 -270.0000000000
501 -268.0000000000
517 -266.0000000000
525 -265.0000000000
547 -264.0000000000
549 -263.0000000000
570 -262.0000000000
580 -261.0000000000
586 -260.0000000000
593 -259.0000000000
611 -258.0000000000
631 -257.0000000000
643 -256.0000000000
646 -255.0000000000
664 -254.0000000000
687 -253.0000000000
698 -252.0000000000
723 -251.0000000000
724 -249.0000000000
734 -247.0000000000
735 -246.0000000000
763 -245.0000000000
775 -244.0000000000
785 -243.0000000000
792 -241.0000000000
811 -240.0000000000
823 -239.0000000000
831 -238.0000000000
859 -237.0000000000
868 -236.0000000000
871 -235.0000000000
881 -234.0000000000
900 -233.0000000000
907 -230.0000000000
927 -229.0000000000
935 -228.0000000000
938 -227.0000000000
956 -226.0000000000
960 -224.0000000000
967 -222.0000000000
990 -220.0000000000
1017 -218.0000000000
1040 -216.0000000000
1041 -215.0000000000
1057 -214.0000000000
1066 -213.0000000000
1094 -212.0000000000
1103 -211.0000000000
1112 -210.0000000000
1133 -209.0000000000
1144 -208.0000000000
1149 -207.0000000000
1152 -206.0000000000
1160 -205.0000000000
1167 -204.0000000000
1172 -203.0000000000
1175 -202.0000000000
1188 -201.0000000000
1192 -199.0000000000
1206 -198.0000000000
1212 -197.0000000000
1229 -196.0000000000
1238 -195.0000000000
1251 -192.0000000000
1272 -188.0000000000
1304 -187.0000000000
1333 -186.0000000000
1345 -184.0000000000
1362 -183.0000000000
1385 -181.0000000000
1408 -180.0000000000
1423 -179.0000000000
1434 -178.0000000000
1437 -176.0000000000
1474 -174.0000000000
1484 -173.0000000000
1495 -172.0000000000
1503 -171.0000000000
1514 -169.0000000000
1524 -168.0000000000
1530 -166.0000000000
1533 -164.0000000000
1552 -163.0000000000
1561 -162.0000000000
1566 -160.0000000000
1574 -159.0000000000
1594 -158.0000000000
1595 -156.0000000000
1611 -155.0000000000
1632 -154.0000000000
1645 -153.0000000000
1648 -152.0000000000
1684 -150.0000000000
1699 -148.0000000000
1713 -147.0000000000
1724 -146.0000000000
1729 -145.0000000000
1739 -144.0000000000
1740 -143.0000000000
1744 -142.0000000000
1759 -141.0000000000
1773 -139.0000000000
1792 -138.0000000000
1795 -137.0000000000
1807 -136.0000000000
1812 -133.0000000000
1848 -132.0000000000
1865 -131.0000000000
1887 -129.0000000000
1922 -128.0000000000
1924 -127.0000000000
1943 -126.0000000000
1973 -125.0000000000
1993 -124.0000000000
2021 -123.0000000000
2032 -122.0000000000
2041 -121.0000000000
2065 -120.0000000000
2071 -119.0000000000
2114 -118.0000000000
2119 -117.0000000000
2147 -116.0000000000
2162 -115.0000000000
2168 -114.0000000000
2175 -112.0000000000
2183 -110.0000000000
2203 -108.0000000000
2215 -107.0000000000
2226 -106.0000000000
2282 -104.0000000000
2303 -103.0000000000
2337 -102.0000000000
2347 -101.0000000000
2351 -100.0000000000
2362 -99.0000000000
2396 -98.0000000000
2398 -97.0000000000
2422 -96.0000000000
2445 -94.0000000000
2491 -93.0000000000
2534 -92.0000000000
2552 -91.0000000000
2592 -90.0000000000
2593 -89.0000000000
2614 -88.0000000000
2625 -86.0000000000
2682 -84.0000000000
2726 -83.0000000000
2735 -82.0000000000
2746 -81.0000000000
2773 -80.0000000000
2808 -78.0000000000
2827 -77.0000000000
2836 -76.0000000000
2870 -75.0000000000
2893 -74.0000000000
2900 -73.0000000000
2923 -72.0000000000
2938 -70.0000000000
2976 -69.0000000000
2986 -68.0000000000
3044 -65.0000000000
3081 -63.0000000000
3097 -62.0000000000
3154 -61.0000000000
3157 -60.0000000000
3194 -59.0000000000
3228 -58.0000000000
3249 -57.0000000000
3254 -56.0000000000
3272 -55.0000000000
3303 -53.0000000000
3339 -51.0000000000
3370 -50.0000000000
3419 -49.0000000000
3454 -46.0000000000
3490 -44.0000000000
3558 -43.0000000000
3562 -42.0000000000
3595 -41.0000000000
3608 -39.0000000000
3650 -38.0000000000
3661 -37.0000000000
3679 -36.0000000000
3757 -35.0000000000
3778 -34.0000000000
3842 -32.0000000000
3853 -31.0000000000
3879 -30.0000000000
3962 -29.0000000000
4009 -28.0000000000
4038 -26.0000000000
4136 -25.0000000000
4199 -24.0000000000
4235 -23.0000000000
4266 -22.0000000000
4303 -21.0000000000
4315 -20.0000000000
4336 -18.0000000000
4434 -16.0000000000
4477 -15.0000000000
4496 -14.0000000000
4573 -13.0000000000
4661 -10.0000000000
4844 -9.0000000000
4857 -8.0000000000
4866 -7.0000000000
4906 -6.0000000000
4941 -5.0000000000
5026 -4.0000000000
5056 -3.0000000000
5065 -2.0000000000
5120 -1.0000000000
5148 592.0000000000
5171 604.0000000000
5217 605.0000000000
5219 617.0000000000
5229 621.0000000000
5240 622.0000000000
5241 623.0000000000
5298 636.0000000000
5335 637.0000000000
5375 651.0000000000
5435 653.0000000000
5489 660.0000000000
5539 668.0000000000
5666 671.0000000000
5675 675.0000000000
5734 678.0000000000
5877 683.0000000000
5976 687.0000000000
6254 690.0000000000
6482 701.0000000000
7002 703.0000000000
7120 706.0000000000
10000 579.0000000000
evaluations raw_y
1 -368.0000000000
2 -347.0000000000
6 -344.0000000000
16 -341.0000000000
22 -340.0000000000
24 -337.0000000000
28 -334.0000000000
32 -333.0000000000
41 -321.0000000000
62 -319.0000000000
76 -318.0000000000
88 -313.0000000000
105 -312.0000000000
121 -311.0000000000
133 -310.0000000000
136 -309.0000000000
149 -307.0000000000
159 -305.0000000000
163 -304.0000000000
172 -303.0000000000
193 -302.0000000000
196 -301.0000000000
209 -300.0000000000
214 -298.0000000000
236 -297.0000000000
245 -296.0000000000
259 -295.0000000000
276 -294.0000000000
278 -292.0000000000
281 -291.0000000000
292 -288.0000000000
311 -287.0000000000
337 -286.0000000000
338 -284.0000000000
363 -282.0000000000
371 -280.0000000000
382 -278.0000000000
405 -277.0000000000
414 -276.0000000000
417 -275.0000000000
423 -274.0000000000
433 -273.0000000000
438 -270.0000000000
454 -269.0000000000
471 -268.0000000000
475 -265.0000000000
487 -261.0000000000
501 -259.0000000000
514 -258.0000000000
524 -256.0000000000
557 -255.0000000000
576 -254.0000000000
582 -253.0000000000
605 -251.0000000000
615 -250.0000000000
618 -249.0000000000
626 -248.0000000000
631 -247.0000000000
642 -244.0000000000
657 -242.0000000000
671 -240.0000000000
675 -238.0000000000
691 -237.0000000000
707 -236.0000000000
715 -235.0000000000
721 -234.0000000000
745 -232.0000000000
772 -229.0000000000
796 -227.0000000000
802 -224.0000000000
829 -223.0000000000
830 -222.0000000000
833 -221.0000000000
843 -220.0000000000
857 -219.0000000000
869 -218.0000000000
881 -217.0000000000
894 -215.0000000000
908 -214.0000000000
933 -212.0000000000
942 -209.0000000000
960 -208.0000000000
999 -206.0000000000
1002 -205.0000000000
1017 -201.0000000000
1024 -200.0000000000
1045 -199.0000000000
1048 -198.0000000000
1055 -197.0000000000
1061 -194.0000000000
1086 -193.0000000000
1094 -190.0000000000
1109 -189.0000000000
1117 -188.0000000000
1128 -187.0000000000
1157 -186.0000000000
1189 -185.0000000000
1193 -184.0000000000
1200 -183.0000000000
1202 -182.0000000000
1230 -181.0000000000
1233 -180.0000000000
1255 -179.0000000000
1258 -177.0000000000
1279 -173.0000000000
1284 -172.0000000000
1306 -171.0000000000
1326 -170.0000000000
1333 -169.0000000000
1334 -167.0000000000
1355 -166.0000000000
1360 -163.0000000000
1361 -162.0000000000
1374 -161.0000000000
1391 -159.0000000000
1412 -158.0000000000
1447 -157.0000000000
1454 -155.0000000000
1467 -154.0000000000
1497 -152.0000000000
1506 -151.0000000000
1515 -149.0000000000
1518 -148.0000000000
1547 -146.0000000000
1570 -145.0000000000
1581 -144.0000000000
1618 -143.0000000000
1642 -141.0000000000
1658 -140.0000000000
1678 -139.0000000000
1684 -138.0000000000
1715 -137.0000000000
1724 -136.0000000000
1742 -135.0000000000
1745 -134.0000000000
1752 -133.0000000000
1763 -132.0000000000
1800 -131.0000000000
1805 -130.0000000000
1826 -129.0000000000
1846 -128.0000000000
1857 -126.0000000000
1876 -124.0000000000
1915 -122.0000000000
1943 -121.0000000000
1952 -119.0000000000
1991 -118.0000000000
2001 -115.0000000000
2031 -114.0000000000
2067 -112.0000000000
2073 -110.0000000000
2097 -109.0000000000
2100 -108.0000000000
2106 -107.0000000000
2146 -106.0000000000
2151 -105.0000000000
2174 -104.0000000000
2216 -103.0000000000
2234 -102.0000000000
2239 -101.0000000000
2262 -100.0000000000
2293 -99.0000000000
2317 -98.0000000000
2329 -97.0000000000
2332 -93.0000000000
2406 -92.0000000000
2411 -91.0000000000
2428 -90.0000000000
2442 -88.0000000000
2451 -87.0000000000
2456 -86.0000000000
2517 -85.0000000000
2573 -84.0000000000
2595 -83.0000000000
2625 -82.0000000000
2637 -81.0000000000
2658 -80.0000000000
2667 -77.0000000000
2704 -76.0000000000
2729 -75.0000000000
2744 -74.0000000000
2783 -73.0000000000
2796 -72.0000000000
2825 -71.0000000000
2940 -70.0000000000
2951 -68.0000000000
2988 -67.0000000000
3016 -66.0000000000
3031 -65.0000000000
3056 -64.0000000000
3062 -63.0000000000
3102 -61.0000000000
3139 -60.0000000000
3157 -59.0000000000
3163 -58.0000000000
3172 -57.0000000000
3248 -56.0000000000
3314 -55.0000000000
3346 -54.0000000000
3379 -53.0000000000
3394 -52.0000000000
3417 -51.0000000000
3457 -50.0000000000
3471 -49.0000000000
3498 -48.0000000000
3526 -47.0000000000
3546 -46.0000000000
3552 -45.0000000000
3611 -43.0000000000
3645 -42.0000000000
3707 -41.0000000000
3783 -40.0000000000
3792 -39.0000000000
3798 -37.0000000000
3872 -36.0000000000
3923 -35.0000000000
3935 -34.0000000000
3968 -33.0000000000
4034 -32.0000000000
4091 -30.0000000000
4139 -29.0000000000
4193 -28.0000000000
4248 -27.0000000000
4291 -26.0000000000
4367 -25.0000000000
4373 -24.0000000000
4443 -23.0000000000
4496 -22.0000000000
4546 -21.0000000000
4582 -20.0000000000
4624 -19.0000000000
4674 -18.0000000000
4738 -17.0000000000
4773 -16.0000000000
4810 -15.0000000000
4875 -13.0000000000
4917 -12.0000000000
5045 -11.0000000000
5083 -10.0000000000
5266 -9.0000000000
5311 -8.0000000000
5359 -7.0000000000
5402 -6.0000000000
5478 -4.0000000000
5544 -2.0000000000
5607 -1.0000000000
5703 587.0000000000
5876 602.0000000000
5899 603.0000000000
5927 605.0000000000
5935 613.0000000000
6174 621.0000000000
6178 628.0000000000
6211 631.0000000000
6244 639.0000000000
6455 640.0000000000
6628 657.0000000000
6669 660.0000000000
6758 663.0000000000
6799 669.0000000000
6881 671.0000000000
7043 680.0000000000
7405 685.0000000000
7445 688.0000000000
7733 691.0000000000
8132 698.0000000000
8471 703.0000000000
10000 -2.0000000000
evaluations raw_y
1 -374.0000000000
3 -359.0000000000
5 -357.0000000000
11 -354.0000000000
13 -347.0000000000
14 -343.0000000000
22 -336.0000000000
30 -331.0000000000
44 -329.0000000000
48 -326.0000000000
56 -318.0000000000
75 -315.0000000000
76 -314.0000000000
77 -313.0000000000
87 -307.0000000000
106 -306.0000000000
123 -304.0000000000
129 -303.0000000000
134 -302.0000000000
136 -301.0000000000
145 -300.0000000000
153 -299.0000000000
168 -298.0000000000
172 -297.0000000000
189 -296.0000000000
192 -293.0000000000
202 -292.0000000000
205 -291.0000000000
207 -290.0000000000
227 -287.0000000000
240 -286.0000000000
242 -285.0000000000
251 -284.0000000000
264 -283.0000000000
274 -282.0000000000
277 -281.0000000000
298 -279.0000000000
304 -278.0000000000
311 -277.0000000000
318 -275.0000000000
336 -274.0000000000
343 -273.0000000000
372 -272.0000000000
373 -271.0000000000
382 -267.0000000000
415 -266.0000000000
424 -265.0000000000
433 -263.0000000000
434 -262.0000000000
447 -261.0000000000
457 -260.0000000000
461 -259.0000000000
476 -257.0000000000
509 -255.0000000000
519 -254.0000000000
526 -253.0000000000
534 -251.0000000000
555 -250.0000000000
560 -248.0000000000
571 -247.0000000000
577 -246.0000000000
586 -245.0000000000
593 -244.0000000000
621 -240.0000000000
633 -239.0000000000
652 -238.0000000000
661 -236.0000000000
670 -235.0000000000
671 -234.0000000000
673 -233.0000000000
684 -231.0000000000
700 -230.0000000000
733 -229.0000000000
744 -227.0000000000
769 -226.0000000000
771 -225.0000000000
796 -224.0000000000
801 -223.0000000000
809 -222.0000000000
829 -221.0000000000
833 -220.0000000000
852 -219.0000000000
872 -217.0000000000
879 -216.0000000000
896 -213.0000000000
897 -212.0000000000
938 -210.0000000000
958 -209.0000000000
961 -206.0000000000
990 -205.0000000000
998 -204.0000000000
1008 -200.0000000000
1025 -199.0000000000
1033 -197.0000000000
1039 -196.0000000000
1070 -195.0000000000
1075 -194.0000000000
1095 -193.0000000000
1103 -189.0000000000
1144 -188.0000000000
1156 -187.0000000000
1160 -186.0000000000
1185 -185.0000000000
1192 -184.0000000000
1195 -183.0000000000
1204 -182.0000000000
1219 -181.0000000000
1223 -180.0000000000
1235 -179.0000000000
1245 -178.0000000000
1263 -176.0000000000
1277 -174.0000000000
1310 -172.0000000000
1321 -171.0000000000
1336 -170.0000000000
1355 -169.0000000000
1361 -168.0000000000
1376 -167.0000000000
1392 -166.0000000000
1399 -165.0000000000
1419 -164.0000000000
1428 -163.0000000000
1445 -161.0000000000
1470 -159.0000000000
1472 -158.0000000000
1497 -155.0000000000
1521 -154.0000000000
1539 -153.0000000000
1556 -152.0000000000
1586 -150.0000000000
1592 -148.0000000000
1637 -144.0000000000
1650 -143.0000000000
1663 -142.0000000000
1675 -141.0000000000
1693 -138.0000000000
1709 -136.0000000000
1729 -135.0000000000
1735 -134.0000000000
1754 -133.0000000000
1775 -132.0000000000
1811 -128.0000000000
1829 -127.0000000000
1854 -126.0000000000
1867 -124.0000000000
1889 -122.0000000000
1901 -121.0000000000
1913 -119.0000000000
1938 -118.0000000000
1975 -117.0000000000
2001 -116.0000000000
2016 -114.0000000000
2026 -112.0000000000
2054 -111.0000000000
2066 -110.0000000000
2117 -109.0000000000
2121 -108.0000000000
2144 -107.0000000000
2172 -105.0000000000
2189 -104.0000000000
2197 -103.0000000000
2211 -102.0000000000
2231 -101.0000000000
2247 -100.0000000000
2268 -99.0000000000
2282 -98.0000000000
2301 -97.0000000000
2321 -96.0000000000
2366 -95.0000000000
2392 -93.0000000000
2454 -90.0000000000
2470 -89.0000000000
2512 -88.0000000000
2515 -87.0000000000
2524 -86.0000000000
2544 -85.0000000000
2558 -84.0000000000
2565 -82.0000000000
2577 -81.0000000000
2581 -80.0000000000
2608 -78.0000000000
2621 -77.0000000000
2649 -76.0000000000
2659 -75.0000000000
2680 -74.0000000000
2730 -73.0000000000
2761 -72.0000000000
2788 -71.0000000000
2793 -70.0000000000
2845 -69.0000000000
2871 -67.0000000000
2890 -66.0000000000
2893 -65.0000000000
2933 -64.0000000000
2949 -63.0000000000
2953 -62.0000000000
2961 -61.0000000000
3016 -60.0000000000
3066 -59.0000000000
3081 -58.0000000000
3129 -57.0000000000
3133 -56.0000000000
3143 -55.0000000000
3160 -54.0000000000
3199 -52.0000000000
3272 -50.0000000000
3297 -49.0000000000
3342 -47.0000000000
3426 -45.0000000000
3427 -44.0000000000
3459 -43.0000000000
3490 -42.0000000000
3506 -40.0000000000
3568 -39.0000000000
3597 -38.0000000000
3614 -36.0000000000
3665 -35.0000000000
3668 -34.0000000000
3715 -33.0000000000
3746 -32.0000000000
3821 -31.0000000000
3861 -29.0000000000
3893 -28.0000000000
3948 -26.0000000000
4085 -24.0000000000
4114 -23.0000000000
4144 -22.0000000000
4184 -21.0000000000
4203 -20.0000000000
4213 -19.0000000000
4303 -18.0000000000
4338 -17.0000000000
4420 -16.0000000000
4476 -15.0000000000
4553 -14.0000000000
4720 -13.0000000000
4740 -12.0000000000
4814 -11.0000000000
4916 -10.0000000000
4954 -9.0000000000
5075 -8.0000000000
5140 -7.0000000000
5205 -6.0000000000
5490 -5.0000000000
5594 -4.0000000000
5640 -3.0000000000
5676 -2.0000000000
5716 -1.0000000000
5780 561.0000000000
5798 609.0000000000
5815 614.0000000000
5856 615.0000000000
5881 633.0000000000
5912 638.0000000000
5916 640.0000000000
5963 646.0000000000
6077 648.0000000000
6089 657.0000000000
6102 658.0000000000
6110 659.0000000000
6135 661.0000000000
6188 662.0000000000
6264 664.0000000000
6326 669.0000000000
6420 674.0000000000
6525 678.0000000000
6758 679.0000000000
6828 683.0000000000
6915 692.0000000000
7265 695.0000000000
7904 700.0000000000
10000 685.0000000000
evaluations raw_y
1 -357.0000000000
24 -345.0000000000
38 -343.0000000000
44 -340.0000000000
51 -339.0000000000
58 -337.0000000000
70 -334.0000000000
81 -321.0000000000
92 -314.0000000000
127 -312.0000000000
130 -311.0000000000
132 -310.0000000000
142 -307.0000000000
159 -304.0000000000
186 -303.0000000000
195 -302.0000000000
197 -299.0000000000
211 -298.0000000000
232 -296.0000000000
241 -295.0000000000
245 -294.0000000000
250 -293.0000000000
272 -292.0000000000
284 -291.0000000000
288 -290.0000000000
303 -286.0000000000
323 -283.0000000000
334 -282.0000000000
337 -280.0000000000
353 -279.0000000000
365 -277.0000000000
368 -276.0000000000
382 -275.0000000000
388 -274.0000000000
392 -272.0000000000
408 -271.0000000000
411 -270.0000000000
419 -268.0000000000
426 -267.0000000000
428 -266.0000000000
435 -265.0000000000
447 -264.0000000000
451 -262.0000000000
454 -261.0000000000
475 -259.0000000000
492 -258.0000000000
503 -257.0000000000
511 -256.0000000000
517 -254.0000000000
531 -253.0000000000
536 -252.0000000000
558 -250.0000000000
579 -249.0000000000
581 -248.0000000000
596 -247.0000000000
605 -246.0000000000
608 -245.0000000000
626 -244.0000000000
635 -243.0000000000
642 -240.0000000000
654 -238.0000000000
687 -234.0000000000
696 -231.0000000000
714 -230.0000000000
716 -229.0000000000
729 -228.0000000000
737 -227.0000000000
742 -226.0000000000
751 -225.0000000000
765 -223.0000000000
782 -222.0000000000
791 -221.0000000000
812 -220.0000000000
826 -219.0000000000
840 -216.0000000000
843 -213.0000000000
865 -212.0000000000
873 -211.0000000000
886 -208.0000000000
912 -207.0000000000
919 -206.0000000000
925 -205.0000000000
928 -204.0000000000
948 -203.0000000000
957 -202.0000000000
960 -201.0000000000
980 -198.0000000000
994 -197.0000000000
1013 -196.0000000000
1022 -195.0000000000
1029 -194.0000000000
1049 -193.0000000000
1066 -192.0000000000
1067 -191.0000000000
1094 -190.0000000000
1101 -189.0000000000
1112 -188.0000000000
1133 -187.0000000000
1143 -186.0000000000
1157 -185.0000000000
1161 -183.0000000000
1172 -182.0000000000
1178 -180.0000000000
1217 -179.0000000000
1221 -178.0000000000
1236 -177.0000000000
1244 -174.0000000000
1272 -171.0000000000
1300 -170.0000000000
1305 -169.0000000000
1321 -168.0000000000
1339 -166.0000000000
1343 -165.0000000000
1363 -161.0000000000
1377 -160.0000000000
1387 -159.0000000000
1400 -158.0000000000
1430 -157.0000000000
1431 -156.0000000000
1438 -155.0000000000
1468 -154.0000000000
1485 -153.0000000000
1512 -152.0000000000
1532 -151.0000000000
1549 -150.0000000000
1578 -149.0000000000
1589 -148.0000000000
1593 -147.0000000000
1601 -146.0000000000
1606 -144.0000000000
1622 -142.0000000000
1644 -141.0000000000
1687 -140.0000000000
1704 -139.0000000000
1709 -138.0000000000
1717 -136.0000000000
1729 -134.0000000000
1757 -133.0000000000
1768 -132.0000000000
1792 -131.0000000000
1808 -130.0000000000
1830 -129.0000000000
1834 -128.0000000000
1839 -127.0000000000
1852 -126.0000000000
1857 -124.0000000000
1872 -123.0000000000
1890 -122.0000000000
1905 -120.0000000000
1908 -119.0000000000
1941 -118.0000000000
1978 -117.0000000000
2000 -115.0000000000
2005 -114.0000000000
2016 -112.0000000000
2054 -110.0000000000
2061 -109.0000000000
2098 -108.0000000000
2132 -107.0000000000
2145 -104.0000000000
2188 -103.0000000000
2217 -102.0000000000
2223 -101.0000000000
2241 -100.0000000000
2258 -98.0000000000
2273 -97.0000000000
2301 -96.0000000000
2349 -95.0000000000
2354 -93.0000000000
2371 -91.0000000000
2397 -90.0000000000
2407 -89.0000000000
2427 -88.0000000000
2440 -86.0000000000
2476 -85.0000000000
2477 -84.0000000000
2501 -83.0000000000
2543 -82.0000000000
2556 -81.0000000000
2568 -80.0000000000
2593 -78.0000000000
2628 -77.0000000000
2652 -76.0000000000
2690 -75.0000000000
2716 -72.0000000000
2770 -71.0000000000
2784 -70.0000000000
2814 -69.0000000000
2826 -68.0000000000
2860 -67.0000000000
2877 -65.0000000000
2896 -64.0000000000
2902 -63.0000000000
2939 -62.0000000000
2954 -61.0000000000
2994 -60.0000000000
3019 -58.0000000000
3038 -57.0000000000
3075 -56.0000000000
3118 -53.0000000000
3175 -50.0000000000
3238 -49.0000000000
3261 -48.0000000000
3287 -47.0000000000
3299 -46.0000000000
3321 -45.0000000000
3354 -43.0000000000
3361 -42.0000000000
3387 -41.0000000000
3434 -40.0000000000
3471 -39.0000000000
3546 -37.0000000000
3601 -36.0000000000
3631 -35.0000000000
3700 -34.0000000000
3712 -33.0000000000
3730 -31.0000000000
3779 -30.0000000000
3832 -29.0000000000
3869 -28.0000000000
3938 -27.0000000000
3983 -26.0000000000
3986 -25.0000000000
4048 -21.0000000000
4093 -20.0000000000
4167 -19.0000000000
4172 -18.0000000000
4192 -17.0000000000
4313 -16.0000000000
4379 -15.0000000000
4482 -13.0000000000
4557 -12.0000000000
4595 -11.0000000000
4654 -10.0000000000
4683 -9.0000000000
4751 -8.0000000000
4915 -7.0000000000
5017 -6.0000000000
5074 -5.0000000000
5111 -4.0000000000
5265 -3.0000000000
5281 -2.0000000000
5374 -1.0000000000
5449 584.0000000000
5495 599.0000000000
5541 605.0000000000
5568 616.0000000000
5574 620.0000000000
5591 625.0000000000
5612 627.0000000000
5621 635.0000000000
5809 637.0000000000
5944 646.0000000000
6151 649.0000000000
6434 650.0000000000
6816 654.0000000000
6847 656.0000000000
7061 657.0000000000
7068 660.0000000000
7132 669.0000000000
7211 673.0000000000
7427 678.0000000000
7946 681.0000000000
9243 684.0000000000
9984 689.0000000000
10000 668.0000000000
evaluations raw_y
1 -355.0000000000
14 -341.0000000000
37 -334.0000000000
51 -328.0000000000
52 -314.0000000000
65 -312.0000000000
84 -310.0000000000
92 -309.0000000000
98 -306.0000000000
105 -305.0000000000
111 -303.0000000000
122 -302.0000000000
131 -299.0000000000
139 -298.0000000000
142 -297.0000000000
146 -296.0000000000
153 -295.0000000000
161 -293.0000000000
171 -290.0000000000
192 -289.0000000000
196 -287.0000000000
211 -286.0000000000
224 -284.0000000000
235 -283.0000000000
249 -282.0000000000
254 -280.0000000000
263 -279.0000000000
276 -278.0000000000
286 -275.0000000000
302 -274.0000000000
320 -273.0000000000
324 -272.0000000000
337 -270.0000000000
354 -267.0000000000
368 -266.0000000000
378 -265.0000000000
392 -264.0000000000
406 -262.0000000000
436 -260.0000000000
451 -257.0000000000
467 -256.0000000000
471 -254.0000000000
494 -252.0000000000
510 -250.0000000000
513 -249.0000000000
531 -248.0000000000
532 -245.0000000000
566 -242.0000000000
590 -241.0000000000
601 -240.0000000000
621 -236.0000000000
659 -235.0000000000
672 -233.0000000000
683 -232.0000000000
692 -231.0000000000
702 -230.0000000000
714 -229.0000000000
715 -228.0000000000
735 -227.0000000000
744 -225.0000000000
769 -224.0000000000
789 -223.0000000000
801 -220.0000000000
821 -219.0000000000
838 -218.0000000000
839 -217.0000000000
844 -216.0000000000
853 -215.0000000000
866 -214.0000000000
871 -213.0000000000
892 -212.0000000000
894 -210.0000000000
910 -209.0000000000
918 -207.0000000000
932 -206.0000000000
933 -205.0000000000
944 -204.0000000000
963 -201.0000000000
981 -200.0000000000
987 -199.0000000000
999 -198.0000000000
1012 -195.0000000000
1047 -193.0000000000
1060 -192.0000000000
1062 -191.0000000000
1088 -190.0000000000
1098 -189.0000000000
1124 -188.0000000000
1145 -187.0000000000
1147 -186.0000000000
1156 -185.0000000000
1161 -184.0000000000
1172 -182.0000000000
1210 -181.0000000000
1222 -180.0000000000
1231 -179.0000000000
1251 -178.0000000000
1269 -175.0000000000
1297 -174.0000000000
1311 -173.0000000000
1348 -172.0000000000
1357 -169.0000000000
1382 -165.0000000000
1425 -164.0000000000
1437 -163.0000000000
1452 -162.0000000000
1454 -160.0000000000
1476 -159.0000000000
1512 -158.0000000000
1521 -157.0000000000
1544 -155.0000000000
1554 -154.0000000000
1577 -153.0000000000
1625 -152.0000000000
1627 -151.0000000000
1646 -149.0000000000
1674 -148.0000000000
1699 -147.0000000000
1725 -145.0000000000
1751 -144.0000000000
1753 -140.0000000000
1775 -139.0000000000
1793 -138.0000000000
1805 -137.0000000000
1812 -136.0000000000
1813 -135.0000000000
1824 -134.0000000000
1826 -133.0000000000
1844 -131.0000000000
1856 -129.0000000000
1869 -128.0000000000
1874 -127.0000000000
1885 -126.0000000000
1894 -125.0000000000
1912 -124.0000000000
1930 -123.0000000000
1934 -122.0000000000
1958 -121.0000000000
1965 -120.0000000000
1974 -118.0000000000
2013 -117.0000000000
2035 -116.0000000000
2065 -114.0000000000
2071 -113.0000000000
2084 -112.0000000000
2113 -110.0000000000
2121 -109.0000000000
2159 -108.0000000000
2177 -106.0000000000
2202 -104.0000000000
2225 -103.0000000000
2237 -102.0000000000
2255 -101.0000000000
2267 -100.0000000000
2289 -99.0000000000
2342 -98.0000000000
2344 -97.0000000000
2361 -96.0000000000
2389 -95.0000000000
2406 -94.0000000000
2431 -92.0000000000
2453 -90.0000000000
2485 -89.0000000000
2512 -88.0000000000
2517 -86.0000000000
2525 -85.0000000000
2548 -84.0000000000
2588 -83.0000000000
2613 -82.0000000000
2639 -81.0000000000
2644 -80.0000000000
2652 -79.0000000000
2654 -78.0000000000
2671 -77.0000000000
2701 -75.0000000000
2702 -74.0000000000
2764 -73.0000000000
2768 -72.0000000000
2785 -71.0000000000
2809 -70.0000000000
2820 -69.0000000000
2835 -68.0000000000
2875 -67.0000000000
2886 -66.0000000000
2900 -65.0000000000
2961 -63.0000000000
2966 -62.0000000000
3014 -60.0000000000
3048 -59.0000000000
3067 -58.0000000000
3119 -57.0000000000
3129 -56.0000000000
3175 -54.0000000000
3192 -53.0000000000
3241 -52.0000000000
3244 -51.0000000000
3267 -49.0000000000
3277 -48.0000000000
3287 -47.0000000000
3340 -46.0000000000
3366 -45.0000000000
3387 -44.0000000000
3396 -43.0000000000
3444 -42.0000000000
3481 -41.0000000000
3530 -40.0000000000
3549 -39.0000000000
3635 -38.0000000000
3636 -37.0000000000
3689 -36.0000000000
3701 -35.0000000000
3713 -33.0000000000
3784 -32.0000000000
3830 -31.0000000000
3834 -30.0000000000
3895 -29.0000000000
3922 -28.0000000000
3992 -27.0000000000
4003 -26.0000000000
4017 -25.0000000000
4071 -24.0000000000
4107 -23.0000000000
4159 -22.0000000000
4199 -21.0000000000
4287 -19.0000000000
4403 -18.0000000000
4483 -17.0000000000
4501 -16.0000000000
4533 -14.0000000000
4666 -13.0000000000
4688 -12.0000000000
4874 -11.0000000000
4941 -10.0000000000
5003 -8.0000000000
5051 -7.0000000000
5159 -6.0000000000
5166 -4.0000000000
5232 -3.0000000000
5295 -2.0000000000
5365 -1.0000000000
5413 559.0000000000
5416 595.0000000000
5442 602.0000000000
5445 609.0000000000
5489 614.0000000000
5611 617.0000000000
5661 619.0000000000
5694 632.0000000000
5799 635.0000000000
5827 645.0000000000
6125 646.0000000000
6310 649.0000000000
6327 650.0000000000
6554 653.0000000000
6560 656.0000000000
6729 658.0000000000
6792 662.0000000000
6877 667.0000000000
6943 673.0000000000
6994 683.0000000000
7273 688.0000000000
7283 693.0000000000
7746 695.0000000000
10000 557.0000000000
evaluations raw_y
1 -359.0000000000
5 -347.0000000000
16 -343.0000000000
26 -337.0000000000
31 -330.0000000000
43 -328.0000000000
46 -313.0000000000
71 -311.0000000000
81 -302.0000000000
114 -301.0000000000
124 -299.0000000000
127 -297.0000000000
161 -296.0000000000
172 -295.0000000000
187 -294.0000000000
191 -291.0000000000
201 -290.0000000000
212 -288.0000000000
221 -287.0000000000
228 -285.0000000000
236 -284.0000000000
256 -282.0000000000
261 -281.0000000000
277 -279.0000000000
284 -278.0000000000
291 -277.0000000000
294 -275.0000000000
310 -273.0000000000
321 -272.0000000000
330 -271.0000000000
344 -269.0000000000
362 -266.0000000000
363 -263.0000000000
386 -262.0000000000
388 -261.0000000000
400 -260.0000000000
432 -259.0000000000
434 -258.0000000000
449 -257.0000000000
453 -256.0000000000
465 -255.0000000000
470 -254.0000000000
491 -253.0000000000
502 -252.0000000000
511 -251.0000000000
525 -250.0000000000
531 -247.0000000000
544 -245.0000000000
552 -244.0000000000
562 -242.0000000000
581 -240.0000000000
595 -239.0000000000
618 -238.0000000000
625 -237.0000000000
628 -234.0000000000
649 -231.0000000000
664 -230.0000000000
681 -227.0000000000
703 -225.0000000000
719 -224.0000000000
724 -222.0000000000
739 -221.0000000000
746 -220.0000000000
748 -219.0000000000
763 -218.0000000000
775 -217.0000000000
792 -216.0000000000
805 -215.0000000000
818 -212.0000000000
842 -211.0000000000
850 -210.0000000000
852 -208.0000000000
866 -206.0000000000
893 -205.0000000000
903 -203.0000000000
932 -202.0000000000
936 -201.0000000000
951 -200.0000000000
962 -199.0000000000
993 -198.0000000000
1027 -197.0000000000
1045 -196.0000000000
1069 -195.0000000000
1079 -192.0000000000
1112 -190.0000000000
1139 -188.0000000000
1146 -187.0000000000
1161 -185.0000000000
1192 -184.0000000000
1207 -183.0000000000
1223 -182.0000000000
1224 -180.0000000000
1235 -179.0000000000
1245 -178.0000000000
1247 -177.0000000000
1261 -176.0000000000
1263 -175.0000000000
1278 -174.0000000000
1292 -173.0000000000
1302 -172.0000000000
1309 -171.0000000000
1330 -170.0000000000
1349 -169.0000000000
1357 -168.0000000000
1362 -167.0000000000
1370 -165.0000000000
1397 -163.0000000000
1409 -162.0000000000
1416 -161.0000000000
1454 -159.0000000000
1472 -158.0000000000
1486 -157.0000000000
1490 -155.0000000000
1505 -154.0000000000
1530 -153.0000000000
1582 -152.0000000000
1585 -151.0000000000
1593 -150.0000000000
1610 -149.0000000000
1618 -148.0000000000
1621 -144.0000000000
1650 -143.0000000000
1672 -140.0000000000
1703 -139.0000000000
1707 -138.0000000000
1713 -136.0000000000
1745 -135.0000000000
1758 -134.0000000000
1763 -133.0000000000
1806 -132.0000000000
1825 -131.0000000000
1848 -130.0000000000
1852 -128.0000000000
1870 -127.0000000000
1883 -126.0000000000
1892 -124.0000000000
1929 -123.0000000000
1934 -122.0000000000
1956 -121.0000000000
1972 -119.0000000000
2002 -118.0000000000
2011 -117.0000000000
2024 -116.0000000000
2051 -114.0000000000
2061 -113.0000000000
2101 -112.0000000000
2131 -111.0000000000
2145 -110.0000000000
2193 -109.0000000000
2202 -108.0000000000
2214 -107.0000000000
2217 -106.0000000000
2232 -105.0000000000
2248 -104.0000000000
2262 -102.0000000000
2284 -101.0000000000
2298 -100.0000000000
2325 -99.0000000000
2332 -97.0000000000
2361 -95.0000000000
2394 -94.0000000000
2411 -93.0000000000
2430 -92.0000000000
2443 -90.0000000000
2472 -88.0000000000
2490 -87.0000000000
2492 -86.0000000000
2499 -85.0000000000
2517 -83.0000000000
2545 -80.0000000000
2594 -79.0000000000
2643 -78.0000000000
2696 -77.0000000000
2720 -76.0000000000
2773 -75.0000000000
2786 -74.0000000000
2812 -73.0000000000
2868 -72.0000000000
2902 -71.0000000000
2915 -70.0000000000
2921 -69.0000000000
2938 -67.0000000000
2950 -66.0000000000
2988 -64.0000000000
3008 -63.0000000000
3046 -62.0000000000
3063 -61.0000000000
3071 -59.0000000000
3091 -57.0000000000
3133 -55.0000000000
3203 -54.0000000000
3222 -53.0000000000
3232 -52.0000000000
3277 -51.0000000000
3293 -50.0000000000
3332 -48.0000000000
3379 -47.0000000000
3395 -45.0000000000
3423 -43.0000000000
3459 -42.0000000000
3465 -41.0000000000
3501 -39.0000000000
3549 -38.0000000000
3581 -37.0000000000
3591 -36.0000000000
3620 -35.0000000000
3643 -34.0000000000
3680 -33.0000000000
3767 -32.0000000000
3833 -31.0000000000
3897 -28.0000000000
4013 -27.0000000000
4038 -26.0000000000
4069 -25.0000000000
4079 -24.0000000000
4117 -22.0000000000
4182 -21.0000000000
4208 -20.0000000000
4242 -18.0000000000
4303 -15.0000000000
4442 -14.0000000000
4544 -13.0000000000
4584 -10.0000000000
4677 -8.0000000000
4753 -7.0000000000
4849 -6.0000000000
4983 -5.0000000000
5057 -4.0000000000
5100 -3.0000000000
5328 -2.0000000000
5434 -1.0000000000
5601 584.0000000000
5644 618.0000000000
5741 632.0000000000
5782 633.0000000000
6010 641.0000000000
6067 646.0000000000
6094 658.0000000000
6346 659.0000000000
6519 670.0000000000
6572 676.0000000000
6966 680.0000000000
7284 681.0000000000
7292 690.0000000000
7458 696.0000000000
7583 699.0000000000
8215 704.0000000000
8941 706.0000000000
10000 643.0000000000
evaluations raw_y
1 -394.0000000000
2 -389.0000000000
3 -380.0000000000
6 -379.0000000000
7 -364.0000000000
15 -353.0000000000
26 -345.0000000000
32 -341.0000000000
42 -336.0000000000
65 -327.0000000000
84 -321.0000000000
101 -320.0000000000
109 -319.0000000000
112 -316.0000000000
131 -314.0000000000
148 -312.0000000000
160 -311.0000000000
163 -310.0000000000
183 -309.0000000000
194 -308.0000000000
198 -305.0000000000
214 -304.0000000000
217 -303.0000000000
234 -302.0000000000
239 -300.0000000000
252 -299.0000000000
267 -298.0000000000
272 -296.0000000000
287 -295.0000000000
302 -294.0000000000
311 -293.0000000000
317 -289.0000000000
325 -288.0000000000
346 -287.0000000000
347 -285.0000000000
351 -284.0000000000
361 -283.0000000000
363 -282.0000000000
378 -281.0000000000
379 -280.0000000000
381 -279.0000000000
387 -278.0000000000
391 -277.0000000000
405 -275.0000000000
414 -274.0000000000
436 -272.0000000000
441 -270.0000000000
464 -267.0000000000
481 -266.0000000000
491 -265.0000000000
505 -264.0000000000
516 -262.0000000000
541 -261.0000000000
542 -259.0000000000
552 -258.0000000000
569 -257.0000000000
574 -256.0000000000
592 -255.0000000000
593 -252.0000000000
608 -251.0000000000
621 -250.0000000000
631 -249.0000000000
641 -247.0000000000
658 -246.0000000000
662 -245.0000000000
673 -244.0000000000
677 -243.0000000000
688 -239.0000000000
702 -238.0000000000
732 -237.0000000000
753 -236.0000000000
761 -233.0000000000
782 -232.0000000000
794 -231.0000000000
803 -230.0000000000
806 -229.0000000000
818 -228.0000000000
826 -227.0000000000
832 -225.0000000000
881 -223.0000000000
894 -222.0000000000
903 -220.0000000000
924 -219.0000000000
942 -217.0000000000
954 -215.0000000000
963 -214.0000000000
1001 -212.0000000000
1015 -211.0000000000
1035 -208.0000000000
1049 -206.0000000000
1078 -204.0000000000
1098 -203.0000000000
1102 -202.0000000000
1104 -199.0000000000
1123 -197.0000000000
1144 -196.0000000000
1147 -195.0000000000
1161 -194.0000000000
1179 -191.0000000000
1205 -190.0000000000
1214 -188.0000000000
1235 -187.0000000000
1245 -186.0000000000
1264 -184.0000000000
1304 -183.0000000000
1322 -181.0000000000
1336 -180.0000000000
1344 -178.0000000000
1364 -174.0000000000
1388 -173.0000000000
1399 -172.0000000000
1413 -171.0000000000
1421 -168.0000000000
1435 -167.0000000000
1452 -166.0000000000
1462 -162.0000000000
1491 -161.0000000000
1492 -160.0000000000
1515 -159.0000000000
1529 -156.0000000000
1553 -155.0000000000
1565 -154.0000000000
1575 -153.0000000000
1581 -152.0000000000
1608 -151.0000000000
1626 -150.0000000000
1637 -149.0000000000
1641 -148.0000000000
1645 -145.0000000000
1673 -144.0000000000
1705 -143.0000000000
1715 -141.0000000000
1723 -140.0000000000
1735 -139.0000000000
1745 -137.0000000000
1771 -136.0000000000
1790 -135.0000000000
1800 -133.0000000000
1830 -132.0000000000
1857 -131.0000000000
1864 -130.0000000000
1871 -128.0000000000
1885 -127.0000000000
1931 -126.0000000000
1946 -125.0000000000
1953 -124.0000000000
1971 -123.0000000000
1988 -122.0000000000
2002 -120.0000000000
2029 -118.0000000000
2044 -117.0000000000
2053 -112.0000000000
2081 -111.0000000000
2106 -110.0000000000
2123 -109.0000000000
2137 -108.0000000000
2148 -106.0000000000
2190 -105.0000000000
2203 -104.0000000000
2213 -103.0000000000
2247 -102.0000000000
2258 -100.0000000000
2316 -98.0000000000
2370 -96.0000000000
2385 -95.0000000000
2413 -94.0000000000
2468 -91.0000000000
2483 -89.0000000000
2544 -88.0000000000
2552 -87.0000000000
2585 -86.0000000000
2596 -85.0000000000
2621 -84.0000000000
2634 -83.0000000000
2655 -81.0000000000
2674 -80.0000000000
2705 -79.0000000000
2714 -78.0000000000
2742 -76.0000000000
2768 -75.0000000000
2790 -73.0000000000
2833 -71.0000000000
2882 -70.0000000000
2912 -68.0000000000
2928 -67.0000000000
2963 -65.0000000000
3004 -63.0000000000
3024 -62.0000000000
3052 -61.0000000000
3059 -60.0000000000
3072 -59.0000000000
3088 -58.0000000000
3093 -57.0000000000
3102 -56.0000000000
3123 -55.0000000000
3149 -54.0000000000
3180 -53.0000000000
3218 -52.0000000000
3267 -51.0000000000
3280 -50.0000000000
3294 -49.0000000000
3315 -48.0000000000
3361 -47.0000000000
3394 -46.0000000000
3425 -45.0000000000
3455 -44.0000000000
3498 -43.0000000000
3516 -42.0000000000
3575 -41.0000000000
3608 -40.0000000000
3637 -39.0000000000
3685 -37.0000000000
3740 -36.0000000000
3810 -35.0000000000
3832 -34.0000000000
3894 -33.0000000000
3918 -32.0000000000
3941 -31.0000000000
3946 -30.0000000000
3954 -29.0000000000
3999 -28.0000000000
4056 -27.0000000000
4123 -26.0000000000
4133 -25.0000000000
4172 -23.0000000000
4225 -22.0000000000
4307 -21.0000000000
4326 -20.0000000000
4395 -18.0000000000
4470 -17.0000000000
4553 -16.0000000000
4583 -15.0000000000
4713 -13.0000000000
4766 -12.0000000000
4855 -11.0000000000
4967 -10.0000000000
5034 -9.0000000000
5142 -8.0000000000
5175 -7.0000000000
5299 -6.0000000000
5540 -5.0000000000
5679 -4.0000000000
5684 -3.0000000000
5703 -2.0000000000
5763 601.0000000000
5778 626.0000000000
5915 628.0000000000
5948 635.0000000000
5951 644.0000000000
6031 647.0000000000
6054 650.0000000000
6071 652.0000000000
6103 658.0000000000
6123 661.0000000000
6195 662.0000000000
6318 663.0000000000
6426 664.0000000000
6647 666.0000000000
6790 671.0000000000
7090 683.0000000000
7347 684.0000000000
7924 689.0000000000
7925 690.0000000000
8802 691.0000000000
9446 693.0000000000
9465 695.0000000000
10000 -3.0000000000
evaluations raw_y
1 -358.0000000000
2 -348.0000000000
17 -337.0000000000
25 -336.0000000000
37 -335.0000000000
39 -334.0000000000
47 -333.0000000000
50 -327.0000000000
52 -326.0000000000
64 -325.0000000000
83 -324.0000000000
86 -319.0000000000
97 -318.0000000000
110 -317.0000000000
121 -312.0000000000
134 -311.0000000000
152 -309.0000000000
166 -305.0000000000
193 -304.0000000000
194 -301.0000000000
215 -300.0000000000
235 -298.0000000000
253 -297.0000000000
256 -295.0000000000
274 -294.0000000000
287 -292.0000000000
300 -289.0000000000
311 -288.0000000000
321 -286.0000000000
335 -285.0000000000
362 -284.0000000000
373 -281.0000000000
389 -280.0000000000
401 -278.0000000000
425 -276.0000000000
445 -273.0000000000
463 -272.0000000000
481 -270.0000000000
499 -266.0000000000
523 -264.0000000000
543 -263.0000000000
553 -262.0000000000
555 -261.0000000000
561 -259.0000000000
576 -258.0000000000
581 -257.0000000000
586 -256.0000000000
597 -255.0000000000
599 -253.0000000000
607 -251.0000000000
621 -248.0000000000
661 -247.0000000000
671 -246.0000000000
681 -245.0000000000
687 -243.0000000000
697 -242.0000000000
704 -241.0000000000
715 -240.0000000000
722 -239.0000000000
744 -234.0000000000
763 -233.0000000000
783 -232.0000000000
803 -228.0000000000
824 -227.0000000000
828 -226.0000000000
832 -225.0000000000
844 -223.0000000000
852 -222.0000000000
866 -220.0000000000
875 -218.0000000000
889 -217.0000000000
905 -216.0000000000
939 -215.0000000000
955 -212.0000000000
971 -211.0000000000
999 -210.0000000000
1026 -209.0000000000
1037 -208.0000000000
1051 -205.0000000000
1069 -203.0000000000
1094 -202.0000000000
1096 -201.0000000000
1105 -199.0000000000
1122 -198.0000000000
1125 -197.0000000000
1126 -196.0000000000
1184 -195.0000000000
1195 -194.0000000000
1199 -193.0000000000
1211 -191.0000000000
1223 -190.0000000000
1241 -189.0000000000
1245 -188.0000000000
1253 -186.0000000000
1273 -185.0000000000
1283 -184.0000000000
1284 -183.0000000000
1296 -182.0000000000
1298 -181.0000000000
1319 -180.0000000000
1342 -179.0000000000
1347 -178.0000000000
1367 -177.0000000000
1380 -174.0000000000
1400 -172.0000000000
1409 -171.0000000000
1448 -170.0000000000
1454 -169.0000000000
1462 -167.0000000000
1494 -165.0000000000
1514 -164.0000000000
1526 -162.0000000000
1545 -158.0000000000
1562 -157.0000000000
1567 -154.0000000000
1588 -152.0000000000
1596 -150.0000000000
1625 -148.0000000000
1642 -145.0000000000
1680 -144.0000000000
1690 -143.0000000000
1702 -142.0000000000
1714 -141.0000000000
1736 -140.0000000000
1751 -139.0000000000
1757 -138.0000000000
1776 -137.0000000000
1782 -135.0000000000
1812 -134.0000000000
1834 -133.0000000000
1847 -131.0000000000
1863 -130.0000000000
1896 -129.0000000000
1906 -127.0000000000
1917 -126.0000000000
1924 -124.0000000000
1952 -123.0000000000
1994 -122.0000000000
2002 -120.0000000000
2031 -119.0000000000
2057 -118.0000000000
2089 -116.0000000000
2092 -115.0000000000
2111 -114.0000000000
2112 -112.0000000000
2154 -110.0000000000
2161 -109.0000000000
2195 -108.0000000000
2211 -107.0000000000
2235 -106.0000000000
2250 -105.0000000000
2253 -102.0000000000
2283 -101.0000000000
2293 -100.0000000000
2358 -99.0000000000
2394 -98.0000000000
2397 -97.0000000000
2415 -96.0000000000
2426 -95.0000000000
2470 -94.0000000000
2483 -93.0000000000
2506 -92.0000000000
2508 -91.0000000000
2537 -90.0000000000
2560 -88.0000000000
2575 -87.0000000000
2591 -86.0000000000
2608 -85.0000000000
2623 -84.0000000000
2625 -83.0000000000
2650 -82.0000000000
2666 -80.0000000000
2713 -77.0000000000
2746 -76.0000000000
2752 -75.0000000000
2767 -74.0000000000
2777 -73.0000000000
2831 -72.0000000000
2852 -71.0000000000
2892 -70.0000000000
2901 -68.0000000000
2941 -67.0000000000
2967 -65.0000000000
2980 -64.0000000000
3022 -63.0000000000
3031 -62.0000000000
3095 -60.0000000000
3136 -58.0000000000
3170 -57.0000000000
3186 -56.0000000000
3197 -55.0000000000
3210 -54.0000000000
3243 -53.0000000000
3247 -52.0000000000
3255 -51.0000000000
3263 -50.0000000000
3335 -49.0000000000
3397 -47.0000000000
3433 -46.0000000000
3513 -45.0000000000
3540 -44.0000000000
3601 -43.0000000000
3614 -41.0000000000
3627 -39.0000000000
3722 -38.0000000000
3776 -36.0000000000
3850 -35.0000000000
3888 -33.0000000000
3981 -32.0000000000
4017 -31.0000000000
4041 -29.0000000000
4138 -28.0000000000
4164 -27.0000000000
4279 -26.0000000000
4348 -25.0000000000
4362 -24.0000000000
4449 -21.0000000000
4619 -20.0000000000
4666 -19.0000000000
4670 -18.0000000000
4803 -17.0000000000
4873 -16.0000000000
5013 -15.0000000000
5210 -14.0000000000
5225 -13.0000000000
5338 -10.0000000000
5592 -9.0000000000
5616 -8.0000000000
5838 -5.0000000000
6000 -3.0000000000
6337 -2.0000000000
6374 -1.0000000000
6558 608.0000000000
6577 615.0000000000
6608 617.0000000000
6728 622.0000000000
6845 623.0000000000
6873 624.0000000000
6881 635.0000000000
6981 638.0000000000
7001 639.0000000000
7029 650.0000000000
7188 653.0000000000
7206 665.0000000000
7689 669.0000000000
7725 673.0000000000
7752 676.0000000000
7754 678.0000000000
7777 679.0000000000
7789 687.0000000000
8468 690.0000000000
8516 700.0000000000
9286 701.0000000000
9586 704.0000000000
10000 602.0000000000
evaluations raw_y
1 -384.0000000000
2 -381.0000000000
3 -373.0000000000
4 -363.0000000000
6 -362.0000000000
7 -361.0000000000
9 -359.0000000000
15 -350.0000000000
29 -349.0000000000
32 -347.0000000000
33 -344.0000000000
36 -339.0000000000
51 -334.0000000000
53 -327.0000000000
73 -320.0000000000
88 -318.0000000000
109 -312.0000000000
122 -310.0000000000
138 -309.0000000000
144 -306.0000000000
164 -305.0000000000
168 -303.0000000000
172 -302.0000000000
191 -299.0000000000
206 -298.0000000000
215 -295.0000000000
226 -294.0000000000
240 -291.0000000000
254 -290.0000000000
257 -289.0000000000
267 -286.0000000000
273 -284.0000000000
283 -283.0000000000
294 -278.0000000000
317 -277.0000000000
330 -276.0000000000
335 -275.0000000000
354 -274.0000000000
361 -273.0000000000
363 -272.0000000000
377 -268.0000000000
395 -267.0000000000
412 -265.0000000000
416 -264.0000000000
422 -262.0000000000
437 -261.0000000000
447 -260.0000000000
448 -259.0000000000
459 -258.0000000000
470 -257.0000000000
493 -255.0000000000
505 -254.0000000000
519 -253.0000000000
525 -252.0000000000
528 -251.0000000000
533 -250.0000000000
546 -249.0000000000
552 -247.0000000000
554 -246.0000000000
564 -245.0000000000
574 -243.0000000000
586 -240.0000000000
593 -239.0000000000
602 -238.0000000000
619 -237.0000000000
620 -236.0000000000
627 -235.0000000000
635 -234.0000000000
639 -233.0000000000
645 -231.0000000000
675 -229.0000000000
705 -226.0000000000
711 -225.0000000000
722 -224.0000000000
734 -223.0000000000
738 -222.0000000000
755 -221.0000000000
763 -220.0000000000
783 -219.0000000000
788 -218.0000000000
796 -216.0000000000
805 -215.0000000000
826 -213.0000000000
840 -212.0000000000
852 -211.0000000000
865 -210.0000000000
876 -209.0000000000
882 -208.0000000000
897 -207.0000000000
917 -206.0000000000
945 -205.0000000000
952 -203.0000000000
970 -201.0000000000
1007 -199.0000000000
1012 -198.0000000000
1035 -196.0000000000
1046 -194.0000000000
1079 -192.0000000000
1102 -191.0000000000
1113 -188.0000000000
1130 -185.0000000000
1132 -184.0000000000
1157 -183.0000000000
1172 -182.0000000000
1182 -180.0000000000
1191 -178.0000000000
1202 -177.0000000000
1235 -176.0000000000
1242 -175.0000000000
1268 -174.0000000000
1271 -173.0000000000
1281 -171.0000000000
1304 -170.0000000000
1354 -169.0000000000
1367 -168.0000000000
1379 -167.0000000000
1399 -164.0000000000
1413 -163.0000000000
1421 -162.0000000000
1451 -159.0000000000
1471 -158.0000000000
1474 -157.0000000000
1481 -156.0000000000
1489 -155.0000000000
1502 -150.0000000000
1544 -149.0000000000
1557 -147.0000000000
1573 -146.0000000000
1606 -145.0000000000
1626 -143.0000000000
1632 -142.0000000000
1661 -138.0000000000
1681 -136.0000000000
1713 -133.0000000000
1748 -132.0000000000
1771 -131.0000000000
1775 -129.0000000000
1802 -128.0000000000
1815 -126.0000000000
1843 -125.0000000000
1858 -124.0000000000
1869 -122.0000000000
1901 -121.0000000000
1931 -120.0000000000
1941 -119.0000000000
1967 -118.0000000000
1984 -117.0000000000
2005 -115.0000000000
2019 -112.0000000000
2031 -111.0000000000
2074 -110.0000000000
2098 -109.0000000000
2117 -108.0000000000
2149 -107.0000000000
2164 -106.0000000000
2190 -104.0000000000
2208 -103.0000000000
2216 -102.0000000000
2247 -101.0000000000
2251 -100.0000000000
2264 -99.0000000000
2297 -97.0000000000
2324 -95.0000000000
2333 -94.0000000000
2371 -93.0000000000
2391 -92.0000000000
2415 -89.0000000000
2484 -88.0000000000
2505 -87.0000000000
2508 -85.0000000000
2538 -84.0000000000
2550 -83.0000000000
2567 -82.0000000000
2584 -81.0000000000
2616 -79.0000000000
2673 -78.0000000000
2715 -77.0000000000
2734 -73.0000000000
2795 -72.0000000000
2818 -71.0000000000
2830 -70.0000000000
2844 -68.0000000000
2867 -67.0000000000
2904 -66.0000000000
2907 -65.0000000000
2931 -64.0000000000
2965 -62.0000000000
2986 -61.0000000000
3012 -60.0000000000
3021 -59.0000000000
3043 -58.0000000000
3067 -57.0000000000
3083 -56.0000000000
3112 -55.0000000000
3155 -54.0000000000
3157 -51.0000000000
3173 -50.0000000000
3210 -49.0000000000
3313 -48.0000000000
3325 -47.0000000000
3351 -46.0000000000
3410 -45.0000000000
3445 -44.0000000000
3459 -43.0000000000
3477 -42.0000000000
3480 -41.0000000000
3489 -40.0000000000
3530 -39.0000000000
3553 -38.0000000000
3570 -37.0000000000
3601 -36.0000000000
3675 -35.0000000000
3703 -33.0000000000
3770 -32.0000000000
3771 -31.0000000000
3798 -30.0000000000
3801 -28.0000000000
3850 -27.0000000000
3852 -26.0000000000
3875 -25.0000000000
3897 -23.0000000000
3953 -22.0000000000
4016 -21.0000000000
4032 -20.0000000000
4083 -17.0000000000
4137 -15.0000000000
4179 -14.0000000000
4265 -13.0000000000
4291 -12.0000000000
4391 -11.0000000000
4402 -10.0000000000
4560 -8.0000000000
4677 -7.0000000000
4701 -6.0000000000
4930 -5.0000000000
5175 -4.0000000000
5391 -3.0000000000
5590 -1.0000000000
5609 581.0000000000
5737 590.0000000000
5798 592.0000000000
5911 593.0000000000
5947 598.0000000000
6041 603.0000000000
6062 611.0000000000
6074 618.0000000000
6100 623.0000000000
6118 625.0000000000
6139 629.0000000000
6153 630.0000000000
6155 633.0000000000
6254 639.0000000000
6266 655.0000000000
6558 659.0000000000
6712 662.0000000000
6765 664.0000000000
6878 665.0000000000
6895 668.0000000000
7006 669.0000000000
7037 670.0000000000
7074 674.0000000000
7098 680.0000000000
7569 696.0000000000
8654 697.0000000000
9120 701.0000000000
10000 584.0000000000
evaluations raw_y
1 -353.0000000000
13 -350.0000000000
22 -346.0000000000
33 -335.0000000000
44 -334.0000000000
53 -330.0000000000
58 -325.0000000000
64 -318.0000000000
74 -317.0000000000
83 -315.0000000000
86 -312.0000000000
91 -305.0000000000
115 -304.0000000000
118 -303.0000000000
124 -302.0000000000
127 -301.0000000000
134 -299.0000000000
148 -298.0000000000
149 -297.0000000000
150 -296.0000000000
156 -295.0000000000
166 -294.0000000000
178 -291.0000000000
194 -290.0000000000
206 -289.0000000000
221 -288.0000000000
236 -287.0000000000
239 -286.0000000000
242 -285.0000000000
254 -284.0000000000
281 -283.0000000000
292 -282.0000000000
313 -280.0000000000
320 -279.0000000000
331 -277.0000000000
341 -276.0000000000
357 -273.0000000000
371 -272.0000000000
394 -271.0000000000
404 -268.0000000000
414 -266.0000000000
427 -265.0000000000
431 -264.0000000000
444 -261.0000000000
448 -260.0000000000
452 -259.0000000000
471 -258.0000000000
484 -257.0000000000
503 -255.0000000000
512 -254.0000000000
524 -252.0000000000
534 -251.0000000000
550 -249.0000000000
558 -248.0000000000
572 -247.0000000000
594 -246.0000000000
619 -245.0000000000
623 -243.0000000000
632 -242.0000000000
635 -241.0000000000
647 -240.0000000000
658 -239.0000000000
669 -238.0000000000
675 -237.0000000000
681 -231.0000000000
692 -230.0000000000
718 -228.0000000000
740 -227.0000000000
756 -226.0000000000
761 -225.0000000000
777 -224.0000000000
787 -223.0000000000
798 -222.0000000000
806 -221.0000000000
813 -220.0000000000
822 -218.0000000000
833 -217.0000000000
843 -216.0000000000
859 -215.0000000000
866 -213.0000000000
882 -212.0000000000
899 -209.0000000000
917 -208.0000000000
937 -206.0000000000
953 -204.0000000000
965 -201.0000000000
994 -200.0000000000
1009 -199.0000000000
1026 -196.0000000000
1041 -194.0000000000
1057 -193.0000000000
1064 -190.0000000000
1093 -188.0000000000
1113 -187.0000000000
1123 -186.0000000000
1140 -185.0000000000
1158 -184.0000000000
1169 -183.0000000000
1170 -182.0000000000
1192 -181.0000000000
1208 -180.0000000000
1214 -179.0000000000
1226 -177.0000000000
1238 -175.0000000000
1246 -174.0000000000
1252 -173.0000000000
1278 -172.0000000000
1282 -171.0000000000
1295 -170.0000000000
1309 -169.0000000000
1320 -168.0000000000
1349 -166.0000000000
1358 -164.0000000000
1404 -163.0000000000
1432 -161.0000000000
1442 -160.0000000000
1455 -159.0000000000
1466 -158.0000000000
1491 -157.0000000000
1504 -156.0000000000
1509 -155.0000000000
1526 -152.0000000000
1557 -147.0000000000
1597 -146.0000000000
1601 -145.0000000000
1621 -144.0000000000
1647 -142.0000000000
1680 -141.0000000000
1699 -140.0000000000
1704 -139.0000000000
1711 -138.0000000000
1728 -137.0000000000
1732 -136.0000000000
1763 -135.0000000000
1768 -134.0000000000
1772 -133.0000000000
1795 -132.0000000000
1811 -129.0000000000
1821 -127.0000000000
1856 -126.0000000000
1869 -125.0000000000
1881 -124.0000000000
1927 -123.0000000000
1942 -122.0000000000
1962 -121.0000000000
1981 -118.0000000000
2003 -116.0000000000
2024 -115.0000000000
2033 -114.0000000000
2036 -113.0000000000
2056 -112.0000000000
2092 -110.0000000000
2142 -109.0000000000
2146 -107.0000000000
2150 -105.0000000000
2196 -104.0000000000
2238 -103.0000000000
2241 -101.0000000000
2301 -98.0000000000
2353 -97.0000000000
2357 -96.0000000000
2383 -94.0000000000
2398 -93.0000000000
2422 -91.0000000000
2431 -90.0000000000
2472 -89.0000000000
2498 -87.0000000000
2539 -86.0000000000
2553 -85.0000000000
2561 -84.0000000000
2563 -83.0000000000
2618 -82.0000000000
2621 -80.0000000000
2670 -79.0000000000
2690 -77.0000000000
2694 -76.0000000000
2704 -75.0000000000
2730 -74.0000000000
2731 -73.0000000000
2762 -72.0000000000
2783 -71.0000000000
2827 -70.0000000000
2838 -69.0000000000
2862 -68.0000000000
2881 -67.0000000000
2894 -66.0000000000
2915 -65.0000000000
2925 -64.0000000000
2965 -63.0000000000
3018 -62.0000000000
3034 -61.0000000000
3047 -60.0000000000
3121 -59.0000000000
3201 -57.0000000000
3213 -56.0000000000
3247 -55.0000000000
3258 -54.0000000000
3271 -52.0000000000
3303 -51.0000000000
3331 -50.0000000000
3358 -49.0000000000
3387 -48.0000000000
3400 -47.0000000000
3411 -46.0000000000
3468 -44.0000000000
3546 -43.0000000000
3551 -42.0000000000
3562 -41.0000000000
3590 -39.0000000000
3601 -38.0000000000
3659 -37.0000000000
3759 -36.0000000000
3799 -35.0000000000
3886 -34.0000000000
3901 -33.0000000000
3941 -31.0000000000
3985 -30.0000000000
4031 -28.0000000000
4118 -27.0000000000
4143 -26.0000000000
4184 -25.0000000000
4258 -24.0000000000
4294 -23.0000000000
4315 -22.0000000000
4390 -21.0000000000
4461 -20.0000000000
4516 -19.0000000000
4621 -18.0000000000
4719 -16.0000000000
4774 -15.0000000000
4805 -14.0000000000
4879 -13.0000000000
4898 -12.0000000000
4919 -11.0000000000
4951 -10.0000000000
5079 -9.0000000000
5129 -7.0000000000
5180 -6.0000000000
5202 -4.0000000000
5239 -2.0000000000
5392 -1.0000000000
5475 591.0000000000
5479 603.0000000000
5494 614.0000000000
5504 615.0000000000
5637 635.0000000000
5932 640.0000000000
6097 643.0000000000
6307 650.0000000000
6421 655.0000000000
6507 662.0000000000
6629 664.0000000000
6633 665.0000000000
6703 667.0000000000
6726 668.0000000000
6731 669.0000000000
6925 671.0000000000
6971 686.0000000000
7059 687.0000000000
7401 692.0000000000
8193 694.0000000000
8462 699.0000000000
9081 707.0000000000
10000 -1.0000000000
evaluations raw_y
1 -380.0000000000
2 -370.0000000000
6 -361.0000000000
8 -359.0000000000
9 -356.0000000000
13 -348.0000000000
18 -344.0000000000
21 -343.0000000000
25 -342.0000000000
34 -340.0000000000
44 -336.0000000000
45 -333.0000000000
51 -331.0000000000
57 -329.0000000000
61 -326.0000000000
81 -324.0000000000
83 -322.0000000000
84 -319.0000000000
92 -315.0000000000
107 -309.0000000000
112 -308.0000000000
134 -306.0000000000
139 -303.0000000000
163 -302.0000000000
172 -300.0000000000
184 -297.0000000000
188 -296.0000000000
192 -294.0000000000
194 -292.0000000000
201 -290.0000000000
211 -289.0000000000
221 -288.0000000000
246 -287.0000000000
248 -284.0000000000
271 -283.0000000000
293 -282.0000000000
307 -281.0000000000
311 -280.0000000000
312 -279.0000000000
331 -278.0000000000
338 -277.0000000000
342 -275.0000000000
362 -274.0000000000
370 -273.0000000000
374 -271.0000000000
393 -270.0000000000
411 -269.0000000000
413 -268.0000000000
432 -265.0000000000
452 -264.0000000000
457 -262.0000000000
470 -261.0000000000
481 -260.0000000000
500 -258.0000000000
507 -255.0000000000
524 -254.0000000000
534 -253.0000000000
541 -252.0000000000
551 -249.0000000000
561 -248.0000000000
562 -246.0000000000
583 -244.0000000000
601 -243.0000000000
618 -242.0000000000
633 -241.0000000000
644 -239.0000000000
660 -236.0000000000
704 -235.0000000000
724 -234.0000000000
728 -233.0000000000
737 -232.0000000000
739 -229.0000000000
749 -228.0000000000
779 -227.0000000000
783 -226.0000000000
794 -225.0000000000
801 -224.0000000000
811 -223.0000000000
817 -222.0000000000
826 -221.0000000000
843 -220.0000000000
853 -218.0000000000
864 -217.0000000000
872 -216.0000000000
885 -215.0000000000
891 -213.0000000000
914 -212.0000000000
923 -210.0000000000
926 -208.0000000000
943 -207.0000000000
957 -206.0000000000
964 -205.0000000000
981 -203.0000000000
992 -202.0000000000
1006 -201.0000000000
1033 -200.0000000000
1040 -199.0000000000
1041 -198.0000000000
1054 -197.0000000000
1062 -195.0000000000
1084 -194.0000000000
1098 -193.0000000000
1132 -192.0000000000
1158 -191.0000000000
1161 -190.0000000000
1183 -188.0000000000
1206 -187.0000000000
1211 -186.0000000000
1221 -185.0000000000
1242 -184.0000000000
1257 -183.0000000000
1262 -182.0000000000
1265 -180.0000000000
1291 -179.0000000000
1300 -178.0000000000
1301 -177.0000000000
1319 -176.0000000000
1323 -175.0000000000
1334 -173.0000000000
1356 -172.0000000000
1372 -169.0000000000
1390 -168.0000000000
1416 -167.0000000000
1423 -164.0000000000
1463 -163.0000000000
1472 -162.0000000000
1477 -161.0000000000
1501 -160.0000000000
1530 -159.0000000000
1531 -158.0000000000
1533 -157.0000000000
1590 -156.0000000000
1609 -155.0000000000
1614 -154.0000000000
1622 -153.0000000000
1674 -152.0000000000
1678 -151.0000000000
1692 -149.0000000000
1722 -148.0000000000
1735 -147.0000000000
1739 -146.0000000000
1757 -144.0000000000
1765 -143.0000000000
1780 -140.0000000000
1805 -139.0000000000
1825 -137.0000000000
1832 -136.0000000000
1879 -135.0000000000
1893 -134.0000000000
1917 -133.0000000000
1940 -132.0000000000
1948 -131.0000000000
1967 -130.0000000000
1972 -129.0000000000
1981 -128.0000000000
2009 -127.0000000000
2036 -126.0000000000
2052 -125.0000000000
2083 -124.0000000000
2100 -123.0000000000
2109 -122.0000000000
2130 -120.0000000000
2140 -119.0000000000
2157 -117.0000000000
2163 -116.0000000000
2171 -115.0000000000
2185 -114.0000000000
2204 -113.0000000000
2228 -112.0000000000
2268 -110.0000000000
2283 -108.0000000000
2322 -107.0000000000
2332 -106.0000000000
2352 -105.0000000000
2356 -104.0000000000
2362 -102.0000000000
2394 -101.0000000000
2402 -99.0000000000
2465 -97.0000000000
2483 -96.0000000000
2493 -95.0000000000
2508 -94.0000000000
2551 -93.0000000000
2587 -92.0000000000
2592 -91.0000000000
2615 -90.0000000000
2652 -89.0000000000
2687 -86.0000000000
2751 -85.0000000000
2757 -83.0000000000
2807 -82.0000000000
2824 -80.0000000000
2858 -79.0000000000
2918 -78.0000000000
2949 -77.0000000000
2952 -75.0000000000
2984 -74.0000000000
3003 -73.0000000000
3015 -72.0000000000
3060 -71.0000000000
3078 -70.0000000000
3101 -69.0000000000
3141 -68.0000000000
3161 -64.0000000000
3215 -63.0000000000
3250 -62.0000000000
3274 -61.0000000000
3294 -60.0000000000
3314 -59.0000000000
3337 -58.0000000000
3339 -56.0000000000
3355 -54.0000000000
3420 -53.0000000000
3444 -52.0000000000
3490 -51.0000000000
3494 -50.0000000000
3522 -49.0000000000
3556 -48.0000000000
3578 -47.0000000000
3608 -46.0000000000
3611 -45.0000000000
3668 -44.0000000000
3693 -43.0000000000
3758 -42.0000000000
3764 -41.0000000000
3832 -40.0000000000
3858 -39.0000000000
3896 -38.0000000000
3911 -37.0000000000
3928 -36.0000000000
3972 -34.0000000000
4012 -33.0000000000
4071 -30.0000000000
4111 -29.0000000000
4144 -28.0000000000
4174 -27.0000000000
4235 -26.0000000000
4336 -25.0000000000
4389 -24.0000000000
4390 -22.0000000000
4430 -21.0000000000
4468 -20.0000000000
4482 -19.0000000000
4547 -18.0000000000
4576 -17.0000000000
4657 -16.0000000000
4748 -15.0000000000
4766 -14.0000000000
4824 -13.0000000000
4984 -12.0000000000
5056 -11.0000000000
5062 -10.0000000000
5083 -9.0000000000
5179 -8.0000000000
5261 -6.0000000000
5418 -5.0000000000
5500 -4.0000000000
5561 -3.0000000000
5677 -2.0000000000
5824 -1.0000000000
5870 611.0000000000
6091 625.0000000000
6252 631.0000000000
6432 650.0000000000
6706 655.0000000000
6759 668.0000000000
6962 669.0000000000
6977 679.0000000000
6999 685.0000000000
7003 695.0000000000
8215 697.0000000000
8891 701.0000000000
9117 704.0000000000
9345 705.0000000000
9561 709.0000000000
10000 -1.0000000000
evaluations raw_y
1 -382.0000000000
3 -366.0000000000
4 -352.0000000000
7 -349.0000000000
11 -342.0000000000
22 -338.0000000000
35 -331.0000000000
40 -322.0000000000
56 -319.0000000000
65 -318.0000000000
67 -317.0000000000
75 -315.0000000000
81 -314.0000000000
85 -313.0000000000
95 -312.0000000000
101 -311.0000000000
103 -309.0000000000
106 -307.0000000000
123 -300.0000000000
141 -299.0000000000
152 -298.0000000000
163 -297.0000000000
170 -296.0000000000
176 -294.0000000000
192 -289.0000000000
213 -288.0000000000
222 -287.0000000000
233 -285.0000000000
238 -284.0000000000
245 -283.0000000000
248 -281.0000000000
272 -279.0000000000
291 -277.0000000000
307 -275.0000000000
315 -274.0000000000
323 -273.0000000000
346 -271.0000000000
347 -270.0000000000
353 -269.0000000000
368 -268.0000000000
374 -266.0000000000
384 -265.0000000000
405 -264.0000000000
414 -263.0000000000
424 -262.0000000000
433 -261.0000000000
440 -260.0000000000
451 -259.0000000000
468 -257.0000000000
500 -256.0000000000
501 -253.0000000000
516 -252.0000000000
524 -251.0000000000
532 -249.0000000000
551 -247.0000000000
555 -246.0000000000
562 -245.0000000000
563 -242.0000000000
583 -241.0000000000
591 -240.0000000000
605 -239.0000000000
623 -238.0000000000
642 -237.0000000000
651 -236.0000000000
682 -235.0000000000
694 -234.0000000000
703 -232.0000000000
716 -231.0000000000
717 -230.0000000000
725 -228.0000000000
746 -226.0000000000
763 -225.0000000000
772 -224.0000000000
777 -223.0000000000
797 -221.0000000000
798 -220.0000000000
802 -218.0000000000
844 -217.0000000000
861 -215.0000000000
875 -214.0000000000
902 -213.0000000000
906 -212.0000000000
928 -211.0000000000
929 -210.0000000000
953 -208.0000000000
964 -207.0000000000
978 -206.0000000000
993 -205.0000000000
994 -204.0000000000
1002 -202.0000000000
1040 -201.0000000000
1053 -198.0000000000
1069 -197.0000000000
1075 -195.0000000000
1106 -193.0000000000
1134 -191.0000000000
1154 -190.0000000000
1174 -189.0000000000
1177 -188.0000000000
1181 -187.0000000000
1191 -186.0000000000
1225 -185.0000000000
1244 -183.0000000000
1254 -180.0000000000
1287 -179.0000000000
1295 -177.0000000000
1311 -174.0000000000
1333 -173.0000000000
1335 -172.0000000000
1357 -170.0000000000
1364 -168.0000000000
1381 -166.0000000000
1396 -165.0000000000
1409 -164.0000000000
1414 -162.0000000000
1436 -159.0000000000
1495 -156.0000000000
1512 -155.0000000000
1530 -152.0000000000
1531 -151.0000000000
1542 -150.0000000000
1578 -149.0000000000
1592 -148.0000000000
1600 -147.0000000000
1621 -146.0000000000
1637 -145.0000000000
1670 -144.0000000000
1677 -141.0000000000
1683 -139.0000000000
1694 -137.0000000000
1704 -136.0000000000
1720 -134.0000000000
1767 -132.0000000000
1781 -131.0000000000
1791 -130.0000000000
1817 -128.0000000000
1850 -127.0000000000
1859 -126.0000000000
1895 -124.0000000000
1905 -122.0000000000
1907 -121.0000000000
1934 -120.0000000000
1957 -118.0000000000
1991 -117.0000000000
2013 -114.0000000000
2072 -113.0000000000
2081 -112.0000000000
2103 -111.0000000000
2121 -110.0000000000
2143 -109.0000000000
2155 -108.0000000000
2187 -105.0000000000
2213 -104.0000000000
2225 -102.0000000000
2260 -101.0000000000
2263 -100.0000000000
2279 -99.0000000000
2295 -98.0000000000
2313 -97.0000000000
2336 -96.0000000000
2367 -95.0000000000
2371 -94.0000000000
2392 -93.0000000000
2419 -92.0000000000
2442 -90.0000000000
2494 -89.0000000000
2513 -88.0000000000
2521 -86.0000000000
2539 -85.0000000000
2555 -82.0000000000
2572 -81.0000000000
2613 -80.0000000000
2628 -79.0000000000
2648 -78.0000000000
2660 -77.0000000000
2694 -75.0000000000
2733 -74.0000000000
2743 -73.0000000000
2751 -72.0000000000
2833 -71.0000000000
2844 -70.0000000000
2858 -69.0000000000
2864 -68.0000000000
2876 -66.0000000000
2900 -65.0000000000
2914 -64.0000000000
2928 -62.0000000000
2984 -60.0000000000
3001 -59.0000000000
3030 -58.0000000000
3041 -57.0000000000
3055 -56.0000000000
3066 -55.0000000000
3140 -53.0000000000
3204 -51.0000000000
3230 -50.0000000000
3261 -49.0000000000
3291 -48.0000000000
3296 -46.0000000000
3322 -44.0000000000
3387 -43.0000000000
3396 -41.0000000000
3456 -40.0000000000
3529 -39.0000000000
3583 -38.0000000000
3587 -37.0000000000
3627 -36.0000000000
3671 -33.0000000000
3691 -32.0000000000
3778 -30.0000000000
3818 -29.0000000000
3840 -27.0000000000
3973 -25.0000000000
4004 -24.0000000000
4040 -23.0000000000
4062 -22.0000000000
4088 -21.0000000000
4100 -20.0000000000
4229 -19.0000000000
4276 -18.0000000000
4281 -17.0000000000
4316 -16.0000000000
4376 -15.0000000000
4419 -13.0000000000
4570 -12.0000000000
4618 -11.0000000000
4712 -10.0000000000
4728 -9.0000000000
4813 -7.0000000000
4858 -6.0000000000
4900 -5.0000000000
4933 -4.0000000000
4953 -3.0000000000
4997 -2.0000000000
5053 -1.0000000000
5118 581.0000000000
5132 585.0000000000
5146 594.0000000000
5164 609.0000000000
5189 612.0000000000
5190 617.0000000000
5197 627.0000000000
5231 633.0000000000
5257 637.0000000000
5322 639.0000000000
5430 643.0000000000
5434 654.0000000000
5568 664.0000000000
5602 669.0000000000
5787 672.0000000000
5801 674.0000000000
6043 680.0000000000
6444 682.0000000000
6471 685.0000000000
6575 687.0000000000
6686 689.0000000000
6819 693.0000000000
8707 696.0000000000
9062 697.0000000000
9963 700.0000000000
10000 644.0000000000
evaluations raw_y
1 -367.0000000000
2 -363.0000000000
4 -351.0000000000
6 -338.0000000000
25 -330.0000000000
36 -326.0000000000
46 -325.0000000000
51 -318.0000000000
69 -310.0000000000
71 -307.0000000000
82 -305.0000000000
85 -302.0000000000
97 -301.0000000000
104 -297.0000000000
120 -295.0000000000
131 -293.0000000000
134 -291.0000000000
150 -289.0000000000
160 -287.0000000000
183 -286.0000000000
184 -284.0000000000
193 -283.0000000000
195 -282.0000000000
202 -280.0000000000
212 -279.0000000000
220 -278.0000000000
231 -277.0000000000
250 -276.0000000000
255 -275.0000000000
256 -274.0000000000
269 -272.0000000000
275 -271.0000000000
284 -269.0000000000
292 -267.0000000000
299 -265.0000000000
313 -264.0000000000
328 -262.0000000000
337 -261.0000000000
339 -260.0000000000
344 -259.0000000000
347 -258.0000000000
360 -256.0000000000
374 -255.0000000000
385 -253.0000000000
402 -251.0000000000
407 -249.0000000000
434 -248.0000000000
446 -244.0000000000
467 -243.0000000000
486 -242.0000000000
496 -241.0000000000
513 -240.0000000000
523 -239.0000000000
528 -238.0000000000
545 -237.0000000000
548 -235.0000000000
560 -234.0000000000
563 -233.0000000000
584 -232.0000000000
604 -231.0000000000
612 -230.0000000000
620 -227.0000000000
634 -225.0000000000
644 -224.0000000000
647 -222.0000000000
661 -221.0000000000
681 -220.0000000000
697 -217.0000000000
720 -215.0000000000
750 -213.0000000000
755 -212.0000000000
770 -211.0000000000
773 -210.0000000000
793 -209.0000000000
796 -208.0000000000
797 -206.0000000000
805 -204.0000000000
821 -203.0000000000
837 -202.0000000000
855 -201.0000000000
872 -198.0000000000
902 -197.0000000000
916 -196.0000000000
922 -195.0000000000
940 -193.0000000000
954 -192.0000000000
962 -191.0000000000
974 -190.0000000000
983 -189.0000000000
991 -188.0000000000
1011 -186.0000000000
1026 -185.0000000000
1034 -184.0000000000
1035 -183.0000000000
1083 -182.0000000000
1087 -181.0000000000
1105 -180.0000000000
1118 -179.0000000000
1151 -178.0000000000
1152 -174.0000000000
1198 -172.0000000000
1215 -171.0000000000
1237 -170.0000000000
1248 -169.0000000000
1267 -168.0000000000
1280 -166.0000000000
1285 -165.0000000000
1314 -162.0000000000
1341 -161.0000000000
1372 -160.0000000000
1373 -159.0000000000
1381 -158.0000000000
1383 -156.0000000000
1415 -155.0000000000
1416 -153.0000000000
1425 -151.0000000000
1432 -150.0000000000
1453 -147.0000000000
1476 -146.0000000000
1485 -145.0000000000
1492 -144.0000000000
1498 -143.0000000000
1518 -142.0000000000
1527 -141.0000000000
1557 -140.0000000000
1583 -139.0000000000
1592 -138.0000000000
1606 -137.0000000000
1612 -136.0000000000
1635 -132.0000000000
1641 -131.0000000000
1659 -130.0000000000
1665 -129.0000000000
1713 -128.0000000000
1755 -127.0000000000
1766 -126.0000000000
1773 -125.0000000000
1795 -124.0000000000
1814 -123.0000000000
1841 -122.0000000000
1866 -121.0000000000
1881 -120.0000000000
1909 -119.0000000000
1933 -118.0000000000
1971 -116.0000000000
1995 -114.0000000000
2010 -113.0000000000
2022 -112.0000000000
2032 -111.0000000000
2037 -110.0000000000
2045 -109.0000000000
2079 -107.0000000000
2094 -106.0000000000
2121 -102.0000000000
2169 -99.0000000000
2179 -98.0000000000
2243 -97.0000000000
2286 -94.0000000000
2323 -93.0000000000
2340 -92.0000000000
2348 -90.0000000000
2356 -89.0000000000
2378 -88.0000000000
2389 -87.0000000000
2418 -86.0000000000
2448 -85.0000000000
2532 -84.0000000000
2548 -83.0000000000
2590 -82.0000000000
2617 -80.0000000000
2627 -79.0000000000
2656 -78.0000000000
2715 -77.0000000000
2731 -76.0000000000
2741 -75.0000000000
2757 -74.0000000000
2774 -73.0000000000
2794 -72.0000000000
2821 -71.0000000000
2824 -70.0000000000
2860 -69.0000000000
2872 -68.0000000000
2913 -66.0000000000
2921 -65.0000000000
2935 -64.0000000000
2982 -63.0000000000
2999 -62.0000000000
3012 -61.0000000000
3068 -60.0000000000
3093 -59.0000000000
3127 -58.0000000000
3194 -57.0000000000
3259 -56.0000000000
3266 -55.0000000000
3284 -54.0000000000
3313 -53.0000000000
3372 -52.0000000000
3380 -50.0000000000
3422 -49.0000000000
3444 -48.0000000000
3473 -47.0000000000
3519 -46.0000000000
3557 -45.0000000000
3591 -44.0000000000
3618 -43.0000000000
3633 -42.0000000000
3658 -41.0000000000
3705 -39.0000000000
3744 -38.0000000000
3755 -37.0000000000
3768 -36.0000000000
3793 -35.0000000000
3818 -32.0000000000
3889 -28.0000000000
3911 -27.0000000000
3948 -26.0000000000
3971 -25.0000000000
4006 -24.0000000000
4012 -23.0000000000
4090 -22.0000000000
4126 -21.0000000000
4188 -20.0000000000
4189 -19.0000000000
4228 -18.0000000000
4243 -16.0000000000
4315 -15.0000000000
4362 -14.0000000000
4398 -13.0000000000
4443 -12.0000000000
4464 -11.0000000000
4499 -10.0000000000
4593 -9.0000000000
4623 -8.0000000000
4676 -7.0000000000
4815 -4.0000000000
4823 -3.0000000000
4941 -2.0000000000
5234 -1.0000000000
5275 603.0000000000
5307 615.0000000000
5313 627.0000000000
5341 631.0000000000
5418 634.0000000000
5478 636.0000000000
5488 644.0000000000
5521 645.0000000000
5754 649.0000000000
5879 657.0000000000
6284 658.0000000000
6291 659.0000000000
6342 662.0000000000
6379 668.0000000000
6470 669.0000000000
6472 670.0000000000
6683 675.0000000000
6856 677.0000000000
7126 683.0000000000
7703 689.0000000000
7885 695.0000000000
9556 696.0000000000
10000 308.0000000000
evaluations raw_y
1 -362.0000000000
2 -349.0000000000
24 -337.0000000000
37 -336.0000000000
41 -333.0000000000
58 -329.0000000000
62 -328.0000000000
64 -327.0000000000
69 -324.0000000000
81 -323.0000000000
86 -317.0000000000
103 -316.0000000000
112 -314.0000000000
131 -311.0000000000
143 -310.0000000000
148 -308.0000000000
165 -307.0000000000
171 -306.0000000000
177 -304.0000000000
184 -303.0000000000
199 -302.0000000000
203 -301.0000000000
213 -298.0000000000
219 -297.0000000000
225 -295.0000000000
255 -294.0000000000
279 -293.0000000000
280 -291.0000000000
283 -288.0000000000
303 -287.0000000000
305 -286.0000000000
322 -285.0000000000
333 -284.0000000000
342 -282.0000000000
353 -281.0000000000
375 -280.0000000000
376 -279.0000000000
381 -278.0000000000
385 -277.0000000000
391 -276.0000000000
403 -274.0000000000
422 -273.0000000000
432 -272.0000000000
441 -271.0000000000
446 -270.0000000000
456 -269.0000000000
458 -268.0000000000
461 -267.0000000000
462 -266.0000000000
484 -265.0000000000
492 -264.0000000000
493 -263.0000000000
500 -262.0000000000
514 -261.0000000000
521 -258.0000000000
537 -257.0000000000
555 -255.0000000000
563 -254.0000000000
574 -253.0000000000
576 -251.0000000000
599 -250.0000000000
608 -249.0000000000
614 -248.0000000000
615 -247.0000000000
626 -246.0000000000
632 -245.0000000000
650 -244.0000000000
661 -243.0000000000
682 -242.0000000000
689 -241.0000000000
703 -240.0000000000
711 -238.0000000000
735 -237.0000000000
740 -235.0000000000
749 -234.0000000000
763 -233.0000000000
768 -232.0000000000
778 -231.0000000000
786 -230.0000000000
798 -229.0000000000
801 -228.0000000000
813 -227.0000000000
823 -226.0000000000
828 -224.0000000000
831 -220.0000000000
855 -218.0000000000
874 -217.0000000000
892 -215.0000000000
913 -214.0000000000
923 -213.0000000000
951 -212.0000000000
967 -210.0000000000
969 -209.0000000000
988 -208.0000000000
994 -207.0000000000
1018 -206.0000000000
1025 -202.0000000000
1033 -201.0000000000
1051 -200.0000000000
1072 -199.0000000000
1085 -198.0000000000
1092 -197.0000000000
1099 -196.0000000000
1116 -195.0000000000
1122 -194.0000000000
1124 -193.0000000000
1144 -192.0000000000
1151 -191.0000000000
1165 -189.0000000000
1183 -188.0000000000
1209 -187.0000000000
1219 -186.0000000000
1235 -185.0000000000
1260 -184.0000000000
1275 -183.0000000000
1280 -180.0000000000
1283 -179.0000000000
1297 -178.0000000000
1305 -177.0000000000
1355 -175.0000000000
1377 -174.0000000000
1393 -173.0000000000
1403 -172.0000000000
1416 -170.0000000000
1426 -169.0000000000
1447 -166.0000000000
1491 -164.0000000000
1505 -163.0000000000
1536 -161.0000000000
1544 -160.0000000000
1564 -158.0000000000
1592 -157.0000000000
1612 -156.0000000000
1622 -155.0000000000
1630 -154.0000000000
1648 -152.0000000000
1665 -151.0000000000
1692 -150.0000000000
1695 -149.0000000000
1705 -148.0000000000
1725 -147.0000000000
1736 -146.0000000000
1770 -145.0000000000
1787 -144.0000000000
1796 -143.0000000000
1804 -142.0000000000
1810 -140.0000000000
1839 -138.0000000000
1845 -137.0000000000
1856 -136.0000000000
1885 -133.0000000000
1898 -132.0000000000
1914 -131.0000000000
1924 -130.0000000000
1927 -129.0000000000
1935 -128.0000000000
1961 -127.0000000000
1979 -126.0000000000
1998 -124.0000000000
2027 -123.0000000000
2054 -121.0000000000
2092 -120.0000000000
2102 -119.0000000000
2115 -117.0000000000
2141 -116.0000000000
2165 -115.0000000000
2174 -114.0000000000
2185 -113.0000000000
2206 -112.0000000000
2216 -111.0000000000
2239 -110.0000000000
2252 -109.0000000000
2268 -108.0000000000
2301 -107.0000000000
2326 -106.0000000000
2331 -105.0000000000
2341 -104.0000000000
2371 -103.0000000000
2376 -102.0000000000
2390 -100.0000000000
2413 -99.0000000000
2436 -98.0000000000
2468 -97.0000000000
2487 -96.0000000000
2492 -95.0000000000
2523 -94.0000000000
2531 -93.0000000000
2553 -92.0000000000
2581 -91.0000000000
2598 -90.0000000000
2630 -87.0000000000
2643 -85.0000000000
2651 -84.0000000000
2689 -83.0000000000
2707 -82.0000000000
2712 -80.0000000000
2741 -79.0000000000
2757 -78.0000000000
2778 -77.0000000000
2801 -76.0000000000
2815 -75.0000000000
2827 -74.0000000000
2855 -73.0000000000
2861 -71.0000000000
2938 -70.0000000000
2948 -69.0000000000
2973 -68.0000000000
3020 -67.0000000000
3021 -66.0000000000
3035 -65.0000000000
3096 -64.0000000000
3112 -63.0000000000
3131 -62.0000000000
3145 -61.0000000000
3182 -60.0000000000
3189 -59.0000000000
3210 -58.0000000000
3220 -57.0000000000
3261 -56.0000000000
3282 -55.0000000000
3309 -53.0000000000
3344 -51.0000000000
3354 -49.0000000000
3375 -47.0000000000
3507 -46.0000000000
3525 -45.0000000000
3553 -44.0000000000
3563 -43.0000000000
3625 -41.0000000000
3655 -39.0000000000
3671 -38.0000000000
3729 -37.0000000000
3749 -36.0000000000
3775 -34.0000000000
3815 -32.0000000000
3861 -31.0000000000
3948 -30.0000000000
3992 -29.0000000000
4019 -28.0000000000
4026 -25.0000000000
4066 -24.0000000000
4106 -22.0000000000
4156 -21.0000000000
4299 -20.0000000000
4329 -19.0000000000
4362 -18.0000000000
4402 -17.0000000000
4489 -16.0000000000
4547 -15.0000000000
4565 -14.0000000000
4572 -13.0000000000
4645 -12.0000000000
4673 -11.0000000000
4729 -10.0000000000
4797 -9.0000000000
4885 -7.0000000000
5011 -6.0000000000
5034 -5.0000000000
5095 -4.0000000000
5120 -3.0000000000
5167 -2.0000000000
5191 -1.0000000000
5289 591.0000000000
5310 606.0000000000
5386 607.0000000000
5393 611.0000000000
5404 616.0000000000
5413 618.0000000000
5471 626.0000000000
5544 633.0000000000
5598 638.0000000000
5749 642.0000000000
5780 645.0000000000
5800 647.0000000000
5814 648.0000000000
5844 654.0000000000
5848 660.0000000000
5882 662.0000000000
5889 664.0000000000
6237 673.0000000000
6296 676.0000000000
6387 680.0000000000
6773 681.0000000000
7239 682.0000000000
7252 692.0000000000
7707 693.0000000000
8312 695.0000000000
8410 699.0000000000
9625 701.0000000000
9715 707.0000000000
10000 659.0000000000
evaluations raw_y
1 -368.0000000000
2 -347.0000000000
21 -333.0000000000
33 -332.0000000000
47 -328.0000000000
52 -327.0000000000
62 -318.0000000000
80 -314.0000000000
93 -312.0000000000
98 -311.0000000000
102 -307.0000000000
113 -306.0000000000
121 -305.0000000000
123 -301.0000000000
136 -300.0000000000
146 -297.0000000000
153 -296.0000000000
168 -295.0000000000
190 -294.0000000000
208 -293.0000000000
222 -292.0000000000
227 -290.0000000000
232 -289.0000000000
241 -288.0000000000
252 -286.0000000000
273 -284.0000000000
294 -280.0000000000
315 -279.0000000000
319 -278.0000000000
331 -277.0000000000
333 -275.0000000000
353 -274.0000000000
358 -273.0000000000
368 -272.0000000000
385 -271.0000000000
403 -269.0000000000
415 -268.0000000000
428 -267.0000000000
431 -265.0000000000
454 -264.0000000000
462 -263.0000000000
479 -262.0000000000
495 -261.0000000000
509 -260.0000000000
517 -259.0000000000
523 -258.0000000000
528 -257.0000000000
541 -255.0000000000
552 -253.0000000000
561 -250.0000000000
575 -247.0000000000
591 -244.0000000000
597 -243.0000000000
614 -242.0000000000
625 -241.0000000000
633 -240.0000000000
651 -239.0000000000
653 -237.0000000000
671 -236.0000000000
679 -235.0000000000
687 -234.0000000000
702 -232.0000000000
704 -231.0000000000
712 -230.0000000000
716 -229.0000000000
732 -228.0000000000
745 -227.0000000000
759 -226.0000000000
760 -225.0000000000
771 -222.0000000000
787 -221.0000000000
791 -220.0000000000
805 -219.0000000000
816 -218.0000000000
820 -217.0000000000
828 -216.0000000000
842 -215.0000000000
844 -213.0000000000
865 -212.0000000000
866 -211.0000000000
872 -209.0000000000
887 -208.0000000000
888 -207.0000000000
898 -205.0000000000
910 -203.0000000000
916 -202.0000000000
952 -201.0000000000
956 -199.0000000000
961 -198.0000000000
973 -197.0000000000
980 -196.0000000000
991 -195.0000000000
994 -194.0000000000
1024 -193.0000000000
1042 -191.0000000000
1062 -190.0000000000
1066 -189.0000000000
1069 -188.0000000000
1081 -187.0000000000
1097 -186.0000000000
1102 -184.0000000000
1123 -183.0000000000
1151 -182.0000000000
1179 -181.0000000000
1189 -180.0000000000
1196 -178.0000000000
1209 -177.0000000000
1221 -176.0000000000
1231 -175.0000000000
1242 -173.0000000000
1254 -172.0000000000
1319 -171.0000000000
1322 -170.0000000000
1346 -168.0000000000
1352 -167.0000000000
1368 -166.0000000000
1369 -165.0000000000
1383 -164.0000000000
1391 -162.0000000000
1414 -161.0000000000
1421 -160.0000000000
1433 -159.0000000000
1451 -158.0000000000
1463 -154.0000000000
1488 -153.0000000000
1515 -152.0000000000
1542 -151.0000000000
1564 -149.0000000000
1589 -148.0000000000
1592 -147.0000000000
1604 -144.0000000000
1636 -143.0000000000
1662 -142.0000000000
1679 -141.0000000000
1697 -140.0000000000
1709 -139.0000000000
1732 -138.0000000000
1745 -137.0000000000
1759 -136.0000000000
1768 -135.0000000000
1792 -133.0000000000
1822 -132.0000000000
1842 -131.0000000000
1866 -130.0000000000
1877 -129.0000000000
1884 -127.0000000000
1910 -126.0000000000
1929 -125.0000000000
1940 -124.0000000000
1976 -122.0000000000
1995 -120.0000000000
2027 -119.0000000000
2050 -118.0000000000
2061 -116.0000000000
2102 -115.0000000000
2116 -113.0000000000
2134 -110.0000000000
2154 -108.0000000000
2172 -107.0000000000
2189 -106.0000000000
2192 -105.0000000000
2217 -104.0000000000
2229 -102.0000000000
2238 -101.0000000000
2272 -100.0000000000
2287 -99.0000000000
2296 -97.0000000000
2317 -94.0000000000
2359 -93.0000000000
2395 -92.0000000000
2409 -90.0000000000
2466 -86.0000000000
2512 -85.0000000000
2541 -83.0000000000
2587 -82.0000000000
2589 -81.0000000000
2605 -80.0000000000
2623 -78.0000000000
2646 -77.0000000000
2671 -76.0000000000
2689 -75.0000000000
2699 -74.0000000000
2741 -73.0000000000
2774 -72.0000000000
2781 -71.0000000000
2800 -69.0000000000
2838 -68.0000000000
2844 -67.0000000000
2871 -66.0000000000
2910 -65.0000000000
2918 -64.0000000000
2935 -62.0000000000
2943 -61.0000000000
2967 -60.0000000000
2975 -59.0000000000
3002 -57.0000000000
3011 -56.0000000000
3023 -55.0000000000
3076 -54.0000000000
3093 -52.0000000000
3121 -51.0000000000
3133 -49.0000000000
3153 -48.0000000000
3178 -47.0000000000
3199 -46.0000000000
3210 -45.0000000000
3241 -43.0000000000
3335 -42.0000000000
3377 -41.0000000000
3415 -40.0000000000
3436 -39.0000000000
3468 -38.0000000000
3476 -37.0000000000
3505 -36.0000000000
3539 -35.0000000000
3549 -34.0000000000
3604 -33.0000000000
3752 -32.0000000000
3774 -31.0000000000
3810 -30.0000000000
3833 -28.0000000000
3891 -27.0000000000
3931 -26.0000000000
3996 -25.0000000000
4009 -24.0000000000
4113 -23.0000000000
4154 -22.0000000000
4252 -21.0000000000
4277 -20.0000000000
4285 -18.0000000000
4336 -17.0000000000
4431 -16.0000000000
4540 -15.0000000000
4554 -14.0000000000
4619 -13.0000000000
4694 -12.0000000000
4703 -11.0000000000
4788 -10.0000000000
4867 -9.0000000000
4930 -8.0000000000
4968 -7.0000000000
5018 -6.0000000000
5068 -5.0000000000
5199 -4.0000000000
5289 -2.0000000000
5619 -1.0000000000
5690 610.0000000000
5693 636.0000000000
5714 641.0000000000
5756 643.0000000000
5832 645.0000000000
5878 646.0000000000
5942 648.0000000000
5944 649.0000000000
5957 651.0000000000
6013 655.0000000000
6057 659.0000000000
6122 660.0000000000
6189 664.0000000000
6223 667.0000000000
6232 677.0000000000
6255 683.0000000000
6303 685.0000000000
6459 687.0000000000
6632 691.0000000000
6915 692.0000000000
6929 695.0000000000
7267 700.0000000000
7353 701.0000000000
7710 705.0000000000
9602 706.0000000000
10000 483.0000000000
