evaluations raw_y
1 -2397.6047319891
2 -2138.4451249166
3 -1204.9224409392
4 -753.8231717510
5 -452.6138187994
6 351.8822553741
7 1026.4657846312
8 1677.4279101347
9 2424.8306327234
10 3155.7608786866
11 3684.1300746916
12 4346.2055426341
13 5131.0448252472
14 5296.1402013925
15 5337.0827591274
16 5354.3057675989
17 5363.7810072431
18 6012.6745657522
19 7002.6183636836
20 7722.3279564683
21 8256.3775461510
22 8299.4901271173
23 8570.6487718512
24 8849.2995399851
25 9044.7614647556
26 9277.6610751417
27 9533.9353277556
28 10215.8638851476
29 10527.0776889228
30 11294.9963279802
31 11694.0603289359
32 12545.3080366341
33 12867.6459323950
34 13413.3859819673
35 13727.2702174938
36 13825.8492056713
37 14188.0523430656
38 14643.4337342182
40 14982.1703070790
41 15225.0140961457
42 16106.8911477353
43 16565.7949123037
44 17272.6077265385
45 17772.2501718084
46 17978.5311819168
47 18521.7102301007
48 18888.6521512326
49 18976.4280975229
50 19137.3564515846
51 19581.3191120539
52 19904.6553475399
53 20521.9701985945
54 21455.8068266128
55 21780.6293493816
56 22145.1619975449
57 22968.2868943913
58 23435.0697466479
59 24156.0395948052
60 24740.7962805808
62 24908.6139140783
63 25008.1730082207
64 25476.5016796782
65 25703.0999299188
66 26213.8285610542
67 27122.1465848712
68 27135.5684712025
69 27674.0854606137
70 27896.4789442585
71 28398.6790261244
72 29216.9791851405
73 30035.1108827012
74 30172.5921543441
75 31036.1308534459
76 31446.9265711664
77 31776.3793377488
78 32304.9293208255
79 32483.3637474641
80 32553.6573472680
81 33546.7095337008
82 34010.6583962744
83 34705.2692984418
84 35670.8674480033
85 36550.4426046790
86 37170.5312388203
87 38029.4249489371
88 38568.6985621899
89 38709.0821620531
90 39193.6467958420
91 39214.1983929250
92 39849.4573012781
93 40501.5375407899
94 40688.7128190524
95 40774.2900865911
96 40839.8618563403
97 41400.8863026072
98 41483.9783903283
99 41979.3559427617
100 42668.9413345540
101 42867.3073007732
102 43715.9961456093
103 44470.1199258468
104 44633.5919673157
105 44727.1016180852
106 45591.8105929130
107 46330.4992477122
108 47111.2760435354
109 48018.8105232696
110 48020.9854066936
111 48713.0963386574
112 49467.3756693414
113 49952.2976913847
114 50161.7929283130
115 50713.9027632495
116 51158.7199780782
117 51710.6092242567
118 51838.8390155887
119 52698.1985445171
120 53549.8467865984
121 54133.7618674339
123 54313.1404599874
124 54464.4971834888
125 54914.3985024053
126 55386.5364841827
127 56082.1024853753
128 56941.8947993333
129 57519.2167377744
130 57894.9660028294
131 58274.1299368883
132 58550.7493545311
133 58644.9538154754
134 58680.0308304526
135 59339.9703727955
136 59691.1152002794
137 60368.6769876583
138 61285.6103325290
139 62178.6878273528
140 62475.8369060768
141 62781.1167504434
142 63413.2338378710
143 64231.4265852833
144 64479.6840142170
145 65286.3824111534
146 65865.2040441504
147 65975.2205080305
148 66819.9863439420
149 67490.1659644633
150 67690.2663418167
152 67749.2067868944
153 68704.0172297775
154 69246.0633351498
156 69560.6764737257
157 69612.9228752083
158 70458.8226480349
159 71369.3620707464
160 71579.2955043566
161 71666.8096418538
162 71912.4875755064
163 72903.2745192739
164 73412.6031684129
165 74065.1186912874
166 74717.5535083507
168 75611.6933965616
170 75994.3762282275
171 76315.7677373934
172 76614.4484287385
173 77590.6386031289
174 78094.1025821616
175 78149.3516090409
176 78912.6750595864
178 79268.7053931960
179 79818.7244785666
180 80327.4142243428
181 80702.4619134694
182 80992.8152423204
183 81845.6816550246
184 82183.7481416234
185 82505.0058358600
186 82773.9293111317
187 83058.4723584294
188 83166.5559109321
189 83761.4800090174
190 83916.2258826707
191 84837.9777725603
192 85372.5022451986
194 85417.9070887034
195 85787.7161213238
196 86745.9376295977
197 87481.7261550290
199 87686.4185262157
200 87803.9534827492
201 88567.1455234844
202 88676.9510540036
203 89338.9445332432
204 89893.6257370801
205 90099.3736879287
206 91081.1136626375
207 92065.2973414153
208 92326.1790349432
209 93004.9277048049
210 93171.6597769683
211 94055.2467585337
212 94442.5168830271
213 95121.1258352940
214 96055.6709818350
215 96254.2901281346
217 97061.5281316077
218 97239.8516091375
219 97266.3003508024
220 97847.2145067101
221 98403.1525428285
222 98698.9372843496
224 99153.5770496212
225 99243.1164178458
226 99805.1895981393
228 100229.9657845580
229 100870.0055367378
230 101291.7581937731
231 101567.2538452352
232 101793.9818339685
233 102353.0435833633
234 103063.8709181006
235 104056.0857840898
236 104277.3313897763
237 104628.9708401323
238 105117.2830713382
239 105571.7499655963
240 105734.7039602095
241 106430.0900582591
242 107335.2050081016
243 108011.0950520174
244 108888.2951646563
245 109216.1521842631
246 109895.9239758913
247 110580.3922003019
249 111151.0842289084
250 111805.4102980556
251 111920.4405880877
252 112313.2052094576
253 112454.4410446056
254 112800.8759212897
255 113390.2725066766
256 113608.2802726610
257 114578.6941370434
258 115162.1953816747
259 115951.1996232371
260 116656.4257805941
261 117542.8340214553
262 118471.1073326702
263 119123.0236018462
265 119350.6358585443
268 119395.5741469250
269 120185.9867324417
270 120427.0510346793
271 120464.4021203247
272 120621.9869755983
273 121133.4244486972
275 122101.9113347284
276 122819.8625245813
277 123216.9553458372
278 123645.7377913764
279 123870.1822953999
281 124165.8545766001
282 124849.5542598341
285 125701.8786919098
286 126172.0169287912
287 126314.7389000817
288 126983.9386955939
289 127356.5762898165
291 127459.5800235646
292 127808.2427043138
293 128344.8182489926
294 129096.6978822707
295 130030.5867319087
296 130980.2275311028
297 131409.8114526897
298 131893.3598353203
299 132091.6080210808
300 132395.5603799526
301 132552.1900679433
306 133162.0542927142
307 134140.1440163156
308 134617.3362168277
309 134853.4430635180
313 135423.1163089337
314 135812.2574783156
315 136032.8603600424
316 136580.3558048982
317 137070.4776956524
319 137204.1079942376
320 138071.4672574312
321 138188.3758919866
322 138249.9377405708
323 138921.5972568326
324 139041.2511432257
325 139253.7617229318
327 139992.5272877471
328 140345.2236558649
329 140451.9492950552
332 140480.7801348671
333 141043.5002324799
334 141720.9455856104
335 142005.5594165200
336 142982.6927716372
338 143790.7164456391
340 144055.3351870328
341 144171.6089123268
342 144938.5143484769
344 145356.2524671288
345 146178.1336597246
346 146270.8684665489
347 146385.5084416206
348 147173.8762196226
349 148015.9259915914
350 148168.4635518516
351 148504.1673606209
352 149050.9238176738
353 149492.5447343358
354 149684.9797879020
356 150404.9588844013
357 151060.9850575373
358 151165.9393986893
359 151470.2849428270
360 152166.3265856073
361 153024.6896552593
362 153389.1425441200
363 153920.2607140175
364 154360.1658984690
366 155350.2664940901
368 155626.8877132318
369 156131.8469372412
372 156202.0075700348
373 156986.4641170901
374 157383.2083694200
375 157474.7377384809
376 158288.9657600975
378 158354.1869481452
379 158686.9989485116
380 159072.6198806701
381 160012.2370293842
382 160099.3770063652
383 160480.0256851348
384 160504.3649330109
387 160968.3611269340
390 160995.9348127751
391 161985.9167982780
392 162203.7964131633
393 163052.4238981873
397 163401.9854754035
398 163402.8390041594
399 164017.6729049414
400 164068.8471086158
401 164485.0887897414
402 164544.8625525416
404 164988.0538930403
405 165404.1725314988
406 166258.9259449270
407 166745.5209884600
408 166847.4239243969
411 167213.9346395771
412 167891.8290037372
414 168791.4228724356
416 169097.6216195336
419 169319.6109877660
420 169411.8417602942
421 169598.0689289090
422 169653.7726830798
423 170273.8390932930
424 170964.7173105271
425 171145.3368941745
426 172058.6855145040
427 172075.8695832755
428 172339.3530459180
429 172720.2195274228
430 173317.5426599889
432 173358.5988551599
434 173607.6043205207
436 174459.9679974674
437 174648.4814067417
438 175471.5793732297
440 176120.4884073125
442 176724.9599893814
443 177260.9198702691
444 177532.2533204934
446 177599.9198290158
452 177822.4320020682
454 177894.7926970542
455 178771.8199593484
456 179652.0319665385
457 180526.4183573102
458 180675.4161231406
459 180864.3242770917
460 181431.1555455485
463 181673.7018209425
464 182609.6369010263
465 182830.8396305504
466 182877.5854277636
467 183829.4483326465
468 183935.7272532223
469 184383.9711090292
470 184396.1881871415
471 185200.4823134036
472 185997.3669172454
473 186368.9307026026
475 186412.8369725901
476 186742.2603017445
477 187139.3210995887
478 188101.6527950501
480 188158.6541160331
481 188828.1021319807
482 188976.8899385376
483 189203.5782811638
485 189299.3450659596
487 189571.7350945018
488 189907.4884958426
490 189993.4176783127
492 190778.9956169014
494 191557.2887172874
495 191616.2085157792
496 192547.5433150012
497 193503.7489231005
498 193510.5428051775
499 193534.9123392066
502 193835.3199444286
503 194754.7169027324
505 195299.7610505964
508 195736.7413850530
510 196351.1499428414
511 197004.2734003868
512 197803.8258925834
513 198682.9821037632
515 199078.5982080072
516 199395.6494551877
517 199711.0277314466
519 199822.7095807833
520 200697.0063837937
522 201639.4571021285
525 202497.2064191036
526 202623.9310902325
528 202743.8865486087
529 203292.2043289865
530 203924.7543965127
531 204487.0180801269
532 204859.5614655034
533 204890.4294219201
535 205036.4312600025
537 205555.8769462108
540 206269.1964078081
542 206785.3412999943
544 207073.5274825627
545 207482.1627856997
549 207958.7517784297
550 208683.9635231933
551 209462.6510682626
552 209484.2289887557
553 210396.2869427272
554 211251.7264340462
555 212105.9213434719
556 213062.5626790038
557 213887.5468165457
558 214171.7453986374
559 214517.2423691129
560 214994.3297745273
564 215232.6388385127
566 215510.0986913488
567 215821.4251519189
568 216698.0297788535
569 216965.5826021231
570 217897.9789532891
571 218803.0397190955
572 219225.3806112748
573 220161.4584842172
574 220612.4198248014
575 220999.8170466791
576 221354.6840474694
582 222258.1480761141
583 222742.9349034677
584 223071.8821898518
587 223637.9300578727
588 223950.1153509079
589 224683.3423160563
590 225134.3325040188
591 225415.8813214145
592 225792.8102972042
594 226574.2246883883
595 227462.9620524427
597 227962.3485940151
598 228662.4865395539
600 229346.9871039071
601 229861.5946945410
604 230337.7041397735
607 231108.7184365475
608 231939.3080615406
611 232057.3340595714
612 232560.0335119825
613 232863.4142933099
614 233357.4096729335
615 233951.9171110974
616 234853.8934375137
617 235057.5152292864
619 235864.0946199895
620 236459.3320086165
621 237445.9881501743
624 238239.7694033236
626 238986.5658014771
628 239765.9305985115
629 239950.3850858618
631 240305.8854888127
632 241245.4840832286
633 241650.5430211973
635 241709.3583254014
636 242314.2741010069
637 243003.2269004290
638 243813.5298232472
639 244717.8597444551
642 245029.6254342935
643 245972.1792362322
644 246204.4730201064
646 246888.0212647431
647 247348.0952863287
648 247827.8106921118
649 248387.0887261118
650 249194.8461386057
651 250066.6068856726
652 250807.3570283626
653 251546.1259344995
654 252347.0177299222
655 252409.9862230812
656 253176.4163767826
659 253208.4057858005
660 253618.8343669916
661 253988.2714342154
665 254842.8597213684
668 255305.2237098481
669 255443.1725886606
671 255451.9523015997
674 255775.1961507869
676 256350.3227473375
677 256640.0168322819
678 257302.8968919421
679 257814.1924652099
680 258629.4886952141
681 258639.8979076617
683 258985.1526479636
687 259948.2360230110
689 260601.2154208991
690 260606.3757489209
691 260621.1608187237
692 261293.7479953672
693 261796.8611493118
694 262027.7076077920
695 262127.6012740282
697 262514.4371660335
702 263023.8871870853
703 263255.3872693086
706 263771.9318919845
707 264460.5852214520
708 265015.3561856546
709 265937.6888273266
710 266794.3993457383
711 266822.0749098245
714 267000.9550003510
717 267771.1377585994
722 267771.6882334439
723 268088.3163076422
726 268198.2410290394
728 268690.7598897959
729 268754.3784586297
731 268913.3351642857
732 269051.4313433542
733 269602.8852364100
734 270592.2639970480
735 270637.5375453440
739 270937.7333669057
742 271021.5198308488
743 271435.7450774129
744 271838.0044409353
745 272415.2123201925
746 272877.2968406431
747 273579.3845537429
748 273671.8886417948
749 274382.3086799089
752 274684.1407362198
754 274884.4741645039
755 275360.7179784580
757 276255.5365884001
758 276409.1624969430
759 277047.9504299592
760 277738.1954238779
762 277853.9249229386
763 278023.1280518320
764 278302.0292123553
765 278371.0382099990
766 278586.2416279668
768 279249.8989556584
769 280079.2701812763
771 280265.8499074820
774 280751.7212555267
776 281021.3394366505
777 281611.4449203876
778 281723.5466274165
781 282581.6568940097
784 283116.7861040594
785 283450.9560928266
788 284354.6445789195
791 284652.9967407347
796 285308.8113424925
799 285565.7234184853
800 286312.6328753018
802 287063.3584731906
806 287795.8758068302
808 288063.0218872500
811 288597.9840272975
813 289016.8229747436
815 289964.8907946508
817 290149.3417704123
819 290780.5084918548
821 291752.2711116190
822 292466.6888725832
825 292668.1249482438
827 293282.8760092634
832 293567.7412686173
833 294296.0594785974
838 294461.4107602712
839 294689.5376779221
840 295152.3658890117
843 295976.6773695626
844 296584.5694674731
846 297008.3938777662
849 297048.3314650938
850 297489.1505143548
851 298347.8499160059
853 299087.9132942266
854 299762.1743348929
855 300511.9902875072
857 300961.7403388790
858 300980.8052929837
859 301856.9358591159
861 302450.9092139412
897 302456.9482197409
898 303116.1399856246
1042 303127.3187629154
1045 303602.2872624351
1075 303609.0162900906
1078 304507.6266095527
1122 304519.7322627805
1123 305466.9740189276
1243 305492.1155418757
1244 306443.3920072027
1347 306446.8575146825
1348 306780.4383642412
1566 306798.1432942123
1567 307289.2023873029
1581 307294.3234637929
1586 307330.9195725751
2197 307338.2685555242
2199 307552.7000693832
2650 307574.1999529687
2652 308397.6947170272
2898 308413.5531485656
2899 309284.7992688745
3579 309291.9446614422
3583 309957.5951064261
3636 309969.7789355331
3639 310685.5817543331
5845 310697.8766607208
5846 311259.8890803922
100000 -2073539.0000000005
evaluations raw_y
1 -1937.1556085589
2 -1639.2468396298
3 -1093.9944429674
4 -721.5061084540
5 -187.1715829481
6 268.1016500916
7 784.9793083105
8 894.0657027461
9 1600.8954869465
10 2077.5374314832
11 2624.9950877662
12 2895.8262404489
13 3528.7970481012
14 3775.0562477930
15 4413.0787498339
16 4521.8350588481
17 4715.2800730358
18 4820.2865881057
19 5627.9403774107
20 6476.0827932008
21 6979.4037555437
22 7307.0858997808
23 7429.2328987352
24 8283.7828334098
25 9106.2839896347
26 10046.0329483624
27 10066.3082360243
28 10120.1596451571
29 10868.9758809117
30 11209.5374204657
31 11899.8682531694
32 12770.6914297047
33 12903.5202021535
34 13384.5834646584
36 14248.3693400708
37 14611.1690213450
38 15448.4176406279
39 15618.9530721633
40 16292.5178989708
41 16512.3644742326
42 16563.9526402716
43 17505.1056214956
44 17982.8762365457
45 18702.7460680891
46 18772.6779369481
47 19027.3924385303
48 19099.5484468777
49 19470.2188949036
50 19569.8005938856
51 20429.8102242438
52 20465.3499405398
53 21435.3664201153
54 22401.1559111737
55 22518.9100937658
56 22828.6825299113
57 23279.4809228597
58 23316.5730872940
59 23595.1770926158
60 24552.3368218627
61 24866.0623499612
62 25080.9863730787
63 25835.8742042240
64 26127.5219139090
65 26896.3729855351
66 26949.8076790212
67 27732.5422711405
68 28010.5324036716
69 28709.2866874397
70 29342.5681098631
71 30073.0414060168
72 30889.4106903577
73 31533.0508926262
74 31959.5366772060
75 32475.6921316977
76 33303.0182297470
77 34154.0710410548
78 35129.2620364987
79 35868.0820911635
80 36377.9571657905
81 37296.3586405369
82 38046.4282499905
83 38518.0363961434
84 39153.9206742840
85 39807.9562944337
86 40172.3360768088
87 40671.6516422533
89 40723.1432216967
90 41655.0616407035
91 41741.2109905057
92 42593.4868282292
93 43474.9405134054
94 44351.9103065654
95 45042.0928343159
96 45428.5191190077
97 46101.3072595214
98 46179.5538340219
99 46227.3760372780
100 46919.5090409527
101 47060.9946487856
102 47838.7202685738
103 48697.4710159658
104 49002.1464058110
105 49563.0846144612
106 50115.3088553688
108 50879.1706689639
109 51564.4973603432
110 52457.2441458831
111 52877.0427577097
112 53671.6779543350
113 54353.3197555849
114 54674.1970221684
115 55243.2636242194
117 55881.2725782866
118 56087.6164696246
121 56843.2045337388
122 57561.0963483385
123 58501.6854918776
124 58984.9288499294
125 59321.3349832050
126 59621.6994531830
127 60089.2988105282
130 60781.1180277138
131 61697.6732658343
132 61877.7307687629
133 62436.9878783058
134 63188.3959529846
135 63474.0149077084
136 63784.6954307435
137 63834.4927699442
138 64417.6257334733
139 65282.1889623005
140 66002.0688460880
141 66824.0645234815
142 67582.7030143440
143 67599.1132564309
145 67659.6197948401
146 67905.4294226015
147 68278.2093407049
148 68700.0232361008
149 69225.5018508901
150 69234.1611478777
151 69755.4830120233
152 69782.6463872001
153 70488.7491071984
154 70972.8270694830
155 71152.6593286580
156 71193.5714896406
157 71714.2417177440
158 72580.4531581026
159 72651.8495151782
160 73369.8719610702
161 73946.8880214402
162 74662.4493007605
163 74948.5135464880
164 75514.0358584124
165 76287.5950284223
166 76536.9275696814
167 77395.8643001484
168 78117.2182671553
169 78523.1979300761
170 78955.1626487513
171 79849.2937673284
172 80100.5869343104
173 80327.2659521220
174 80972.0317032568
175 81457.6976627555
177 81965.5317368356
178 82696.4149731915
179 83560.0949211700
180 83907.7611433911
181 84056.1556886730
182 84539.7967038200
183 84609.8271861005
184 84622.4157017157
185 84843.8842570339
186 85376.5952074727
187 85883.4826354024
188 86642.5339322649
189 87580.6830952585
190 88001.3618346615
191 88159.2582718473
192 88812.6350491650
195 89669.2436034213
196 90083.1914287585
197 90745.9595395323
198 91187.9092320512
199 91774.7804967355
201 92084.6764481703
202 92454.4242127614
203 93135.3294664573
204 93356.5496906003
205 94241.5828080431
206 95165.9760821684
207 95660.7696875772
208 96656.3093993607
209 97323.9285080719
210 97850.7776008714
211 98533.3222236058
212 99395.4636769624
213 99759.5402116917
214 100437.4901181097
216 101191.1475495794
217 102009.7762437496
218 102979.4564503523
220 103127.8127011054
221 103747.0528036290
222 104508.6215208175
223 105279.0570318519
224 106096.0512937866
226 106372.5810666901
228 106373.6916752693
229 106420.9667812482
231 107233.3394413537
232 107799.2617112907
234 108096.3723555374
235 108970.1287185945
236 109101.3296988698
237 109284.1738498314
239 109650.7714250444
240 109867.0540176810
242 110109.0192079389
243 110990.7878094375
244 111618.6342754605
245 112528.0897788702
246 112560.4767742229
247 112835.2265285352
248 113617.4487748157
249 113847.0673071676
251 114171.5869136406
252 114733.5241228674
253 115501.7837322766
254 115710.6379574707
255 116606.7655889980
258 117048.7760531370
259 117453.3690343418
260 118342.1041452318
261 118938.2482184909
262 119156.2493753313
263 120136.6818773382
264 120748.4785544561
265 120898.5282433401
266 121145.6567905416
267 121701.1808688460
268 122283.4718267846
272 122375.8666899448
273 123003.8958337727
274 123687.6766951984
275 124543.4151925134
276 125292.9568951861
277 125489.6103901181
279 125997.3898960527
280 126317.7322611783
281 126768.0507075436
282 127099.4352220400
283 127774.8550305519
284 128643.7946788035
285 128931.6005540764
287 129696.6393735799
289 129709.6302963351
290 130425.8781152344
291 130477.5782807021
292 131384.4754558698
293 132005.5143825860
295 132265.7984493627
297 132944.2911343184
298 133317.6687589536
299 134123.8340848341
300 134954.6240885679
301 135225.3686163082
303 135945.8475795560
304 136642.2504427044
305 136748.5513981073
307 137347.3590091455
308 137564.4316636565
309 137919.7807206307
311 138474.8778298399
312 138855.6864363149
316 139343.1360815170
317 140158.8974886204
319 140273.2263850681
321 141038.5649039245
322 141266.1147089558
323 141542.9449066310
325 142422.7015464855
326 143280.2018405633
327 143727.2910294294
328 144046.3800598254
329 144154.7283317730
331 144512.4241382704
332 145452.5006620544
333 146239.2000016616
334 146552.0074489662
335 146831.9494329710
336 147725.1586834663
337 147835.6498135517
338 148055.8233821077
339 148940.8751817166
340 149917.9691940953
341 150009.8912520946
342 150982.6241599781
343 151682.6443472047
344 152532.7244991653
347 153399.2049481373
348 153488.7601828813
350 153648.2035667185
351 154232.3458619777
352 154452.7611612277
354 155189.0763989830
355 156113.9015760248
356 156170.4633200853
357 157085.0779636831
359 157182.9233663479
360 157888.2923347575
361 158344.1020181495
362 159120.6146872117
364 159814.6498579571
365 160070.1301123762
366 160388.0697609994
368 160513.9835637667
369 161402.5910344253
370 161717.6520555912
371 162595.9467254063
372 163584.0694323632
373 164303.1084896627
374 165177.9122052442
375 165621.3166269964
376 165829.1004614213
377 165954.0186872029
378 166518.2780731717
379 166558.2439862544
380 167285.8867288533
382 167899.5298738594
385 168787.8514839519
386 169750.5649221390
387 170368.8136367472
388 171056.5322658069
389 171291.2513698906
390 171611.4690115137
391 171742.3298734215
393 172256.9916665677
395 172579.8131448146
396 172676.0897364600
398 173114.7766332515
400 173979.9599922629
401 174407.9457468212
402 174931.1560237121
404 174944.1807674855
405 175429.9157479985
406 176315.8359646167
407 176960.8068644473
408 177021.0909707212
409 177125.5294055815
410 178115.4862806497
411 178332.0615094860
413 178990.1477429409
415 179791.3102853798
416 179938.2170960774
417 180609.3320716700
418 180792.7939184489
420 181219.7036673325
421 182055.0001106866
423 182792.0590468173
425 183051.7902730606
426 183959.0652511719
429 184236.7564508043
430 185182.3947351981
431 186022.9479995072
433 186227.8736619654
434 186391.8190201016
435 187389.1437807624
436 187619.8375267252
437 187692.3243188040
438 188230.0540449430
440 188392.4202671996
441 189327.8157836972
442 190249.2814864501
443 190338.6160273738
445 191250.5199824030
446 191993.3466596440
447 192956.2544875595
448 193241.1306357571
449 193620.5670952164
450 194563.9944271169
451 194710.2788309602
452 195614.4094516990
453 195860.7563707740
454 195888.3357259104
455 196863.1848148683
456 197030.8843498453
457 197685.2906651471
458 198473.3074881807
460 199092.1045019358
461 199180.3619954085
462 199659.7090075419
463 200016.3325176307
465 200992.2230306030
466 201443.6762923183
467 201909.2786303710
468 202284.2750502866
469 203184.8686535001
470 203209.7791823148
472 203227.6120381005
473 203509.7347889328
474 204314.5539927945
475 204691.1823353522
477 205392.4878673800
478 205687.2832141799
479 205781.0607368742
480 206620.6681690579
481 207532.2115595605
482 208512.6214820874
483 209240.2419353600
484 209460.6125081814
487 209844.1056128920
488 210659.6256626753
490 210948.8114180506
491 211364.2307476591
492 211952.1325778002
494 212261.9545082610
495 212842.3231618812
496 213709.0841080151
497 213959.7327140861
499 214765.9875794771
500 215499.0728435473
502 216217.5560939513
504 216714.3036358212
505 216856.7431586674
507 217334.0550678083
508 217634.6684429061
509 217719.3499255627
510 218372.7047783616
512 218821.2861602358
515 219208.3287683537
516 219374.5485505326
519 219598.5653432453
521 220555.7313930440
522 220608.0006363481
523 221211.9351634886
526 222127.6688221885
528 223093.4923406295
529 223248.0906620064
530 223860.6085248964
531 224291.2406778541
532 224485.1800404325
533 224611.7447437739
534 225155.8605264011
536 225617.5969120879
538 226139.5677703052
540 226845.1438338668
541 227180.3967287864
542 227192.9697126990
543 227237.8837662044
546 227453.8094316370
547 227825.5345313756
548 228460.7940393118
552 229289.3821399359
553 229751.7668651707
555 230013.9535786435
558 230865.3426540425
559 231405.9365806220
560 231543.2516539722
563 231988.7754209869
565 232541.6927088181
566 232855.7510419475
567 233384.9686777325
568 234050.9787054863
569 234111.7328968390
570 234972.5014772412
571 235348.0138077556
574 236270.1673864668
579 236811.1003068987
581 237679.1246705690
582 238590.6717621921
583 239019.6388402336
585 239207.5713172857
587 239310.4405604755
589 239670.7932760285
590 239983.6543964856
591 240545.0175561894
592 241332.2463569913
593 241987.3820771498
594 242677.8897318781
596 242868.7112546499
598 243449.4380157652
599 243796.7807197907
600 244670.3727820623
601 245048.0945564215
606 245343.4840014579
607 245728.4964924872
609 245928.3827319008
611 246307.8904332616
612 247178.1531922548
613 247522.3986581158
615 248353.4600149987
616 248505.3588250412
618 248829.3252810182
619 249139.1427064110
623 249357.0092810124
624 249422.8364713444
625 250087.4427642694
626 250407.2859029713
631 250783.1017129447
633 251268.3576704650
635 251997.5948635615
638 252643.5600570288
639 252655.5639009370
641 252787.8053098206
645 253591.0801493660
647 253607.8818514480
648 253807.9854493553
649 254800.4387356332
650 255282.1961566770
652 255770.3500556459
653 256586.4772078069
654 256861.2528506841
657 257004.0673148077
658 257121.4199693585
659 257604.4161075212
661 258058.7268385627
664 258196.9462603089
665 258405.0427556670
668 259082.1716247142
669 259560.3787690415
670 260485.2428918843
672 260493.0001713165
673 261200.1515245158
674 261564.0689273136
675 262345.4502282944
677 263206.0136351290
679 263299.3429631091
681 263346.5270136247
682 263809.8304222121
683 264223.2495773913
684 265072.5434963688
685 265972.6157044043
686 266488.7938855622
687 266750.8214134100
688 267087.3408886807
690 267758.6883436958
692 268520.1846282884
693 268898.1305182260
695 269077.1344115396
696 269720.4639055402
697 270259.3245961122
699 270804.4389754594
702 271066.6137563207
703 271590.8400397453
705 271840.0494473830
707 272005.1376841094
708 272263.2535464069
709 272550.3864830570
712 273228.4266469581
713 273478.5926351047
714 273917.0236123581
715 274899.0773379781
716 275332.2486070319
720 276275.0654580165
722 276742.5129120942
723 277512.0546120079
724 277592.0153816425
725 278460.8940663819
726 279065.2334937598
727 279565.4877936367
729 279843.8680728792
730 280689.2196848324
732 281250.2214296907
733 281524.2381940984
735 282189.1441103209
736 282233.4567529243
737 282758.1738485035
739 283734.7935422576
742 284644.2569069297
744 285262.7399011548
747 286101.1950438373
751 286587.5949534019
752 287058.8688992505
758 287458.7903736408
759 287947.4963339631
761 288088.8003498484
762 288260.5923917575
763 288968.7843794714
767 288977.2762482011
771 289514.0159907092
772 289774.2297631823
773 290509.1203241483
776 291245.8078350369
777 291323.2846265598
781 292295.2413246057
782 293072.8642279523
785 293875.8538979072
789 293879.7966059808
792 294671.2036891418
793 295504.7153410221
794 295506.7823502278
796 295573.6109673553
797 295656.9223523007
798 296210.3383594621
799 297118.3231586933
800 297789.7789917429
801 298423.0448147194
803 298423.9513414172
804 298528.8665387544
805 299362.5628488156
806 299561.2376912791
808 300043.9099054648
809 300045.1255682436
810 300157.5466733614
811 300337.1408846760
813 301160.1775713647
814 301705.8694240926
816 302538.1193080141
817 302696.6253509869
819 302799.8675350445
823 303178.1556687408
824 303471.1727455570
826 303511.7049827588
827 303985.4454247705
829 304643.8669897786
831 304835.3040384017
845 305484.4538845188
848 306367.1228016532
853 307041.2983679342
854 307493.3439981787
857 307885.5846292032
859 308535.3313528612
861 308843.9661777746
863 309165.8607106500
864 309929.8016428625
867 310515.7897784732
868 310790.1124230516
869 310798.2983056582
870 311067.3404075934
872 311260.4166790696
873 311670.1220913521
874 312079.0417820683
875 312302.8755210740
876 312310.3692477004
879 312922.7347544861
880 313166.2155117428
883 313753.8187286946
884 314595.2564252533
886 314909.9120519134
927 314929.2940376702
928 315187.7700554121
934 315203.3235543038
936 315716.3909382687
1139 315752.0622505137
1141 315835.8593871861
1352 315837.5831773375
1354 316371.6198273248
1547 316377.8269850283
1550 317148.0873856048
1697 317163.7284081347
1706 317681.9329332490
1810 317692.0920704536
1811 317741.0616573088
2841 317755.3674093778
2842 318084.1245779971
2972 318092.5865922456
2974 318544.3515387320
3430 318555.4159027084
3431 319427.6885721821
3489 319451.6876412039
3490 319642.0661720122
3937 319643.1441520710
3938 320101.0620382417
5537 320128.9533169568
5541 320814.8968931112
6220 320824.9937441641
6222 321208.7048520133
100000 -2073544.0000000005
evaluations raw_y
1 -2491.8135385389
2 -2268.2165936015
3 -1701.1038386070
4 -791.9536371324
5 -307.7240390645
6 423.8683692874
7 701.3172889913
8 1599.4326287874
9 2334.2555578790
10 2552.8465525026
11 3342.1890869948
12 4005.1149464160
13 4194.8686914939
14 4775.6008365878
15 5255.1051962698
16 5268.7693910641
17 5488.7919911983
18 6192.0069250747
19 7063.1202387688
20 7164.6852644167
21 7283.6066113895
22 8053.2974982643
23 8421.5006146230
24 8873.5334555773
25 9134.8794863779
26 9871.1359575736
27 10387.5599239934
28 11082.2240884306
29 11191.2066185968
30 12042.4713809505
31 12045.2930516347
32 12665.9642520080
33 13030.5566269978
34 13941.3332271028
35 13963.9201740793
36 14848.8450713092
38 14974.2650849857
39 15861.2290948804
40 16297.3051510968
41 17207.5651015368
42 17261.3383328348
43 18237.8472731421
44 18311.9429773311
45 18730.4928800834
46 19173.5454847386
47 19419.8089664390
48 20330.7223352342
49 20463.4862196115
50 21064.2093290918
51 22044.0760632537
52 22298.1977264112
53 23276.3841954787
54 23456.9051525363
55 24239.6787676257
56 24462.9268403557
57 24915.6956577279
58 25589.9652609423
59 26523.1768155674
60 27453.1107793875
61 28001.9675105900
62 28486.2551807123
63 29020.3294882532
64 29224.2806199741
66 29571.2055148587
67 29849.1821623691
68 30382.7429503741
69 30710.1274894924
70 31380.2230204112
71 32194.6444073436
72 32501.0283179305
73 32560.0639502552
74 32701.5883158495
75 32721.5383014175
76 32947.8114774853
78 33719.1331936756
79 33971.0987648505
80 34229.7599838456
81 34623.6266990125
82 34893.0647973794
83 35179.6977866369
84 35597.4395722717
85 35858.5514680442
86 36715.9627994650
87 37275.5696400116
88 37802.8771075034
89 38672.3865930258
91 39061.2394413567
92 39184.7121602147
93 39504.3706666523
94 40423.8377800113
95 41353.6547902861
96 41886.7298318774
97 42635.1624171926
98 43413.8952377878
99 43700.3605278306
100 44364.8019077065
101 45254.5797575538
102 45947.5159972483
103 46480.6781661989
104 46668.5109496914
105 47312.9737489034
106 48030.9720801236
107 48194.5556278492
108 49087.3374733550
109 50026.5213104992
110 50642.6932835971
111 51064.5264499578
112 51698.4816864077
113 52176.6181626958
114 52829.1121489561
115 53597.7866035208
116 54207.0460671185
117 54854.9246666470
118 55726.3090078730
119 56366.7564767137
120 57156.3594480635
122 57366.5902499169
123 58036.8684755967
124 58717.8602483059
126 59559.9209237173
127 60281.9075819671
128 60749.7296748535
129 61239.0714023079
130 61588.5717714509
131 61961.3612756539
132 62633.1624972229
133 62785.8825671240
134 62835.6824676226
135 62907.5965073886
136 63491.0557593788
137 63891.1549006575
138 64565.3993665295
139 65425.8572052473
140 65679.7018125716
141 65870.1396649973
142 66097.6541640016
143 66446.0037355194
144 66890.6963247784
145 67451.4116558464
146 67537.2761108562
147 68019.6715171660
148 68263.1845254679
149 68473.3168742778
150 69175.3820065228
151 69783.8912991651
152 70054.8073132206
153 70479.6328780302
154 70613.0075443876
155 71473.1615228085
156 71580.9135928952
157 72128.5306157679
158 73012.0428412038
159 73441.1100503285
160 74278.2839217063
161 74843.8019699893
162 75049.9563088978
163 75449.4981272986
164 75687.0129239712
165 76079.5252576143
166 76314.8423583854
167 76769.6782069215
168 77610.6566512006
169 78303.4553634128
170 78808.9141075614
171 79182.4953690625
172 79210.7934673420
175 79570.0940204149
176 80295.5013840326
177 80413.4239748905
178 80630.1899400847
179 80980.9400362282
180 81973.3680014832
181 82178.1375884631
182 82951.5528694653
183 83906.0417919138
184 84210.9190113548
185 84794.6580178186
186 85652.2945055147
187 86315.0886857779
188 86352.7749225207
191 87161.1826547639
192 87232.4604471172
193 87530.8955527773
194 88436.1265888377
195 88599.2801918546
196 88839.9568000188
197 89732.8998581271
198 90021.7347867127
199 90834.2200270902
201 91752.9807513719
202 92573.1869769115
203 93336.2974375705
205 94259.6299461513
207 94938.7071444909
208 95515.5467995551
209 95715.4522042126
210 96672.7030481619
211 96812.1533595513
212 96844.3886884024
213 97377.7317081962
214 97776.3148986953
215 98638.4227812887
216 98894.7788476155
218 99265.3554343717
219 99627.0234715905
220 100410.5194530604
221 100935.7974455284
222 101792.2018782837
223 102609.2336568938
224 102680.1252728581
225 103570.0268112872
226 104463.7159524613
227 104684.7847211193
228 105344.9563639586
229 105807.8934909432
230 106394.6245645520
231 106874.9107384062
232 107233.6750356054
234 107422.0926675004
235 108100.0385876221
236 109069.3377099634
237 109776.1187605982
238 109894.4996495416
239 109926.9966992446
240 110108.4871023868
241 110230.8875747806
242 110267.6141134200
244 110512.4632128105
246 110997.3418435738
247 111593.6022374515
248 111742.5935495675
249 112554.8522087335
250 113091.4586153333
251 113461.9691890886
252 113482.9911336199
253 113662.1254982705
254 113707.0674198270
255 114010.6497342263
257 114500.7665047517
258 114684.9867596465
259 115517.0281085811
260 116245.6174145253
262 116757.4068419463
263 117707.4069441124
264 118296.0564731710
265 119173.0551002089
266 120163.5592600934
269 120325.3548276619
270 120441.1897204771
271 120611.2192807226
272 121330.5709146601
273 121465.1171313834
275 122267.7645717055
276 122347.7753621657
277 123101.5407616960
278 123235.3008038104
279 123706.8704377729
280 124197.4872029614
281 124344.9142149546
282 124570.9824698641
283 124649.4206116111
284 124897.6552096135
285 125189.8952181502
286 125672.9848227438
287 126527.2513620525
289 127273.8857147639
290 127908.2904497056
291 128580.4075139628
293 128920.3940560970
294 129601.4107337225
295 130531.5603873651
296 130771.0651358782
297 130854.7752906216
298 131445.9671995464
299 132145.7429732325
300 132669.8366821351
301 133658.4163685136
302 134533.4379054037
303 134677.7142285951
304 135144.2937425684
305 135469.7460629552
306 136370.5936376318
307 136991.2899679108
308 137607.1105825176
310 138318.2251606439
313 138404.0936620726
315 139032.0067687460
316 139794.5343598305
317 140430.5741870688
319 141082.0264891185
320 141731.7675205337
321 142088.9377749544
322 142411.1896713488
323 143247.6312686744
326 143565.6606944696
328 144514.3192339670
329 144749.4793773592
331 144841.1459114038
333 145620.0048628753
334 146349.2476187153
336 147200.5102787038
337 147915.5772657323
338 148100.4009392749
340 148552.0329656205
341 149118.8142530162
342 149621.6022126116
344 149723.9598987922
345 150101.1038910778
346 150298.7690639002
347 151038.4834714760
348 151684.7854980772
349 151824.6721460375
350 152090.8481974294
351 152138.4236209325
352 152572.6181079455
353 153080.4905241540
354 153937.4210693927
355 154800.4069942077
356 154973.0352677228
358 155358.4352188341
359 155425.1684906355
361 155457.2087957597
363 155853.2773925852
365 156202.4265929246
366 156308.6268519475
367 156735.9983834691
369 157496.8375809706
370 158051.1241993748
371 158468.0320971984
372 158623.8110284283
374 158663.7547914748
375 159282.3836730563
377 159851.1651088312
378 160096.1458423330
379 160186.3811122098
380 160705.5083678763
382 160725.8509747795
383 161429.6542675416
385 161453.5647658912
386 162289.1865457778
387 162588.2953715360
389 163442.1752881362
390 163574.1093693521
391 163882.3915667947
392 164267.7361649302
393 164562.2823378720
395 164767.4293018243
396 164854.3133016804
397 165704.1471780730
398 166053.5182099352
399 166415.2632456558
401 167149.9278729044
402 167578.7917310267
404 168390.7613936302
406 168729.5583486517
407 169400.8993957408
408 170383.3235053271
409 171030.2988521570
410 171314.2562992880
411 172193.4251385580
415 172644.3349521489
416 172950.3249185520
417 173436.7452586907
418 173533.3717325896
419 174441.5137385803
420 175286.6812144249
421 175759.0511915368
422 175903.8753799926
423 176354.3005901180
425 176873.5583609291
426 177838.2030815827
427 178212.6340333059
428 179192.1700056688
429 180130.5114450849
430 180825.2363708549
431 181417.6731695724
432 181746.0781814269
434 182286.0922177636
437 182867.1265837406
439 182914.8267078981
441 183178.2297024171
442 183405.4610728219
443 184169.4680214349
444 185083.7003342097
445 185492.2041376686
446 185638.4439875801
448 186180.3396596724
450 186651.2942461466
451 187402.7711705153
452 187716.3522288999
454 188131.1400928730
455 188441.8093987677
456 188485.8291125975
457 188536.2998727965
459 189514.5737513764
460 190278.6190620763
462 190407.1052084345
464 190759.2115202988
465 191083.9577137362
466 191362.4593440192
469 192076.4514577868
470 192794.8752757913
471 193069.5157697664
472 193558.6464492058
473 193624.1965444561
474 193694.2057921082
476 194344.2554730936
478 195072.0143805390
479 195206.0435368235
480 195900.4613644795
481 196168.3807818977
482 196981.1421239079
483 197084.3118172073
484 197332.0155984573
485 197591.3826647474
486 198466.3167190998
489 198730.8908977730
491 199544.5936521057
492 200031.5937215904
494 200848.3701129119
496 201528.6684604405
499 201921.8304952664
500 202173.5492773122
501 202791.7334753616
502 203103.5560153963
505 203839.2216144538
506 204450.2689742775
507 204691.3195396253
510 205177.7600588803
512 205451.4018208308
513 205982.8743603363
514 206440.1613087031
515 206717.1166114628
516 207054.1219311811
517 207221.1019153567
518 207685.3563152836
519 207976.4984957532
520 208700.8981015296
521 209024.0516233805
525 209582.6212019994
526 210084.3045729276
527 210505.0690812930
528 210709.9370273444
529 211435.8671597913
530 211546.9958916799
531 211872.5045923749
532 212669.9418995396
533 213122.0501694706
535 213671.3702312776
537 214134.5626501798
538 214548.6896302762
539 214827.1027751361
540 215310.7699419580
541 215573.8395712849
542 215735.0338742491
543 216499.6961336146
544 217312.7507683472
545 217617.2609134398
546 217977.5446271940
548 218092.2551631472
549 218797.3390853471
550 219534.2888879897
551 220245.2991804026
552 220591.0186603515
554 221261.7109054582
555 221874.2402378908
556 221920.3105627344
557 222608.8644826604
558 222663.8238511856
559 222865.4742226381
560 223357.2938641671
561 223648.1009640938
562 224233.6974665105
565 224668.5100217768
566 225416.2683858176
567 225445.3363405686
568 225896.0191382167
569 225909.3416268369
571 226598.5546685610
572 227578.8901877353
574 228558.9218118423
575 229429.2283508657
577 230335.9863209993
578 230626.7350688353
580 230838.4231241703
581 230869.7158404903
582 231580.8348673574
583 232066.7410389374
584 232391.2397277611
585 232953.5531867684
587 233836.0461931486
588 234215.9755357741
589 235070.3567191006
590 235589.6756093273
591 235772.2616227805
594 236461.8472833086
595 237133.0750220303
596 237177.2161358835
597 238141.6512010715
600 238950.1164793440
601 239757.3182602884
606 240275.7167675882
608 240592.8826881014
609 240697.2763263970
610 241407.1012650123
612 242074.8782396565
613 242749.8907588322
615 242802.7161664364
616 243427.7970755911
617 243779.2797654423
618 244066.2489038566
620 244688.8527983775
621 245597.6959507123
623 246046.7874422717
626 246110.9507095397
629 246322.1542838017
630 246422.3207296886
631 247372.9009403647
632 247479.3223385199
633 247596.5623259350
634 248520.3337525882
636 248873.8429622521
637 249639.6024439009
639 249784.3144775584
642 250135.0138746598
643 250401.5567126801
644 250529.4960470766
646 250692.2030644118
650 251063.2963504911
651 251469.5304336741
652 251611.8515845135
653 252558.6166412649
657 253470.7492464616
658 254211.3165586094
661 255000.3596963549
662 255115.4695836426
664 255422.9214830897
667 255682.4075078424
669 256518.2984246793
670 257448.6137766002
672 258405.5241741447
673 258565.2683989573
674 259321.0706093856
677 260095.9579085412
678 260357.8318854428
680 260505.4925405504
681 260975.1145247791
683 261646.2206763383
684 261721.1414675328
685 262257.4578791496
686 262442.9831489554
688 262728.6336427999
691 262822.9110745803
692 263719.4249699398
693 263946.2385174442
696 264274.7563935750
697 264797.5088523070
699 265272.8431324961
700 265813.1722660260
701 266733.3678921319
702 267270.3232290933
703 267720.1777950649
710 268010.0913619065
716 268651.8064408907
717 269356.6751823251
721 269849.4649165061
722 270287.5717531652
723 270402.7205464008
725 271001.0807372631
731 271660.5265140515
732 272029.6782237795
737 272074.2906338895
739 272972.4823625712
740 273067.4915024897
742 273305.3283511034
743 273566.1451787665
744 273796.1485286348
746 274729.1704732557
748 275584.3364062187
749 276319.4807291247
757 276418.4660564316
759 276611.8839280498
760 276744.9974670641
761 277498.7455737776
762 277587.4299507209
763 278122.5161106770
764 278356.4551204537
766 279203.3656533104
769 280010.7022355841
770 280926.6690890298
773 281572.7570573339
776 281705.4192797662
780 282111.7055286274
785 282538.9858216174
786 282966.6648915483
789 283289.1229439344
790 283558.9637204843
791 284104.6474302391
795 284192.8635114859
797 284386.6887777340
798 284742.4128634749
800 285099.6039427402
801 285457.3901571265
802 285897.4797706724
810 286806.7183882589
811 287627.1270891817
812 287937.7687539157
813 288434.7534163661
816 289162.2084818563
817 289684.9990877248
820 289882.5104325992
822 290825.8089502356
823 291093.5019426892
826 291957.1612403687
827 292816.8024719310
830 293150.8439846886
832 294087.9474383228
834 294418.1341632230
835 294680.3247750347
836 295281.9298533463
837 295741.1948958403
838 296617.8994387074
839 297004.3204808984
840 297210.2661487788
841 297425.1520851597
844 298011.0371705984
845 298702.4544836952
848 299177.6235892937
851 299309.6112499252
852 299320.9870435101
853 299377.0309955190
855 300015.3400813074
857 300086.1486399531
860 300383.8096469087
861 301157.6389393544
865 301902.9274409440
1174 301906.2057095300
1175 302666.7705133887
1199 302672.1289499862
1200 303470.4839698214
1238 303489.8562976177
1241 304196.7979193748
1248 304198.6954359583
1250 304844.7369733637
1314 304862.0261079974
1320 305029.0733164069
1709 305049.3827942815
1711 305118.7306367407
1851 305158.4966868681
1852 305173.3584415136
2030 305181.4463864813
2031 305672.4873667062
2366 305674.6037093010
2369 305844.1383739428
2383 305863.3088492820
2386 306244.9038364705
5594 306271.9359333534
5600 306415.2389564516
100000 305638.2446087279
evaluations raw_y
1 -2270.2257070565
2 -1815.7157951212
3 -1453.8703599267
4 -1308.5552530218
5 -601.7236919712
6 353.1518967772
7 948.1016105034
8 1077.3800516924
9 1957.5944905532
10 2164.7175246747
11 2527.2954607664
12 3111.5708106333
13 3432.5094289024
14 3830.1097151552
15 4822.6049809670
16 4855.2977739378
17 5424.9664128076
18 6306.8512098310
19 6942.9348821658
20 7559.6574656687
21 7861.5676485901
22 8520.3996631781
23 9428.5296321021
24 9476.3878153653
25 9951.8163404398
26 10672.0464406309
27 11523.3429893260
28 11635.8828428746
29 11973.4854609856
30 12777.8961991947
31 12842.7395058457
32 13048.5083580781
33 13322.1863873736
34 14041.4731146912
35 14650.6453846705
36 15080.0026154882
37 15491.6600058691
38 15563.7444156718
39 16557.0620013857
40 17221.0345246413
41 17549.4187435941
42 17740.3296423745
43 18432.5925247673
44 19255.0216769445
45 20137.5399497544
46 20615.1881156253
47 20674.9464522702
49 21259.8601567641
50 21367.0675765267
51 22207.9284518231
52 22716.6028880034
53 23208.2540481744
54 23370.2717996310
55 23862.2740103505
56 24159.0335413912
57 25027.8199387795
58 25580.1372567349
59 26544.4541770374
60 27182.9416585964
61 27270.4184482630
62 28203.5243241423
63 29142.2319677368
64 29705.0143634607
65 30690.2823751569
66 30693.0443138415
68 31072.7587297684
69 31707.7439366583
70 31824.9886199694
71 32766.0159185999
72 33071.7018433023
73 33608.9049068936
74 34026.3024971313
75 34587.4344164502
76 34643.5220825167
77 34905.8833067882
78 35618.1084007030
79 36143.7799302900
80 36670.2698483227
81 36674.0885127296
82 36732.0013748463
83 37610.7049270616
84 37915.5340121106
85 38117.3914935367
86 38850.1630264799
87 38999.9243443464
88 39731.2148606798
89 40664.9285351165
90 41550.4903945772
91 42099.3333659265
92 42779.5685637850
93 43336.5909281268
94 43684.5461342250
95 44257.5121656224
96 45089.0616522710
97 45953.3752024690
98 46073.1052155353
99 46130.8566642176
100 46469.6968315418
101 47123.5030709030
102 47481.6148007182
103 47849.8773236809
104 48434.3892114487
105 49124.4210708399
106 50021.9615087507
108 50409.8682082752
109 50513.5528638315
110 51374.0630582642
111 51515.5390127562
112 51899.9742972834
113 52189.5131919711
114 52260.9833789632
116 52370.1691361700
117 53185.4401373847
118 53561.3194555170
119 53971.0769069421
120 54460.6044210279
121 55131.7478606520
122 55289.6700051865
123 55651.9964541364
124 56191.1920369747
125 57124.2423305542
126 57186.8162271117
127 57869.9131241618
128 58444.5814253587
129 59077.5340132924
130 59466.0212536101
131 60049.5971538998
132 60255.6774955956
133 60278.3403013504
134 60568.9441192397
135 61251.8920636752
136 61696.6415411906
137 62334.9137727542
138 63055.8750617626
139 63454.5427462316
140 63476.9849219749
141 63664.6494281748
142 63916.7940096098
143 64412.0835523204
144 64878.8775620599
145 65325.0609684289
146 65713.2537661520
147 66484.2231269601
149 67474.7978351236
150 68007.9557419834
151 68692.8838752536
152 69390.9220116762
153 69815.7481405866
154 70084.7464373235
155 70732.6983770019
156 71200.6607857449
157 71742.7743507121
160 72010.8648394104
161 72918.3445196285
162 73595.3001401784
163 73703.1279329165
164 74057.0175823780
165 74726.8542050078
166 75539.5336671609
167 76159.0838409765
168 76263.6131877942
171 77204.7908402577
172 77981.5268977776
173 78053.0756164915
174 78412.5516173047
175 78650.1570097271
176 78802.6714843156
177 78829.8610792624
178 79482.3622697641
179 80352.5058716078
180 80847.3175220430
182 81199.6014975473
183 81642.7279934589
184 82192.7623897359
185 82258.5787413467
186 82746.4098231972
188 83494.2052631561
189 83961.5848426128
190 84912.9702957292
192 85044.7828690521
193 85417.5277449869
194 86093.2372945357
195 86772.2085366498
196 86922.1749127000
197 87777.4572202707
198 88032.4109637088
199 88251.6722567086
200 88496.0093796582
201 88892.4806585916
202 89368.5518001181
203 89646.9571631213
204 90129.8385794295
205 90462.2492671472
206 91094.3687337330
207 91935.7061580531
208 91976.1326062124
209 92084.1461900347
211 92316.9670469255
212 93090.3248282904
213 93594.4603320177
214 93693.1510542982
215 93743.0917736887
216 94678.3771343489
218 95362.9606028000
219 95389.0563206510
220 96172.9241780318
221 97059.0988086013
222 97476.5878395076
223 97760.7204994516
224 98504.5109830203
225 99056.2973783589
226 99198.6114749650
227 99972.1452392850
228 99984.4984523564
229 100691.5291115397
230 100697.5677054190
231 101345.3179086891
232 102268.2091647697
234 102289.5756329082
235 102334.7376256696
236 102873.5755896720
237 103169.9238653815
239 104107.9212051554
241 104730.4378734291
242 105377.4640795052
243 105776.0118030284
244 106417.5441922731
245 106835.2261139290
246 107745.3653528185
247 108484.7816100432
248 108754.6550726404
249 109566.5683925923
251 110418.4522682088
252 110627.6249436259
253 111616.2905898922
254 112524.0289575325
255 113261.2103785360
256 114040.1594179103
257 114890.7131328682
259 115822.7966403807
261 116705.8477708466
262 116876.1450513648
263 117612.3684492604
264 118496.9863751793
265 118779.4126925734
266 119035.5583319307
267 119505.9556898037
268 119685.0848932341
270 120523.5393848088
271 121325.6590870070
272 121476.3495686906
273 121665.3801219340
274 121673.0664093164
275 122423.7212509040
276 122974.8110449142
277 123671.9373738658
278 123992.4418185208
279 124324.0399453538
280 124553.4347243179
281 124553.5979126764
282 125046.9498913788
284 125582.3390081601
285 125781.9628855540
286 125970.6676241622
287 126939.7609259249
289 127612.5205447302
290 127711.3473760226
291 128092.9283533803
292 128850.8023914627
293 129657.3942561947
294 130157.4136219565
295 130943.9027299764
296 131705.1052848374
297 132072.7867820072
298 132222.5650834237
299 132318.2698468651
300 133067.6634460495
301 133614.5990038619
302 134286.6898459810
303 134323.0327026490
304 134504.0389753727
305 135441.4716318148
306 136047.9820570659
307 136310.1525578587
308 136764.7116992405
309 137605.2615209756
310 137681.7226174529
311 138232.6470640815
312 138849.0866466462
313 138927.3027964255
314 139219.5075218262
315 140151.0224952064
316 141032.2609624043
317 141347.9118147657
318 141700.0457876786
319 142386.0879921537
320 142820.1711894072
323 143104.8255517007
324 143714.4687671811
325 143887.5020745231
326 143975.0369459589
327 144458.3791847606
328 145199.7990007369
329 145591.3356305723
330 145731.2821647933
331 146080.7130898393
332 146136.4466419972
333 146931.8171391593
335 147065.2897442724
336 147136.2145997233
338 147953.5761437523
339 148580.8556564616
340 148691.2368096807
341 148858.5900937622
342 149433.6856224234
343 149518.0045394425
345 150110.3933351182
347 150979.7081108295
348 151170.8209560983
349 151788.0569838503
351 152588.3305190386
352 153448.9972356305
355 154392.7208694029
358 154547.3602694888
359 155285.6640484715
360 155481.3520876970
361 155703.6685778652
362 155834.9296520860
363 156375.0197327655
364 157332.3488145062
365 157427.3287610938
366 158162.1689048264
367 158578.5797868771
368 159171.7417438102
369 160162.9786222270
370 160235.4851039418
371 161176.0004002323
372 161363.8669123111
373 161411.6182332164
375 161819.8035566726
376 162003.3158402548
378 162140.9711788831
380 162686.2703998369
381 163190.9452223596
382 163462.8413210329
384 163685.1566070777
385 163960.4767291143
387 164578.5879005913
389 165135.5567409977
390 165831.1480483830
391 165966.2835094662
392 166745.2618533555
393 167048.9109616860
395 167595.2093099937
397 168308.5141539496
398 168398.3943818506
399 169030.3247152090
401 169796.1398189146
402 170176.3495694324
403 170587.4078866661
404 170703.1918304523
405 171164.2047008218
407 172148.9420176552
410 172468.7048184271
411 172991.4896845770
412 173854.5516661437
413 174160.5006036920
414 174348.9989635290
415 174890.7982830843
416 175165.1458098252
419 175485.4006503595
420 175795.9040325926
423 176242.7566417975
424 176590.0044218762
425 177363.4406646962
426 177605.5551393735
427 178470.1349492432
428 179022.1229243045
429 179700.0032544445
430 179818.4826749876
433 180793.4170588194
434 181558.3066143802
435 181571.2360747041
436 182326.2208266923
437 182392.4469241122
438 182608.3790097779
439 183085.4297234285
440 183392.5223555207
441 183638.4147673112
442 184249.4516373655
443 184968.3544561116
444 185304.6898971075
445 185583.4509056282
447 185885.4303150434
449 186735.5768750140
450 186979.9536395970
451 186996.0186887835
453 187081.9169254020
454 187804.4173680065
455 188421.4853388498
457 189341.5994477192
458 190056.7489312865
460 190717.1887980240
461 191387.2518531949
462 192200.5516450336
463 192476.3115097765
464 192786.7489870195
465 193309.8095884115
468 194186.1558419214
472 194399.3966040923
473 195346.0491486924
476 195587.4235062672
478 195628.1063556591
479 196572.5010446483
481 196700.6013051678
482 196765.0365508165
483 197001.5293144255
484 197690.8830276907
485 198570.3878446933
486 199350.2976790301
488 200028.1208918221
489 200125.9909344387
490 200239.2913450100
491 201082.8247347312
492 201697.0984377237
494 202549.0831142087
495 202798.5445516835
496 203106.6408647668
497 203823.3999211905
498 204166.9598314401
501 205059.0066853132
502 205777.3266395027
503 206070.0026073780
504 206491.2141177674
505 206944.0022945192
506 207810.6165674682
507 208727.7606115866
508 209601.7624732148
509 209865.6732654069
510 210366.0364939473
512 210606.9470057074
513 210884.0573940802
516 211291.3892634868
517 211994.1281698695
518 212872.7549645327
519 213402.8895167016
520 214200.4643868296
521 214537.0589248793
524 214917.3609684498
526 215006.4684073852
529 215522.5734988495
531 215929.0871556540
532 216451.0431522595
533 216938.6111336002
535 217149.7468223305
537 218023.1760201404
538 218258.7086770759
542 218500.3208773072
543 219083.7799418324
544 219772.8688170031
545 219955.0448795503
547 220526.2061231679
550 221403.2881202729
552 222039.8061110893
553 222145.6401810857
555 222176.0854816674
556 222418.0260023631
558 222980.2526465354
559 223229.1699957847
560 223238.5313411664
561 223949.7135616316
562 224097.8085663606
565 225064.0121274880
566 225929.8281370538
568 226481.7931234159
569 226979.2962725150
571 227720.8450561617
572 228496.4082878815
573 229358.9962170914
574 230197.6267654929
576 231095.2631797662
577 232088.8522212204
578 232593.9470121320
580 232905.6379657989
584 233441.0420450606
585 233663.2104586459
586 234068.2733428176
587 234904.4814194417
588 235354.9559505387
590 235648.8255667530
592 236055.1472910715
594 236198.4931609035
595 236217.4483409588
596 236697.5358392648
598 237249.5139851272
599 237731.2189517339
600 237934.4276074391
601 238014.6932149822
602 238042.7139589386
605 238689.7870230228
606 238732.9867344283
608 239378.3066927283
610 240351.2162824989
612 240695.0645961640
613 240748.6833990954
614 240951.8920754191
619 241665.0783224338
620 241820.3550176001
624 242753.2272975880
625 243108.6174991224
626 244012.6918707320
627 244354.4988667278
628 244571.7285987696
631 244572.1636199229
632 245242.8116430191
635 245997.1756733547
640 246111.4789586244
641 247019.7727881463
646 247208.7798234199
648 248061.8415492852
649 248345.2355136719
650 248705.0051797927
653 248875.4479366740
654 249338.0010711003
655 250013.5962605781
656 250282.5530725851
659 251157.3619259363
660 251281.5398485653
661 252150.9624405309
662 252627.7327015418
664 253016.2101162744
665 253754.1339897643
668 254493.5921065893
669 255000.0212552079
671 255845.9432972235
673 256336.8064895067
675 257164.9458190936
676 257473.5379108866
677 257849.9723839870
681 258070.2239887363
685 258414.6729742668
686 258552.7741064717
688 259098.3199632135
689 259384.0558841258
691 259628.8624508994
693 260299.2169413512
694 260629.2071318656
697 260850.6705370327
698 261560.3755287804
699 262075.1174545837
700 262956.5116077039
703 263915.8730512705
704 264449.5765557160
706 264578.4304331080
708 265091.7656198076
709 265861.1532078675
710 266809.3071050898
713 266945.0624508615
715 266978.5743185504
716 267386.0276179462
718 268077.5047126547
719 268201.7316631374
721 268639.7401658489
725 269317.5113158107
727 269396.9029696701
728 269970.9182822851
729 270083.2284888637
730 271044.3916355650
732 271486.9567266759
734 272348.4289074453
735 273306.1198912841
736 273625.8917388080
738 273684.0143205038
739 273943.0130635992
741 274230.5238447475
742 274643.7506266180
743 274955.6131543302
745 275670.6588295727
746 276359.6222231386
748 276945.4172885509
749 277568.9538133407
750 277604.6018308736
751 278288.9493929286
752 278895.5132143328
753 279862.9614336906
754 280609.4412708901
755 281557.5145638016
756 282235.9088280216
757 282794.1540498935
758 283645.1486737906
759 284397.0770066379
760 285051.0882151372
761 285721.8468331247
762 285988.0862426145
764 286780.1042157344
765 287250.1241073028
766 287683.3207151108
767 288226.5824840353
768 288238.8601465768
769 288665.5893815288
773 288953.9841527966
775 289843.9350626288
776 290155.9106685063
777 290563.1949515555
778 290904.6795954431
779 290943.4734642882
782 291915.9738222616
783 292382.9461788285
785 293175.3680272399
788 293716.4543073341
789 294035.2973233502
791 294879.1625259825
794 295044.5471065580
796 295534.9472828092
797 295665.3733036887
798 295882.2431928233
799 296284.2090137003
800 297068.9247789860
801 297648.4766497602
802 298276.8045194701
804 298978.1166011258
805 299862.7880052847
806 300254.1709121693
807 300299.5686917161
808 300839.2034880764
809 301589.1083387444
813 302106.9475273829
814 302764.6430310177
815 303397.9671504713
816 303591.4097197608
817 303724.5580899603
818 303984.1240999629
820 304205.7913359210
823 305108.0162555347
824 305451.8161675589
825 306360.5992287455
938 306370.7097786356
939 307096.6584900883
984 307106.0569736113
985 307236.6412690972
991 307249.4644554553
992 307271.9226326415
1138 307274.9334244488
1139 307795.5163689295
1195 307807.7724370535
1197 308429.1648988105
1278 308460.7276194827
1280 309140.0025218889
1479 309158.7113562368
1480 310088.7758309498
1999 310105.8029926188
2002 310783.3370732251
2100 310803.3930122688
2102 310821.3479323316
2650 310830.3914233618
2652 311284.6307040400
2754 311299.0347165638
2757 311785.3194834735
3381 311808.3012184656
3382 312281.3084761619
5984 312315.5073269384
5985 313227.5847779738
9400 313262.6433763527
9401 314033.3885501762
100000 314020.2053943652
evaluations raw_y
1 -2716.6293770979
2 -2694.0051570924
3 -1707.7523618212
4 -1068.9789699126
5 -320.0357805315
6 -14.0546419398
7 571.3358802808
8 1394.0704162309
9 1495.7060106942
10 1619.6208161686
11 2384.8833081536
12 2434.6608421586
13 2841.2051177076
14 3228.2860653280
15 3762.3508006650
16 4578.5114127676
17 4888.5028484274
18 5551.4068249942
19 6050.8924859587
20 7029.1521682987
21 7883.6969404644
22 8797.5316115425
23 9416.6739108480
24 9810.8243669308
25 10572.8660035752
26 10924.6007244615
27 11593.6302319991
28 11904.8410214029
29 12054.7811151670
30 12754.0033505120
31 13054.7214059525
32 13539.0704037994
33 13888.9254734666
34 14167.8471734058
35 14920.1097860280
36 15428.0798855474
37 15709.2165189573
38 16577.2922235479
39 17274.0673410173
40 17425.0690170979
41 17513.2017520882
43 17964.0735450558
44 18045.0747462108
45 18863.9288307133
46 19742.8004323080
47 19765.4872987330
48 20266.0368007327
49 20590.7788550076
50 20823.6712255771
51 21356.8615252808
52 22101.3274097836
53 22376.5823003519
54 23084.8861287872
55 23642.1257636401
57 23809.9452523218
58 24016.9135105450
59 24332.2966743167
60 24720.2163149862
61 24819.7772597251
62 24991.4185140565
63 25906.6378025761
64 26119.3782306189
65 26240.6689520266
67 26293.0176902374
68 26584.2723591177
69 27417.2014366630
70 27924.9921424397
71 28236.1222599489
72 28764.6992712895
73 29716.3010053408
74 29848.8815685816
75 29877.3726960825
76 29985.6850068176
77 30022.6968122478
78 30058.0947259776
79 30404.9512275177
80 30856.8000747802
81 31390.8243589701
82 32365.8882250604
83 32820.6034226018
84 32853.2339063262
85 32915.0369502470
86 33238.1763199046
87 34047.4045953787
88 34663.7599020925
89 34772.0326449407
90 35540.8235451829
91 35585.2184057099
92 36258.6041259720
93 36286.2338380644
94 36561.9109862425
95 37551.6437778491
96 38043.0495966218
97 38308.8719786936
98 38899.0175278729
99 39878.1952986995
100 39964.1894463344
101 40302.9558446548
102 40994.9565561662
103 41873.2801335031
104 42780.8388547864
105 43714.5090070306
106 43983.6711983078
107 44420.1254084487
108 44895.0693402954
109 44895.4450531429
110 45461.1995997516
111 45911.1052134237
112 46393.8221556266
113 46599.1574746951
114 46982.3652422673
115 47598.1648496674
116 47862.9467397012
117 48061.2731555426
118 48475.3637512830
119 48552.2333216967
120 49078.4262766261
121 49442.6997535557
122 49926.1538372478
123 50417.9598525245
124 51388.5348645007
125 52133.2778791541
126 52818.3307060154
128 53703.8444768797
131 54240.9187505361
133 54446.1627738934
134 55030.0262876409
135 55396.4424102764
136 55508.3026710478
138 56441.4503331077
139 57014.2568027680
140 57412.5272607500
141 58031.1292577441
142 58909.3789150742
143 59875.1477536134
144 60539.4068649200
145 60780.6716143014
146 60984.0866501913
147 61227.6886144014
148 61433.9253864280
149 61635.3476987259
150 62490.9382446658
151 63036.2600702910
153 63993.1946440449
154 64724.3558563563
155 65209.6249893094
156 65318.4645075692
157 65874.2361486693
158 65927.2937253486
159 66397.6507268537
160 66475.6582833084
161 67018.0237342300
162 67416.4325888908
164 68254.7807324903
165 68720.7867554862
166 69494.7914784406
167 69676.6956450215
168 69866.7256364144
169 70342.2648352925
170 71236.2062469931
171 72161.1133707677
174 72791.3391666740
175 73393.2100364133
176 74289.1867578107
177 75234.7026332293
178 75820.7473430701
179 76113.5243337663
180 76926.3522149706
181 77287.5428433438
183 77300.2403262171
184 77443.0508880382
185 78100.8571411016
186 78189.3285951445
187 78241.7869537357
188 78895.6036373580
189 79572.1181299683
190 79773.4162974616
191 79884.4845647270
192 79911.4978996641
193 80821.2092001178
195 80969.5785467995
196 81601.3067896358
197 82125.7722678407
198 82944.6841774608
199 83732.8290657303
200 83931.6605228615
202 84726.1883685223
203 85093.2120325479
204 85933.1597346943
205 86256.5616455930
206 86929.3858122165
207 87841.0188937934
210 88078.2428344302
211 88433.4886977242
212 89346.5718899553
214 89405.0091593391
215 89646.7532930335
216 89997.0467204067
217 90293.1624342781
218 91094.8120099206
221 92085.5947209144
222 92623.0711348704
224 93328.0198648043
225 93393.6087671374
226 93719.9968635545
228 94660.8801855098
229 95512.3987096079
231 95733.1388464662
232 96150.4438913737
234 96677.2113032555
235 97359.6042521355
236 97698.8601419909
237 97898.7348090748
238 98814.8598973628
239 99552.6721773537
240 100352.4369222829
241 100653.5174564978
242 101000.2325555369
244 101052.7756898669
245 101362.9394354685
246 101452.4426030706
248 101812.7833441236
249 102406.4157906157
251 103284.7458830075
252 103344.4530721782
253 103674.1867996893
254 104453.5504038074
255 104510.2691445622
256 105376.6646458225
259 105494.1247124911
260 105859.9298457750
261 106138.2348495134
262 106305.4012202367
263 107002.6954866076
264 107595.7679995567
265 108533.7151461989
266 108810.6575428306
267 109750.2709580677
268 109992.1698370068
269 110235.7993755706
270 111101.0388594720
271 111386.3554026446
272 112237.1891360043
273 112953.9490870066
274 113519.2592439232
276 113581.0824501468
277 114203.1832389773
279 114411.8523785785
280 115254.7946803412
281 115478.0129281920
282 116235.4108021101
284 116784.2754130182
285 117713.2983705685
286 117899.8582535505
287 118638.8478750711
288 118956.2673985942
289 119648.2242088185
290 120506.0712681057
291 121014.2122683490
293 121489.7305604087
294 122456.9182547201
295 122514.2226131828
296 122571.2442327497
297 123073.7438191275
298 123597.8270476905
299 124586.3090053658
300 124635.6922762253
301 124728.9084180083
302 124823.8753693937
303 125691.8726636670
305 125811.6150316975
306 126004.7302676718
307 126024.8499082644
309 126173.5652482731
310 126511.9515395196
311 126990.8056264731
312 127469.6109984134
313 128102.2846892818
317 128956.7457154947
318 129314.7877800048
319 129613.9814515444
321 130267.6986202931
322 130942.2137973004
323 131762.1948587273
324 132630.4802557221
325 133047.2725896350
326 133145.2513635101
327 133893.5552050545
328 134346.4334210443
329 135186.8591944539
330 135440.1196805191
331 135485.0450906910
332 135824.4660185429
333 136777.7716790425
334 137043.7221804718
335 137471.6876699001
336 137813.3279394369
337 137976.2245523997
338 138936.4802760717
339 139867.0019301869
340 140085.3716158175
341 140696.7754253043
342 140854.9279524308
343 141657.0775894609
344 142351.1696830907
345 142536.5716275023
346 142909.2573474159
347 142937.9389612722
350 143386.9810414696
351 143656.0545092702
353 144352.4041777488
354 145071.7446003575
355 145562.7639573245
356 145903.0291488423
357 146055.5057138372
361 146701.2953520373
362 146857.4026448182
363 146965.2937068503
365 147753.1683355815
366 148422.0085797696
368 149211.5045626772
369 149546.3959240762
372 150469.1090226722
373 150538.3624259529
374 150804.9492652578
375 151479.6027454523
378 152034.7910372572
379 152890.4171484940
380 153621.1800746566
381 154511.2352162720
383 154848.2989480496
384 155812.3683977665
386 155902.7380482270
387 156433.0694381234
390 157192.8649681320
391 157886.6649504844
392 158078.9254538888
393 158955.9117599720
394 159837.5712143356
396 160831.2945478204
397 161712.8914284830
398 162318.2468256040
399 162643.4263453123
400 163431.3594656794
401 163626.5911443992
402 163924.0380011524
403 164582.4295740545
404 165151.8713220435
405 165536.9910428314
406 165739.3986804386
407 165974.0451578182
408 166087.3775061732
410 166320.0083788967
411 166887.7040142464
412 167793.4808710627
414 168629.0139171070
415 168848.2251324873
416 169626.5578140608
417 170308.5509441379
418 171023.1895245808
419 171902.4225987991
420 172401.2276168380
422 173370.2800913287
424 174041.8053749020
425 174725.1153759524
426 174947.4525092299
427 175877.8125150521
429 176008.8287493632
432 176509.8651266160
434 177292.9189826474
436 177814.6507839052
437 177998.7879142781
438 178590.6708838298
439 179313.1970392936
440 179836.0217436497
441 180636.0039366714
442 180744.8829963090
443 181310.5694658954
444 181977.7038312186
445 182393.6734020203
447 182542.7412717430
448 182823.3185992599
449 183142.6664741035
450 183154.5702029188
451 183294.8877177248
452 183953.1483982961
453 184311.9978296976
454 185113.7871270450
456 185935.2897437290
459 186089.3782268368
463 186202.2616462371
464 186452.1991770876
465 186874.5158312762
466 187524.1799965901
469 188054.1937176601
471 188277.1734897220
472 188894.6076405216
474 188901.9588977780
475 189833.8276537608
476 190054.7121626300
477 190270.3159617469
479 191230.2551114126
480 192110.2326561370
482 192758.4284149632
483 193259.3781236746
484 193661.2285859258
485 194238.4372944683
487 195125.3361087324
488 195939.1243659490
489 195982.7140331294
490 196763.7955919587
493 197309.4499451701
495 197760.0376424739
498 197803.0263299419
499 198669.3569065980
500 199652.0592620196
501 199698.1746501914
502 200565.5026238005
504 200980.5951893379
506 201332.0697959083
507 201520.4239048874
508 202324.0279831476
509 202864.5026258730
510 203105.4893528977
511 204046.9656053689
513 204785.5342903161
514 205551.6081635470
515 205896.5882082916
516 206623.7400062120
517 207184.8606405952
518 207544.3532714363
519 207656.0813113786
521 208496.8432084025
522 209192.9386123515
523 210028.7090950723
524 210959.2738769455
525 211445.5078809632
528 211910.2584130728
529 212091.2954534544
530 212671.2154419915
531 213480.7208946549
534 214440.3758253749
536 215216.5831283061
537 216151.2153372905
538 216637.2846807754
539 216842.2449546002
540 217607.7492401711
542 217820.8613626506
543 218666.4720791695
544 218777.8758023208
545 219202.0547000962
547 219811.4177451003
549 220466.2425887914
550 221102.5217107247
551 221475.8751602233
552 221748.6020377060
553 221950.4790405837
554 222807.0496375548
556 223354.5412665051
557 223747.8098548334
558 224287.1592170337
560 224763.7674185929
561 225501.6074558815
563 226168.5301711243
565 226386.3487664534
567 227189.3691088302
568 228062.5528777077
569 228692.9210999241
570 229037.7793137686
571 229811.8133859263
573 230452.5361197017
574 230894.3375932105
577 231439.0828733596
580 231441.6208178684
581 231455.5081044538
582 232170.6627182337
584 233018.1723419546
585 233294.7826262623
587 234125.4130110539
588 234217.0160992433
589 234864.5348373909
590 235531.7477184139
591 236243.1774470735
594 236345.9948154370
595 237208.7273624694
596 237985.4698019828
597 238980.0875713891
598 239111.0372148130
599 239296.1733893022
600 239581.9441585439
601 239788.0326641403
602 240052.6051039054
603 240323.0947116755
604 241171.7223710068
605 241314.9457381990
607 241986.6451770204
609 242298.5576756319
610 242945.0255779258
612 242998.0313146653
614 243784.8314650593
615 244562.9320946277
620 245043.4816265109
621 245492.5491859663
622 245913.1566768623
629 246041.6684804856
630 246817.3632914358
632 247772.0197201822
633 248737.3591368994
634 249720.0522763564
635 250537.8406756860
637 251376.9320500099
638 251644.2118461554
639 251684.4890264601
640 252235.7814376274
642 253161.8041306806
645 253597.8544059300
646 253775.2886785622
647 254034.0541166165
648 254653.4643324898
649 255408.0458115127
650 255458.3756993403
651 255732.2068261537
652 256529.5630951699
653 256626.8493641838
655 257051.4277965932
656 257366.1485102725
657 258350.2886893280
658 258966.6261049923
659 259100.0681783052
660 260005.8303622991
662 260246.8833496404
663 260312.6206489432
664 260850.7497242844
665 261423.2065429091
667 262354.5956695103
669 262591.2145425060
671 262804.7067514724
672 263273.7114923488
674 264129.6272582376
676 264809.5377205067
678 265018.9769309480
682 265301.1062862839
683 266137.1494318288
685 266617.7367167544
687 266818.2722066244
688 266826.8136593807
689 267119.6446726090
690 268038.4341195042
692 268410.6060465354
696 268750.5389493352
701 268837.2310976986
703 268902.9629386252
705 269824.9243565986
706 270632.5183262326
709 271153.5549042948
710 272003.5020303578
711 272611.5751861668
713 272876.5195863277
714 273187.0535834763
716 273811.6520769972
718 274006.7968421350
721 274021.0273814570
722 274911.2871820666
723 275122.5307775349
725 275520.3351085632
726 275678.4303272961
727 276384.0897096085
728 277087.2534182909
730 277089.4716923080
731 277791.9434659060
733 278353.6531098533
735 278740.1934387909
736 279080.9525816989
737 279206.1404125574
739 279502.9386170345
740 280373.9085399174
741 281064.0945174376
743 281302.7734129444
744 281847.9519526940
745 282319.5780463202
747 282412.1395484441
750 282838.8405186954
751 283369.1330164193
752 284165.6015621194
756 284201.2805519573
757 284253.3955099722
759 284655.6425738463
762 285411.1554978309
764 285799.4203923169
768 285820.8448210647
770 286670.6191700322
771 286900.6451767892
773 287802.5489686595
779 288410.9764858797
781 289143.7723595146
783 289762.9441165718
784 290558.2054757799
785 290573.9532698989
786 291048.3115406534
788 292002.1659985771
789 292007.0824106011
790 292364.5138178446
791 292439.5719095810
795 293351.5242458088
797 293826.9418565339
799 294496.3752671918
800 294541.4793618321
801 295382.8015537798
803 296357.7960792317
804 296572.8308918767
805 296599.9596422940
807 296740.5546401790
808 296808.8103335403
809 296900.8108743443
811 297622.6157275302
812 298108.3645702184
814 298303.7481117505
815 298954.0854899695
816 299173.7033626577
817 300077.0294345444
819 300148.5878243792
820 300163.6305558132
821 300691.1850902161
822 300829.4303374019
824 301480.8218641508
827 301583.4319455675
828 301656.5919267138
829 302274.4721057985
830 302679.6972691120
831 303614.5108725322
832 304499.2791734806
833 304778.7737215001
834 304784.0487686555
835 304903.9923392563
839 305257.3857262456
841 305688.7363874210
843 306339.5730503396
844 306839.0869653576
889 306849.8319093527
890 307553.7994942009
963 307555.4331029536
965 307943.7789205291
1051 307964.2259692467
1054 308236.4153765208
1256 308237.6021053891
1258 308330.4407760170
1345 308336.9103058747
1346 308762.5410413963
1615 308763.3824146100
1616 308991.2828534206
1664 309001.1875756552
1665 309190.3630651142
1675 309198.6318007832
1677 309724.3659454514
1939 309734.6517196590
1941 309924.3540080542
2208 309939.6460720604
2210 310091.6454853475
3403 310116.2338108431
3404 310931.3087143462
3968 310946.5822917299
3969 311727.8039298218
7403 311741.0904766838
7406 312697.3900608027
100000 -2073672.0000000005
evaluations raw_y
1 -2797.3355392967
2 -2458.5734385534
3 -2392.7106130016
4 -1533.0429516525
5 -812.9297070779
6 -176.6679289413
7 -43.2771237139
8 324.4127084064
9 583.5466963003
10 1477.9229534446
11 2072.8521758484
12 2144.4539208644
13 2435.6134079690
14 2828.6486138793
15 3367.0017182188
16 3395.5660100038
17 3991.8076012641
18 4640.3799107557
19 5572.7552635100
20 5856.6701943221
21 6180.9970816318
22 6960.4731483192
23 7094.7454354316
24 7391.5983753465
25 7480.5903045011
26 8457.0617674019
27 8754.3316924360
28 8848.8391734567
29 9342.4516875733
30 10268.0524554191
31 11108.9945104390
32 12003.4140940838
33 12428.2938029949
34 13310.1730324990
35 13403.5630125280
36 13626.9840954958
37 14599.1609160694
38 14841.7753227495
39 15453.5496400385
40 15895.4601360173
41 16151.6925944134
42 16422.7921766340
43 16713.9874046244
44 17076.7823922943
45 17313.9936458213
46 17341.9819369519
47 17412.3330013307
48 18287.9087581055
49 18804.2512714332
50 19002.9410847266
51 19088.8090169424
52 19967.3184639975
53 20459.8044831333
54 21124.5382008941
55 21608.5991553819
56 21966.2437085530
57 22659.3045741699
58 23114.1093046460
60 23752.8814100832
61 24722.2803700586
62 25490.4916169119
63 25809.0868518197
64 26033.4908978975
65 26153.2458317942
66 26937.8633513580
67 27516.2187628324
68 28277.7962963407
69 28580.2304787908
70 29210.4937541145
71 29647.4833604861
72 29772.7456747437
73 30222.6616708426
74 30509.3216697382
75 31013.3529948141
76 31565.6488479651
77 32459.1195608526
78 33107.7089864204
80 33596.5381351341
81 34084.8725962947
82 34234.1147111239
83 35156.6190136083
84 35655.4798312672
85 36335.1900210255
86 36488.7062197504
87 36502.5995922077
88 37461.7585544767
89 37696.3829379914
90 38108.7670963412
92 38507.5961445850
93 39477.5121701442
94 39798.9521145196
95 40210.2932240381
96 40432.0064120498
97 41143.1881247623
98 41598.2616958065
99 42588.8961556025
100 43170.8315484775
101 43925.4821076786
102 44492.0620945893
104 44803.0202523986
105 45606.9148726249
106 46000.7070325879
107 46158.6936394610
108 46548.6856467156
109 46927.9870501214
110 46981.4357458349
111 47646.1186742474
112 48216.8681733067
113 48594.8476082888
114 48915.6382595257
115 49748.3923359789
116 50231.9351343256
117 50278.0425680032
118 50862.4557228095
119 51772.7943360335
120 51915.7228959167
121 52120.9897182548
122 52697.3830515861
123 53240.0458411028
124 53817.3763068191
125 54122.7491083835
126 54574.2796454745
127 55062.3042868115
128 55723.3328677856
129 55903.4345978972
130 55905.7371546903
131 56586.7223363504
132 57050.6129862858
133 58032.2876411839
134 58240.2680853966
135 59122.1332587307
136 59811.5606395453
137 60060.0963949552
139 60873.1051133289
140 61044.7909087654
141 61406.9384887814
142 62089.4048474669
143 62787.4340552695
144 63005.1347589128
145 63215.2137644393
146 64037.1895613369
148 64328.7326765755
149 64345.1292054402
150 65066.9962761030
151 65624.6967563604
152 66582.0786085687
153 66896.7304128949
154 66923.9942854268
155 66930.2213591248
157 67270.0120284820
158 67947.3980821586
159 68134.3895311243
160 68410.7599807952
161 68488.7212495482
162 68955.1334707970
163 69012.6126822444
165 69620.5349475058
166 70359.4221268655
168 71299.8486205562
169 72214.3148533865
170 72224.8183784354
171 72513.9538522827
172 73244.8391736406
173 73546.9467504865
174 73637.0326755410
175 74215.7542701459
176 74216.6282006906
177 74990.1565555734
178 75162.4683571536
179 75303.8149077487
180 75400.2222504792
181 76120.8891911832
182 76773.2651137572
183 77752.0146202248
184 78430.7840349104
185 78567.7516258316
186 78813.1247119222
187 79231.0594004605
188 79909.6012627386
189 80710.0825758476
190 80919.2338222897
191 81301.3493499619
192 81796.5175727101
193 82488.0097921655
194 82707.2786851899
195 83048.5537497711
196 83680.2743235566
197 84577.0533924167
198 84744.0082645681
199 84837.0756840316
200 85121.0501942297
201 85457.1126222789
203 86241.3894556384
204 86833.6686405118
206 87746.9868282211
207 87870.5137587938
208 88114.6953748694
209 89043.5860419949
210 89140.9498016089
211 89678.3624301629
212 89776.9317040739
213 90492.6687969539
214 90863.6018180044
215 90912.9415871591
216 91131.4398391650
217 91301.4324470179
218 91554.6249763021
219 91838.6736700695
220 92615.9016628368
222 92764.3024403934
223 93714.7282584873
224 93811.4062252785
225 94743.7078530729
226 95358.7541981411
227 95745.0749533679
228 96513.1987668033
229 97478.3327285277
230 97783.4233287503
231 98237.7119011774
232 98789.3948546148
234 98874.7293726906
236 99260.0327172108
237 100082.2340332451
238 100308.6792712688
239 100370.4297347924
240 101299.6267917113
241 101993.9693901860
242 102277.6935693239
243 102526.3678501981
244 103076.8566590659
245 103316.8004908622
246 103779.6866847709
247 104642.6106277201
248 105113.0971171870
249 106067.0243313437
250 106810.4323822997
251 107677.1750711100
252 108349.2822531082
254 108546.2615715100
255 109453.4631876357
256 109677.8900697096
257 109805.2899316123
259 110311.5236304804
260 111269.2881625033
262 112076.1335003491
263 112626.6441896276
264 112999.7955064325
265 113634.9269606704
266 113924.4579092207
267 114565.6303503836
270 115296.0842296033
271 116175.6364831673
272 116767.4679629992
273 117614.6390540423
274 117973.0390411315
275 118463.8998378426
276 119136.6687659440
279 119486.6368303403
280 120225.5807062341
281 120374.3274338271
283 121175.4698980740
284 121846.5799136698
285 121977.2651172336
286 122513.7245065035
287 122930.6422262664
288 123745.3086466918
289 124210.5506051656
290 124864.4336690634
291 125834.0875530455
292 126601.8695388024
293 127489.1621292546
294 127899.1136503572
295 128781.1618794904
296 129749.9738299304
297 130527.6833673519
298 130992.1982599295
299 131777.4764871502
300 132042.0611233416
301 132510.1400704350
302 133311.7756249655
303 133964.6416824989
305 134723.2292736499
306 135330.1162378382
309 136093.3250806484
311 136572.6821158742
312 136777.2270311583
313 137476.7853591242
315 138223.0302638403
316 138497.2372610242
317 139047.9692771751
318 139605.2498835377
320 140512.4194917543
321 140532.5860167101
322 141148.2245351690
323 141671.8608680658
324 142458.5371306278
326 143326.9434711977
327 143919.4185646604
328 144634.6525766778
329 145121.8056206440
330 145303.3786810700
331 145719.2937001287
332 145851.4989249923
333 146505.0617267328
335 146774.1339370369
337 146888.7233571694
338 147446.3462988485
339 147858.2955962409
340 147878.2475787031
343 148338.6313664250
345 149218.2271968028
347 150069.6904617116
348 150970.0372462982
349 151596.5527679881
350 152271.2835300057
351 152871.2996948230
353 153279.7995860634
354 153348.6576687137
355 153540.9092156761
356 154456.4985963021
357 154740.3530855748
358 155359.0445447845
360 155847.2133933576
361 156738.9898495719
362 157605.5295479285
363 158298.4689568514
364 158423.8137577313
365 158732.3473858120
366 159645.7643951263
367 159764.7650112690
368 160055.7708249340
369 160375.9119586178
370 161358.6942215431
371 162036.4897774644
372 162577.2470376581
373 163025.5215478348
374 163327.7299813385
375 163859.4271076562
377 164076.2066959090
378 164691.5657800161
379 165434.9568537923
380 165996.2315454972
381 166764.0265505238
382 167480.9051494396
383 168441.8741163523
386 169270.0403705648
387 170134.5864626226
388 170460.4639589065
389 171159.4288975356
390 172009.0045233700
391 172030.6149253934
394 172942.7688257181
395 173171.4381654724
396 173473.9380067857
398 173833.6884513447
400 173948.3979581728
403 174643.6760099072
405 174907.2707218517
406 175134.6017722939
409 175251.7703231992
411 175700.6448905001
412 176282.1773373075
414 176765.2724465432
415 177024.8136361440
416 177739.7626926730
417 178703.3406885899
418 178788.2019790403
420 179537.3905137603
421 179802.1356750659
422 180149.4437452392
423 180819.0356026818
424 181473.7595465358
426 181787.7656809644
427 182746.5876991311
428 183188.9178185042
429 183907.9389581872
430 184445.6016741053
431 185127.3024574238
432 185609.8541646774
433 186026.1934466361
435 186187.2790959947
437 186236.0422330175
438 186583.6637956630
439 187280.2572326761
440 187721.2236741050
441 187967.4700468570
442 188657.5687816588
443 188942.3567782470
444 189599.0160521093
445 189819.4917127467
446 190452.0300719608
447 190989.1648682560
448 191860.6607423647
449 192789.5194512816
450 193137.6481945199
451 193625.3611375702
452 193922.0369974010
453 194288.0903300086
454 194324.9342202360
455 194904.9828046913
456 195013.0577492634
457 195112.7958760070
459 195678.2442545189
462 196456.6754720925
463 197278.9083422650
465 197839.7198077500
466 198519.0944314546
467 199363.0702043433
468 199505.4595225361
470 199730.6668757986
472 200613.0916993296
473 201088.8176633347
474 201776.8072356553
475 201824.4860193683
476 201928.7253611962
477 202738.0055569999
478 203381.5914618510
479 203714.6954160859
484 203864.7770681586
486 204200.5943248710
487 204850.2458536871
489 205456.5385172705
490 205625.2118872877
491 205656.4869658492
492 205787.0214713220
493 206629.2074561181
494 207012.0692419817
497 207218.0072195558
498 207633.2186603835
499 207955.1923575764
500 208008.6520884206
501 208124.3348124718
503 208154.9721225749
504 208413.5551648432
505 208828.9777077617
511 208971.2227281535
512 209703.8441244256
513 209770.5458006839
514 210425.9296717317
515 211207.7310280124
517 212068.1398957125
518 212982.9491821401
519 213950.4850219146
520 214200.7457368237
522 214253.6293795116
523 214278.3788037582
524 214909.5170937520
525 215891.3847341198
526 215968.3661866963
527 216058.5011749094
528 216620.3658716123
529 217549.7291636509
532 218250.1897328990
533 218270.2934852488
534 219248.8436271120
536 219795.6884748346
537 220122.5741599355
538 220216.5805761673
540 220859.9849005479
541 221341.9107118161
542 222111.8356518833
544 222538.8126471752
545 223230.3079017866
547 223550.8318669469
548 223678.4113220358
549 223854.6995387488
550 223902.9334100419
551 224651.0659864549
552 225347.6344950887
553 226067.2473742159
554 226099.3950265579
555 226951.2622185254
556 227036.0657031142
557 227082.8716124173
558 227700.5255089133
560 227870.0750463680
563 228175.7465226619
564 228909.1860215174
565 229094.6202823393
566 229771.0152435977
568 230379.7541613460
569 230784.4093227399
570 231332.2338715167
573 231647.4591127479
574 232427.6499212111
575 232799.2309834343
577 233008.8440573843
578 233262.4684717069
580 234036.1034701019
582 234963.9203611678
583 235515.9931226230
585 235822.4475194150
589 236357.7170538912
591 237000.7512790489
594 237589.3197375586
595 238209.8807526741
600 238552.4529057801
601 239536.2098353260
602 239844.2535876784
604 240645.8355947213
606 241508.9861439535
607 241574.9327420355
608 241949.3718061346
612 242398.1910222031
616 242629.9967060976
618 243360.7407743716
619 243821.5941801725
620 244015.3174885405
621 244138.0236866008
627 245080.3522232695
629 245470.6571683039
631 245611.9803801232
632 246005.6723170311
634 246232.7721560055
635 246309.8186093305
636 246438.2746958969
638 246638.5569716861
640 247508.1224390130
641 247615.9095812206
642 247674.4753904717
647 247827.8719564567
648 248097.2384944264
649 248608.9046176367
650 248739.8460906596
651 249671.9322337701
652 250042.8066854420
653 250841.1355328493
655 251797.9662251390
656 252655.8324077652
657 252738.4448950771
658 253103.9351122418
659 253627.1970648211
661 254256.1813006240
663 255015.5483055305
664 255577.5608346228
665 255776.2480475494
669 256189.7372047557
670 256560.2397959610
672 257533.8068506419
676 257769.4614148411
677 258634.7391039509
678 259131.4940314045
679 259305.9970667213
680 259735.7152948891
681 260486.1028122723
682 261006.7731851984
683 261297.1598525672
684 261639.7185963414
685 261925.5168293181
686 262087.0545617289
687 262126.2531263453
691 262154.2699934244
692 262187.8598114456
693 262626.2858305363
695 262647.4933285791
696 262772.1647709807
697 263549.9979648510
699 264264.9429637759
700 264937.3132796061
701 265695.8917240638
702 266615.9918932262
703 266852.4217958574
704 267409.8993011717
705 267506.8229653605
706 268241.6312131125
709 268481.6173147677
710 268845.9690645786
713 269810.1489944418
715 270331.7336005816
717 270493.6936525059
719 270718.7343843934
720 271422.8679456343
722 271792.3280696530
723 272053.9535369548
725 272690.6340854415
732 272899.5967959762
734 273630.5731236764
735 274034.6350675388
736 274040.5764878274
739 274042.9317386046
741 274083.4315832825
744 274783.9414563398
745 275574.3795190796
748 276024.0380503356
749 276667.4358312321
750 277643.3469954870
752 277659.7643065561
755 277857.6070503672
756 278114.2221653200
757 278811.2930381315
758 278894.8557463451
759 278942.6184629836
760 279777.3476514519
761 280288.5076486389
762 280847.9209615487
766 281418.6624776516
771 281909.3968703650
772 282572.1317919520
775 282632.2069053144
776 283114.8245598897
777 283782.5897804826
779 284456.7661188949
782 285324.6788252205
784 285612.0546964292
785 285795.5077021247
786 286317.2641456347
787 286963.5535862155
790 287903.9288161473
791 288084.2174804849
792 289007.6366653564
793 289760.5418240654
795 289830.5997740110
796 290446.6796664763
801 290531.1180043103
802 291392.5946213431
803 291557.7193622968
804 292012.0793731065
808 292722.5959082667
809 293326.3865347563
811 293832.9585629341
812 294356.8200822634
814 295213.8460221052
815 295823.2174696380
816 296339.1077205067
818 296744.8721080691
819 297463.4328818619
820 298370.9560704622
821 299063.7134157598
823 299886.8370167072
824 300202.6355750680
826 300952.0615910941
827 301305.0000046481
828 302255.4923745294
830 302893.1144566839
831 303490.6383598983
833 303750.8848853883
952 303769.9963434452
953 304205.0536343335
1220 304211.5395568987
1222 304976.7602686890
1325 304998.5267816234
1329 305856.1925434087
1337 305858.4171368441
1338 306173.1686935542
1348 306191.2014771600
1349 306290.1602814029
1391 306327.3258984783
1395 306439.3189911860
1436 306446.6919639198
1439 306486.7469865033
1703 306488.7761066917
1704 307372.6005273823
1803 307374.4957703581
1804 307552.0269395052
2413 307563.1470187227
2415 308460.2044812407
2625 308476.0370166677
2628 309303.5029705842
2726 309314.9789884561
2727 309334.9885862391
2992 309370.6037175849
2993 309782.8454696672
3807 309793.3034847910
3808 310486.7717510722
5683 310487.5859763573
5684 310514.0299634776
100000 -2073582.0000000005
evaluations raw_y
1 -1917.4689354896
2 -1673.2219306966
3 -1231.1659583307
4 -1046.5187837229
5 -177.3229562798
6 506.1591464495
7 592.5362406797
8 952.9657114591
9 1622.1372928769
10 2555.5636943543
11 3063.6955704490
12 3823.2434486857
13 4784.7959986202
14 5143.9543747754
15 5996.1691025412
16 6674.8489934923
17 7414.0650035700
18 7522.0245432396
19 8238.3007143393
20 8596.5852385582
21 9488.4809094620
22 10268.6516485883
23 10904.8437391986
24 11111.1566731990
25 11989.8006930047
26 12812.3063571559
27 13424.9536323841
28 14045.6456707738
29 14361.1742536043
30 15248.3636317305
31 15693.2050605953
32 16409.5005014272
33 16520.5753260433
34 17169.1726160254
35 17831.1621005709
36 18802.0264306686
37 19395.5500715071
38 19422.9247178835
39 20143.1203910131
40 20915.0915046217
41 21157.9237246637
42 21311.3187666199
43 21856.4052163648
44 22389.6004917923
45 22606.0214279756
46 23056.9026143038
47 23339.6538613418
48 23765.4818015465
50 24342.2686142646
51 25062.7264765132
52 25526.8343952506
53 25982.5756148611
54 26495.9479673727
55 26637.4967551855
56 27594.6624776761
57 27788.6019385978
58 28508.2759661923
59 29024.5574518711
61 29667.4569526586
62 29888.6541461332
63 30728.4561283854
64 30819.3344819502
65 30927.6861723833
66 31568.5773437164
67 31768.9474542705
68 32052.4154563788
69 32801.0067146104
70 33591.4740960079
71 34092.6049089747
72 34763.6330822039
73 35163.9166032192
74 35336.0808387482
75 35559.2968717111
76 35853.5000150107
77 36711.1198307493
78 37029.6950874356
79 37120.0986605593
80 37155.4867518589
81 37650.3486901687
82 38491.0350574976
83 39483.2598807333
84 39580.1994883549
85 40331.8123506538
86 41248.2800064141
87 41523.3225167382
88 41960.1615632684
89 42590.7116806403
90 42698.9954221852
91 43334.8760765889
92 43453.3449504744
93 43575.7117939399
94 43758.9006231726
95 44036.4346817347
96 44859.2935276038
97 45753.4135183125
98 46300.3565052059
99 47168.8897650213
100 47326.8740727495
102 47708.7306875483
103 47833.7768954992
104 48532.5279549074
105 48774.5825825037
106 49743.8920306654
107 50534.2299278932
108 50638.9566367537
109 51124.3820321281
110 51152.9513442792
111 51830.0291249108
112 52298.1730719753
113 53076.8499151701
114 54012.7710027585
115 54258.6326092681
116 55038.4838013816
117 55419.4755377976
118 55787.1111541298
119 55823.6499714178
120 56486.3239819923
121 56820.3256969546
122 57756.4283024524
123 57864.9201557611
124 58576.7372880703
125 59463.3598403866
126 60144.4836201033
127 60377.3462529408
128 61055.9646013072
129 61825.3091565069
130 61986.7367224698
131 62257.7191326734
132 63174.6738407941
133 63174.9884446468
134 63518.4618802921
136 63811.2635983015
137 64542.3210016243
138 65020.0477430919
139 65775.5340202245
140 66131.3731673497
141 66408.6754885557
142 66550.9983136974
144 67368.4408033997
145 67683.2095825515
147 67745.8153461720
148 68623.9085694179
149 68875.4147934819
150 69011.1349393791
151 69589.9272097935
153 70585.0411769207
154 70994.6435358670
155 71517.1049975219
156 72161.4770035823
157 72258.9387799099
158 72806.6080245559
159 73188.9354909044
161 73613.9725476216
162 74104.3610107440
164 74258.2585670016
165 74506.3655873599
167 75485.3465414240
168 76147.4264800306
169 76673.0371905144
170 77535.5937379138
171 78494.5218832381
172 79003.2983306928
173 79749.5746639258
174 80629.7877054782
175 81213.1596864934
176 81584.4492731982
177 81755.3747830542
178 82459.7766379914
179 83250.9356472817
180 83989.2192275523
181 84353.1684653407
183 85221.4708195181
184 85873.8327246611
185 85892.2224171302
186 86610.2198578822
187 86901.7020900527
188 87314.6856376092
189 87632.9616681936
191 87691.2688541871
193 88371.2338696897
194 88602.7237330315
195 89513.1080908419
196 89869.0404895776
198 90541.1375296922
202 90692.2686410458
203 91682.8612775829
204 91832.7049222871
205 91923.9120074596
206 92663.6920018925
207 92890.4466086296
208 93423.8697404808
209 93628.9018240260
210 93907.6299924853
211 94213.7124094478
212 94329.5279017495
213 94989.0209902578
214 95479.6482536254
215 95607.5378853659
216 95875.9474336943
217 96023.5922727520
218 96952.9299809502
219 97870.1846512016
220 97987.8194576014
221 98104.2686478273
222 98997.8625881799
226 99620.4826922404
227 100509.5324877819
228 100643.1552041274
230 101372.4111337346
231 101420.1431451080
232 102112.6663620394
233 103037.5533054676
234 103156.0176810079
235 103431.5137821121
236 103735.4142295993
237 104059.4790614528
238 104736.2390047421
239 105515.5697713199
240 105604.5150124376
241 106194.0024083949
242 106848.5074983039
243 107197.4951628915
244 107284.0476341392
245 107316.6146555187
247 107515.0715942909
249 108251.4075496050
250 108861.9712289679
251 109152.3291104041
252 109824.8574432308
253 109875.5760562475
254 110364.1406675183
255 111321.8981294726
256 111557.8845593330
257 112082.0111822171
258 112569.5624501300
259 112736.6985897431
260 113236.8302313206
261 114194.6125826737
262 115071.7401978213
263 115381.7040372470
264 116001.0799041342
265 116851.5860760617
266 117606.3692711166
268 118023.4783658918
269 118829.2091716274
272 118944.1683206188
273 119717.1987382094
274 120016.3096714846
275 120891.7874631382
276 121131.7265170922
277 121257.7072981843
278 121498.8275703335
279 122075.3898302506
281 122171.5573866449
283 122420.3203981004
284 123109.1154926879
285 123691.3987185980
286 124231.1541424535
287 124696.5391582038
289 125571.6436766885
291 126205.1839086380
292 126398.4862936924
293 127049.4866244821
296 127274.4037503526
297 127545.3215999901
298 127881.5063476757
300 128624.4879271309
303 129531.9216721937
304 130301.5572533700
305 131141.2917383411
307 131926.6924030354
308 132623.8936154180
309 133063.6308790363
310 133279.3780091483
311 134093.9314269765
312 134972.0796392824
313 135826.2064862667
314 135934.8377469293
315 136891.8043311329
316 137428.3750991587
317 138377.3020627168
318 138429.2793615708
319 139399.6951162264
320 140051.0563806175
321 140247.7173648920
323 140951.6166903044
324 141701.3697254511
325 142218.0301539178
328 142797.9709412154
329 143649.8379994078
330 143769.2897380934
332 143909.2859981763
333 144630.1339134607
334 145513.9503364478
335 146494.7932404527
336 147125.6570674743
339 147321.7320623944
340 147972.1045833724
341 148872.7100077009
342 148874.6501689790
344 149818.6342206207
345 150140.8614384701
346 151002.6460671565
347 151109.2001903788
348 151847.9901532828
349 152071.4514008239
351 153050.0095290760
352 153370.8427774532
353 153854.1269453455
354 154144.7693210021
355 154726.7810931660
357 154791.7087990125
358 155341.1575963100
359 155852.3160843301
360 156019.8229990284
362 156117.6425938830
363 156869.0397014775
364 157612.6158805100
365 158555.1977243114
366 158779.0179506635
367 159411.1265739331
369 160001.9302226678
370 160455.8022682845
372 161257.6474019286
375 161618.1831427918
376 162590.2314578011
377 162705.0444507968
378 163510.5496028524
379 164214.6572001495
380 164328.9621189282
383 164941.7132731931
384 165763.4228532335
385 166563.4064202500
386 166771.1631692971
387 167205.7597857603
389 168078.4855087139
390 168156.1284743203
393 168506.1392302355
394 168836.8515404868
396 169567.5999262960
397 170278.0250493480
398 170673.2442956276
399 171288.1738064512
400 171594.7141412547
401 172096.2034650119
402 172383.4332593632
403 173226.7541765067
404 173945.5432246243
405 174169.2197300879
407 174527.8368031194
408 175491.3075843451
409 175906.4347216753
411 176673.1121554897
412 176706.4854281980
413 177155.8064436723
414 177281.1822580854
415 177466.8922455182
417 177688.4023926815
418 178147.9796717438
420 178765.3813811648
421 178837.3229375033
423 179289.3735345834
424 180018.5096230342
425 180309.0293317444
427 180951.2051989886
428 181487.5405674920
429 181936.2354322911
430 182750.3173766970
431 183008.6127198179
432 183507.1943200467
433 184046.3134693912
434 184385.3479121454
435 185295.2632195689
436 185582.2230425409
438 185750.3103631407
439 185840.4230466208
440 185970.5212870213
441 186083.8925837205
442 187019.9422604067
443 187878.4918033657
444 188352.3889094346
445 189174.0447876698
447 189575.9861343175
448 189983.6048459551
452 190657.3203946406
453 190952.7173509875
454 191265.7989804834
456 191479.4991945111
457 192313.9670803919
458 192474.9067234357
459 193248.1060814535
460 193387.7662762317
461 193448.3162432557
462 193518.4958196344
463 193801.1463371250
465 194348.4539347875
466 195202.2424151591
467 195533.4315703661
469 196202.8826722749
470 197095.4016240880
471 197196.3960132573
472 197214.2471981125
473 197663.8313705756
474 197965.3855106636
475 198427.1023459213
476 198816.9811241448
478 198995.6215768650
479 199863.1767107935
480 200767.6285977419
481 200930.4026276839
482 201707.9035994402
483 201911.3028492305
484 202510.2713104310
485 203243.9860056091
487 204023.7726788443
488 204911.4920751514
489 205184.6089023476
490 206065.9597551508
492 206155.9562265971
493 206799.5729755929
494 207612.0105449615
498 207767.7285486331
499 208115.1054476299
500 208784.7100768413
501 209715.2822467997
502 209780.2692393023
504 210099.9998163189
505 210981.9386445656
506 211422.7756895709
507 211702.4222353823
510 212265.2091626920
511 212843.4710910768
512 213647.3587676522
513 213871.8251210244
517 214356.4488864528
521 215006.4780750798
522 215324.4830605321
524 215624.7937542084
526 215888.7475770337
527 216574.9801727621
528 216598.4482085464
529 216890.7090490322
530 216892.5886543713
534 217816.3794444109
536 218203.0894788928
538 219029.5972181227
539 219071.8119348230
540 219429.6815624734
542 220131.3604130142
544 220786.6334259200
545 221057.3532815969
547 221098.7626797491
548 221650.6539489514
549 222221.5184359669
551 223082.0145598065
552 223456.9839846397
555 224195.5281011967
556 224608.3393252799
560 225292.8704955923
562 225643.4042400945
563 225899.8063181807
565 226344.2269513445
566 227036.8745666602
571 227162.5535040523
572 227308.8878299435
576 228188.0815412625
577 228433.5390881860
580 229241.0609835946
581 230200.6368436682
582 230296.2797523473
583 230844.9205823705
586 231588.5517832089
587 232175.3782273222
588 232666.3026990605
589 232686.0154640151
592 233102.2524822933
594 233719.4037159884
595 234133.5162781336
596 234810.0263925132
600 235497.9815093195
602 236269.7598275363
603 236517.6545266754
604 236956.7997921322
605 237225.8969701208
606 237588.1556055050
611 238235.9234738158
612 239224.5884303290
614 239340.4577243973
616 239902.9738845641
617 240388.2602501190
618 240821.5800681654
621 241139.6891251231
622 241360.1557132003
623 242067.4482917140
624 242347.8829045102
625 242822.8174921461
629 243356.5141125656
630 244267.1123814535
633 244814.7847889094
635 244970.0881835082
637 245349.5676525569
638 245897.6511441211
640 246477.4785064347
641 246724.6000368701
645 246927.5628858132
647 247606.2487489465
648 248444.5734124906
649 249045.1311497062
652 249887.7393058476
654 249956.2991370645
657 250069.3278249683
658 250514.8070446076
659 250581.9812503734
662 250625.2686911300
663 250964.2480854577
664 251705.5720938254
665 251737.3969486470
666 252047.2804983330
671 252692.2818223369
672 253408.8773470981
673 254046.4043331803
674 255021.4259986386
677 255837.3611093776
679 256734.1573761702
680 257662.4131379855
681 258594.2957006330
682 259332.3378980614
684 260204.8365143693
685 260406.5693068804
686 261093.3606624082
688 261136.0591945114
689 262034.4794948826
690 262660.1463252188
691 262873.2101917254
692 263298.2644066912
693 263894.8547811096
695 264424.9278134730
696 264668.6134811354
697 265367.1073340704
699 266119.1119573898
700 266426.3062547245
701 266613.0698569559
705 266938.4151686917
710 267499.6700317641
714 267506.8815549128
715 267963.5851739554
716 268236.7527417408
721 268547.6731911326
723 269445.3063057173
725 269517.1384737759
729 270373.3666074693
732 270672.8616425460
733 270935.2283181575
734 271856.2234292603
735 272343.0433394057
740 273172.7413783825
742 273782.6829703674
743 274112.2294329554
744 274763.2102013865
745 275446.0314545575
746 276416.5788835437
749 276627.8657743577
750 276723.4569145337
751 276911.3958985953
752 277159.8631967836
753 277712.6326540838
754 278574.7449858109
755 279443.8459976731
756 280428.8462555173
757 280968.4316460838
758 281263.0627337121
760 281459.7280022257
761 282260.9682466475
763 282920.6109272296
764 283784.0288064664
766 284594.1625863486
767 284629.9983751425
772 285464.7980851634
773 285747.8196517584
774 286593.4061927096
778 286865.5947044039
780 287122.3331026279
782 287972.7230991478
783 288279.7488328454
784 289038.9134059894
785 289122.0005352847
787 290076.1522013543
788 290921.9842085215
790 290964.6520842290
791 290988.2521276049
792 291109.6736138689
793 291904.0865213942
796 291966.4556505993
798 292114.8614558561
799 293015.5713288012
801 293088.2759624990
802 293480.6603506777
803 294062.9395582719
805 294855.5774787760
806 295176.2040839680
808 296075.8422383643
809 296578.5101942981
810 297408.4689204014
811 298308.5878679689
814 298652.1247649717
815 299265.3921982303
823 299299.0698383743
825 299840.4439097979
828 300652.3553525443
829 300737.0572547570
830 301542.7675742891
831 301703.6151803416
832 301921.1206553641
833 302838.8480180880
834 303695.6541002472
836 304390.9853661783
838 304617.8783545546
841 304990.1748434248
842 305009.0912334471
843 305645.3952040983
847 305714.9680578889
850 306450.3406936982
852 307267.2168372333
853 307546.4731167833
854 308300.2161914126
855 308968.2301525933
861 309214.6424243755
864 309664.7938813155
865 309971.9683239942
867 310194.3890501622
868 310749.2725279616
869 310773.3449738496
870 311568.5830111578
871 312345.5067109066
875 312842.4643975541
876 312863.6643533175
881 313528.3071534605
882 313830.2209097424
901 313833.1002341088
902 314457.6223374025
944 314471.8959897272
945 314721.8470317092
1036 314738.1341690004
1037 315083.4034407937
1066 315088.6654871256
1070 315515.4162091499
1295 315525.1282416345
1296 315550.9344969413
1410 315553.0858341624
1413 316398.4982135652
1590 316410.7952929666
1593 317379.9254118200
2113 317391.7743595909
2114 317449.1556903977
3887 317465.6869325142
3888 318119.0888556645
100000 -2073502.0000000005
evaluations raw_y
1 -2212.2102938171
2 -2174.7742005338
3 -1918.1786875705
4 -1551.0139178295
5 -630.4191452891
6 -501.6194631209
7 -281.6804122730
8 493.6506070802
9 1116.2512613555
10 1998.1386932199
11 2820.7149951622
12 3514.6494055011
13 3561.3889070811
14 4518.9783825654
15 4930.0413221093
16 5420.1530470403
17 6289.3228351830
18 6334.0880655813
19 6628.9979572897
20 6716.9245981047
21 7557.8958912481
22 8533.2908851181
23 9272.4539239774
24 9954.3881015487
25 10201.0346885128
26 10579.5816575003
27 11557.8250191119
28 12317.2311649099
29 12375.1661711524
30 13073.9429602002
31 13083.3556361806
32 13201.8917218268
33 13429.3919079662
34 13972.1978129128
35 14379.1999230629
36 14768.3313510985
37 15317.9338825736
38 15846.1524607012
39 16114.8735224254
40 17048.2528949004
41 17431.3532610504
42 17886.5475051974
43 18857.6550887721
44 19276.3039712648
45 19786.5123898701
46 20699.2726315079
47 21297.1971629847
48 22177.6528175419
49 22230.0206191255
50 23090.8131978009
52 24007.6428535241
53 24625.6958511970
54 25518.8466448735
55 25805.6634913614
57 26525.4491572061
58 27085.5397243990
59 27943.2456583933
60 28193.3050514546
61 28287.9506608579
62 28589.1379681649
63 28677.1619441428
64 29143.7264662240
65 29671.1861795839
66 30611.9753098768
67 31304.1084290242
68 32271.4878555454
69 33139.4054965328
70 33209.2034282648
71 33970.7756759326
72 34206.3162017267
73 34503.2795422595
74 34551.8224757174
75 34817.6897742816
77 35655.4791520607
78 36309.7871347862
79 36802.0569622155
80 37445.6423314968
81 37781.4604078932
82 38658.5153597004
83 38851.8430364879
84 39045.5373484947
85 39715.9857896495
86 39741.8144265231
88 40059.0693195719
89 40790.6091383083
90 41592.9003810271
91 42130.7625808364
92 42279.8457889737
93 42403.3201708775
94 42635.5058715313
95 42713.9147409287
96 42804.1308999037
97 43368.5579954738
99 43548.6745973637
100 43672.5809606384
101 44511.1197227440
103 44781.6284592649
105 45160.8975608514
106 45503.4561072520
107 45974.1339593951
108 46900.9288655676
109 47368.8666561773
110 47596.5140016625
111 47775.9059423458
112 48149.7274488902
113 48298.9024881692
114 48300.1820528923
115 49032.6389408783
116 49524.4258681689
117 50198.2409549905
120 51061.9970188029
121 51900.2503027916
122 52172.4699316076
123 52205.9536123920
124 52636.1245462443
125 52679.8415330413
126 52897.5178339133
127 53172.2019048914
128 53458.4892053308
130 53616.3070437989
131 53857.5661539149
132 54736.8139061152
133 55695.5461253498
134 56328.3005802632
135 56597.3752444308
136 57267.2857243928
137 57792.4825828788
138 58503.2509894918
139 58816.3813623749
141 59410.3788642645
142 60232.9881849933
143 60986.9948364839
144 61634.8825629321
146 61726.1774614277
147 61783.5968513986
149 62148.2355738527
150 62302.1855352162
151 62472.5423807394
152 62784.7482883940
153 63028.1958641725
154 63030.2412833106
156 63219.8699242404
157 63291.7250274212
159 63968.2472534014
160 64057.8241920177
161 64429.1760553556
162 65076.7932726271
163 65568.1130939348
164 66066.5208903699
165 66137.9025191425
166 67136.7757312885
167 68070.1803731862
168 68558.0900733408
169 68709.3595966499
170 68921.4444946623
171 69143.8043273247
172 69695.5846002176
173 70084.7486544236
174 70445.9058884688
175 70553.7052364705
177 71444.0226528122
178 72029.9777532738
179 72842.7558118641
180 73259.9308878653
181 74227.3575919449
182 74284.9157528547
183 75025.5913209309
184 75195.9747033855
185 75206.3615721605
186 75672.1134917612
187 76208.8256968930
188 76535.3066520771
190 76906.0297657407
191 77404.9471775795
192 77765.6693655645
194 77936.4623609003
195 78576.2891862345
196 79484.3559092373
197 80232.1531379420
199 81038.8046036576
200 81850.5886170293
201 82835.4883689475
202 83619.6323508273
203 83690.1420770035
204 84014.3567120810
205 84745.0280845098
206 85416.5522693065
207 86147.6271340121
208 87015.8792957661
209 87077.5904353811
211 87732.3411079977
212 87835.3273009285
213 87861.9736799777
214 88258.1092331952
215 88462.6954941178
216 89400.7266119262
217 90371.5921855983
218 90449.2179243138
219 90670.8031472013
222 91154.2890000955
223 91875.6038840342
224 92769.3382310450
225 93473.6535197741
226 93690.6386606655
227 94332.2569533086
229 94454.7694318919
230 94483.1181110452
232 94751.4663041863
233 95412.2486648949
234 95508.3811263105
236 96261.9249120592
238 97128.4099358191
239 97234.2961938801
240 97817.6457266178
241 97883.7692656734
242 98701.0797771599
243 98956.9415449270
244 99286.6643188908
245 99404.0090662223
246 99885.5214491020
247 100688.4701900225
248 101419.3258870659
249 102068.4767967919
251 102130.1256735365
252 102382.9735039514
253 102523.2069300439
255 102963.7035631025
256 103425.2126910450
257 103582.8787173110
258 104555.2306757324
259 104631.5035722131
260 105469.9587561530
261 105581.7505879303
262 106335.6095171721
263 106534.2943797510
265 107144.6375843834
266 107408.8317684344
267 108399.2150076564
269 109001.7128847495
271 109051.2250322696
272 109350.8042521221
273 109731.8106488229
274 110533.0914663070
278 110950.4669646153
279 111533.3038221529
280 111799.6660885343
281 112240.5828926948
282 112247.1928684154
284 112367.9625159519
286 113082.7120961179
287 113640.6006880100
290 114557.3368835335
291 114616.8486999702
292 114821.6120502567
293 115771.4121185851
294 116486.8295507475
295 116834.1278260358
296 116937.1959377578
297 117709.9290102790
298 118430.8652787899
299 118578.1382280342
300 118881.3481401483
301 119565.9071429558
302 119857.1740745357
303 120540.7760439422
304 121304.2056717118
305 121789.0623441835
307 122628.7633452288
308 122805.4516816815
309 122920.7623091053
310 123330.6979096707
311 124171.7759200752
312 125162.2581690102
313 125219.6184525992
314 125527.1951556060
315 125854.5200161934
316 126301.7847209892
317 126620.5915741720
320 127126.2104276251
321 127900.8221914045
322 128487.0968204818
323 128747.9411648881
325 129364.4363212749
326 129762.3766833362
328 130519.1775300665
329 130815.2865774752
330 131397.1793503441
332 131850.0005172215
333 132062.4074445685
334 132270.3328737914
335 132608.5002545347
336 133110.7692394163
337 133651.0746855551
338 133748.2239161359
339 134204.3526655088
340 134319.3773995795
341 134695.2444525381
342 135525.5304002203
343 136240.7398198968
344 136875.3858350016
345 137163.6721999851
347 137551.4660126965
348 137947.0446062693
349 138828.0028529851
350 139032.3856003788
351 139332.0461238342
353 140238.3211706811
354 141119.0687755694
355 141931.8376534708
356 142500.1828776911
357 142688.5537964107
359 143005.1442293688
360 143856.6537948007
362 144333.0356565221
363 145009.6540966855
365 145022.1028451326
366 145301.7960046157
367 145461.0746802944
368 145530.8650801101
370 146124.1248429766
372 146190.7676596933
373 146599.0655138856
374 147137.7330597451
375 147298.2294781290
377 147788.6110783271
378 148118.8503811085
379 148725.4298701316
381 149274.4579692245
382 149932.2381832587
383 150914.5373613650
384 151274.4778613654
385 151906.6411651327
386 152225.2538707793
387 152249.1119955317
388 152373.8477489873
390 152883.7441920651
392 153561.4415105071
395 154447.5190031399
397 154922.5678167027
398 155061.5449233748
400 155515.7229196447
402 155615.5732153338
403 156382.2918412342
404 157325.3050084926
410 157640.9381653554
411 157759.6285603356
412 158525.4795263882
413 158958.5678318467
414 159233.2295899345
415 159582.7391798674
416 159715.3740348674
418 160375.5226701135
420 160575.6624304377
421 160681.3313405548
423 161146.9773581746
424 161353.4327402495
425 161472.6234330473
427 161695.4971881279
428 162138.4043245267
429 162371.0194083797
430 163025.9826066750
431 163497.5096821274
432 163740.0006020121
433 164276.0949806296
434 164557.5104783084
435 164590.5221802517
436 164911.5179044012
437 165169.7641528140
438 166025.8338866120
439 166739.9335180761
440 167277.6330265415
441 168129.7877258862
442 168258.5425044658
444 168744.7104606161
445 169364.1955256452
446 169606.2233339265
447 170158.0279216511
448 170282.1329816232
450 170336.0238376205
451 171100.9091958617
454 172092.1107610964
456 172323.1264592668
458 172567.5090956565
460 172700.6735881023
462 173409.9219035193
463 173661.6474061357
464 174160.6089158821
466 174602.4382821839
467 174748.3319709814
469 175136.0822838561
471 175870.0571877312
474 176260.1346930389
475 177189.6530726677
476 177528.9217222635
477 177968.0281616187
478 178875.6252005872
479 179736.5425282563
480 179903.7161994444
482 180403.7508255580
485 181092.5650053295
486 181290.7689272463
487 181538.5826964978
488 182465.5381659813
489 182816.6387562453
490 183054.1970702136
492 183935.2544848446
495 184783.9151837867
499 185469.9767310896
500 186160.1739112199
501 186411.2647403126
502 186507.0091048227
507 186627.2077369752
508 187474.9792571257
509 187987.4060352478
510 188056.8542116284
512 188088.2337449415
513 188979.2470628022
515 189309.6820916065
516 189437.2996446053
517 190236.6065985711
520 190753.1781231174
521 191578.9720221942
522 191711.0440615411
523 192460.3902314044
524 193036.8370126724
525 193784.5410513497
527 194352.0730139810
529 194860.9028403475
530 195532.1779651548
531 195714.9414876358
532 196198.5437305805
534 197108.9324192674
535 197491.3974817666
537 198256.9616647401
539 198926.0106569165
541 199111.2516300784
543 199729.4558614683
544 200575.3508234352
545 201553.3743367109
547 201667.5171774590
548 202320.5220936174
549 203192.5588435516
551 203538.2233365501
552 204417.9257911328
553 204841.4974026814
554 205820.7356661455
555 206604.9436670715
556 206657.4678401194
557 207508.8066432239
559 207808.2719579837
560 208706.7525941213
561 208844.2219809638
564 209264.3710481397
566 210223.0262095436
567 211025.1417999011
570 211187.8539971446
571 211697.0966952510
572 211806.6193733351
573 212114.2855124500
574 212533.2962516808
575 213019.6302850847
578 213432.8548006819
580 214077.2048254297
582 214983.7382585953
585 215677.4071759427
586 215723.0806834048
588 216460.8966490529
589 216559.6080586184
592 217120.7244337843
594 218087.8964274792
596 218208.5510906804
597 218500.3350990535
598 218734.4111292156
599 218774.2064186712
600 218805.8801548222
601 219670.0312907203
602 219965.7693557113
603 220573.2574575509
606 220844.3752318118
607 221821.1795597575
609 222628.1668848913
610 222923.9212551427
611 223209.7595601284
612 224063.9066624519
615 224280.0479630249
616 224551.2547366278
619 224609.3783795233
620 225022.8331868990
625 225884.6996211248
626 226095.7254044148
630 226247.6884987881
634 227137.8458128341
635 227512.5581916652
636 227601.4976053992
637 228209.2983776982
638 228539.2648476969
640 228881.3085669100
643 229753.7786222381
644 230683.3556037556
646 231658.0040432376
649 232526.5354268795
650 233318.2652565220
651 234094.7026423453
652 234196.1091835456
655 234529.1422049017
656 235290.7469841563
657 235372.4849116200
658 235511.7985784611
659 236496.0634503843
660 237042.8113317863
661 237338.6642071034
663 237352.0717255401
664 238019.4457687451
665 238504.5243360466
666 239039.9061732618
667 239237.6458686208
669 239881.1896393020
671 240564.4210412096
672 240874.5568732441
673 241185.4418408283
674 241966.3834870876
675 242888.1954435333
676 243803.0369838140
677 244138.3243569189
681 244849.4889188295
682 245305.9821535200
686 246178.4526744840
687 246319.4878841225
688 246684.5949782600
690 246725.2377534675
691 247461.2277676385
692 248195.4066982702
693 248195.4990763207
695 248588.8518161607
696 249340.1063344027
697 249489.1757053061
698 250357.3868254948
699 250825.8048831619
700 251503.5767115989
701 252174.9546210170
702 252713.8939079735
703 253065.4635718122
705 253612.5596128427
706 254132.2090972625
707 255062.3369987604
708 256029.4857722595
710 256065.3593291625
713 256938.1634485585
716 257860.1235862227
717 258421.2975084075
718 258696.4439349447
721 259050.3023380361
724 259861.1206591967
725 260063.4847474298
726 260913.0759344468
727 261767.8849057565
728 262073.7639019114
729 262461.5888377689
730 262613.9342064645
731 262759.3603715851
732 263398.2960647651
733 263925.2703564401
739 264761.6603161594
740 265116.2907122925
745 265891.9900209874
750 266134.0485722578
751 266305.3462820273
753 266733.1237313927
757 266952.0825175616
758 267429.8592025528
759 267979.6748560256
761 268551.9767227040
762 269453.1470814840
763 270360.9435614863
768 270906.7747140003
771 271372.4448305631
772 271545.0968015856
776 271788.5440601377
778 271791.1063511957
779 272724.9618790402
780 273494.8928656491
782 274344.4452340952
783 274594.3314495636
784 274793.9920806062
785 274895.7350026143
786 275194.3505685211
787 275894.9851580997
788 276760.1136680170
790 277219.3664132744
791 277782.6914516245
793 278404.4577774809
794 279261.1700265032
797 279888.5357213584
798 280764.4770862197
800 281314.9124958414
808 282152.4218855181
812 282208.6887668569
813 282318.2981323816
815 282490.0790397224
816 283350.6853009803
817 283572.6992875828
818 283677.7653598814
819 283875.5851055541
821 283976.1213993484
822 284062.0982750633
823 284886.0539973724
824 284891.8177332201
825 285422.2138276952
826 285583.2615005770
827 286118.3267863865
830 286581.9724850152
836 286778.6843798245
837 286869.2301271972
838 286874.8533708077
839 287672.9890211046
840 288609.4367276893
841 289521.9119636896
843 289689.0636604601
844 290426.0145697772
848 290746.0705000830
850 291646.3363946119
855 291879.8796941124
860 292252.7842075573
861 292913.8159397903
862 293791.0322839940
864 293842.4966803485
867 294657.4419815249
869 294853.8625256137
870 294874.6521173561
871 294936.7154561158
872 295632.0881380856
874 295826.8941032908
880 295929.8958173210
882 296672.1893798191
884 297584.1134954931
886 297710.6289809087
887 297966.9519318267
892 298310.6280734299
894 298329.8095480684
898 298647.8051554752
925 298653.3339340411
927 298697.9047876723
979 298700.8309705129
982 298941.2255601211
1002 298944.1382608946
1003 299582.9381688614
1007 299596.2653593436
1009 299913.3740953627
1100 299943.1981059398
1102 300674.9979748727
1116 300712.9564717612
1117 301619.1977177010
1124 301627.3249797112
1125 302386.6270944363
1330 302396.4092138885
1331 303267.3684566321
2055 303273.7396691111
2056 304052.0323265159
2295 304066.8701659222
2296 304629.0559166581
2664 304666.0094739450
2667 305233.4634129645
2709 305246.1837117631
2712 305257.7925052057
2714 305376.2293567560
2715 305427.6325060576
100000 305334.6466455613
evaluations raw_y
1 -1967.6983230879
2 -974.2553788096
3 -63.3264604126
4 392.6688925971
5 744.9001362619
6 1519.9986221528
7 2375.3655135614
8 2610.9832382376
9 3414.0736660930
10 3897.4348888333
11 4387.5709188549
12 4876.9732808579
13 4920.1458900552
14 5734.6532345398
15 6678.5167814793
16 7000.8812764898
17 7620.0573530461
18 8222.8043077108
19 9094.7400505128
20 9866.3368287083
21 9983.9864216944
22 10001.1795021052
23 10038.3038447225
24 10365.9505028065
25 10982.1374491509
26 11659.0980855804
27 12336.8717239475
28 12389.9566495130
29 13312.6969970901
30 13922.0724598578
31 14278.5967211076
32 14606.1779174442
33 15595.4687957685
34 16166.6310877382
35 16584.4068192577
36 17144.3402590450
37 17970.2603070411
38 18510.5318726470
39 18576.2789203786
40 19548.3814708149
41 20419.1003988997
42 21351.2998338944
43 21652.2328298907
44 22342.4948629075
45 23122.5522579202
46 23231.4377392610
47 23723.5598874903
48 24576.9516756182
49 24648.9397909832
50 25153.9217952469
51 25963.0589420971
52 26059.0417432435
53 26418.1004171514
54 26538.3917831460
56 26780.9178731626
57 27099.5184793822
58 27563.5449740819
59 27807.6983251608
60 28747.1966727892
61 29100.1772357252
62 29848.7411662131
63 30387.2268708772
64 30575.2931480486
66 30937.2588229336
67 31657.5764169573
68 32291.7386072135
69 32858.4104915861
70 33114.3950102179
71 33405.2992962743
72 34187.6025338006
73 34841.9153776605
74 34996.2110994995
75 35668.1846997874
76 36521.5481339018
77 36579.3291132906
78 36847.8127884948
79 36950.9951220181
80 37603.9442582832
81 37955.3478919381
82 38839.3273255644
83 39657.9652387126
84 40236.9597050484
85 40506.3044813901
86 41423.0104651555
87 41603.1649949111
88 42070.1953901512
89 42207.5676327064
90 42670.3367885296
91 43434.1521465846
92 44053.8732423887
94 44759.6710689575
95 45560.2677247399
96 46179.9026063076
97 47065.4523128212
98 47564.9170047439
99 47682.2745349514
100 48661.8549297575
101 48747.2982588912
102 49697.5053498789
103 49768.6523972806
104 49943.3653271871
105 50802.9166529882
106 51095.7367153843
107 51884.4560135100
109 52008.3292463414
110 52497.7721026642
111 53062.0925640683
112 53189.0426898093
113 53374.9682009588
114 53407.6414580933
115 53962.9192422183
118 54927.1041292431
119 55638.9205150890
120 55929.7434100718
121 56717.6117928592
122 57370.2159084617
123 58059.6778830837
124 58968.0271197222
125 59064.6351533522
126 59086.7504800830
128 59925.0933439937
129 60276.1764062320
130 60995.7734351816
131 61991.8706661252
132 62985.6259495258
133 63307.6585192735
134 63793.5568711578
135 64651.7119964691
136 64887.2773782050
137 65258.8045406550
138 65328.2028581674
139 66076.3612190855
140 66397.9366853425
141 67228.9322581048
142 68029.4855861184
143 68899.7441881430
144 69341.6731014485
146 70312.1361762765
147 70387.1028159250
148 71055.2283971706
149 71272.7028488290
150 71274.6514348010
151 72187.7575815967
152 72606.6484973873
153 73384.1722644103
154 74168.7427553398
155 74357.8342116184
156 74828.0793565276
158 75045.8396339733
159 75330.4219311030
160 75619.5665075516
161 76054.8986541396
162 76467.9825190103
163 76729.8831122189
164 76916.9584953786
165 77110.0998283779
166 78029.9621962289
167 78878.1482109242
168 79846.7917119157
169 80790.0347938308
170 81285.2532213795
171 81425.0362888819
173 82097.5404463238
174 82906.1178372151
175 83404.7373641226
176 84148.9566916669
177 84927.4831863049
178 85379.2760325975
180 86308.7721231143
181 86347.3974481115
182 86439.7509442487
183 87309.3785977508
184 87682.1288680220
185 88549.3704005043
186 89518.4975711048
187 90491.4688235470
188 90815.7538372866
189 91371.1671458928
190 92185.9969735605
191 92487.3985920692
193 93389.4149617132
194 94247.5256016208
195 94733.1176838244
196 94869.7574280171
197 95294.5568830884
198 95393.1915148354
199 95472.2096361242
200 96256.3461077472
201 97191.5720057396
202 97445.1065866447
203 97954.2299706117
204 98063.6198062816
205 98564.4009372148
206 98916.0704182741
208 99840.9647775978
209 100365.3265137954
210 101049.6868428313
211 101907.1266019253
213 102077.7239681536
214 102226.1395362852
215 102473.7454280324
216 102546.8239221089
217 103325.0427789738
218 103506.7625016055
220 104296.1343901808
221 104459.1021503652
222 104484.9603698588
223 104559.1854805833
224 105238.1892722742
225 106105.5071397486
226 106522.8750553191
227 107220.0804007770
228 107779.0281074036
229 108400.5685562985
230 108410.5782629262
231 108699.0508927283
233 108992.0015722638
234 109372.5790481102
235 109573.1239362278
237 110166.6931653597
238 110566.1884274353
239 111134.2589448485
241 111223.6231760232
242 111465.5679665283
243 111497.1109741991
244 112364.5604473882
245 113260.7039338502
246 114099.1926515845
247 114718.8008285784
248 115515.0051272127
249 116229.1078089437
251 116953.8185628250
252 117401.6453605027
253 118334.5600824781
254 118900.3144661247
255 119449.0448214645
256 119673.3813989124
257 120269.1424162898
258 120545.6096198257
261 120950.6463000636
262 121534.0870310345
263 121736.2425698315
264 122226.5869217658
265 122758.1978791227
266 123523.6293595152
267 124379.9493747010
268 125324.6130133131
270 125728.9497027831
271 126453.9898289706
273 127373.0529070720
275 128235.8491319172
276 128450.9153765236
277 128544.2026996943
278 129228.5064035145
279 130113.7968718270
280 130164.0791347050
281 130645.9606192989
282 131043.0438316112
284 131514.6189167545
285 132192.9826399500
286 132739.9807449674
287 133546.4703959659
288 133626.4362840182
289 134199.3708826231
290 134863.5549261791
291 135495.8660230286
293 136032.5287755441
294 136358.4261531280
295 136675.6346628309
296 137292.9358812911
298 137842.1378760755
300 137949.4467507762
301 138189.6094101297
303 138554.7318717895
304 138703.3988630189
306 139040.8606356375
307 139608.0220892332
308 140464.9125174431
309 141180.2049325287
310 141217.3315473705
311 141365.1120588871
312 142244.8797285980
314 142929.2714916488
316 143621.5974473893
317 144100.9311178402
318 144753.2992397829
319 145589.8671368332
320 146074.0102666847
321 146159.3067383467
322 146470.6389960823
323 146854.9094048973
324 147017.3314723572
325 147229.7059983072
326 147452.3834623420
328 148416.9262749651
329 148660.7363928808
330 149658.8243149755
331 150214.2110687495
332 150643.5918187550
333 151532.5014095695
336 151624.5934016440
338 152553.6072489594
339 152718.8543605338
341 153435.1603870144
343 154095.5577461342
344 154221.3314144896
345 154490.3451778528
347 154709.9915306294
348 155569.9062544855
349 155627.5051209727
350 156344.6937106996
351 156822.8633333971
352 157140.6995486081
353 157846.0627816388
354 158635.5192883061
355 158891.3215767129
356 159587.3690365458
357 159605.0872791308
359 159820.3473312310
360 160169.3669143752
361 161071.5408203773
362 161960.0116220912
365 162107.7333870616
366 162986.4220257406
367 163950.8458220257
368 164055.4076586873
369 164282.6561145038
370 164763.2376065141
372 165617.6155035438
374 166458.4075742469
375 166948.7508244306
376 167765.3987199247
377 167890.9952209539
378 168231.7382256860
379 168648.6083234270
380 169033.8413251837
382 169472.7842667383
383 169895.9779052934
384 170530.9587378581
385 170628.6161365222
386 171489.6484743963
388 172222.1581268398
389 172699.0365503383
390 172848.8272295271
392 173748.8895742640
393 173887.7666766602
394 174670.9182549094
396 175561.2778263247
397 176181.4945965132
398 176630.3872171143
399 177445.4209990765
400 177984.4853122349
401 178972.1977911755
402 179065.4551734065
403 179366.8951800278
405 180158.7434510549
407 180857.5772510831
408 180992.8555759012
409 181672.6246295008
410 182120.3692053382
411 182420.4425050714
412 183011.1298851539
414 183198.1060914194
415 184154.5397580946
416 184804.8735570004
417 185142.7902384487
418 185946.2255489482
419 186236.4289942830
420 187149.7216756897
421 188137.9487588419
423 188144.2300176029
424 189064.8108046615
425 189222.3914314094
427 189497.5668572156
428 189859.1493177456
429 189890.7412703813
430 190462.1682136112
431 190782.3378969476
434 191127.2553473944
438 191833.4937580297
440 192788.6380231163
441 193567.1839471842
442 194149.8227166522
444 195081.0676584372
445 195229.7120986443
446 195638.4989449443
447 196528.7736830587
449 196584.2727236380
450 196802.3703490268
451 197326.2247906851
452 197644.1063691702
453 198034.3564454569
454 198488.2483652849
455 199235.4802446849
456 199813.0306901483
457 199822.0339718738
458 199965.0556538824
459 200321.0594902586
460 200355.5244039167
461 200623.4708327762
462 200635.4101289384
463 200987.2214001597
464 201200.2725527383
467 201367.4489080915
468 202042.4687178407
469 202208.8829736590
471 202875.0076693486
472 203208.2883895260
474 203471.4072248725
477 203677.1071708291
479 203845.1752975494
480 204703.4504808731
481 204739.9738599895
484 204833.0651642086
485 204953.2997398668
486 205402.4504246764
487 205536.1090015147
488 205754.1943758856
489 206258.5501120110
491 206412.3161014797
492 207291.5014094125
493 207603.2489006282
494 208348.9280175900
495 209160.0544663813
496 209985.9967305675
497 210363.5708037809
498 210517.1129784186
500 211015.8134255501
501 211409.3689759203
502 211470.3794622062
503 212118.8202211925
504 212747.5829787108
506 213397.4802900492
507 214269.9895219082
508 214804.3415199181
509 215478.0865993477
511 216234.8853382303
512 216890.4985426017
513 217559.4392710147
514 218338.3245854005
515 219250.4659715462
516 219739.0890928636
518 219850.1628143204
519 220697.8133461993
520 221171.2441455416
521 221915.3887258991
524 222292.7025160484
525 222465.0263012008
526 223330.7677285969
527 223754.4950763511
528 223784.4715817957
529 224437.3834483095
530 224967.2075291906
531 225123.8038151183
533 225700.9038357797
534 226278.5538236017
535 226595.0197657540
536 226950.8699750040
539 227916.3655885413
540 228822.7296202817
541 229781.2153887964
542 230447.4105275143
543 230633.6348492770
544 230911.5896001644
545 231596.6377274831
546 231669.3107824540
547 232009.6152069758
549 232631.5982106988
550 232872.9943177010
551 233293.9363477450
554 233708.2105378974
555 234067.2120430260
556 234998.7767798511
558 235598.7564621680
560 235645.5436936948
563 236267.5690333413
564 236894.7017799002
565 237744.4950372909
566 238519.9552951488
569 239101.0049908845
572 239187.3522030748
573 239543.2340029693
574 240212.0745923948
575 240853.6185002803
576 241501.2077247461
585 241854.7947204157
587 242202.2831984198
589 242268.5441808388
590 242752.0942977137
591 243475.3684603732
592 244353.4655290725
593 244962.7024262206
594 245201.7236061020
596 245775.5912466206
597 246209.5672481427
599 247173.2610477158
600 248046.1816014709
604 248145.1777069838
605 248833.1881049715
608 249736.2718636894
609 250458.9655616723
610 251086.5885993874
613 251699.0193831410
614 251927.8251521857
615 252197.2634392366
618 253175.9485638394
619 253663.2511394309
620 254568.2346855534
622 255390.8406739516
628 256077.6566492185
631 256755.3188904856
635 257593.2513369930
636 258266.0418459188
639 259165.9716539606
640 259806.0119930069
642 259919.8971224518
643 260140.3258132239
648 260274.4659134835
652 261173.8730573755
653 261821.4533493307
655 261873.5879987367
656 262500.8766888213
657 263111.2384014314
658 263322.0822692419
659 263999.1621216932
661 264982.0325735122
662 265845.9423016620
665 265899.2083631901
669 266037.5419475776
672 266106.9863029839
673 266814.1024705676
674 267368.2330865147
678 268109.4795929255
680 268591.1885471808
681 268638.0188513246
682 268902.3269793214
683 269823.1666201163
685 269873.4104933726
686 270493.6815392546
687 270750.8505645947
688 271032.7165476443
689 271250.1967543480
690 271651.0034444793
691 271837.7900547232
692 272512.5080897941
694 273368.3547122706
696 273391.4042800676
697 273640.8827828942
698 274420.5547179023
699 274953.8293269874
704 275274.4006710220
706 275561.1804314567
707 275935.0548778581
709 276643.8357886647
710 276739.8558503481
711 277680.1936493173
714 277703.4058466618
715 278392.9071670022
716 278706.9289226423
718 279051.3278376161
720 279368.8367029360
722 279466.2248876469
724 280436.2160302222
725 280697.4567607800
726 281052.3613219330
728 281163.8326710607
731 282098.7192934689
732 282649.1713408445
734 283337.4464855061
735 283898.4854706675
736 284014.8531078938
741 284575.4343612656
742 285081.0207209851
744 285125.5981108891
745 285711.5218214964
746 286581.3227547486
749 287098.9991545487
750 287956.1401257485
751 288901.4291762733
752 289124.9462432581
764 289459.6863798677
765 289930.1731266595
766 289938.5435409403
768 290261.5839304922
770 291223.4248347039
771 291551.4423365063
772 291590.3982419686
773 291741.6545574428
775 292099.8771013734
779 292132.2294849896
780 292301.5003737822
782 293172.0672429787
783 294025.5593835736
784 294787.4035658815
786 295358.3970112406
788 295562.2914587247
789 296519.8023361687
790 297006.1246144848
791 297669.3802770341
792 298406.8507331921
794 298658.8169981240
795 299128.7251168360
798 300089.8404020504
799 301016.3174524042
801 301572.3848855579
803 302113.6187690576
806 302593.9942833244
811 302750.3447825716
814 302995.4891104332
818 303326.4252560266
819 303899.7005925034
821 304456.9945764838
823 305094.9074890829
824 305999.5254609109
826 306397.3388206908
828 306517.5719684036
829 307393.0573482852
830 307606.8479853747
832 307878.2590019692
834 308683.9331361157
836 308852.7147713522
838 309348.9273537808
839 310073.3059178001
841 310086.3446888641
842 310982.4826563810
843 311071.7288825911
844 311377.0380470676
845 312289.2362784466
846 313190.9054321762
847 313535.3086450907
851 313845.2313957982
852 313900.7274339398
856 314652.8603781174
857 315453.8705861476
859 315966.6380259202
860 316723.8422919876
884 316739.3828723911
885 316871.2616050579
985 316873.0533844148
994 317215.6669971821
1021 317216.6802356506
1024 317326.8906677238
1216 317343.0252737603
1217 318118.8018735636
1279 318120.3338725892
1280 318971.8366270054
1521 318995.8526266303
1525 319799.1006426814
1676 319800.5560470337
1679 320339.9966908109
2317 320351.1367856467
2318 321089.4715630715
3110 321110.5626492286
3111 321625.8075333170
3146 321635.9090456645
3148 321823.2808869144
3425 321848.0712094671
3427 322224.7802239593
4339 322260.4717534127
4340 322522.4965539276
4517 322529.2138535814
4518 322580.8945237618
100000 322080.1082418173
evaluations raw_y
1 -2420.2392277087
2 -2329.0413170068
3 -2027.5202626491
4 -1111.9426736114
5 -1072.2210764898
6 -373.3303479568
7 562.5522107414
8 1111.5044013640
9 2086.9634552341
10 2096.4765027199
11 2155.9133907924
12 2911.3918486587
13 3506.7932663694
14 3725.3467915750
15 4065.7214966526
16 4804.4320527915
17 5219.0414485345
18 5764.2176053173
19 6047.0752071625
20 6695.5919409404
21 6817.0278835538
22 7629.8851259125
23 8234.3478555440
24 9083.5243971206
25 9446.1300142391
26 9723.4566563184
27 9760.7175533628
28 10109.5016281352
29 10229.9340303638
30 10392.0181697963
31 11333.7078166979
32 11658.0020910624
33 11770.6374785600
34 11997.1250804500
35 12385.9390547685
36 13108.4572392596
37 13594.3811271704
38 13983.3489159220
39 14599.9193598898
40 15342.8499731084
41 16035.9459305896
42 16508.2547403080
43 17181.1482652815
44 17658.9184355742
45 18644.2390301941
46 18923.8686148211
47 19107.2989308486
48 19428.5782466080
49 19459.7296475647
50 20421.2331601900
51 20930.7237147617
52 21158.1435363603
53 21685.6761228524
55 22405.8379969234
56 22712.3111857604
57 23530.3015626273
58 24423.4141956969
59 24511.0805496277
60 24935.9505753494
61 25666.8695748378
62 26330.3908509721
63 26540.1233606494
64 26794.3973228318
65 27610.2348868557
66 27953.0655222872
67 28886.8434455992
68 29285.5834587808
69 29604.4256135661
70 30086.0905631556
71 30740.1689314196
72 31622.0340180666
74 32003.8899424397
75 32112.1872847617
76 32263.8331541145
77 32605.7610344213
79 33090.6913460861
80 33820.2587974800
81 34634.9780806597
82 35573.6185516156
83 35665.5108643784
84 36175.4959749873
85 36865.1262466572
86 36867.4557962809
87 37724.8847153755
88 38223.9409594699
89 39191.5091351110
90 39811.3831039541
91 40705.5331492896
92 41353.9986993772
93 41640.5297791485
94 41926.1939865731
95 42849.7336362485
96 43669.8279488816
97 44424.4703793906
98 44592.2051921912
99 45525.5586141365
100 46215.5917935772
101 46956.5461866217
102 47109.9220942805
103 48035.0912997075
104 48085.5317923685
105 48165.0030231311
106 48754.9793096215
107 49209.6721044159
108 49360.2493318973
109 49648.6115170058
110 50591.8806080283
111 51059.5510740381
112 51062.4689334922
113 51084.7377225993
114 51138.1240788263
115 51907.2162741190
116 52583.3573148747
117 52799.4610004972
118 53798.4779879987
120 54567.8841194978
121 54778.1516427424
122 54879.0362637201
123 55103.5622921014
124 55958.6883964584
125 56813.3176491389
126 57031.1986017640
127 57315.8227348285
128 57994.4463284486
129 58606.0351278551
130 58667.8078623604
131 59643.7163698473
132 60126.9273381444
133 60185.5807147811
134 60987.6813977382
135 61956.9391500411
136 62557.1888662259
137 63144.2612174881
138 63685.1834658290
139 64357.4324474370
140 64993.1572448733
141 65320.1169330270
142 65492.6872161588
144 66272.1926176586
145 67242.5960180163
146 67770.0613098121
147 68060.8478232239
148 69024.8725406449
149 69120.1992846366
150 69344.1916111786
151 69523.3527619690
152 70153.6388144577
153 70247.6494389538
154 70524.1360406771
155 70833.1953097187
156 71746.4003823342
157 72108.3225978258
160 73101.0428649538
161 73709.5494919662
162 74083.2020665726
163 74632.0360893202
164 74821.7893989235
165 75492.1446537088
166 75713.5622789486
167 76286.5194287182
168 76939.1496441563
170 77349.3803194959
172 78235.8355386775
173 78347.7204730907
174 78745.7020242479
175 79524.3258925375
176 80428.3761920589
177 80524.3710578688
178 80885.5467519358
180 81679.7974010239
181 81878.7169434445
182 82866.0861511047
183 83550.8329155933
186 83827.9790273859
187 84199.1870974974
188 84305.9652241355
189 84862.2547883629
190 85418.2541228821
193 85588.3975599668
194 85949.1240924523
195 86735.6242781695
196 87055.7281818147
197 87331.2851568564
198 87788.9604912175
199 87965.6773221762
200 88716.0663329674
201 89121.8221518318
202 89501.4382919625
203 89926.9493825178
204 89998.4403665754
205 90869.9098986819
206 91776.4513627179
207 92467.9596105286
208 92511.5260492424
209 93300.7578899106
210 93399.5985692206
211 94204.4619511796
213 94366.8390341587
214 94854.5838929127
216 95506.2871194032
217 96166.6309308326
218 97101.7493776927
219 97511.0746869219
220 97716.8750134517
221 98293.3724400882
222 99144.6163221115
223 99162.8185470037
224 99669.3364674303
226 99855.9394620323
227 100680.4486325546
228 101557.8661907036
229 101615.9440940049
230 102186.7544495291
231 102880.0268703535
232 103298.4616216242
233 104209.7657036792
235 105103.7130470224
236 105321.9982655099
237 105482.1699293919
238 106117.0998526201
239 106854.7832662677
241 107406.6258660545
243 108218.9507202462
246 108536.6669537673
247 108868.5233168786
249 109486.9883486343
250 110394.2653853865
251 110547.6115676417
252 110667.1742448384
253 111574.4812263672
254 112125.1146452508
255 112908.8288781897
257 113111.4877406145
258 113234.7830483609
260 114101.0694996970
261 114822.6410893683
262 115220.2825157366
263 115606.4449676706
264 116436.4009862356
265 116713.8172496320
266 116758.5466912330
267 117750.4092020502
268 118160.5676679047
269 118991.7706640783
270 119172.9592751778
271 119500.7337687661
272 120340.0601275004
273 120433.4604937309
274 121187.6504933348
275 122001.5755260781
276 122997.6397727475
277 123132.1519369472
278 123392.0661035947
279 124275.0095328840
281 124815.7968870869
282 125069.9343190804
283 126042.6386110371
284 126821.4820227933
285 127201.8278683651
286 127651.5240443114
287 128135.7031965856
288 128376.9660285796
290 129061.5486755402
292 129544.6669934125
293 130381.5707398480
294 130484.3653195889
295 131204.1777934479
298 132122.3264920331
299 132190.5168449339
300 132681.4726250176
301 132699.8924774053
302 133637.1757035286
303 133724.9426000204
305 134141.7038610955
306 134644.1124345936
307 135517.7799775471
308 136449.5433679518
309 136787.9156449262
310 137000.6420889524
311 137847.4576873799
312 138825.4731469142
315 139002.0214112949
317 139946.7183324163
318 140695.0403126178
319 141411.0639754549
320 142149.6052331956
321 142796.3069306614
323 143157.0707742972
324 143356.9894185051
325 143841.8888406605
326 144495.4782215366
327 145459.7797949304
328 145804.1018515736
329 146025.1368884201
330 146337.9719803353
332 146565.4903659261
333 147487.8661107389
334 148457.4878837751
336 149101.3630412439
337 149469.7178822104
338 150112.9750172234
339 150147.4128847149
340 151019.5988441536
345 151767.8337498074
346 151908.7096119363
347 152730.5777392790
348 153122.4720706143
349 153420.6389502627
350 154115.0082823032
352 154635.5475054786
354 155101.1284181462
355 156065.9019225044
356 156614.5189004089
357 157542.9769551318
358 157576.8571971406
359 157865.0597446280
360 158752.8236877057
362 158875.5002536855
364 158997.2262055978
365 159656.7020149469
366 159879.4593678044
368 160070.3642113758
369 160120.8702834572
370 160887.8350368438
371 161163.3967333293
372 161932.1117872965
374 162170.9131060712
375 162887.6852229146
376 163382.1536753990
377 163901.4335248948
379 164595.2485412745
380 165477.3883263962
381 165617.1215609566
382 165858.0161622096
384 165955.5699860632
386 166943.5369024978
387 166999.5371604912
388 167024.2995981253
390 167745.2053182026
391 168089.0372867392
392 169071.7715957655
393 169408.7006873452
394 169703.9146384760
395 170618.0176284776
397 170857.9201879300
399 171145.1496954993
400 171194.5799803138
401 171909.7146213423
402 172433.8485909957
403 173344.7769301203
405 173708.2138443131
406 174481.6981334044
407 174986.0860276916
408 175217.2358261393
409 175810.0932638392
410 176740.5686490519
411 177469.7644327662
412 178231.6538538321
414 178788.2980934445
415 179160.5113018357
416 179609.9825521432
417 179856.4363250860
418 179976.7829510061
419 180836.4423541441
421 180887.1807433348
422 181181.3483709746
423 181294.9419192515
424 181480.5008981469
425 181660.9439651117
426 182518.2470545919
427 183493.8033433286
428 183696.9585677501
429 184184.8919444108
430 184858.9802384148
432 184972.4585435082
433 185749.5008741434
434 186584.8439876690
435 187283.2925698862
436 187826.1431570861
437 188339.8734116645
438 189155.4816445939
441 189551.0555840583
443 189578.6706058508
445 189896.6594770404
447 190851.7342101212
448 191124.4546456581
449 191738.1764718147
450 192203.9842086679
451 192753.8700137190
452 193119.8182450005
453 193385.1681952685
454 193907.4591055595
455 193982.5153495816
456 194257.6912524969
457 195135.4146103606
458 196027.4395157957
460 196117.9337932304
461 196234.7295343249
462 196778.4974285839
464 197213.5427317705
467 197444.3051002946
468 198405.2173304138
469 198900.5957908763
470 199889.9004097160
472 200852.3345917097
473 200856.9285396095
474 201781.6221579387
475 202471.9600158955
476 202493.0509710384
478 203117.7857273364
479 203384.7362020682
480 203859.2705527468
481 204566.3098170213
482 204883.4461531218
483 205719.9146369768
485 205970.7853418734
486 206452.7606237517
487 206475.1179137887
488 206924.3296755533
489 207813.7310647195
492 208719.4466491336
493 209558.5487780490
494 209650.8743626047
495 210213.2988028369
496 210789.9209373797
497 211751.3632422803
498 212430.1150560922
499 212470.7624966403
500 213029.7861479264
502 213224.2953388620
503 214106.1268697343
504 214839.4199554854
505 215112.5159112257
506 215730.6788610673
507 216594.3317454954
508 217244.2599391640
509 217312.2402146528
510 217927.8485413528
512 218672.3331248033
514 218898.4448138384
515 219843.9333367892
516 220165.6077172713
517 220883.8021532135
518 221569.8662143637
519 222030.0914760770
520 222750.9194141881
522 223266.8702972334
523 224034.9775585639
524 224847.0479802559
525 225559.9011533030
526 225640.9716941267
530 225858.8097042812
531 226346.3816668521
532 227191.6926294159
533 227318.2523699668
535 227767.7202785961
536 227972.3665611993
537 228449.1606827530
539 229166.5682935480
540 230025.0023353509
543 230136.7551548117
544 230178.3297635978
547 230792.3269309654
548 231328.0087183550
555 232237.4574925072
556 232503.0866222020
558 233406.6004619276
559 233472.2688359403
560 234342.0360441539
561 234793.2389082395
562 235708.9587533157
563 235804.6725582555
564 235957.3851963652
566 236159.7914117718
571 236551.9868671355
574 237134.5515332795
576 237964.7636367172
578 238422.0981396737
580 238440.2121218715
581 238587.8918422998
582 239164.4983981960
583 239446.8227328405
584 240132.5400447720
588 240649.8965686785
589 240764.1788726223
592 241030.8666471788
593 241276.7986140190
594 241559.4811542258
595 241941.1796611642
596 242292.6218864384
600 242378.5272265654
602 243018.0523853602
603 243683.3588863871
606 243736.6312187626
608 244012.4436795404
609 244344.3111184664
610 244850.7448290110
612 245275.0297921626
614 246121.1579864407
616 246479.0781900885
617 246852.8880073901
618 247196.3171297701
619 248051.7989215218
620 248677.4905270368
621 248941.0845192396
622 249650.2612467963
623 250199.0672647486
625 250649.6180557520
626 250675.7267665306
627 251430.1414481251
631 251626.7159742714
633 251999.8722033100
634 252495.0739899875
638 252759.5087322150
639 253284.5090963559
642 253331.8619858907
643 253373.1359309756
644 253374.9966761400
648 254204.4188220937
652 254826.2334144042
654 255500.4298428867
655 255653.8815348767
659 256567.6448789164
661 256624.6087836911
662 257141.7182117447
663 258033.4596030819
664 258150.3379116775
666 258514.7055137145
667 259314.7748225580
668 260225.5366589760
671 261140.2971861383
672 261803.9045054944
673 261956.6712748167
678 262776.1349546869
681 263645.9744547924
683 264506.2003854791
686 264598.6892055986
687 264872.9601003679
689 265212.8321428844
690 265412.7841806245
693 265902.5290487990
694 266042.9946531552
695 266106.9727973582
696 266397.9428757795
699 266659.5871263908
700 266829.8339613534
702 267362.2223658806
704 268064.6462316095
705 268503.8372424554
707 268915.5118372181
708 269370.6167172999
709 269740.8977354831
710 270711.8031505688
712 271428.9863097551
717 271913.5718344022
719 272683.9256292853
721 273036.1795706989
722 273719.7705323052
723 274410.2717222373
725 275034.6790491787
731 275439.7078687265
732 276232.4256561572
733 277130.7209456976
734 277898.6082524417
739 278735.5152913244
741 279424.5739160912
742 280149.8822239867
743 280776.0041232064
745 281070.7496585940
746 281504.4890462339
748 281637.9660997189
750 282402.5830360294
751 282875.3488223669
754 283855.4812958331
756 284163.7699897655
757 284934.3655865908
759 285655.2884824576
761 285864.3929742699
763 286730.5626219005
764 287322.2830213309
766 288276.3173427177
768 289075.6986225175
770 289469.6832425807
771 289896.4594534342
773 290233.4269733425
774 290527.1830496484
775 291229.0672560986
776 292202.2670431131
777 293046.9529050779
779 293252.1879546463
780 294034.0038374544
782 294986.6342194587
783 295537.4410361975
784 295594.5382100545
787 296196.5399937501
788 296812.5230445981
789 297084.1234611848
790 297365.5136558182
794 298212.6331114054
798 298520.7137786937
800 299413.7473812739
803 300052.5950144182
804 300727.1887664872
805 300757.4518741259
811 301302.1898285698
813 301678.3472977866
814 302545.3911834391
815 303218.0591188098
817 303254.8493014057
819 303377.6281134732
820 303550.0846940890
824 303724.9203366879
827 304684.7797591747
828 305216.9457556614
829 305491.5609268437
831 305757.2863053076
833 306524.6489271151
834 307152.7795106136
836 308043.2469621642
838 308252.1900125653
839 308272.8900585147
843 309013.8445349128
845 309042.2221966603
848 309951.6128843460
852 310778.1277984147
853 311002.0242334995
854 311808.6586892229
855 312023.3689781043
856 312390.7076996201
858 312574.2455808642
860 312766.8060209224
863 313385.9180947680
864 313688.0073718523
865 314207.6172442978
866 315051.1427263110
868 315876.5194258845
1367 315889.9271336402
1369 316138.5365819568
1449 316145.4126207570
1450 316176.9841613867
1494 316177.3721588376
1496 316462.9306654743
1621 316464.6139885292
1624 317092.0847020610
1643 317126.7338676266
1644 317172.7857546872
1695 317188.3821989819
1698 317768.7309638836
1771 317778.9695635373
1773 318344.1672314453
1819 318355.0185343922
1822 318391.0058693569
2275 318409.7842977226
2276 319219.2470153521
2752 319221.2414617180
2756 319253.2706514903
3639 319254.4645805106
3640 319767.3089257478
5985 319792.3980549588
5986 320662.0503386633
7852 320697.9592601118
7853 321172.5918659004
8187 321189.0127024794
8188 321517.3925145601
100000 -2073630.0000000005
evaluations raw_y
1 -2304.5338862814
2 -1799.3188335855
3 -1783.9095138506
4 -1480.7118183257
5 -1013.0787874863
6 -487.3631580513
7 13.9070642508
8 223.8070270775
9 539.5015901282
10 1077.8598423162
11 1350.7033822333
12 1570.7576171950
13 1724.3044249196
14 2512.0972211268
15 2981.7922800448
16 3515.6235340518
17 3607.7981002519
18 3635.9319168472
19 4546.9227406600
20 5289.9116282986
21 5513.3740039883
22 6193.4146872845
23 6547.1591667106
24 7039.4031802732
25 7591.8560048288
26 8331.2239370266
27 9203.9793925182
28 9948.9912415908
29 10941.4175165666
30 11370.7777448035
31 11728.5272613835
32 12312.1002341234
33 12492.4999714767
34 13182.8057769608
35 13723.1123409394
36 14443.0557523654
37 14762.0423216968
38 14866.9804989411
39 15775.6864880426
40 16231.4513062377
41 16804.4224464556
42 16819.9285850569
43 17791.0298790459
44 18555.3238449833
45 19546.6590425023
46 19911.1939403816
47 20182.3925210162
48 20575.3225587337
49 21260.7896945351
50 21279.6618250326
51 21533.7875198050
52 22523.0371409436
53 22747.4482474938
54 22958.1783795471
55 23212.8493244710
56 23434.6605318562
57 24400.7891086414
58 25168.5629277755
59 25807.3057839493
60 26124.7651585816
61 26780.6044378938
62 27551.9346148889
63 28204.7642993622
64 28838.0591006963
65 29080.5382988160
66 29188.8472833132
67 29543.1374575100
68 30521.9624793466
69 31226.5324468556
70 31942.7436291335
71 32882.1969081381
72 33383.8547421654
73 33971.0700333625
74 34736.7624714806
75 35042.4018780713
76 35413.1286222745
77 35507.8068369632
78 35771.3440189240
79 35991.2727034356
80 36776.4530159732
81 37667.3043373246
82 38131.3266447246
83 38519.2398120370
84 39096.7053153963
85 39205.0054051554
86 39712.6612135133
87 39862.0011057469
88 40500.2271935496
89 41459.5155138719
90 42049.5183027046
91 43011.4546172122
92 43831.8919307620
93 44811.5413212964
94 44889.8011495469
95 45498.2357134609
96 45820.1442618749
97 45890.3839216847
99 46883.3079056121
100 47232.9184657752
101 47522.3623881048
102 47763.8875158533
103 47971.9421701542
104 48298.7209189835
106 48523.3763233694
107 49430.0360482609
108 50046.2509853776
109 50217.1773136819
110 50965.4571834115
111 51154.9451779765
112 51202.7601021906
113 51477.2979815465
114 52221.8529379313
115 52506.6973138060
116 52775.8887350294
117 53498.1436783351
118 53952.4779523207
119 54254.4943722797
120 54575.8808456870
121 54627.1259159871
122 55136.2096373664
123 55273.4616643141
124 55945.7310282562
125 56798.6138928445
126 56932.2040583632
128 57606.4073352408
129 58514.7490582286
130 58775.6247517298
131 58824.9664306094
132 59477.7641811253
133 60171.0415933204
134 60462.6021200395
135 60787.2645940779
136 61211.7533144902
137 61427.7316130073
138 61572.7234899696
140 62543.2050298755
141 63426.7892294314
145 63915.5768733374
146 64452.3213175577
147 64931.5788441750
148 65669.9686507934
149 66485.2354660253
150 66822.3073519671
151 67482.1245173083
152 68407.1464715859
153 68717.7331346400
154 68783.0274163410
155 69009.9151295549
156 69694.7409747567
157 69843.7448545431
158 70416.3442745151
159 71068.7933749793
160 71440.2091516868
161 71807.5250873172
162 72604.4929735947
163 72965.7891852103
164 73598.3385893107
165 74060.6375094494
166 74569.9713915527
167 74998.8076836486
168 75267.6187552299
169 75885.9538704173
170 76635.5990366907
171 77191.6316784289
172 77646.2499605466
173 78196.2639863731
174 78637.3544124629
176 78826.9497190083
177 79215.3099900715
178 79275.6048084046
179 79717.8161587624
180 80003.7735857377
181 80278.8820382400
182 81138.3130332671
183 81347.4501221886
184 81896.0419868788
185 82174.9189944811
186 83034.4521150272
187 83871.4531283329
188 84784.3343306082
189 85703.6138319106
190 85909.4919865565
191 86197.5899324375
192 86293.9005949204
193 86826.3551971043
195 87686.2635205513
196 87794.2690121013
198 88485.6749300792
199 89354.3428994666
200 89457.6483403447
201 89485.8842720987
202 89667.7589506530
203 90032.0024660529
204 90679.5798893340
206 90949.5842915399
207 91233.4687809763
208 91584.2017192738
209 91646.4210982829
210 91684.8340946596
211 92545.1471769492
212 92885.0249119034
213 93329.4180902314
214 93488.7614009983
215 94361.2235926496
217 94422.9876678857
218 94761.5207553614
219 95375.9025538602
221 96057.0551747562
222 96058.5966246170
223 96951.0221529166
224 97788.8745858921
225 98018.6899819043
226 98671.8418173432
227 99090.7659315578
228 99788.4824745462
229 100228.7361863778
230 100915.7728044791
233 101524.1990334697
236 102292.1237912841
238 103283.3707320920
239 104251.9197559492
240 105164.8814070768
241 105847.2429131910
242 106058.7775046031
243 107003.8711567244
244 107248.7859360791
245 107251.4834679453
246 107482.4632081372
247 108102.0796282747
248 108657.8818303068
249 109632.7549821106
250 110536.1866464037
251 110854.5089749729
252 111820.3869892860
253 112323.2215233290
255 112550.8509644510
256 112656.5730698849
258 112855.3245412028
260 113613.3770360369
262 113838.5280118997
263 114677.9170808350
264 114722.8577289333
267 115524.1237200326
268 116001.3224012594
269 116478.6155804825
270 116565.3180875347
271 117442.6275014670
272 117456.1783766799
273 118150.4585535884
274 119013.3833403821
275 119316.8692530393
276 119878.6325792557
277 120100.2766481259
279 120473.7754130322
280 120665.8290633562
281 120905.7664501420
282 121647.7439563964
283 121825.9073337325
284 122391.3475378656
288 122392.1663528901
289 123152.7118067237
290 123877.7047366521
291 124645.1350926794
293 125615.8221464940
296 125914.7348132380
297 126350.7365060286
298 127054.2989861649
300 127140.0482461200
301 127758.9666502128
302 128505.8819719068
304 129178.1270138270
305 129384.2507413308
306 129942.5672749120
307 130780.6016802994
308 131325.8084805111
309 131749.8337895555
310 132069.0902047011
311 132478.1436855534
312 132684.0519242133
313 132991.6596204235
314 133100.0680081657
315 133936.7613662616
316 134085.2130629035
317 134572.2282319914
318 134892.9875733709
319 135380.5082859726
320 136272.6104418910
321 136518.3309253421
322 137125.1753770097
323 137741.5802663151
324 138477.9486823807
325 138794.7727962898
326 139000.0491036556
327 139249.8474503589
328 139562.7051175459
329 140235.4292422788
330 141120.2214491543
331 141352.4813613211
332 141612.1582469057
333 141939.2041716183
334 142848.1157625754
335 143683.2918329870
336 144343.9086932432
337 144843.7289245968
338 145693.1559641860
340 146554.1159876576
341 147136.1967511793
342 147244.3198527170
344 147887.4072600606
345 148706.9378878738
346 149568.8157845730
348 150532.0378960031
349 150694.1149204976
350 150963.1204246162
351 151390.9992562798
353 151436.8299898511
354 152265.7314390783
355 152430.7669709206
356 152722.3383222207
360 153288.8188621963
361 153882.0693377196
362 154165.1546459825
363 155128.3425230998
364 155513.7123018510
365 155564.7670351216
366 155839.0544512869
367 156518.1732712411
368 156607.3490526037
369 157523.0279916368
370 158298.5494777820
371 159191.8181376115
372 159784.5669431382
373 160359.1361755503
374 160398.7668446732
375 160597.8282561266
376 161508.9876639668
379 161704.2795760279
381 162676.2849639164
383 163251.0740467351
384 163568.8072873667
386 163596.6944392209
387 164527.3219938546
388 165199.0862154205
390 165386.7499552892
391 165629.7227782643
392 166356.7971862197
396 166482.3804113666
397 166933.9188478354
398 167290.5761295087
399 167314.5385343973
400 167702.6920555921
402 168042.0822972438
403 168608.4416165445
404 168776.7894852049
405 169659.4033830893
406 170223.1951225605
407 170955.4390618958
409 171250.2647410174
411 171699.9865556775
412 172172.5078535512
413 172614.8855081216
415 173098.9648560396
417 173837.6793050223
418 174287.0777359045
419 174697.0930027798
420 175277.9977573325
422 175555.6659295363
423 176133.5557412362
425 176784.0478800729
426 177159.5712140296
427 177439.7391215985
429 177623.8050387027
430 177910.7143942060
431 178343.5735973502
432 179285.6720408095
433 179476.7357498144
434 179893.1103226221
435 180801.6375532411
436 181023.0231371310
437 181512.6605748643
438 182392.5249438347
439 182539.7573748685
440 182661.4603999930
442 182932.2682736931
443 183392.6688856816
444 183998.0565917575
446 184865.2359266088
448 185204.8648438522
449 185456.6298596681
451 185742.4429904295
452 186556.0047083520
453 186789.6963495836
454 187505.9407119773
455 187620.0648810665
456 187912.4050408166
457 188290.8815270603
458 188768.6645553040
459 189684.7061833787
460 190598.4863891297
461 191439.8449714460
462 191989.6413650686
463 192786.2430460286
465 193538.7282158515
467 194304.5913311336
471 194771.9902815538
473 195324.3933499079
474 195652.3921722498
475 195682.1705215193
476 195946.3223498592
477 196321.2356486483
478 197288.3069264491
480 197650.0905965333
482 197761.7206311148
483 198571.7780313677
484 199103.8578311646
486 199890.3298845431
488 200377.4005623898
489 200773.8570870977
490 201297.0255541066
491 201541.8386277070
492 201917.9123606547
493 202484.4562204186
494 202820.1973735022
495 203042.6395127746
497 203962.8285029151
500 204704.1738805749
501 205344.4746355730
502 205481.1265892232
503 205484.0488924816
504 206100.0288879087
505 206594.5550069647
508 206910.0156086936
509 207043.1791300582
510 207063.4237802275
511 207759.3405995630
512 208087.5271002472
513 208913.1181794351
514 208927.9718239808
515 209403.4385120112
518 210275.8814356553
519 211211.0854389557
521 211976.7219149524
522 212004.4551639846
523 212567.8874512175
524 212633.3498829684
525 213346.2898146244
526 214017.1684691075
527 214546.9426708212
529 214552.4536101194
530 214586.9636490077
533 215560.0365106969
534 216195.3857318686
535 216595.3041976783
536 216752.9090872348
538 216905.3804465812
539 217817.5991097571
542 217982.8264252086
543 218063.1311794964
544 218925.4904131969
545 219604.4247379203
547 219959.7534536764
548 220116.0677707107
553 220465.0546682377
554 220576.2155517708
556 221079.7649225793
558 221084.5299429901
559 221780.1365653414
560 221832.1791480068
561 222151.9245174267
562 222557.0875425931
564 222597.6113402873
565 222619.7121097493
566 222658.8066338443
568 223637.1629021659
569 224432.3915420028
570 225358.2757537903
572 226171.3522830932
576 226271.1689912188
579 226927.1013095301
580 227505.4584405183
581 228355.2823602512
585 228934.0843676354
586 229216.7754862167
588 230067.9811788790
589 231024.2324820455
590 231213.9142841553
591 231747.4534313398
593 232405.4132522914
594 233263.7521493981
595 234121.0870935633
596 234124.7685707525
597 235068.6496219889
599 235825.7044974523
602 236300.9247936140
603 237235.7527710760
604 237505.4407247949
605 238325.8856227877
607 238674.6220354714
608 238682.7293368579
611 239181.0245316110
612 239999.4520906219
613 240689.0640701524
614 241538.0178513251
617 241713.0845168882
621 242562.1008348522
624 242798.1332143223
625 243491.0920047328
627 243766.9415633156
629 243895.3055231442
631 243958.8442184147
632 244215.0354610026
634 245172.7648490599
635 245256.8064239377
636 246103.0764654581
641 247044.5244607334
645 248009.6917556045
647 248525.7919496025
648 248691.4551345237
649 249527.4186846300
654 250483.8176359195
656 251409.2193367703
657 252046.5900568642
659 252689.3894001363
660 253485.8809005911
663 254367.6498611526
664 255110.9268217953
669 256009.9130975384
670 256847.3947110496
672 257801.6197344317
673 258449.2941744472
674 259360.8069504168
675 259763.8085100048
676 259811.2298905163
677 260175.1967701335
678 261160.1908517543
679 261203.8513119180
681 262059.8449605688
682 262273.1788163850
683 262788.2648038139
684 262861.4343631308
685 263174.3837568145
688 263669.8021159932
689 263695.3615355485
690 264302.0721203405
691 265136.8643774208
693 265213.4348326338
694 265973.4231806772
699 266325.1107706965
702 267300.3430647509
703 267701.9324786159
704 268361.3015351265
707 268703.9994635539
708 269383.4297683878
710 269993.8722159951
711 270795.6155867843
712 271775.2616872894
713 271850.9692335511
715 272698.1132749288
716 272995.0971399752
717 273786.1582599550
718 274342.1057698878
719 275199.4020459250
721 275736.4568589769
722 276506.1506074573
724 276655.0120767281
727 277343.5853647447
728 277489.2299017545
730 278198.9460003042
731 278400.6911925293
732 278940.6423067656
733 279262.7126719844
734 279736.0763652151
735 280119.3600160698
736 280779.6492354134
737 281736.3407680451
739 282352.8041640880
740 282817.9727493745
743 283335.5309932927
745 283720.9815139939
747 284652.1140614314
748 285615.6290819033
752 286590.9413010709
753 287015.1995334524
754 287209.8721196600
757 287931.3975107953
758 288020.9037555932
759 288028.3109597004
760 288391.6730909402
761 289037.1838521694
762 289307.8718513027
763 289319.5145703536
765 289882.9527629450
766 289984.4854580357
767 290661.5568374260
771 291098.8811076982
772 291175.6501498693
774 291494.8559088696
777 291526.3358084091
780 292384.7019900653
782 293154.5866787785
785 293882.2907687056
787 293976.7561655077
788 294721.9558810101
789 295583.0400004174
790 296278.2782012055
793 297029.3798133064
794 297051.9546151993
795 297500.0379578580
800 298020.3756364222
803 298930.6400068236
804 299774.6721297981
807 300304.7592563920
808 300592.5207109843
809 300967.3491767254
810 301480.0840083180
811 302344.5547439575
812 302421.9712738034
814 302911.8223095225
815 303254.8281166616
816 304159.4530963984
818 304360.6489417901
820 305114.9418358416
824 305240.3972445739
826 305346.7862639897
827 305784.2357205843
829 306685.4667652766
830 306896.3266093293
831 307248.4687778784
834 307568.8008124729
836 307849.3514483679
837 308086.5686977251
838 308583.3600279505
841 308595.8163187074
844 308851.2096305813
846 309647.5423397358
847 309763.7515687354
849 310679.6457674644
854 311502.6924259547
855 312378.7266463368
857 312839.6727196488
859 312869.2607202834
860 313803.5060803216
911 313812.9808545377
912 314252.5280177227
981 314264.6114175021
982 314322.1893494610
1023 314337.3111583953
1025 314396.1678611163
1117 314407.3350587185
1118 314471.1945722837
1192 314497.2021227801
1194 314521.5793298219
1395 314532.1755409464
1397 315349.7873383120
1501 315350.9328128892
1502 316214.8915613751
1573 316228.0947514161
1577 316940.0624354423
1648 316962.3931278589
1649 317450.7202981925
1685 317455.9884754961
1687 318233.9375711312
2125 318255.8441045951
2127 318570.9977762673
2589 318571.7248222146
2590 318658.1004488157
3759 318672.9097764514
3760 319348.4040701013
3827 319368.9426501734
3828 319530.9555480380
100000 318602.3767830443
evaluations raw_y
1 -2672.1811570155
2 -1800.1669860098
3 -1681.1240666974
4 -1188.3780903046
5 -1104.7954462395
6 -612.4480306993
7 -309.2758813940
8 -11.4085951713
9 311.0058429713
10 334.2119070894
11 974.9905331570
12 1558.9316824023
13 2341.6535058694
14 3223.8325654082
15 3520.7013788335
16 3523.4457149057
17 4217.4831308545
18 4492.9418978616
19 4835.2610993194
20 5776.9916169591
21 6528.4486512845
22 7081.1180443472
23 7591.2590831041
24 8022.2098901065
25 8729.0314016871
26 9541.8491414824
27 9817.5993067879
28 10107.4274754334
29 11086.2717228686
30 11189.8218869389
31 11364.9281427443
32 12150.4258697594
33 13009.1937629148
34 13835.1457616335
35 14000.1243548036
36 14917.7125221865
37 15256.6184013901
38 15795.9790557875
39 16194.9431159361
40 16377.7942632505
41 17285.5449014859
42 17748.6545024480
43 18304.9924658109
44 19291.5049899552
45 19589.3053260226
46 20154.0975745873
47 20194.7436401849
48 20373.3423170883
49 21007.5997412231
50 21846.2664268576
51 21965.1809422154
52 22435.5349164425
53 23190.4277159211
54 24023.3536565189
55 24990.3599294571
56 25227.4936965894
57 25712.4280537648
58 26389.8483460063
59 26891.5720428453
60 27698.7981522641
61 27857.0454850012
62 28492.0358588934
63 28981.8386934393
64 29365.0387922504
65 29695.2797825215
66 29966.2354791806
67 30737.9888072923
69 30803.6344335746
70 30959.3348132911
71 31677.5737331689
72 32416.6523558741
73 32452.2312771281
74 33377.7861429573
75 34259.0355260508
76 34921.9809726096
77 34973.5449051702
78 35606.7413912971
79 35855.6308752885
80 35887.3593972558
81 36216.7448459065
82 36855.2941497735
83 37414.8977391556
84 38278.8338768294
85 39030.7343543340
86 39540.0262527231
87 39567.7165114448
88 40506.3110208793
89 41481.3931498805
90 42473.7684858715
91 43226.5618790313
92 43240.7122177132
93 43408.4087139254
94 44272.0870123020
95 45043.8216660684
96 45263.4678922118
97 45321.2948951741
98 46229.8204331436
100 46682.5886817509
101 46772.7604910054
102 47142.9752667330
103 47433.9019784484
104 48005.3221294250
105 48964.2431524813
106 49316.6850253168
107 50257.2983389339
108 50799.6048930068
109 50863.3783801616
110 51413.4904685111
111 52399.2021400208
112 53117.0675918019
113 53624.4679275878
114 53831.9598828258
115 54443.6746357327
116 55052.3847096612
117 55290.2092107675
118 56214.1778481599
120 56784.7386750259
121 57444.5800616904
122 57561.7244472215
123 57598.1323450614
124 58044.2490113495
125 59031.7100412642
126 59344.8871202508
128 60122.5044096536
129 60667.8536386726
130 61112.3175977475
131 61264.9565646771
132 61293.3417894203
133 62144.3257761850
136 63038.3417100297
137 64008.6936820925
139 64914.0550235624
140 65206.4189178424
141 66139.3824622157
142 66617.3718041353
143 66716.4297934873
144 66977.2298431045
145 67218.3284194669
147 67586.0981859818
148 68005.5988208692
149 68568.0389017763
150 69057.1313334630
151 69292.5171182363
152 69971.1986153087
153 70808.3834174659
154 71448.4544528867
155 72004.0765843657
156 72064.2197330964
157 72530.6792645052
158 73022.3242468313
160 73368.2223397477
161 73694.9738584256
162 74455.8948192308
163 75163.2714986466
164 75453.3881704931
165 75757.7198591312
166 75861.1809448312
167 76831.5354246867
168 76979.9229462938
169 77680.9179802727
170 77932.1456155775
171 78194.7893232992
172 78251.9939131867
173 78944.6624127795
176 79496.3744221965
177 80029.1858460507
178 80671.0837212168
180 81125.7179039308
181 81745.2305687398
182 81856.2931383129
183 82344.0475789320
184 83152.7812648229
186 84091.0540034042
187 84767.9482360850
188 85508.5804498819
189 86354.0877296443
190 87143.3744546782
191 87955.5513169104
192 88337.0546747450
193 88601.4092370149
194 89089.4501605999
195 89621.7253274007
196 89899.0918297783
198 89972.2782223655
200 90907.6130470517
201 91007.1082637391
202 91821.6994110911
203 92156.3788837749
204 92377.1527749544
205 93351.2041126214
206 93567.7209078238
207 94559.2145316727
208 95395.4821141793
209 95807.3983367144
210 96575.5250073830
211 97394.4658516097
212 97758.1659989521
213 98564.8615709385
214 98636.0670358589
216 99606.7759384567
217 100424.1664476553
218 101071.7583355094
219 101809.0443802051
220 102093.5335745131
221 102204.7794342187
223 102880.8934749932
224 102972.7719060914
225 103785.1359274163
226 104095.2263151679
227 104604.3636657092
228 105353.4971762341
230 105503.7218272550
231 106499.8997333985
232 107120.0323282022
233 107403.3939956573
234 107616.6513093259
235 107890.0438327319
236 108066.0906074723
237 108244.4565009425
238 108432.6717206503
239 108725.4528239398
241 109211.3073703310
243 109932.8447024511
244 110021.4286129953
245 110282.7673627157
246 110567.8632217864
247 111119.2365946195
248 111471.8759420376
249 111712.4106355618
250 112491.7757635386
254 113245.0884361766
255 114226.4397444092
256 114562.0904842843
257 115437.4076459182
258 115913.0232566263
259 116899.0041728038
260 117593.1647534946
261 118059.5268545516
263 118838.7696875617
264 119466.1630489958
265 119633.2724406678
266 120607.6652033648
267 120633.0914164411
269 120831.1184792983
270 120977.8438430689
271 121817.0147160420
273 121922.5812949532
275 122676.0691138248
276 123200.3639310352
277 124101.0661089022
280 124499.5535743288
281 124652.5756269720
282 125586.2208372889
283 126255.3004031821
284 126620.4535804252
285 127274.1009404197
286 127422.5453390287
287 128402.4503909429
288 129185.9880211377
290 129328.7142755050
291 130130.4053318476
293 130143.3299527171
294 130719.5674049290
295 130934.4416788901
298 131848.7885207604
300 131905.6969480297
301 132310.1187864307
303 132425.2599136315
304 133113.6651150157
305 133603.2522223016
308 133645.7685229490
309 134366.7981550561
311 134891.8733621084
312 135174.8294248772
313 135451.6510164525
314 136310.7859961013
315 136752.2752268648
316 136930.8792180180
318 137063.3281943574
319 137090.4790523200
320 137416.1794482290
321 138322.6540362309
325 138696.2127560819
327 139370.4348192829
328 139935.1536726187
329 140258.5292793303
330 140365.1319615999
331 141015.4288123485
332 141064.8199695974
333 141854.5128858426
334 142074.5740939988
335 143051.3415593832
336 143743.1775387051
339 144243.2244168549
341 145211.7955075517
342 146035.9635316930
343 146584.6073625516
345 147434.3245752046
346 148417.0070989908
347 148669.9977982349
348 148734.4424034579
350 149088.6013232229
351 149646.0397457685
352 150577.1674526948
353 151254.1453862545
354 151932.9248462617
355 151982.5342885776
356 152758.2316487299
357 153010.4078527341
358 153238.8343558949
359 153973.7892059125
360 154429.4002679353
361 155104.5114523644
362 155273.5706776477
366 155387.8534542792
367 155662.9823450135
369 155794.4793597546
370 155860.9210260377
371 156681.8313172662
372 157352.3097692586
373 157639.3893638130
374 157724.6713245066
375 157951.8034586412
376 158697.1079848810
377 159397.5425079928
378 159538.2461517433
379 159550.8948003277
380 159751.3756273444
382 159919.9752952608
383 160033.7761152560
384 160935.5833456184
385 161000.0754654754
386 161300.5515680896
387 161736.1550465875
388 162733.8041407900
389 163421.3680569529
390 163978.6856723443
391 164111.8653413049
393 164842.6141155319
394 164977.7194858020
395 165855.5475418635
397 166736.0563909476
398 167365.1249914254
399 167615.8365927798
400 167663.3339863706
403 168653.6127281974
404 169107.7608035223
405 169723.6398885922
406 170269.7644420477
407 170804.2487879895
409 171633.3396440210
410 172071.8883198345
412 172749.8842511919
413 173324.1417669119
414 173802.3610461900
415 174789.9316861018
419 174939.7056656677
420 175744.9208491103
421 176415.9976226317
422 177129.0274448720
425 177223.5099589204
426 177581.5210958867
427 178474.4726513184
428 179402.7534741152
430 179828.2016912129
431 180368.3806277381
433 181051.5340403693
434 181957.7498328296
436 182338.2882934073
438 182484.8415510036
439 183115.9796264506
440 183384.2953844430
441 184203.2498797672
442 185070.5400561773
443 185316.4483665619
444 185499.9451714277
448 185715.1409294656
449 186094.6401235506
450 186314.1015111103
451 186594.4641437335
453 186751.7638773739
454 187663.5718902146
455 188508.1524419535
456 189186.7110943594
457 189710.0274330784
458 190509.1007609612
459 190527.0361432014
461 191000.7918427351
463 191395.1196803104
464 191464.0867760822
465 192246.6907008583
466 192374.3913324112
467 193128.6411653025
468 193346.0398530634
469 193693.8430680232
470 194143.4198657896
471 194858.1768915588
473 195245.8206474935
474 195286.5286067692
475 196206.8456681832
476 197104.9016544882
477 197459.8299806292
479 198215.7541582816
481 198535.7812284168
482 199254.3523287140
483 199730.0977870694
486 200456.1759422837
487 200576.4793649568
488 200672.3021407250
489 200923.0076646224
490 201329.5483862982
491 202213.5552373241
492 202683.4957073041
493 203077.2039256260
494 203166.1777710894
495 203845.0689033852
496 204460.7687178130
497 205423.6674281672
499 205760.8544399165
500 206120.2267684418
501 206807.7418815068
502 207456.3425576654
503 208018.7165304504
504 208934.6586329286
505 209717.8949304462
506 210644.7040845722
507 211184.6137393765
508 212141.7151325433
509 212334.7613292003
510 212555.3186092012
512 212663.0280738946
514 213535.2624325466
515 213965.7237929937
518 214352.6979300781
520 215218.7585621969
521 215268.4997791858
522 215342.0416103682
523 215457.1430120869
524 215706.9961223974
525 215755.5111980151
526 216563.7361268123
527 216952.5625258583
528 217729.4358709809
529 218584.1406941352
531 219433.6522068217
532 220044.4354899696
533 220158.1319595192
534 220512.9411336763
535 220640.6647757060
536 221299.9146862989
537 222098.8876563174
538 222982.4880721331
539 223199.6359492030
543 223675.2324222943
546 224089.8361429218
548 224852.9395429393
549 225099.8839839078
555 225513.4715642274
556 226321.5059804025
559 226550.7202839862
560 227038.1611463674
561 227647.7567177659
562 228130.7113528110
565 228707.1080511342
566 229084.0956022962
568 229750.3541824659
569 230418.3275805221
570 231120.5179393109
571 232097.8813995481
572 232136.1695011903
574 232274.2337424816
575 232622.3046401107
576 232902.6220731842
577 233065.9454499056
579 233640.4100954860
580 234293.9601618346
582 234672.2358415282
584 234898.7089689256
585 235487.8071051151
588 236097.8900764142
589 236301.9523196627
592 236538.7685065460
594 237388.2594426066
597 238120.2347691386
600 238221.5127456258
601 238975.5635857682
603 239757.2022072195
604 240148.3410612288
605 240978.0816989592
609 241591.7654954573
610 242066.7489825709
612 242642.7364054238
614 242823.2210083204
615 243064.6704882459
616 243184.3251036190
617 243499.0998436869
619 244041.4628470843
620 244457.7866687851
624 245430.0528962101
625 246189.9964678958
626 246738.7439411569
627 247468.2265393251
628 248042.8114760274
629 248209.0059184074
630 248467.6921828028
631 249425.1474142673
632 249958.6700271151
633 250826.1496067772
634 250913.5895169133
635 250937.1798741833
637 251758.2034499135
641 252263.4118150773
643 252671.0970991342
644 252963.5389537117
645 253229.4467828351
647 253382.9286075730
648 254140.6234648624
651 254685.8593767663
653 255302.3707628586
656 255440.3894498672
657 255776.8578470454
660 256308.1280760854
661 256615.5055463483
662 256767.1668360949
665 257410.1893963481
666 257904.4837562977
669 258816.9888825344
670 259412.6934077757
671 259437.1115176346
673 259701.1628251844
674 260300.4350361417
675 260652.4707206966
680 261564.0117295738
682 262518.9854588127
683 263012.1718983112
685 263347.5269362870
687 263411.8452380992
688 264283.5338353338
689 264809.5083368531
691 265258.2809572826
692 266164.8036031671
693 266237.1719194298
699 266276.3716461643
701 266358.3105034300
703 266901.8943753881
704 267240.2989824897
707 268080.9555744394
708 268230.3126132756
709 268344.9105783741
712 268829.0911321224
715 268942.8412479485
717 269381.3487958125
719 269787.0400452237
720 270654.9844964367
721 271308.4840549440
722 271488.2680271168
725 271504.2131568870
727 272376.9072507157
728 272870.7581777252
729 272909.6162601258
730 273545.5070734715
731 273966.8690015279
732 274199.3105301037
734 275031.8036307681
736 275156.3888052395
737 276102.9808249646
738 276792.2084802591
739 277291.6768397305
740 278065.4915010486
741 278906.1943385200
744 279763.3232894376
745 279939.8120558470
748 280282.1827287378
749 280543.6180377688
752 280879.0068249958
753 281077.7616720505
755 281589.0293631036
757 282275.4288455450
758 282718.1202487064
759 282921.8108840572
760 283898.9579236963
761 284163.9954662098
762 285042.5161808741
763 285363.0512840469
764 285453.8971995570
765 286401.9083409064
766 286971.3981186072
767 287670.5171495134
768 288159.1441179367
769 288893.5236568613
770 289599.1140128777
772 290128.9000778350
773 290976.3825276466
775 291912.8305148436
776 292827.4650553447
777 293740.5790239070
781 293974.3777658951
786 294476.6329314306
787 295134.8490042241
788 295767.4072735163
789 296279.2715026163
790 296500.9859212569
791 296814.2145665550
795 297680.5838870954
796 297809.4431738452
797 298256.8283884504
798 298380.4604223847
799 299100.9635701597
801 299825.6485019568
802 299877.0563385971
803 300164.7147676607
806 300923.6503378238
810 301188.9919903520
813 301692.8093276971
814 301786.5590600148
815 302404.8552189886
818 302413.6242476616
820 302496.1327248267
822 303172.4123814694
825 304005.6448561364
826 304923.8845104411
830 304940.8657183020
833 305693.5348553882
837 306090.1937246618
838 306676.9930210720
839 307230.1326625299
840 308190.2671266200
841 308477.8043149061
842 308934.0852576440
845 309426.7958731209
846 309560.5699663487
847 309976.3197025424
850 310806.0008448357
851 311460.7505263775
852 311475.9387513516
853 311661.8807756235
895 311663.1291448030
898 312538.5570766333
985 312546.7139765790
988 312719.8223298547
1031 312720.1953963017
1032 313616.0794758592
1066 313622.2347956309
1067 314051.0951572654
1345 314059.8391451790
1346 314633.1562157983
1525 314646.7226996317
1528 314909.3681623682
1537 314912.8137075643
1545 315669.4448116807
1844 315678.7003436441
1847 316209.3629731879
2080 316226.1470877760
2081 316494.3836780619
2096 316513.8898991355
2098 317125.0662909226
2327 317159.7667178147
2328 317908.4677277807
9298 317920.3021026577
9300 318498.8324663907
100000 318417.9762006720
evaluations raw_y
1 -2630.6125106685
2 -2264.9244428164
3 -1851.4968709517
4 -1777.2275940934
5 -1330.1822521778
6 -1058.8947934719
7 -151.0337168476
8 71.6930731065
9 221.4569591170
10 1079.3467181440
11 1534.4051403011
12 2525.1204078336
13 2626.0794203791
14 3067.4977238552
15 3886.6424341090
16 4521.0340437551
17 5358.3644591395
18 5930.1492189837
19 6157.0106442931
20 6171.0737443442
21 7117.0785378606
22 7659.4032362253
23 7804.6826278976
24 7827.2832548901
25 8517.8912426064
26 8748.9203347296
27 8813.7653834802
28 9100.6322461839
30 9945.9587573923
31 10806.8616795510
32 11626.9068463497
33 11628.9885386508
34 11956.6046604569
35 12725.5442168418
36 13114.9820505095
37 13350.5689867493
38 13805.7797666062
39 14448.8068007720
40 14835.8251790825
41 15552.0361667509
42 15689.6244152506
43 16255.5719629687
44 16994.8878241518
45 17920.6903402300
46 18190.2895945970
47 18823.7469631363
49 19266.2166583132
50 19958.7501405450
51 20951.9305479661
52 21884.1308271217
53 22522.9479428013
54 22707.1997213089
55 23575.9815532268
56 23830.6702423753
57 24453.1046666959
58 24631.6524335495
59 24994.9203124382
60 25930.5598744940
61 26292.9511571037
62 26746.9489123643
63 27636.1705109936
64 28256.1143040435
65 28576.2273450339
66 29354.0789046208
67 29509.5597257489
68 30162.4119297787
70 30366.3783052462
71 31107.0863910345
72 31945.8935071183
73 32423.5133443551
74 33197.2070693186
75 33758.3287933844
76 34611.7254139181
77 34958.6360391049
78 35202.7154245224
79 35322.9289712478
80 36029.5196237877
81 36488.2049332167
82 36943.7639527622
83 37111.5682155179
84 37764.6532592889
85 38037.1417188443
86 38443.2711391404
87 38553.6800306861
88 38859.2625410918
89 39674.9905578686
90 40380.9028358375
91 41000.9529552709
93 41380.6451891650
94 42123.4284960677
95 42341.4339906210
96 42551.7024946471
97 42724.6189975478
98 43216.0126379163
100 43422.9026977807
101 44108.6167496496
102 44787.2691724007
103 45329.8567543447
104 45629.0404438915
105 46510.9996961222
106 46671.7483734135
107 47266.6150794586
108 48120.6586027767
109 48381.8374632464
110 48409.4135873599
111 49128.8955241261
112 49261.2816529101
113 49987.6513995950
114 50049.4350678521
115 50257.4761471185
116 51013.1866478467
117 51331.7129326057
118 51823.5346080650
119 52101.7795201345
120 52650.3862881823
121 53368.3477420910
122 53856.3880116108
123 54743.0168020436
124 55736.9529226410
125 55919.9825971944
126 56783.1923731874
127 57457.4503659821
128 58002.8487508672
130 58972.1163333553
131 59464.0932787317
132 59877.5580214603
133 60217.6919793665
134 60334.5247748385
135 60351.0591402760
136 61245.3826794756
137 61341.9685535103
138 61573.9276302656
139 61816.3328359936
141 61848.9302671690
142 62432.7041774159
143 62966.4072622389
144 63849.0427777851
145 64640.4306257871
146 64918.9283525207
147 65682.5651337793
150 65875.7557813458
151 66817.0083937293
152 66860.6432170007
153 66911.9123753342
154 67267.6762500728
155 67537.6306801030
156 67579.8801657346
157 68242.3478135454
158 69210.3710559621
159 69973.8814249978
160 70483.3285280788
161 71007.9159294060
163 71864.7684629074
164 72318.3232546825
165 73261.2283811488
166 74112.8216580156
167 74330.3878028601
168 74401.8279633421
169 74490.3389699174
170 75386.3828803181
171 76105.9242820254
172 76902.8729875347
173 77621.9486719238
174 78567.6973288269
175 78856.8209487964
176 78907.8371039154
177 79056.2132618479
178 79088.7121408463
179 79276.0166817320
180 79323.8394263403
181 80183.2743047148
182 81091.4185833277
183 81908.9118720630
184 82822.0434662995
185 82971.4171403662
186 83181.1928493692
187 83467.1159426418
188 83688.4349009684
189 84063.6938185455
190 84871.2891139378
191 85154.1727647813
192 85933.5878702440
193 86391.3163018146
194 86717.9141226805
195 86753.9766006647
196 87133.6244422129
197 87622.4437177809
198 88591.9549546574
200 89083.0343671903
201 89375.7884608723
202 90125.3924397589
203 90983.4655959098
204 91845.7536701344
205 92834.5860177351
206 93163.0522662407
207 94021.6952456994
208 94549.2107552135
209 94733.5498404548
211 95270.9709589793
212 95290.1363130286
215 95456.9204057755
216 96204.3690977491
217 96875.2079733120
218 97626.0961180151
219 97930.8219206102
221 98101.0117137424
222 98442.0885031834
223 98735.2434013086
224 98958.9967632229
225 99448.8724146336
226 100303.6746654749
229 100961.0135671833
230 101841.0761045449
231 102585.3549109951
232 103436.0410289480
233 104133.5481991343
236 104155.5100016648
237 104530.2552002343
239 104592.0951381077
240 105208.8948070039
242 106181.8921215359
243 106222.2436148359
245 106657.3796315823
246 107209.0409143319
247 108026.3802559889
248 108801.7434147667
249 109571.8993856318
250 110127.7098451406
251 110675.8909449038
252 110976.8395578010
253 111418.0070214913
254 111662.8008322032
255 111783.0173992179
256 112016.2139738735
257 112786.4193327466
258 113311.4075908590
259 113661.7494831027
261 114078.8829753121
262 114644.0721925901
263 114965.7555342112
265 115092.8479937579
266 115139.8693311939
267 115287.8443898318
268 115874.5957778690
269 116267.2540406166
270 117206.7902252535
271 117704.5841806458
273 118673.0767483738
274 119589.8915485371
276 120000.0017492307
277 120077.2376024289
279 121010.0455156283
280 121099.1749323096
283 121206.5392346644
284 121566.5088815590
285 122444.7213559504
286 123290.8357714869
287 123519.4159314856
288 124483.0462934775
289 124617.5167954901
290 124669.7025164112
291 125216.6845715942
292 125848.9929212622
293 125947.2936886154
295 126624.5533919568
296 127046.2438231079
297 127310.8433045018
298 127789.6733123556
300 128450.7099148279
301 128613.6335302472
302 129320.1974017445
303 130297.5101962879
304 130968.5446646160
305 131508.1330718520
306 132387.2876441624
308 132502.2871802737
311 132702.4970020962
312 133587.6030920263
313 134401.3834140910
314 135112.7149878205
315 135989.3391246767
317 136801.2653792007
319 136834.8544870439
320 137339.2990261505
321 137818.8221671958
323 137917.9315480971
324 138604.0994437709
325 138993.1660540325
326 139056.0863748028
327 139244.8329077445
328 139403.1742206296
329 140213.8533036117
330 140278.1079235237
331 140537.7883204758
332 140779.1873465306
333 141000.3030727269
336 141196.8542951029
337 141976.9093316198
338 142826.2083114542
339 143065.5541422039
340 143909.7310279367
343 144072.0150202984
345 144289.2027921947
346 144738.3458563659
348 145544.1438875099
349 146386.3089080794
350 146872.8968660115
351 147141.0927816660
354 148108.0594765670
356 148354.3517126133
357 148832.7202595401
358 148940.8749948707
359 149654.0347785481
360 150338.1176230979
361 150848.6846356235
362 151476.2052512903
363 151760.3651963802
365 151853.5124651796
367 152173.9304092943
368 152603.1517313017
369 153176.0654564831
370 153509.1726732247
373 153529.0414397334
375 154443.6523526680
377 154775.4099268835
378 155240.8038291452
379 156213.2612002775
380 157193.7022878131
381 157695.4520150704
383 158075.2287299176
384 158756.2793361400
385 158843.5820564634
386 159165.3905648270
387 159456.8964173099
388 159747.9801395896
389 160065.5481011252
390 160748.1186375469
392 161531.3033694593
393 162025.9012555552
396 162297.9070324477
398 163064.7146239539
399 163267.4844988624
400 163604.9400398438
401 163714.4916540482
402 164123.0459793678
403 164588.7292036765
404 165569.0385905642
405 165717.5057263484
406 166027.3871977892
407 166551.5294608935
408 167497.6646731823
409 167799.7604232518
410 168023.8693032017
411 168108.1136085077
412 169063.6347809201
413 169071.9073880775
415 169850.2130714538
417 170213.5804129636
418 170400.8070007025
420 170911.3480540455
421 171231.6837434372
422 171653.8304876394
424 171983.5020426569
425 172234.6559847356
426 172860.7544069052
427 173660.9534642167
428 174323.4643661279
429 174683.2870376344
430 175007.3250167934
431 175495.0807059307
433 176030.5800995219
434 176479.2065158110
435 176480.3460080634
437 177319.2799665509
438 178074.5355698485
439 178353.5701266302
441 179117.8555305009
442 179166.8870764385
444 179334.9646195023
446 179795.7088254108
447 180450.7139910776
449 180568.1796905303
451 181384.3528197558
452 181957.4422596674
455 182486.6820659068
456 182704.8878787290
457 183393.7108362768
461 183940.2539267363
462 184200.3331268940
463 184423.4566891164
466 184563.6783109936
467 184767.9316163782
470 185096.2027547790
471 185462.7003804737
472 186004.0223055289
473 186647.9161572423
474 187055.1906351915
475 187876.8828812192
476 188566.9916557200
477 189152.7551113455
479 189365.6533508994
480 189781.3135964252
484 190741.1878458606
485 190917.8872207012
486 191649.3687331172
488 191808.1719723315
491 191893.8550941383
492 192572.6679064470
495 193492.5501322901
496 194142.1232657353
498 194606.8734031948
499 195072.8675318869
500 195117.7183340327
501 195887.7987895146
502 196842.0231489596
503 196889.0940017559
504 197759.8058843625
505 198669.0124170851
506 198686.4658810518
507 199417.0552936907
508 199546.6385956419
509 200101.0348508844
510 200495.4428608241
511 200866.3057765696
512 201509.1593470931
515 201821.9389338013
516 202133.9240561202
517 202723.0541106561
518 203632.6643450210
519 204328.9340027916
520 204866.0223083599
521 205317.2353892694
522 206030.2064406232
523 206499.8267595067
527 206716.8100963741
528 206778.7586084638
530 207639.8892834537
531 208336.6288850621
532 208519.7209640015
534 208593.3251835825
536 209408.3374771826
537 209609.1441167734
539 210043.5769965722
540 210457.8960456440
541 210968.3348726690
544 211645.3364193810
545 212555.7369118410
548 213354.6066627036
549 214267.2885566294
550 214661.2269621884
552 215330.9749359004
553 216115.5197966485
556 216182.1955689720
557 217115.1797076647
558 217317.7127904303
559 218081.8657201399
561 219000.0122684023
562 219979.3762953629
563 220403.2602377929
565 220450.1922351486
566 220681.6642975439
569 221490.3644443049
571 222416.3672811748
572 222968.0368092956
574 223365.3000070836
575 224186.1393664149
576 224536.5946174343
580 225100.6644497172
582 226029.1493323003
583 226844.0515059064
584 226913.0426231592
586 227783.7467699763
587 228079.0318186675
588 228214.3919733022
589 228323.8185844096
590 228388.8147150159
591 229046.6759203699
592 229166.0913131874
593 229896.0426238828
594 230459.2355771168
596 230568.9482090395
597 230811.9239234673
600 230932.0951186652
601 231604.0662419391
604 231760.5033553481
605 232390.7866965906
606 232504.3261902706
607 233259.8328096026
609 234177.5031602155
610 235022.3925329794
612 235802.1418519924
613 236195.5224988274
615 236229.4360687752
616 236767.2514329530
617 237481.4316736229
620 238102.0012624816
621 238335.4635443832
622 239096.4210980391
623 239141.9151995969
625 239412.6872740642
629 240194.2346451622
630 240803.2617452717
632 241648.8897925750
633 241815.7185445596
634 242126.2503794284
636 242393.6231116926
639 243129.0154309439
640 243366.6956047977
641 243583.2665881088
642 243632.4720638692
643 244288.5960188168
645 244599.5694746606
647 244796.9772933904
648 245619.6187408842
650 245971.2099031940
651 246450.7434665162
652 247362.6626263954
653 248007.8285345844
654 248632.5997570779
657 249022.4891314466
658 249955.6903308936
659 250037.7012160434
660 250136.2980249244
662 250744.0239354062
663 250913.4575095132
664 251094.3517127308
668 252019.7262448734
669 252070.0749580109
670 252410.8907276443
671 252562.6715086419
672 253548.2572406799
673 254248.6422930977
674 254531.2208951504
675 254800.8923624142
676 254887.3060215433
677 255179.4451847584
678 255376.1468182885
681 255715.5487390399
683 256243.1025727733
684 256430.7375009848
685 257274.2578617847
686 258023.0108621657
687 258975.0663352654
688 259346.2224263029
689 259409.4247402505
690 259736.1647657684
691 260550.5756247137
692 260828.0136900513
693 261691.9373900010
695 262485.9368992224
696 263342.5490574940
698 264048.3801561583
699 264158.4237108390
702 264993.3886851385
703 265747.9999425275
705 266268.0268508709
706 266752.5072295081
709 266827.5109102052
711 267701.3690071905
715 268661.6300904682
716 269511.0608617820
719 270193.7943796613
720 270885.5381842812
722 271651.3151816766
725 272158.8746480411
726 272341.6017378759
727 272482.5142969983
729 273053.4088323492
730 273352.4313652430
731 274224.0999399564
735 274530.0915946456
737 275068.0656030021
738 275954.4851880406
741 276052.3999668726
742 276169.4704185610
743 276257.2273729325
745 276770.7746944854
746 277446.7080960149
747 277909.7523776764
751 278303.8569484857
753 278983.9517618432
754 279622.4459855822
755 279632.1701362000
757 279648.4116505268
758 280363.1193694730
762 281241.6909725611
763 281493.5987935404
764 282156.0374703688
767 282383.4173301190
768 283087.7193587936
769 283852.2420067421
771 284056.2395813349
772 284221.3898782431
774 284858.3799337847
775 285561.1064642065
777 286157.7277108171
778 287049.6067456762
780 287868.0662012750
783 288295.4790336505
787 288660.6971893786
789 289332.4002775938
790 289529.6040903761
791 289605.0820808341
792 290234.3401883938
794 290885.4489526605
795 291581.8503703690
797 292066.7714347027
798 292532.4556483375
799 293266.0245054755
805 294174.8552228751
808 295065.7265393731
809 295575.8865380508
810 296486.0494811812
813 297207.4248102697
814 297883.9861402442
815 298839.6228541260
819 298844.1896489974
821 299195.6795863684
823 299256.9359278397
825 299291.9794659776
828 299770.1007036696
830 299827.1857755460
831 300666.5716024092
835 301206.5367796083
836 302052.1242582783
837 302944.9109796014
838 303186.3956872487
840 303716.8684633814
841 303787.7490743669
844 303824.8241799724
845 304482.4336669950
847 304806.3935560763
848 305654.0460347015
853 306215.7300417623
855 306380.6159583316
856 306823.5462422044
858 307256.5323284509
859 307509.9556818020
1020 307523.9611123225
1021 307843.6094429996
1189 307855.4236459853
1192 307949.0137578388
1309 307963.7833939343
1310 308262.4294228586
1476 308262.6888343504
1479 308421.1495172728
1750 308440.6809406244
1751 308618.1685158637
1836 308641.6046788099
1840 308911.6763032879
2344 308916.9196434096
2345 309110.7224470117
3855 309119.8169714921
3859 309869.8437850035
4213 309870.3142376530
4214 310808.3874549442
4230 310825.0206178362
4231 311168.8448764355
100000 310456.8823405227
evaluations raw_y
1 -2172.2737423159
2 -2151.9030139766
3 -1184.1003392457
4 -840.8876327403
5 -466.7690196582
6 512.3818891288
7 1096.9248309984
8 1333.4100728957
9 1441.9573654451
10 2297.3187885344
11 2491.5214327680
12 3190.4036943395
13 4000.0238077784
14 4484.6703629775
15 4738.9605706944
16 4981.0646679823
17 5850.8398582255
18 6528.5244749716
19 7434.0739347628
20 8256.7992388117
21 8279.4032594600
22 8505.6225263619
23 8573.2210002186
24 8806.4503224498
25 8809.8947957167
26 9036.6689137765
27 9856.7376343071
28 10076.4436432810
29 10332.9002677002
30 10421.8774884030
31 10699.6413557410
32 10986.6179259270
33 11150.4596523600
34 11965.2115625544
35 12286.0513316829
37 12561.4308835206
38 12702.0311191495
40 13562.6297604451
41 13726.3423745449
42 14552.6149972632
43 15434.4916808274
44 15919.4289705575
45 16042.1477301660
46 17020.3633226777
47 17975.1315744347
48 18200.1952082078
49 18812.3888491133
50 19133.6079203316
52 20109.0327424928
53 20168.2913666868
54 20462.0794572871
55 21401.3707531279
56 22202.2481917738
57 22666.3602266271
58 22831.2528932314
59 23613.7402155866
60 23685.2882662084
61 23795.7214197258
62 24066.9040903217
64 25003.1692197915
65 25840.3346839297
66 26699.3848448987
67 26743.9311362345
68 27292.2121186131
69 28100.7204093405
70 28469.1682954405
72 29243.2758010226
73 30239.0308723122
74 30916.9994194660
75 31084.9251042868
76 31992.7450566188
77 32298.4121612043
78 33035.6948019588
79 33270.3953942828
80 33318.2304348109
82 33418.8185405221
83 34093.4627206094
84 34345.8652290672
85 35100.2090251173
86 35163.3138973756
87 35523.3183766584
88 35618.0567402154
90 35924.3693199907
91 36714.7313387960
92 36992.6348935972
93 37666.7244078749
94 38428.7663416140
95 38775.5580223384
96 38926.0714078794
97 39248.2921299783
98 39438.8330684844
99 40353.0061370908
100 41268.0022670330
101 41756.7143211467
102 42127.0352054901
103 42290.5144142334
104 43104.8906145480
105 43402.3210074361
106 43973.0914012206
107 44249.7718776605
108 45067.8210833544
109 45718.1928935003
110 46291.1577882539
112 47050.4240136900
113 47425.8360330174
114 47716.7550520796
115 47836.7604715092
117 48040.4053078466
118 48262.4963743833
119 48516.5676692494
120 48974.8797591779
121 49943.5796925649
122 50141.8117134372
123 50906.3608926432
124 51899.3154313364
125 52271.0285092297
126 52593.1647740750
127 52958.0590479029
128 53737.3652498973
129 54308.5859832034
130 54554.5655660355
131 54704.9725363909
132 55276.3354049173
133 55783.7147603589
134 56094.4519343565
135 57081.9111603127
136 57989.4990115365
137 58566.7955257886
138 59279.4127850757
139 60081.6909131712
140 61053.2026419463
141 61907.7310839541
142 62589.3025470496
143 62932.7302676104
144 63801.8612495284
145 63810.5874553902
146 64369.7621449081
147 64918.5782046196
148 65465.9483157529
150 66148.9295822549
151 66681.9079809971
152 66700.4706092427
153 67578.5820455935
154 68347.3942264603
155 68817.0334831369
157 69026.4410521143
158 69419.0428191922
159 69694.6517124985
160 70342.2362790796
161 71063.6977774681
162 71783.4742063057
163 72110.0875186515
164 72910.6179301684
165 73892.0291039304
166 74877.4218399612
167 75762.8762359846
168 76113.8239001555
169 76543.4373066309
170 76870.2277924066
171 77855.3965530136
173 78746.1745629548
174 79254.1071508989
175 79873.6501094419
176 80571.1340464743
177 81208.9937289116
178 82147.6701304313
179 83070.8698057190
180 83910.0710706942
181 84617.4337792406
182 84674.6834339532
183 85665.3875048510
184 86405.2955637628
185 86893.1987566406
186 87110.8971099380
187 87235.3681189775
188 87926.8401580424
189 88864.7393456041
190 89604.7240701854
191 90323.5459326355
192 90742.7825999239
193 90992.2851891964
194 91763.0407679620
195 92380.8762142305
196 93346.8783757689
197 93744.3876507155
198 94641.0603365465
199 95091.6186117346
200 95616.2037033818
201 95671.1768130404
202 96027.6413254660
203 96066.8838941445
204 96714.4007181414
205 97385.9417016370
207 98173.9279734251
208 98844.8137059900
209 99618.3302073326
211 99967.4910075569
212 100318.0486585031
213 100383.6570663409
214 101062.1618769997
215 101566.2079681044
216 102122.1241248973
217 102494.8465170986
218 102606.2593890090
219 103324.0995575611
220 103741.7027611668
221 104411.5138500357
222 104423.8387213307
223 104639.3677788619
224 104820.9070092922
226 104842.9301026403
227 105022.3005716059
228 105298.2271950655
229 105394.4001392999
230 106390.5936470279
231 106498.0801858482
232 106587.6185052087
233 107096.5647126774
234 108028.1770236070
235 108854.3640409519
236 109279.1345744381
237 109441.9901240174
238 109827.2616724629
239 109888.7744411750
240 110436.8176147690
241 110556.3868664218
242 110980.9428797578
243 111625.1882716023
244 111907.7390794353
245 112596.8095215197
247 113350.1881599123
248 113967.9732295829
249 114474.2721714444
250 114791.8797494257
251 115084.4682359903
252 115098.1130404107
255 115874.4728195064
256 116042.1279409481
258 116935.7316212760
259 117567.4092535430
262 118332.8550011035
264 118756.9616993627
265 119117.8686515896
266 119797.7804493789
267 119813.7654131916
268 119814.0091506781
270 120249.0784773005
272 120692.8784323514
273 121293.9027030634
274 121794.5189737755
275 122608.5573517171
276 123532.3808620674
278 123751.1930969251
279 124521.3451789680
280 124705.0248520360
281 124862.6042741141
284 124971.5354663527
285 125643.8423651892
286 126448.0161961637
287 127382.0325446951
288 127646.9997987969
289 127743.5496140587
290 128497.5897951727
291 129130.4170725634
292 129617.4981777349
293 130582.9809880569
294 131352.6312379428
295 132014.4490615971
296 132419.1658784820
297 132688.5564789607
298 133178.6321413354
299 134167.3450796231
300 134649.0498593759
301 135513.8007772648
302 136177.9028225411
303 136630.0768590547
304 136639.5146623736
305 137080.0695607028
306 137800.5092075979
307 138253.4630191360
308 138784.6342699765
310 139149.6760285894
311 139477.2665756745
312 140390.8398250582
313 140770.1978399576
314 140807.3165855804
317 141292.9930189294
318 142209.2255444924
319 142323.9866498941
322 143302.5805489159
323 144018.7086550813
325 144524.2100298377
327 145411.1889369310
328 145879.7342668210
329 146237.6613767579
331 146273.8443724295
332 147265.6374012190
334 147883.0856787065
335 148603.9872645423
336 149447.3393695605
337 150153.8454468450
340 150454.2235270958
342 150662.1136013305
343 151376.2879472655
344 152259.9174896573
345 152646.2266483855
347 152920.8382302859
348 152969.0689717388
349 153721.5049178013
350 154531.8504502474
351 154715.8068436665
352 155235.4228267918
353 155789.0583269329
355 156049.8532608380
356 156366.4877454724
357 156522.5681134719
358 156658.2375820210
360 157220.7728973113
361 157671.0848349760
363 158609.1263190916
365 158669.9860800281
366 158772.0287978708
367 159457.3991343874
369 160086.2277578237
370 160964.9644903507
371 161856.6728113879
372 162312.3063331735
373 163184.9832885706
375 163723.1922571098
376 164164.0520045533
377 164356.1188658249
380 165049.9557682032
381 165185.8906355131
382 166141.9579221375
383 166300.5761302990
384 167286.0439330706
385 167968.5171724892
387 168391.8155067096
388 169167.9197412500
391 169314.4504221729
392 170043.5173754435
393 170184.1942727226
394 170250.4219211351
397 170580.3179055039
398 170929.7358538569
401 171623.6155056267
402 172236.9776741914
403 172383.0570218008
404 172886.4278243628
407 173807.5626490846
408 173957.1321699655
409 174606.6276379129
410 174893.1563894797
413 175018.4029772509
414 175549.6373571668
415 175957.5760178004
416 176512.3726318484
418 176644.9198493534
419 177167.9339297216
420 177252.9556926114
422 177360.0521677459
423 177409.1795857406
424 178187.2660734353
425 178241.6416315775
426 178362.8408395071
427 178589.3057002772
428 178844.0069377153
429 179725.6556494285
430 180581.8361821995
432 181358.9900478559
433 181543.0994291095
434 181652.6035746418
435 181916.1028719270
436 182247.8390820914
437 182427.3810150435
438 182967.5207006143
439 183827.8798107813
440 183903.2913068648
441 184520.1890500551
443 185298.7674589972
445 186171.6037299776
446 186828.6092093989
447 187408.3587908997
448 187724.5740925018
450 188568.1205091753
451 188747.0392114289
452 189242.0082444481
454 189721.1802609523
455 190059.6357786271
456 190972.4556254897
457 191182.6280015362
461 191589.8901929713
463 192078.9863770784
465 192793.0479595085
468 193398.4185385039
470 193638.2863864079
471 194365.2924531564
472 194570.9984957090
473 195251.6832381872
474 195375.8530637212
475 196365.4763469900
476 196897.8335316212
479 196989.6936536026
480 197113.1260151402
481 198032.7935050224
482 199029.5709166818
483 199384.5128885363
485 199902.5999274504
486 200259.4529719239
488 200590.2935735194
489 201268.4286740801
490 202007.0415364611
491 202624.0485567611
492 203373.8768715235
493 203744.5979324712
494 204145.3130026172
496 204481.2451196900
497 205410.4083202781
499 206099.5059240920
501 206103.0312868033
502 206344.4177635931
503 206539.1544133691
505 206650.5909182570
506 207620.8703804441
507 207893.7197129507
509 208702.8658752397
510 209338.2371411080
511 209381.0584637037
512 209984.3446166847
513 210425.0578035396
514 211106.9929072967
515 211743.2263632404
516 212101.4600069634
518 212516.9375967920
519 212894.0486711258
520 213782.8397814473
521 214286.6900006562
522 215041.9699459219
523 215102.3326639129
524 215499.9325661882
527 216257.5064765494
528 216483.6402867892
529 216539.7918720072
530 217299.0840949792
531 217622.5699095418
533 218583.4882383425
534 219248.2926621061
535 219535.5051438918
536 219895.8540424894
538 220288.3566329811
539 220399.6328182693
541 220931.4471286801
543 221073.3259371508
544 221381.7526510807
546 222013.7505489856
547 222708.6565156122
548 222823.3248372152
549 223548.6362010131
552 224279.0983714823
557 224615.1790932652
558 224695.5307403468
560 224750.4332888057
561 225442.0289328124
565 225961.2467605435
568 226338.9543391601
569 227278.0338664865
570 227561.0035892951
572 228233.2099339615
574 228810.3135641713
576 228830.3970838480
578 228996.1053357930
579 229388.4493916488
580 230091.9679333791
581 230761.1961681512
584 231412.6537244520
585 232385.5599667736
589 232916.6341108523
592 233689.4273685020
593 234008.9032285155
594 234678.9903796961
595 235626.1594251735
596 236001.9432845534
598 236521.0047683702
599 237235.5332950211
600 237310.7105884663
602 238246.6679220989
603 238335.9249447486
605 238428.4123430824
606 238609.5609389704
607 239095.6944408746
609 239563.7513975122
611 240039.6796791108
612 240224.6108059875
613 240320.6020414768
614 240499.5087499618
615 241456.1237216643
617 241589.2004266056
618 242129.9317429049
619 242515.3564368089
620 242545.0889295539
621 243324.4729079396
622 243932.4073305572
624 244175.6741836230
625 244917.3532369262
626 245200.5753335320
628 246176.7348076319
630 247078.3814669975
631 247971.6812500947
632 248849.6893654428
634 249643.8784534798
635 249932.0970919602
637 250626.3098347788
638 250796.5376221289
639 251720.8581562933
640 251764.9437060912
641 252596.1714257994
642 253284.9208426114
643 253435.0826588393
644 254333.1523839880
645 254868.6216566884
646 254913.2540017200
648 255057.0014578778
650 255522.0045448025
651 256109.4056842705
652 256125.7117549577
653 256442.6510612851
655 256961.2458822494
657 257060.6538180924
659 257627.1458035469
660 257894.0569420754
661 258677.6659269007
662 259487.8118585153
663 259751.6944051172
664 259891.2216016314
665 260105.5674211475
667 260293.0456983890
669 260555.5923940094
670 261229.0940073623
672 261423.1168682733
674 262028.5813056679
675 262289.6164994073
676 262935.2041192279
679 263780.4761416832
682 264358.1070395764
683 264495.6704124254
685 265458.4703862322
686 265522.3757229282
687 266230.9713892328
688 266552.2108733463
689 267197.5340762412
691 267846.8825693390
692 268577.1948561117
693 268996.6233209434
695 269089.8810158515
697 269153.8326417840
698 270023.2072597287
699 270841.1862821777
702 271701.9866168872
703 271764.0158908282
704 272284.2906408903
705 272937.5809953696
707 272938.8566244426
709 273777.6340274403
710 274692.2311425878
716 274818.6190955378
718 274916.1274175922
720 274996.9796175602
723 275239.2043110489
725 275915.3648838631
726 276426.7292987314
728 276898.3636283588
730 277772.3635569953
732 278046.8466357831
733 278270.5756681945
736 279176.1321598567
738 279542.2493886669
740 280244.8932942431
742 280271.2058577985
743 281015.0771296880
744 281091.2675490822
746 281387.0132652848
750 281621.2222434357
753 282016.2705482673
755 282527.7373339470
756 282674.1750789456
757 283033.9121139555
758 283604.8951753287
759 284242.8439419800
760 284649.8465708893
761 284981.7719231670
762 285361.4652942830
763 285849.2536293973
767 285952.7271692968
768 286415.5103257896
770 286860.4994558383
771 287409.8574959883
773 288354.1469496528
776 289321.1395731396
781 289954.6765946653
784 290798.5855259537
785 291485.2078240575
786 292384.3082567112
787 293117.4274453269
790 293637.0891544108
791 293936.1177400087
792 294883.0213117040
793 295086.3723077639
794 295353.9950169263
795 295732.2925370410
797 296617.8058393032
798 297248.5233663301
799 297895.8926603612
802 298410.1025819191
803 298474.1668758183
804 299100.7443694873
806 299335.9914193305
807 299383.0316406547
808 299565.3593133485
810 299919.2623067931
811 300012.7844225302
813 300310.5216506931
814 300355.0891016618
818 300412.7402141318
820 300477.6398720316
822 301001.5787279060
824 301219.8025856460
825 301625.1369525103
828 302510.0673211915
829 302597.3461857419
830 302610.5768201391
832 303155.0694615574
833 303787.8234105867
835 304546.7097414215
836 305241.8269026473
837 306151.9737432115
838 306723.2899604564
840 307293.8351567937
841 307476.3063457895
974 307486.6300087345
975 307807.1536298614
1121 307831.3874905847
1123 308737.4593498544
1131 308771.3980894796
1136 308805.8585692295
1204 308818.2754244366
1208 309408.8449614563
1259 309423.5440580868
1261 309557.0812670545
1472 309566.4391806937
1478 310026.8784710224
1588 310039.8971408175
1589 310132.8455595740
2678 310160.1985215166
2679 310331.1382577245
4129 310343.3516450130
4130 311124.4191792161
4746 311138.6649310492
4747 311614.7827011683
100000 -2073651.0000000005
evaluations raw_y
1 -2738.2198990741
2 -2114.8471128502
3 -1216.7007065665
4 -250.6413181083
5 569.5285908008
6 1119.2797159174
7 2085.6243382233
8 2588.1370273344
9 3223.8870662678
10 3603.6443768726
11 4319.9622536805
12 4424.0705571261
13 4673.1672902957
14 5306.0174588512
15 6084.9998575795
16 6419.6594417653
17 6464.6325612723
18 7183.5711650666
19 7862.2976226302
20 8682.8448854764
21 9673.5535557355
22 9749.3627080577
23 10699.9231537638
24 11667.4266758199
26 12394.2527684928
27 12779.1659108605
28 12871.1269533740
29 12981.7062336484
30 13771.6213403788
31 13866.6252943408
32 14337.1318532599
33 14882.8742650044
34 15737.3609110116
35 16221.2262025113
36 16318.1432392715
37 17083.5769129172
38 18045.0995380745
39 18145.0081149719
40 19136.3825464112
41 19561.2600004307
42 19649.0744929186
43 20457.7191161338
44 21397.3587691077
45 22050.3188719562
46 22084.3427554330
47 23050.4663665125
48 23558.3743666339
49 24118.2450329716
50 24590.0396323795
51 25128.6322779941
52 26103.8540638974
53 26774.9514519075
55 27595.2856481977
56 27849.7234607936
57 28638.7980391417
58 28915.9497745646
59 29664.5445047610
60 29939.7244507050
61 30299.8181859876
62 30337.9266905985
63 31156.6452872301
64 31248.6067269452
65 31402.1842851625
66 32356.8673160976
67 32476.6218326489
68 32803.5326479399
69 33136.6359229954
71 33456.4477879204
72 33923.6343558277
73 34002.0048403085
74 34778.5021701456
75 35127.4903798256
76 35370.2809110598
77 36172.6293132403
78 36203.6073038854
79 36436.7112517273
80 36630.0499722629
81 36988.2081571720
82 37238.4403632340
83 37440.2377947304
84 37692.6047872289
85 38544.9277944482
86 38883.6254375010
87 39504.0980900965
88 39637.9386278013
89 40309.1487203884
90 41131.2827314385
91 41543.6257751015
92 41601.5028376209
93 41804.2996859056
94 42230.6488160445
95 42357.7166450846
96 43206.4058080611
97 43393.5666196114
98 43584.2712385284
99 44076.1388044390
100 44464.7437109760
101 44602.1567606258
102 44857.6497956623
103 45726.1060602024
104 46476.2154682018
105 46477.8150322497
106 47474.2637015597
107 48242.3636785951
108 48534.9473683036
109 49019.4825302352
110 49937.7044376467
112 50708.7079488147
113 51194.1259159237
114 51415.8894762857
115 52348.8616722340
116 52785.4944986253
117 53274.9809487699
118 54161.7382643159
119 54745.3374944383
120 55278.4320129631
121 56042.9526652124
122 56972.9381265409
123 57134.4093264032
124 57882.6941741367
125 58392.3464230830
126 58940.2106851440
127 59370.4492233640
128 60339.7150994851
129 60899.5868959861
130 60982.4186581157
131 61766.8495688359
132 62177.8956479676
133 62830.5826929962
134 63035.8020806318
135 63263.5539041311
136 63289.0373637512
137 63831.4668671609
138 64138.0730784695
139 64815.5580663831
141 65092.1962862052
142 65769.1829806538
143 66046.5160830915
144 66767.4766809099
145 66965.5746545661
146 67704.1043139059
148 67839.8267182297
149 68680.0942627209
151 69277.2719889379
152 69658.1723934294
153 69792.4057514386
154 69893.0181194105
155 69899.2510686998
156 70108.0310470874
161 70963.4996666378
162 71079.2976351837
163 72017.2701207932
164 72400.0156606860
165 72853.6933043368
167 73130.1046192328
168 73619.1701619348
169 74227.0423898771
170 74884.8207198663
171 75655.5488088505
172 75995.5818386912
173 76624.6370408990
176 77538.1871758553
177 78397.7991878454
178 79235.8106519197
179 80094.0296510974
180 80386.8066503301
182 80691.8085027459
183 81389.7393372993
184 81865.1287409667
185 82806.2125591678
187 83478.6935599517
188 84047.3008102024
189 85040.6579952426
191 85853.2426132571
192 86224.3915490293
193 87157.0174359390
194 87159.7203574932
196 87634.0109964102
197 88517.8011032471
198 88928.3250680244
199 89818.5288507973
200 89828.8475258753
201 90253.6834995021
204 90390.5581116044
206 90970.5098689710
207 91477.2979706443
208 92193.1552079577
209 92840.3326729463
210 92932.5328195502
211 93695.7066698280
212 93863.4194371262
214 94748.7951117909
215 94938.6765780230
216 95756.3761936315
217 96418.1229570328
218 96527.6541308048
219 97449.2448477093
220 97463.5776104537
221 98154.7949194341
222 98875.7305286102
223 99737.8602133141
224 100181.9366121051
225 100983.4869497653
226 101646.2436965021
227 101946.1085865065
228 102166.8266643009
229 102417.6989508811
231 102624.0958974977
232 102843.1761562938
233 102849.8438425242
234 102911.7193859025
235 103750.4531050585
236 103889.7978844744
238 104607.5759621914
239 105235.5611229474
240 105417.1875602353
241 106171.7892975066
242 106274.9324596804
243 106570.6250152478
244 106741.0257391137
245 106929.9147962100
246 107767.2883768878
247 108208.4776211350
248 108450.0651103596
249 109291.2224335210
250 110172.9869607271
251 110766.0975609826
252 111043.1196857423
253 111773.9717601919
255 112426.9700890629
256 112920.5684895604
257 113596.3917201759
258 114063.6925118507
261 114339.1500050874
262 114455.1639976339
263 114758.7611797782
264 114829.6087180856
265 115504.6158279313
266 115933.3535494634
267 116311.4217638510
268 117119.7727585288
269 117120.5383410100
271 117342.0060815625
273 118333.9661639769
274 118661.7408272659
275 119143.8086684004
276 119984.9871469202
279 120167.5109517930
280 121148.7033259462
281 121365.1519574886
282 121668.6247789764
283 122625.0284816422
284 123190.2202874160
285 124067.4820946145
287 124574.4596844815
288 125316.3581236836
289 125531.4108937003
290 125623.9638456383
291 125817.2519523202
293 126775.3790742549
294 127035.1976969906
297 127859.0611870226
298 128423.8661134268
299 128608.0096719151
300 128933.6518328021
301 129609.4353853770
302 130185.1225794535
303 130980.9172738762
304 131404.5963955262
306 131870.6823048921
307 132011.7115573738
310 132279.1271904438
311 132423.4703600909
313 132718.9707047318
314 133454.7884686855
315 134154.5357105449
316 134931.7650160468
317 135818.9112535985
318 136374.0185563171
319 137153.0773013876
320 137653.2725993364
321 138269.1044230975
322 138861.8643995273
323 138926.4675653591
324 139172.2307286990
325 139635.2613199515
326 139855.7637869648
327 140172.5865797843
328 140825.3307290194
329 140950.9472970236
330 141731.6748279082
331 142072.1793554511
332 142385.0519894122
333 143290.5107637951
334 143575.0675418520
335 144027.2200685694
336 144158.8137341301
338 144837.8882367883
339 145820.7262305853
340 146621.9844223087
341 147561.3230392263
342 148413.7034799994
343 149072.6967690047
344 149964.6092805937
345 150958.7586239752
347 151169.1770557418
348 151647.4006776018
349 152429.5791439911
350 152650.2541895397
351 153322.3950425998
352 153465.0477623940
353 153631.8491579326
355 154497.6893101368
356 154972.5701236800
358 155512.5587536355
361 155879.5555522009
362 156404.6376555773
363 156983.9582161539
364 157550.8216477419
365 157670.4144390984
366 158132.0562523801
367 158749.9487404428
369 158961.7586979537
370 159123.6960572205
372 159163.3982768894
374 159328.1696642020
375 160313.6682902581
376 160486.1099018284
377 160755.9083832557
378 161324.6435440506
379 161774.6106655771
381 162094.8455382533
382 162844.5335788408
383 163163.1530547048
384 163597.7356121482
385 164409.9901775894
386 165298.1860515437
387 165980.5156865092
388 166266.1527822698
389 166879.4692196922
390 167297.6627145596
391 168041.0353878990
392 168300.6276328715
393 168406.5385652911
394 169181.8794650659
395 169562.1682451296
397 169769.7578841181
399 170637.1488285532
401 171229.4016288268
402 171313.0302654591
403 172029.1877176214
404 172414.0103353857
406 172464.8824114101
407 172542.1207028230
409 173295.1712806650
411 174060.8465770619
412 174839.4690616435
413 175829.0243109438
414 175996.6212078328
415 176491.9057839359
417 177256.3248658990
418 177885.0947308587
419 178666.4164434588
420 179306.0669061753
422 180111.1899946216
423 180765.7989229582
424 181736.9726761671
425 181995.2071587229
427 182356.3161769697
430 182741.9568522237
431 182743.6755028791
432 183606.0970109058
433 184479.0572382883
434 185197.2462124527
435 185901.2116906301
436 186116.5453979920
437 186871.1239856385
438 187490.4451425064
439 188168.3268854449
440 188751.0042347229
441 188879.6373269387
442 189230.7395623779
443 189707.4320770346
445 190348.9340105019
447 191223.1105488106
448 191677.0716083688
450 191831.7123810081
451 192411.6722994176
454 193023.9587448252
455 193202.9405855963
456 193616.8103327393
457 193915.7271876438
458 194821.5437488476
459 195759.6533502964
461 196322.1824616170
462 197187.9551547492
464 197250.9081760705
465 198232.1118655431
466 198440.5411298117
468 198497.7857497126
469 199129.4204956917
470 199943.2641110081
472 200662.2956399098
473 201523.1610587171
475 202184.4494295896
476 202200.5454590610
478 202590.3086985318
479 203540.6095342918
480 204419.4211653534
482 204697.4634675248
483 205295.2088829156
484 205641.6382563080
489 206221.6017874975
493 207129.3047005343
494 207232.4478037887
495 207805.2975784905
496 208411.8583230906
497 208773.3179118557
498 208834.4284164181
501 209315.5128062579
503 209334.6030301441
504 209857.6100578824
505 210611.1799971729
507 210796.3495281897
509 211645.6260354103
510 211884.7498023536
511 212117.2735750678
512 213063.8690859836
514 213356.5416643537
515 213867.1878726644
516 214310.7172950969
518 215284.9336002026
519 215517.3300878176
520 216409.3308004444
521 216440.2331922819
522 216586.2956020264
523 216829.3655550722
524 217610.0314527373
527 217687.3589683523
528 217987.5307114749
529 218846.1764682564
530 219828.3669364605
532 220091.1973183678
534 220738.2551732595
535 221019.5607963210
537 221185.2125533791
541 221718.7195511272
542 222622.4834407745
543 223270.8116090911
544 223786.9405533223
546 223890.1691290759
547 224687.4981570146
549 225575.5547903677
550 225691.4455418538
554 226086.7192394421
555 226582.2406958941
556 227026.0469617005
557 227733.0311693654
558 227773.5941610666
559 227973.2584410207
560 228159.7921326412
561 228573.3607854621
563 228879.6195112859
565 229805.0537530337
566 230068.0757698081
567 230896.4119274429
568 231382.8641329530
569 231898.6790711260
570 232334.2670569575
571 233145.7998059034
572 234053.3051633143
573 234122.3471938893
574 234429.7868247290
577 235099.0001150238
578 235453.3458790270
579 236321.2774292443
580 237191.9846259397
581 237499.2503328373
582 237539.7802686255
583 238078.0694469830
585 238850.6593086739
588 239194.2079239946
590 240158.8137148683
591 240248.8825829235
592 240420.8984669838
593 240989.9223814612
598 241714.6205774923
600 242270.7678646551
601 243033.9308699094
602 243290.9761452561
603 243869.0567469286
605 244656.2268769055
606 245303.4138178186
607 246154.1343535807
609 246799.5842619204
610 246944.7717543930
612 247394.1527403092
613 248311.0558856926
614 248800.4654436672
615 249734.5804436138
616 250417.4784369492
617 250462.3516947861
618 250747.3177524343
620 251717.5821300147
625 252466.5819992448
626 252899.6180883140
629 253258.0389520345
630 253756.0297673226
633 254108.9693445946
634 254432.0270671273
635 255084.9811188506
637 255294.7960838678
638 255810.2493469404
639 256607.2477604250
640 257526.6408744359
641 258164.4477031798
642 258956.4977000045
643 259822.8095187972
644 259940.8318239424
646 260818.0230718253
647 260911.9691491977
648 260959.0620435856
651 261766.3031316065
652 262096.6656668695
654 262565.6741891627
655 263272.8360524309
661 264079.1804918610
663 264804.9577324758
666 265598.6344551778
667 266133.2317843520
668 266981.7813087977
670 267958.5129141551
673 267974.4681396672
674 268362.2892371341
675 269036.1041969117
677 269553.7514130333
679 269894.3248740312
680 270528.5082855719
681 270829.4003714246
683 271480.2607330556
685 272147.0745894330
686 272420.6408902556
687 272875.4184763517
690 272940.3903004589
691 273482.2584835140
693 274329.9907171333
694 274481.1733299209
695 274667.4471544707
697 275603.4728399248
698 276335.3667099159
699 276600.6471424778
700 276825.1286613824
701 277565.6739184681
703 278249.1393841510
705 279044.6476587832
707 279882.9558128386
708 280164.0240347781
711 280605.5733663702
713 281282.8898218963
714 281822.9163816756
715 282455.7271162296
717 282638.3289175857
720 283568.8746018599
721 283582.4095673876
723 284152.4331522486
724 284626.0601483451
725 285437.7565447663
726 285913.3286683465
729 286685.2798651353
730 287207.0348838498
731 287798.8202024559
733 287884.5932134326
735 288210.7389841083
736 288967.5104937058
737 289018.4613440144
738 289425.5190740810
742 289811.6081848125
744 290153.2352574566
747 291121.1971836550
748 291483.7677311849
751 291982.7062910903
752 292195.8558260664
754 292999.7904823574
755 293145.9604331182
757 293858.0761924389
760 293891.7353398254
761 294286.3774378528
763 294941.7354603780
765 295100.3713983414
766 295584.0011901634
769 296114.1557242185
773 297089.8816256193
776 297885.4448880096
779 298856.3234652841
781 299603.9166456150
782 300565.9217901008
784 301455.2259854525
788 301779.1612638718
789 302309.5287725258
790 302911.9024609872
791 303303.8222626586
794 303760.9218128006
795 304107.7390099645
800 304769.4027891253
802 305091.6653235772
803 305162.3861514986
805 305196.6216654107
806 305206.8308480260
812 305904.9052809921
813 306521.6077145532
814 306699.3620849892
815 306931.2222652867
820 307146.3545683118
822 307695.6071859640
823 307874.2881973406
824 308484.4403736502
825 308545.9889479986
829 308816.6339961356
830 309429.5804005295
832 309890.1706033488
836 310610.7400046460
837 310914.9592789778
839 311109.5609682171
840 311630.1025135145
841 312231.3452575215
843 312597.9094471021
844 312673.4555955851
845 313532.9326270077
846 314028.4842965386
848 314119.7427906107
850 314249.5670703506
851 314947.9725108703
852 315844.3368791870
853 316512.6640762974
854 317246.5108433936
855 317248.5293437208
914 317275.2236378629
915 317459.3327757535
1026 317465.1758649583
1027 317630.3463304651
1176 317655.5158766480
1178 317798.3934923279
1192 317802.9145136903
1197 318630.6701394638
1208 318667.3428988217
1209 319270.2542168964
1258 319286.1149899283
1259 319615.5453244111
1396 319624.5228533917
1399 320474.4578954352
1497 320493.0278827467
1499 321260.5148414212
1528 321273.0981908845
1529 321759.8138786270
1968 321759.8406911324
1970 322369.8318418367
2349 322372.1938648736
2352 323129.1568971945
3591 323150.1054917725
3592 323473.6711290839
4338 323483.5699525531
4339 323984.1533475567
6056 323991.5767892014
6057 324630.1575674351
100000 -2073596.0000000005
evaluations raw_y
1 -2154.7027843102
2 -1161.2598400319
3 -615.4304050277
4 -337.1642352004
5 344.2189732440
6 1233.7375012584
7 1687.8694600764
8 2684.4523050781
9 3522.6637443234
10 3762.6376133275
11 3814.3340012964
12 4089.8626476894
13 4511.7383381478
14 4791.6006913007
15 5185.7966588065
16 6122.4540702763
17 6993.3806912970
18 7087.1781156723
19 7198.5989510571
20 7937.8028357353
21 8466.7368386595
22 9221.0324387610
23 9538.8781061887
24 9635.9317067081
25 10104.4438733825
26 11031.4819020030
27 11237.2618267335
28 11647.2730904474
29 12623.7409128706
30 12626.6964840386
31 13560.0492644520
32 13569.4756256075
33 13663.9494242877
34 13787.0937161651
35 14657.0139053368
36 15603.7062522764
37 16162.1286580316
38 16568.5413521828
39 16693.9649827061
40 17329.0175150150
41 18008.8143525020
42 18753.8469794305
43 19076.3011617858
44 19318.8818923095
45 19451.6624555287
46 20260.8153623921
47 20715.0949431231
48 20844.1530794897
49 21670.0393135449
50 21852.4508811122
51 22820.0589690092
52 23716.9410792611
53 24684.4552788133
54 25666.6764141347
55 25799.4135430166
56 26584.3721904480
57 27070.2914694579
58 27865.2353872759
59 28069.2358435081
60 28752.2342995493
61 29150.8953329267
62 29677.4460374636
63 30317.9692890876
64 30585.4542013927
65 31498.1083171428
66 32146.7218224915
67 32695.9384005903
68 33187.4697282436
69 34177.2596414390
70 35008.9051633904
71 35726.7264653906
72 36713.1560423366
74 36911.6897234332
75 37290.0466954976
76 37956.0693897643
78 38077.2554849478
79 38908.7547765107
80 39904.4176703847
81 40188.6367386215
82 41179.7964417971
83 41749.0882652198
84 42513.8856007481
85 42703.1884244059
86 42808.0777957571
87 43373.8858205797
88 44051.7478503596
89 44520.9809652445
90 45181.1084152903
92 45318.4929257200
93 45643.1723918361
94 46260.3928196626
95 46534.0063210558
96 47172.2125678935
97 48066.4150494199
98 48511.0323702086
99 49436.2359036222
101 50243.5765541005
102 51127.3225451236
103 51669.2972522494
104 52104.7365652029
105 52702.3216583450
106 52943.2430829519
107 53161.2403299676
108 53455.5792995527
109 54196.0703988981
110 55104.1680232126
111 55712.0432016587
112 56494.5284233301
113 57273.2094231205
114 58092.7292566513
115 58317.3320278962
116 59210.0778400292
117 59984.4453890924
118 60209.4870728706
119 60346.7907965321
120 61217.2728885292
121 61801.5918553159
123 62685.9499263656
124 63537.4655921614
125 64450.7366157177
126 64566.7699764608
127 64652.7608948212
128 65379.0107057465
129 66057.2400539852
130 66387.3240390034
131 66735.1644880091
133 67160.3292840961
134 67415.6447963684
135 67478.3638627900
136 68336.9141164335
137 69087.0236153040
138 69578.5946856415
140 70519.0675197332
141 70668.6189397941
142 71442.3376514072
143 72150.0272880902
145 72819.9085946958
146 73735.9399060026
147 74709.2676411870
149 75338.0258251870
150 75408.9328628769
151 76140.0599962919
152 76298.0810701354
153 76875.2594762160
154 77595.0618680833
155 78083.4287903055
156 78328.9717602032
157 79320.9077582218
158 79442.0758343963
159 79770.1978457137
160 80075.9386589840
161 80699.0922893671
162 81112.2474342608
163 81570.2357238714
164 82204.9029560923
165 83097.7557037713
166 83376.7435685482
167 83551.1146116163
168 84411.1974997141
169 84578.5438602011
171 85061.5656037975
173 85787.0252035496
174 86491.4359290767
175 86813.4269079455
176 87450.3135164199
177 87819.9815878051
178 87870.9090454696
179 87980.7722457365
180 88061.2977736201
181 88694.8674888832
182 89483.0608673439
183 89590.7906382524
185 90569.7021681941
186 90959.4105483452
188 91402.3610880461
190 91903.1315770454
191 92135.8816604286
192 92482.9923303455
193 92744.3864285193
194 92840.4183170832
195 93382.5722063641
196 93434.8716923225
197 93827.2573302654
198 93945.0302286259
199 94369.8302098188
203 95157.1425250055
204 95305.3709500393
205 95340.3579017736
206 96297.0733391631
207 96862.7480163987
208 97363.5514422390
209 97918.2220817661
210 98335.8415721082
211 99114.9228384222
213 99420.9262938747
214 99866.4137261346
215 100283.7725387470
216 100470.6786038023
217 101408.4474043528
218 102060.6314843739
219 102980.2095038492
220 103651.0302408368
221 104335.3386668348
222 105152.8212153506
223 105969.2361540240
224 106651.6007987191
225 106751.5916745817
226 106787.3710879786
227 106828.2601585096
228 107513.2339232094
229 107926.8724122948
230 108292.8367245326
231 108819.4903946195
233 108929.0224910903
234 109040.8298582193
235 109098.1255467303
236 110046.2275169838
238 110179.0194056240
239 110937.2028478630
240 111912.1336162264
241 112596.3069226140
242 113509.2010636046
243 113651.3242651349
246 114346.7305401917
247 114656.7708433855
248 115154.4200997310
249 116040.8669114202
250 116072.9250898003
251 116952.3430845053
252 117559.3867697893
253 117820.7441331842
254 118763.7503784085
255 119528.8690973265
256 120137.1034287025
257 120828.1060909630
258 120887.6690615739
259 121108.5819691110
260 121632.5875209530
261 122012.0571446709
262 122359.7615144417
263 123162.1951790072
264 123891.0153491340
265 124469.3008484347
267 125335.4834240531
268 126146.6625517768
269 126916.5263658365
270 127634.5928727767
271 128514.5041858922
272 129331.8880709551
273 130225.6644317347
274 130351.8505690634
275 131204.2812550438
276 131777.2189789832
277 132052.6263683310
278 132669.6084073349
280 132810.1404146683
281 133040.6766361130
282 134031.6580629309
283 134887.3076130361
284 135188.0060640441
285 135847.6782468561
286 136345.2012810113
288 136410.7960840098
289 137320.6122038340
290 137404.3997149080
291 137588.5281824016
292 137905.7862089815
293 138818.9109364696
294 139301.9691972274
295 140048.8448401067
296 140136.6145378881
297 140565.1554541151
298 140622.3390952895
299 141166.4474152095
300 141345.0264518200
301 141994.9712332724
303 142839.3500504823
304 143072.0982431533
305 143873.0085599209
307 144172.1198553351
308 144622.1570573422
309 144643.3591216495
310 145417.9423034183
311 145418.2601992273
312 145671.5065292477
313 146385.8314955297
314 146496.1949558911
315 146823.3225551900
317 147144.9879924004
319 147898.5478664993
320 148262.9884159924
321 148942.3669278876
322 149817.3226886702
323 150304.5905986336
324 150772.3521703585
325 150989.2274064529
326 151491.4494071485
327 152476.1961533169
328 152972.5146905539
330 153519.8427485513
331 153936.2787232832
332 154114.6984602210
333 154314.0109169443
335 154363.9707569636
339 155327.2568032896
341 156276.8983597349
342 156967.8350371777
344 157824.8496435638
345 158557.8061174787
349 159210.9602335580
350 159261.1695148921
352 160118.4398425673
353 160790.7695399757
355 160957.8901227277
356 161736.2014696203
357 162101.4137439553
358 162970.7257442487
359 163068.5127195890
360 163976.6149570914
361 164758.6379999578
363 164916.3247349699
364 164950.3160451955
365 165927.1491368839
366 166450.1548493714
367 166700.0449524681
368 167441.2092681799
370 168378.0044339281
371 169199.7172077518
373 169559.7335979296
374 169896.7183701823
375 170860.3984900952
377 170920.1978148087
378 171725.4761535427
379 172084.1929916450
381 172441.6080230333
382 172696.8179971100
383 173161.7665299549
384 173513.7017985511
385 173942.6971765636
386 174466.8021860866
388 174581.9677342044
389 174731.7114765456
390 175221.0908764940
392 175850.3001182648
393 176599.0523257845
394 176801.4675597918
396 177764.3901548861
397 177932.2928849034
398 178699.1017950267
399 179186.8848280993
400 179787.4562076581
401 180667.8872002464
402 180819.9238996856
403 181547.1806385904
405 181678.1894457970
406 182002.3069965951
407 182880.8835441374
409 183011.2977309110
410 183171.8827875499
411 183825.2976171807
412 184807.4787186105
413 185646.8016166977
414 185872.3298746316
416 186432.7569362705
417 187197.2026134085
418 187358.5269518469
419 187596.2961537138
420 188127.2534259662
421 188486.7408806954
422 188801.8586489316
423 189023.8811620632
424 189137.5950670365
425 189996.1981367769
426 190317.1085510792
427 190712.5875090569
428 190896.3390551010
431 191325.2986900358
432 191691.9168143384
433 192088.2400248309
434 192679.7485769111
435 193453.0373692850
437 193529.7903724808
438 193600.0697367623
439 194279.2376460553
441 194673.6934226118
442 195654.7723715242
443 196202.4450106130
444 196424.9987863977
446 197341.2578470863
447 197567.0991516437
448 198052.2173980586
449 198826.9648779655
451 199357.7967327357
452 199755.7410234023
453 200116.8889345552
454 200488.2407833758
456 200936.2275768568
457 201526.3800981754
458 202431.7700321293
461 202472.8511185079
462 203348.2080150648
465 203515.6107857683
466 203792.9422610637
467 204361.1313974037
468 204940.9806220069
470 205812.5352922302
472 205835.1984569166
476 206023.8325084770
477 206283.0960443412
479 206772.9956775956
481 206779.8109544183
482 207699.3192157184
483 208476.4034825872
486 209355.1540565721
487 209564.5579370615
488 210049.2303842587
491 210912.6473305954
493 211753.5070015248
494 212680.9095127191
495 212866.2762574140
496 212970.6929146669
497 213115.0338288731
498 213396.2005284128
499 213833.6012889323
500 214184.0967492539
501 214451.4550250795
502 214683.8671743737
503 214895.7554248770
504 214926.9731796861
506 214995.9986425871
508 215259.4479852830
509 216122.8819068628
511 216470.0064554927
512 217156.2615395260
513 217711.2940835524
514 218520.7309456781
515 219057.2162072453
517 219471.3888511349
518 220127.7759480002
519 220194.6027580024
521 221163.6669736319
522 221627.3654182396
523 222009.8332995432
524 222402.2712316355
525 222675.3437297189
529 223493.5087647088
530 223675.8887781176
531 224340.4837584032
532 225301.4125345738
533 225652.1572063566
536 225994.6647192008
537 226867.9572445851
538 227316.6485700417
539 227843.0144276192
540 228816.6844740629
541 229265.9903916841
542 229947.1312396692
544 230537.4234098317
545 231503.3453422135
546 231741.1752301728
548 231874.9020079731
549 232069.5963881587
550 232916.8418339106
551 233367.9372505206
553 234336.5499172234
555 234953.8498568721
556 235250.3684730140
557 236035.0339465366
560 236101.7472611663
561 236873.6680635564
562 237349.9352168905
564 237449.8144615181
567 237719.3674679010
569 238073.6153264797
570 238096.9539949589
572 238514.8137570147
574 238806.6086323936
575 238907.8934092335
576 239359.3990712929
577 240242.4232693662
578 240434.5449691963
579 240513.7110913546
581 240833.2857586755
582 241510.3571057556
583 242165.3575130574
586 242696.8413922773
587 243601.8489334912
590 243682.4262535179
594 244576.8734994472
595 245375.0243128015
597 245856.8647112741
599 246338.5709125471
600 246864.7206725038
606 247546.6082602126
607 248126.5147896183
608 248477.7864472427
609 248727.2093565410
610 249576.1799889024
611 250188.4928555930
612 250706.7273410702
614 251140.0239916267
615 251259.5260776150
617 251872.6732200662
618 252119.2156560259
619 252667.5249520233
620 252738.0102232113
621 252783.5449572061
627 252943.2360824441
628 253182.0401968063
629 253734.5426365353
630 253736.2682132497
632 253747.2643920577
633 254010.2910102236
634 254557.3058742337
638 254969.8538859001
639 255222.8104746953
640 255960.8734645902
641 256716.4025646970
642 257402.5713713705
643 258074.2529005201
644 258166.6610942502
645 258785.9067697552
646 258973.2961480831
647 259235.5050711032
648 259645.0248097635
649 260500.4766853468
650 261486.2754336163
651 261514.7225294909
652 261729.9693785067
653 262505.4676369876
654 262611.1298437424
655 263053.7447379467
657 263993.3891753123
659 264254.5848940660
663 264859.7663113620
664 265130.9329785873
666 265302.1885890855
667 265826.9940472594
668 266553.2360760635
671 266562.7413305711
672 267024.2088699553
673 267296.0420994540
674 267496.0743816163
675 268021.1161146982
677 268156.3744977383
678 268631.3070957334
679 268860.4034780656
681 269183.6853854951
682 269319.3482423699
684 269335.0843981821
685 269396.3906501238
686 270281.8613655615
687 271176.5053793723
689 271513.8053706918
690 272254.2203386051
692 273015.4126266520
697 273556.0646296840
698 274094.4364894503
700 274849.8389269722
702 275144.4397218680
703 275607.7255861303
705 275861.7188692451
706 276090.4059155599
709 276767.6662830859
710 276970.0765628786
712 277523.6592588974
713 277896.1845381308
716 277918.4098235547
717 278607.8832205318
719 279478.4377039081
722 280289.7463282451
723 281258.7648949518
725 281624.7390214087
726 282515.4236099665
727 283027.2384874873
728 283971.5235246982
729 284264.4419449777
730 284369.8017949103
732 284935.7220711453
733 285270.1436177960
734 286107.9214677002
737 286580.2155412721
739 286663.5202580027
742 287080.7328830634
744 287487.6923153275
745 288233.5756505648
746 288704.5675000868
749 289200.9165480043
750 289928.9607323855
751 290901.6982889760
752 291698.8296660763
753 292376.3311598258
759 292381.8246559400
760 292615.3434487526
763 293023.3955524944
767 293312.6145415346
768 293513.8145460547
769 293524.9196635904
771 293765.1411638882
772 294289.1514682436
773 294921.6188912315
776 294973.2147663196
781 295888.1072712044
783 296234.5455614001
784 296278.4939995249
785 296290.7004071564
788 296691.3263640063
790 296878.4140366865
791 297206.5242974407
793 297652.7342535463
795 298164.9579556085
796 299014.0135288941
797 299083.1969276263
798 299710.7543031943
799 300437.9265982409
803 301021.7877474724
804 301376.6524890743
805 301477.9069894020
807 302329.6534499921
808 302721.4913141786
810 303251.5193818535
812 304172.8137375860
813 304593.5941642946
816 305192.1193336776
818 306016.2431798730
820 306666.2617428666
822 307206.1924156571
823 307925.5112371344
824 308506.9824856523
825 308535.4834834553
826 309043.5033605548
828 309498.3141344259
829 309669.2286842446
830 310504.3876816855
831 310949.1196743606
832 311127.7552766204
843 311137.9940612543
847 311522.9795599614
1067 311538.4267326697
1070 312138.1779992310
1102 312146.8719857908
1103 312168.1024304607
1401 312181.3137153768
1407 312479.0114245715
1856 312491.4511467783
1861 313070.3231858592
1863 313077.9659141422
1865 313261.3285108315
1895 313261.3968106154
1897 313643.0760545991
2348 313676.8883606915
2349 313962.0693540917
2425 313989.1515460964
2426 314724.2050338566
2556 314729.6075279308
2557 315348.2588118849
3063 315382.4486821737
3064 315984.2252957268
3178 315986.7950796811
3179 316237.4632937997
3569 316255.8228916056
3570 316604.1161838613
100000 -2073555.0000000005
evaluations raw_y
1 -2670.1994618533
2 -2232.8193818267
3 -2181.1029170771
4 -1827.2941739139
5 -1343.2622527981
6 -1302.3182244203
7 -550.4552696522
8 -341.2672417548
9 55.8163326315
10 734.5496738304
11 1490.0649643528
12 1518.6349126606
13 1606.2766823172
14 1634.9537329996
15 2050.2865238079
16 2895.6725556070
17 3155.5586531858
18 4128.2211028180
19 4977.4751935245
20 5927.2785653659
21 6091.1003427086
22 6478.1645526441
23 6557.9324072761
24 6873.4922089604
25 7680.6644233921
26 8000.8694296878
27 8370.2075441577
28 9303.5771449697
29 9988.7630289375
30 10173.1583131484
31 11087.7769898134
32 11900.8536599556
33 11923.4449078855
34 12596.4343947022
35 13260.4289352161
36 14190.4244943040
37 14965.7041778264
39 15753.4201248643
40 16446.5234232331
41 17315.3592563905
42 17410.3266176913
43 17603.7309014808
44 18406.2356320088
45 18610.3802156944
46 19046.9195897638
47 19739.1761682550
49 20327.3073457564
50 20604.5834609611
51 20648.5476174296
52 20932.3378344318
53 21303.4737524718
54 22080.5536739838
55 22825.5091965187
56 22895.2415046465
57 23793.1361481577
58 24169.4183169446
59 24241.4212243444
60 24313.5354557019
61 24449.9694178717
62 24636.0497704758
63 25415.4640186516
64 26145.1000125328
65 26216.6383527337
66 27080.5378858792
67 27575.4060152574
68 28357.9564351593
69 29195.1144775768
70 29722.6553317475
71 30513.1602731395
72 30546.0031640343
73 30664.8783038328
74 30713.5247715069
76 30935.4195262746
77 31921.3254258879
78 32314.1904728600
79 33203.3786614269
80 33682.9479528431
81 33742.0321445076
82 34020.7685103403
84 34450.3609010661
86 34817.1386075878
87 34823.5165589165
88 35137.1678987944
89 35724.3654328998
90 36311.0987943983
91 36971.2739545318
92 37460.9670833176
93 38017.2152392840
94 38082.8029376482
96 38756.9488689799
97 39064.0040528407
98 39741.7853826677
99 40620.0849939550
100 41099.4603943010
101 41335.4523509706
103 42168.2542616478
104 42226.6272820841
105 42253.3980612925
106 42922.0398732909
107 43271.6721982816
108 43739.7838518294
109 43860.9076785146
110 44683.5541231231
111 44921.6542808678
112 45242.5257024726
113 45376.3101639949
114 46138.2874611381
115 46254.5075362114
116 46405.1272767066
117 46495.3589571564
118 46553.1665800258
119 47540.6454062368
120 48136.8466926008
121 49133.2734597984
122 49331.6282106745
123 49819.5489142552
124 49964.6074904107
125 50790.5402752472
126 50945.9967947283
127 51914.3251109485
128 52265.8627594713
129 52514.3515298294
130 52689.0458808554
131 53155.5183284907
132 53404.1971646927
133 53489.6033961745
134 54386.0029060955
135 55248.8953586404
136 56233.7723770301
137 56906.0264126368
138 57272.9424002839
139 57578.9629241555
140 58321.5946609103
141 58849.7884772577
142 59764.5456303871
143 60651.0233772551
144 61454.1701178651
145 61564.1304795765
146 61692.1286728323
147 62269.9479625447
148 62285.0426911362
150 62947.5927218085
151 63301.5531567022
152 63818.3646452803
153 64669.7693803937
154 64924.0911028253
156 65077.1638288600
157 65352.4504655169
158 66285.4580524204
159 67281.4851255543
160 68167.0058743714
161 68243.7211911152
162 68974.6809940244
163 69452.1812556885
165 69953.3757750037
166 70383.4375831313
167 71186.9252858394
168 72045.3240420138
169 72164.9824901129
171 72983.0433821807
172 73301.5319327664
173 74223.5026168003
174 74585.3791005681
175 75123.2179383919
176 75884.4675582076
177 76339.5127066343
178 76721.9519771048
179 76789.4551072589
180 77063.8328095919
181 77623.3001178015
183 78226.6911885231
184 78517.3414643491
185 78629.1776644313
186 78905.5000657071
187 79009.9336109877
188 79197.1786498129
189 79289.5826479441
190 79589.9682935541
192 80339.5306486104
193 80544.3383454143
195 80761.5652077490
196 80877.9480973154
198 81638.7686979485
199 82127.5869404698
202 82789.4613771734
203 83008.5667608480
204 83958.3133877692
206 83959.9412443584
207 84071.5587806881
208 84283.4309839036
209 84335.7031934166
210 85221.9333805815
211 85713.3891949052
212 86033.1741360897
213 86329.8433113958
214 87208.2292679067
216 87545.8374448193
217 88488.9726349410
218 89389.9266540868
219 90007.6516962213
220 90123.0509879565
221 90970.8525990511
222 91235.1526210515
224 91722.7465040713
225 92247.0626197364
226 92586.9226769997
227 92795.9741686203
228 92922.3206170115
229 92984.0112035927
230 93765.2144355345
231 93898.0688424311
232 94755.9464933349
233 94934.5666827578
234 95756.7921205451
235 96643.2653676116
237 96690.6646282506
238 97433.1211789655
239 97916.9334568026
240 98290.2587567851
241 98661.0364457997
242 99596.0446928264
243 100066.6598362649
244 100936.2088375865
245 101260.2307919376
246 101708.3583611471
247 102514.3066559147
248 102698.0209512520
253 103056.8209082301
254 103491.9400777165
255 103494.3893681051
256 104028.4953752683
257 104473.6951546295
258 105436.8193717426
259 105502.8637198710
260 105987.5515711219
261 106472.8706241795
262 106547.2166622823
263 106592.1206718333
264 106813.3792227686
266 107654.4709685945
267 108461.4069774040
269 108524.9587007375
270 109363.4253635505
272 109619.0991139823
273 110201.8270949575
276 110551.9315597402
278 110805.0341525404
280 111533.8717767091
282 111859.8104087856
283 112008.7316046757
284 112226.4535951394
285 112548.0781298483
286 113302.2909710211
287 113706.7022359776
288 114042.2745050673
289 114617.4576125258
290 115559.2140468163
291 116531.3228866616
292 117215.0714446237
293 117736.3644523531
296 118109.0085512927
297 118800.9220894267
298 119626.6078948661
299 120478.9190236940
303 120738.7324638078
306 121592.9922192810
307 121760.5983517577
309 122641.7476775229
310 122841.9848477179
311 123026.1021888345
312 123826.3505435751
313 124478.6541190531
314 124687.0940987550
315 124743.8053473950
316 125644.8108205967
319 126503.7383140527
320 127476.9454522398
321 128192.2439977070
322 128511.4846960988
325 129019.3861805444
326 129483.8738587405
328 130272.4655079623
329 130883.8563350452
330 131398.0321426218
332 131903.6964253281
333 132284.9013457900
334 132474.4494985846
335 132636.8618686834
336 133390.4481416959
338 133808.3984012471
339 133867.4748931185
340 133916.5868619218
341 134722.5110248860
343 135598.8280514775
344 136149.1472533178
345 136499.8533762417
346 137339.1921585385
347 137672.6498808835
348 138183.9638920869
350 139107.1281983110
351 140085.6971509588
352 140403.0110956180
353 140691.4438582448
354 141223.5810319488
355 142039.6946993666
356 143008.9756701316
357 143573.4385468656
358 144479.7514818684
360 145113.6832229234
362 145734.8454642089
363 146509.0812083437
365 147009.0301829756
366 147197.3001316074
370 147830.8940564269
371 148739.6735047012
372 148888.6998650199
373 149180.4726674851
374 149272.3655006786
378 149380.3278103973
379 149916.0208283083
380 150311.0780826703
381 150922.4104988097
382 151268.7622679354
384 151815.8509697393
385 152165.1926091436
386 152449.0793380573
387 153231.3851587653
388 153591.5356710185
389 153868.0439325374
390 154295.3285341618
391 154632.3449400402
394 154901.1813226236
395 155541.0100711945
396 156290.0398511297
397 156797.5173427768
398 157740.8427244647
399 158360.5468324605
400 158697.9897907013
401 158932.5894326334
402 159751.5071546198
403 160035.3454477763
404 160196.3646815836
405 161148.4356905398
406 161526.3010470417
407 162346.9991636855
408 162642.0847963817
409 163284.5252691398
411 163693.9398906872
415 164606.1119008253
416 165387.6180907273
417 166242.3375923280
421 166903.4494588721
422 167783.9848785152
426 168008.7897862584
427 168697.7814675402
428 168803.4911726194
429 168847.9170835092
431 169071.4232088210
432 169190.2630951459
434 170121.7964540380
435 170216.4628399831
436 170332.1790085758
437 170639.2508731387
438 171055.0332964184
439 171922.1113412840
440 172827.0998871713
441 173446.6767328662
442 173644.7914960638
444 174339.3783432573
445 174871.0589878184
446 175111.3224690918
448 175689.5658104745
449 175911.0430166856
451 176782.7096973338
452 177477.6407568399
453 177986.6599927997
454 178077.0908292456
455 178403.7771524402
456 178617.7105131986
458 179499.0438748740
460 179774.5144882371
462 179788.7426168310
463 179886.0273793626
464 179940.2647867541
465 180048.7057974284
466 180697.1905853620
467 180780.0814124304
468 181700.2782699658
469 182434.7640096743
470 182900.4045399893
471 183693.8420997190
472 184262.6364127660
473 184747.5436302611
474 185734.6483178170
475 186338.4139900101
478 186527.3375987112
479 186949.0465716493
482 187247.1040062916
483 187514.1688633144
485 188091.3317181599
486 188312.0437989973
488 188789.9656595147
490 189088.5616065868
491 190077.3884653547
492 190169.1637213427
493 190847.0725187003
495 191267.6445895497
498 191818.6440927788
499 192416.4292429652
500 193288.2982639259
503 193898.8754564094
507 194439.8855279559
508 194471.8366859775
509 195376.0069056057
510 195570.8430455969
511 196289.2850997150
512 196563.2072704441
514 196640.9064096497
515 197519.3156568327
516 198179.4899385834
518 198538.0168249961
520 199488.9121905549
521 199507.1406905449
522 199983.9063061003
523 200847.5681554019
527 200911.6680599543
531 201849.0833670593
532 202107.7137505652
534 202639.2167945926
535 203217.4772548657
537 203399.5149551825
538 203682.8693169874
539 204300.9598280059
540 204629.2083981190
541 205275.2417079818
542 205290.2059343310
543 205968.8153784967
546 206063.8457547605
548 206538.6394935958
550 207347.1540270279
553 208040.0964762726
557 208541.7129237827
558 209496.2953462274
559 209783.5315882171
561 210236.9433272255
563 210357.1709045188
565 210841.9149282777
567 211696.8119215947
568 212141.8074746986
569 213069.8141205945
571 213998.8003449646
572 214973.4068086948
573 215615.6168494883
575 216051.3357373770
576 216793.0995257570
577 217589.1739180087
578 217967.3640195047
579 218721.6094731994
581 218970.7722610035
585 219904.6119976027
586 220341.4860780960
587 221276.0536442275
588 221775.6595338840
589 222130.5679903423
590 222971.3021790814
591 223541.6018993115
592 224298.3128080581
593 224304.7315403230
594 224436.5647013149
595 224597.4226885110
600 225563.5327965846
601 226338.9125330743
602 227323.8454295363
603 227786.0614779283
606 228546.8533076365
607 229396.6505723707
611 229946.1749081823
612 230071.6317072590
614 230698.9746920844
615 231550.1352868502
616 232191.0689557230
619 232596.2450033635
620 233209.5460835405
621 233486.6969282831
623 234461.5604621721
624 235225.1801840638
625 236112.4342107583
626 236442.7640491591
627 236791.7976915458
628 237502.6676336293
630 238309.1403287454
631 238833.6845205449
632 239563.3284135761
633 240111.2110597324
634 240312.3477220430
637 240447.9847951341
641 240514.7239691376
643 240656.4701436453
644 240927.3545373250
647 241444.1622783100
648 241499.2819021730
649 242074.7294109840
650 242467.2595303748
652 242470.1378538402
657 243279.2844057522
659 244002.3776745889
660 244271.0533059869
662 244521.4826394366
663 244551.5408019246
664 245196.1987413525
665 245781.8795150268
667 246281.7131641481
668 246814.1925130433
669 247263.2742410835
670 247871.1538258987
671 248542.8624719791
673 249194.3090345403
675 249390.4823545195
677 249863.5028849484
678 250634.0322104874
679 251300.5433778458
680 251591.9368239417
681 252073.1387597324
682 252432.2920387059
685 252461.3297523512
686 252704.6924132964
688 253656.8622780828
689 254338.9661748817
690 254653.3312560088
691 255337.7505382959
692 255876.9987566507
693 256541.5863843778
694 257268.7138838488
695 257849.8338500671
696 258704.3626616091
698 258844.6676223688
700 259062.6345064897
701 259508.7413632483
702 260448.5134669542
703 260679.8336541763
705 261645.2276717775
706 262379.2312581874
708 262714.2052385823
709 263198.1427580343
711 263879.5673606474
714 264269.0958112761
716 265040.7952381395
719 265107.9676265551
721 265317.3924614125
722 266148.0916927672
723 266612.7367791030
724 267377.9557254965
725 268019.7989651939
727 268096.3858536005
728 268368.7740451462
733 269059.2744795493
736 269172.5322944835
737 269402.8524750537
738 270044.1919622370
739 270238.1413323759
740 270780.4989683851
742 271530.6745057366
743 272485.9875286194
744 272712.9410039558
747 273266.7407706667
749 273901.3228367968
750 274577.3011317477
752 275511.0509267428
753 275734.7171078286
754 276267.5872015237
757 276817.7023247532
758 277773.1271431044
759 278234.9873805493
760 278819.5499870021
761 279576.7345479332
762 280188.4524589713
763 280724.1953400992
764 280925.6537818095
766 281466.2765128581
767 281869.3494549117
770 282231.0856716888
773 282377.3292677178
774 282411.4252787482
775 282497.4837201225
776 283030.0294623011
778 283925.4337277033
780 284249.3466189210
781 284607.4085330635
782 285179.4640935959
783 286101.5886613869
784 286680.5124750852
786 287155.6478257269
790 288016.9586310624
792 288462.7913534924
793 288936.2477857997
794 289481.8695635190
796 289514.6556603712
797 289958.1291161192
799 290178.7835407899
800 290338.6444277326
801 290586.3215858587
805 291024.7003853353
806 291678.2412620579
809 291710.6832769240
810 291908.6078857291
811 292188.3478125781
812 292262.9424903491
813 292802.3901057098
816 293129.2343286782
817 293751.3478682089
819 294414.5786723497
822 294893.7486146619
823 295569.1500342035
824 296182.1652412437
828 296401.4082951279
829 296726.2671230675
830 297319.4015383651
831 297784.5219726954
832 297879.9389917853
833 298838.6705769466
834 299222.0360163620
836 299789.0617305637
839 300414.0482082592
840 301252.8719033031
842 302216.2628867081
843 303025.7611405448
844 303248.7741063520
845 303501.8802704724
848 304038.7113443829
849 304298.5620273072
850 304901.6929010571
851 304991.5613776633
852 305787.7950975912
853 306383.6436355857
1033 306398.6540494784
1036 307355.3148362154
1074 307379.3743882937
1076 307605.4675719889
1233 307624.2433789148
1234 308327.1973249785
1403 308353.8405331147
1404 308954.7170130777
1758 308989.7548721122
1759 309638.3808990675
1796 309657.0015066169
1798 309661.9971766140
2921 309674.5265175594
2924 309908.1170845006
3270 309931.4709690390
3271 310333.6587702203
3374 310342.3835731229
3376 311025.5231950341
4923 311038.4088193674
4924 311281.1038944063
100000 311264.7282811243
evaluations raw_y
1 -2175.9900764327
2 -1785.7545066363
3 -1636.5412467414
4 -645.0352233650
5 164.6203643945
6 198.8691858664
7 1030.8059281351
8 1090.2186975193
9 1951.2072695985
10 2193.8991937852
11 2910.2169998717
12 3582.3549301925
13 4212.5622691584
14 4477.1847583881
15 4931.9486842478
16 5105.3095719852
17 5808.3478438963
18 6098.2355321363
19 6706.7079645152
20 7490.4684218265
21 8209.7817367197
22 8821.5665388387
23 9472.4622627239
24 9708.0632568371
25 10601.7788959380
26 11564.0343035490
27 12473.0624860374
28 13332.7068927437
29 13569.9740151694
30 14136.9402346351
31 15027.0801004335
32 15511.0819527692
33 16155.6473309702
34 16929.8961084194
35 17863.2276597781
36 18348.1660559071
37 19020.6063780892
38 19984.9623074148
39 20853.0444592424
40 21234.2448353390
41 21917.6907611984
42 21955.4112583993
43 22072.7874965348
44 22305.3775194826
45 22421.9098387339
46 22534.4813894510
47 23150.5905430169
48 23471.8106638167
49 23487.0434387355
50 24172.5284547149
51 24990.1104043075
52 25729.1306443795
53 26445.3882623656
54 26783.6701170983
55 27072.3382958984
56 27765.4072614033
58 28291.1975585626
59 29098.4663189369
60 29976.9512464596
61 30356.6703236254
62 30601.9966402302
63 31420.8053017451
64 31423.2946502382
65 31522.8283295281
66 31895.6555589597
67 32470.6085249661
68 33182.8707734989
69 33266.1326322513
70 33493.9310538885
72 34123.2707733274
73 34434.2473679573
74 34840.4408486626
75 35765.2753918765
76 36675.8532496511
77 37029.4293561487
78 37088.9440947158
79 37108.8957658410
81 37379.8001250468
82 37875.2063534734
83 37925.7384983505
84 38581.4741869939
85 39049.6580866895
86 39320.2473179843
87 39868.3999977385
88 40452.9771346074
89 41214.5288472391
90 41478.5449187952
92 41627.6986186173
93 41646.4591445203
94 41770.3974953553
95 42637.8790325427
96 43596.1466846789
97 44085.7952158768
98 44675.7979251556
99 45635.0812776831
100 45931.6871428128
101 46349.5153132407
102 46414.4719558837
103 47350.4883922843
105 48275.6758446691
106 48597.0962236220
107 49552.2988258139
108 50210.5172185341
109 50534.4533197370
110 50566.1575914494
112 50598.8703142932
113 50818.6393817937
115 50939.7099680442
116 51512.6448521274
117 52260.9348782758
118 52585.5438963096
119 53040.7701492666
121 53462.1384068401
122 54045.3856581315
123 54240.2685723726
124 54749.4004496967
126 55131.0997686714
127 55994.8670802567
128 56766.4957280982
129 57472.8178970979
132 58237.3405153192
133 58934.8901730008
135 59719.1286343812
136 60450.4514934882
137 61087.7478022223
138 61783.3180588147
139 62332.2399592512
141 63005.0998573361
142 63847.1618826289
143 64649.2633545289
145 65136.2060743982
146 65486.8061064208
147 65938.6236399796
148 66160.5550671346
149 67093.4952817253
150 67299.5454979037
151 67561.4250082587
152 67670.3565199739
153 68521.9753177859
154 68747.8546517591
155 69074.5093624656
156 69850.6031979355
157 70718.6993989372
158 70821.4686803068
159 71820.3904960956
161 72322.0664832847
162 72810.0158276520
163 73311.2244599413
164 74133.6174356609
165 74179.4327024585
166 74796.8331494104
167 75355.9581296154
168 76107.2692159264
169 76407.4381968240
170 77290.9635692955
171 77955.0568265457
172 78089.2114096271
174 78199.4120400655
175 78270.2226549597
176 78753.3505584403
177 79305.1613711553
178 79656.2717007659
180 80465.0714724134
181 81378.2353124162
182 81594.0607439809
183 81688.2683813445
184 81804.3167229643
185 82566.0786181870
186 83055.0797150773
187 83126.4654925601
189 83484.3408500781
190 84274.0973139913
191 84574.1939031181
192 84967.5067225043
193 85526.9279937456
194 86464.8141915152
195 86513.9248286094
196 86585.2506476834
197 87217.6985880073
198 87459.9602653929
199 88434.3682215273
200 88702.1849347986
201 88899.8477807334
202 89143.5535623110
203 89664.6161545525
204 89857.5088858498
205 89989.6079641335
206 90901.3174355037
208 91191.3228472669
209 91777.1534960609
210 92701.7488953003
211 93076.8695752155
212 93213.5132694200
213 94122.6545023593
214 95008.6314777914
215 95215.1024861966
216 96011.7329620540
217 96228.7716984348
218 96494.1085457715
219 97339.5742981895
220 97387.3161596404
221 97428.9941905990
222 98233.8444915839
223 98385.8789237819
224 98922.6410399592
225 99340.3983131500
227 99706.5085717251
228 99860.0403508104
229 100045.5647688987
231 100464.5376156485
232 100555.2920951603
233 101260.1518260747
235 101377.4895303919
236 101541.0592834787
237 101718.4132806812
238 101994.9255009825
239 102313.4425081009
240 103253.0708482375
241 103588.9193866670
242 104144.8379410740
243 104875.6394636618
244 105522.8915247713
245 106027.9134007633
246 106845.1916815983
247 107186.0689111409
248 107352.5237912060
251 107894.3954186480
253 108817.1587181309
254 109713.3798355815
255 109775.0409976757
256 110426.4281091615
258 111162.6855135362
261 112137.5116662281
262 112422.8789428973
263 113015.9234440611
266 113866.4584773153
267 113940.4120253601
268 114153.6678329810
270 114179.7600056565
271 114933.2386356983
272 115314.6272498337
273 115459.1582954544
274 115785.0906095319
275 115873.8596615483
276 116802.1387469061
277 117435.8042759360
280 117514.3740383258
281 117997.5913166299
282 118636.5597517209
283 119298.5883846842
284 119573.1357569835
285 120289.7449284696
288 120769.5549011801
289 121226.3773132187
290 121910.1001763369
291 122015.6637225416
292 122092.3550367276
293 122442.4512256721
294 123163.7085175687
296 123781.1145304957
297 124297.1475037827
298 125132.8027372726
299 125902.5051169752
300 126649.4088257071
301 126780.3456731891
302 127427.2774107521
303 127659.8732270049
304 128215.0447325309
305 129205.3403267644
306 129881.1852765434
307 129932.0040228839
308 130813.7147748915
309 131154.4699772624
310 131913.0883751842
311 132522.8751480726
313 132767.2033442356
316 133325.2853166058
317 133768.7354787130
318 134474.6717441985
320 134643.9871275205
321 135566.2789030776
322 136556.5650175925
323 137396.1083016913
325 137936.5156658764
326 138184.7293486984
327 138580.1405761981
329 139112.8617687783
333 139928.7568659997
334 140908.4149726453
335 141515.0825314455
336 142391.2640373416
338 142664.0180409951
339 143521.4471386491
340 143567.5282994430
341 143860.1423523319
342 144589.7735992613
343 144719.7847456846
345 145196.3671405281
346 145515.3375363919
347 145901.4291139085
348 146620.7643852275
349 147368.7329561879
352 147619.3946125107
353 148270.7140204798
354 149035.9644468025
356 149979.7452715363
357 150402.7613298960
359 150794.1958955836
360 151026.1227300588
363 151643.2498971976
364 152222.7100314490
365 152315.7279066084
366 152664.7604693964
367 153569.8184390505
368 154462.9967905622
369 155134.5196029244
370 155785.5211121993
371 155932.8911552878
372 155977.8057451334
373 156103.6825393655
375 156870.0691132717
378 157155.2220249561
379 157671.8169734161
380 158448.0068490866
381 158587.7755625108
382 159370.6553156427
383 159665.5636791402
386 159906.5489958916
387 160220.8545853452
388 160601.2147949055
389 161406.5418768098
390 162274.2943851827
391 162341.4697040885
392 163108.0592813930
393 163631.2200417753
394 163766.5164829143
395 164485.1755235138
396 165253.1562714610
397 166131.0991265434
399 166347.5185115266
404 166357.8586867261
405 166630.7981450052
406 166951.4288475465
407 167348.4385670442
408 167965.9710177276
409 168401.5120068085
410 168578.1564547207
411 168849.7605616799
412 169805.4403392468
414 170158.9372471828
415 170598.4181673477
416 171566.5125252804
417 172028.8255967188
418 172688.3589288566
420 173362.0349494836
421 173871.5207092597
422 174309.9111864348
424 174848.8484376122
425 174930.8612051923
426 175414.5249793613
427 176013.5940144031
428 176945.4185653032
429 176958.1110666468
430 177929.4806588461
431 178834.6620226391
432 178941.4619592174
433 179196.2400688175
434 179454.4016836051
436 179779.8526212216
437 180258.6913830675
438 180710.4996967675
439 180730.0334311831
440 181644.3326963996
442 182087.0224401578
443 182384.2667541125
444 182569.6727346707
445 183058.9910280082
447 183765.2350095777
449 183813.1387048322
450 184015.6449034399
451 184288.6683289414
452 185258.3023144818
455 185849.6900092897
457 186586.0894967058
459 186618.6368931435
460 186680.0287797208
462 187572.1839104781
463 187686.3668321104
464 188003.2616198530
465 188883.3422322170
466 189781.8540801098
467 189839.2222198450
468 190790.8669264865
471 190832.0624217083
472 191203.4978620114
474 191542.8051592450
475 191672.7979709008
476 192157.5753821436
477 192956.7224913671
479 193353.6014590778
481 193716.7743883421
483 193840.2606102349
484 194341.2332212824
485 194823.3851964712
486 195102.5854325623
491 195490.0597703214
492 195634.4841647705
494 196198.8035960256
495 196569.8140477460
496 196922.1550724611
498 197757.0289771894
500 197845.8145112073
501 198576.4214837033
502 198598.1440657174
504 199276.5887550744
505 199560.1220072615
506 200119.4025800674
507 200623.0601704798
508 201551.0953413042
509 202178.2104342632
511 202178.3458943536
513 202706.8710803731
514 202756.1327344994
515 203297.8125884725
516 203829.3794655703
521 204141.8102877653
522 204366.3452091557
525 205216.8031934824
526 205315.5755588609
528 206111.1799684386
529 206456.9773508407
530 207208.9205137678
531 207479.7529096360
533 208097.8390888800
534 208714.1052767660
535 209049.8078147702
536 209902.7517071589
537 210160.3930814854
539 210689.2593759319
540 211677.1455465502
542 212519.7505366455
544 212725.1907618646
545 212741.2937118161
548 212910.6989670184
549 212993.2031714699
552 213634.8476314330
554 213722.7985809637
555 214414.9480499202
556 215337.7156230488
557 215652.2459425732
558 215847.7102328394
559 216066.8403461673
561 216804.7970133550
562 216815.5394038440
563 217744.6557934465
564 218509.3671541689
565 219494.6552863398
566 219504.1606903234
567 220212.9356507136
568 220475.6061063513
569 220645.7684538554
570 221053.1708690709
571 221409.9800654906
573 222387.7843109401
574 223168.8388424379
575 223717.6734798758
576 223952.6954253971
577 224664.7120907332
578 225590.6037513570
580 226139.0925831577
584 226303.9268202334
586 226338.3252309332
587 226599.7453352639
588 226825.5490169243
589 226885.5583496524
590 227850.3104230552
591 228146.4622125856
592 228729.5453593463
594 229393.8478800630
597 229425.4129273455
599 230384.1075688664
600 230845.6961170045
602 231788.8222706167
603 232441.3985614417
604 233222.0188430750
605 233876.7861336104
606 234057.8913963080
607 234306.2247849084
608 234538.9402663774
609 234896.8223299294
611 235414.2317837639
614 236190.2702381916
615 237072.3985605133
618 237647.2056067771
621 238399.3408583947
623 239095.2312312829
624 239657.1693363057
626 239936.5175466709
627 240110.6993601486
629 240985.7463329999
631 241198.6040842812
632 241778.0903023614
634 241866.4956639126
638 242081.5218234000
640 242309.5798625808
642 242337.5315036737
646 242437.1101825491
647 242682.9920760473
649 242814.7804881004
652 243585.8170479899
653 243928.0630759117
654 244647.7717385902
655 244765.8923539378
656 245352.5742949063
657 246330.1220601547
658 246937.6602595668
660 247562.4198975323
661 248310.1696408906
662 248845.0939585631
667 249691.9615836561
668 250249.8682402553
670 250504.9907029630
672 250849.5751094431
673 251096.2368051083
676 251237.5647264044
677 251411.9238640077
678 251695.1716642953
680 251977.3040410987
682 252152.9108488515
684 252398.0699650397
685 252519.7339938376
687 252853.2594806298
688 253802.7367527898
689 254318.0365570528
690 254871.9061812339
692 255722.2394872000
694 256505.2724938148
695 257138.8594922736
697 257702.9595762008
699 258372.5417467288
700 258628.0871302999
701 259502.1217127833
702 260370.5253667302
705 260829.3426925577
706 261801.8621180952
713 262278.8948393936
714 262930.7799503838
718 263044.2788053225
719 263089.1527778228
720 264067.9233315299
722 264954.5608651583
725 265029.6841312439
726 265125.1856218328
727 266028.2955494610
729 266068.0888671702
730 266774.4395402085
735 266821.6996230348
737 266996.6505391874
739 267749.5276865510
740 268232.0968789323
741 268554.5651384091
743 268719.3829618642
744 269584.9474932971
745 270118.1231242830
747 270407.5323156672
748 270738.3914705999
749 271291.1062037864
751 271560.3426682389
752 271700.5056051625
754 272555.3709855916
757 272616.6538975763
758 272963.7746919531
759 273639.9098646999
760 274264.5661584689
763 274902.1960406702
764 275686.2550894471
765 275719.7480605998
766 276114.2076639000
767 276173.3636993132
768 276790.4910781431
770 276890.6056143155
772 276964.5131819615
776 277773.0923130255
777 278687.8956231024
778 278704.3979771429
780 279571.9304294792
783 280082.3821868807
784 280231.4370656684
785 280279.7055435479
789 280851.7436799409
790 281678.2693899424
792 282333.1171408526
793 282432.4450294140
795 283263.3896155641
797 283979.3063379292
800 284695.3261530817
801 285134.3092384046
802 285759.0537706162
803 286320.6745752197
804 287160.2462774205
807 288133.3871056193
810 288306.5706728132
811 288776.6604487632
812 288902.1275133169
815 289585.6446207467
817 290026.8652039773
822 290470.9649977590
823 291124.4722660601
824 291570.9408984107
825 291999.4861268590
826 292838.1247538870
829 293734.0510974777
830 293952.7972382353
831 294564.9325873539
834 295474.8759661068
836 296201.5184784353
837 296208.2851630143
841 297030.6526200486
844 297206.6858746270
845 297228.6182304494
850 298067.7123510807
851 298530.1924130882
852 298910.5198874647
853 299019.1724477285
854 299267.8293469502
855 299931.9364974519
857 300009.0680455829
858 300286.2030496616
861 300840.6948773125
863 300884.8848708885
865 301432.7380376158
867 301922.5627922943
869 302376.6898157370
870 302401.5336046357
915 302413.2953725130
916 302681.4309001026
976 302682.0390823291
977 303566.1321618292
1020 303566.4098514127
1021 304359.1270188970
1093 304361.5986823765
1094 304478.1327260589
1097 304499.4392024055
1099 305280.7490678810
1289 305295.5185866746
1290 306242.5323137546
1364 306258.9041169862
1365 307173.7032259229
1467 307193.7036607531
1469 307724.7265493093
1693 307736.1354789088
1696 308110.7369132627
1743 308129.1411144335
1749 308239.4301689715
2038 308241.3685449196
2039 308642.9834793503
2102 308679.5408052222
2106 309095.1421702445
2606 309100.0044201307
2607 309490.1205471223
2634 309514.9032015536
2635 309522.3385112740
2741 309539.1800720066
2742 309773.9601159827
2949 309776.1527795621
2951 310034.5435475696
3532 310062.2079419660
3533 311024.0245887422
3840 311038.2928267990
3841 311963.5204263198
100000 -2073622.0000000005
evaluations raw_y
1 -2523.9143035236
2 -1861.7880693332
3 -1738.8610208962
4 -1619.0665108587
5 -958.5822786719
6 -364.8904454557
7 499.4056537692
8 970.7870789290
9 1687.1171847738
10 2617.3624494089
11 3196.5462609649
12 3360.1382325445
13 3560.0400446520
14 3702.7740520861
15 3870.3624703799
16 4635.6097233273
17 5169.8983361671
18 5649.6583557896
19 5997.8110841754
20 6974.4745984565
21 7480.7471629960
22 7609.9511437839
23 8262.3109564129
24 9250.7600217659
25 9790.1444160491
26 10723.5090624182
27 11149.4562797008
28 11221.3784472398
29 11505.7029986986
31 11591.6784013443
32 12277.2602193216
33 12815.9948485423
34 13694.6361840123
35 13828.7458997732
36 14818.6456726232
37 15451.4836090154
38 15700.4657867106
39 15768.9346032628
40 16167.9028997415
41 17047.6966247974
42 17265.3704964315
43 17908.3610672352
44 18475.1221329054
45 19308.0790748225
46 20030.5934072271
47 20564.0093406121
49 21045.8564168375
50 21758.2226771497
51 22411.4446216868
52 22994.9576478768
53 23115.3010609726
54 23474.3638692129
55 23716.9049072889
56 24569.4735111116
57 24589.6197717299
58 25499.8016461791
59 25985.4203897669
60 26706.3902355120
61 26781.7781173012
62 26898.1818249334
63 27222.3237395933
64 27420.9299753115
65 27539.7994245661
66 28023.8240747836
67 28081.7713967502
68 29061.5782536076
69 29609.0713189968
70 29703.8800251812
71 30473.3164234318
72 31367.5742573227
73 31539.1523838107
75 32184.2689112845
76 33064.3266241795
77 34042.4602717559
78 34551.8585468079
80 34934.7780586197
81 35766.4127787395
82 36741.5066824057
83 37557.2914871593
85 38121.9000709214
86 38260.7633339506
87 38736.9442799835
89 39354.8188771799
90 40039.8575774784
92 40539.2246432762
93 40868.6058008431
94 41158.2236659326
95 41683.0482952293
96 42132.3734324080
97 42180.1999107190
98 42245.7571276210
99 42785.7159060354
100 43000.4440174177
101 43491.8256043017
102 44169.7914107323
103 44312.8038801133
104 45145.5483708697
105 45323.8423162431
106 45743.7375774109
107 45952.6796660987
108 45966.4988254622
109 46017.9480850124
110 46629.6730337377
111 47207.3779677530
112 47903.0502002930
113 48173.5354947891
114 48524.8206316538
115 48613.5383636750
116 49141.2895837119
117 49961.2659352676
118 50927.1254418938
119 51863.1287748047
120 51980.2486338020
121 52075.8402906153
122 52624.9729569636
123 53538.2554226949
124 53671.4105744371
125 54426.1907943771
126 55336.1032957703
127 55585.7751542267
128 56372.8221585656
129 57136.5831818920
130 58026.2339253779
131 58396.6106820324
132 59268.7104132835
133 59817.5335749697
134 60285.1144588631
135 60748.7665366838
136 60835.9051829768
137 61236.0263570662
139 61788.1775175511
140 62010.0940047296
141 62450.9453708193
142 62988.5140077545
143 63085.0349959288
144 63774.4213259739
145 64266.1279399612
146 64493.1364731804
147 65213.0479293532
148 66073.3086514651
149 66804.2947292999
150 67554.0290371721
151 68455.1637341227
152 68823.0277746477
153 69176.2697558229
155 69816.5160183831
156 70085.4536375449
157 70565.7299945429
158 70643.7004533553
159 71142.2514319438
160 71538.6344829802
161 72179.1528664732
163 72386.4115959967
164 73180.7665590743
165 73874.6895946491
166 74076.1395303393
167 74812.0262458364
168 75420.4750693222
169 75998.0633672406
170 76051.0899562361
171 76672.0046831429
172 77041.7780387927
174 77629.1896418401
175 78509.7281477025
176 78964.7944727099
178 79777.3947893759
179 80276.3938926636
180 81027.5836841988
181 81973.0299686259
182 82352.6249479944
183 83218.6914231491
185 83983.9944391617
186 84842.1959205092
187 85502.8128116169
188 86086.8421967137
189 87032.4530311335
190 87498.8165992499
191 88238.7038728383
192 88688.5827833642
193 89036.7974251472
194 89815.9281337471
195 90307.0626919269
196 91162.2787767740
197 91497.2574112243
198 92364.0481207082
199 92582.5214124138
200 92943.1807411111
202 93397.7659368434
203 94177.1683717161
204 94789.4470285187
205 94934.2294650816
206 95424.2894478862
208 96331.3475045396
209 96482.0308140679
210 96860.6033921507
211 97724.8446341109
212 98547.1190731874
213 98650.3820023955
214 99623.5043095393
215 99937.7349382203
216 100755.3420432428
217 100805.2141329598
218 101452.4376192110
219 101538.9499157492
220 101588.5282010106
222 102172.0812358042
223 102876.3929877886
225 102878.4926197949
226 103863.3979132679
228 104261.3172036080
229 104946.2961949419
230 105804.1680263985
231 106269.6097918058
232 107238.1729819152
233 107930.6182517041
234 108185.5450173527
235 108446.6192366616
236 108699.6879112704
237 108944.6315158071
239 109399.2074933011
240 110138.0640848715
241 110949.5458485970
242 111650.8904193294
243 112546.2666540365
244 113496.5470097997
245 114215.6389140574
246 114932.3420062860
248 114990.4493106616
249 115336.0009489957
250 115753.1786603399
251 115787.3277638467
252 116302.1716773939
253 116621.9833148696
254 116769.2383781839
255 116993.3286617103
256 117698.6399787781
257 118204.9133636449
259 118819.9629871568
261 119626.8520471583
262 120159.9557533577
263 120452.4716400048
264 120452.7472344428
266 120662.5015474281
268 120822.6886172061
269 121504.8471516451
270 122036.9626575658
271 122804.4718488527
272 123292.3406948685
273 123329.6674632406
274 123605.1214634972
275 123766.9024647265
277 124164.0165654221
278 124297.7967434427
279 125028.6320960294
280 125951.6754349472
281 126347.6844781292
282 126608.8248883742
283 126995.8869092746
284 127134.7435973653
285 127996.2431883266
287 128449.2977923989
289 128569.2195657929
290 129289.4258235567
291 129400.4798636376
292 129581.4687019864
293 129637.7658379060
294 130551.3715612951
295 131418.0549508532
296 132229.6069853858
298 132724.4277429855
299 133368.1436884819
300 133729.3430353813
301 134219.8080126285
302 134973.4798165354
303 135130.0603074057
304 135670.9899599706
305 136060.1141006621
306 136928.0601227679
308 137559.2390557998
309 137561.3551420606
310 137846.6640474121
311 138616.4725053131
312 139215.2511626298
314 139964.9491046623
315 140440.1933623358
318 140688.5107466178
321 141011.9749528128
323 141303.7377967371
324 141983.0501763944
325 142616.1642031259
326 143572.2834431021
327 144199.2968257001
328 144903.0963261704
329 145467.5105952026
330 146015.7849162986
332 146017.7353281175
333 146698.3769535332
334 146950.3187792565
336 147069.2912507249
338 147744.7729202966
340 147850.7090006755
342 148533.7969319194
343 149305.9222477171
346 149590.1456792848
348 149868.1730363572
349 149971.6085681277
350 150526.2893160690
351 150672.9481901628
352 150807.9998417427
354 150870.4556783801
357 150888.3134523951
359 151149.1885671887
361 151781.3163300772
363 151889.3264211057
364 152425.2922012064
365 152811.1954387064
366 153779.6353588139
367 154232.4418461089
368 154353.5980406962
369 155072.7104780409
370 155178.9846633496
372 155641.6679653344
373 156208.4973250208
374 156280.1442279062
376 156377.9015260474
377 156612.6786683194
378 157454.4020840385
379 158383.1566125366
380 158715.5827680337
382 159620.4919517317
383 159824.3021243269
384 160044.0055420156
386 160408.1925660574
387 161186.2156583976
388 161858.8793195351
389 162183.4342954152
390 162856.9983185355
394 162978.4852285367
396 163000.1814993599
400 163815.2546745190
401 164193.1652988420
402 164503.0685731286
403 165174.1142379479
404 166036.6103378749
405 166886.2669762702
406 167464.5694010385
409 167574.6316076941
411 168546.4982047338
412 169024.7850210177
414 169138.4952209941
415 169227.3122626672
417 169992.0613108463
419 170096.2446635820
420 170567.0397065349
422 171312.5382975184
423 171814.2152756802
424 172134.5764548660
425 172269.5647651725
426 172549.0201487507
427 173336.1687802190
428 173471.2540698821
430 174338.0978184431
432 174406.1127498782
433 174986.8100869208
434 175441.7047006225
435 176157.6750401823
437 176743.2386772779
438 177623.1046115369
439 177826.3364939098
440 178679.9786687566
441 179590.3724466556
442 180448.9825858669
443 180670.4149306845
444 181256.7183778845
445 181529.6524437982
447 182519.8179731393
448 183260.6739412027
449 183531.6760650601
450 184278.1206523894
451 184783.9267830102
453 185611.2927195987
456 186372.5441812987
457 187086.7639375330
459 188053.2295820430
460 188800.2477242268
461 189068.3787829225
462 189974.2136785079
463 190216.6152597801
465 190657.5173469105
466 191096.1299747021
469 191876.6465778578
471 191966.7806462794
472 192452.5706369655
473 192751.4478016887
474 193482.3252026131
475 194101.0329712334
476 194338.1010987780
477 194507.0872875260
478 195176.5700052314
479 195819.6226240905
480 196382.6588445072
482 196867.6039055579
483 197794.6790484502
486 197906.1744300456
488 198323.1020705936
489 199204.5072708960
490 199773.0924285681
491 200168.4712570894
492 200651.7910887640
494 200662.9653866165
495 201590.2572547025
496 202438.4818474300
497 203355.0421194151
500 204322.1119701135
502 204368.2166947211
504 204616.8668048462
505 205595.4748365730
507 206428.2156051177
508 207179.8717120323
511 207979.2026885897
512 208394.8583299363
513 209072.6598984825
514 209217.2056058190
515 209662.6229836273
516 209806.7938420194
517 209849.9488547829
521 210127.9818079792
522 210239.9909598248
524 210342.8530316009
525 210732.2784435868
526 211711.0387264040
527 211932.0726540091
528 212205.2376844219
529 212417.6912325941
530 212900.3582973231
531 213555.7320214213
533 214268.9051807256
534 214385.4746958783
535 215197.6243614463
537 216070.2560854116
539 216681.1494395304
540 216954.5550026841
542 217190.5696612620
543 217437.2906671048
545 218161.5348821428
548 218849.0730716607
549 219371.2542690292
550 219520.4809987524
553 219701.4401412656
554 219888.0147439888
555 220511.6924783350
556 220538.4950178603
557 220564.6453669231
560 221423.1079476514
562 221846.0004464899
564 221887.8854313229
567 222092.9865802689
569 222185.8367914207
571 222251.8539081520
572 222840.7395670954
574 223163.9820863667
576 223584.1477465636
577 223788.5484272394
580 223841.7331372185
581 224314.5352367634
582 224594.7420586330
583 224749.3447448581
584 225304.4769989570
587 225306.7238105950
588 225324.9373156783
589 225599.9338102781
590 226216.3002971050
592 227141.7629736744
596 227224.5044745319
600 228158.7439384328
604 228421.6422805175
605 228725.8233418398
606 229160.6739767107
611 229250.8156697845
613 230245.6133837146
614 231091.9552945755
615 231644.3587343316
619 231863.9110103951
620 231908.9255428307
621 232035.0396315754
622 232365.7152853509
623 232863.4312000026
624 233377.6183138486
625 234040.5296470466
626 234203.6310773815
628 234688.8989027717
633 235371.9696212911
634 236081.6046280520
635 236299.0537770508
636 237276.5208478635
639 237619.5343832488
640 238575.1497750561
641 239451.8129615179
644 240036.4476983561
645 240044.7403371838
646 240969.1758859351
647 241344.8603850899
648 241936.5125301469
649 242692.3844852053
653 243051.1448202767
656 243287.1513978853
657 243943.5827151834
659 244556.7558297543
660 244614.9458906911
661 245371.0991394853
663 246287.3529106226
667 246917.1093949106
668 247149.9050048336
669 247244.7576169403
670 247996.7126667569
674 248236.3590950330
675 249152.0688122579
676 249554.9372411724
678 250070.3036678011
681 250840.7169963013
684 251742.9395349987
685 252388.6612545086
686 252884.8838130531
687 253099.4213159352
688 253910.9958084669
691 254363.4003582739
692 255001.0760500198
694 255851.3529520780
695 256392.2985048677
696 257142.6564726592
697 257411.5516602165
698 257471.1814900086
699 258282.8461564764
700 259123.4353978636
701 260106.6170963639
702 260987.0802946569
704 261663.5579297930
705 262199.0626985728
706 262314.9429726407
708 263270.1687476598
709 264171.8097444337
711 264654.4535659730
712 265606.6167216733
714 266589.6136224902
720 267257.7896092252
721 267417.0932576433
725 267767.1893991826
726 268713.3031474281
728 269617.4915343281
729 270079.6705968222
730 270935.8127249496
732 270949.7729943870
734 271182.2832876253
735 271736.9994049178
736 272001.3190159022
738 272728.7915041377
739 273590.2325053837
740 273928.2013148906
741 274698.0310435202
744 275655.4891338701
745 275693.0615455208
746 276371.5673445626
748 276740.4633487083
749 277516.3058066792
750 278495.9417679762
751 279481.1144265034
752 279630.2692527508
754 280213.2565708746
755 280429.2870456184
756 280513.7617804706
757 280981.1149822280
759 281650.2132861499
762 282339.5093564787
763 282622.7153715168
765 283112.4383987252
766 283143.3486705312
767 283230.9731929073
768 283339.1811998947
771 283347.0949331649
775 284235.3224432078
777 285172.9633325719
778 285708.3208442894
780 286578.2604136138
781 286716.6204694320
784 287193.9316559929
786 287922.2868448844
787 288221.9083076436
791 288271.2020366100
792 288735.4496825408
793 288809.2996736072
795 289482.0469866885
797 289762.3817213364
800 290148.0709153099
801 290826.3938616855
802 290915.6513870885
804 291783.1395668316
805 292431.8581013331
806 292853.5368663382
807 293497.3855917797
808 293847.3590032160
809 293879.4787526908
811 294368.3131294634
812 295309.2792464077
813 295722.8971017310
814 296407.5318515108
815 296659.6361389690
816 296920.2711423942
819 296923.7470519586
820 297884.5059484518
825 298199.6900345866
826 298443.6116461905
828 299223.6523597405
830 299488.1729428216
831 300435.5303617137
832 300438.1155593012
833 301047.3881969088
835 301057.2687107521
837 301811.3558383749
838 302777.5817233514
841 303608.1286780441
843 303969.2245859451
844 304342.8186851030
845 304870.0227507605
847 305226.0828304269
848 305465.5907121703
850 305468.7579722524
851 306330.4971772677
854 307082.4237748483
855 307889.5956885426
857 308810.3809739424
858 309287.7608072023
859 309637.4003103818
861 310456.4066303300
864 311318.9474874746
867 312254.1756705216
868 312277.7730705234
869 312291.5617072746
870 312880.8401262133
872 313487.6158787061
873 314088.5886506469
884 314098.6305636234
887 314854.8406521943
1276 314881.5075827760
1281 315503.4748120123
1487 315538.7845499266
1489 316182.4655998378
1507 316199.6396313001
1509 316656.6406549655
1774 316664.0944497081
1776 317093.9067150100
1829 317109.2810816371
1830 317205.8654483684
2381 317224.3530325531
2382 317375.2274188805
2488 317406.8932049875
2489 317751.3504527420
2762 317751.9981117527
2764 318169.0456584438
2851 318189.0451319186
2855 318536.3581842845
3012 318537.3590993563
3014 318684.0515050966
7328 318717.7199905730
7330 319490.2033345519
100000 319413.9421197228
evaluations raw_y
1 -2096.6677288549
2 -2000.3241634078
3 -1928.0013663732
4 -1810.2603017692
5 -1213.8445238173
6 -985.8684029032
7 -107.2025045381
8 576.3544442825
10 1028.4664690719
11 1520.8090688641
12 2380.1387287322
13 3341.6923131985
14 3646.8330816014
15 3798.6785002632
16 4418.7496860136
17 4572.6795105943
18 4751.3121195436
19 5135.0285651682
20 5275.7756022825
21 5290.0848568602
22 5612.4403371091
23 5882.1583140671
24 6173.4649720074
25 7143.5534693231
26 7524.0252453980
27 7861.6315682884
28 8074.5484488407
29 8148.7284289616
30 9027.7640272054
31 9618.3720506250
32 9895.6752872692
33 9905.0952610926
34 10167.6074807459
35 10357.9761213045
36 10507.8597731626
37 11227.7971448199
38 11338.7068669038
39 12089.4903353550
40 12325.7942620766
41 13007.1124157169
42 13498.2967699732
43 13916.5561047197
44 14444.7580973615
45 14824.4897954978
46 15816.8645726274
47 16063.1528701306
48 16954.1868696932
49 17632.8878731316
50 18587.6293574479
51 18795.8222919874
52 19662.8555168441
53 20076.0324848487
54 20373.6942654092
55 20685.1336216849
56 20868.9778743435
57 21504.4756976860
58 21637.7725348082
59 22270.4790290482
60 22762.4604082926
61 23407.9985676261
62 23487.6327843222
63 24397.7192274841
64 25056.1843227204
65 25941.7758437572
66 26692.1427717537
67 27627.7503446442
68 28152.6525634546
69 28838.0381091356
70 29317.6236073466
71 29844.1531567626
72 30497.2856244124
73 30562.4375297501
74 30911.0789625568
75 31886.1984905440
76 32222.8048470897
77 32520.4412479490
78 32588.6684511333
79 33117.2353046720
81 33180.3541866732
82 34058.9404985466
83 34753.4567930260
84 34955.4665134977
85 35143.1986884757
86 35745.5933339350
87 36262.4382687404
88 37009.3766155085
89 37968.6905608692
90 38578.1410162654
91 38961.1942945204
92 39913.1777423469
93 40795.1605378164
94 41412.3793991969
95 42280.8450733746
96 43075.6018078170
97 43463.8912182585
98 44372.3981370675
100 45111.3068106542
101 45447.0466005201
102 45589.6999854856
103 45838.2762269497
104 46372.1760818091
105 46620.9408335861
106 47474.0042078559
107 48125.9956773502
108 48139.1533760124
109 48237.3289510803
110 48817.7089449183
111 49259.2210956049
113 49744.6333910682
114 50230.5205164776
115 50581.8432989121
116 51435.0525051070
117 51638.6631150690
118 52439.1818016254
119 53321.1634747140
120 53788.7929739698
121 54504.8855768542
123 54580.0445333366
124 55087.4813285771
125 55608.3441886208
126 56501.0219612706
127 57408.4726364224
128 58121.1033194621
131 58123.2900447342
132 58265.2487041894
133 58436.0214338150
134 59176.8654362180
137 59206.0196167860
138 60023.9651137983
139 60302.3311651655
140 60352.0085909041
142 60641.2394456579
143 60860.4295126894
144 61160.7263316027
146 61340.7305400896
147 61679.1805351582
149 62146.9003939890
150 62204.4416569353
151 63171.1861260697
152 63193.6114822382
153 63757.6633358239
154 63955.7393745891
155 64341.8087820103
156 64878.3157460543
157 65240.8690464232
158 66195.6610483411
159 66888.7837645645
160 67038.7768729429
161 67912.9645740280
163 68020.8574428514
164 68132.7452283728
165 68384.7439017415
166 68879.1779860605
168 69068.2989495321
169 69875.0655911035
170 70707.2631342044
171 70876.3983316635
172 70878.3699325063
173 71526.5390906276
174 71619.0010018339
175 72297.6626058755
176 72407.3226930994
177 72755.6324444070
178 73562.0830775320
180 73778.8995121885
181 73855.5344872663
182 74525.7652387549
184 74614.2135853325
185 74651.9527639850
186 74885.8008114692
187 75665.4124345517
188 76287.2197745866
189 76592.1517180695
190 77084.7283662656
191 77502.2101434857
192 78027.3504387879
193 78135.8343293682
194 78177.6881339274
195 78815.3763568517
196 79041.8930384035
197 79153.7238348861
198 80055.7336472711
199 80837.6317557785
200 81383.8073839724
201 81689.8887777676
202 82421.6516401273
203 82553.6048212645
204 83229.9085969698
205 83874.1823958853
206 84365.4247195803
207 84447.6673951435
208 85002.3156935104
209 85155.9126622455
210 85808.1277768913
212 86750.5370304463
213 87431.7421378321
214 87915.6259925651
215 88397.4224669522
217 88962.7011328170
218 89311.7910138377
219 89828.5995134828
220 89876.0190631407
221 90031.1892127153
222 90253.2952693126
223 90538.9076555630
224 91473.9358208677
225 91811.7355711221
226 92624.1988526559
227 92630.2314744395
228 92792.4424304141
229 93778.0224842080
231 94328.8609266213
233 94936.6409267981
234 95056.9569741609
238 95359.2767457535
239 96307.3692627217
241 96562.0895509138
243 97164.8382731705
245 97662.5501205973
246 97684.3931397698
247 98184.5719677041
249 98200.0998044106
250 98310.9595411378
251 99117.4842171287
252 99615.9044823048
253 100021.1265385206
254 100951.7667447056
255 101105.8963453294
256 101431.9358880965
258 101763.6579002526
260 102609.9581944784
261 102646.6303651715
262 102822.6598392438
263 103274.1179328501
265 103455.9598687868
266 103456.7059315875
269 104115.7510531303
270 104750.4243674572
271 104971.4571652902
272 105533.2716207507
273 106323.6509545923
274 106472.6679903868
275 107143.8503853507
276 107713.1272625996
277 108188.6821270420
278 108444.7391420800
279 108479.9426797640
280 108802.1445779069
281 109152.2726337747
282 109510.5873385178
284 110093.3331927861
285 110312.0360419434
286 110396.7334482107
287 111212.8280358067
288 111734.0234405290
290 112009.2833227482
291 112582.6525901468
292 112948.6801676202
293 113756.9178289245
294 113849.0233491874
295 114244.9315908914
297 114643.1316387327
298 115030.5032519084
299 115055.5190865291
300 115914.4495990437
301 116756.9766477117
303 117068.8915456531
304 117888.9032101764
305 118675.1358594650
306 119083.9059519222
307 119230.8949954944
308 120093.3351150775
309 120211.4965695782
310 120702.0923995210
311 121557.7670752130
312 122177.1267770565
313 122725.8023680213
314 123058.0144435611
315 123670.1396430609
316 124277.3144586633
317 125169.4107257531
318 125828.6355929066
319 126410.9540321042
322 126498.9719256118
323 126971.8400945016
324 127107.7104827184
325 127473.6401383221
326 127872.0342908973
327 128723.7423692587
328 129402.3653930684
330 129558.6110660035
331 130374.8059761217
334 131062.9581971743
335 131981.5286745482
336 132739.0368283686
338 133459.6118118528
340 134013.3264236784
341 134775.2005120996
342 135353.0002642074
344 136330.5676505598
346 136605.8259549704
348 136664.5929395502
351 136990.0670779952
352 137953.2261469512
353 138044.9281665719
354 138880.9903685093
355 139746.1515790170
356 140391.7823802164
357 140486.9997442562
359 140632.8229583807
360 141620.9728924758
361 141844.0789814176
362 142540.0866858909
363 142590.0730368226
364 143153.8399785468
365 144066.2537376900
366 144357.3061936256
367 145145.0297575644
368 145447.1282606040
369 145986.9934941306
370 146842.0198181758
371 147537.4256662224
372 148522.9213593310
373 149092.4735700806
374 149811.9381229872
375 150515.7613509102
376 151050.6995797111
377 151330.5084442243
378 151332.0636923564
380 151906.4292018739
381 152581.2296491629
382 152927.6339174884
383 153827.7462283392
385 154749.9094557548
387 155183.4032856336
388 156034.5157154090
389 156920.4557150162
390 157639.4646876346
391 157820.3271828619
392 158757.7219108850
394 159030.6482356090
395 159531.9047481932
397 160200.3639314890
398 160213.3000207843
399 161145.4118366555
403 161200.0065913310
405 161314.8757471172
406 162195.2747753520
407 162286.9731817760
409 163099.9588688258
410 163949.4725280516
411 164286.3531561785
412 164538.5751736706
414 165074.1643936532
415 165909.8017427299
416 166542.7610410429
417 167203.6195385863
419 168063.1948462054
420 168123.1307983720
421 168520.7577109531
424 168653.6966516004
426 169208.1814533381
427 169357.2716023363
429 169684.0862334391
431 169739.4341675399
433 170118.4019010379
434 170361.0798694834
435 170812.8473323094
436 171494.1934616224
439 171909.2951461605
440 172773.7132282093
441 173033.2278320568
442 173710.6323308405
443 174511.2034790092
444 175205.9147875150
445 176019.4419250856
446 176947.9533198398
450 176994.6526015129
451 177254.5251292973
452 177470.1781266662
453 177610.4534927435
454 178201.6817030666
456 178706.8927753036
457 178958.5382004665
458 179167.0533424889
459 179386.1251533391
460 180290.7621621850
461 181226.8707793425
462 181520.5645204457
463 181536.5398570197
465 182081.5802225646
467 182130.2159576687
469 182847.9986291439
470 182962.8408710360
471 183606.5583568833
474 184162.5935627191
475 185037.8312874063
476 185321.4997098727
477 185534.0498624141
479 186496.0620216767
480 187174.0636647692
481 187401.1825304235
482 188220.9556164313
483 189039.7728910003
484 189258.6466169561
485 190172.1626846174
487 190250.0596853352
488 190435.5784296557
489 191201.2636176743
490 191893.8118028822
491 192300.3544035957
492 192396.1717805094
493 192704.1010364394
494 193693.5472790169
495 194242.1374836126
496 194399.6286008223
497 194967.5268075112
498 195022.2081370079
500 195755.4881325634
501 196022.9001148028
502 196638.4604241340
504 197310.8785186431
505 197333.1016483895
506 198131.3714175712
508 199119.7297442121
509 199382.9826781002
512 199464.7419672881
513 200154.8200459389
515 200830.5103370382
517 201358.5858833214
518 201688.5816071650
519 201694.5001833241
524 202565.4765977763
527 202821.7326924658
530 203538.0069263418
532 204340.2073616711
533 204659.4993041240
534 204945.3452625170
535 205218.7638523157
536 205868.1746648274
537 206827.4672170116
539 207328.8383984697
540 207554.6700361303
541 208031.9111725789
542 208529.5524173594
543 209006.5473775618
544 209910.0986252376
545 209996.2228671177
546 210378.9751693135
549 210398.1812272639
550 211218.4581396006
551 211605.9323487428
553 212193.5417711938
555 212774.7323055188
556 213499.9219249643
557 213905.7967110555
558 214776.6960554310
561 215044.5821073485
562 215723.2970058041
563 216302.7974463989
564 217008.4477782304
567 217644.6081948101
568 217981.3575199464
569 218637.0495766585
570 219247.6294794148
571 219959.8232747277
572 220382.3830479401
573 220885.1667998150
576 221273.0383645879
577 222201.6858528017
579 223167.0571113940
581 223387.9945392123
582 223871.8976562411
583 224618.8521130282
587 225038.0389175191
589 225348.9389849873
591 225926.0201515834
593 226468.4067962654
594 227285.8208765193
595 227957.8577913058
596 228138.9050907548
597 228330.5606903220
598 228999.2004713707
600 229667.4580125858
601 230253.6045003700
603 230378.9400051766
604 231318.9208025459
606 232105.4122392127
607 232902.4513585813
608 233856.4108516861
610 234619.1067771977
611 234783.2765650829
612 235331.0455807957
616 235653.6657640885
618 235665.8142849114
619 235878.1015089540
620 236587.4621814200
622 237048.0928426810
623 237949.1500988122
625 238910.2075287038
626 239157.5554418820
627 240141.4169221409
628 241022.6544635629
629 241872.2954763751
630 242322.8202977221
632 243084.2538628325
633 243293.3481062109
634 243988.3856322855
636 244893.0237961114
637 245135.2919150471
638 245403.0063685410
639 245444.6843773373
641 245859.8690080211
642 246270.4122202548
643 246450.2349684995
644 247221.2898370852
645 247949.1127229510
646 248315.1066444204
649 248921.0893675492
650 249035.2175533392
652 249229.4153828392
653 249919.4864501480
655 250730.8957049869
659 251199.4634702594
660 251215.7613628818
661 251550.2509989706
664 252302.7326314513
665 252926.1461421022
666 253616.2681268952
668 254038.8715762191
670 254097.2375660258
671 254631.5937557525
672 255073.3246238473
673 255785.4716459761
674 256260.9271681110
676 256955.3459821646
677 257688.7508816563
678 257947.7593304586
679 258403.6586347684
680 258669.5132567997
681 259102.2900773602
682 259561.2035011214
683 260434.9919891055
684 260716.4850679189
685 261682.5201275664
686 261773.3260733252
687 261798.8916395534
688 262063.0380332390
690 262597.0278016902
696 263019.5333966896
698 263127.0724479482
699 263875.9853438981
700 264501.1303406045
701 264900.5145269654
702 265643.9672399987
703 266071.4365422349
704 266422.3627638702
705 266727.8861877625
706 267564.5391519440
707 268162.8438400504
708 269088.3845296148
709 269749.5952854117
710 269763.5339329487
711 270324.4659197862
712 271077.0389627792
713 271725.5043516338
714 272019.7372695234
716 272983.6414034131
717 273041.7765754624
718 273712.4029900056
719 273937.1684753743
722 273941.7389253655
723 274204.5793813766
725 274315.3101585053
726 274457.5660635987
727 275008.6150912297
729 275118.8363853882
730 275546.2412179056
731 276391.9237657302
732 276570.5649279269
733 277414.2195239392
734 277963.6774808208
735 278597.8829557905
740 279085.1599159004
742 279133.7007513251
743 279427.6747433334
744 279764.5998468383
745 279956.7795074118
746 280899.1712514362
749 281393.6411490732
750 281759.1907053043
752 282007.1080849046
755 282492.6601014013
758 282623.9354095475
759 282845.9093442090
760 283017.3299513261
763 283147.6088255677
764 284108.7870233512
765 284533.6156645194
767 285164.9246116601
768 285209.2442424060
771 285746.9996838358
777 286526.3993207200
778 286756.9592504517
782 287083.5655192164
783 287312.6012096906
786 287507.5655521050
787 288039.8856774861
789 288799.9824519141
790 289124.3002748188
791 289707.0690570713
793 290187.1883679284
794 290451.5769629665
796 291097.7459729175
797 291263.1792193573
798 291932.2063268612
803 292742.2108775555
804 293549.6086050798
805 293812.1498563741
807 293896.7657609972
808 294539.0120804770
811 294824.4916402691
813 295156.2180461946
816 295572.4403366974
817 295830.9190847654
818 295897.5351162881
819 296515.7489016400
820 296866.8105667733
821 297189.6829182289
826 297693.5472311427
829 298198.7557786155
831 298500.1432559996
832 299041.4947886569
833 299755.8057771333
836 300350.5309639937
837 300837.1351240522
903 300868.4827319694
904 301039.9699852434
950 301047.7294609217
953 301115.0228111898
985 301156.1267456433
986 301293.7947548219
1030 301294.7090451880
1032 302148.7053031132
1137 302172.9893114074
1138 302327.5607661426
1183 302346.1571558720
1184 302519.9281571489
1291 302523.4558379431
1292 302616.1981345691
1440 302634.7804700267
1442 302950.9674250974
1463 302984.9924528869
1464 303299.5690116414
1544 303313.4723430403
1545 304168.1926043447
1611 304174.8729581390
1613 304193.0493714465
1708 304195.5926570476
1709 304231.1917872610
1739 304271.5584851828
1742 304567.0576366923
1833 304592.8524465279
1834 305413.6623722254
1908 305435.8710954401
1911 306332.4539238430
2042 306350.5262951558
2043 307246.8800026783
2302 307262.7481673652
2303 307653.7460764070
3070 307656.5693126590
3071 308527.8819808937
3526 308548.0816777025
3527 308861.7691549156
4550 308882.0459395697
4551 309289.1442294223
5111 309303.9839497505
5115 309369.5818898765
5161 309386.2981697781
5162 309766.0355303996
6742 309766.3674072239
6743 309986.9767118381
7337 310015.7394724994
7338 310513.5392967176
100000 -2073640.0000000005
evaluations raw_y
1 -2734.3747802042
2 -2503.2442728054
3 -1938.5914818411
4 -1742.9868126795
5 -769.0547342081
6 -90.8173781869
7 842.6901461845
8 1060.5209099290
9 1088.7184075945
10 1159.1292674159
11 1992.1739474857
12 2974.8088224857
13 3182.0746655157
14 3502.2811123540
15 4119.0080190905
16 4775.1232530590
17 4909.4061322918
18 5608.4547529127
19 6117.2555944271
20 6622.3888623949
21 7059.6504324324
22 7492.4990506519
23 8278.0526001687
24 8602.9464613592
25 9160.3004805979
26 10065.1937541189
27 10065.6035294981
28 10084.5424716902
29 10978.8812010660
30 11243.7120981299
31 11527.5528348414
32 11780.1164236202
33 11999.9781082338
34 12815.7065983193
35 12983.8462093810
36 13331.9542531701
37 14009.5162529842
38 14428.9501644010
39 14480.6384917433
40 14957.0762245037
41 15074.9037153049
42 16010.6137536947
43 16618.9232179010
44 16841.4453106287
45 17659.6238824255
46 18011.5850652333
47 18882.5237626030
48 19242.7031343276
49 19915.6356070809
50 20779.3034130627
51 21327.6254845027
52 22013.5782356757
53 22731.8894971412
54 23393.7548665792
55 23610.1129468523
56 23989.6480284069
57 24881.2596395035
58 25030.7450261709
59 25533.9803768470
61 26025.9988491713
62 26920.3634719634
63 27710.1627509339
64 28007.8237000326
65 28507.4894714862
66 29493.3490346069
67 29841.3894650169
68 30620.2076805563
69 30623.2736262257
70 30863.2424229080
71 31384.3535131815
72 31734.0674914971
73 32435.9390604216
75 32879.7176417281
76 32973.3052855844
77 33307.5655197470
78 34147.3585523874
80 34902.0911577752
81 35146.1177124210
82 35325.6804045939
83 35974.4664298014
84 36724.6885344907
85 37271.6901269283
86 37844.7436568413
87 38222.8216795421
88 38516.7092144819
89 38827.5047603137
90 39118.4568378928
91 39941.3121666946
92 40726.0055636250
93 41000.9521732408
94 41467.4767604296
95 41688.5911706154
96 41990.7570897039
97 42079.5175998487
98 42081.7114645634
99 42439.0024166902
100 42933.8564326923
101 43893.0996271284
102 44591.4666904966
103 45556.8825032998
104 46357.4480013255
105 46465.5879571778
106 46833.2544931673
107 47765.0404150896
108 48361.2548138330
109 48981.1847468542
110 49124.1162107300
111 49437.2760011285
112 50021.1686164694
113 50618.6122793920
115 51086.2467707167
116 51196.7240714019
117 51649.3770426023
118 51685.9958643613
119 51714.4065025840
120 52595.8121976083
121 53336.1578418110
122 54202.6192933856
124 54708.3773368111
125 55426.4848333666
126 56242.4859550556
127 56758.2718744442
128 57271.0555501561
129 57319.1810451221
130 57962.3605474167
131 58110.9737035414
132 58653.4660148879
133 59443.5448337626
134 59861.2297105910
135 59964.6696726596
136 60963.6169071679
137 61030.4660690522
138 61922.9544024736
139 62334.9423764353
141 63232.0668361638
142 63339.0154235885
143 63618.1426583251
144 63676.4209315206
145 64667.2662704492
146 65081.0632846818
147 65344.0130850326
148 66160.9302051648
149 66351.2379283994
150 66887.9773808989
151 67004.5626047249
152 67748.8328639858
153 68030.8900264324
155 68321.4157789593
157 68683.8574156555
158 68806.6309350483
159 69489.3739425295
160 69823.4084643161
161 69825.3730036949
162 70682.1598889725
163 71024.2481680067
164 71515.8129045380
165 71786.0236113611
166 72710.8014784828
167 72987.1487806015
168 73045.5090019472
169 73920.8934787738
170 74672.1079105084
171 75489.9586472403
172 75930.5693094572
173 76455.3371785029
175 76932.9928076941
176 77606.8136004950
177 78289.5524330431
178 79021.4485750369
179 79127.6063379986
180 79745.8282557661
181 80279.3175857963
182 80317.8760105444
183 81060.5957372615
184 81300.9901301150
185 81594.3214953115
187 82534.1703683241
188 82944.1861717656
189 83837.9358237127
190 84775.7838875168
191 85555.8037299638
192 85782.5662517113
193 86046.9157467393
194 87038.4898496370
195 87859.6297058501
196 88181.5413840337
197 88698.3200601189
198 89466.1192891232
199 89785.7889448338
200 90171.3631127488
202 90389.9084367381
203 90619.1750568898
205 90862.8175822243
206 91213.4314198145
207 92192.3035405411
208 93016.9168514315
209 93378.7180233924
211 94235.5980624472
212 94241.6678706867
213 94612.5160299233
215 95598.1669242826
216 96137.0156834577
217 96316.3777749757
218 97248.6701271961
219 97790.0630588035
220 98035.0106954332
221 98567.4672323473
222 99537.5324050239
224 99661.5666247572
225 100381.8594203000
227 101100.2999968655
228 101263.7557019088
229 101453.8400045701
230 101550.3622878222
231 102082.7315549586
232 102303.9484019834
233 102835.8974332793
234 103714.2269182272
236 103807.8652018471
237 104390.3797437462
238 104477.2702834899
239 105084.9034188325
241 105858.3801200663
242 106231.0754324149
243 107124.7024736060
244 107541.6890889541
247 107720.8941484754
248 108360.0419966674
249 108682.5459762820
250 109299.2829973207
251 110216.1949294938
252 110742.5806898190
253 111212.9463743500
254 111905.0948645728
255 112056.6180213763
258 112197.7650403860
259 112276.3802376527
260 112518.1995353952
261 113320.2385534820
262 114201.9379608200
263 114521.1335080472
264 115165.2396044287
265 115979.1754692754
266 116444.6257794396
267 116700.7069609233
268 117464.3203024574
269 117562.1755478205
270 118543.3392811832
271 118821.0168047754
272 119733.8422061113
273 120516.8071818863
274 120915.2951725000
275 121155.1407851050
277 121438.5163514670
278 122168.7770424147
279 122812.4980372355
280 123501.0574491044
283 123589.3671253608
284 124390.4331446826
285 125082.5517965178
286 125118.9718853618
287 125170.6453535975
288 126056.0973033918
289 126490.4443359932
291 127044.2651969314
292 127914.7342647409
293 128301.3279032467
294 128628.7184413200
295 129187.1407882112
296 129411.8118865278
297 129761.4332177820
298 130528.5478511558
299 131019.9423575674
300 131639.0922991761
301 132162.8980217203
303 133107.1227675968
304 133950.5988442107
305 134743.8080120908
306 135059.4136778640
307 135981.8774170782
308 136234.1357305500
309 137196.2967562215
311 138118.4666161221
313 138492.1596714584
314 138523.6914188071
315 138621.8988313504
316 139396.2698765296
317 139936.5300622764
320 139968.0285143437
322 140511.7261069427
323 140671.2421197249
324 141420.6880474427
325 142226.5732745990
326 143042.7111085281
328 143910.5811439238
330 144377.2833969948
331 144564.4310990172
332 144950.0152690712
333 144983.9428297775
334 145949.8223275061
337 146815.7048276406
340 147196.3442192956
341 147331.2023473601
345 147393.4474683071
348 148013.8733148809
349 148746.7588663114
351 149107.2977692029
352 149781.1159143979
353 149965.0446517467
354 150537.6211756263
355 151004.8950173777
356 151529.3499204987
358 151542.7226055696
359 152200.5783806337
360 152279.9520318943
361 153100.8807384218
362 153707.7451039348
364 154231.1593185936
365 154558.4151148933
367 154926.1159885616
368 155748.2617991110
370 156171.6294827704
372 156297.4592698625
373 157108.5004708415
374 157554.7065162828
375 157911.5411199608
379 158219.5836359877
381 158851.6422402510
383 159738.9442067121
384 160225.0247979990
385 160309.3000219444
386 160840.7071174051
389 161625.7567149943
390 162480.8439401261
391 162946.6937956602
392 163819.0132363064
393 164121.8667479162
394 164502.0944729402
396 164594.3392671658
397 165309.6435558166
398 166084.9318628440
399 166509.5215923715
400 167264.1693228594
401 167728.7164400574
402 167880.6487288598
403 168083.0580299946
404 168377.7937200661
406 168562.0457294719
407 168699.1123907198
408 168722.3760464927
410 169400.2745786164
411 170108.5748995824
413 170547.0041917439
416 170617.5363813596
417 170727.4789406825
420 171627.3759543374
421 172023.8863988934
422 172282.1061276756
423 172854.9999119995
424 172929.9977586649
425 172977.4519639658
426 173585.3788087314
427 174024.1632012865
428 174276.2162885321
430 174861.7777933254
431 175800.6554456088
432 176163.3794942092
435 176877.8684905848
436 176926.4987649198
437 177674.6587486266
439 177742.2019410041
440 178157.2846304393
441 179138.4461502265
442 179453.2254984712
443 180239.7034246507
444 180460.8443715865
445 180644.2445644703
446 181621.8395584720
447 181645.0331973407
450 181698.7611077300
451 182017.7135518052
452 182721.2821390703
453 183627.1526929832
455 184299.7058502021
456 185170.8266879454
457 185694.2738402578
458 186227.7786180344
459 187087.1310329135
460 187915.2260891885
461 188828.4713121379
462 189394.8204930396
463 190048.8299629612
464 190579.4407564533
465 190847.6070572172
466 191137.1252439021
468 191888.0298433591
470 192369.4860022193
472 192654.2066856525
473 193336.7294705184
474 194035.5919877508
475 194624.0499347859
478 195512.8479042171
479 195575.3717812139
480 195769.2677691074
481 195884.5492395223
482 196577.9560759354
483 196956.7118781515
485 197650.2911761489
486 197696.2346101874
487 198310.6753505392
488 198726.4738705734
489 199201.9652171590
490 199255.1971842560
492 199707.6969632030
493 200320.2615847674
494 201193.2256258457
495 202158.3715122354
496 202717.3755195105
497 203032.5766808402
498 203872.5704572427
499 204251.3376969931
500 204867.1456047565
502 205752.6355692598
505 206036.1075379257
506 206949.2515892584
508 207136.2517659394
509 207850.0307001047
510 208740.6348171481
511 209450.5751427621
512 210085.1242272537
513 210716.6871321132
515 211343.1196142515
516 211391.1843727815
518 212040.8333665062
519 212173.7915754896
520 212351.3230869272
521 213019.7453191692
523 213661.7165527358
526 214652.2696364666
529 215554.5706777064
531 216318.0091537331
532 216987.8793993527
533 217520.1793805951
535 217612.8553320528
536 217630.1451365726
537 217930.3642551940
538 218179.7616750135
541 218808.4494531088
542 219734.2303308972
543 220178.0022971662
545 220723.1789677981
546 220825.8232542003
547 221629.0829859752
548 221937.1372362979
549 222475.0198225930
551 223447.6282430573
554 223507.1890359424
555 224202.8934097109
556 224934.4946472480
557 225463.8485195180
558 225468.8626631034
559 225914.2584356537
560 226281.3703797317
561 226662.3065723750
562 227032.4188233884
563 227680.0284420556
565 227689.4435929187
566 228165.0090718431
568 228735.5059293960
570 229376.2790739367
571 229839.2387540507
572 230490.5421543256
573 231297.8510242820
574 231951.6330811790
576 232113.4834800362
577 232742.4776125863
578 233430.8061753210
579 233641.8706940168
580 234121.4396806973
581 234862.3861054433
584 235483.6033652828
585 236110.3287376338
586 236756.2225000550
588 237026.0985476715
589 237039.9225656494
590 237980.1688226252
592 238545.2877881198
593 239200.1632283329
594 239699.0195512508
595 240067.3998889877
597 240359.0470971442
599 240564.5858532922
600 240961.9247009412
601 241232.3011123426
602 241452.4868990239
603 241560.9811529163
604 242430.3596628532
607 242766.8928274697
609 242907.9253545865
611 243569.4464173302
613 244335.2379380513
614 245210.1026684909
615 245547.2134614434
617 245684.4630766501
618 246157.1907376975
620 247102.3255985715
621 247379.5538798081
623 248241.7977790303
624 248721.4852440062
625 249111.0669264706
626 249581.9329706302
627 249616.3721257633
628 249653.2248458226
629 250510.6342021842
630 251145.8414758097
631 251854.5057200991
633 252243.5485677906
635 252306.6399034439
638 252615.8067653983
640 252726.9156520589
641 252848.9442898562
642 253163.1340777373
644 254029.9290844406
645 254260.7277549838
646 254492.0144913766
648 254821.8090090871
650 255413.7065955643
652 256253.9038995136
654 256907.7801845908
655 257853.3031820741
657 258710.4486448907
658 258891.3581851199
660 258971.4771785669
661 259461.2901159142
662 260014.7083658745
663 260301.5254548728
664 260427.4102501014
665 261344.0890170664
667 261465.9981706260
669 261670.4835259271
670 262584.5070351482
672 263549.9592225548
674 263811.5887209835
675 264585.9238457364
677 265366.0829128758
680 265377.3012790100
682 266257.2971115725
683 267108.3013249749
684 267769.7343345584
686 268056.0842572953
688 268636.5413485745
691 268960.7823128987
695 269109.9387722297
699 269624.6312140393
701 270479.2661259684
702 271274.0733233033
707 271412.4243416135
708 272211.9094751010
709 272675.5063225153
711 273348.2164774993
713 274171.5905641333
714 274356.8101965398
715 274697.0361501902
716 275463.2640203894
718 275930.6521113894
720 276873.3541911696
721 277200.4270592232
723 277583.2075035556
725 277679.4526612050
726 277810.7762364214
727 278489.4904910057
728 279090.5558998354
729 279562.3129292136
733 280007.7985435320
735 280111.4269235622
736 280857.7181967168
737 281571.0350567871
738 282279.8840451202
739 282631.1352994069
741 283474.7139184018
743 284320.2964159270
744 285286.6269615968
745 285556.6458719501
746 285968.9634027643
748 285989.9182393700
753 286772.6162520999
754 286902.7565109536
755 287500.1513261982
758 287817.5733456911
759 288293.3449601506
761 288514.4499407237
762 288653.6494294576
763 288923.3208294295
765 289890.3933980921
766 290418.2608004825
767 290977.7569168548
768 291169.4977530054
772 292086.4688891178
775 292989.8399805922
779 293754.0851561911
782 294332.6519098389
785 295095.4655753268
786 296052.3729732453
788 296909.2181345675
790 297469.2821770001
791 297562.9132612286
792 297670.6410622456
793 298581.7422066351
794 299374.1658220987
795 299578.6411171441
796 300206.9018958830
797 301123.4280776574
799 301550.4829112042
800 301926.9155777904
802 302248.6128710024
803 303072.5304163019
809 304043.8335813592
812 304396.7029391444
818 304816.0454193975
819 305340.7228561416
820 306114.5788248575
821 306174.8889847966
824 306908.8466134005
825 307805.5094711057
829 308012.8742335918
831 308919.6056083000
832 309307.9480111622
833 309363.5539869906
834 309547.3254580499
835 310369.2280760378
837 311098.0141775550
838 311331.8286134907
839 311787.7933157501
842 312612.7044756051
844 312937.0888744924
845 312963.8940072494
847 313764.3111074435
848 313976.8582148974
920 313991.7362202020
922 314246.3563626096
1082 314258.9867942321
1090 315193.9362691800
1201 315234.1451842404
1205 315239.2791920585
1206 315397.8105424750
1208 315526.8079643902
1332 315539.5737445690
1335 315853.0669306890
1360 315870.1701539176
1361 316788.3307402771
1964 316808.7756899183
1965 316811.6322998236
2185 316812.1773390530
2186 316837.4283546265
2419 316852.0568436904
2420 317365.7349894457
2553 317388.3983010983
2554 317695.2599920384
2735 317706.9304952371
2736 317748.3047561693
3063 317768.0277994031
3067 318486.5328561081
3263 318513.9650644638
3267 318675.6387532424
4600 318678.2111829144
4602 319547.0402047536
100000 -2073500.0000000005
evaluations raw_y
1 -2480.0415397282
2 -1690.6448889449
3 -1645.6707072392
4 -1517.4028781025
5 -1376.7672079022
6 -497.6465844962
7 -219.3886044071
8 281.2082419717
9 1040.7681239607
10 1204.6333833450
11 1855.5929031562
12 2284.9888789597
13 2452.8294864507
14 2826.9333763141
15 3519.6521484252
16 3983.8498516267
17 4763.9840316395
18 5533.4344704317
19 6089.2879313955
20 6214.8153200740
21 6765.4937230962
22 7028.0540958968
23 7709.9974151154
24 7745.7561801867
25 7880.0106643929
26 8561.6140889202
27 8606.3416362486
28 8678.4546130257
29 9484.6209593390
30 10196.2038171472
31 10545.4772192363
32 11300.8525252654
33 11388.7076947783
34 11769.9162438119
35 12400.6562355225
36 13132.5586929905
37 13249.3938066332
38 13794.4960538569
39 14427.9751717597
40 14598.5075162909
41 15584.9875467896
42 16121.8006644384
43 16125.7864795018
44 17004.7081927288
45 17377.5458402963
46 17485.3408617127
47 17824.0708805638
48 17956.8629449551
49 18638.1715026939
50 19471.2435410174
51 19587.7361646600
52 19857.3949683221
53 20306.9632773714
54 21147.0190337598
55 21470.3210891571
56 21544.3758484118
57 21986.1805155012
58 22664.1501214148
59 23405.2185715844
60 23882.8527624655
62 24575.9125593496
63 25058.9685337344
64 25928.6933640675
65 25987.8596657047
66 26443.0107970610
67 27088.5182894901
68 27588.0083826979
69 28228.8490668633
70 28983.2112640495
71 29521.7025959318
72 30241.4043003132
73 31099.7039674380
74 31566.9160235426
75 32557.5761350978
76 33117.2825650469
77 33222.2359961644
78 33458.2767606088
80 33876.7102416574
81 34366.3984917876
82 35333.2568778337
84 36153.7173738329
85 36637.3957948564
86 37285.7648332493
87 37418.3318357776
88 38037.1791003610
89 38700.6179952975
90 39099.3411383741
91 40081.3018956192
92 40996.3226757848
93 41735.2622119647
94 41965.4697343929
95 42224.0055880548
96 42894.4345455235
97 43161.8090134321
98 43877.1302528564
99 43948.6221456892
100 44049.0378800269
101 44890.5585487958
102 45277.4069960826
103 45691.0188193855
104 45726.2600678731
105 46227.7584905738
106 46822.0615933969
107 47015.5960804067
108 47395.2736269539
109 48004.0846237200
110 48187.1723679307
111 49175.0973884816
112 49267.9867808875
113 49936.4170412793
114 50928.5023508680
116 51024.0554117063
117 51201.3808308389
118 51889.3335065299
119 52089.2653896681
120 52448.1517511301
121 53430.0076052435
122 53847.3145404853
123 53925.4823811118
124 54598.3466147163
125 55317.7178897366
126 55505.3648665147
128 55654.9922513503
129 56548.1180942570
131 57039.7458146983
132 57693.8362368397
133 58130.2451108106
134 59015.8754041631
135 59397.6442912359
136 59462.2908346418
137 59709.6008345029
138 60487.2211114823
139 60539.9770935310
140 60877.1317242610
141 61205.3137499642
142 61493.5532037563
143 61973.9093404450
144 62574.1238177168
145 63106.9589132015
146 63312.0552771054
147 64190.5548488614
148 64311.7846387824
149 65152.9611523192
150 65879.0781238827
151 66341.4783162407
152 66674.1760841564
153 66731.5846846016
154 66859.4002582183
155 67256.7956735336
157 68069.7200143394
158 68407.7571179541
159 69129.8556032797
160 69993.1887649206
161 70044.2842745937
162 70926.1056215510
163 71238.2721565824
164 71528.5314347371
165 71619.7323175363
167 71946.5360147018
168 72198.5319282617
171 72573.6586684278
172 72942.2939098072
173 73717.2423267338
174 73814.6819105393
175 74433.8604819516
176 75154.5698824599
177 75909.4105398655
178 76417.3105055531
179 76567.1401972644
180 77009.3625343896
181 77800.5204799817
182 78779.6685178027
186 79563.5378556015
187 79690.1497676945
188 79973.0835472235
189 80130.6130222239
190 80676.9363512488
191 81635.2931820317
192 82372.9701856196
193 82410.6939538836
194 83270.1134455389
195 84114.6265513716
196 84452.6582608385
197 84601.3017092514
199 85508.2194305502
200 85717.3297951463
201 86529.5268117407
202 86790.0446337155
203 87377.3087320393
204 88054.3565074947
205 88143.7940956862
206 88933.3486615352
207 89147.1595212060
208 89468.8188821493
209 89693.5862158218
210 89812.8555157901
211 90563.9183149069
212 90817.1704051201
213 91119.7237731929
215 91329.6825902467
216 92175.1271194363
217 93151.2026315074
219 93412.0683960052
220 94378.3196663008
221 94404.2967671943
222 95033.3354901879
223 95515.9359384634
224 96291.4488856812
225 97225.9814768800
226 98040.5305205317
227 98188.8800103862
228 99062.7085230952
229 99413.2214052002
231 100235.0402261359
232 101061.2636320753
233 101346.7247542067
234 102320.6373385905
235 103114.7796893027
236 103556.4038206907
238 104088.8123462454
241 104852.2607792419
242 105207.4497184084
243 105367.8418806149
244 105369.0095425421
245 105869.8625865698
246 106643.3354929615
247 107408.4855452620
249 107593.9184018040
250 108531.9053356864
251 109229.3512619917
252 109642.3526158404
253 110211.8805686806
254 110906.4347434845
256 111289.5397467678
258 112267.0776898153
259 112783.8091756721
260 113741.6064718405
261 114500.4295267012
263 114616.4243568477
264 115334.5687331053
266 115981.8994113959
267 116405.4832643025
270 117184.3946314692
271 117462.4854000321
272 117646.1777317236
273 117997.5454929596
274 118559.3940628288
275 119079.2957681196
276 119410.8722878420
277 120270.1373031735
278 120402.7231265280
279 120952.1388287398
280 121431.9778790584
281 121637.5317343110
282 121951.0157044685
283 121966.8950449570
284 122788.3564909020
285 123479.1438035556
286 124408.4984130024
287 124768.5827678981
288 125090.7478920673
289 125575.6081104505
290 125808.3633267141
291 125923.4578276062
294 125993.1494392312
295 126269.6337748916
296 127132.3252446030
297 127252.8785970486
298 127550.4383659163
299 127758.9757307289
300 128475.1709993195
302 128725.2714793034
303 129579.7548401426
304 129772.4294508683
305 129858.8305352403
307 129946.6060683205
310 130770.2847811143
311 131623.1195082808
312 131717.9115384912
314 132029.4417314116
315 132936.1900415180
316 133166.3590604340
317 133258.7475015509
318 133440.3542911557
319 133884.6564063026
320 133949.2570898314
321 134630.0154387961
322 134678.2492275456
323 134756.4592977673
324 135306.2555640191
325 135502.7925297530
326 136182.2114910129
327 136386.8427102076
328 137316.6543536615
329 137427.3881701317
330 137823.9172332172
331 137977.0957959035
333 138157.7272684334
334 138811.0170842236
340 139228.5907909369
341 139578.8785717619
342 140519.8710149988
343 140993.4978031416
344 141807.1375992525
345 142060.6991147003
346 142469.3522496592
348 142689.4203985921
349 142921.3962270214
350 143239.3758642598
351 144102.7324529763
352 144956.2676255222
356 145345.1253163343
357 145811.5530759864
358 145917.9452214895
359 146734.8652030168
360 147641.7679583947
361 147885.3019164215
364 148159.7505391791
365 149068.5096127905
366 149546.2987006534
368 149941.7386854818
369 150302.0746393732
371 150494.3191388693
372 151170.8671784765
373 151884.6673134030
374 152165.7696283090
377 152884.8410722957
378 153491.7596319774
379 153756.0214762221
381 154535.3386426737
382 154926.8122427656
383 155034.6244049806
384 155950.2891876698
385 156014.7579191087
386 156939.9995487229
390 157038.0229330502
392 157278.3492423923
393 157982.1605225301
395 158321.8161537805
396 159284.4162212843
397 159649.5033560620
398 159888.9280487174
400 160200.7606889206
402 160426.6038645766
403 161000.3338396684
404 161417.1639923355
405 161434.0291018609
407 161650.1102226744
408 162323.9327564734
410 162437.9066703015
411 163426.9046207178
413 163450.9705422314
414 164201.8456587398
416 164688.4929604042
417 165183.0570673835
419 165531.3952768578
420 166033.2727929276
421 167001.6348257290
422 167849.8666111834
424 168816.5369104960
426 169617.5580072030
427 170510.3681782768
430 171127.5459968507
431 171976.9762046236
432 172645.2314501964
434 172871.6745339978
436 173287.4571541764
437 174068.9438689889
439 174494.4749160155
441 174965.0960935896
442 175805.6904165097
445 176354.1616817512
446 176387.1004336810
447 177037.0825429117
449 177720.2242095257
450 177794.6243943453
451 177919.3542722372
452 178497.0902088794
453 179354.7880300073
454 179819.9030465821
455 180741.3589576606
456 181568.6481530794
457 182035.1925048362
460 182982.4784354211
461 183357.7071465712
462 183734.7083029900
463 184033.1566088961
466 184080.5151063589
467 184611.4909176138
468 184670.9127983468
469 184837.0996245419
471 184949.9909285603
472 185094.0148364952
473 185654.0786048614
475 185750.3502524311
477 186102.3837239935
478 186634.9064810358
480 187304.9669029646
481 187502.1902821462
483 187519.9087249221
484 188023.1041752120
486 188983.0043055241
487 189275.5408678544
490 190256.0363046760
491 190598.9660195614
494 190863.1306496979
495 190963.9712957093
496 191768.4301695796
498 192276.4564771591
499 193150.5316170953
501 194063.6671847998
502 194757.2806683203
504 195753.8963536559
507 196045.8188725373
508 196759.8764127668
509 197473.1736619869
512 197685.8218742253
513 197831.1062774333
514 198361.5954601160
516 199247.9508183643
518 199430.3522766068
519 199700.3204663891
520 200651.3224348940
522 201556.8765151549
524 202472.9982144386
525 202504.2820747718
527 203279.6069152027
528 203536.0871706064
529 203554.1523839341
530 204047.0339961810
531 204725.1856129003
532 205537.8215367636
533 205584.8341487879
534 206106.6677870123
535 206422.0615358074
536 206914.9705966579
537 207307.7519064236
539 207886.0864834433
540 208457.9001677802
541 208735.5768194431
542 209001.8898255920
543 209141.4338411024
544 209764.7308341930
545 210720.1836187996
547 211654.5316597559
548 211981.7342737070
549 212563.2461678117
550 212851.0874964588
551 213180.2325422235
552 213794.4886778518
553 214243.9727646115
554 214314.2179590568
555 214835.0385484452
556 214979.9749214500
559 215062.3138683181
560 215820.4790062321
561 216039.0179210835
562 216221.8830551276
563 216323.2115842293
564 217025.6342004873
565 217702.6588802019
566 218440.4681982945
567 218924.4878652422
568 219700.7437455684
571 220381.8470358247
575 221125.0617923670
576 221217.1058071957
577 221527.0137583207
579 221908.4122508105
582 222810.8340961820
583 222883.3597326979
584 223089.1628988130
585 223197.0472881402
586 223342.8784872559
587 224123.6763773549
588 224203.2433378462
590 224854.5180516094
591 225157.9392987615
592 225288.7677619825
593 226032.2123577997
595 226665.1219536390
596 227509.2928000844
597 228280.2669141246
598 228393.4758077059
599 228951.3751773582
600 229010.9748688045
601 229227.4476221762
605 229274.7261791708
606 229560.5108344303
607 230227.7562461279
608 230442.4943805262
609 230508.5620175949
610 231405.6563863134
611 231752.7179678507
613 232654.6885361442
614 233331.5650752722
615 234255.9073068717
619 234912.9934769999
621 235430.1493657495
623 236184.7968096472
630 237024.4229290791
633 237658.3465400915
635 237760.1654414967
636 238180.9610690971
640 238591.8752755459
642 238901.6326911731
643 239534.5758795342
644 240344.4031481072
645 240823.5288152996
647 241160.4284253964
648 241386.3806551840
649 242370.1986105204
653 243093.2731528889
654 243289.4860256419
657 244138.1270985848
658 245122.1558236500
659 245170.8263336458
660 245321.8609017128
661 245602.0614026809
662 245944.6114631456
663 246717.9087978278
664 247169.8970265436
665 248152.9694237618
666 248202.9910233390
667 248702.1418496285
671 248946.9142264124
673 248983.9497181943
675 249069.1288742588
676 249083.5372229228
677 249552.2209180702
679 250196.1904415005
680 250402.2725285653
682 251073.0339355357
687 251549.9913352954
688 251913.4424233819
689 252071.8804831123
691 252835.1093355838
694 253085.8906268755
696 253957.6441043871
697 254861.3077805642
698 255629.9327729520
700 256054.1748984644
702 256393.5606243069
703 256768.6686234531
704 257016.3897755757
705 257333.8275843989
706 257380.0167703727
707 258204.2637095256
708 258698.1236449195
709 258962.8471610355
710 259111.7091890702
712 259497.8119718797
713 259710.4580572811
714 259727.0020548461
715 260206.5107942362
717 260345.0119369614
718 261148.8408552381
720 261989.8413238595
721 261996.6605029576
722 262667.4448649879
723 263191.1963032335
725 264121.8360390624
728 264987.2244126653
729 265228.5100422888
731 265442.2891126240
732 265485.3675015537
735 266062.6257270814
736 266230.6259365215
739 266241.8783248661
741 267120.2528057359
742 267413.3003281582
743 268267.4425975886
744 268541.3188567515
745 269295.3109041796
747 269330.4633330286
750 269931.0762664872
752 270651.4201466675
753 270805.4675673427
754 270926.3994748016
757 271804.8721404085
758 272643.6539254218
759 273108.4313006343
760 273144.0326021421
761 273617.0300489978
763 274351.1076853773
764 275079.9008403813
765 275135.4600219563
766 275700.2007899944
767 276058.4512063041
770 276210.3164924626
771 276265.7715638694
773 276528.3737927286
774 277360.1560351034
775 277705.6094078166
776 277821.2997924278
777 277826.0611932100
778 278799.0088596292
781 279451.9896441793
782 280272.1344506068
783 280907.9194272848
784 281815.1251068483
785 282302.3404400983
787 282984.3853310832
791 283452.0725479625
794 283590.1476312021
795 283842.9324662901
796 283997.0344455811
799 284530.6311478856
800 284641.0286148241
801 284899.1409718663
802 285605.1251580312
803 285855.1082810931
805 286745.3716010746
806 286787.3076622108
808 287723.5481706192
810 287764.6127057620
813 287963.5554622471
815 288334.4819326313
816 288819.0145071685
820 289360.1045525324
821 290196.6652085453
822 290683.7615691900
823 291427.2373760176
824 291686.4717316984
825 292251.9383755494
828 292744.8252735159
830 293367.6963537260
833 293863.4672154585
836 294614.4035613104
842 294775.9680391129
843 295600.8433243402
844 296181.0862097652
846 296570.2747520616
847 297353.1032775682
848 297887.7966877698
849 298835.2280277257
857 298836.6961495354
859 299251.7312205559
1041 299253.6264023146
1043 299286.4314240392
1066 299300.0237272691
1068 300016.5396790205
1094 300032.4695603888
1096 300870.5870756229
1202 300872.7119426575
1203 301764.2731866196
1274 301780.1647414102
1275 302094.9631159163
1588 302106.1415947090
1591 303030.4758930518
1621 303042.8194725122
1622 303185.0918793738
2077 303196.5823635963
2078 303608.2917245495
2304 303622.0349947348
2305 304150.2683572919
2775 304186.2061824314
2776 305104.7338614227
2807 305120.4169158733
2812 305704.8820437132
2968 305714.4861219993
2969 306491.7121054242
100000 -2073606.0000000005
evaluations raw_y
1 -2324.8810541537
2 -2208.2583535373
3 -1847.6753543086
4 -1707.0396103472
5 -942.4835079865
6 -386.5781373429
7 54.8702032797
8 935.0860511204
9 1910.7391138089
10 2137.3872648357
11 2580.1332698260
12 2699.3026505430
13 3308.8110461715
14 3989.1920043773
15 4356.3106653424
16 5175.3852970007
17 5795.0961335844
18 6146.6661825646
19 6799.1392948102
20 7298.6298483989
21 7991.3046330669
22 8444.2959901398
23 8598.8123215064
24 8916.4976151571
25 9777.4172005201
26 9840.6594857580
27 9966.1362278764
28 10454.0761995789
29 11185.0025092578
30 11793.8879102741
31 12262.3900740549
32 12646.0257629265
33 12678.7039624302
34 13517.7098147082
35 14088.8905933150
36 14331.7412582354
37 15244.5719026259
38 16121.9369315055
39 16891.2566192108
40 17114.6467099429
41 17369.0187126213
42 17853.3479912957
43 17941.4728927717
44 18719.3891346744
46 19025.9468600167
47 19120.8283392597
48 19721.5757559832
49 20395.9093208331
50 21334.6520195803
51 22253.2662435833
52 22833.8739136088
53 23081.6390744297
54 23428.4410378645
55 23734.1779804246
56 24521.7589915348
57 24812.8094492662
58 24863.0028705679
59 25721.7001889840
60 26010.0969302569
61 26374.5888896074
62 27339.2253363105
63 27769.9247363963
64 28246.1928768499
65 29205.5979817884
66 30021.4157651452
67 30420.1557636249
68 30731.5015252596
69 30880.7570748802
70 31023.8987634572
71 31869.0347192677
72 32036.5507538857
73 32521.1325958093
74 32705.2405523385
75 32954.1722591464
76 33922.7093953104
77 34275.3997065176
78 35051.8767497389
79 35823.1885897484
80 36741.2072870919
81 37248.6933301927
82 37293.0987624482
83 37333.7052931403
84 37611.6006021438
85 37640.0689971606
86 37846.8273709000
87 37970.7741135743
88 38158.7074007298
89 38967.8836781805
90 39959.0283154938
91 40005.2499446252
92 40172.9771587300
93 40655.7623803421
94 40855.8715278814
95 41443.7236016624
96 42413.0537328385
97 42638.1511991366
98 43403.8203183726
99 44056.4253765893
101 44128.4441860786
102 44435.3263020352
104 44450.5919766253
105 44812.3203136993
106 44946.0690564453
107 45736.2851995456
109 45801.7884270095
110 46317.7287411496
111 46410.6253431112
112 46835.2668438881
113 47313.4126978349
114 48140.5062472718
115 48356.6116310660
117 48827.2478494004
119 49728.4665486400
120 50664.3417879118
121 51518.9988893209
122 52046.6260338400
123 52902.3488833865
124 52952.6996003783
125 53687.1109971198
126 54329.5373974639
127 55048.8385684176
128 55912.8950853873
130 56829.4574211687
131 56901.0337755145
133 56964.7469043329
134 57627.0199676213
135 58250.3777970557
136 58914.6162668359
137 58943.7308402668
138 59856.9929732448
139 60348.8215469970
140 60497.4904457233
141 60613.4035303003
142 61150.4263330062
143 61934.7836656485
144 62481.3883837161
145 62687.4223434746
146 63364.7420678740
148 63920.8517031025
149 64458.7555165416
150 64508.4213179070
151 65415.6687171108
153 65904.8320071601
154 66542.8521869843
155 66971.7694817020
156 67207.1826932093
157 67612.6994191647
158 68139.4771937530
159 68601.7982060149
160 69299.8656415204
161 69614.3874398951
163 70159.8070435679
164 71024.8135738943
165 71175.7705918263
166 71804.8238179692
167 72655.3829325199
168 72995.0407609989
169 73986.8017114167
170 74708.4709247938
171 75488.1342623477
172 76302.8217420068
173 76600.4515621971
174 77215.8315414237
175 78096.0424308952
176 78861.3615757490
178 79423.6854858355
179 79530.5290598650
180 79556.7448655838
181 80269.0235768558
182 80665.3059290601
183 81409.7967952588
185 81627.0998224197
186 81994.5873628751
187 82092.9229865314
188 82727.4880193293
189 83571.2278307142
190 83678.6773453724
191 83726.3303142502
192 84050.9289249783
193 84083.2861653496
194 85069.4651120647
196 86007.3167136497
197 86858.2430566952
199 86906.0016420461
200 87088.4290241843
201 88061.2916030505
202 88974.5698484642
203 89116.3176056044
204 89649.0518989127
206 90370.0589134351
207 91019.5759849711
209 91796.1429206341
211 92033.2680879347
212 92161.1033676846
213 92163.2368517938
214 92847.9917073490
215 93034.8028903385
216 93385.3106842231
217 93410.1318938759
218 94042.1526323310
219 94974.6032317169
220 95168.5357058782
221 96160.8408028382
222 96543.0058174133
223 97031.2878595781
224 97423.5504928079
226 97449.9516172810
227 97521.1660446920
228 97566.1143312613
230 98301.7812130736
232 98363.5827530218
233 99117.5409912632
234 99879.0738318762
235 100773.0184804148
236 101620.5869540963
237 101938.3637302695
238 102914.3711317299
239 103722.8985961931
240 103811.0653442606
241 104224.5770678437
242 104427.0278877388
243 105336.4230616822
245 106000.1598866816
246 106737.7550703694
247 107603.0998850053
248 108486.1987198355
249 109164.6417684305
250 109874.4205642732
251 110309.5319755002
252 111131.1116660941
253 111485.8326315171
255 111883.5004459091
256 112420.0319446538
257 113240.6005536928
258 113738.4316323546
259 114038.0845125953
260 114140.6346602553
261 114851.1414922881
262 115330.3640376139
263 116112.5287993492
265 116289.5206326090
267 116845.0795072962
268 117480.2113028996
269 117988.0896544277
270 118231.5146731723
271 118807.9812433284
272 119355.9428984790
273 119966.0903475559
276 120825.1909632546
277 121507.2803025563
278 122437.6188656053
279 122645.0264057078
280 122783.8700777930
281 123553.6651403568
282 123994.7577102161
284 124175.8945612079
285 124349.3348824126
286 124916.7017987377
287 125794.6811454914
288 126727.3847605615
290 126784.8479700625
291 126904.3394128116
293 127051.8814067675
295 127986.2995122785
296 128453.2419062907
297 128829.5365320772
298 129371.0438293035
299 130054.5189107216
300 130793.1673254913
301 130952.9233096219
302 131173.5396083207
303 131655.0340242531
304 131946.2657613196
305 132343.0138136078
306 132767.3219495532
307 133051.8644302245
308 133869.4601880073
309 134111.2375087523
310 134374.9110691073
311 135092.3548418708
313 135569.8020664104
314 136285.6923106634
315 136355.9575993409
316 137060.0032679112
317 137811.6620737395
318 137922.0389678519
320 138853.4877039527
321 138860.4440474003
322 139613.6813941224
323 139882.8728243698
324 140152.0541144202
325 140771.0532932291
327 141448.4002581004
328 142039.4679814714
329 142730.7212562488
330 143197.1436318214
331 144144.0337902275
333 144999.4998839333
334 145106.2865871964
335 145982.3178688604
336 146488.5717160766
337 147351.9375036468
338 147795.1070210428
339 148152.8584119618
340 148253.4080326672
342 148945.1379972134
343 148970.0978272900
344 149330.4299135274
345 150020.2085806745
346 150338.4654725158
347 150674.0245452927
349 151403.4140705303
350 151623.6467665186
351 151826.6623782520
352 151981.3220640063
353 152742.2159780004
354 152872.3493640709
355 153152.4307992924
356 153914.0486885658
358 154594.1691519892
359 155455.5280490675
360 156116.2883773781
361 156861.7807311991
362 157474.4084739337
363 157748.5676399730
364 157991.7614278487
365 158756.8171546045
366 159689.6026356802
367 160229.2982525741
368 160923.0578130836
369 161891.8913131088
370 162777.9824877175
371 163030.5770921829
372 163160.2130141399
374 163645.0121851339
375 164376.2044719397
376 164651.7494267303
378 164747.9951809831
379 165166.1574980768
380 166084.1075074183
381 166762.0114532505
384 167269.1394172911
386 167808.5848791678
387 168421.8598218757
388 169388.6204127061
390 170086.9020083405
391 170886.7967654208
393 171036.5831907987
394 171490.1117966340
395 172348.8789780223
398 172993.5515671412
399 173097.9498599053
400 173859.7862790822
401 174322.6601003283
402 175088.7201423005
403 175766.1426191324
404 175802.4490704568
405 176151.7526536488
406 176427.6821309008
407 176781.3580330446
411 177750.1672005627
412 178671.7446466603
413 179537.0386741083
414 180441.3448623132
415 180694.5591483332
416 181599.3719110528
417 182491.9500377117
418 183210.2089495520
419 183519.8089129266
420 184438.1262234021
421 185254.3420576272
423 186241.6935095853
424 187128.2698884882
425 187612.3834733849
426 188447.6757353096
427 189382.8415773046
429 190295.0865326639
431 191292.2247126404
432 191777.9085476628
433 192097.0421162390
434 192212.3214676938
435 192428.0485514681
436 193008.0617125347
437 193498.6066460766
438 193820.6353030503
440 194539.9735626785
442 195082.6044565783
444 196060.9166275674
446 196676.3075754008
447 197623.3526970409
448 197650.8779990786
449 198459.3747702489
450 199109.3486978265
451 199372.5326923879
452 199555.8666664866
454 200306.0243563392
455 200896.9885538387
457 201069.7332074038
458 201334.2498802788
459 202187.3986351627
460 203061.0485961020
462 203135.3835286406
463 203763.5969582740
465 204138.3356938529
466 205100.8345863343
467 205373.2995860871
469 205484.7866970591
470 205589.2140552420
471 205904.6076080149
472 206812.3801539658
473 207388.6886132720
474 207951.4499712705
475 207977.4360091799
477 208525.2698452573
478 208962.3533213156
479 209288.5138838805
480 210213.1848511639
481 210375.0438182392
482 210688.6965437616
483 211141.7770302295
484 211594.8565504777
485 212078.9818467345
486 212560.7406991725
488 212813.7231284564
489 213626.1031280273
490 214298.5181518323
491 214577.8586179106
492 214836.5765692695
494 214945.5336648889
496 215615.1133861985
497 216565.9111903072
498 216782.4042342875
499 216788.6016723883
500 217366.7690465531
501 217680.4884140543
502 218101.5172867827
503 218680.1713187232
504 219464.6705825183
505 219641.4570045094
506 220018.3527341856
507 220708.1527944781
508 221259.2216186615
509 221289.7399573005
510 221974.8149862237
512 222399.0380472399
514 222961.3624652593
515 223872.1771669058
517 224718.8971539605
519 225271.9316854456
521 225333.2584069512
522 225374.6532690960
523 225691.9447115307
524 226569.9746726350
525 226822.8783852085
526 227784.1134340527
527 228115.9888220983
533 228802.6678236892
534 229771.7952060944
535 229917.1039882819
536 229946.0380858755
537 230254.1425262973
539 230769.4632150121
541 230818.6579985447
542 231135.4370327052
544 231731.2170713508
546 232225.3049568509
547 232956.9572137839
549 233700.2981396091
550 234566.1973491239
553 235456.8899568260
554 235951.8615543764
556 236585.3550894505
558 237162.2549542170
560 237272.4454129376
561 237486.9533159373
562 237733.4019765560
563 238606.3384239073
564 238737.7107977695
567 239406.6954044580
569 239728.1094442658
572 240225.3250449407
573 240488.8744001552
574 241309.5295531331
576 241399.1698012597
577 242186.8785943830
578 242657.0527483602
579 242945.8684568996
582 243863.4132356175
583 244110.2751327946
584 244887.2278229911
586 245414.0161190082
587 245528.2377451422
588 245978.9703578043
589 246060.4064750900
591 246669.7519146600
594 247118.2205749867
595 247205.3182756164
598 247294.6581393846
599 247568.0736052148
600 247831.0825494092
601 248167.5598535313
602 249021.3375357327
603 249082.8896486151
605 249450.8873096284
606 249469.4544101238
609 249660.3589263250
612 249971.7292082007
613 250793.7796631163
614 250877.2209210719
615 251254.0808427632
616 252000.0027962005
620 252826.2133544733
623 253779.8695180844
624 254327.0823301001
625 254840.1977191237
628 255516.0815123574
629 255997.0048796741
630 256755.9091687051
631 257623.1582869931
632 258579.9306797886
633 259455.4004440054
634 259512.5688963422
635 259585.3924340509
636 260470.6363951270
637 260829.9161618388
638 260992.1086781559
639 261273.5689672077
641 262044.5276329671
642 262874.7600251373
643 263090.6070336970
645 263317.7142574047
647 263969.3151932818
648 263994.4246533209
652 264675.2336913336
656 264693.0741451779
661 265216.4846830138
662 265438.8579522156
663 266412.1930935208
664 266656.4627104065
667 266937.9335668847
668 267756.8976250982
669 268592.1539407632
670 268690.2148257695
671 269025.1462808484
672 269639.1595681497
674 269639.9230293294
675 269896.7353242523
679 270861.9359819874
680 271496.9630096022
681 271615.7698971805
682 272179.6420670153
683 272484.2346406914
684 272651.3416514191
686 273002.4743411028
687 273214.2055392240
689 273726.1692009739
691 274058.1319991700
693 274294.2649673398
694 275135.3618670464
695 275463.2256491563
697 275565.3672558260
698 276248.4889323174
699 276537.2317719743
701 277315.3214386158
702 277729.6230196768
703 278004.1804893463
704 278555.1233251588
705 279313.1394620058
708 279988.9043110933
709 280830.6330829603
710 280924.7591435124
711 281563.7886845525
713 282038.9095080616
715 282172.2756069869
716 282843.0139488981
718 283807.2893951237
719 284346.1915167277
721 284834.6217114640
723 285326.5984424126
726 285423.3663429987
727 285619.4721524716
728 285709.0443711559
730 286328.5385858202
731 286521.7013310726
732 287208.6777375095
734 288007.5172481360
735 288413.9547179061
736 289014.6432652893
737 289397.6243688703
738 289562.3660445200
739 290189.9574966548
740 290747.3848595662
741 291697.7211198538
743 291709.1024032955
745 292153.8282825802
747 292688.9136789961
752 292757.6656760066
754 292762.8576279177
755 293673.4962975295
756 294143.0472649085
757 294730.9876535470
758 295629.0764930732
759 295908.8773452881
760 296162.8880525149
765 296822.3605110826
768 297549.5886364935
769 298342.4015824383
771 298879.8057386323
773 299350.4583878579
774 299662.9887570845
779 300071.0792867608
780 300615.9590966511
781 300647.9793503925
784 301566.5693977572
785 302340.0256764854
787 303130.7533710169
788 303461.5326014747
790 303509.2617670076
791 304420.1841584463
792 304614.5351386520
794 305553.5062401761
795 306530.7025947237
798 307289.5942751443
799 308009.6509758881
800 308686.4108883343
804 309219.7157078080
805 309964.0518196031
806 310825.8806369753
807 311099.3414472990
808 311591.1666097554
810 311786.9083520373
811 312243.7592934135
814 313011.0587695462
821 313669.5020555399
823 313762.6726937194
825 314275.3278595037
932 314285.1461083050
934 314811.5312249928
1147 314829.7963844074
1148 315083.8194300807
1552 315093.3655140402
1553 315860.2027501065
1584 315867.7701846557
1586 316740.1941773936
1698 316773.3186349116
1700 317015.4553293487
1906 317015.8828185825
1909 317151.6631594718
2102 317161.4212360454
2103 317414.3541559398
2214 317437.8999411397
2217 318258.0963599307
2302 318268.5507064934
2305 319040.3450661831
2754 319048.3540423157
2759 319830.1755634006
3978 319835.5210897093
3980 320694.0089745414
4020 320716.4004542628
4023 321093.7162814275
4320 321102.1706515154
4321 321849.7508368383
100000 -2073670.0000000005
evaluations raw_y
1 -2233.6006540434
2 -2090.7107833155
3 -2076.9745144792
4 -1260.2424616175
5 -850.1735965385
6 -323.2737088014
7 -263.7970369837
8 562.3203659152
9 1441.4264061558
10 2242.1246419079
11 3030.6803163954
12 3997.0145438081
13 4735.9440446963
14 4767.7210489076
15 4893.2753331335
16 5397.5466882142
17 5849.6293262279
18 6256.1653150661
19 7075.2121453622
20 7998.0172604160
21 8931.8699708052
22 9276.0565992477
23 9554.7085512686
24 10295.8603517068
25 10439.0064517011
26 11132.8675360212
27 11181.7248431153
28 11730.5950016355
29 12719.9015021847
30 13409.7171886129
31 13531.8086026864
32 14236.4259032439
33 14803.2310909010
34 14931.3480507777
35 15281.2021030200
36 15752.4258132217
37 16473.7954392062
38 16941.2469272121
40 16968.6053788980
41 17320.6289350296
42 18094.3505555796
43 18789.1117688126
44 19627.1279021226
45 19672.0987815242
46 19805.3096805172
47 19868.6367823291
48 20619.0969847969
49 21542.8066318299
50 21791.9094928516
51 22178.9042990618
52 22275.7834700810
53 22759.5462345895
54 23521.2766166498
55 23639.7437244954
56 23730.6484914409
57 23995.4666325737
58 24028.3504055293
59 24211.1446013930
60 24398.3942774112
61 24561.9719692035
62 25226.6697296364
63 25637.6516530928
64 26013.8435246542
65 26927.6569236253
66 27480.6736278655
67 27590.1230376852
68 28509.6337218130
69 29061.8452029968
70 29830.0427052317
71 30256.5814066400
72 30389.8587051480
73 31038.0854351613
74 31953.2502925052
75 32300.1504223821
76 33210.9952557356
77 33260.5962619459
78 33661.0011968032
79 34599.6567172627
80 34749.4456246603
81 34869.6400279394
82 35641.3325819209
84 35716.7633085517
85 36576.6859001528
86 36941.1018436980
87 37535.9202691993
88 38027.8293102626
89 38759.4305808631
90 39412.0865287142
91 39447.4322933576
92 40025.2454691502
93 40334.7967624617
94 40950.6993058290
95 41349.4174002289
96 42127.1804985542
97 42546.4016862844
98 43119.4393103795
99 43753.5032320982
100 43902.8125116817
101 44066.2889026347
102 44848.4879126535
103 45131.8190444537
104 45359.5012084492
105 45814.9798916289
106 46531.1198406669
107 47205.1084418389
108 47738.2636874309
109 48454.1670758704
110 48552.6444707664
112 48673.6622130265
113 49567.0782068271
114 49822.8672136640
115 49946.7376904741
116 50188.2155331332
117 50749.1419033039
118 51033.7974195565
119 51900.3682709424
120 52205.2381860922
121 52292.5413094195
122 52802.2504448320
123 53297.0929577086
124 53617.4309213577
125 54563.1201087782
126 54673.1513599211
128 54743.3357764678
129 55603.7344586051
130 56372.3680935534
132 57354.0644085201
133 57544.6479846667
135 57892.4926347957
137 57906.2199073364
139 58496.1191299705
141 58555.2136049854
143 58973.3994593503
144 59415.7104706184
145 60063.5910565103
147 60142.9205598055
148 61078.2094640854
149 61643.8264259795
150 61763.5148632792
151 62677.3531540647
152 62990.5301172767
154 63842.4664781064
155 64810.5322255737
156 65404.5516056156
157 65964.2997704948
158 66748.6342416327
159 66820.1310546414
160 67505.1516102800
161 68153.4695495672
164 68722.3169512343
165 69105.2250872203
166 69347.6290880295
167 69496.1178342781
168 69699.3644301145
169 70531.9268992382
170 71079.5683591067
171 71413.6241306850
172 72046.2021244104
173 72744.4637920152
174 73295.0743118168
175 74139.0458454428
176 74890.3029693677
177 75858.9443481330
178 75910.1071408627
179 76612.0221895202
183 76971.3973644047
184 77822.5466262792
185 78585.8862621605
186 79137.9338158305
187 79586.5776816096
188 80323.3373445226
189 80619.5628325012
191 81477.5943903019
192 81751.8760049085
194 82619.1694840714
196 83449.9758833582
197 84034.2018983500
198 84277.9356219624
199 84623.7084142235
201 85548.3587899524
202 85988.9268717977
203 85990.5841648030
204 86431.5766708213
205 86433.3258964751
206 87007.5276514838
207 87645.1679526919
208 87934.1034140209
209 88187.4408624919
210 88392.4909510618
211 89300.2569630702
212 89416.0888007575
213 90135.5795800672
214 90223.9138387780
215 91217.0774272730
216 91824.5662159188
217 92496.0730756720
218 92860.2099810214
219 93117.7719597984
220 93775.2162160017
221 94173.5369545600
222 94815.2362064867
223 95707.7226111542
225 96387.6058146132
226 97279.4373072535
227 98186.5986489781
228 98554.8965113171
229 99464.4502555042
232 99881.7694940465
234 99993.3409646620
235 100375.5151369402
236 100762.9090938994
237 100999.0795210724
238 101443.0835978948
239 102274.6677498995
240 102442.3519223588
242 102987.1985208630
243 103437.0575478187
244 103757.0404258122
245 104134.5599929794
246 104191.3511664982
247 104228.8585344366
248 105081.3843152554
249 105717.7099067977
251 105972.4650434965
252 106021.6091390854
253 106295.2638151897
254 106650.1020324793
256 107517.6136948246
257 108452.6121441559
258 108722.4356817697
260 109040.1140892453
262 109908.2496910749
263 110441.4131360117
264 111277.4217055763
265 112238.3488227981
266 113224.3507288974
267 113509.7163372255
268 114191.1686808498
269 114398.6752042978
270 115260.5947880611
271 115816.2159388918
272 116494.9145895898
273 117153.8718728269
276 117740.4877244943
277 118621.7917495707
278 119435.6461877262
279 120145.2688340460
281 120907.9450875979
282 121332.2773520103
283 121698.5892900323
284 122451.9418239925
285 123116.3714738579
286 123834.3493842312
287 124588.4913067095
288 124645.8796636834
289 124762.6014773575
290 124781.3303941702
292 125621.1890993338
294 126002.3393519060
295 126509.2783567171
296 127050.8640836097
297 128019.8151873795
298 128920.9115840756
299 129599.4044427970
300 130320.6112036788
301 130740.2124027490
303 131137.1415129534
304 132016.3856543534
305 132527.5414377520
309 133492.9118464618
310 133699.0255796390
311 134520.0639717524
313 135010.7429856990
315 135026.4187341993
316 135118.8982566159
317 135810.9162155334
319 135949.5011716450
321 136770.8014740966
322 137221.7276982234
323 137873.8324094968
324 138140.4904847435
325 138400.5477165727
326 138476.4533840672
328 138517.2994741123
329 139092.6593569268
330 140066.6558213011
331 140954.8118169406
332 141530.7185325615
333 141765.7011781594
334 142424.2356873960
336 143175.8418007718
337 143541.8317612286
338 143696.6472935955
339 143976.5779522696
340 144759.9289961878
342 145256.5908700944
343 145749.1949338739
344 146527.8204434707
345 147367.3318863192
346 147959.8093144733
347 148446.4360494359
348 149375.4525868308
349 149845.0319352996
350 150816.3954136686
353 151702.6221413920
354 152242.6970652434
357 152722.9894644626
360 153316.1295064770
361 153869.4293626147
362 154389.9179100748
363 155164.0353616279
364 155334.5087472344
365 155573.5311475598
366 156254.9171258453
367 156558.5047386042
368 157231.1987437629
370 157357.2066116765
371 157448.4785862657
372 157656.4969263168
373 157971.6354551234
374 158664.7418709880
376 158748.9130335860
378 159014.4278922812
379 159264.8629396613
380 159497.9168082698
381 159818.1694266792
382 160296.7329600372
383 161254.0309662223
384 162006.9488380068
387 162785.5402722350
389 163591.1292895619
390 164152.0534712943
391 164837.2241921295
392 165422.7613149899
393 166399.5103179998
394 166870.5058649977
395 167650.5345360775
396 167659.0548097322
399 167934.0192252234
401 168001.1374710362
402 168250.7631754723
403 168446.4446038384
404 169034.9048155558
406 169743.7157103157
407 170710.4979752503
408 171439.8593312942
409 172221.6694302750
410 172507.2542266788
412 172989.5118406225
413 173361.8632933479
415 173752.9867633882
416 174401.5263626715
418 175314.5362646309
420 176173.2923239342
421 176667.5413821260
422 177235.0603164338
424 178206.7829649971
425 178666.2347339529
427 178939.8464673108
428 179742.1742492866
430 180281.4157186282
431 181155.9629349065
432 181507.0783056922
433 182044.9628868681
434 182440.6938628582
435 183008.7998946247
436 183577.8029108353
437 184343.2647922228
438 185211.5612951795
439 185369.3615821481
440 186282.7274539790
441 187267.1233764826
444 187798.3656135736
445 188375.3270250151
446 188837.7876834089
448 189320.3672513201
449 190078.1146484112
450 191057.5910702187
451 191834.5609750144
452 192618.2940704367
454 192822.9455321363
455 193274.3810378334
456 193541.7504905106
459 194413.2083115554
460 195011.7978700854
461 195821.8984979432
462 195879.2190241964
463 196585.4215360943
464 196944.5223370592
470 197158.1108392527
472 197442.8829195923
473 197827.2932953207
474 198099.8800808509
475 199036.0043863546
476 199329.4893363554
477 199389.9103242366
478 200365.7337929145
479 200970.8972034632
480 201409.2418358389
482 201537.6965997504
484 202268.5383042210
486 202486.0814741571
487 203139.8424202519
488 203487.0773192153
489 203783.5742072976
490 203877.0135362766
491 204867.6198180925
492 205658.0476824012
493 205781.2676513882
495 205962.4736493721
497 206189.5539687831
498 207049.3997345784
499 207443.3340019347
500 208346.0757218807
501 209209.4884382760
502 209985.0778420459
503 210294.5033199257
506 210617.0058339575
507 211482.5645048117
508 211774.6476841803
511 211863.7776712988
512 212585.4373197882
517 212607.5119490170
518 212825.7447831984
521 213077.3076236434
522 213317.9378771750
523 213700.6444693063
524 213883.6077687232
525 214146.4875232443
526 214185.6931726766
527 214302.3549849184
528 214531.0274838106
529 215211.0595499634
530 215634.5097397716
532 216629.0620705363
533 216727.8852671325
534 217440.4713192262
535 217572.3548036246
536 217729.3921820132
537 218487.8934588501
539 218723.8427007933
543 219070.6558220769
544 219278.2518841516
545 219379.1325764970
546 219428.6524077179
548 219525.3576785380
549 219749.1472111207
551 219813.0987416563
552 220444.1865988630
554 220513.6055789704
555 220913.5616829903
558 221150.8417555410
559 221883.1240555235
560 222648.1202572607
562 222974.4716573876
563 223291.4977210395
564 223462.0212011004
565 224319.7600051714
567 225110.8688584541
568 225611.0247904523
569 225691.2486976971
570 226102.4163748540
572 226297.1567225091
573 226429.0486933540
574 226988.3547387158
575 227859.7590218530
580 228796.1829394970
583 229272.4925833384
584 229810.9848466678
585 229971.0486289908
587 230468.9640541216
588 231436.3211189302
589 232051.2695120363
591 232626.0761740594
592 232843.1758214326
599 233255.1065931281
601 233739.5789277979
604 234011.1924043140
606 234908.8468143925
607 234990.0897552301
609 235207.3493425350
610 235986.3053117080
611 236903.8664324520
612 237196.0612133154
614 237995.9992492845
615 238179.3233169549
616 238984.1248733647
617 239071.5045752513
618 239552.3670861213
620 240312.2202726212
622 240523.5351684854
623 240929.4694129553
624 241731.9067236567
626 241815.5415883078
627 242343.7215885046
628 242787.1826558109
632 243710.6357517061
633 244637.3507013562
634 245487.8168116839
635 246324.7674871980
637 246476.0049147538
638 246804.7341718670
643 247474.8030606219
646 247769.1050960037
648 248037.4190650431
649 248048.7046700545
650 248337.4358681012
652 249180.3639824565
653 249354.4807319911
655 249613.0985988853
659 249650.5848552001
661 250512.6296718087
663 250957.6572530971
664 251950.7944941658
666 252615.7237458326
669 252781.2571583273
670 253573.2511074561
673 254548.1671089929
674 255230.9097857554
675 255531.6555975695
676 256021.0141809299
677 256099.7822678830
678 256623.7820441008
681 257221.1367833626
682 257364.2351278287
683 258217.5292171350
684 258869.3827972380
685 258885.4514045869
691 259814.1479033979
692 260604.7447309312
693 261466.1540349720
695 261553.3097715372
696 261834.8802766895
697 262684.1608922557
698 262965.2667673819
700 263748.8025414187
701 263868.3845524054
702 264347.7634520321
703 264561.6011666892
704 265514.0705136093
706 265780.4631892891
707 266015.6932783799
708 266856.1431407121
711 267460.6101632830
714 267753.5032135281
715 268561.5462363450
716 268841.7937092393
718 268955.9382680180
720 269283.2600713248
722 269413.9469110239
723 270065.6102466310
724 270934.7529733474
726 271572.7448831003
728 271929.5144572566
730 272742.4138881367
731 273008.1024309346
732 273426.1942787614
733 273854.9106604297
734 274377.3688596158
736 275249.5659759315
737 275817.5693179276
738 275820.8643373220
739 276591.7029925717
740 277272.8272393706
741 278140.8648566281
746 278813.5461473110
751 279110.3832027719
752 279823.4847943919
754 280597.2377511844
756 281068.0208022959
757 281775.9456430516
758 282490.3466207617
761 282974.4281584407
762 283448.4657518814
764 284308.4437760830
765 284597.7727355349
769 284962.0907402945
770 285006.2730152357
771 285229.8623859569
773 285912.3880764752
776 286845.4734051722
777 287518.1095032003
778 288476.4968862768
779 288791.4232777135
780 289108.3090143463
781 289453.8880494703
783 290057.3865434002
784 290145.3476275789
786 291002.5538998321
787 291478.1200449665
790 291815.1443573631
791 291874.7947351006
794 291973.3097027873
797 292950.6334441144
799 293047.5793529532
800 293840.9827996719
801 293947.1461245050
804 294873.2690185755
806 295555.9942368877
807 295783.1718728498
809 296591.1170870545
810 297047.7148502863
815 297782.0232316293
817 298217.3123305236
818 299002.8933885795
819 299634.7260244697
820 299733.5720043090
821 300067.0117684040
824 300368.5113920345
825 300456.7725035062
826 300457.9214715558
829 300873.9377990899
831 301354.8822748208
835 301437.7210347953
836 301631.2813761615
837 302545.2964094006
842 303136.9762955160
845 303543.3136459211
847 304416.7945868532
850 304534.5025002519
852 305095.7530323428
855 305741.4634695297
856 305796.1334072919
858 306302.6926723779
859 306571.0325110869
861 306720.6146473711
862 306895.8498058729
863 307467.8772734535
865 307651.4638580270
867 308462.7821393292
868 308485.3828952468
869 309161.7976607925
871 309844.8389939396
873 309962.6427849935
874 310486.6237088038
876 311433.1484882568
1039 311435.8999350977
1041 312065.2734654364
1081 312091.0416505341
1082 312768.5824266623
1188 312784.6570951061
1189 313145.3394719692
1274 313157.0437726243
1275 313876.9343912406
1358 313913.0159923489
1359 314645.0998586087
1547 314655.9358078206
1551 314953.0380913327
1986 314970.6506166779
1988 315150.6571201521
2397 315167.0498800021
2399 315977.5757889362
2467 316013.2082785324
2469 316269.9329432899
2692 316276.6096763526
2693 316506.8914842255
3199 316517.7059980679
3200 316733.1543349525
4017 316748.8685317623
4019 317366.3898849015
4158 317376.0662763728
4163 317791.8791276589
100000 317791.3467021407
evaluations raw_y
1 -2282.1332813503
2 -2007.0323764518
3 -1657.6100900014
4 -1424.7044599409
5 -735.9746882153
6 102.2456132421
7 134.0266760805
8 352.6431620881
9 736.3951721698
10 1485.3003668533
11 2051.9052609310
12 2324.7479790203
13 3122.5794442206
14 3295.9470456820
15 3968.0813862027
16 4580.7408751440
17 4684.8368776337
18 5676.1356661412
19 5998.4970837619
20 6928.6985002690
21 7777.8703559533
22 7791.5107549801
23 8450.3217914517
24 9054.8141923114
25 9562.8617706104
26 10066.1718447583
27 10867.1589145651
28 11117.4179388568
29 12110.6790131883
30 12729.7979235270
31 13695.7125576349
32 14020.4663657094
33 14085.8493056970
34 14214.9753167354
35 14492.8504296450
36 14546.2324853488
37 14773.9203280003
38 15098.2089324047
39 15880.7786775218
40 16504.8087150264
41 17362.5056838899
42 18336.3313935109
43 19022.1240244485
44 19838.0910797040
45 20344.2499168563
46 20992.7226982405
47 21194.7414521918
48 21201.1781974944
49 22054.5794748559
50 22236.9835541982
52 22801.7333651090
53 23751.2840080614
54 24733.4616656016
55 24918.0544914558
56 25410.1043416997
57 26385.2841841472
58 27100.8033818106
60 27268.3374059450
61 27737.7365244773
62 28381.4370139262
63 29124.3129964555
64 30057.5151441155
65 30897.4759836070
66 31009.8553700123
67 31504.9806266723
68 32090.0032017919
69 33004.3107914303
70 33332.6398833589
71 34018.3274482602
72 34507.4761113393
73 35024.3279303163
74 35755.9691600572
75 36106.7825343381
76 36164.7639416009
77 36672.4696384846
79 37494.6308505113
80 37972.2430408685
81 38467.6495469978
82 38980.3498250273
83 39741.9092602200
84 40172.1453081973
85 40661.8346116613
86 40916.0232668824
87 41675.3262476048
88 42075.4709556242
89 42934.3264101455
90 43623.9374960584
91 44114.8038297266
92 44616.8410736771
93 44759.0445083000
94 45718.1011610734
95 46260.5550548620
96 46847.1205547476
97 47563.2255790036
98 48353.4910305494
99 48502.0402099227
100 48840.7730330019
101 49348.1418139572
102 50179.5419735649
103 50396.8401864652
104 50423.5248427706
106 51213.8277004126
107 51890.5414285238
108 52729.1605536460
109 52967.1071717727
110 53063.5548612883
111 53162.8883542631
112 53994.1084414731
114 54008.2123856078
115 54194.1438895398
116 54592.7692908835
117 54943.9284372446
118 55421.7465857266
119 56128.0624786898
120 56723.5363955811
121 56840.7620776066
122 57303.3288920801
123 57842.5142089120
124 57892.3790243937
125 58458.0554150701
126 59132.3840727469
127 59168.9308254462
128 59452.1187553490
129 59943.7240360701
131 60711.7552716472
132 61430.9908497900
133 61658.0531561938
134 61737.3909384879
135 61958.9301204266
136 61965.6820709508
137 62715.5586304833
138 63034.0104934284
139 63698.4758867965
140 64500.9374246729
141 65382.7700691714
142 65435.0913861883
143 65982.4569319923
144 66072.1561022335
145 66395.8613164066
146 67053.7673930494
147 67785.2690652320
148 67908.3875356012
149 68874.7243694876
150 69758.2769432333
151 70129.1196330823
152 70784.0537020617
153 71247.5596055064
155 71837.2160127028
156 72210.8741036467
157 72984.8755883549
158 73263.9059039845
159 73924.6539684347
160 74764.3851165602
163 75019.4749926412
164 75825.9910674560
165 76048.5428563660
166 76087.2669950569
167 76866.9406475894
168 77422.5233804363
169 77538.5487871377
170 77900.5200864781
171 78825.4268697838
172 79568.2739007616
173 79882.7606389868
174 80773.0599386262
175 81592.4657113790
176 82577.5061161748
177 82796.2993360321
179 83297.1075075833
181 84015.9508945700
182 84543.6332792860
183 84975.4912764120
184 85627.8313288099
185 85777.7342381872
186 86530.1671061765
187 87181.3532216412
188 87403.1727773704
189 88310.4776022717
190 89203.1097992022
191 89522.9443532145
192 90031.4801383603
194 90141.3266550900
195 90419.7397369896
196 91232.3913784351
197 91650.0229425879
199 92265.5514965877
200 93231.8359818336
201 93864.0383544990
202 94716.7707230356
203 95500.8837713461
204 96111.7759273726
206 96266.9850036516
207 96323.9810108143
208 97233.6263371522
209 97394.3219763851
210 97528.0110905268
211 98200.0654160775
212 98502.5476935713
213 98899.9457940540
215 99792.8197656634
216 99815.1057219933
217 100264.6353202975
218 101205.4859914040
219 101515.4659295978
220 102320.1906590481
221 103203.0436240741
222 104159.6869897053
223 104742.3894779363
224 104850.4979620157
226 105846.6929804792
227 106586.2992052766
228 106907.7733094454
229 107113.5170785433
230 107390.3765793892
231 108144.3240312115
232 108413.0708959005
233 108595.9365728130
234 109482.4026162204
235 110152.1046285441
236 111095.1633360597
237 111165.9829803659
238 111794.7706386330
239 112219.3010075228
241 112443.9073971416
242 113216.9291285321
243 113477.0877439750
244 113945.8591446792
245 114049.3466654640
246 114973.4111850646
247 115738.5436368522
249 115740.3082555776
250 115811.7656911695
251 116381.2598055714
253 117297.1976066501
255 117917.2679286596
256 118786.2057641951
257 119645.5636225904
258 120279.3118682038
259 120639.3864227860
260 121608.6258011737
261 121823.8092714909
262 121889.6193291645
264 122361.2674396122
265 123246.4935901458
266 124114.7719725858
267 124875.4411209560
268 125037.2084130545
269 125466.8872708784
271 125492.2499539186
272 125662.6152511173
273 126366.2535220516
274 127220.8361521075
275 127313.3784865310
276 127768.0786282553
277 128293.1218336812
278 128518.0498092572
279 128885.8254642059
280 129073.7586264562
281 129392.5130978286
282 129420.7493424677
283 130072.3209467905
284 130242.2256046599
285 130523.1769833149
286 130803.3398110770
287 131553.8382653400
288 131807.2785486900
289 132286.9086222453
290 132476.3009616904
292 132732.9630354161
293 133093.4462460497
294 133813.1870341784
295 134735.6408404954
296 135575.2705769780
297 136011.2217246225
298 136887.7501392262
299 137311.3142005450
301 137571.4683404920
302 138455.4357478077
303 138836.1426651505
304 139105.4485209703
305 139969.0457799705
306 140705.8625934441
307 140751.6941188488
308 140909.9736027455
309 141903.3286614676
310 142767.8202657454
311 143010.6562724351
312 143060.2353986842
313 143109.6268254904
314 143862.1031082964
315 144719.3717459389
316 144927.2796420986
317 145710.0640265181
319 146302.5779770485
320 146909.1640922452
321 147608.4896473068
322 147892.7223847400
323 148709.7465212242
324 149056.5617678728
325 149115.4458614948
327 149518.9705104775
328 149765.1567247101
329 150573.0725644556
330 151206.9590645395
331 151351.0285418265
332 152003.5177902437
333 152211.3469496341
334 152872.4027380742
335 153418.0887704300
337 154009.8780136978
338 154647.7985565070
339 155414.2875594379
340 155571.3904948068
342 156402.7593837980
343 156717.2674632792
344 156964.9389230131
345 157363.2414205637
346 157882.6197497510
347 158063.2503878951
348 158718.8706185711
349 159335.3881475952
350 159633.7035384106
351 159933.7030844758
352 160726.1109961341
353 160909.6589927978
354 161637.0296037210
355 161888.2315842576
358 162522.5656006345
359 163062.3329092065
361 163709.7513623366
363 164029.9747176818
364 164365.3285108730
365 164887.6239021496
366 165297.1619055742
367 166240.2789439383
368 166531.1066860031
369 167182.0825960283
371 167306.7450098132
374 168074.5598664997
375 168203.6267463795
376 168320.6097139321
377 169041.5139444346
378 169274.0027756327
379 169824.1903957402
380 170542.6429358594
382 171245.1933070983
383 171380.2639983520
384 172185.0495386585
385 172407.9966148818
386 173027.1271271795
387 173637.2596885866
388 173786.5892906401
389 174499.7266297179
390 174768.2629785289
391 175749.8638691760
392 175855.4526587400
393 176620.9188206367
394 177583.9713371187
396 177680.6332745870
397 177857.5185810674
400 178320.6661561675
401 178965.2327008856
402 179545.7685425089
403 179580.8062366255
404 179963.3569837629
405 180949.8308382230
409 180976.9058817550
410 181111.6455714164
412 181600.3687337071
413 182259.2819682986
415 182378.3979456855
417 182422.6447361404
419 183272.4855945415
421 183925.8435955847
422 184569.1498081065
427 185557.3342190559
428 185717.7810297335
429 186329.1440437529
430 187035.3825265783
431 187911.1165528593
432 188274.6680037774
439 188855.7654537092
442 188960.7043951664
444 189947.9722056481
445 190427.0342595658
446 191009.5794576405
447 191095.2932584213
448 191404.2825582198
449 191658.6641242119
452 192586.7567388771
453 192965.3187261499
454 193841.6747226601
455 194664.0339189909
456 195423.1651660769
458 195682.3894066650
459 196456.7234513247
460 197339.6843750133
461 198222.2362705164
464 198285.3190911038
465 199216.3764829748
467 199467.4153992775
468 200383.2370881817
470 200671.5732354064
472 200783.7694839297
473 201296.3289325859
474 201661.2911543260
475 202310.2104064221
476 202378.7640328664
477 202552.2557584067
478 202983.6446389954
482 203268.5562624828
483 203352.0231216181
484 204067.1141111519
485 204358.9034764937
486 205162.3532066233
488 206144.6702271566
490 206233.4828442995
491 206653.4243827244
492 207620.1978941846
493 207791.8266928550
494 208596.9619797019
495 209323.6528739948
498 209773.1840835453
499 210345.3030627509
501 210367.1064736238
502 211035.0078644899
503 211476.4829166399
504 212333.7223262581
505 213131.4757570882
506 213614.0977060207
508 214236.9360157798
509 215192.5122767630
510 215321.0488102578
511 216184.0505298428
514 216230.1254196993
515 216501.2932931638
518 216643.5460178415
519 216690.2866697203
522 216806.0985340674
523 217671.8278956230
524 217873.7168638741
525 218477.0776186569
527 219327.3703709198
528 220004.9457187129
529 220153.5652142011
530 220306.0963615610
531 220997.8503283232
533 221679.2598744883
534 222090.5649858965
535 222708.2734545777
536 223159.7745300704
537 224004.5591009127
538 224486.1079534553
540 225311.5416795874
541 225860.4064551097
542 225879.0582493189
543 226094.5697207589
544 226475.8885734665
545 227256.8598405900
546 227482.7951138872
547 227538.0734168119
548 227667.8579960859
551 227957.5434703885
552 228099.0104262953
553 228218.5147374354
554 229154.0699025932
555 229445.4141986536
558 230163.1470009646
560 230495.9010192969
561 230930.8329728222
562 231270.5280089368
563 231350.2584524071
564 231387.0303583451
565 231634.6465150188
566 231874.6866924795
567 232310.0324706162
571 232995.0925192819
572 233960.3565401158
573 234169.5437044935
574 234424.1060723489
575 234518.3267035673
576 234994.2595547107
579 235609.6993017992
581 236070.9278973041
582 236391.1512258198
584 236738.5623021620
586 237346.6267308471
587 237825.1918036577
590 238262.1725549867
591 239216.1762382127
594 239400.1626385663
598 239884.4192369253
600 240085.5196246196
601 240828.9638726650
602 241171.9158803072
603 241592.5776463469
604 242489.3298603233
605 242814.1161022029
606 243543.3448366184
607 243803.0606987507
609 243949.2521221591
611 244305.7529543125
612 244544.4599369948
613 244823.4121793743
614 245092.6182535536
615 245570.3304918948
616 245944.1940170886
617 246069.5355297634
619 246264.4788338510
620 246839.3784818032
621 247714.5363059572
622 247725.1859252070
624 248700.2688143931
626 248781.8205856332
628 249378.3380348136
629 249462.4922813436
630 249473.4289895056
631 249741.1179076665
632 250036.2329975917
633 250166.9688595794
634 251018.2899335086
636 251849.2472921736
637 252776.5018306066
640 253269.8165696477
641 253738.0710410314
644 254295.4075000052
645 254391.6611762947
648 254705.9426650117
650 255396.5205796986
653 256057.0268298851
655 256194.4179816037
656 256335.0397778611
657 256450.1840579521
660 256930.6929541442
666 256979.0700168300
667 257788.7338714837
669 257821.2642955158
671 258692.1506510463
672 259461.1605348919
673 259515.9079385952
675 259913.8182977630
676 260105.8564311688
677 260895.6583457020
680 261825.8379187558
681 262743.4271720735
682 262943.1246558300
683 263898.0998072141
686 264312.3129016029
687 265224.1517562635
689 265245.9269848700
690 265855.0912711608
691 266260.8255328489
692 267150.7816675027
693 267515.9067031586
694 267756.7924938384
695 268193.6884469417
696 268273.8970260236
697 268846.3082473504
698 269362.8214427400
699 270227.3098728806
703 270384.6961238401
705 270934.4485924395
707 271563.4008629335
708 272126.7020518437
709 272855.7034829111
710 272971.4464549277
711 273776.9840238462
714 274096.3493246512
716 275056.7329605750
717 275086.7054379762
719 275764.0032076931
722 276089.1462569679
725 276270.6346739300
726 276368.3360009464
729 276470.4015759627
730 277088.9274015237
734 277187.4452347942
735 277853.7468393061
736 278285.7791826510
737 278618.2684753489
740 279514.6503751462
743 280276.4009993006
745 280430.0312620907
747 280955.4544470395
748 281361.0623614098
750 281428.9375870836
751 281606.2843462466
752 281948.7268094367
753 282210.6191991110
754 282830.5062357774
755 282890.4454576406
759 283207.5158188647
761 283714.1829227323
763 284412.9190106058
764 284703.4412372852
765 285344.2882325603
767 286245.0845005648
768 286876.9244220270
770 287763.9009356895
771 288187.1429240887
772 288731.7514821163
774 289390.8003711103
775 290181.5747461641
778 290713.9191785879
779 291441.6536688439
783 291442.4614366178
784 291478.9917030653
785 292075.3520740285
786 292703.2656809679
790 293123.3548438323
793 294058.3210453033
795 294412.0201574314
801 295169.5996840671
803 295981.2179230386
805 296050.9930943212
807 296601.9511207478
808 297453.1203631639
812 298147.1828782348
814 298436.0047340071
815 298762.5080425832
816 299538.5146410266
817 300017.0448506381
818 300766.9837155288
819 301410.1941465844
821 301753.3822237377
826 302318.7504400754
827 303056.3729826767
830 303872.1615689312
834 304777.2962252509
836 305288.4835671114
838 305677.1791711755
839 306335.1779499755
842 306789.8296107776
844 306901.5721882124
845 307410.0577087741
846 308119.3265291178
853 308131.5979411939
854 308628.0055382194
919 308631.4214507597
920 308706.1069083469
972 308710.5002237305
973 309431.3365311252
1241 309438.3592105085
1242 310109.9032714406
1301 310110.9347036945
1304 310447.2986910854
1356 310462.1272912557
1357 310507.1561963170
1441 310525.6392004426
1442 311321.6752750847
1643 311344.2154061524
1647 311365.7733367066
1714 311381.5066714974
1721 311700.5878588015
2513 311730.2194453243
2514 311835.4303880899
2563 311837.9407359373
2567 312686.8098134464
2975 312708.0495009490
2976 313342.0515779979
3222 313360.7680046246
3224 314003.2365015841
3311 314010.4172259882
3315 314438.9102909067
5312 314457.2673634270
5313 314826.5149122067
6979 314867.3381179356
6980 315119.2857021003
100000 -2073664.0000000005
evaluations raw_y
1 -2818.2946336184
2 -2239.5849939243
3 -1900.8235716603
4 -1573.0602012378
5 -1427.7446620755
6 -1423.5959128410
7 -1147.7732797497
8 -925.8071576168
9 -174.0462854858
10 -136.6413031886
11 -64.3457061767
12 -20.2875177664
13 463.7115617939
14 1054.3983299646
15 1905.7306009332
16 2667.9396146248
17 3140.2981216042
18 3611.6302713018
19 4333.0625041705
20 4918.0483619491
21 5877.6271166509
22 6207.4229468378
23 6460.7275701630
24 7406.7248152902
25 8092.5610565343
26 8733.6802261449
27 9624.8085225483
28 10319.4727423720
29 10490.8853855520
30 11164.4859557152
31 11742.1621076520
32 12335.7062810623
33 12772.9104814788
34 13575.4326373616
35 14288.5373034773
36 14710.4039926482
37 15081.1571925033
38 16074.3842958376
39 16120.9840515690
40 16159.1408287911
41 16768.4835840556
43 17260.6524609539
44 17428.7488283078
45 18167.6715582232
46 19127.0835950642
47 19527.5948721868
48 19957.3328962202
49 19976.2222343412
50 20835.3435434527
51 21023.5544062446
52 21395.7437101724
54 21513.2432570476
55 21591.6924396665
56 22497.1950529550
57 22881.9268758285
58 23234.7671794570
59 24060.5911518361
60 24810.9824975595
61 25779.7276135508
62 26392.8128763827
63 26511.8653499510
64 27445.1615699636
65 28190.0829431010
66 29042.5803692298
67 29265.7723950689
68 29589.0125652224
69 29834.2563172585
70 30155.7330596261
71 30811.2259943776
72 30879.4672722290
73 31845.4165394761
74 32270.8429498101
75 32613.6442907594
76 33222.6111895416
77 34133.4403008229
78 34681.6349513510
79 35412.5495171856
80 35536.5203583825
81 35599.3223581967
82 36321.3650214321
83 36526.8470058417
84 37451.1078547333
85 37634.9383369422
86 38411.3936768608
87 38511.9094077774
88 38899.8215597055
90 39576.1468128525
91 40394.3114441181
92 41252.5734630432
93 41786.0282317179
94 42450.7819677411
95 42663.3500511775
96 42980.5849030513
97 43536.0244208569
98 44444.5365787612
99 44715.3431321404
100 44959.2515673358
101 45442.0171307313
102 46167.9983393315
103 46840.7768183647
104 47606.4434500176
105 48276.4526624219
106 48348.1843833974
107 48682.5043181908
108 48791.0953110253
109 49669.2569966181
110 50372.0404578470
111 51044.3479095212
112 51121.2212001998
113 51532.4250287817
115 51890.4981660005
116 51999.6098194582
117 52124.5753028974
118 52278.6994299157
119 53266.5895272373
120 53973.3534113681
122 54652.8707343527
125 55139.8825593252
126 55834.9011753017
127 56006.1806186674
128 56347.8226644142
129 56474.7407310249
130 56985.0293279837
131 57317.8470706224
132 57826.0538117884
133 58623.2458100895
134 58830.0237673691
135 59239.7072634464
136 59969.7653636874
137 60712.9188673691
138 61101.3008024815
140 61765.5455014169
141 62385.8167588602
142 63180.3228298010
143 64107.0041157520
145 64781.1471938852
146 65014.0689428650
147 65077.7360554539
148 65492.1826635089
149 65943.5881194590
150 66250.1799098904
151 66792.6391519863
152 66915.4543766738
153 67763.8611188071
154 68265.0661966441
155 68303.9389187979
156 68519.8535629913
157 69278.4243442169
158 70039.5594305887
159 70661.8670582264
160 71024.3840151072
162 71888.2380111239
163 72653.5908625053
165 72833.4568641813
166 73555.8790525960
167 74221.3050008190
168 74992.0641879421
169 75179.0311226472
170 75832.5263249403
171 76327.7521531791
172 77108.0575641598
174 77647.1192293883
175 77895.1686551412
176 78058.5130435872
177 78809.7435562228
178 79298.7561995595
180 80182.7178543820
181 80947.2388827029
182 81287.2385146128
183 81711.4660249168
184 82007.7098127359
185 82986.6388813176
186 83741.4755269455
187 83878.2949031934
188 84807.3831531203
189 85096.2826150154
190 85918.8278031833
191 86552.3746566918
193 86667.9627375624
194 86818.7771889585
195 87384.1817853341
196 88021.9204944759
197 88227.8581931633
198 88455.5586969755
200 88979.9859721224
201 89411.7951723018
202 89903.1775200547
203 90320.6121943101
204 90371.6126057160
205 90690.4396528338
207 91280.0719441009
208 91511.4545240021
209 92427.8212002064
210 92742.0790785055
211 93716.2310120113
212 94630.3178632263
213 95597.6821466846
214 95664.0380494476
215 95718.9738483324
216 96381.7694070053
217 97317.1182779359
218 97534.1854603702
219 97534.6673515584
220 97818.4919230061
221 97926.0128654062
222 98216.4915518418
223 99048.1931179990
224 99564.9797714225
225 99885.0322878437
226 100876.4512000150
228 101735.8098814402
229 102615.8769737165
230 103101.7366911397
231 103426.2822576975
232 103546.3616252196
233 104413.2843013442
234 104618.8398559752
235 105167.5905645407
236 105619.0140593304
237 105668.1947418764
239 105702.9899664112
240 105929.1376208607
241 106737.2132089173
242 107106.6472675285
243 107950.7842376802
244 108243.4969773588
245 108764.1405876245
246 108972.9406811293
247 109194.1124358194
248 109226.6025361379
249 109668.6215009110
251 110338.2463802700
252 111220.8714069103
253 111746.0753954884
254 112270.6068816790
255 112531.9487807916
256 113450.3929072712
257 114271.9539068728
259 115125.3928163224
261 115164.2826213894
263 115796.6644552339
264 116746.7219697579
265 117620.2914094548
266 118583.2253645843
267 119158.5127445505
268 119414.1225797635
269 120109.4514739247
270 120562.6119076932
271 120641.1827042165
272 121192.8897700534
273 121999.1742323558
274 122855.0797493265
275 123527.5407993100
277 124107.9802501682
278 124485.9163850199
279 125069.6157829024
282 125380.8203818978
283 126154.2185932081
284 126429.4039467274
285 127118.1201918207
286 127793.9573374910
288 128766.6297970092
289 129458.7752305069
290 130449.0935894528
291 131316.2002618265
292 131702.9867876353
293 132347.0084625115
294 133207.1116489223
295 133742.3696159127
296 134105.5410715048
297 134800.4829729829
298 135065.3189443966
299 135451.8057297720
300 136066.4600441936
302 136886.3678321296
303 137423.0081613330
305 137803.9241575573
306 138180.2347301200
307 139048.2856477280
309 139537.9874843298
310 139625.6968240792
311 140113.2875178496
312 140247.4759097929
313 140726.2596911647
314 141339.7221504390
315 141693.8335912473
316 142225.0132356156
317 143010.2067498664
318 143142.0508640255
319 143697.0277926501
320 143833.2790697638
321 143995.2369510347
322 144918.4820723432
323 145768.6334048103
324 146659.3071846834
325 147150.5227259265
327 147693.5613359471
328 148354.2624087244
330 149262.0541613374
332 149354.2786808907
335 149460.2155007418
336 149601.4816405773
337 149865.1156560823
338 150215.6591383298
339 150295.2418984047
340 150668.7884078767
341 151000.7402606671
342 151788.7604268240
343 151966.1264342417
344 152186.8878882857
345 152870.7336326024
346 153287.0377514732
347 153506.6710933128
349 153831.6003796149
350 154646.8935714731
351 155265.3483014799
354 155329.7016156627
355 155625.3804848630
357 155980.1081869779
358 156697.2094720533
360 156789.6135802049
361 157081.1515052005
362 157309.5403710340
366 158119.5877288177
367 158410.7143168472
370 159343.4753523261
371 159995.2367077164
372 160491.0707443122
373 160760.9118911227
375 161171.0533722359
376 161654.6285280196
378 162100.9655177988
379 162248.1562063665
380 162533.2563401232
384 162735.7032933196
385 163523.2768494554
390 164388.0669968308
392 164965.5220688620
393 165036.1002985077
394 165755.1159763922
395 166633.1468486168
396 167005.6175989666
397 167693.2754177661
399 168229.6571293411
400 168958.1147110157
401 169301.4462465387
402 169541.6278611704
405 169651.5730043240
406 169818.9810287809
408 170008.0830536826
409 170126.7774721494
410 170999.1068671526
411 171032.6642118268
412 171672.7956884674
415 171696.3846894238
416 172042.7764955406
417 172693.1303739330
420 173121.9964526238
421 173293.9712674320
423 174168.9868159099
426 174196.3863159289
427 174698.0219812346
428 175581.7130746489
429 175702.0583175863
430 176665.8029002579
432 177468.0798026369
434 177523.5313204149
435 178358.5659164815
436 178572.5893046226
438 178647.2695637148
439 179500.8798172496
440 180181.2670384492
441 180897.0479153142
442 181611.4785609991
443 181662.0036738784
445 182130.1516295604
447 182281.6996038292
449 182616.1987179546
450 183304.6342898885
451 183593.8295242594
452 183845.7451162585
453 184699.6436081376
454 185333.0847517103
455 186295.6982926478
456 187010.2606008976
457 187794.3646800862
458 188285.0075097957
459 189013.2993713248
460 189329.9635270884
462 189947.3906819143
465 190819.9383789894
466 191660.2558856425
470 192611.0339966479
471 192622.3469208102
472 193358.4745514494
474 193746.1803585118
475 193839.8584415359
476 193869.8362434218
477 194009.0825539714
478 194228.0277541561
479 194787.9216576437
481 195086.9859838293
482 195537.6905857529
483 195759.7414822846
484 196141.4483431292
485 197107.2721813641
487 197955.4383203594
489 198000.2941349328
492 198301.4152143623
493 198416.0289540868
494 198657.4970183579
495 199282.4618080389
496 199688.7387573492
498 199874.8439756150
499 200062.3386694050
501 200144.1303414239
503 201122.2944880681
504 201937.7308205469
505 202287.8866137727
506 202682.6730043424
507 202723.3353396356
509 203584.7389425396
510 203881.5883158246
511 204432.3840481093
512 204966.8188217927
514 205133.6604616526
515 205766.3420763932
516 205818.8750648680
517 206595.8259906322
518 206942.8109700306
519 207656.7312529247
523 208156.6152053660
524 208430.1704628112
526 209048.0240414046
527 209933.3876564633
528 210088.0853057678
529 210172.4184539146
530 211109.6589611368
533 211919.0190791859
534 212488.6375990128
536 212982.6922548700
538 213728.3576502204
539 214117.3202880834
540 214785.6173038730
541 215746.2783671875
543 216631.2587821882
545 217114.4248442728
546 217771.6765603144
547 217773.5395842394
548 218066.7192495339
549 218843.5470433793
550 219175.5320879614
553 219815.1731858750
554 219973.3161010068
556 220774.0066836901
557 221064.6589897533
558 221299.4150846030
559 221388.2228030265
560 221468.8360788683
561 222345.8384503317
563 222392.1854834351
564 222492.6220534003
566 223081.0946091094
567 223141.8442081270
568 223446.2716755877
569 224025.1607092734
570 224340.0595228767
571 224877.5883156416
572 225676.2653330441
573 226353.5874237489
575 227024.1807255722
576 227509.7695621282
579 228222.1790297658
580 228913.3432926821
583 229189.9310950942
586 229359.6461004808
589 229554.0767033048
590 230245.3047107206
591 231205.8605076179
592 231795.4886698159
594 232277.5987738238
597 233264.5422829794
599 233942.3378860300
600 234219.4944714661
601 235191.8614656894
602 235682.8644378809
603 236457.9137281940
604 237312.8831545451
605 237889.6840369900
610 238685.0986991341
612 239269.8990509463
613 240043.4043227437
615 240411.7702372120
616 240984.4898256892
617 241252.8789065285
618 242236.3972894883
620 242449.8212006006
621 242727.4303908613
622 243287.9845122334
623 244214.8165394463
624 244333.8158367953
625 244761.4141712212
626 245647.8107605918
628 246006.5074050021
630 246350.7383551506
632 246894.5148546486
634 247203.7442670584
635 247467.0802692336
636 247618.8138532913
637 248467.1423844704
641 248695.1426616039
642 249599.2392521580
643 249604.1937625654
644 249879.4814734410
646 250123.7228636365
649 250286.5300710967
650 251146.9281768233
651 252104.8391822202
652 253040.5219038676
654 253477.3935145753
656 253640.7836063296
657 254603.7753472168
658 254645.8780388508
659 254997.8715348986
662 255912.9453814233
663 256511.9481684970
664 257142.9847489957
666 257639.0379630000
667 257737.0572961942
669 258224.4130147210
670 258396.4634350219
671 258969.1483844074
672 259234.5001800609
673 259881.4033445092
675 260355.0153511785
676 261011.3931816873
677 261647.5585329114
679 262479.5505194298
682 263020.1318094603
685 263071.9883051374
690 263412.2155772957
691 264340.0096016338
692 264709.3306138663
693 265526.5832310125
698 266191.2948220528
700 267102.5208628767
701 267738.0662306703
702 268675.2858292799
703 269430.4022777008
704 270351.6568125073
705 270531.3157832062
706 271138.8123390544
708 271849.8352409074
712 271974.6901057858
713 272046.1003609242
714 272283.8636578746
717 272727.7425079984
718 273008.5975923896
719 273979.2078728821
720 274618.7978314506
722 275493.4274991371
723 275692.7233390749
728 276055.7394569599
730 276231.3504125534
731 276312.3102626052
732 276831.9973295250
733 276893.2671822858
735 276981.8846337391
736 277734.9185668560
738 278019.7765695660
741 278153.6212595449
744 278939.5051873730
747 279834.2479432482
750 280104.5167446669
754 281029.2821964906
755 281087.1733280093
756 281400.8712898134
757 281511.9203319833
760 282342.6002473953
762 283068.6230821308
763 283098.4258441710
765 283276.2413447995
766 283284.9321545417
767 283435.7843284010
771 284282.2294116198
772 284847.9117910301
773 284936.5495456347
775 285475.9556968358
776 285908.8946904856
777 286356.8063256190
779 286622.6567756142
781 286980.0722632612
783 287228.2297750739
785 287868.8000229055
786 288375.5907657174
791 288995.1344094779
792 289610.6315653117
793 290150.1825549501
794 290804.9050436351
795 291661.7856374902
797 291821.3276232622
798 292692.6752626582
801 293290.4761728183
802 293329.0067966529
803 293381.1723461710
804 294141.4734780387
806 294899.7745142928
807 294971.0849518995
808 295145.9801642999
809 295403.5945974960
810 295710.2940523473
813 295857.3299124201
814 295980.5101900944
816 296703.6835017918
817 297302.6168985709
818 298241.8102210801
819 299107.5888622885
820 300044.3988151560
821 300601.7497585204
822 301330.4530559094
823 302189.8408645296
824 302417.8073001040
827 303290.0124387332
828 303944.4943366352
829 304053.7295626289
834 304248.6238643870
836 304472.4512480836
838 304700.8651237141
842 305579.1545402789
844 306406.4312388301
845 306814.1737152481
848 307027.3867440339
849 307684.6671547640
850 308005.4386400193
851 308193.5703993271
853 308853.6733946693
1268 308860.1476972118
1269 309331.4179978620
1846 309368.7932361849
1847 309448.6616214952
2180 309462.7553236596
2184 310321.2212070227
2204 310321.2412778871
2207 310486.0556182923
2290 310498.0114680309
2293 311121.6559417238
2839 311123.9057845668
2840 311593.0027012524
2963 311611.1390238971
2964 312520.4786385319
3011 312522.7576195304
3012 313362.1691775130
3561 313373.4143076108
3562 313597.9913293516
7142 313602.3420944961
7143 313875.6077627685
100000 313132.6430118231
evaluations raw_y
1 -2167.5039851598
2 -1833.7736094005
3 -1414.2050595764
4 -1051.7981725802
5 -263.9839201485
6 262.1223897010
7 531.4764626302
8 1396.4668842017
9 2235.6158392103
10 2778.6232119011
11 3335.0180576406
12 3868.2827682653
13 4771.5607800020
14 5017.8166908147
15 5596.4504265422
16 5902.3834270747
17 6439.2094128265
18 6685.6487794952
19 6982.5110988054
20 7858.5206186356
21 8220.2847767659
22 8463.4682592736
23 9214.0473953620
24 9310.9935115053
25 9439.1464426473
26 10221.7454980177
27 10673.7772891100
28 10732.2660843909
29 10829.5569850783
30 11170.1202041890
31 12030.0234674922
32 12465.5668267682
33 12617.4868873263
34 12901.0731136290
35 12929.1269396626
36 13343.2086087245
37 13691.4757983483
38 13747.7358183639
39 13757.1006568426
40 14342.3074870617
41 14867.2826328151
42 14926.5571987290
43 15079.9149772732
44 15133.2451922816
45 16050.0953658180
46 16578.8426523807
47 16762.2853600275
48 17702.5249544876
49 17820.2914413983
50 18786.4576895263
51 18858.5996919653
52 19643.9673656266
53 20425.0404460819
54 21321.8630162306
55 22253.9966334148
56 22889.0012505808
57 23620.3997147950
58 24243.3989490085
59 24973.9233917957
60 25459.9578499762
61 26449.7705842257
62 27399.2644915923
63 28293.6263848405
64 28795.8235833243
65 29390.3867104023
66 29874.1485061456
67 30757.1523369940
68 30824.4700790167
69 30872.3074228834
70 31826.9708963596
71 32529.9400209841
72 32928.5265326842
73 33681.3790052235
74 34436.1333114930
75 34700.9393005373
76 35644.3640239889
77 36615.0911907214
78 36839.4087788903
79 37615.8846399801
80 37652.6654946755
81 38245.8610088639
82 38374.2057393219
83 39252.8243130367
84 40242.0024000812
85 40292.5045858148
86 40965.8790325890
87 41059.4260212839
88 41381.6413378084
89 41439.3994855514
90 41482.0628336719
91 41607.1588597435
92 41670.0892494380
93 42163.3043720301
94 43020.4607377855
96 43712.4523841548
97 44679.6405873937
98 45416.7902415363
99 45908.6675841200
100 46672.4622989625
102 47569.9498944826
104 48429.7937818568
105 48601.7089693767
106 49263.3149260150
107 49384.8625993147
108 50164.1871368845
109 50673.3567188589
110 51522.0118834059
111 52270.3675753279
112 52711.8534307204
113 53526.1939592271
114 54305.2619834935
115 54455.1841430072
116 55226.1429937884
117 55327.0486739628
118 55830.8141442715
119 56490.6916108837
120 56852.8010637016
121 57228.5463646346
122 58093.8850000109
123 58906.3843300828
124 59792.0470619919
125 60768.3361713103
126 60833.7493279914
127 61592.4903878580
128 62080.5572010788
129 62734.3247516131
130 63184.5941012563
131 63683.2894530463
132 63867.7715310801
133 64087.3171479089
134 64433.5190948573
135 64815.2494955313
137 65073.4565325883
138 65491.5971837422
139 66377.0833553501
140 66695.5168162172
141 66917.1597957029
142 67785.5388808963
143 68439.5246039026
144 69306.6631790629
145 70273.0590224652
146 70740.7324844724
147 71490.4518782866
148 72430.9199358145
149 72886.0494935902
150 73128.4608160612
151 73687.5690882474
152 73981.0164271292
153 74549.8253112293
154 74923.4762743983
155 75507.5826082492
156 75918.2242101540
157 76758.4211770012
158 76760.1724230265
159 76761.3593340496
160 77631.0083839406
161 78320.7487056585
162 79306.9899427517
163 79947.0794216769
164 80933.0327322051
165 81914.9828921864
166 82876.2662130155
167 82920.1176866822
168 83017.2872782667
169 83196.2855457036
170 83338.3321252591
171 84195.1614085806
172 85110.9185938175
173 85175.2124825417
174 85501.8959142232
175 86241.8063034442
176 87018.4619590388
177 87120.8872992684
178 87572.7257524407
179 87901.3168959991
180 88214.0853515540
181 89093.7720411495
182 89534.3135894780
183 89843.0754044506
184 90231.3329567877
185 90405.5327566441
186 90971.5409232808
187 91865.3203365310
188 92563.0956378666
189 92705.8947510702
190 92824.4804380879
192 92936.0222442411
193 93175.9750260443
194 93573.2707642484
196 94426.4753983830
197 95187.8307321279
199 95835.1197519299
200 96770.3419067569
201 97708.4034291531
203 98630.0220110165
204 99317.2426497492
205 99851.6209018800
206 100384.1812532997
207 100493.9125858841
208 101018.8066583731
209 101484.8486406873
210 101583.1125145356
211 101706.5688959141
212 101984.9315244990
213 101998.6921300797
214 102051.3259214755
215 102695.7513030806
216 102988.4889590940
217 103599.2460457098
218 104284.2328639158
219 104793.6231866044
220 105132.1468720797
222 105746.4387301516
223 105774.7650592553
224 106652.3621311519
225 106844.8350579537
226 107120.7036001835
227 107472.3901952262
228 107587.5646562471
229 107996.7722490521
230 108532.5408606225
231 109415.2546320732
233 109696.6886205986
234 109709.9245126726
235 109862.0934186653
236 110087.3823182741
237 110634.5005087367
238 110796.5328775405
239 111063.8295781818
240 111317.5802881363
241 112094.6282741606
242 112836.6906558662
244 112911.0041710360
245 113780.3369055544
247 114686.6558948510
248 115580.3526402059
250 115606.5247573306
252 115726.6493361920
254 116046.0583767835
255 116578.8964047126
258 117170.8481964410
260 117721.3092631734
261 118564.3348840345
263 118750.7184595851
264 119235.2655680424
265 119857.3654247731
266 120588.2053981977
268 121582.1680130996
269 121606.4671866472
270 122072.6217566516
271 122497.3601422853
272 122770.6668248124
273 122832.0377652549
274 123439.6606861470
275 123809.9047103241
276 124160.8909586989
277 124717.4415721479
280 125624.0156576079
281 125823.6397349060
283 125864.5019888840
284 126745.4927236298
285 127541.4208693830
286 128340.6540154810
287 128751.4612484465
288 129237.3392719158
289 129881.0332085523
290 130101.8335702725
291 130599.8348465603
292 131052.1170827435
294 131895.7857159236
295 132213.5540697156
296 133200.6061898949
297 133221.1396971578
298 133368.2685403387
299 133370.4072105876
300 133605.4390635756
301 133657.0510066403
302 133962.0344905641
304 134378.7748298606
305 134499.1663872583
306 135380.8670106140
307 135772.6003823540
308 136403.6815140646
309 137057.2848752936
310 137968.8863583251
311 138423.2654243173
312 139058.0879676707
313 139127.4969241761
314 139746.5962673128
315 140324.5732009133
316 140987.6016949768
318 141921.5812768721
319 142602.3048622773
320 142938.1749906036
321 143108.0093253496
322 143640.6906111065
323 144198.6138714348
324 144607.9397903001
325 145159.3555344657
326 145754.7605984958
327 145802.8486730841
328 145904.6960084775
329 146356.8652877987
330 146767.5843675471
331 146935.1154236410
332 147268.4735099719
333 148184.4525071368
334 148497.1177729713
335 149351.3470516203
336 150120.4456069700
337 150148.4955879276
338 150354.1312338386
339 151177.3009748646
340 151655.1899873034
341 152295.4064618583
344 152973.9820295936
345 153646.6747687788
346 154364.5590162673
347 154535.0307683255
348 154884.2227618335
349 155697.2130219489
350 156346.5178069712
351 157153.9990554673
352 157915.9822631593
354 158207.5646537519
355 158494.9577667392
356 159282.6882400935
357 160255.0888855219
358 161155.3162778456
359 161344.4149026661
360 161990.0645249383
361 162237.6585428190
364 162849.5542830308
365 162883.2178203725
366 163815.2036760578
367 164104.6853704250
369 164439.3636960340
370 164536.7942036423
371 164796.9654185422
372 165562.0844102202
374 165837.4250704437
375 166540.4258795979
376 167257.0073079403
377 167374.2656772101
378 167797.4624798495
379 168564.0077415741
380 169321.0452703939
382 169761.6584402505
384 169957.3019011398
385 170686.1757544300
388 171166.5420198581
389 171482.2609385003
391 171792.5447184734
392 172339.1480460156
393 172607.5513852029
394 173360.6244075606
397 174304.4911666022
398 175075.5804683942
400 175668.3953897577
403 176084.3149017656
404 176762.2074057170
405 176781.8403331065
406 177031.1497109035
408 177110.0529146095
409 177771.5001470583
410 178585.6661122161
411 179350.2149866585
412 179811.1736894544
414 180146.3140387000
415 180681.0187944298
416 180767.6489680841
420 181680.9748970519
423 182561.8990469324
424 182747.8585191418
425 183072.5344472094
426 183212.6335244653
427 183555.7174752930
428 183585.7179672306
429 183902.6896168331
432 184369.5334010253
433 184504.1453345435
434 185364.5055874423
435 186223.8436766308
436 187166.1261700573
438 187781.5642362423
440 188333.6619260833
441 188843.7006173224
442 189557.9262675344
443 190340.8611429502
444 190450.0445220626
445 191096.2954158983
446 191678.7169206045
448 192163.8072926858
449 192227.5500680835
450 193217.1967229073
452 193704.9812236209
453 194581.6457010374
454 195516.4773452655
455 195842.9464987035
456 196518.1308423746
457 196807.6925153726
458 197642.0262413106
459 198560.0274185830
462 198564.6648792205
463 199051.8639557289
465 199430.1299289508
466 199749.9792370165
467 200446.9022835008
468 201296.6967330756
470 201773.0686688515
471 202338.3881654454
472 202773.2823282105
473 203329.2317960322
474 203399.6808795529
476 203490.0996599294
477 204338.1848377144
481 205148.2381979531
482 205221.5602298029
483 205662.8447832669
485 206114.1263099947
486 206591.7349554702
487 207342.2930524700
488 207465.2323781819
490 207652.3251185228
491 208451.6166400361
494 208892.0460746581
495 209235.8572399256
498 209847.2861137629
499 210669.5261628474
501 211637.9070728206
502 211684.4876407590
503 212422.8730085609
504 212854.0173558042
505 213656.6990848984
506 213878.3645530796
509 214624.4482147780
510 214907.7059077442
511 215377.9109531838
512 215408.7782698322
513 215704.1562054043
516 216098.4912659950
520 216586.4170753540
521 217464.4840450757
522 217560.2696894969
523 218336.4025763434
526 218475.0244752630
527 219271.5131274953
528 219988.3390487508
530 220044.3002775705
531 220187.4243383640
532 220996.4648662526
533 221479.1017991583
534 221967.1479628404
535 222782.7087776279
536 222787.3201394190
538 222821.8210362369
539 222846.5014980592
540 223234.8008861541
541 223781.8365675199
542 224053.5288812670
544 224850.7534061959
546 225398.2074055278
547 226180.5260583602
548 226517.6286844796
550 227257.5079768189
551 227756.3320964830
553 228433.4379499649
556 229406.9286600531
557 229622.0339747784
558 230461.2810807749
560 231239.1270547326
561 232127.3080422556
562 233102.8205817331
563 233501.9415139911
564 234214.1225045335
566 234460.7844062068
567 235224.9159350474
568 235647.7023543525
569 236131.1055992550
572 236992.7006407517
574 237133.9048082411
575 237846.0505011948
576 238340.4836094876
580 238380.8420347721
581 239071.1557700355
582 239288.9550176477
584 239375.2864439875
585 239670.9985431066
586 240236.3507949132
587 240579.2884361745
588 240845.7516969818
589 241548.2933244691
590 242009.6622836135
593 242511.9578184676
596 242952.4603651130
599 243234.1416408630
600 244082.5808215918
601 244644.5404430468
602 245057.9216887571
604 245233.4042060848
605 246051.8330272675
606 246393.7456407563
607 246956.6121456227
609 247455.0697979400
610 247724.7977811151
611 248350.5259012406
616 248505.7599117111
618 249355.1913678304
619 249739.4523342527
621 249746.2266712958
623 250025.2257309746
624 250798.8977539587
625 251503.0036304849
626 251844.5276912856
627 252520.4056729091
628 252810.7100800684
629 253243.3637473519
631 253925.3206957607
632 254270.9252221467
633 255195.8629447574
635 255528.4009047761
638 256266.4316378935
639 257021.2423231750
641 257331.8016529162
642 258324.4599289654
643 259227.6511842630
644 259892.8158595934
647 260719.4948645887
650 260728.2615376742
651 260866.8140547929
652 261661.3923071119
653 261867.8763256689
654 262373.9466385648
656 262664.3590164491
658 263417.8413144427
659 264369.8581939017
660 264561.5328768102
662 265231.2415839292
664 265488.8098006023
665 266052.6063908539
666 267014.1128893513
667 267286.9622003009
668 267959.5945535358
670 268602.8956422299
671 269541.5159782722
672 269750.9562749546
673 270381.2199572219
676 270457.7125493334
677 270627.9721036159
678 270827.7153580719
681 271428.6265114292
682 272174.4830052919
683 272979.0790574664
686 273472.9033359591
687 274041.9901170904
688 274703.2326607513
691 275614.6506239199
692 276312.0468781041
694 276883.2044733126
696 277531.4849216541
698 278425.2385236555
704 279266.7489315215
705 279941.4831560598
706 280375.4003876142
713 281336.4730065872
714 281663.6536671589
716 282528.3987738552
719 282965.5734703747
721 283718.6172046171
723 284515.7634645613
724 284934.7350422696
725 285610.6384274656
726 286300.0702990304
729 286811.5351631567
734 287090.3845932807
735 288009.6296849065
736 288241.0479197123
737 289138.5792886742
738 289245.4417091881
739 290096.9691738453
740 290334.7912740574
742 290390.1814905425
743 291263.1238763136
744 291864.0169452749
745 292429.6767605510
747 293228.5138475522
750 293931.9402143281
751 294459.2117763651
753 294992.8628262350
754 295197.8068302078
755 295455.1143747388
757 295539.3571340877
759 296189.7601956840
760 296746.7273148139
761 297088.2214530573
762 297696.1656449005
763 298034.7201934394
766 298207.5353583323
774 298267.7474043969
778 298417.5590918753
779 298773.1974241500
780 299357.7456459938
782 300221.5002829834
787 300416.8948566912
790 300514.4255492018
793 300973.5350347205
794 301443.1643966038
796 302403.8187343306
800 303210.0766304870
805 303768.6559950697
806 304498.4982721687
810 305408.6663807147
811 306154.0400417654
814 306918.1292803598
816 307749.8190447533
817 307931.3319530594
818 308274.6837405300
819 309120.0288801446
820 309725.8663094459
821 310394.4140562550
823 310752.0411130456
828 311505.9122769859
832 311642.9412676314
834 312084.9184796044
836 313047.2869043865
837 313473.7239674976
838 314131.0442133340
840 314437.2563388916
841 314697.8900474979
842 315468.0350332718
843 315572.5332514425
844 316428.7511195411
845 316874.9615249338
847 317166.9777807451
848 318113.8683676192
849 318706.5786387622
900 318721.6056686996
901 319507.3707642051
1068 319526.3436239256
1069 319530.9296943694
1221 319548.1258039623
1223 319832.1286190317
1421 319841.6866684807
1423 320792.7267370509
1547 320807.6502328167
1548 321327.7681743033
1666 321328.7015523958
1667 321484.0415909512
1949 321490.5084958515
1950 322375.7664243883
2256 322387.3181465599
2258 322873.0475182658
2363 322874.1168672077
2367 323293.3187121823
2374 323320.0736799408
2376 323816.8728491103
2796 323837.1130576915
2799 324695.0343323167
2831 324705.2094108155
2835 325677.3345801593
3091 325677.5348399983
3092 325874.6720843891
3426 325909.5817277526
3429 326124.2534263560
3442 326151.9205193061
3443 326792.6841218635
4244 326800.2307423337
4246 327617.7736418468
5124 327631.6110142506
5128 328184.4179874577
5859 328187.5914199641
5865 329115.7568976199
100000 -2073601.0000000005
evaluations raw_y
1 -2836.8915525805
2 -2713.6788353306
3 -1799.5359327219
4 -1137.4172083540
5 -964.8415564632
6 -98.7443914365
7 346.3623179897
8 1019.2661966209
9 1487.2501637357
10 2277.2164029846
11 2912.3392210687
12 3534.9367096509
13 3826.2946322003
14 4525.1809898172
15 4782.8178887758
16 5352.4843176209
17 5788.6678613172
18 6127.4191868784
19 7091.8048737563
20 7627.6154669437
21 8412.4371626639
22 8938.1075513433
24 9689.5720106606
25 10641.4912776237
26 10847.2780206887
27 11645.0555018548
28 12570.9524025612
29 12589.8980144259
30 12887.8267720515
31 13134.0165469869
32 13349.1595316191
33 14188.1805702590
34 14556.8293190507
35 14970.0961980935
36 15313.1330600139
37 15797.2319450886
38 16149.2664160423
39 16244.1995737709
40 17180.5592788400
41 17285.7375537662
42 18203.2980872968
43 18575.5286417932
44 19249.8835207902
45 19344.1932992982
46 20198.5661652778
47 20953.4593918048
48 21006.7689567811
49 21669.8778189759
50 21831.8338129044
51 22409.4362274364
52 23132.5722466564
53 24123.7974611844
54 24475.2268121473
55 24523.0718327609
56 24826.6400540189
57 25533.3218144276
58 25697.4941197774
59 25807.8907182841
60 26463.4147656421
61 26507.3370269418
62 26789.9862443657
63 26792.5962307407
64 26820.4005752109
65 27640.8852509090
66 28150.9417235274
67 28737.6986345046
68 28968.0560188302
69 29608.8404108253
70 30146.0420234309
71 30226.9588943832
72 30648.8106693216
73 31142.1471070729
74 31563.7417986198
75 31810.0457983025
76 32697.0065931357
77 33659.0203177304
78 33952.6298867721
79 34768.9323189065
80 34972.7347245428
81 35156.7696005848
82 35693.7136242478
83 36500.7778818959
84 36720.0597281534
85 37679.1397683989
86 38227.9849383589
87 39197.3343214298
88 39287.6058002095
89 39883.2850624001
90 39973.9054560528
91 40536.7823601924
92 41379.0467927451
93 42292.3851998334
94 42908.6489375123
95 43350.9016330564
96 44138.0827423266
98 45054.7595333039
99 45774.8829043248
100 45912.2274713534
101 46113.8869347493
103 46209.5072715929
104 46776.0509443295
105 47506.9582823407
106 47697.6329893726
107 48047.2331012310
108 48107.9495132520
109 48478.9322320963
110 48589.1528431291
111 49563.9860705256
112 50065.4043737726
113 50870.9941544363
114 51193.1311010106
115 52151.3508776407
117 52209.1437024930
118 52478.2816416012
119 53241.9769960478
120 53261.6914852173
121 53373.5570873955
122 53618.3798097785
123 53984.7688664480
124 54102.9395324157
125 54357.3534153546
127 55164.2521254066
128 55433.3487093670
129 55639.7675338548
130 56404.6028203797
131 57183.8884629209
133 57203.6532800410
134 57423.2002708089
135 58040.3275239352
136 58950.2091340561
137 59684.5729479075
139 60003.0374711177
140 60590.1007132761
141 61210.3490369267
142 61718.4590856839
143 61936.0359802114
144 62043.8985996995
145 62495.7133261724
146 62996.6434758674
147 63669.7587496782
148 64049.3966937380
149 64852.4280246753
150 64948.9564659791
151 65014.2852125233
152 65289.8992516619
153 65807.3145598869
154 66502.6371163801
155 66969.0706263236
156 67646.3387328241
157 68331.6930364419
158 68989.7244708322
160 69858.0830068412
161 69965.9784021408
162 70951.2086037823
163 71237.2889459100
164 72142.6047943342
166 72812.9705222829
167 72860.8638554936
168 73235.9894662052
170 74019.6176601234
171 74126.5008499914
172 75001.8931918007
173 75112.0166172643
174 76035.6949056131
175 76898.9406582088
176 77066.6801189701
178 77128.8042552651
180 77450.1658657845
181 77542.5998756647
182 78538.4092669369
183 79104.2763924290
184 79772.2007851139
185 80464.9553805511
186 80562.3777206992
187 80882.5543176270
188 81337.4791214948
189 82275.6722727742
190 82963.1019876495
191 83657.9134172616
192 84370.1706103662
193 84422.2208713944
194 84981.6068900480
196 85758.9802080320
197 86338.9635447340
198 86616.2309792455
199 87575.0086331913
200 87764.7550707446
202 88639.4975535717
203 88787.9222534260
204 88864.4672106476
205 88886.0304926984
206 89391.3393395877
207 89665.4391911260
208 90242.3628474217
210 90300.5028493332
211 90641.4098307563
212 90783.1366756965
213 91101.1712340037
214 91655.8090636746
216 92250.1087384235
217 92401.1360588618
218 93355.3911728651
219 93544.9331520840
220 94002.3902015839
221 94621.8571208953
223 95300.3512970239
224 95825.6680343309
225 96707.7749030790
226 96889.4898598934
227 97758.8062745256
228 98242.6597446271
229 99182.7885489371
230 99899.7900904965
231 100777.1999496017
232 100900.6189666779
233 101896.8081987976
234 102820.3209879402
235 103678.6983657633
236 104369.7373773093
237 104721.1898737618
238 105561.5740490144
239 105618.3348833519
240 106480.4642017309
241 106667.1047798819
242 106955.6814082421
243 107653.0202116449
244 107966.7891480307
245 108775.2759327225
246 109358.9282185811
247 110181.3722395330
248 110522.2111784663
249 110615.8116827061
250 110686.5514812395
251 111582.6835810468
252 111792.4965794292
253 112029.1795561165
254 112797.3770043695
256 113466.8165176200
258 113651.0504583324
259 114171.0363885807
260 114624.2608752106
261 114989.8972753052
262 115847.3226326742
263 116026.4501607694
264 116688.9074109049
265 117459.1450924407
266 117540.8318227749
267 118155.5296812631
268 118467.4967786222
269 119008.3563379333
270 119103.5535611673
271 119695.0284273881
272 120378.7886865907
273 121210.7672211283
274 121599.5893479743
275 122087.0332844553
276 122768.2151713787
278 123254.1739406576
279 123338.9141957765
280 123496.4417598563
281 124226.7230969198
282 124311.6570955057
283 124817.5678058543
285 125538.2022330164
286 126222.1763674352
287 126333.2235757061
288 127303.2754634803
289 127766.4538614858
290 128378.6352249488
291 128864.4557657389
292 129422.9665819919
293 129917.6797908463
294 130646.1168836109
296 130694.7570790578
297 131525.5555417360
298 131706.9924669401
299 131740.5555721502
300 132461.6599164281
301 132727.7373000736
302 133290.2706094952
303 133936.2858544253
304 134791.6119827295
305 134898.4165802517
306 135691.6596914517
307 136383.1777822457
308 136920.9483417356
309 137787.7132054851
310 138778.3606446369
311 139545.3265747694
314 139857.0934222339
315 140301.2960177851
316 140463.7393260486
318 140690.3598744246
320 140813.3777665212
321 141794.2175195884
322 142361.1130869696
323 142418.1026792846
324 143310.1239584118
325 143986.9844100524
327 144855.3476897020
328 145336.4653316862
329 145801.0725507972
330 145915.8615866630
331 146807.0267244587
332 147017.4975376783
333 147898.2771545501
334 148712.5962200561
335 149653.4684792470
336 150029.1770516576
338 150805.8252734476
339 151026.2018775942
340 151907.5182776433
341 152628.4361538164
343 153444.2782421334
344 154144.0699361117
345 155020.6230529816
347 155983.4744914651
348 156328.5835983550
349 156980.9297379094
350 157836.1366735214
351 158064.5453310171
352 158876.0664475238
353 159722.0450075380
354 160341.5096166873
355 160556.3736636164
356 160686.2938632747
357 160893.8989471540
358 161662.4825061033
360 161776.9111950361
361 161868.2816137601
362 162121.2473275049
363 162955.9854356136
364 163570.8588351677
366 163598.4712228023
369 163950.0396977187
371 164668.8847325374
372 165095.0926178889
374 165665.1698867717
375 166142.6507254511
376 167029.9475796419
377 167996.7602318915
378 168114.1691127437
379 168346.7899352656
380 169311.9578227749
381 170242.7180846907
383 171171.2991650522
385 171443.1662088135
386 172075.1498104811
387 172663.5662520599
389 172888.4351829878
390 173738.1094324247
392 173944.6853576191
393 174377.9534759405
394 174641.4759437630
395 175275.5278262444
398 175711.0125537060
399 176028.7229247042
402 177015.3091582445
404 177317.9977907313
407 177996.1876508431
411 178135.7972861414
412 178158.1592579656
413 178197.1183415014
415 178692.4172849261
416 179078.3470353333
418 179793.0235708137
419 180655.9291516908
420 181619.5451327737
422 182590.7973246072
423 183445.3298094539
424 183578.2633802805
425 183747.5707501942
426 184707.9974967659
427 185529.7342792842
428 185896.4694222526
429 186350.9308845576
430 186660.0837241125
433 187445.0726342655
435 187735.2920007957
436 188544.1887041265
437 189416.9754124570
438 189856.5545535399
440 190098.5782917072
441 191095.7155664212
442 191876.2886489046
443 192182.6734118307
444 192813.4522063687
446 193170.9348452511
449 193712.6787033133
450 194290.3716568845
451 194993.8840472819
452 195434.7962714340
454 195763.3701111792
456 196655.2713574982
457 196798.3489480334
458 197149.7955537074
459 197451.3192605054
461 198095.4673583933
462 198814.1043368393
463 199033.2944809851
465 199666.8982871567
467 200178.4275869867
468 200660.7264422292
470 201507.7078133018
471 201921.0952858667
472 202667.2920942339
473 202887.9335796596
474 203878.3349122856
475 204867.3143745709
478 205276.9061037413
479 205561.8852191951
481 206538.5510908514
483 206713.4775727652
487 207590.7271915381
489 207805.9965292263
494 208372.6374227473
495 209021.5914841148
498 209554.2683830733
499 209596.7128511378
502 209954.1306379938
503 210591.9801308285
504 211525.7179804225
505 211775.6252990128
506 212521.7367204531
507 212962.7870024987
512 213949.5662026015
514 214448.8145394241
515 214932.6163067913
516 215788.0805466019
518 216550.5608582464
519 217447.5938436068
522 217475.4636889706
523 217984.3133463323
524 218657.4366768949
525 219505.6223901114
527 219991.5146366160
530 220708.5315156786
531 221048.7332170139
532 221079.1623063777
533 221151.1632764277
535 221895.9497918055
536 222240.2667704560
537 223199.5396543760
538 223939.7775803611
539 224552.8801330615
540 225265.8788102423
542 225729.2461088105
543 226020.6333094108
545 226447.0980683996
547 226861.8948110146
549 226962.5544654447
550 227104.6819905253
551 227366.8680678289
552 228218.9018059606
553 228225.6213522271
556 229000.7129634591
558 229522.4474689063
560 229948.5422743854
563 229970.7940670834
564 230211.8904450313
565 230658.8989734554
566 231434.9687436615
568 231839.2035513800
570 231995.3787707841
571 232920.4987808626
572 233175.5481846453
577 233972.0495166809
578 234766.9434037516
579 235513.2310018604
582 235817.0961473600
585 236779.7985698636
587 237171.8761477024
588 237200.5690705730
589 237827.5915433838
590 238176.7891105183
591 238318.4535208069
593 239302.5295883445
596 239694.3306991894
597 240006.1958967744
598 240673.1048568740
601 241153.9300365215
603 242053.9855557800
604 242943.7442718144
605 243135.2771642144
606 243811.2553371315
609 243870.5888050385
611 244199.9253788326
613 244435.5829182373
615 244981.2639923081
616 245241.3015727740
617 245839.8606101248
619 246707.5829549360
620 247419.9609444093
621 247704.2879896841
623 248686.9246756547
624 249183.4337443343
625 249309.8692855778
626 249428.0204664289
627 249641.0246885283
629 249723.3991637719
630 250509.4878211132
631 250636.9642688177
632 251337.8810186055
633 252312.3463252345
634 252830.5764852303
635 252921.1607987061
637 253659.3048944621
639 254578.7615586191
641 255307.2204277139
645 256229.8946978783
649 257126.9461314087
650 258034.4017836927
651 258399.2881845924
652 258682.1249470267
654 259419.7815660469
655 260001.9921327576
656 260354.1166242791
660 260381.2391354465
662 260434.5697385152
664 260850.9087757656
665 261191.6393886822
666 261366.2073085531
667 262131.6989826913
668 262319.4416791043
669 262475.0181888055
670 263278.3880654056
671 263334.2005201161
672 263943.4158157139
676 263983.6771712621
677 264406.9510951071
678 264628.7594154440
681 265200.4436046040
682 265991.4794619347
683 266554.8963399500
685 267218.9192336625
686 268024.1632929708
687 268863.1785734074
688 268974.3447645828
689 269185.8027685550
691 269957.1542287169
693 270234.2412539077
695 271100.9343971952
699 271469.9411939105
700 272306.2293101478
703 273200.2388525913
706 273796.2822726979
707 274532.5696934256
709 275372.5449391154
710 275475.4556256418
712 275525.3385358869
717 275749.2366218503
719 276497.4427518646
720 277267.6485462728
721 278218.7687663268
723 278499.5017761832
724 279087.6431462541
725 279458.7340332661
727 279985.4109969027
728 280884.1431868264
729 281152.4280454635
731 281868.3748682294
732 282151.6331890089
733 282421.5537855172
735 282914.7275489012
736 283455.0891857648
737 284226.4757684288
738 284375.0499233309
740 284986.5696446241
745 285879.1273636668
747 286839.2016974505
750 287100.6975000539
751 287966.9806209638
755 288206.7751456470
756 288601.3479342490
758 289087.2436461736
761 289551.5064186882
763 289695.4472985868
768 290629.2743329642
769 290833.1270280826
772 291383.5512619598
773 291470.7441394963
775 292008.5485906964
777 292819.5121732973
779 293345.4131363558
781 293362.2386796499
784 293879.2281703154
785 294549.5806066085
786 295347.7667808589
788 295892.2098161994
791 296772.7668996594
792 296970.4218272081
795 297023.6919214450
796 297982.0490000289
797 298235.3362852811
798 298465.7909282715
799 298511.2404516949
801 298556.5511287895
802 299343.1503555676
803 300008.8137889282
804 300305.7005729594
805 300534.5681167225
807 301203.4749049424
809 301725.1523554976
810 302517.0851320946
811 303046.8176358822
814 303543.2546502353
815 303842.5600893492
822 304489.4954606280
824 305318.7239711116
825 306202.0833734351
827 306516.8355560825
829 306790.6080774534
830 307629.9497730140
833 307965.9058966842
835 308470.3005322566
837 308723.9149932811
838 309486.5833359130
839 309608.7988574666
840 309921.0649064293
841 310822.7656618284
842 310900.0461689684
843 311468.8888562085
844 312424.5056790174
846 312778.9889318206
847 313586.4584737697
848 314147.0895126038
849 314272.1499446831
852 314928.1983567973
853 315604.6684875913
855 315615.3693105542
856 316472.0294762351
857 317191.9113757797
859 317539.1571170221
861 317753.7285438064
922 317779.3468365159
923 317860.9703048147
985 317898.4109110229
989 318770.4643187699
1088 318787.2280810829
1090 319046.9447038315
1350 319064.9263841981
1352 319593.6284894127
1524 319596.1208015193
1527 320552.9409004419
1689 320569.6877465275
1690 320827.9558812138
1869 320830.3265298858
1870 321540.5719660821
2148 321556.6055950570
2150 321981.0626056054
2186 321985.9122946345
2188 322401.5563528159
2417 322403.9983393601
2422 322706.6256368675
2716 322719.3594297609
2718 323336.3240386104
3087 323345.6068606254
3088 323961.7243851564
3939 323975.5768183519
3940 324690.8509999327
5367 324702.1696201657
5372 325669.0679458621
100000 325663.8557499488
evaluations raw_y
1 -2260.7728794918
2 -1641.5478836998
3 -1103.1484954259
4 -507.6737019917
5 171.1932065226
6 761.9213333782
7 1726.3267786020
8 1917.3899780839
9 2786.5777322027
10 3566.2422855495
11 3642.1114963400
12 4111.8421415560
13 4498.9257967326
14 4676.9934885147
15 5481.4505538818
16 6029.9860174685
17 6649.1705336668
18 7535.5100712980
19 7600.9624863907
20 7688.5760066783
21 8484.3564025505
22 8929.4286503867
23 9533.9044270780
24 10010.4314177701
25 10793.3642032010
26 10832.9833558872
27 11131.6968347073
28 11820.2628776809
29 12472.6427709348
30 13410.9288980568
31 14220.1155016677
32 14894.9792453355
33 15737.5990972138
34 16152.1295943071
35 16193.0686745821
36 16913.0205534308
37 17420.9786182388
38 17770.8144867012
39 18023.3601741954
40 18948.8820338603
41 19875.8766955630
42 20637.6331246520
44 21355.9298204752
46 21641.2121208526
47 22550.1204066549
48 22701.0893685590
49 22865.9969633204
50 23711.2394697424
51 24654.8862001100
52 24900.2245446269
53 24953.1701629272
54 25437.7761894474
55 25463.8117077118
56 25864.1606906862
57 26100.3204957958
58 26733.0382135466
59 27512.4581870801
60 27811.8584371355
61 28303.4339781014
62 28849.5521652467
63 29274.4558203087
64 29692.7402950372
65 30444.8031196792
66 30978.3828380883
67 31969.5780928895
68 32112.4450102449
69 32891.8257092773
70 33392.9614694789
71 33576.2770614876
72 33785.9829773306
73 33970.0930393532
74 34203.2060134706
75 34906.1692977587
76 35608.0322008644
77 36405.5292549096
78 36989.8296950317
79 37247.0340317457
80 37739.0222579431
81 38126.9364180283
83 38398.0603441440
84 38749.5610984910
85 38857.8339403206
86 39718.3754808404
87 40395.1631261345
88 40540.3033148377
89 40688.9699482217
90 41138.8818757162
91 41466.1898740551
92 42222.0281900031
94 42647.3872769070
95 43376.9043936059
96 43864.8311829037
97 44032.6287921478
98 44518.5379365410
99 44988.6279266727
100 45195.1411484609
101 45564.1648777380
102 45570.5165152949
103 46060.1244000156
104 46609.3833159776
105 47238.4877401796
106 47409.4612472787
107 47893.0453661423
108 48125.9176757051
109 48592.3533864914
110 48980.5488808401
111 49506.3803572454
112 50425.6785700728
113 51297.9200137246
114 51941.2983441200
115 52593.9562763704
116 52651.6295786474
117 52831.0297422344
119 53151.4318419961
120 54065.2131047470
121 54155.7098775352
122 54466.3241432791
123 54629.7697512785
125 55518.6206960953
126 55547.1792606805
127 56111.4890703061
128 56968.5351418373
129 57274.5557109276
130 58134.0831273233
131 58377.7933935586
132 59110.2048962414
133 59704.3516982836
134 60516.6169032750
135 61132.3041043358
136 62028.5811863949
137 62254.0746105891
138 62894.7577279231
139 63227.5819589034
140 63234.3334921508
141 64005.2941587755
142 64128.1533669618
143 64666.1700367775
144 65534.5618648810
145 66120.8287179071
146 67040.8589537564
147 67979.2525419712
148 68377.4248172611
149 68470.7473767660
150 68809.3819249758
151 69206.0511903778
152 69263.7383573624
153 69885.7575683089
154 70687.9246284467
155 71323.4663302920
156 72082.0591977403
157 73020.9254071638
158 73712.6748195632
159 74249.1543088561
160 74857.6795533101
161 74877.1913427167
163 75159.2703424896
164 75287.0504090573
165 75660.6965583272
166 75863.9119193357
167 76239.3273463124
168 76523.3292156189
169 76828.4095859120
170 77010.2721224511
171 77054.1391635683
172 78019.3408254833
173 78520.8325319730
174 79301.1004298576
175 79651.9428777277
176 80396.0305184461
178 80884.6372576096
179 81005.3377188203
180 81101.5024693834
181 81963.9441022567
182 81990.8007776217
183 81993.9768108323
184 82064.6105189035
186 82983.9083445582
187 83703.4499156090
188 84610.4023072475
189 84642.7855007107
190 84675.7805577802
191 85329.1980354593
192 85639.6981602605
193 85776.5881624403
194 86678.6148884683
196 87255.9099775309
197 87288.3807922171
198 88278.9479779628
199 88895.9497890990
200 89568.0407511477
201 89948.7633450324
203 90559.7173327600
204 90576.0113083639
205 91413.6876404773
206 92033.0710130912
207 92580.3009412837
208 92692.1218556230
209 93237.1113618929
210 93904.7671993580
211 94232.7463231512
212 94504.3463907041
213 94992.3054094622
214 95649.9059222498
215 96566.1532238992
216 96626.1867069502
217 97174.9501039660
218 97983.6103696464
219 98949.8139959796
220 99827.3139853566
221 100263.0264442102
222 100361.4582633170
223 100647.0644115332
225 100852.0350659293
226 101524.6863425551
228 102337.1498888411
229 102563.8809588505
230 102866.2640175950
231 103216.7563858690
232 103991.4774183357
233 104391.0405052330
234 105050.2078434270
235 105139.3081842745
236 105248.6740102388
237 105955.3246993022
239 106434.3575258599
240 106518.7334872554
241 107210.9343226438
243 107805.3548064525
244 107922.6858773200
245 108786.7475767898
246 109719.7387869574
247 110186.5083328808
250 111060.7596051403
251 111328.7373720337
252 111959.8543560002
253 112093.1452874994
254 112157.9019839910
255 112607.9207010505
256 113144.8297324409
257 113881.8760770679
258 114729.2701216493
259 115678.5745949134
260 116164.6803916487
261 116542.7266577083
262 116982.7324137469
263 117062.8422770297
264 117417.9806178831
265 117841.9784668991
266 117976.5396297127
267 118424.2369548211
268 118741.6786921624
269 119485.7047970856
271 120414.7108543601
272 120690.0883136794
273 121399.5667831741
274 121925.1694246715
275 122449.1416649192
276 123056.3778628326
277 123536.1102430483
279 124342.3570454455
280 124767.0844702400
281 125378.5894375314
283 125388.1638248471
284 125751.4626489279
285 126233.1756376712
286 127191.2601844494
287 127357.1273350127
288 128227.1440286130
290 128504.6128554195
291 128611.5323405990
294 128914.6299171499
295 129576.3419223408
296 129679.0818103937
297 130517.0290599553
298 131437.7306365200
299 131452.5937896887
300 132268.1626217709
302 132930.2686400847
303 133198.6859496605
304 133291.1016036303
305 133969.5289963911
306 134436.3199491870
308 134482.1577970636
309 135018.7047868266
310 135950.2258888814
311 136044.7427764613
313 136441.7162859317
315 136761.6273333901
316 136818.5007661730
318 137728.1088888109
319 138236.1785920582
321 138285.7491239228
325 138962.6732818029
326 139538.6729549239
327 140005.1423451045
328 140689.3920239274
329 141392.3592348592
330 142141.2248567759
332 142396.8938103968
333 142582.2563659923
334 142860.3146440461
335 143662.3788445499
336 144002.3220034809
337 144493.3634021725
338 145344.0109239301
339 146093.3992626022
340 146321.1220660607
341 146996.5543987051
342 147763.6508036037
343 148092.8375429796
344 148625.3449402179
345 149114.9488142463
346 149818.3405833876
347 149996.5940276975
349 150362.2000889928
350 150419.7724914167
351 151051.9089006099
352 151279.3755743084
353 152239.2452133546
355 152789.8750248772
356 153782.6631558682
357 154746.8055334805
358 155098.5494261143
359 155914.2730267822
360 156631.0668322315
361 156869.7718622895
362 157089.8732578731
363 157301.6305918982
364 157634.4016767402
365 158200.6916784016
367 159014.1570901941
369 159684.6067068836
370 160627.9185387614
371 160902.0299258998
372 161544.7332696825
373 162361.4342310657
374 163328.2727854202
375 164006.5553547163
376 164836.1700866107
378 165792.8129842905
379 166149.7887983193
380 166327.5631877159
381 166775.0133561370
382 167594.5191323051
385 168054.2741928550
386 168114.6866241502
387 168652.7175017890
389 169620.9312475062
390 169906.5144898656
391 169953.9244316292
392 170196.7939348618
393 170809.0414218974
395 171776.3695574125
397 172044.7647407761
400 172304.7095136109
401 172362.8622122156
402 173166.6605425377
403 173255.3200707360
404 174180.0905457920
407 174619.2075986521
408 175392.4606571563
409 175484.1221274912
410 175768.0844240630
411 176222.1697604999
412 176902.7338103532
413 177122.2621436324
414 177482.0628109388
416 177740.5224239092
417 178615.2653926736
420 178974.7898929425
421 179809.7236335854
422 180081.1414869622
423 180340.6600139173
424 180417.6526977876
425 180633.2050440257
426 180680.2092481933
427 181595.0620453264
429 182580.1556760296
430 183451.9722248309
431 184130.5798330016
432 184579.1734583360
433 184842.6807715709
434 184897.0320366583
435 184996.0446400647
438 185045.0599057579
439 185128.0817650754
440 185949.5853706699
441 186909.7186141240
442 187869.8167996775
443 188180.6259259751
444 188961.4229840075
445 189484.8731472347
446 190044.8462309131
447 190190.8671377132
448 190300.4303998957
450 190483.7600139971
451 191134.7277047799
452 191398.0119657061
453 192023.5482246321
457 192871.3347580438
458 193374.5168397603
459 193992.6251922774
461 194043.8331447298
462 194402.9868514365
466 195274.5894245083
467 195968.6369844195
471 196640.5938610199
473 197078.7338811584
474 197249.5517294418
476 197517.3950230053
478 198471.5528237841
479 199298.1913877865
480 200064.9358350381
481 200297.9936108241
483 201095.7155920208
484 201276.8969469141
485 201824.8094441655
486 202324.5357095196
488 202691.1976612833
489 202941.9210254454
491 202957.6692079200
492 203840.1871399255
493 203894.0813970608
496 204051.6428123161
497 204138.9549818984
498 204808.5399513775
500 205525.8882010990
501 206454.7860672525
504 207151.6513146086
506 207977.4930196176
508 208539.8829733898
509 209319.0890530756
510 209984.4534189105
511 210611.0430239098
512 211282.6061392440
514 211822.5379405761
515 212573.8784414306
516 212791.3839032552
517 212864.9702628719
518 213153.4062752311
519 213600.4292560299
520 213935.8480888954
521 214565.0266021351
522 215429.1450699764
524 216076.1973942032
525 216954.7726582637
526 217687.7338984840
527 218390.4099449350
528 218866.3185491687
529 219061.8875505437
530 219198.0699407219
531 219785.0264446274
532 220351.8616229636
533 220749.2963900042
535 220963.6098664404
537 221473.3851906754
539 221769.1245472996
540 221899.2649240815
541 222427.2286446476
545 222896.2386975458
546 223272.6558661115
547 223292.9485431730
551 223511.4048958406
552 224198.1189285453
553 224752.1754964683
554 224780.9368329083
555 225318.6341923850
558 225816.6643982243
559 226463.7535849767
560 226913.3235799536
562 227096.7590941429
563 227673.8284141095
566 228648.2667983317
569 228792.3995420020
570 229112.0029327532
571 229824.3534950787
572 230598.9303560994
573 231117.0364334476
575 232111.9223469464
576 233039.6152923965
578 233513.3637090845
579 234011.2830161041
580 234192.6439101254
582 234394.1455766773
583 234512.2272447709
584 234653.3706323913
585 235330.5682322184
586 235684.6371565645
587 236398.2548542093
588 236490.9636585986
589 237457.8404675054
594 238355.1463135372
598 239257.9245014830
599 239963.3938941831
600 240269.8736060652
601 241141.4826190124
602 241724.1164579225
603 241888.5439619200
604 242769.2978140135
605 242950.8493347332
606 243597.1522461583
607 244450.9850770924
608 244596.0400599221
609 245314.1882028271
610 245604.2367070082
612 245920.4183010743
616 246860.4639238777
617 247166.1889290617
619 247713.7059810301
620 248653.0174984823
621 249134.0574144851
622 249297.4984012805
623 250146.8841456510
630 250604.0785107879
631 251471.1472711762
632 252082.7339573477
634 252297.7743275088
635 252475.4902290133
636 253062.7605155852
638 253771.0284790658
639 254639.4452636694
640 255395.0354561702
641 255540.5871693549
643 256501.9982791118
647 257222.9127564072
648 257325.0436630425
649 257531.9388038001
652 258306.0746263453
653 258404.6697174317
654 258739.8297220153
655 259478.8930481715
656 259541.6510910465
658 260497.6039086356
661 260539.0287795335
662 260983.7216521936
664 261887.0100882785
665 262049.6050495312
671 262688.1437809313
673 262995.0388564086
678 263229.2735461056
680 263519.1566297297
682 264426.3276169702
683 265251.6826495104
684 265314.1820381839
685 265401.6602285100
687 265727.1772220326
690 266699.7144098114
692 267553.1869866142
693 268432.1562285000
694 269180.1733158002
697 269581.3684967267
701 269678.8229159382
705 270397.2638793723
706 271102.2871856878
707 271946.3759005481
708 272218.8419649717
709 272779.7734211365
710 273257.5767604031
712 273353.9726477106
714 273445.7782328020
716 273755.6595891569
718 274328.0378843879
719 274979.3180535660
720 275877.7336553060
721 275981.2540283676
722 276606.4679350539
723 277143.4511385497
726 278015.8539887542
727 278924.9770045701
728 279575.3342472592
729 280068.9825515400
731 280181.8088660006
732 280366.2463997325
734 280770.8556974350
735 280848.5491666063
736 281561.9690206680
737 281912.8940861992
738 282096.5075838101
739 282651.0905817482
740 283558.8095560375
742 284226.9309279597
745 285153.6374286028
748 285493.5282564732
750 286138.7714661979
751 287056.4998220162
755 287856.1350173214
758 288339.7789136467
759 288415.1917281176
760 289255.2141227780
764 289480.7993829892
765 289747.0088396990
767 290382.5992129473
768 290866.6760194579
769 291568.8937431905
770 292286.9760953888
772 293130.8799113883
775 293558.1081419968
776 294083.7773450146
777 294341.3483506545
779 294882.1708661779
780 295117.8867594694
783 295724.6055547683
784 296097.8989511172
786 296897.6261236660
788 297069.1945161456
789 297369.0111041485
790 297827.3429412539
791 298002.1478474806
793 298679.4791597719
794 298767.3078382302
795 299375.9703994293
798 300347.2964613624
799 301149.2026777162
800 301328.8651924051
802 301552.7657066721
804 302377.3199482125
805 303230.4125399825
806 303744.0680286993
808 304389.2888316243
809 304401.6762752823
813 305118.6523280853
814 305130.9384549385
816 305507.5543102481
817 306031.2482183197
818 306861.0606445541
819 306886.1239295100
820 307215.4026465589
822 307240.0085686135
824 308103.3789422013
829 308901.9832959190
830 309626.0308377749
831 310341.4893685269
833 310863.1399347447
834 311685.6748108895
835 312331.0414241416
836 313050.8566537169
837 313179.5721377928
838 313253.8674661446
856 313256.3468315183
858 313510.9829626487
915 313530.5026513178
916 313634.0520822256
1070 313640.3293881345
1072 313798.4746244565
1079 313813.4909912966
1081 314230.1364234179
1301 314244.6634038847
1302 314363.0606786817
1327 314363.5807508815
1328 314979.7956015684
1720 314990.5083475814
1723 315354.9692924018
1882 315378.5616186025
1883 315404.6678029264
2417 315413.8111536308
2418 316115.4224712446
5680 316129.5244150262
5682 316510.3464567286
100000 315968.5700029227
evaluations raw_y
1 -2403.9255651790
2 -2258.6065636476
3 -2148.7888623860
4 -1796.9458107801
5 -1270.0539806131
6 -1171.2388007707
7 -277.7947460603
8 190.7699316901
9 1169.0491670187
10 2159.7660852840
11 2933.5097774722
12 3033.5734596634
13 3970.3921208209
14 4388.7104781912
15 5206.9595596299
16 5713.2566299347
17 6285.0607179788
18 6908.3413487365
19 7485.2689096797
20 7792.7114223233
21 8661.6463865530
22 9197.4249731486
23 9261.4675487463
24 10006.4973130806
25 10587.1981831308
26 11232.9072674638
27 11770.1992793458
28 12589.1987252116
29 13309.1571297902
30 13720.2151486160
31 14119.2837052250
32 14603.3938690590
33 14846.2508177598
34 15466.9202185247
35 16285.0768984658
37 16395.6195130446
38 17266.4097541846
39 17617.9051542061
40 18278.2586742723
41 18908.9782738176
42 19475.6623122469
43 20382.3817553820
44 20592.1787673584
45 21414.8836806444
46 21632.5482957528
47 22579.1816833906
48 23213.4600370674
49 23520.0230357931
50 23880.2323095743
51 24761.6801736696
52 25362.4178196168
53 25684.7140425062
54 25685.1748943223
55 26206.3829552531
56 26665.2110549969
57 27247.3863003457
58 27691.3086411742
59 28529.2382825317
60 28682.9004391385
61 29498.4719882269
62 29564.8389352535
63 30200.8492869027
64 31020.6933104473
66 31605.4484892475
67 32418.1714368710
68 32639.9580415078
69 33255.3839902408
71 33948.9781530423
72 34278.4650137183
73 34627.5038161957
74 35482.5170556623
75 35797.7318171317
76 36691.9074785281
77 37673.8843330288
78 38246.8522775318
79 39107.4023893248
80 39599.3515230201
81 39971.3639681540
82 40003.9930036677
83 40075.8554308102
84 40203.6710446999
85 41085.1392899744
86 41737.8032191091
87 42357.6701901657
88 42577.3666609385
89 42871.3002223694
91 43029.3485020030
92 43115.3699462169
93 43394.7389567134
94 44014.3784370840
95 44855.9065240018
96 45573.6334925184
97 45781.3033889675
98 45936.7368104505
100 46108.7419710810
101 46893.1602130337
102 47833.9449356499
103 48763.7462618291
104 49308.5529288563
105 49625.7546500583
106 50539.0719549002
107 51015.1018152857
109 51601.6496337620
110 51837.1400177841
111 52086.9313202235
112 52486.9538651897
113 52990.7905554195
115 53101.2245009280
116 53288.7676280665
117 54240.1039315249
118 54908.5628947313
119 55091.0318121852
120 55151.3855412256
121 55789.4241998675
122 55826.8490650835
123 56565.0023007483
124 56627.8066100107
125 57443.2446943221
126 58014.6048990040
127 58077.3807907844
128 58843.0213857007
129 59184.6263560666
130 59570.8644730597
131 59845.5830122802
132 60378.5629398830
133 60618.5252919379
134 61314.7925993248
135 62163.2449577363
136 62176.2333936383
137 62709.9589314717
138 63462.6068714441
139 63990.7160800539
140 64420.5539019978
141 64718.5135795563
142 65581.9520302676
143 65611.0276575707
144 65660.8021775729
145 66537.4115021133
146 66631.0098479680
147 67610.0487225508
148 67923.1586702209
150 68507.6590953148
151 69333.3771392368
152 69395.6599772159
153 69731.9502799804
154 69956.8906475808
155 70922.2124331972
156 71808.5334462034
157 71852.1313877202
158 72777.0542650465
159 73397.2749812727
160 73938.9261110799
161 74356.5978011571
162 74989.1827581208
163 75377.1348893046
165 75806.1971531561
166 76527.5859621371
167 76831.9084876640
169 77452.8085329716
170 78168.7666814228
171 78911.6710768727
172 79791.8905883555
173 79955.3088880702
174 80838.7775449834
175 80840.7004788309
177 81430.2155879219
178 81532.6906520405
179 82410.6200051121
180 82956.9737510133
181 83725.5229023142
182 84147.3149024930
183 85122.7772060758
184 85439.6523521143
185 85791.7771449958
186 85880.2027228705
187 85935.3317920025
188 86228.0993775224
189 87085.2379588986
190 87224.9145363707
192 88104.6026413330
193 88875.1561920898
195 89365.8735254498
196 89651.4078111548
197 89859.1842331424
198 90797.6630307109
200 91571.0341478125
201 92534.9958459714
202 92633.3018601395
203 93510.9841254568
204 93700.5004766999
205 94098.2509192217
207 95021.6611166040
208 95331.8065498244
209 96016.6408462555
210 96874.5935835316
211 97375.7659652805
212 97759.2917674745
215 98370.9051167448
216 99349.6291882762
217 99840.8239706323
218 99956.5466847232
220 100846.5844942219
221 101405.7563407893
223 101886.2070274469
225 102780.1964030264
226 102788.2879956328
227 103058.9675869051
228 103482.8790317784
229 104253.3515452355
231 105037.3601376964
232 105369.5483164908
233 106209.2455463184
234 106267.1777724853
235 106911.3712013541
236 107600.5635726575
237 107761.0594949364
238 108500.6431879631
239 108532.1982597631
241 108652.5102971647
244 108845.4389736525
245 109114.1723786663
246 109672.4844849883
247 109710.6341585951
248 109797.5616404331
250 110476.4697774135
251 110964.7892423165
252 111116.4990096190
254 111682.3403422428
255 112301.5521982441
257 112522.8209419625
258 112682.9128436674
259 113583.7288728762
260 113847.9436556198
263 114301.0623462015
264 114869.0626343446
266 115289.1162711586
267 115634.2011915209
268 116076.1859568593
271 116890.1492008523
273 117742.7652521722
274 118394.7211334111
275 118573.8489696164
276 118841.8629795477
277 118913.2593936825
278 119780.2187880339
279 120043.9372430275
280 120550.0743908342
282 120825.3489865059
284 120952.6129403413
285 120953.4696751966
287 121052.9326411745
288 121312.8583916711
289 121556.2623055967
290 122457.4840825824
291 122934.9933753823
293 123083.8355437419
294 123162.3404494524
295 123437.7143858367
296 123795.9566850691
297 124403.8924524576
298 125261.5335586761
299 126116.0730147781
301 126583.5038744983
302 127420.4016108491
303 127662.5111346687
304 127728.7552382913
305 128124.6907347365
306 128227.4718842220
308 128420.6013769768
310 129150.7455553270
311 129379.9004473372
312 129870.3642324686
313 130543.2870992829
314 131153.1348097637
315 131869.2306285418
316 131933.8471309442
317 132149.8831552638
318 132969.8712826436
319 133117.2438152260
320 133724.1097321257
321 134507.4966840001
322 134556.6966118862
323 134992.6175327289
324 135145.4124542393
325 135147.4358392463
326 135913.2587702809
328 136561.5657111985
330 136978.2446054193
331 137145.8075363342
332 137696.4608863564
333 138677.3317700484
334 139338.0844382255
335 140184.7254245589
336 140845.3322734486
337 140937.4838050875
339 141736.2471763124
340 142285.1735192653
342 142401.8926376071
343 143111.5674920939
344 143635.4345404096
345 144138.3196179107
346 144492.5766092867
347 144778.9300059777
348 145553.0995063589
349 146255.9213687088
350 146557.1103753511
351 146927.0091579214
352 147598.4879548757
353 148180.2201658381
354 148836.1308900285
355 149821.7403857623
356 150670.9932533583
357 151140.3688332783
359 151635.0177558687
361 152086.6277203819
362 152679.9913490335
363 153017.8124083393
364 153735.5919026573
366 154731.3170713991
367 155679.7301647443
368 156219.5505375106
370 156768.1477847347
372 157676.8711808767
373 157930.0727597774
374 158737.8330712978
375 158782.9873032464
378 159479.9595022887
380 160212.7416038481
382 160457.8679768761
384 160968.8246935792
385 161643.7657143731
386 162016.4328399760
389 162091.9352477015
390 162575.0022817978
391 163535.5523161858
392 164390.0143387050
393 165003.5180307557
394 165758.1764893504
395 166507.0057453757
397 166513.4022427567
398 166800.6735844690
399 167210.7083138446
401 168139.7204962770
402 168688.5861989412
403 169678.4694705135
404 170457.2876586803
405 170739.3188284049
406 170899.4809938814
409 171454.4535248251
411 171676.0848079078
412 171941.6606573983
414 172072.8178272869
415 172792.0396145780
416 173630.2546547677
418 174304.0852506479
419 175081.6915014472
420 175319.8053227119
422 176307.5000765031
423 177156.3334420748
424 177609.7892183839
425 177989.2031287712
426 178022.4286518008
429 178771.7570824569
431 179471.7357438053
435 180133.0802518088
436 181057.8426485120
437 181191.7098420277
438 181555.1144276836
441 181845.8975548612
442 182309.1825325185
444 182731.9122136328
445 183282.6686384789
446 183369.1426739225
448 183515.7217357423
449 183619.3652174275
450 184233.4362554063
451 184456.3485879364
454 184601.5098317916
456 184849.5958142017
457 185392.5082636381
458 185666.5848266188
459 186517.0028651512
461 187082.9262222020
462 187277.6998171216
463 187317.3018985733
464 187581.5640235025
465 187939.2016761308
466 188760.4701336405
467 189188.9770692644
468 189901.5596233692
469 190378.1061091524
471 190653.4319526910
472 191297.9511022805
473 191429.7077741674
474 191781.3948567256
475 191886.2779029444
476 192233.3944973667
477 193020.3770819897
478 193485.3723480994
479 194399.2754968547
480 194650.7954227653
484 194875.6847804507
486 195524.1032898463
487 195579.3468429693
490 195811.8379905013
492 196782.1842722825
493 197548.0820237359
495 197811.1003725930
496 198182.2840494481
499 198863.0774809962
500 199513.7165693768
501 200034.2601823678
503 200714.7277756519
505 201384.7082422475
507 201540.6023421478
508 202381.9851697225
510 202678.9834718583
511 203066.5789462446
512 203231.2830402335
516 204097.4965026879
518 204433.3459759259
521 205141.8279620936
522 205729.6824068626
523 205980.4982650713
524 206817.9228875128
526 207411.8583197572
527 208082.0796183184
528 208929.7573503749
529 209660.3714931369
530 210587.6610131143
533 211166.9786474570
534 211909.8546549924
535 211994.3455675283
536 212844.8965309203
537 213288.4914000624
538 213769.9812601304
539 214051.4834327888
540 214897.7627137792
541 215013.4853642307
543 215354.5590731845
544 215497.1474289084
545 215740.1910276447
547 215862.4702477722
548 216713.7841541196
551 217050.4649167237
552 217209.0506285632
553 217513.5399317873
555 218422.2330871889
557 219114.6718653190
558 219354.6048824346
559 219406.3239266966
561 219738.8600472372
563 219981.0421719199
564 220351.7690677620
565 220801.2366926692
567 221299.4989593082
568 221535.4228996438
569 221783.7977320286
570 222112.6925193232
574 223030.4358494396
575 223141.8728070676
576 223846.0288154403
579 223973.0805420675
581 224299.1276447163
582 224653.7338625531
583 224721.9115316667
585 225380.8459684133
587 225739.7882738317
588 226185.1030634149
589 227120.9270329146
590 227755.5582022096
591 228291.1195753239
592 228503.6493526962
594 229477.9206394301
597 229993.8273653059
598 230769.4875259365
599 231409.8931699911
600 232057.4251611158
603 232108.7985421054
604 232238.2407409985
606 233222.7225193220
609 233698.2203029521
610 234178.8840187223
613 235010.7569454592
614 235828.5706518855
617 235876.5239758559
618 236066.4855766215
619 236069.4234521622
620 236520.8627739240
621 236622.5005548846
627 237437.1898366034
628 237993.2866386982
629 238299.8698743888
630 238446.6500490945
631 239329.0074858695
634 239593.2643784309
636 240400.7540348803
637 240413.2694586335
639 241043.5263754669
640 241785.6816146369
642 242538.5435873879
643 242798.5742317814
644 243087.5005972034
645 243885.4108139244
646 244681.3544953756
648 244814.5079091099
649 245490.6428445244
650 245763.8608746741
651 246320.9066271426
652 246403.8796713244
655 246778.0847942006
657 247112.2142872551
659 247996.3119492736
660 248491.6746676991
663 248965.3446550341
664 248991.1403227955
666 249338.6241473840
669 250287.3090223299
670 250896.9425366296
673 251171.1002413102
674 251693.6333221328
676 252034.3015715062
677 252709.8543358302
679 252965.3267903960
680 253639.3642564969
682 254592.5577579315
685 254605.6068968202
686 254918.7490558985
687 255826.9577151798
689 256495.3183391007
690 257249.3749492217
691 257584.9704419906
692 258251.3868143124
693 258946.9690058898
694 259140.9070956956
695 259874.2889727877
699 260631.4000922120
701 260975.5836645622
702 261727.2976933413
703 261865.4992339947
704 261881.0809224571
705 262516.7632583663
706 263210.1790896462
708 263424.6822783927
709 263702.4169270731
711 263946.3167975782
714 264509.2713073968
716 265172.9036792732
717 265205.5646730216
719 265222.6065183284
721 265226.6796692788
723 265898.5582907784
726 265982.5616549644
728 266757.8792497853
729 267038.5080993506
730 267109.5790208260
732 267137.8175149740
733 267538.1254336926
734 267989.0006410670
737 268948.8724250109
738 269736.8315515727
743 269972.6789084842
744 270062.5841335549
745 270677.2732057091
746 270884.9797410145
748 271406.7160080207
749 272083.1390160839
750 272370.0123665915
751 273276.7485753490
752 274099.4049445236
753 274705.0200649315
754 275139.7961325844
755 275444.4934513791
757 276285.7405458814
758 276911.3589155609
761 277045.1746643918
762 277087.6921326511
763 277574.0158607488
765 278151.7658404646
766 278375.0910015598
767 278666.6755085287
773 278843.4671464111
774 279617.7438453893
776 279888.6626384177
777 280250.3019609181
778 281010.6278413543
779 281305.4086210500
780 282268.1435748156
781 282604.1790432547
782 283497.1049224628
783 283690.6431162399
786 284636.3031775109
787 285212.1637307917
789 285942.1524248996
790 286479.0571816775
791 287055.5971557189
792 287873.8999301797
794 287879.8295883278
797 287988.1471957109
799 288369.6830549976
802 288426.2372334310
803 288683.3918181870
805 288716.1863213771
806 289091.3314341186
809 289156.9766527894
811 289624.9860308847
812 290507.1520197729
813 291177.3910392877
816 291664.0764499563
817 292465.1798542580
818 292515.9919515469
819 292768.0537809858
822 293268.1399791843
823 294144.4935261989
824 294938.4615889028
826 295854.8215041441
828 296611.8461813562
829 297346.7273390159
830 298137.4248561688
832 298887.1933830322
833 299043.2272253351
835 299429.9490598093
837 299580.0434920268
838 300101.4604929505
839 300372.6251906786
840 300671.7283989341
841 300961.5398536120
842 301296.4325823055
843 301960.3426474005
847 302127.7226120505
849 302520.9033515185
850 303423.6332923170
851 303677.5833353900
852 304513.6996845916
853 304658.8834515480
856 305485.9874932403
857 306421.2777905334
858 307104.0446302179
904 307114.0342647255
909 307796.2942579672
968 307804.0280369773
969 308719.0942990031
971 308733.9561792699
973 308768.2038039920
975 309650.6700568698
977 310159.9016219856
1003 310166.4528940644
1004 310426.1189752414
1139 310427.0694198012
1142 311091.2326816681
1186 311092.4259283554
1190 311200.6366684779
1373 311213.2957496771
1374 311557.5788051549
1516 311566.5204035051
1518 311600.1088639424
2310 311631.9445970832
2314 312133.7602905445
2520 312168.3326481698
2521 313090.1654780198
2539 313113.4539075816
2540 313359.9628558656
100000 312592.9076924230
