evaluations raw_y
1 -2130882.0000000005
4 -2119784.0000000005
8 -2115786.0000000005
10 -2106767.0000000005
20 -2096621.0000000005
29 -2094666.0000000005
34 -2092690.0000000005
43 -2091683.0000000005
45 -2081575.0000000005
54 303848.1192747357
72 306313.5288489995
93 307220.3911403714
111 308682.0799859570
113 312290.9234806929
130 312314.5317982329
142 316624.8661779842
200 317434.4449742332
225 317528.0588350218
246 318021.6930246919
249 318164.3871540266
275 318899.1910311635
297 319020.2203168900
302 320525.6614905274
353 320871.2455062229
395 321304.0613140288
398 321521.4244510210
414 322055.3523144043
441 322061.1683415804
449 322365.9976967294
458 323104.9570011637
494 323208.6176685723
510 324005.3854932627
529 324349.5287607323
561 324850.4430719155
582 325010.4505481981
583 325058.5687572933
603 325232.6760735846
613 325493.4997327848
618 325743.3096117961
624 326310.8014219324
641 327026.9122797071
657 327755.6781236519
700 328116.7390971521
705 328167.9133883101
745 328366.4674604213
746 328830.8900210256
812 328869.9563292486
814 329474.8479621242
891 329475.3894593642
899 329726.3300459628
906 330188.0323266400
916 330489.1942107222
946 330722.2139693787
963 330772.2287660365
986 331012.5806942624
1003 332189.9327250684
1045 332570.0451494090
1110 332693.8934098162
1111 332965.5320470707
1122 333081.0736485339
1139 333321.6597588197
1155 333326.9173907270
1165 333740.9833586741
1183 334225.2860075692
1245 334404.4418075781
1257 334505.9967829331
1260 335017.3341913477
1281 335443.9362571641
1284 336383.7561626072
1305 336490.7633465380
1347 336735.2695237921
1350 336809.3966132852
1368 336914.3787574803
1370 337204.2507073508
1398 337747.0413742440
1424 337831.3840991264
1440 338358.1668715808
1464 338584.4680189787
1477 338729.3184979194
1481 339040.8131515497
1485 339180.5747224148
1516 339196.0225003650
1521 339567.1610985606
1529 339638.2853281706
1535 339678.1408755938
1540 339997.4786762764
1562 340150.7341074166
1574 340255.6681040578
1586 340316.4070313728
1625 340465.4405466468
1664 340697.7312613102
1678 341483.6523643149
1707 341602.6837869470
1723 341783.2682080925
1748 341934.4525141154
1754 342190.7119614303
1761 342198.6250363453
1765 342582.7166857091
1773 342651.1051141864
1791 342699.4588498480
1795 343187.8612704086
1811 343234.6067824159
1846 343723.0029313563
1896 344237.6949138773
1912 345114.9036625182
1921 345168.3989257733
1930 345309.7505754764
1942 345486.6104634585
1961 346188.9461865500
1986 346331.2373995390
1987 346422.2529750854
2004 346471.7190317233
2006 346556.0945799060
2017 346865.1788001888
2044 346941.5743328379
2052 347045.0552616405
2059 347684.8762895315
2108 347783.0617396095
2113 348248.2658974358
2161 348981.7146600065
2187 349086.5340299213
2235 349380.9866142215
2236 350026.6380247470
2266 350177.4065843039
2272 350477.6739237017
2309 351242.1319855428
2315 351449.5517784192
2346 351638.0993931219
2348 351738.9098719398
2409 352151.7645831298
2440 352401.9656373792
2443 352527.7116500888
2445 352629.8859832717
2456 352992.5333272539
2466 353563.4405796768
2537 354185.3177915848
2592 354411.5008330065
2672 354653.7044137456
2688 354932.6016360870
2708 355211.1550072331
2727 355225.3927650827
2743 355283.6711893862
2746 355432.9905831408
2750 356013.7630574671
2814 356195.3851411967
2823 356216.1995287284
2869 356803.0686291345
2885 356995.7973673922
2895 357366.5289638087
2910 358711.1147927002
2930 358795.7224319225
2942 358908.6073074628
2981 359025.4282256274
2992 359294.2463507651
2998 359333.1507214538
3004 360611.5574030150
3114 360754.9894788077
3123 360876.8802339585
3142 361114.1343373323
3191 361517.0791751166
3242 361573.1405692105
3253 361650.2774082548
3283 361733.7332705002
3288 361978.0552086171
3309 362369.0089455763
3314 362477.9337307518
3342 362969.2692118641
3407 363331.6378584255
3408 363479.2214124303
3420 364484.1208569698
3469 364742.0316304484
3503 365139.6639208563
3515 365532.5884522623
3547 365838.3771032657
3558 366086.3871345856
3595 366101.8695838962
3608 366188.0743582021
3613 366655.6234678503
3656 366714.6442901713
3682 366918.6880059534
3685 367269.7412201134
3693 367428.4622539780
3715 367621.5499185923
3725 367699.8832984727
3757 367957.1647124548
3761 368395.1719584148
3769 368562.0462340953
3791 368985.0741446890
3806 369027.3787684357
3856 369548.3872081522
3870 369978.8349553336
3894 369981.9843784407
3921 370059.4375608321
3954 370244.9915877613
3993 370728.5062711508
4017 371132.6577710553
4046 371707.8992286879
4085 371712.3523015445
4143 371763.2915385128
4145 371930.2662944416
4163 371944.2827300184
4171 372024.7973713235
4205 372242.6030276202
4252 372369.7733653735
4261 372723.1839401286
4296 372771.6776029946
4326 373055.6590849409
4350 373125.0544098233
4379 373468.4966662428
4387 373935.3899334648
4417 374471.3146467423
4435 374924.1749754521
4500 375222.9936573771
4511 375432.8588709424
4517 375448.8242993365
4553 375941.9550892969
4582 376002.1035018694
4594 376219.9744403450
4621 376445.8011345166
4641 376465.8401222671
4654 377076.7844050999
4727 377474.0155547589
4759 377486.3516924437
4769 377528.9287442932
4777 377560.8221944126
4780 377850.6384330713
4801 378367.9988573070
4837 378715.1401617924
4845 379016.9333983136
4875 379302.4956124721
4944 379871.1805557676
4964 380857.1852233839
5026 381285.3305702211
5054 381344.0787168089
5113 381720.3853916930
5160 381802.0184685682
5170 381945.2990241045
5186 382273.4606284608
5216 382569.3651568381
5277 383539.0892328309
5321 383656.3519612334
5327 383668.0140746408
5351 384233.7097062155
5412 384746.9948973779
5435 384781.3290595181
5445 385047.1620081386
5476 385541.4432478234
5523 386006.0934447771
5571 386427.3364231691
5603 386580.0571747763
5677 386719.1932373569
5685 386889.3037283767
5709 386982.1340712336
5741 387188.8178312865
5751 387706.3708884430
5763 388011.6449119769
5806 388653.9243181848
5822 389147.8225497223
5866 389227.8244814679
5868 389270.4250642216
5877 389364.3271467094
5914 389427.1347535362
5929 389495.5623663943
5967 389715.0540267753
6001 390006.1450643187
6051 390173.2131874018
6141 390390.6615697995
6252 390397.8157299158
6263 390528.8302678507
6290 390844.4622000181
6301 391063.4324117129
6343 391122.5758178213
6368 391124.0435714886
6376 391458.6715370003
6440 391818.4343580957
6442 392100.8007763619
6517 392352.4291584574
6603 392457.8046888213
6626 392561.4129772790
6683 392801.5291488217
6704 392827.4742937485
6728 392909.6925275621
6777 393109.1310905119
6813 393255.7982239031
6822 393385.3892033001
6832 393923.4225011258
6873 393944.7355743463
6915 394349.1978477948
6922 394607.9720077862
7015 394838.3023184640
7061 395138.8347421006
7062 395869.2619779430
7126 395909.1314685154
7139 395936.5388539766
7149 396053.7874260320
7174 396420.2673473331
7184 396740.9783267166
7232 397521.6143670375
7325 397888.7317387227
7355 397997.4350683956
7404 398246.4841645779
7414 398391.1579105058
7432 398484.8626051101
7462 398571.8253631406
7467 398722.7680920169
7531 398827.2582587234
7556 398835.6626656057
7596 398979.5503692174
7666 399016.4786970365
7683 399119.6094003741
7733 399849.8728683792
7797 399940.5477279912
7829 399989.9328505771
7836 400199.9495287325
7847 400337.7003425633
7854 400339.6092347059
7870 400384.0805676613
7988 400519.1522212728
8004 401038.0497573898
8024 401145.8965378180
8117 401404.0895642779
8125 401610.7807043121
8158 401903.4285195487
8229 401960.6162932844
8242 402083.8924901582
8244 402315.7657431276
8276 402599.9381831271
8280 402603.3402503569
8305 402781.5035387070
8310 403266.5562784594
8345 403329.0503073997
8393 403576.8609737714
8433 403696.2412597629
8487 403914.5351367209
8504 404072.9011597481
8541 404535.3411793351
8638 405036.5371563768
8655 405557.0292238666
8734 405866.8158958940
8740 406019.0115915248
8751 406514.3861766916
8805 406778.5765946842
8832 406782.2472378130
8866 406897.3521145568
8888 406965.2122517515
8943 407066.7899673791
8986 407249.7550004817
9012 407695.0644478286
9072 408104.6241180692
9118 408377.3011951784
9137 408394.1280046453
9138 408855.4553436969
9179 408865.5667873342
9195 409278.9236957026
9221 409575.4143629795
9261 409900.9756541247
9306 410054.5773083291
9326 410203.1263992328
9343 410223.1826883705
9344 410304.7786852799
9388 410661.6789336761
9416 410787.1744252910
9433 410792.7936031307
9453 410911.0179818876
9455 410969.4094126874
9458 411061.1640142432
9497 411180.1595849966
9520 411244.5953002148
9532 411839.1504043383
9562 411913.2558905968
9577 412308.3056900072
9648 412509.0382112698
9671 412635.5352272360
9676 413343.9287298851
9691 413377.9361775165
9749 413810.2676023877
9817 413844.3316113820
9864 414026.5748146309
9883 414051.9241242792
9888 414306.3231532262
9924 414439.0933559745
9930 414522.7242985218
9951 414525.2187050521
9966 414607.6614746049
9977 414618.3322167128
10000 414281.4176294465
evaluations raw_y
1 -2142886.0000000005
3 -2133839.0000000005
5 -2130938.0000000005
6 -2127857.0000000005
10 -2124796.0000000005
20 -2102704.0000000005
34 -2092721.0000000005
49 -2080651.0000000005
53 -2074696.0000000005
61 -2074639.0000000005
68 -2072683.0000000005
76 298778.1524334698
84 298984.9916775713
85 305044.1167349083
133 306495.9255892094
161 307292.0375244461
180 308332.8119921405
181 308933.3252897456
201 310044.7498240451
218 310454.9358389372
229 310639.9123070871
254 311926.8099310266
267 313008.5235333302
294 314081.6853511764
325 314629.7773866016
344 315053.7633456272
357 315377.8476051406
360 315529.2587367119
371 315585.9652052277
376 315661.8321590596
378 315924.1325769094
382 316442.8935833306
409 316513.4368965403
410 316535.3018533332
423 316548.7953249254
427 316957.7560843805
445 317142.5090389876
446 317280.6407976960
449 317323.4072857476
461 317980.5486847242
478 318273.6377106193
538 318406.7472522001
549 318535.5611704532
551 318633.5068177754
561 318750.4956636745
572 318833.2017177055
590 319391.0243354862
688 320116.2039736228
726 320228.7310094940
739 320671.6315709134
758 320914.0251469023
768 320921.6776253375
770 321396.8205667255
790 321547.1962800417
825 322001.8213439362
860 322086.7604476264
870 322165.5449959444
884 322354.3679244330
886 322501.7616620520
899 322587.9105438018
916 322589.7342593388
946 322655.8673526256
961 323251.1989678264
984 323251.2969902112
1005 323656.8504305008
1022 323930.7580328056
1043 324203.1464565115
1080 324545.8918043991
1092 325165.1756689111
1143 325520.2612352366
1223 326360.7474634855
1340 327031.0056871005
1348 327717.4084338621
1394 328027.8220989154
1443 328575.1260990207
1479 329043.2498078535
1523 329237.1553606892
1526 329264.3011805193
1557 329520.5967170038
1605 329813.3818041516
1607 330081.5674355337
1623 330297.2226648215
1634 330658.8818355906
1654 331526.2630677127
1662 332377.7948581278
1735 332421.4140927356
1755 332543.9925819249
1756 332711.8281442104
1761 333361.6304627024
1767 334063.7800594768
1822 334079.7328241624
1830 334406.1181054814
1834 334632.0907521797
1868 335121.2769627371
1878 335169.7434068964
1899 335283.6565069340
1913 335415.1609542519
1926 335463.7994519810
1944 335586.3008284006
1946 336163.5605131267
2013 336289.4714744825
2025 336568.2266390158
2062 336883.5330861433
2116 337197.8178688764
2145 337198.4090657905
2154 337423.0910193196
2181 338084.8031536613
2247 338432.4557585865
2281 338619.4555043778
2287 338823.3248543764
2305 339146.5628813365
2320 339170.9751851861
2354 339514.4543862781
2374 339907.7288040287
2401 339911.2585679044
2412 340234.2412375660
2433 340259.8529291239
2446 340975.2793312712
2491 341280.2944321057
2508 341718.7437159833
2531 341776.1205839734
2533 341888.6256517645
2549 341905.7984753645
2569 343276.4477260848
2654 343503.1173413028
2670 343672.6031498802
2699 343675.1405114154
2714 344072.5521142511
2715 344166.2546858888
2722 344394.4277280492
2784 344895.2597302183
2830 345152.0766844307
2843 345213.5782372265
2864 345461.0036746588
2868 345565.5458520350
2908 345872.4941224091
2924 345942.4062447990
2929 346320.8743344154
2964 346651.0498584873
2982 346844.6814758535
3015 347323.9470332660
3077 347821.3989397752
3137 347850.5899502360
3142 348206.1460037879
3149 348241.4778886041
3158 348494.5727566728
3162 348646.6369653376
3200 348661.7451588421
3216 349253.7328903601
3218 349370.5164051770
3265 349592.5359674820
3314 349977.6170890653
3357 350163.0612055364
3383 350267.4382545202
3397 350384.2865998681
3399 350468.7878616759
3401 350644.8804613177
3408 351052.7174170412
3455 351161.8909334982
3488 351302.6110445793
3494 351846.4401097207
3528 351907.2546504885
3552 352101.5988307308
3567 352102.0441966335
3578 352615.5096598516
3586 352684.7050026234
3600 352697.2009144636
3602 353406.7691861572
3675 353758.1721240737
3727 353918.9462983892
3741 354021.8645505359
3761 354212.8805354477
3794 354407.8113260393
3827 355049.1631647016
3844 355663.8935200344
3936 355853.8598153665
3979 355940.9786502568
4023 356820.2962722732
4106 356894.0352059476
4127 357033.4211520295
4182 357267.3929509759
4187 357590.3651967229
4217 357635.4458534643
4221 357765.0019882740
4249 357816.1702616684
4287 358384.0297010048
4318 358732.8554439686
4321 359000.4225078694
4373 359317.1287608291
4429 359450.8095979933
4431 359678.7528642245
4492 359714.3764785483
4519 360058.7638383450
4561 360214.4664602220
4570 360497.0233130878
4627 360597.0228688085
4641 360713.6946618296
4642 360856.2592657518
4645 361269.1552448608
4659 361534.7444756951
4671 361743.7076307298
4700 362160.2927060903
4706 362208.5713830543
4730 362419.2539876791
4734 362820.1407872292
4751 362958.4617350192
4770 363988.1224720154
4814 364402.7912381465
4854 364549.7358049367
4861 365046.2515813094
4890 365280.2824905628
4891 365423.4514450827
4905 365776.4587179497
4908 366082.1558828469
4946 366698.5146050284
4988 367254.6989351567
5039 367352.1070333822
5041 367596.1085425717
5044 367928.9892330738
5091 368200.7960177436
5103 368650.4737456933
5144 368738.3047630951
5148 369337.0049531822
5184 369445.8194628110
5221 369676.1866909447
5225 370218.8968973327
5284 370375.3930251538
5290 370708.8754489372
5331 371280.4161470949
5349 371333.5979703545
5377 371387.7786188044
5384 371489.3430716856
5387 372190.6327403117
5437 372495.6402982053
5464 372609.3382595099
5483 372640.3775695496
5506 372778.7183321508
5528 372935.8970578760
5554 373181.1363294600
5565 373762.5908893956
5607 374150.2986772357
5680 374401.4474699029
5719 374756.7279080306
5728 374883.2896598703
5763 375102.1796438353
5768 375118.6763995162
5778 375618.3713261411
5787 376186.7592335771
5819 376198.3542180873
5846 376237.0005274175
5891 376293.9341994351
5895 376397.8561973619
5910 376602.9527730944
5967 376654.4380882647
6020 377330.0841211580
6032 377584.4806243250
6068 378072.7319593352
6096 378487.1768264098
6145 378999.2769107670
6195 379123.9182531602
6197 379273.2789825437
6204 379339.5720486731
6210 379342.1486214272
6220 379407.1302180818
6227 379685.9170784478
6249 379853.3989080199
6273 379988.2228981858
6303 380500.5063138827
6312 380600.1848560700
6339 380659.3445974547
6360 380712.4669580196
6397 380749.3771847828
6407 380924.7439929681
6412 381362.3708220308
6506 382171.5510010222
6521 382379.4531341409
6580 383420.0034927795
6607 383774.0515948733
6645 383847.2110842351
6715 384262.5742929053
6767 384470.7491887748
6810 384710.0179490942
6814 384991.3139237699
6852 385391.6209228933
6928 386816.8013928776
7008 387053.6010914626
7098 387056.7749568697
7101 387136.6296999707
7113 387474.8158030253
7126 387496.8375901778
7169 387881.2444326414
7177 387892.1867264312
7181 388007.3971761639
7221 388450.7971908713
7256 388604.6249250812
7258 388776.8890617196
7272 389041.7031655607
7325 389103.5016440139
7364 389552.9022836406
7384 389786.5817218922
7421 389917.8057123545
7451 389942.1726870358
7494 390325.1622976167
7500 390346.5281886497
7516 390374.1196385358
7518 390511.9553145459
7547 390585.7333979356
7550 390840.1409157966
7621 391010.1802056727
7646 391308.1319370421
7665 391433.3932953649
7714 391758.6943231449
7784 392070.3950477953
7833 392078.5672893816
7848 392150.2740399778
7885 392224.6375417624
7911 392451.1546465362
7917 392602.9789495032
7925 392779.3012176976
7946 393071.7566046813
7991 393115.4397036525
8006 393668.1249673353
8053 393866.0420504151
8058 393891.3267660625
8102 393961.1783866880
8150 394798.9284654266
8202 394849.4142646962
8222 394905.5777498129
8255 395482.8062626951
8327 396396.4074892593
8402 396427.7445820027
8403 396464.3682089575
8414 396577.4075456522
8418 396972.0784645855
8424 397158.9265160969
8474 397402.0668002146
8524 397621.3422305422
8572 397786.1635130168
8609 397927.7066504121
8621 398777.6992149200
8679 398824.0761057839
8685 399422.2822175494
8726 399607.4407040798
8830 399613.1826395157
8902 399761.3024773977
8946 400228.8444775498
9046 400299.3688356305
9058 400311.5162974148
9091 400442.1356358331
9121 400518.9627924546
9166 400667.6335346041
9175 400951.5889384527
9184 401265.4864796813
9229 401391.2425992775
9231 401568.7045342802
9243 401770.5434459809
9315 401937.2124116343
9418 401979.9358486547
9444 402295.0410825591
9475 402448.3536133298
9491 402891.6133461228
9502 403460.6623504277
9528 403653.6080865338
9567 403688.4685056956
9624 403841.3229548180
9657 403866.9239046859
9667 404631.1215572514
9749 404875.1804654943
9839 404879.3970612629
9847 405275.3230780118
9899 405323.3322748261
9912 405914.8273356001
9974 406314.9699505037
10000 404958.2732303433
evaluations raw_y
1 -2126830.0000000005
9 -2120828.0000000005
12 -2109782.0000000005
15 -2107689.0000000005
25 -2104812.0000000005
34 -2103698.0000000005
37 -2098696.0000000005
41 -2097698.0000000005
60 -2096681.0000000005
68 -2086614.0000000005
76 -2082572.0000000005
81 -2081598.0000000005
105 -2080559.0000000005
112 296430.2896176097
113 309171.9908629547
152 309339.1390682720
157 310007.5706281709
171 310107.5560651580
178 311240.7692968377
184 311756.9204644275
195 311758.2761631733
209 312165.5836292601
219 312343.7471619941
224 313855.0242365557
243 314790.5901309064
246 315344.6342091171
254 316472.4330440303
269 318495.1697689010
286 321265.0560348850
313 323911.3975333862
380 324548.3616495087
404 325112.5255152286
412 325600.0104812707
426 326201.1573989516
435 326880.6031092545
472 327790.7991286382
514 328115.9441491435
529 328259.4270646435
552 328317.5757866754
556 328551.8675383880
564 328696.6171897373
587 329313.9545002668
633 329489.4816260741
649 329631.9328557207
651 329911.6651370527
668 330504.3425384429
692 330693.9931581461
707 330888.0499433133
739 331462.8499350551
776 331531.6870445057
781 331632.9171215887
830 331808.1667954451
841 332376.0104456805
884 332505.1321227940
891 333057.4676616859
914 333295.1108562500
929 333816.3385474719
964 333920.9733959461
972 334713.2510391914
1004 335166.8242985786
1015 335453.4244057102
1034 335760.2841444282
1065 335926.6654090671
1067 336272.1515968349
1093 336519.1507680706
1111 336717.0363627903
1125 337039.0347313826
1137 337043.5740664877
1141 337295.5683300984
1170 337579.6495334409
1192 337970.9979582436
1212 338455.1272366518
1265 338762.2681422912
1318 338891.0415235399
1325 339345.2847467070
1389 339652.4256523464
1409 339781.1990335951
1438 339881.7435310340
1471 340033.9133672797
1479 340311.2238750847
1480 340429.1732760905
1517 340849.1550446231
1555 341065.9644964242
1556 341294.7978104741
1585 341521.0579132566
1601 341973.3896436383
1655 342896.7712572775
1699 343044.9456693870
1766 343054.4068780502
1767 343381.6978438609
1800 343692.2184988713
1817 344047.5603286909
1841 344078.0567406785
1865 344986.6141868312
1912 344997.2668821554
1916 345042.4508313499
1929 345340.2010096106
1946 345873.6837199065
1967 345954.0992954695
1987 346419.1608239904
2037 346471.0280564152
2047 346787.4132790718
2049 347183.8965812770
2068 347299.3432229981
2089 347816.3308101842
2114 348045.2200493152
2136 348203.5013480364
2155 348214.0459478501
2178 348820.1211711134
2225 349160.5294486140
2237 349379.6807119292
2282 349392.1676400183
2284 349481.8718073597
2296 349589.8614419251
2304 349598.7982509623
2318 349625.5950736581
2322 349736.7037551504
2323 350188.7547051763
2362 350207.9550520168
2390 350503.8241202439
2409 350883.5182717424
2440 351335.4383476531
2455 351344.0249567940
2460 351354.0422210052
2473 351406.9897390589
2485 352052.1417575856
2529 352125.3155454402
2540 352710.9581358619
2574 352893.7304254276
2621 352927.5330898443
2629 353537.6765507768
2642 353658.4114116139
2680 353914.3601772842
2690 354881.3117382333
2720 355027.3199074889
2795 355037.6816304443
2805 355552.5164108847
2830 355586.1271311400
2860 355676.2176051718
2875 356062.4633995678
2911 356165.8304083144
2929 356457.5765343960
2964 356696.8912560913
3000 357019.9554218275
3048 357387.8871408805
3071 357478.2770521237
3084 357833.6432642300
3121 357996.7787637901
3122 358082.3231911717
3123 358540.6297841498
3162 358716.4951770654
3178 358725.6097217556
3193 359210.2910984409
3254 359445.3129390690
3307 359670.4796782361
3319 360090.1483577749
3378 360635.5403503240
3385 360760.3426140136
3394 360824.8324656706
3430 361226.8996110045
3441 361668.9117058761
3465 362094.7992843323
3485 362312.0436808330
3537 362547.8120455450
3548 362668.7440358858
3549 362799.1680932958
3600 362829.0746852237
3644 363081.0636612102
3686 364050.1995103789
3707 364486.5002040683
3735 364685.5103305457
3753 364685.9418895948
3788 364890.6077562121
3795 364996.0153591793
3804 365107.1641718100
3807 365138.6447693518
3823 365366.9294648984
3840 365441.1657859539
3847 365755.8270298007
3852 366264.8575923824
3864 366311.9741609520
3872 366705.7907652752
3884 366777.7619080965
3889 366846.9301562497
3903 367230.4472229314
3938 367680.9585336434
4004 368204.1924129046
4005 368400.6437485168
4070 368763.0850157662
4098 368828.3930561001
4108 369000.8411432024
4113 369115.4948578808
4127 369247.0964661184
4134 369390.5799695664
4149 369921.9347736763
4187 369933.2682537204
4194 369945.8998487554
4210 370093.3833614774
4225 370486.0738937322
4245 370544.7925658650
4248 370620.7440950769
4272 370862.8971926266
4333 371366.4309526609
4344 371498.6968557784
4362 371680.9790875062
4436 371751.8026583437
4440 372127.8888904101
4466 372774.7437443304
4563 373373.1740382313
4608 373597.0579152361
4611 373623.4801830526
4641 374046.6317633538
4650 374324.9282567815
4746 375087.7806751276
4871 375584.7974942178
4909 376129.0558536828
4929 376354.8170062451
4973 376883.3623902727
4984 376937.8623289156
5003 376990.6230428027
5027 377008.3681015923
5047 377180.5064128710
5060 377228.9611352324
5112 377551.4535194281
5120 377578.4956777365
5134 378283.5414023690
5210 378905.7340488674
5321 379037.0274998694
5357 379093.3160740400
5366 379176.7524731419
5405 379364.3366546043
5516 379420.4183525483
5538 379597.0562497590
5578 380052.3458942377
5603 380183.2111231673
5645 380500.6509947089
5647 380871.1330165504
5664 381160.2117742394
5692 382044.8988432534
5807 382738.0233536307
5843 382786.5751835898
5887 382910.4464250025
5922 383003.8627231038
5923 383041.5782130161
5958 383375.3873422323
5985 383461.6141134448
6002 383699.2519550252
6046 383826.1984187215
6060 383966.9431992988
6074 383998.6651526317
6087 384024.5458488292
6088 384062.8817731547
6110 384605.8583933997
6112 384713.9418105409
6125 384959.0247249307
6155 385436.7066772952
6197 385589.5174694749
6209 386160.8279732405
6246 386481.6239184522
6329 386514.9378583602
6340 386521.7531602003
6399 387270.7380030838
6405 387767.5251419137
6442 388038.3957037391
6484 388075.4397317467
6524 388470.6779951794
6528 388596.1770391560
6533 388704.6259038656
6571 388854.6794544042
6582 388861.4815619267
6583 389315.2590775405
6590 389434.9833273680
6610 390205.2460409478
6669 390304.4946117417
6692 390429.9764738141
6710 390559.9329417209
6746 390835.9921209512
6753 390976.4002006841
6761 391077.3162326425
6775 391258.1665068752
6788 391522.9421335181
6818 391595.4478678594
6820 391729.4426102270
6846 392433.0315565768
6878 392802.4345283126
6929 392964.7240798834
7006 392993.6223258292
7028 393040.4804819211
7057 393156.0262150929
7060 393389.6540384169
7069 393497.8669488837
7083 393513.8813057173
7091 393953.1279229663
7182 393969.1426817069
7211 394039.9646466092
7213 394118.4016172108
7232 394419.2732772444
7246 394516.5163038701
7250 394626.1151434609
7273 394852.5283060628
7279 395030.3343662895
7283 395057.5129193080
7311 395250.4106244792
7326 395466.4540660120
7348 395545.7795320254
7363 395704.8787418818
7413 396054.7735014620
7461 396195.4540558833
7483 396230.2573158838
7491 396628.7991655372
7499 396877.3145938606
7534 396888.2559292712
7539 396923.7988438169
7560 396959.5185071540
7561 397123.7965376998
7573 397190.1230242815
7596 397203.5116816211
7597 397259.7686107222
7606 397349.9255351431
7631 397806.9895826058
7647 398059.5614788017
7670 398456.5981755989
7753 398910.5253287808
7765 399295.5352532217
7847 399731.7812507145
7924 399937.7083743319
7986 400390.9456457949
7990 400414.4659519737
8003 400485.7127756432
8032 400818.0393092218
8057 400819.7890023177
8068 400823.7510702010
8088 401372.3632906050
8118 401764.2739007697
8155 401801.5359720689
8185 401841.8479643607
8188 401891.0297063681
8192 402119.8845049863
8205 402229.1195806892
8264 402500.7791764865
8330 402937.3714465522
8369 403091.1342206075
8394 403630.5363166797
8452 403800.3960402298
8454 404022.5780045459
8513 404092.2855115465
8537 404427.3379832956
8540 404800.2259023159
8559 405027.5438815648
8598 405157.4699310995
8736 405183.2530560148
8747 405638.3418405501
8763 406380.4550075770
8863 406596.6445014089
8920 406634.3701699833
8924 406965.5704602159
9018 406966.3423740746
9035 407366.5300753998
9041 407399.9546287269
9126 408066.7672372625
9172 408520.2757744670
9244 409091.2644021382
9290 409338.0144064979
9364 409366.5443405822
9367 409451.0248506307
9395 409574.6726865455
9439 409605.2394062511
9440 410047.9129655021
9466 410480.5331563852
9569 410499.3867820665
9586 410529.6648195669
9634 410720.1939534817
9641 410773.4003677305
9666 411040.7886994870
9744 411280.4617776513
9798 411333.9408749498
9823 411377.2408156617
9830 411752.2603457933
9855 411804.5988455848
9873 411969.3251491827
9883 412339.4464119924
9918 412776.2368977835
9947 412872.2744891781
9952 413044.0966842932
9988 413294.3088282587
10000 412776.2368977835
evaluations raw_y
1 -2153942.0000000005
2 -2115749.0000000005
7 -2114841.0000000005
36 -2095764.0000000005
63 -2085642.0000000005
64 -2080666.0000000005
87 -2079584.0000000005
92 313100.1072435507
109 313795.5100291861
126 317186.5024065503
149 317403.1531168032
156 317702.3992136688
167 318594.1011919751
181 319832.6703161165
205 321590.4249017905
279 321804.3967802866
289 321963.4212308730
296 322609.8580289746
307 322849.4639945530
328 323231.0488075996
367 323390.5529098000
368 323571.2529882650
371 324174.8962225008
403 324306.6848288153
430 324311.9925980103
435 324739.9148199303
461 325279.9556826142
471 325410.1809002706
495 325555.3475523315
503 326320.4882697557
516 326780.3122445789
540 327424.3433744131
566 327575.0924577229
587 327628.7425402471
602 328703.6626599742
651 329170.9267631739
671 329398.6433984546
702 329622.2658053924
704 329785.6785942761
708 330094.0172602098
757 330129.5579252158
763 330639.8253324553
790 330676.8066680646
804 330684.4781695196
822 330707.5921552918
837 330714.4407144607
843 330862.7518633783
849 331394.5946002670
862 331562.3308685345
890 331712.5334051559
915 331952.0353236287
931 331988.9794583650
949 332386.5052711931
973 332525.4507616440
987 333132.2956173866
1015 333235.5581179620
1037 333261.1369886843
1050 333498.6281804751
1074 333676.5158835967
1120 333955.9771205032
1126 334183.1760091573
1146 334371.6650813257
1166 334723.3060215155
1201 334937.2151365000
1211 335094.0090272905
1216 335271.7709994736
1246 335314.3508605090
1279 335764.9528879845
1349 336588.3869254961
1416 336657.9302784596
1435 337163.2218309568
1439 337418.8278174747
1456 338201.2119869950
1491 338473.3425915015
1499 338570.3258111905
1543 338661.0150298965
1546 338971.6210455745
1586 339030.0452264560
1591 339388.8253236128
1604 339496.1491149476
1624 339730.5657181988
1642 339881.4802461237
1669 340307.4043941139
1711 340379.7155959564
1726 340398.3368805802
1752 340572.1081952883
1771 341325.5379137690
1783 341838.3398654126
1822 341885.6688964561
1826 342050.5285037004
1887 342065.7069085857
1904 342177.6240351024
1914 342178.6606254647
1929 342312.0943644542
1987 342343.8400407099
1993 342515.9612891614
2007 342545.1905956628
2014 342551.8658946872
2032 342588.4066805899
2052 342837.9927553937
2054 343004.8784966615
2056 343163.4499872359
2064 343377.2817645654
2169 343685.2263837006
2208 344190.5668936065
2244 344482.7918217576
2276 344595.4137289442
2297 344606.7571801521
2304 344780.5201604915
2331 344944.7219529530
2364 345291.1333558499
2417 345656.6819609756
2429 345767.6951354851
2443 346518.2441257286
2461 346570.1614505398
2463 346729.8297311040
2478 346782.7692901835
2482 346815.2117822701
2490 347201.4132946956
2491 347472.9702245561
2523 347540.2663319068
2547 347966.1898956820
2569 348200.8689758742
2593 348292.7333945237
2616 348750.6178594427
2620 348933.7291712693
2643 349452.1173566564
2710 349469.7866600339
2718 349554.2995138548
2728 349673.3107413754
2791 350074.3220036830
2818 350131.3413160222
2869 350309.3045261883
2903 350658.7751175785
2926 350999.2660556761
3001 351110.3072833537
3026 351440.3195642433
3122 351532.2784747623
3139 351836.3116315329
3172 351890.0827439891
3179 352088.2415075229
3200 353106.5169451188
3267 353299.0065463755
3301 353812.7249789152
3329 354180.3088377664
3373 354376.3571181218
3374 354976.1385730028
3424 355177.5393912935
3434 355421.8325466146
3456 355756.2378220512
3465 355782.1832724937
3468 356320.6868427041
3474 356606.8825541734
3560 356923.2620943779
3579 357203.5252675260
3585 357370.1516029119
3624 357987.1783899278
3657 358017.3486729764
3672 358390.1332761610
3757 359297.3295115214
3802 359426.9832437974
3828 359742.6534902101
3901 359842.0160711530
3917 359993.3609048922
3945 360662.2228559330
4032 360923.2151284204
4054 361106.0645852000
4064 361248.7896747603
4081 361767.0390074700
4110 361775.4330041319
4116 361945.4174866864
4124 362035.6292952967
4128 362240.4393256343
4137 362626.6573271363
4161 362825.6122414962
4162 362933.9959773433
4211 362951.8111833672
4217 363190.1590659706
4227 363345.2784776425
4239 363527.6565371007
4249 364014.8127117173
4315 364040.8690908469
4317 364328.0683653234
4336 364713.1337409529
4408 365211.5633943078
4427 365311.5341093167
4448 365323.3114825568
4484 365453.9174811621
4494 365707.6256608296
4514 366512.2757016780
4533 366535.5002908284
4579 367047.0093086972
4605 367304.7711720161
4621 367406.8162617458
4627 367438.6327990925
4630 367723.3828993946
4655 368277.5262841616
4686 368380.6795228625
4697 368930.8879398225
4726 369542.7819979271
4789 369619.3011061460
4793 370354.9239766101
4812 370636.4369996072
4844 370981.7529733584
4873 371142.8965003056
4887 371172.1360175750
4904 371214.2873960718
4939 371529.0710324396
4942 371760.6478856568
4981 371882.1775870080
4985 372075.1345342777
5001 372371.9044572577
5114 372621.9728442326
5129 372648.6299612967
5143 373000.7286652917
5215 373517.6857728661
5218 373608.5364740785
5262 373740.4531596157
5267 373953.5386033925
5288 374465.1485527375
5318 375263.7552669733
5373 375382.7851819042
5409 375839.3413894873
5429 375878.1032451957
5436 375901.8797496812
5459 375959.1167768554
5484 375979.2285144952
5491 376115.6134396605
5493 376363.8639059725
5521 376392.5071940295
5553 376427.6795968185
5572 376760.6587414282
5597 376867.9225492076
5621 377286.1488155525
5661 377927.1333331689
5719 378225.6898876859
5748 378406.7423593772
5799 378539.4700409613
5803 378636.3048954953
5810 378796.2095193160
5859 378942.5531585208
5881 379366.2561761603
5916 379470.1966995362
5971 379621.6798723096
6002 379629.6615357573
6015 379850.9399769944
6017 380073.6684962077
6021 380204.3262151192
6057 380259.4218816498
6066 380634.4172069937
6115 381101.9477061708
6129 381622.4867046861
6209 381668.8605823480
6216 381941.2522682928
6262 381979.8043530528
6292 382308.0968986350
6301 382370.7269621452
6322 382542.7771229469
6333 382651.3739613023
6364 382792.5470952159
6386 383096.8010261212
6420 383210.7225569124
6436 383308.1402741765
6443 383454.2228268323
6475 384015.6673982241
6511 384380.3286705329
6527 384898.4081419982
6559 385267.8639284573
6580 385677.3238752944
6594 386018.2260545772
6632 386026.0239023415
6724 386116.7702119045
6750 386176.5452413767
6762 386595.7743877426
6833 386734.4872677027
6865 386746.2957258418
6887 387269.7123098045
6941 387683.4707936151
6986 387945.2028141971
7003 388212.3891554149
7014 388257.8499921619
7043 388625.4973121287
7082 389006.2223201293
7096 389446.1179671919
7128 389497.1084944850
7131 389537.0822970599
7151 389567.8609242706
7199 389782.6565838240
7223 389804.6984211942
7237 390498.5911741495
7285 390820.0137442260
7305 390848.7963081612
7336 390908.3231150548
7345 391396.5124603721
7414 391808.3472648897
7422 391852.4444720404
7443 392494.0310320980
7462 392678.9064849076
7492 392837.1309968865
7507 392842.0426351742
7522 392856.2487126764
7527 393037.5243552838
7554 393697.9524960048
7652 393723.8216373205
7711 393911.9697734338
7741 393926.3765694964
7765 394114.4546284755
7810 394507.5996366529
7821 394785.5521945591
7872 394953.3267834668
7883 395012.6555928582
7885 395231.2796752385
7895 395377.7552739332
7935 395854.3420489424
8007 396140.9876914232
8037 396351.5282346878
8075 396558.1401818740
8081 396636.4866396515
8093 396917.2121462324
8106 396925.1861072400
8119 396933.6283876871
8128 397392.3740608580
8164 397421.6065899485
8181 397939.2141714961
8227 398174.2013132090
8250 398415.0102091924
8257 398450.7690631046
8266 398791.6652304064
8272 398823.0897995841
8340 398895.9469323179
8353 399154.2537689654
8369 399227.8135116149
8382 399339.5554263910
8406 399408.6548099373
8423 399714.0202434500
8461 399841.2807899565
8502 399933.8245386890
8504 400034.0197734331
8515 400422.5169704003
8609 400597.7628075339
8615 400884.1448978079
8667 401080.1311770994
8671 401201.2965236635
8717 401726.7723501933
8754 401811.5512363489
8793 402261.1286341009
8869 402475.9044361141
8915 402559.4757846221
8930 402687.7109864679
8952 402872.0522658182
8992 403070.3582047803
9000 403137.9191293335
9046 403209.8977401520
9065 403484.4361177371
9068 403659.7263477965
9323 404038.8725628227
9419 404171.0333296459
9445 404453.6439858039
9502 404538.3321352556
9524 404800.3992736505
9656 404803.8780959644
9697 405041.6283537710
9745 405188.9541952438
9746 405359.9532084010
9779 405427.3693400297
9813 405507.5944460515
9818 405620.2062222770
9842 405951.3353817261
9875 405972.8049783393
9890 406061.8982579634
9893 406758.3914405608
9926 406815.1733888724
9941 406868.9550381204
10000 -2073571.0000000005
evaluations raw_y
1 -2122877.0000000005
17 -2112817.0000000005
22 -2109818.0000000005
26 -2086656.0000000005
62 304571.3520495070
90 308921.7312300101
93 315651.1921637091
105 316293.2052016407
158 318333.4049953103
230 318467.4014704163
234 318722.8869190495
237 321241.4696601631
262 321898.4219473663
304 322203.7392196753
314 322520.7146204211
323 322611.6026941799
368 323062.5324562860
370 323073.7192810012
383 323656.3731468514
385 323727.8786327580
431 324470.0823893563
456 324470.2480066821
457 324536.5535007113
467 324858.3666828058
488 325140.4025497115
506 325958.5242167434
558 326023.4081254233
578 326039.5430376054
580 326297.9785149600
581 326461.9181429059
596 326655.3317727256
601 327494.6402892554
611 328031.9500821808
629 328452.9216029109
674 328877.6873559014
705 329817.8993833032
767 329916.2580792416
783 330064.9038207025
790 330238.6180755501
791 330420.2426095930
812 330455.4274547107
825 330753.1277074718
835 330935.1451881696
843 331068.5877841320
879 331929.1111230515
898 332060.6693837658
908 332279.0254489096
923 332733.5837152865
957 333058.1653721863
969 333903.2114325986
1012 334095.4610152260
1070 334908.0411631898
1140 335665.3399177411
1172 336064.3339982543
1191 336103.3765818515
1215 336143.4962902832
1222 336270.7925900879
1225 336327.2513240699
1228 336773.1878215318
1256 337773.8351566751
1308 338472.7640278119
1348 338497.2557428053
1370 338735.2174755509
1376 338819.8600552031
1381 339331.1216447878
1394 339633.3370522013
1401 339991.7673623287
1409 340003.9771683371
1454 340387.1331381620
1487 340824.1026364425
1524 341225.7639667130
1526 341299.2536927694
1553 341752.8071826368
1557 342244.8632156429
1575 342885.7288422921
1627 342895.7600258191
1631 343024.8957567950
1641 343977.6905681135
1663 344309.4610902974
1725 344599.5395114548
1729 344786.6157540724
1759 344793.3283702820
1760 345087.6084738757
1776 345134.1307556289
1806 345675.5304515424
1816 345759.1724223300
1857 345775.3991776024
1887 346001.7859639505
1915 346262.1791532018
1953 346380.8731612577
1969 346587.0055959282
1986 347006.8532810043
2058 347093.8833887476
2076 347159.2166328052
2126 347540.0625471299
2148 347815.1255390989
2201 348495.9801260643
2246 349058.3504886255
2285 349179.3627221587
2287 349687.2295201158
2327 350075.0680318121
2362 350437.0207946238
2431 350470.9818018909
2438 350997.6165872589
2446 350999.7568598079
2459 351259.7464376635
2463 352011.8648806336
2499 352100.6049977386
2506 352217.1817193499
2532 352447.8539713024
2544 353103.9800548233
2622 353344.2470136427
2639 353476.5675376725
2678 353477.0479566002
2684 354352.7265823603
2735 354695.2025686389
2780 355015.8927158689
2794 355839.3176276462
2882 355895.5549351263
2886 356007.3750954329
2916 356646.1332685919
2944 357244.7811582089
2963 358004.0240002787
3072 358378.9602933128
3109 358727.8316451962
3166 358966.9065478928
3180 359499.2406090888
3218 359802.1483010267
3266 359915.1888019125
3279 360176.1445977047
3337 360243.9681811573
3338 360883.4218423046
3347 361074.6228065647
3361 361108.7826718058
3374 361662.7370909282
3386 362003.0404616619
3438 362397.6824157421
3444 362411.1360763488
3502 362457.8163643323
3503 362728.9687683497
3505 362785.1647838785
3532 363340.3393082039
3595 363507.4060296712
3607 363797.0831259831
3624 364205.4158509658
3670 364392.8361812353
3682 364670.6770450713
3728 364974.3948294342
3753 365066.2029343707
3771 365244.3760563957
3838 366139.6046076663
3891 366639.7561301206
3964 367137.9394599083
3984 367354.4678041306
4041 367529.0599514159
4074 367912.6559791602
4136 368113.0326533702
4141 368280.4406994681
4186 368735.6438728241
4220 369273.3449461530
4288 369534.7421339140
4352 369683.1526415346
4365 370599.8179364488
4433 370605.6935219758
4464 370764.8374945642
4482 370900.5756580592
4495 371201.6861265964
4525 371288.5966665422
4528 371475.4411610352
4562 371690.4391031076
4565 372002.3851392756
4586 372014.0608573526
4590 372049.3839998894
4592 372592.2909867050
4605 373437.1801900509
4645 373577.3714055298
4659 373578.0548509827
4687 374012.7760099839
4713 374149.8393696747
4727 375244.3027504040
4795 375462.9749298127
4804 375506.7432877907
4845 376080.4674124864
4897 376284.4597725431
4916 376421.6803015431
4917 376549.9583221300
4929 376588.9427581769
4970 376796.3694143381
4989 377116.2557069863
5036 377718.7310392322
5091 377836.2916058113
5103 378028.2662616307
5123 378722.5369772868
5126 379050.0687144597
5185 379768.5306213318
5245 380331.7424628925
5279 380345.4046171008
5308 380448.9083759267
5331 380986.1803010910
5354 381072.7693837057
5398 381101.9330635413
5429 381713.5385747138
5501 381887.9182492273
5511 382095.2367019012
5581 382288.0504125807
5617 382329.2713528909
5625 382553.7616223834
5643 382747.5746122343
5688 382921.7947774731
5700 383090.9440258811
5705 383593.1964429037
5804 384068.9790855602
5826 384975.9791119680
5914 385326.8349384774
5924 385394.5778793709
5949 385755.8771397708
5988 386014.3746714725
5994 386424.9137760852
6078 386723.0566257849
6134 386794.8748879090
6138 386846.3006411653
6165 387630.0552744929
6218 388030.8350447053
6329 388433.4871916997
6350 389086.6288467906
6416 389293.1079032501
6426 389417.6206460816
6430 389569.0707261546
6450 390630.1566966101
6526 390834.4418491018
6563 391236.6068770902
6607 391537.1075735079
6636 391949.7249538077
6659 391997.8434723961
6675 392111.4915284259
6749 392279.9251194174
6762 392334.3417034833
6770 392523.6907901185
6781 392700.2507348622
6807 392845.6790943036
6818 393172.6869442589
6833 393258.5221497222
6850 393360.5537091801
6851 393568.3055436695
6852 394060.5577331464
6893 394180.5066179865
6903 394593.2226272029
6945 394629.8864047297
6949 394796.8278817601
6964 394900.6248834773
6971 395358.8870685230
7021 395874.5362842040
7073 395878.7788441961
7135 396076.5336645773
7180 396131.0481294267
7250 396250.5147125017
7252 396283.1034376321
7320 396390.6047964125
7343 396671.0031371851
7361 396801.2586033421
7364 396828.5713851386
7412 397094.4139892810
7431 397147.2255236174
7481 397373.5599978954
7505 397545.3747191671
7576 397819.8322159022
7594 397932.0274700517
7639 398063.3071470244
7704 398528.7122202936
7721 398637.6191662588
7764 398711.6469551719
7793 398754.5351985334
7833 398800.6505901021
7840 399681.0605720887
7886 399692.2997310278
7906 399766.4824736329
7910 400464.5555612802
8020 401103.2152075199
8078 401300.1109695735
8118 401808.5832998381
8183 402311.8186036356
8227 402521.8472586255
8245 402934.6211512365
8341 403221.7412041945
8463 403735.6778173178
8502 403795.6240713846
8563 403943.0110802203
8590 404400.6484467613
8636 404403.7505162614
8649 404798.0249201533
8724 404811.6996746191
8731 404829.0091488452
8757 404975.8615555023
8787 405398.8177062178
8890 406116.8307966304
8971 406428.8961555557
8982 406583.4513802121
9075 407134.4069379977
9193 407404.5956216577
9269 407607.2780295408
9341 407744.3192711540
9368 407991.1420785418
9495 408059.9856659652
9499 408452.3836141734
9724 408467.1908284975
9795 408610.1873087211
9802 408731.3717445207
9882 408839.0494210634
9895 408855.8438875098
9921 408940.3832321137
9973 409208.0794740967
10000 408940.3832321137
evaluations raw_y
1 -2123792.0000000005
8 -2122828.0000000005
11 -2119795.0000000005
13 -2094731.0000000005
35 -2092727.0000000005
48 -2089710.0000000005
57 -2080630.0000000005
63 -2080603.0000000005
70 300083.7056664548
93 303921.6728836346
136 304048.6730428344
153 306177.3424505019
181 307528.6465381398
210 307715.0051654429
221 307851.9395559904
237 309016.4208055452
239 309365.8251280499
252 309723.0849102056
262 309997.1020254410
281 311965.2413967466
323 311975.7069559708
368 312574.4888666992
410 312638.9423300672
411 312841.1775033465
429 314196.9011797992
504 314292.0842886249
513 314645.0142972168
524 315698.3876619017
581 315940.1389081619
585 316120.8907946671
589 316336.2342292878
601 317074.4484934072
661 317830.0527675217
680 317990.8845123501
685 318327.3709279700
705 318807.0362279282
715 319474.1954165106
759 319477.1901064112
766 320297.0457727748
783 320838.3023307933
796 321099.6081039757
826 321248.4946925276
847 322513.4478878163
853 322558.7444559552
885 323192.6725125018
909 323354.9006453119
993 323633.6727112069
1012 324219.1674494796
1034 324394.2303473644
1092 324534.0771125313
1107 325044.4123973699
1159 325062.9859267908
1182 325186.6864340497
1200 325342.8310393423
1206 325440.7172431365
1209 325463.4837049702
1261 325533.2196406259
1283 325599.7524901645
1284 325779.2963695011
1337 325877.8938561343
1338 325942.7204895171
1364 326063.8397695611
1369 326809.3527219488
1423 326934.0954652115
1424 327007.8712924694
1472 327731.5311787538
1531 328148.5184416187
1542 328972.0734342294
1574 329310.8755058308
1601 329639.5425688157
1628 329847.8875673998
1641 329875.3818328334
1654 330079.3573882967
1685 330296.8163140764
1711 330766.2164745937
1806 331013.0040643804
1865 331130.5283100182
1883 331592.3473299252
1900 331600.1668039543
1908 331891.4444174522
1937 332624.9258524339
1966 333019.6430086924
2041 333181.3660792207
2052 333256.7212779503
2057 333577.2238114960
2091 333941.1243440969
2092 334110.5247337537
2093 334112.1487313866
2098 334472.1709781627
2125 334654.5495233969
2159 334781.2640246110
2164 334885.3595302107
2170 335052.2958548695
2182 335192.5563593253
2194 335308.5110406663
2220 335762.7578149206
2224 335866.8844014355
2251 336287.8649377972
2276 336415.5595735170
2288 337085.4446981016
2348 337717.3928555670
2377 337778.6211860046
2393 338765.8688781458
2452 339085.8379342690
2484 339236.2230005347
2486 339433.7392037502
2527 339754.6138649783
2534 340167.5566756009
2541 340212.7772085122
2560 340415.9656742614
2586 340769.3136727824
2591 340904.7903326656
2604 340919.0974010749
2606 341299.5234226804
2621 341737.0279107111
2636 342254.3616398500
2645 342524.8025979205
2693 343129.9253029691
2713 343296.0811777728
2721 343864.2156964239
2768 343983.6471994891
2799 344469.1392949211
2805 344510.5878787166
2810 345105.4106052060
2830 345116.1987666772
2841 345404.8707445563
2847 345543.3580760662
2869 346289.3635714773
2894 346305.0172595397
2906 347022.2499193407
2947 347143.3731822501
2983 347213.8075817087
2992 347661.3221231555
2995 347670.9283867468
3003 347868.0066089099
3016 347913.1007589275
3031 348035.4518492476
3038 348632.0867068002
3067 348710.7565377765
3087 348932.4647295909
3101 349253.2824386594
3152 349563.8550257529
3188 349711.7143411718
3209 349776.0696481281
3213 350027.9758236412
3228 350686.3361483229
3245 350700.5284305642
3273 351394.3982624955
3295 351432.4339972276
3305 351434.9401220639
3313 351514.2869570040
3322 351582.0921116976
3345 353070.1167737348
3409 353416.5864742777
3425 353511.1065249008
3484 353790.3250845624
3540 353956.2393441497
3556 354086.3969367668
3618 354632.2454799514
3667 354763.8855969149
3682 354836.9835788062
3690 355312.5765790124
3736 355402.9059500607
3738 355792.1912150732
3815 355973.7457644401
3829 356220.0659050182
3864 356898.3485602874
3944 357183.4891813899
3953 357308.1172445434
3964 357409.6221875176
3971 357589.9623974491
3973 358137.3306696159
4000 358547.0905111408
4070 359249.8567151870
4105 359447.0487771619
4113 359506.0310170711
4124 359773.1624773621
4130 360342.0862151196
4158 360523.6916889943
4196 361041.3144370812
4213 361726.4006262575
4227 361956.3889711152
4263 362047.8852345520
4270 362820.9499684877
4367 362870.3216278828
4377 363129.1571574642
4416 363719.7809693483
4449 364057.3456774245
4473 364204.9190479519
4483 364352.2419095922
4485 364556.5751999846
4512 364610.6205157915
4530 365038.6431968500
4563 365291.6854177530
4565 365665.2128887131
4589 366198.7847659098
4637 366340.7927265367
4659 366693.1474826534
4665 367120.4680017892
4723 367177.0880114844
4726 367182.8814800759
4732 367183.1272983480
4755 367303.8007077990
4763 367697.5671115853
4783 367709.8396556496
4834 368080.0267181324
4886 368348.5813129686
4917 368792.7621680867
4946 369092.2071500557
4960 369164.2238692602
4979 369276.4926131002
4998 369657.5115650609
5018 369796.0234984686
5037 369907.7829505777
5083 370274.6994038910
5128 370590.5427144250
5187 370730.8973024353
5193 371112.2514749833
5252 371123.7758789348
5276 371691.1438454630
5306 371807.8351233865
5309 371891.2619346330
5362 372003.9281193158
5380 372567.2412786929
5383 372781.4141061213
5403 373195.5724864080
5502 373237.2879576698
5514 373356.6887568986
5521 373562.3021641004
5558 373788.9726860493
5566 374113.8020818475
5670 374223.9634875298
5671 374479.6957322631
5693 374685.4883025171
5719 375086.7632017840
5772 375179.3336975069
5789 376386.8119709069
5850 376471.0475410909
5869 376589.6255663020
5887 377090.6984941144
5929 377326.8334357519
5953 377532.9831455976
5954 377938.5283942150
5985 378580.8450063141
6084 378722.4559170338
6104 378864.2606327306
6150 379493.5246773749
6222 379713.9421153489
6286 379723.6163494681
6343 379849.5042539804
6347 380383.7787742668
6400 380795.4232392184
6435 381137.2666296796
6459 381184.3322002070
6482 381254.7976679732
6518 381563.7837138027
6521 381761.8930149541
6558 381795.8034367356
6606 382223.0435250406
6621 382792.6214715078
6668 382994.2302941339
6749 383153.9376333125
6799 383178.4490556325
6832 383179.9299899655
6839 383492.8455956554
6890 383584.5689167125
6899 383911.8355398608
6964 384025.6251635439
6968 384256.9192602014
6969 384525.5353105221
6982 384534.2135164347
6984 384577.9411337043
6991 384609.1492733747
7025 385110.0285673429
7054 385361.9214165573
7116 385656.3399692077
7142 385759.4502699654
7161 385842.7509759450
7166 385938.7943544755
7188 385955.0576782863
7200 386299.2737138830
7211 386565.8166747434
7221 386703.8217529270
7222 386858.1030980822
7226 387222.8932244634
7270 387434.6442918076
7301 387462.5442735454
7305 387752.8675070768
7309 387808.4767360561
7323 387989.6025521064
7378 388391.0146150694
7404 388481.6023776844
7446 389094.6968721386
7500 389238.5261699638
7557 389417.7346399472
7564 389499.2236958122
7568 389849.8652232115
7592 390075.5636953306
7605 390478.5492267919
7612 390488.9020831965
7619 390568.7475536377
7629 390614.5891261960
7657 390683.6734418844
7661 390690.8200075229
7680 390704.7874530418
7706 390859.2078286181
7715 391107.9318134709
7731 391229.9574275155
7814 391230.8986711547
7837 391580.2703512692
7845 391802.7344952226
7892 391912.7310033673
7897 391981.1086754006
7899 392106.3487378222
7914 392378.3479550731
7930 392378.8951388485
7996 392417.3014973234
8003 392540.8195308069
8016 392986.4482975519
8026 393811.7205843697
8126 394129.6877976761
8189 394464.7311619733
8196 394491.1335875582
8212 395018.0923743307
8258 395290.9547365922
8261 395440.9269048491
8281 395651.1064828360
8303 395851.9102927764
8353 396000.1694341283
8359 396081.9740486048
8365 396280.8311226228
8372 396315.7338610711
8385 396371.9928643174
8407 396451.2260121177
8411 396719.6232482887
8414 396737.9667981492
8421 397006.3898353114
8438 397017.1883084162
8442 397148.2865889347
8443 397199.4417881802
8464 397203.7082977035
8541 397515.4333139620
8561 397895.3353493923
8629 397957.1465207216
8643 398242.8726628772
8699 398259.6468902404
8741 398472.9547585695
8766 398770.8619492048
8792 399115.6004127574
8823 399514.8755111951
8848 399646.1669919739
8903 400090.2984054540
8938 400207.8427161050
8980 401503.2575290541
9033 401520.4179973995
9062 401822.6959718405
9070 401899.1912552583
9076 402102.9918525159
9120 402344.9579590053
9158 402906.6429534061
9300 402969.9170107059
9519 403414.0302225499
9633 403579.7211073870
9660 403699.7660863243
9665 403879.7881943465
9793 403893.8785690934
9819 403992.8350655199
9829 404014.1919435786
9845 404026.9898984007
9913 404114.9546791643
9940 404341.8464046957
9941 404362.5236790455
9965 404637.5705045191
9980 404677.9653536789
9994 404940.1332797780
10000 404367.6610109035
evaluations raw_y
1 -2148906.0000000005
2 -2139907.0000000005
3 -2130837.0000000005
4 -2129788.0000000005
9 -2115754.0000000005
11 -2095695.0000000005
21 -2093694.0000000005
27 -2083577.0000000005
39 -2081601.0000000005
55 307276.1794390265
76 310395.7480328553
101 310788.6841472143
109 311453.9877137174
125 311753.5230045472
137 313055.0337566606
150 313897.5904673866
161 314718.9163821876
165 317394.4244088749
218 318115.0446771031
237 318514.1996316166
253 320292.3218867594
266 321014.4920314966
285 321123.4392963515
289 321558.9801033484
299 323101.1831612388
309 323170.1000735755
324 323263.6021847505
325 323974.6833342644
342 323983.8982521810
346 324824.9968235922
362 325146.5004111422
374 325513.2038766266
402 325769.2427109982
405 325905.4046068790
434 326115.7235620298
447 326301.5433569525
457 326368.1422720606
482 326487.6772995577
491 326633.9006654680
496 326779.2166934602
498 326989.3111180818
503 327589.8124196868
567 327798.0543113714
575 328067.1567544710
605 328082.6366614412
606 328508.9806780834
617 328543.4201482247
655 328591.8180447093
661 328800.6267357512
677 328893.1980742780
683 329039.4872455447
684 329266.4212433839
702 329996.2345789975
715 330192.6526634852
721 330825.4164752070
793 331542.0464081333
834 332516.1594134141
906 332910.9024086614
950 333286.5466306728
970 333311.5900137027
1002 333428.6348690083
1007 333511.7053242314
1009 333594.0373040601
1019 333647.2533371508
1054 334172.4598445283
1082 334232.5347705734
1103 334238.4638522585
1107 334924.3906739848
1129 335501.7842480796
1192 336722.3882855818
1233 336798.2389814419
1258 337499.2165984972
1277 337546.4784487443
1285 337577.6699174069
1289 337635.3253585116
1295 337739.3822303861
1312 339056.8037306520
1390 339149.7834761227
1401 339678.4311044489
1464 339806.6902052893
1476 340008.6766463297
1482 340178.1845093347
1504 340423.9882712863
1539 340627.8794361296
1555 341038.5451630465
1571 341179.7079541404
1584 341326.1061045882
1594 341328.2157624507
1612 341962.2104962235
1655 342146.6782423580
1685 342503.2694968499
1750 342729.1418821818
1787 342758.7617350834
1796 342767.1971424557
1807 343936.3545993812
1827 344300.1934889411
1833 344392.9448078065
1859 344478.9602649218
1885 344483.7259115411
1896 344950.2254539693
1918 345047.0853462789
1935 345244.9429213737
1944 345409.2918573456
1945 345449.0703511489
1970 345696.6203246808
1973 346321.3784023146
2001 346586.2919647234
2028 346674.7806841164
2039 346727.2049883385
2065 347051.0703856380
2148 347194.4809704562
2226 347315.6945364564
2271 347598.4471584894
2293 347688.9321667812
2302 347733.6057186935
2375 347785.2751999900
2385 348406.8839113296
2461 348930.4870028166
2482 349096.8399219117
2483 349570.9264674403
2540 350420.4702649011
2550 350572.3391878005
2571 350635.6172903443
2579 350668.7510511975
2598 350935.2286751537
2646 351173.4301760321
2660 351324.3974745668
2678 351959.5051982233
2692 351999.5460427434
2709 352579.0390908411
2725 352654.0157277897
2744 353189.3381126003
2763 353218.5201933485
2765 353496.9820380298
2799 353769.0943741141
2832 354333.4135294945
2888 354343.8014931056
2892 354556.0641879765
2914 354658.3655247289
2929 354729.2590800782
2963 354934.2116872745
2965 355136.9142804072
2996 355173.7685600590
3014 355398.3372759868
3027 355559.4723955163
3057 355829.8289978208
3063 355954.4006937224
3077 356289.9136032489
3111 356580.2996331856
3123 356600.2858902756
3141 356932.0448688664
3167 357313.9426419179
3199 357391.1521763252
3201 357454.1212984628
3207 357687.8906328175
3238 357955.2168138045
3271 358376.5625015784
3317 358397.4693233629
3341 358644.1165779561
3363 358900.9531855868
3397 359410.1153424747
3424 359894.8829034242
3451 360094.4653697549
3510 360187.3161624938
3526 360377.6573927397
3560 360854.4577293745
3577 361572.9840534802
3603 361600.8793342264
3655 361933.1612525581
3682 362112.2760080704
3797 362368.8589371733
3822 362930.9222557469
3906 363157.2476571813
3912 363285.1445287011
3940 363463.8359829115
3961 363487.1347535707
3979 363546.0397853627
3984 363734.9606707583
3996 363850.6591339232
4020 364376.9696432241
4050 364450.3349188052
4062 364879.1163485678
4081 365215.0676024885
4119 365275.6018673580
4130 365821.1010889495
4184 366088.1904022439
4193 366386.0301292895
4220 366430.0915535586
4242 366995.5027581601
4245 367732.0891539854
4285 368185.7228314295
4313 368329.3702448214
4322 368720.2862623851
4399 369004.1129699783
4402 369043.2664505820
4414 369406.0945216891
4434 370384.7553381468
4465 371450.0278283853
4490 371544.4812597870
4508 371921.0123428045
4541 372035.2288045948
4547 372161.0473672693
4585 372640.0160552142
4613 372650.3591145137
4623 373013.1529301114
4643 373251.9662039920
4657 373588.6399136765
4674 373675.4500884117
4757 374306.1907731906
4781 374534.0553164517
4808 374613.3938804920
4821 375380.3008930697
4853 375739.8859608073
4873 375975.9144296593
4888 376386.4991658938
4904 376659.4243058896
4911 377398.8596284999
4951 377512.6617871069
4989 377658.3592281921
5023 377687.5615337609
5032 377888.9131229292
5077 378252.1620036016
5127 378438.6704260867
5134 378464.6282431172
5181 378567.7674141099
5226 378958.6907322414
5333 379441.6421995743
5411 379605.6275918060
5432 379626.3290084032
5437 379917.1853086706
5471 379927.4038001386
5485 380373.2928784885
5536 380410.1574333858
5549 380489.9487340219
5570 380517.6224847558
5583 380583.5234522824
5591 381328.6637072696
5684 381383.5626544947
5687 381692.4334894642
5689 382618.8245620559
5744 382802.9890704798
5795 383279.3488097676
5857 383652.2827149108
5916 384009.8475257871
5920 384042.1307625253
5958 384317.2716854945
5968 384601.8874285971
6052 384720.6759668670
6073 384816.5112863395
6092 385098.1753275711
6102 385638.4139495189
6129 385928.4729066093
6132 386011.5967277639
6159 386217.5205160342
6239 386234.8980530653
6241 386645.0655168347
6267 386966.8684898954
6300 387423.0314366003
6331 387432.6338685582
6361 387628.9209040600
6374 387824.9756050018
6400 388022.3227961372
6432 388031.9097254954
6498 388088.3001767674
6535 388266.9235349096
6558 388667.1708035369
6589 389031.3175223324
6626 389550.0887154664
6685 389682.1390120814
6719 390199.8609295178
6729 390214.6849593144
6747 390247.2712276123
6753 390291.0300817590
6759 390294.3980587209
6767 390556.5509685084
6780 390869.7596844827
6841 390960.7869634493
6885 391036.0214221188
6887 391178.2014433963
6971 391370.3631559401
6977 391460.7453802297
7002 391943.1512434777
7062 392365.5042152793
7070 392693.3052630302
7146 392715.7786546123
7153 392803.2338645634
7160 393275.5506754452
7223 393351.3705439889
7244 393474.3500084958
7283 393490.1709879722
7301 393581.2291147066
7343 393662.9020588085
7429 393704.6116839607
7436 393933.2416939773
7441 393978.3603665165
7451 394306.4035822913
7456 394327.6093263589
7488 394404.4845464698
7540 394414.8200504907
7594 395502.9386164050
7729 395682.9405720141
7776 395919.8106674452
7933 395949.7016100741
7982 396098.2840365244
7987 396231.8172512818
8019 396352.5434819460
8020 396604.3086590982
8047 397007.1524124221
8109 397029.4042122413
8124 397062.4936100265
8127 397153.2798910330
8145 397273.9575055037
8167 397416.9232041422
8209 397662.2296746498
8249 397845.8875655670
8279 398207.3764991811
8294 398210.6394301603
8324 398375.9842915108
8350 398609.8075838137
8378 398987.4200175662
8392 399637.0753654503
8421 399926.1147872321
8427 399948.0110592144
8445 400238.1799932590
8496 400355.9363775695
8509 400869.6468032573
8562 401235.6686188187
8594 401236.8978341054
8636 401251.2576197173
8638 401517.0530485466
8643 401965.6384026580
8728 402586.6616230697
8855 402613.2561600099
8910 402810.8030637596
9033 402908.4071234153
9073 402955.1889039291
9075 403009.4273483925
9089 403170.9672428152
9169 403539.9310148174
9286 403571.3899663843
9288 403658.7331117435
9295 403990.7418764643
9324 404098.5771251823
9339 404272.0484694302
9341 404572.9550253571
9351 404581.1217090694
9390 404885.1074443345
9431 404922.5568037336
9464 404972.0777526808
9472 405164.1670880878
9508 405545.9538632302
9634 405657.3515017252
9657 405677.7407829968
9662 405902.6955508209
9678 406022.4353365678
9772 406506.6310484202
9786 406659.3196616981
9928 406912.6857073798
9998 407095.8723849087
10000 406912.6857073798
evaluations raw_y
1 -2166041.0000000005
2 -2121794.0000000005
7 -2101701.0000000005
44 -2094712.0000000005
45 -2087694.0000000005
59 -2081624.0000000005
61 -2077617.0000000005
77 305223.6472181971
123 306133.1239823588
124 308009.2723415358
144 309275.4075597998
146 309518.1589595878
166 310065.3356620246
180 310270.3442123449
185 310444.8779751797
203 311148.2423609582
205 311822.9229984735
223 311848.6702596202
224 312904.0070943923
264 312966.9465654106
281 313633.6830158914
303 314538.7459792849
306 316101.3405941881
387 316622.1442964191
397 317015.9409559562
431 317334.7260982654
441 317394.4763786597
449 317737.6251964557
457 317825.8784210079
465 317912.1975732438
477 318272.0497519580
485 318409.5875571541
498 319346.7230563262
524 319444.0618300926
534 319558.6147765198
538 319648.7131962079
565 320327.4486329053
601 320840.7503974259
618 320933.4507674801
629 321307.0762744009
656 321409.1663751266
663 321591.8958652013
706 322202.1646462158
726 322635.6860335773
742 323094.3230086340
799 323151.8734818938
839 323254.0959468003
881 323333.6155302741
911 323628.8273175396
928 323857.3337654608
936 324379.7246561827
983 324463.9992258111
987 324651.7933571780
1007 324821.2540291054
1060 324972.9590303292
1062 325047.1452222799
1072 325481.9094852232
1079 325545.2872724836
1103 325812.5064989243
1125 326321.6753269747
1133 326333.2624177972
1155 327429.3564865383
1167 327842.6363116681
1226 327906.2932125020
1236 328244.5778527999
1247 328742.3653522446
1279 328777.0032370936
1295 328835.8221995962
1304 328896.4487991473
1310 329343.9183907789
1329 329391.6669264421
1331 329852.5898525434
1353 329990.1963867340
1362 330579.5587840179
1420 330836.6464597959
1422 331117.9514948621
1453 331726.2138183991
1486 332073.3584237961
1502 332098.0301772500
1528 332209.9114365046
1530 332874.9012598200
1552 333019.8788544014
1562 333158.3256872435
1567 333251.5338107558
1575 333650.4895559533
1648 333671.2044217139
1661 333745.5584514354
1685 334211.8172466059
1703 334341.0717560343
1706 334440.2737144995
1737 334466.2971798070
1745 335057.8757475280
1784 335487.3930207191
1801 335987.8165489729
1818 336030.2318787854
1842 336378.6398536676
1882 336764.9824849771
1893 337012.4926192847
1913 337045.2364467905
1949 337115.1042229774
1952 337124.2743687067
1961 337647.4999166040
1966 337870.3738849904
1983 338319.3900994031
2004 338532.5715544127
2031 339033.5074801460
2043 339727.5884311994
2099 340335.3269480849
2137 340795.1756749479
2158 340979.6839929408
2161 341128.2851214239
2234 341218.3834189618
2238 342413.0231910165
2282 342505.9811518767
2318 342814.2826768290
2328 343332.9834968983
2349 343358.2385134957
2361 343383.7303136354
2366 343542.5353356145
2394 343681.9507285070
2408 343711.7223725729
2409 343861.1936683745
2440 343941.6966048757
2444 344184.1142174319
2462 344471.6478093424
2505 345028.3752426302
2539 345580.8998236876
2555 345917.0885182615
2587 346759.9620831140
2657 347435.1163815617
2665 347486.5955133971
2708 347695.7762628542
2715 348142.2550517033
2726 348414.9869633963
2829 349207.1644069008
2925 349479.5882376356
2997 349910.7835969568
3008 350206.2623681062
3009 350324.6336784333
3030 350361.1195283186
3050 350501.7210807220
3076 350774.7820206141
3097 350895.7892958294
3103 351037.1873914243
3108 351142.0767202416
3121 351870.4150503455
3177 352100.4665217322
3198 352277.6776162100
3219 352318.6462834562
3223 352423.5512525779
3238 352603.4292774555
3253 352909.2552603685
3262 353216.9138524793
3291 353591.0604462579
3345 353656.2615815356
3379 353672.7247532569
3389 353880.2730880940
3412 354292.7350253798
3451 354858.7696401638
3497 354895.6707736452
3528 355087.3141710181
3578 355576.0372699067
3624 355742.4489603726
3628 355809.6187862054
3636 355865.8207391122
3658 356004.3309182026
3669 356271.1372024385
3682 356733.8828526359
3729 357205.2956866502
3839 357733.9123403517
3868 358024.7752350065
3922 358090.2688263184
3928 358374.9870141831
3954 358523.4474898324
3993 358790.2380463518
4023 359047.8457683995
4026 359168.5216595151
4035 359336.8656862177
4041 359395.0388115129
4045 359445.6457030371
4047 359590.6941731004
4076 359932.9182113479
4102 360559.2734296927
4162 360636.8690255369
4174 360819.3414816143
4182 361207.9608933375
4224 361282.9687406060
4239 361459.5530145702
4251 361768.6162690721
4283 361814.9057867511
4295 362169.4756817400
4325 362259.9231082954
4354 362524.6695049651
4390 362956.5536440173
4435 363046.8711749818
4450 363560.8509194634
4469 363684.0522927399
4503 363733.4395090661
4504 364408.8613223493
4539 364640.1446966797
4569 364763.0754343015
4571 365124.7280595415
4581 365474.2444983633
4608 365597.7170921004
4624 365702.9364401469
4626 366106.9879420833
4647 366379.3106453423
4667 367069.5772110906
4708 367771.4423460347
4748 368486.4346328054
4803 368610.5874293802
4829 368649.8884979348
4878 369042.1061486977
4885 369051.1543236022
4895 369429.4157428260
4934 369442.3026375470
4950 369568.5054357309
4952 369904.1688417338
4963 370093.4729508807
4990 370719.8575862843
5012 370863.1853673592
5050 370958.9021815273
5074 371309.2202517806
5082 371383.4748803033
5129 371544.9391699709
5130 371606.3388726208
5143 371812.3887355839
5168 372431.6567117809
5201 372436.0532300463
5229 372563.0476960252
5240 372603.6957052043
5250 372888.4890626490
5291 372972.8601402975
5303 373309.1551571242
5313 373458.9009068737
5353 374148.5022321099
5372 374408.7294403012
5409 374628.0416664897
5410 374704.9949274266
5434 375170.9202187898
5474 375284.7343980001
5528 375382.4738195422
5536 375400.7844694239
5546 375425.3511432461
5555 375483.0728828437
5567 375929.4566698245
5615 376131.0671577135
5640 376162.7834116518
5676 376614.8367210218
5693 376859.1329893150
5743 377105.5542151949
5763 377240.5872441990
5778 377386.0581172511
5783 377558.9990744643
5818 377678.1587676888
5844 378179.2617385966
5881 378192.0109311481
5882 378384.5907171755
5936 378993.3163033875
6001 379799.2229797008
6071 380041.9169479460
6102 380555.8041436987
6147 380951.2520044193
6183 381071.7674992881
6189 381216.0109394223
6199 381339.5461660883
6208 381789.8621426853
6266 382049.2329300513
6307 382425.8433648937
6328 382439.7982960351
6339 382447.9215398434
6342 382550.1378645735
6352 382767.4906122024
6358 382955.0099708752
6359 383096.1811514875
6375 383189.4417049991
6388 383438.1091972624
6397 383472.9798022459
6400 383507.5443389877
6406 383752.3803179957
6440 384322.1126782518
6484 384352.9045795411
6518 384447.1827844658
6531 384702.6312757468
6584 384726.4395850047
6601 385032.2430330529
6626 385070.6962774115
6682 385124.2384450349
6702 385432.5120946926
6763 385879.8237859929
6788 386414.6288722253
6810 386480.8073711328
6823 386567.4555079300
6825 386574.7662158941
6858 386692.4771426803
6864 386710.9312023692
6869 386845.0837113063
6881 387354.6861074416
6902 387395.7641536526
6908 387570.5623736918
6949 387719.7939518528
6950 387750.2632841305
6964 388034.3200883771
7003 388079.8645105188
7027 388270.4413729757
7034 388399.0314067045
7044 388632.1747108093
7064 388958.4863613705
7065 389667.2964847499
7135 389922.8758694848
7154 389989.8699476528
7162 390065.8441150730
7164 390387.8128706773
7217 390498.3295881982
7223 391202.1234332011
7265 391220.4227541994
7381 391382.0015968461
7404 391788.3467486479
7464 391950.5559874107
7499 392117.0620004808
7501 392316.7563348265
7504 392637.0220232347
7552 392674.5472703744
7568 392936.8774513929
7668 393082.2766762995
7707 393143.0008500231
7713 393168.8021366087
7744 393358.9220876355
7768 393456.8170526279
7785 393994.9841369791
7856 394068.9153670970
7870 394593.3312014912
7994 394742.4529473998
8046 394971.9595300438
8068 395050.5894688359
8093 395200.0087387977
8095 395215.2283231998
8103 395248.4990652962
8111 395417.5765879055
8119 395519.9702724583
8148 395730.2986946239
8150 396131.1393156663
8164 396175.7913678073
8258 396300.4399382127
8275 396484.5296942086
8282 396543.9844074441
8298 396557.3455937396
8307 397042.1369771984
8331 397057.8751717989
8342 397137.2595120713
8352 397456.2481335482
8413 397539.9268625972
8441 397564.8776184904
8462 397744.1235870093
8511 398287.1780655300
8518 398418.0586305078
8531 398652.3995523055
8567 398966.5380884908
8650 399009.4794573767
8655 399183.6239249386
8664 399638.3890341625
8725 400163.0768046796
8790 400415.0346305511
8792 400559.2664302391
8834 400960.7849608322
8942 401133.0248486726
8950 401435.8064015086
8995 401512.0475110714
9003 401967.2466627880
9097 402381.6978183915
9224 402470.5394684704
9249 402604.0045777851
9279 402692.8429588102
9365 402694.5665080168
9387 402703.8956375283
9409 403144.3625470221
9450 403164.3378063094
9512 403193.9456032000
9526 403463.7581414519
9540 403466.3341012813
9556 403477.2445786355
9593 403901.4402656149
9647 403953.0314482743
9661 404460.2096209169
9665 404751.4714953047
9693 404849.0279381998
9708 405276.4176201189
9784 406030.7870200599
9863 406313.7801655489
9902 406677.5157290329
9949 407559.5737010277
9963 407939.1421021111
10000 406165.5382748102
evaluations raw_y
1 -2130774.0000000005
3 -2107813.0000000005
4 -2097691.0000000005
47 -2095712.0000000005
50 -2082594.0000000005
65 -2078531.0000000005
73 296756.5767423610
84 301617.1959206436
88 304175.3260066725
98 310546.3117972526
145 310589.2224864670
151 310975.6365583081
163 313495.6032644498
172 313856.4120704192
186 316255.0366539640
218 316266.6804228691
226 317089.3823026103
248 318499.3726834611
292 320127.2162792184
312 320393.5433618409
331 321423.1033696826
343 323075.5702115612
422 323152.3176586747
431 323505.7807138967
501 323880.8951377234
508 324257.8992877441
526 324411.4608533122
551 324413.7343187401
561 324639.6317119940
583 325042.6102934516
599 325330.4548389168
618 325765.1452997699
659 325923.3297542777
672 326196.1504939536
688 326315.5118450254
751 326527.5025917093
767 326781.7856445870
801 326841.0505803733
840 327047.4900353305
848 327236.5216670351
849 327507.4593441989
900 327615.6849786070
935 327657.8543116431
953 328034.6083030788
1000 328377.7154227754
1014 328609.7768079672
1050 329026.4622801110
1085 329239.9980469453
1105 329913.6572517649
1106 330021.4495960441
1126 330254.0400751201
1128 330405.5130320177
1145 330559.8239506796
1167 331152.0398279381
1188 331746.5064240641
1228 332105.9413598524
1259 332191.9782139378
1279 332303.1106512618
1294 332788.4614295472
1322 332834.2182847704
1343 333769.4090583824
1414 333782.8881092218
1443 333844.1144863528
1448 334044.8670334034
1472 334271.7360025883
1479 334321.1521996000
1497 334906.2854281472
1503 334939.8178407912
1528 334987.4632964786
1557 335009.7907290024
1566 335754.2018740501
1595 335853.4806734425
1611 336258.5850305954
1650 336902.2717183693
1728 337106.7506366336
1754 337552.9514735407
1810 337593.6080035780
1817 338022.9468482904
1818 338189.0755163270
1871 338350.5991645284
1887 338543.6092039094
1894 339354.8668335421
1974 339440.7772735562
1985 339542.9940892160
1993 340204.5019642235
2026 340226.3450236368
2048 340472.8365570757
2053 340634.0658481981
2087 340691.5588215313
2091 341285.0027976020
2102 341631.4084409447
2104 341768.4577927224
2114 342203.8095404407
2128 342675.6309251917
2148 343209.9387124290
2185 343301.2601358477
2206 343404.1743640171
2264 343456.3883618299
2278 343938.4823580136
2305 343959.8193216111
2363 344355.3941966073
2366 344674.6847582484
2385 345007.3568830188
2443 345015.7573413515
2470 345513.0970088688
2477 345633.5749405993
2534 345727.4409362763
2538 346067.1806462019
2553 346395.3102294350
2554 346402.9768391269
2572 346534.3871645817
2603 347073.4682846872
2630 347085.2415227198
2642 347411.5550975442
2645 347512.2118062926
2664 347774.7160658787
2667 348293.6408176069
2677 348319.7853389857
2688 348332.2514826933
2706 348659.7008917572
2714 348963.8544152949
2730 349176.3071600206
2758 349303.8868502306
2786 349793.8820589634
2787 349818.8434199322
2846 350505.7355868529
2883 350703.4230561780
2918 350852.1897586627
2953 351245.6263746847
3021 351249.7001245550
3029 351465.4648242327
3066 351983.9788026629
3068 352103.1424717452
3090 352270.6529019087
3125 352434.1279123825
3131 352835.8309695381
3185 353210.1194387161
3200 353377.4642896996
3237 353499.5891546773
3248 353592.7499664330
3257 353643.5294636336
3267 353910.4839852506
3268 354038.7958311392
3283 354356.0034680286
3288 354730.7563917228
3303 354871.2707476768
3345 355209.9190564702
3348 355388.0365949972
3372 355691.1466086227
3381 355874.1663418650
3388 356309.3082947739
3411 356452.1200794032
3422 356685.0367579790
3428 357055.6361715893
3455 357270.3832038611
3462 357564.5204762216
3464 358010.0225664686
3511 358123.5256672303
3515 358277.3318284476
3534 358698.9676684728
3568 358760.7620701359
3601 359186.0960314554
3645 359338.9788025636
3674 359352.5559598206
3687 359405.0799022089
3688 359568.9244019703
3691 359715.1654612939
3697 360388.4976141401
3724 360602.2680944787
3762 360996.8786337615
3806 361348.7668639100
3862 361425.4912887870
3910 361872.9198950386
3956 362408.6149691729
3969 362620.4162697014
4003 363040.1976036096
4024 363121.8813641592
4034 363177.3342116073
4065 363194.0202452526
4080 363235.8032921672
4092 363365.5049789512
4097 363567.3914539070
4148 363737.3923637695
4166 363902.2886152358
4169 364091.5418461231
4217 364209.8591945643
4241 364734.0012124889
4273 364807.9486559179
4285 365137.7266411826
4343 365189.6233094012
4345 365265.1010872275
4359 365285.6901464601
4367 365396.6379187628
4393 365505.3721401399
4394 365598.8099113851
4422 365896.9244815914
4450 365970.3627172053
4487 366332.3746735393
4489 366879.2645752397
4547 367231.8326640468
4584 367659.5022645451
4587 367791.2236277327
4604 367937.6418500943
4607 368569.5958912075
4643 368696.0431916342
4664 368716.7845695044
4670 368732.6369836669
4672 368820.7762261253
4680 369028.1451976630
4695 369453.0074977549
4723 369653.6772176932
4732 369902.8124677955
4742 370080.5061004176
4801 370392.7554937116
4807 370406.8704285120
4823 370565.6781878305
4829 370631.1801109966
4832 370937.2265003753
4862 371110.1396010421
5014 371331.9207290804
5017 371423.0940473303
5060 371633.5163926967
5068 371743.2567182378
5101 371970.7820852021
5108 372006.7387253226
5131 372263.8554866832
5193 372541.1191195842
5203 372786.5909507012
5230 372954.3059279037
5253 373008.1526410278
5272 373190.7239650270
5285 373807.8613612778
5330 373969.3493058324
5357 374089.1897422905
5373 374450.3525698283
5381 374642.7821903202
5424 375029.6932332403
5524 375246.1753590793
5580 375654.3120117894
5583 375698.7765661744
5599 375770.6836266663
5617 375840.4531330366
5670 375990.3392310027
5750 376311.4396784864
5752 376377.6476931995
5826 376698.7334546072
5882 376903.7249157149
5884 377400.8142028865
5955 377732.4509412035
5973 377785.6373402255
5998 378056.5650772926
6039 378206.5266271158
6041 378388.7407826674
6067 378412.8389776073
6097 378571.6029985161
6130 378940.2568701019
6144 378956.4854406335
6171 378978.6086833069
6187 379160.0096926188
6189 379434.1579152525
6205 380167.0400769553
6297 380833.5182312363
6368 381378.4607293219
6420 381917.4189724258
6463 382036.1793972478
6496 382065.7991600648
6501 382517.9610928381
6550 382698.3885307204
6580 382769.6166058816
6585 382885.1124223252
6601 383424.3909495343
6666 383639.1515222976
6677 384019.1614856665
6703 384027.6010210892
6728 384320.8466588666
6743 384531.2927688707
6778 384694.6311098584
6783 384768.0239760816
6835 384919.0051165576
6840 385040.3046116154
6849 385111.8922804836
6856 385180.7869261472
6925 385454.6262822865
6926 385571.2170288376
6958 385817.9103741256
6975 386123.6255805068
7004 386901.7687278754
7033 386959.8279964160
7046 387233.7161374149
7095 387475.5645433179
7105 387495.0551040757
7131 387565.2996565960
7155 387612.6823827688
7169 388146.2145344655
7171 388389.1589868553
7217 388562.9575159196
7234 389070.5947340970
7246 389315.5127981103
7328 389476.1651314587
7367 389789.8897422316
7398 389830.8534505499
7419 389950.5363086297
7455 389994.2493845165
7471 390259.3351173215
7487 390338.0573711988
7491 390424.2255101448
7493 390841.1520135078
7507 391044.6389185952
7545 391429.2689346711
7598 391619.6386248523
7621 391968.7007051974
7724 392182.2344702122
7733 392366.7630990517
7773 392640.9104036929
7816 392758.7194272461
7856 392763.0050597159
7857 392789.9562872890
7890 393131.9004465615
7954 393189.8486483459
7997 393282.5830893426
8021 394301.8572592958
8121 394304.3845783033
8142 394517.6695472544
8217 395033.7978189082
8225 395249.3980151359
8330 395761.1919968008
8456 395884.4016585476
8493 395988.9874404188
8585 396039.4790167364
8614 396046.7638165083
8618 396065.0614288552
8627 396250.3743914171
8660 396607.8058890066
8760 396629.8652637983
8780 396683.8797802204
8816 396919.8220301883
8851 397443.0778945954
8925 397597.9533338032
8952 397926.8394293247
8994 397978.7179121146
9019 398141.8615717864
9033 398304.6073517998
9094 398551.5401325019
9113 398762.8569478847
9213 399309.4845085454
9283 399517.5432956567
9325 399584.3502009679
9370 399619.9308104542
9424 400198.4446110316
9462 400456.2105476343
9490 400558.6422147285
9499 400613.2812783450
9522 401118.0548479490
9559 401157.9438552101
9571 401607.3598706406
9622 401936.7098216833
9660 402044.3969097346
9661 402101.1644011002
9664 402135.4699032088
9690 402287.4096107060
9731 402426.4443252584
9746 402491.0742634105
9823 402555.5529747444
9861 402696.1005635633
9867 402791.3668233026
9877 402924.3921102004
9883 402936.3056627341
9901 403539.5690986073
9967 403922.9518857990
10000 403851.3403845460
evaluations raw_y
1 -2180151.0000000005
2 -2112737.0000000005
10 -2094751.0000000005
42 -2089658.0000000005
43 -2086683.0000000005
52 -2084646.0000000005
66 -2079612.0000000005
77 303342.4846094413
112 306125.2641114875
119 312912.6310516847
128 316543.8361055315
157 317257.1208612713
173 318629.6433540416
203 321739.3969585312
233 322280.1064009909
246 324326.0827857463
270 324427.1585873136
286 325787.2036024341
324 326008.6393989634
343 326927.7130338221
361 327293.4577256069
409 327563.3033273180
419 328065.8736885808
431 328244.5221436098
445 328683.0501973026
451 329418.7334893924
500 329607.0794572482
520 329779.3370606840
522 330058.3197046196
572 330957.9192939246
584 331563.2479278382
652 331957.9933522320
684 332201.9667708015
702 332461.8440664281
732 332535.9188824554
746 333112.2679761092
771 333643.8292505773
818 334674.4358656244
917 334742.4699464436
921 334822.2020174070
945 335006.3111700891
961 335419.5536765001
979 335440.1773123507
991 335577.9109396246
1005 336049.1898200895
1058 336432.6102564620
1084 336683.5989652371
1101 336904.4303344705
1122 337400.2720049179
1163 337419.4841585321
1168 337605.3442388929
1187 338288.3266846086
1202 339707.0263355626
1266 340501.4634691924
1324 340815.3071365043
1341 340895.9682907360
1345 341011.1358780176
1373 341489.9553030144
1410 341886.2379082610
1420 342285.2489118014
1477 342337.1232732328
1485 342617.6054118027
1530 343240.0302043462
1555 343452.8696053716
1596 343702.9908679296
1610 343914.7468061653
1631 344159.4973325653
1651 345069.9481588551
1704 345295.1306437046
1729 345956.0232447664
1753 346651.9257161291
1782 346791.5611493067
1817 347069.7740940291
1843 347077.2807989464
1846 347511.9008460138
1917 347713.6283181856
1918 347832.3076865454
1949 348225.1213797096
1967 348271.5323317578
1978 348283.3824681679
1981 348424.1314769142
2005 348682.5248953121
2013 349187.6734999869
2037 349191.8710514760
2052 349369.8374286918
2081 349607.5806364263
2092 349748.9168360645
2098 350131.1157776137
2124 350297.6679904442
2155 350349.4499511912
2160 350753.6180743122
2202 350816.9418812660
2214 351199.3292597485
2221 351640.0670597251
2247 351667.9122151270
2261 351786.0922585143
2268 351947.8571428988
2296 352509.0337506525
2304 352689.7708607125
2328 353430.0329791125
2342 353827.8275945626
2409 353970.3205494973
2432 354702.5970693867
2479 355285.4794277220
2551 355750.8133963823
2573 356113.4350573508
2581 356280.2455958636
2593 357414.3074629027
2674 357448.4404876198
2685 358126.2413130042
2699 358509.9272658852
2712 358871.4037138287
2756 359002.8730951803
2772 359145.8716682914
2790 359287.0298320620
2810 360384.9261398059
2870 360415.2949771431
2899 360484.6354232176
2911 360531.4715259363
2930 360813.9653892820
2946 361199.6779322439
2979 361291.3909019816
3019 361432.0358225205
3028 361836.4115979699
3071 361932.8852097507
3141 362554.1697945211
3161 362839.6750425475
3202 362894.1957336250
3236 363259.6023266326
3250 363292.5492149967
3282 363805.3465987298
3291 364066.9043684295
3326 364155.5089233508
3402 364241.2437045196
3433 364258.0247903007
3441 364367.7719182742
3498 364571.4775921813
3528 364614.4440398646
3542 364813.4715202975
3576 364980.9042509659
3601 365240.2228758406
3631 365319.7964243555
3641 365715.6428561925
3653 365781.8741709043
3665 365803.5416112600
3683 365948.2691902775
3713 366426.6814284935
3742 366497.2735284464
3761 366665.1445732869
3771 366928.3810141891
3795 367336.5075378524
3817 367372.2235567887
3855 367490.2982538624
3859 367603.5951326939
3864 368429.0981456627
3867 369016.4715512245
3908 369037.1804445583
3922 369920.0948877016
3949 370229.3671161138
3956 370517.8038678707
3994 370634.2903721592
4015 370790.4305249935
4017 370950.1527902469
4030 371073.9717997690
4066 371697.3654106921
4088 371815.5216279859
4151 372414.7004693826
4195 372434.3966790771
4207 372664.4854674356
4217 373162.8192318585
4295 373290.1125650412
4326 373403.5679361345
4344 373831.1549325616
4371 373983.7258281536
4382 374296.8962553294
4400 374476.5054102003
4415 374778.3114458058
4435 374884.3174086220
4446 374930.8227375532
4448 375189.5295998706
4457 375804.5040006388
4501 376024.6746223693
4533 376132.2734760857
4538 376427.7103097400
4562 376610.0842962906
4564 376734.2990066184
4613 377059.6896522321
4707 377332.9767688170
4721 377838.6270646054
4760 377843.2315696687
4798 378072.1357320282
4819 378428.1870720328
4868 378606.8627688553
4894 378645.6046314441
4907 379293.2139574875
4962 379654.9796239558
5003 379810.5191235520
5005 380118.2542695902
5053 380244.9989962063
5064 380332.8168597230
5079 380430.9810595921
5102 381596.2554400151
5210 381972.6754885811
5256 382077.1237151257
5279 382160.7528321149
5318 382185.3036264880
5352 382500.9749090380
5372 382616.6103232554
5380 382665.9462459009
5385 383260.6888316847
5438 383753.2984281332
5450 384410.9654264694
5586 384564.1220839612
5638 385063.4146914784
5692 385462.6062781703
5721 385468.8616884491
5747 385530.7780747824
5767 385697.6560099972
5818 386383.0532738654
5847 386508.4934148309
5852 386549.9544083719
5903 386757.6239926070
5914 387343.0426797974
5937 387589.8474713969
5965 388240.2090646027
5985 388294.5941508349
5999 388568.3062539762
6020 388924.7618948745
6027 389474.0707966835
6083 390250.2504108034
6187 390502.5764012099
6188 390972.1883043534
6201 391522.5374367543
6252 392591.6384321333
6301 393009.6292207475
6357 393038.3748124969
6364 393202.5440726191
6377 393286.8475097566
6379 393435.9009733004
6394 393659.7751938181
6402 393839.9539531547
6458 394117.7186184525
6481 394209.3686000945
6510 394576.9435437142
6530 394725.9633333979
6547 395303.6047356804
6586 395574.1162746935
6613 395851.2012897289
6634 395852.1592519036
6675 396025.5996022771
6681 396440.3559962364
6704 396447.9329967652
6728 396832.0823523086
6735 397193.8737294959
6756 397280.0432046459
6787 397414.6390065321
6811 397769.3903018904
6812 398043.2060642627
6848 398356.9932908955
6893 399039.0266191862
6965 399089.9168938879
7010 399200.8027947025
7041 399301.8241970705
7064 399570.2084863978
7069 399609.2054314889
7072 399625.2547817664
7101 400006.4091543256
7109 400049.0586101860
7131 400620.7270993330
7159 400621.5605358928
7162 400712.4793362171
7173 400878.5062594431
7189 400953.8689811526
7191 401625.0954671155
7206 401650.4846147384
7323 401666.2462238502
7353 401718.7056579380
7372 402545.2088623144
7409 402565.9937905360
7446 402601.9475825864
7449 402634.5126696223
7463 402699.2169559888
7474 402800.4182629774
7479 403175.7707190310
7558 403210.5472382490
7580 403410.1457970045
7595 403497.1030781419
7629 403588.8624582973
7767 403873.1013308718
7789 404120.6528861381
7848 404274.2833297739
7887 404477.9230315348
7901 404494.9475355633
7910 404786.7101586355
7983 404845.8423791144
8022 404897.7684210282
8050 405452.2017656979
8081 405534.2531573047
8094 405738.3381131733
8105 406114.7445009245
8125 406339.3237478771
8185 406446.7483701659
8190 406596.3906234935
8213 407000.7492854116
8303 407294.6831818242
8325 407779.4649094715
8429 407858.6095903984
8454 407888.3801160145
8467 407958.9553525150
8470 408068.4327141660
8473 408117.0667624712
8523 408378.5958485384
8541 408790.3530062870
8594 408806.6833025317
8652 409106.8671566274
8658 409245.5052934919
8702 409311.9490500041
8718 409319.5022562630
8744 409817.7878687034
8828 409884.2179219490
8841 409953.9653262397
8842 410665.8627341560
8923 410875.1732889203
8929 411059.8442127320
8966 411130.4455813914
8984 411308.4429488453
9004 411540.4425014497
9062 411842.5692081084
9122 412082.8614045891
9183 412166.0537699312
9195 412166.7313392869
9215 412184.8752158663
9224 412259.5411699738
9226 412411.9803632890
9286 412591.2007081697
9297 412734.4561301997
9331 412795.7893832573
9361 412991.6843973224
9411 413126.2350982086
9432 413519.1311074100
9645 413604.2320424739
9724 413718.5414607733
9798 413914.4530550738
9805 413929.5959541766
9851 413989.4376845306
9873 414109.6421355432
9874 414722.4770584406
9959 414877.0797002080
9975 415019.4605385147
9992 415094.1874065810
10000 -2073626.0000000005
evaluations raw_y
1 -2135864.0000000005
6 -2126894.0000000005
11 -2115766.0000000005
31 -2111883.0000000005
32 -2109801.0000000005
37 -2107824.0000000005
41 -2101663.0000000005
44 -2085649.0000000005
63 -2084592.0000000005
66 -2081692.0000000005
72 305450.6568259359
105 305849.8703319243
112 311487.3801102247
122 312382.6582042436
166 313022.9196627617
167 314115.6238473507
203 314145.0686405310
204 315055.9027783852
205 317118.5655316188
230 317585.3921505653
234 317868.7412728361
256 318352.8738285539
276 318533.9839285988
287 319291.4288578765
304 319962.6771211367
320 321379.4593556554
376 321726.2863476355
387 321853.7950017885
398 323420.0043510199
445 323925.7495178573
447 325070.4847015223
509 325838.7849253968
546 325946.8760162924
552 326698.5941604538
578 326780.3100496936
592 326818.5042596721
593 326924.4967062897
603 327320.6663901641
611 327322.9375465963
615 327789.1648196592
632 328114.0620907691
663 328958.5033603015
684 329627.3718810279
778 330224.1236038997
810 330451.6342654509
828 330511.7272050944
837 330869.4818996955
852 331079.7572953306
864 331325.5496675881
912 331457.4289048474
918 331898.0241547514
924 332741.2755098321
962 333815.2332628747
1003 333829.7023998401
1029 334076.2740934756
1030 334177.0270982446
1041 334333.4898801373
1064 334350.2329705119
1068 334695.3972333586
1078 334727.0395164592
1084 334856.1849443240
1096 334909.4287150854
1100 334986.0862443588
1101 335783.4804279540
1150 336108.9171795002
1155 336397.3504305280
1161 336617.7485765985
1179 336691.2944599140
1181 336773.6649841917
1185 336791.9684697186
1204 337207.0314329812
1217 337365.7758022115
1225 337386.5681797013
1226 337576.1303917897
1247 337958.8884364411
1284 338816.4618381259
1311 339224.9269603089
1340 339728.7897279062
1390 339863.8874736013
1407 339965.2826198944
1411 340217.1496233975
1424 340392.7787319210
1435 340443.5219589293
1462 340465.9658665811
1465 340658.3393723995
1486 341012.6981518231
1507 341214.9143246989
1543 341306.5704459856
1568 341342.1721740884
1577 341373.6226370036
1584 341377.8403949159
1593 341510.3665103598
1594 341519.5919774902
1604 342090.1496557650
1633 342663.4200393914
1666 343297.0906519641
1691 343472.1881539381
1697 343526.2525757698
1701 343773.3495023301
1718 344203.0267305856
1746 344263.1370961121
1777 344269.0929249489
1782 344278.5652601233
1785 344890.3449636048
1816 345111.6361547537
1828 345828.7848523781
1870 345832.7951914851
1873 345879.3853728699
1901 346071.0788696253
1931 346292.1908709913
1961 346779.5641676261
1987 346981.9290259646
2016 346993.7768601217
2045 347582.3500991968
2111 347625.1954731447
2116 348059.6323394624
2138 348413.2243774853
2194 348585.1844906612
2206 348945.2817275147
2263 349402.4193295144
2306 350354.4082193450
2374 350993.1757018002
2431 351863.4180557982
2446 352703.3191604414
2538 353202.1267550243
2545 353638.6029921325
2620 354086.3259569723
2632 354342.0365646886
2635 354472.3767540333
2654 354770.7266944443
2668 355105.3409665618
2721 355779.6335353195
2785 356171.3400990691
2822 356429.0852439363
2845 356642.4369374365
2863 357152.3030154035
2889 357205.3264865472
2906 357444.8774939747
2911 357701.0407742490
2921 358086.6861816739
2947 358140.1809697741
2959 359053.2721735839
2962 359385.1191033099
2984 360126.1315214185
3039 360681.0895823680
3047 360899.0018842596
3062 361073.2908822435
3074 361101.7611435532
3084 361482.5764037045
3088 362280.8856353857
3115 362300.8703962912
3125 363041.5235774094
3174 363081.7204663090
3175 363745.7486905485
3185 363788.3066953892
3198 363992.3202851909
3207 364301.5464732610
3226 364513.7003856059
3244 364768.9952828793
3298 365588.9913244075
3339 365863.7366744100
3341 366003.4813516333
3348 366206.6555078470
3362 366362.8064343935
3371 367217.8259176631
3427 367423.4321562730
3443 367625.0299878932
3496 368134.9938803324
3565 368264.7172177657
3569 368654.7248562173
3643 369393.4485464534
3686 369604.6211484249
3698 370043.4756312601
3763 370313.6831485728
3770 370645.3582300484
3818 370873.2432525828
3845 371418.6468965554
3902 371696.7384262639
3920 371763.6391995638
3927 371785.6415298347
3929 372017.6231898406
3952 372116.3568059673
3956 372161.3396607239
3970 372579.7538271979
3976 372820.9842786316
4001 372985.7002226853
4021 373366.9608838112
4034 373407.4363934161
4066 373453.5035944522
4080 373566.0888651770
4087 373660.6607492043
4088 373720.0870055385
4089 374083.9686451414
4103 374155.0175610953
4114 374302.6664087794
4123 374597.0117225384
4150 374849.1790474383
4157 374953.0601774958
4162 376189.9908164899
4231 376301.0943110317
4284 377195.7266821169
4368 377932.0345506323
4382 377946.1500736299
4391 378165.6764374647
4478 378242.5585170834
4482 378324.1226094255
4525 379608.5773989245
4599 379644.0854344151
4628 379660.6647856682
4631 379721.4630697038
4640 379900.0892550183
4654 380317.9148412066
4669 380332.0261547802
4679 380777.8657087662
4696 380936.4569131371
4712 381035.4245570585
4729 381051.0695003383
4731 381294.3583435374
4757 381379.6192988905
4767 381420.6036417713
4789 381441.3957388314
4795 382311.2506722422
4834 383011.4717611447
4910 383857.5781129466
4962 384234.3365381692
5040 384274.8642752503
5045 384322.6221911659
5083 384598.7990600049
5090 385036.3923260943
5155 385421.0934978269
5189 385502.3409287429
5201 385812.1750302069
5226 385893.4217460275
5240 385903.6079044934
5241 385957.8359290686
5261 385983.1129419411
5297 386244.8521663435
5317 386702.0883996401
5379 386931.0326866968
5420 386965.7816670659
5427 387623.3980015385
5465 387954.5379205603
5535 388265.5498104381
5550 388703.9192450619
5616 388800.4776153137
5636 388822.2862281768
5645 389137.7762670577
5662 389284.0808436740
5694 389567.1442399757
5717 389829.4242027697
5787 389861.4567167072
5791 389905.2660431428
5813 390167.5459748951
5859 390373.0454210181
5869 390431.4875891028
5889 390570.9950871300
5900 390661.5291025293
5905 390702.8318251789
5909 391510.6570216409
5963 391596.7795858161
5964 391765.2900568620
5978 392106.8733253113
6011 392346.1075343654
6042 392731.3768897026
6108 393021.8093745377
6142 393348.5104197680
6221 393885.7413345118
6274 393980.3108290825
6289 394389.7165512418
6328 394764.6430271878
6371 394860.4109286885
6393 395487.8703448435
6434 395631.9183019069
6443 396207.4101408611
6494 396248.0162958836
6516 396404.1006994586
6550 396741.3237247833
6596 396816.2579110002
6625 397357.2300687528
6737 397381.4907631684
6739 397566.1070924196
6783 397573.4757143679
6791 397611.1931896452
6804 398122.3543365457
6862 398201.3727260982
6865 398732.1769887396
6924 399179.0288376437
6975 399329.5421113260
7015 399493.2664545228
7069 399557.0529435877
7073 400753.6451826259
7148 400995.9216041621
7162 401079.0643401545
7208 401146.3713357061
7234 401336.5708878168
7261 401759.3609631245
7285 401766.9786621578
7308 402020.2789771499
7325 402471.9737619664
7375 402479.5959699193
7387 402888.9821137498
7451 403335.0517949707
7469 403451.0743912098
7493 403671.5456330795
7534 404257.4778519013
7577 404353.2297381391
7633 404516.7773582022
7671 404611.8430218675
7698 404677.1664823145
7727 404778.3368346682
7745 405016.2132176014
7770 405251.0646409302
7816 405273.5678161297
7844 405463.6007136767
7877 405496.0519489039
7883 405522.3649234631
7896 405863.7892456463
7912 406061.2776015588
7920 406103.4718471271
7956 406470.7771018264
8035 406699.3702586480
8069 406736.8119911791
8097 407014.4225360054
8148 407161.8034201220
8176 407335.8277534666
8216 408019.0809180552
8222 408026.5935250754
8277 408196.7878826245
8288 408603.3779622333
8357 408965.2614196775
8397 409031.0466187477
8458 409430.2074711717
8483 409470.9048515802
8506 409536.8330151881
8521 409614.8926348180
8563 409803.9123101488
8594 410153.2804493790
8625 410264.1781253287
8753 410339.8095872654
8769 410400.0521623754
8808 410804.5281729585
8842 410987.1393419773
8844 410999.6469409324
8893 411470.9615960540
8948 411600.2675651205
8996 412435.2039819687
9045 412889.2701819944
9092 412935.1560993706
9120 413186.3762762840
9218 413216.2031941709
9278 413353.2782647214
9281 413450.9153629661
9341 413554.4280972594
9345 413773.5741138666
9376 414135.6905648494
9432 414166.4966554266
9442 414172.2519379085
9457 414229.1810943981
9486 414364.7259189345
9501 414550.3715833992
9534 414912.4505638261
9555 414951.2293615450
9574 415157.5313913324
9603 415271.7435490513
9641 415458.8670576200
9655 415879.7595242006
9694 416011.9302410501
9696 416098.7493938172
9710 416334.5453271039
9751 416455.2679406586
9765 416587.4386575081
9767 416880.4292613632
10000 415884.2777499661
evaluations raw_y
1 -2098767.0000000005
2 -2096660.0000000005
15 -2096616.0000000005
21 -2086721.0000000005
28 -2086546.0000000005
33 -2083656.0000000005
42 301367.7556993106
60 306105.2270549382
62 306725.4147236242
74 307432.7313904638
100 311405.0651812906
117 312499.3100836786
160 313278.1603114989
184 313824.8041463476
185 314793.6262037826
188 315025.2851129594
197 317970.2535226024
207 319339.4794539150
289 319349.3317062532
301 319927.9668809114
304 321052.4598899731
357 321377.1785638895
372 321390.7909404991
402 321462.8313361754
406 321773.4819179712
431 321887.1839329168
437 322039.4716336008
458 322210.5275925037
464 322412.6061791497
476 322615.4371143677
485 322819.2059507046
526 323092.6891196016
541 323319.3818393062
556 323883.7304178744
557 324581.3071517075
561 324824.7650352428
588 324888.1906621085
596 325366.7166444301
605 325597.9423259313
608 325777.2628224586
621 326806.4339282347
671 327001.3170797952
673 327498.6639936179
683 328191.3257841445
735 328512.5549685614
797 328839.3130748823
802 328850.1757579593
886 329114.5624469162
898 329223.9587552966
973 329232.3920439740
1014 329346.3116642453
1052 329452.1697433532
1076 329591.7788933766
1091 329660.4684596256
1100 330008.2006659801
1101 330228.9119797774
1131 330562.5435960644
1134 330605.6962572701
1148 331128.8090499148
1170 331167.1007998771
1193 331775.8413702550
1197 331953.6746657997
1231 332379.7280492379
1276 332675.6641851554
1310 332745.5692256984
1363 333482.8948015109
1412 333707.6521765797
1429 333909.4806691984
1466 334063.7067989185
1474 334585.4568219658
1489 334597.7249338206
1520 334848.8128802277
1530 335308.7503222910
1533 335415.4092117842
1566 335615.4663206177
1596 336016.6293227293
1621 336245.8934639030
1641 336999.2002618504
1665 337656.9302605754
1686 337860.1181390230
1698 337874.7716267223
1702 337937.4402522043
1714 338201.7147737287
1723 338435.1930149586
1789 338659.1301718708
1812 338934.8842260201
1826 339256.4069713618
1879 339429.1115422152
1898 340334.3150819068
1921 341343.3247778254
1945 341438.2681646846
1976 342319.3808010452
2017 342720.3891635003
2063 342801.1721053758
2072 342871.6612961960
2084 342939.0532147029
2094 343200.6116146590
2103 343355.0032971746
2118 343462.8032116202
2126 343813.7420054172
2153 343968.0804562060
2177 344043.9207629543
2202 344132.3090342475
2212 344579.3082799758
2236 345080.9929808172
2329 345269.4468596427
2342 345283.6061283206
2349 345399.1599472536
2383 345550.2656662669
2398 345874.1791169698
2413 345888.4087212902
2420 345926.1254465241
2441 346304.0499688709
2448 346452.0238126803
2465 347076.5518866185
2498 347158.9130735629
2516 347161.9659862934
2522 347330.2719693300
2528 347680.1010907993
2529 347684.6377663629
2544 347978.3687743665
2571 348258.3775665576
2583 348378.3387483470
2596 349164.8902169251
2637 349466.6397945044
2643 349836.6016046568
2662 350126.0948927869
2665 350174.8566618048
2677 350476.9403593382
2684 351082.5229036135
2706 351763.8925636524
2759 351888.1411696258
2791 351911.6652213882
2804 352341.1327045702
2808 352491.7984731436
2816 352661.1156908976
2842 352682.6847788182
2853 353279.3016371245
2856 353305.9376549817
2866 353337.6016426905
2878 353503.6798804728
2899 353765.2902176424
2938 354193.0397035465
2957 354574.8717999361
3007 354821.7008328171
3014 354841.1935595735
3024 355261.6010939772
3067 355368.4138858535
3081 355441.6870307064
3090 355735.7553911132
3102 355805.5848496120
3154 355831.5872185522
3185 356035.6917521689
3231 356449.9218853859
3286 356538.8937871567
3287 356904.2854927630
3301 357108.4003280823
3359 357261.1367261155
3382 357470.4840935086
3422 357672.0417291967
3429 358011.3581962733
3494 358273.3413731554
3502 358492.3141048006
3509 358760.5286533728
3553 358876.8298998458
3585 359128.3877550957
3609 359385.7073330081
3627 359559.7789513154
3647 359838.6814124039
3649 359935.0750199388
3655 360021.9957441778
3696 360370.5369688112
3755 360406.3688729978
3759 360821.2639075939
3782 360915.5456750204
3797 361499.4037605965
3867 361746.7812082299
3887 362264.6682412694
3965 362434.4218613801
3985 362728.8750817603
4004 363804.6138985032
4079 364429.7332934611
4087 364764.1257128055
4142 364925.2374944183
4143 365050.5017841359
4193 365220.9855694672
4196 365271.1580464910
4283 365721.2798067348
4343 366162.6200570867
4361 366352.8149064292
4414 366820.6715444092
4452 367271.9727363496
4497 367702.6837603395
4561 367937.8941641232
4567 368599.2993842849
4609 368743.8879164297
4627 368827.4656268091
4658 369078.2176891140
4674 369743.9026807761
4750 370461.0275063788
4847 370588.9920821939
4867 370663.4174276541
4919 370680.8054377770
4950 370944.3803462923
4962 371396.4131273543
5005 371550.7917773463
5042 371684.4499669562
5047 371889.3700265919
5092 372239.5434953890
5101 372439.6843286576
5113 372564.6192583455
5124 372584.3784433090
5135 372714.5486929606
5160 372832.9463199099
5164 372990.8977817379
5183 373352.2579201752
5212 373623.2462258561
5288 373671.5942220921
5291 373671.6572469391
5293 374153.8389572821
5321 374465.0540790223
5360 374940.0842690670
5374 375071.3266800522
5420 375077.8947694272
5436 375164.3252913944
5439 375170.9555273136
5444 375280.2203366985
5468 375713.7557433374
5486 375865.1911381187
5574 375933.2675711873
5576 376095.3006090450
5614 376295.4609759333
5627 376327.2289644351
5640 376501.9339769653
5651 376806.9592598951
5690 376936.4977521908
5730 377304.8357203681
5747 377427.3611800246
5832 377724.7911857697
5883 378029.4034013976
5959 378063.7401878085
5987 378108.4687692612
5994 378245.7187494743
6001 378287.3492307703
6025 378358.3715251182
6033 378498.1895649115
6034 378500.7102048543
6040 378638.8086962625
6082 378667.4439963020
6084 379360.1910230895
6138 379515.7549780593
6156 379740.3550622867
6169 379880.5426909043
6206 379892.1057009072
6207 379940.5861055497
6230 379957.4985719968
6237 380188.2238673403
6239 380394.4361983594
6249 380544.2449599650
6251 380794.1754334096
6266 381092.6558313754
6269 381396.1326111929
6329 381414.9221682534
6342 381461.6260933424
6345 381976.2929212711
6367 382194.6257233840
6405 382284.4754678044
6410 382736.2863410942
6442 383387.8134867467
6464 384014.2176185433
6522 384401.8164087450
6547 384620.6373484072
6580 384807.7684963233
6595 385269.6514620998
6606 385534.1457422959
6615 385775.3406853626
6630 385968.9184934688
6715 386274.9036700738
6738 386465.9459648353
6763 386508.1182439572
6764 386749.7209696406
6782 386779.8533528003
6784 387112.2373517613
6809 387445.5939635391
6843 387619.6584926062
6861 387944.4331302006
6871 388422.4216737398
6907 388496.5915839168
6947 388543.7178470882
6962 388608.8670740614
6966 388710.0943988491
6967 388765.2661315292
7027 389176.8589520079
7125 389543.9540440278
7138 389584.7862941803
7158 389829.7171650322
7176 390005.9821229863
7194 390455.7540456280
7227 391072.8841029599
7282 391149.4439713194
7321 391359.1231745700
7324 391378.3233283524
7347 391556.4329251547
7383 391583.1515881493
7406 392051.0018556310
7450 392081.0106004254
7457 392130.7454686823
7465 392260.8173155294
7476 392504.1516542189
7490 392618.0060894439
7540 392883.1888595402
7541 393106.2035149485
7567 393185.3217674689
7636 393231.9013387142
7639 393314.0820344855
7647 393362.8542250555
7657 393534.0883776387
7680 393725.8658695256
7698 393749.1567436715
7701 394001.8397900357
7715 394007.6125593358
7722 394074.2134827754
7743 394191.2408265405
7756 394216.1823012373
7787 394294.5047308876
7831 394511.9312264021
7838 394637.2138210274
7860 394711.2303662681
7909 394721.4094269880
7934 395123.9468441277
7958 395409.4060869065
8018 395549.3604572852
8045 395697.6222795408
8068 395881.9124548577
8091 395883.9901096682
8184 396034.8611011749
8223 396429.0171698226
8259 396511.1487488258
8272 396631.4920170887
8315 396649.4128363247
8355 396820.7534511738
8365 397251.2028793562
8422 397346.5839164630
8490 397685.6082496386
8499 397965.4388986931
8572 397991.0251480400
8589 398095.1874098378
8607 398371.5447434103
8639 398389.4179379162
8645 398508.2975447489
8757 399195.6190873094
8843 399428.2614852501
8859 399621.7057150167
8944 399854.3310188183
8966 400238.8386908612
9001 400374.1018667812
9019 400473.2345062898
9032 400632.0243036502
9081 400730.5530564289
9104 401250.6455119542
9161 401385.9091329966
9199 401469.0647388679
9290 402014.2845161738
9363 402056.5018753079
9499 402489.2492171264
9538 402763.1488895150
9562 403038.2755602968
9676 403404.8208633980
9681 403444.9156476101
9701 403462.8733252801
9715 403731.1303562600
9731 403972.3150517868
9813 404090.9345387620
9863 404165.2261083301
9910 404558.2521609251
9940 404728.2501538814
9973 405715.1365720963
10000 -2073634.0000000005
evaluations raw_y
1 -2153987.0000000005
3 -2125850.0000000005
4 -2105690.0000000005
25 -2101589.0000000005
45 -2096587.0000000005
56 -2094739.0000000005
58 -2088653.0000000005
61 -2086541.0000000005
76 -2083665.0000000005
82 -2082661.0000000005
83 -2081590.0000000005
103 -2077507.0000000005
104 301785.1819361142
125 301930.8408606153
144 305540.5178572641
192 306069.7914019625
218 307272.0292733550
224 307283.9540284954
233 308308.4921291976
260 308406.8404147586
265 309913.0108358932
281 310441.4280315059
282 310672.7208167022
316 310716.4574476322
321 310891.7546927190
334 311614.6552188789
346 312272.2211775100
364 312699.0404502476
368 313224.9958445367
397 313409.4353337183
409 313421.6674795118
413 314847.6009286576
445 315201.5679139603
452 315394.0926040182
483 315448.9908398992
493 315717.3812511039
506 316192.1643979785
527 317027.1266300490
549 317436.2818660446
577 317510.0575791163
582 317849.9219740743
603 318197.0542956871
622 318601.3503478504
662 318951.7078070272
711 319032.1288092339
745 319364.8515906985
757 320090.0395249638
768 320244.1144744999
793 320386.1015766403
795 320416.5625580630
813 320716.0153943721
816 321057.1825009223
866 321153.8376266171
875 321462.1420803433
881 321713.7177424231
902 322308.7621682896
947 322441.8943103463
961 322985.2333209927
998 323333.0850349671
1011 323570.4174952563
1021 323928.2041363941
1033 324227.7501429470
1059 324446.2170924360
1067 324472.8022981820
1083 324684.1862818567
1105 324754.5866967358
1110 325030.5641584997
1143 325871.8607142571
1181 326063.7353686684
1214 326364.8991742162
1251 326602.3043475591
1261 326791.9697375402
1278 326916.6744396109
1304 327589.6145930989
1341 327970.7799269386
1369 328086.1384206684
1405 328288.2763577618
1426 328665.7800434487
1434 328746.8858682662
1458 329384.1236640552
1461 329819.2816811565
1510 330159.3419628963
1522 330500.6191823569
1542 330609.1824823194
1570 330731.5445690898
1571 331009.7027133640
1599 331020.6315617663
1613 331035.7055391347
1619 331368.0153705666
1635 331421.3901170124
1655 331425.0428256512
1683 332267.5546338435
1743 332554.7629212084
1763 332664.4044070282
1793 332873.3129334119
1806 333444.9238245783
1848 334182.1447918036
1910 334549.0325111087
1921 334638.5303191332
1938 334677.2570904153
1942 335444.6969285549
1964 335522.8813958449
2005 335712.7351342462
2013 335836.0695911475
2016 336056.3449523129
2028 336386.5559529071
2051 337420.3177573574
2096 337716.0381886019
2115 337881.2009561316
2140 337970.6496864578
2165 337974.5709056535
2169 338133.0608587939
2186 338402.7434273448
2187 338868.4962178571
2233 339073.5370231388
2254 339159.8591156895
2264 339195.2616441344
2282 339647.8789883388
2309 339875.2262630783
2316 340299.9042016091
2341 340587.2431191845
2343 340753.4987483215
2371 340816.9202171279
2386 341139.7652131006
2456 341286.4421359394
2460 341292.1447265202
2463 341632.8516014137
2484 341734.6668884875
2497 341760.7445869261
2501 341867.5597408256
2503 341998.2495737994
2509 342341.4454208883
2530 342484.7610926762
2539 342767.3270910120
2547 343020.9710299978
2558 343045.9995109542
2561 343272.8146752098
2564 343468.9350358263
2607 344014.0686316708
2624 344317.2882556554
2627 344581.3457789001
2634 345103.5469719585
2641 345746.7037757977
2723 346061.9520182687
2727 346558.6092728449
2778 346816.7944664701
2781 347115.5700870987
2807 347218.5733924305
2821 347239.1359076086
2824 347525.5057867804
2842 348181.3286793624
2887 349099.6310954689
2946 349381.4822295466
2950 349394.2603225709
2978 349445.9424037949
2984 349903.5085343905
3063 350763.7485106231
3085 350849.8428462012
3101 351459.6294352685
3145 351613.3872508974
3157 351624.0624554481
3173 351680.1333868486
3186 352129.2847507241
3192 352433.3372434694
3202 352657.5276164488
3242 352841.1133925064
3244 353222.7906935443
3267 353770.4328490040
3290 354186.4302909840
3339 354300.4370846887
3342 354443.2714850528
3351 354651.0888913386
3394 354950.7070507246
3400 355498.4033083738
3408 355852.1091268449
3433 356531.3817369548
3445 356763.3445980885
3462 357174.1771129394
3468 357734.8301179804
3533 357871.1075900526
3548 358107.3374636266
3550 358175.1585080635
3565 358199.2659186905
3630 358476.4047870276
3647 358498.3957607529
3661 359008.9922679910
3731 359257.0014747758
3777 359461.0405523914
3785 359596.8089171884
3815 359895.5993854665
3828 360321.6449340570
3852 360463.2580321303
3902 360582.0972381977
3916 360934.9917057993
3933 361176.8706010617
4006 361442.9528897673
4019 361484.3678839501
4025 361760.6910221233
4037 362145.7141331861
4077 362170.9964898162
4086 362214.2283537911
4109 362406.9473808669
4110 362599.9884142635
4126 362914.5015985990
4139 363125.9206565741
4177 363948.4990371013
4234 364128.5749113510
4244 364350.5238444430
4279 364403.0243941044
4305 364511.1758852418
4325 364747.2193680633
4329 364774.1302538118
4358 365024.7822103983
4366 365077.5117277110
4438 365559.1686780899
4467 365620.0628078101
4478 365669.3934131727
4518 366015.4902475387
4531 366549.8651737752
4566 366976.1783926708
4567 367391.3434434264
4597 367394.7941640943
4616 367427.4363316926
4654 367463.1593807401
4656 367935.2806889447
4688 368389.0162589913
4760 368441.8698891873
4761 368744.0264691178
4791 369118.8390302967
4814 369650.6519885039
4834 369817.9710914460
4855 369941.5294160783
4875 370050.9293633525
4876 370551.6907400424
4924 371037.4876926335
4958 371095.6227666725
4969 371370.2577855989
4996 371607.2525780635
5041 371756.4527355361
5053 371971.0892664224
5070 372085.7164178694
5112 372131.3438819303
5140 372183.0474269343
5146 372401.3986265343
5184 372522.2592797968
5219 372838.9033617604
5244 373283.7661630038
5270 373427.0877648829
5314 373639.0650830673
5334 374067.7493792388
5343 374211.0703258553
5392 374328.7262206041
5400 374549.6995882718
5421 374654.8110872846
5479 374931.8781231946
5544 375115.6070236502
5550 375236.9658327126
5598 375248.0327467862
5611 375454.2764908927
5626 375662.2049600156
5686 375751.5414197681
5716 376115.6923281738
5785 376484.4324165580
5816 376758.3831570052
5827 376864.5319849103
5867 377482.9345437872
5906 377578.3894623931
5935 377898.9364383065
5940 378153.5657799395
6010 378782.7737412790
6071 378979.6946185020
6090 379059.5702607228
6094 379459.0277846956
6124 379527.5774643456
6127 379826.8115699938
6147 380650.6256178539
6296 380756.4587152051
6306 380802.8982202752
6312 380841.5639740189
6323 380974.1383337784
6407 381228.4707073436
6435 381280.2229332661
6440 381536.2321259006
6491 381766.9697419973
6501 382003.5346248797
6503 382223.4180911822
6520 382322.5432127365
6532 382386.3314147809
6550 382699.8022499882
6553 382715.7092474785
6578 382738.7804082190
6604 383254.4387059183
6610 383374.8620940593
6627 383417.0340260175
6644 383448.8689677686
6656 383809.8083175061
6725 384275.9809575867
6752 384469.2676723795
6784 384815.7541532248
6803 385012.1772498987
6807 385254.4088136483
6859 385455.7103884701
6862 385944.3725730651
6895 386065.3128505985
6907 386119.9428265236
6912 386529.4392728424
6947 386760.8592266454
6979 387337.3007147188
7055 387632.0637540671
7077 387745.8355533777
7119 387915.0288859580
7179 388333.0904409144
7262 388473.8058959080
7264 388608.6969214326
7273 388705.7714558757
7290 389264.2101148307
7347 389898.7831852144
7429 389933.0538393856
7468 390124.8583239916
7470 390648.9169740119
7531 390994.4417639122
7578 391136.1174498550
7592 391252.1589802083
7593 391285.6432608776
7612 391544.4782423092
7633 391592.3386368537
7634 391652.5455105610
7657 391653.2683080030
7681 391773.6796910228
7683 391993.7079812232
7700 392031.9571638904
7702 392479.0668338329
7711 392496.7417668842
7723 392607.7789514447
7773 392651.0466817956
7780 393113.6940400833
7798 393245.5363104615
7810 393245.9485032966
7812 393388.1013016035
7813 393405.9439529555
7825 393639.0131186834
7926 393694.2753660862
8008 393795.2576546920
8031 393990.3650200150
8039 394013.4189310320
8085 394142.8164801878
8108 394169.3859399010
8165 394244.5476162410
8201 394255.5015618085
8204 394362.5237381684
8205 394597.6206113967
8233 394689.1782171249
8246 394783.3728629791
8256 394808.3911417805
8263 395102.9790853036
8268 395347.2448032256
8304 395451.5818742512
8314 395761.0460934793
8363 395896.9115981109
8415 396009.9166751291
8488 396325.1812248880
8502 396590.5752633697
8519 396753.5770546496
8523 396905.8397189389
8543 397208.3897262724
8576 397321.2257279023
8620 397628.3280847134
8653 397680.2619964399
8677 397760.2469114370
8690 398307.4248206955
8705 398567.0194928002
8734 398595.0692035757
8739 398837.3035620844
8760 398858.4909638187
8761 399400.7210533975
8881 400032.9428506130
8948 400507.2450388586
8976 400735.9123918795
8988 401064.1731518565
9003 401083.2688376424
9132 401165.2654755790
9168 401184.3182150811
9192 401660.8093978356
9244 401792.3073633613
9269 402178.0211906087
9388 402364.9661423441
9396 402690.4686984912
9454 403179.3802840679
9464 403393.6473692302
9501 403672.8840818019
9522 403741.8019652070
9615 404231.2753499768
9623 404304.8265729729
9772 404382.3921172249
9781 404695.9745833541
9801 405062.9020132755
9825 405101.3693976017
9852 405330.5182399717
9870 405867.5768184559
9924 406054.0374342605
9964 406135.2111766610
9982 406155.6566890524
9992 406300.7025658569
10000 406054.0374342605
evaluations raw_y
1 -2119780.0000000005
18 -2099739.0000000005
25 -2096655.0000000005
56 -2095712.0000000005
59 -2082654.0000000005
60 -2080686.0000000005
80 -2078674.0000000005
83 299097.2823611922
99 301930.6198037246
110 302227.1554496372
121 303086.3628004297
122 306371.2199442140
123 306440.8780172522
146 308224.2196763523
153 311815.9978510278
182 311996.3359809315
205 312258.4150541432
212 313217.9844565190
244 313424.3757680892
247 313850.8053467430
260 316191.0169933295
265 316208.2563440649
290 317779.9465050622
306 318399.6799926980
333 319434.2321218940
364 321569.9353410700
422 322280.2214762165
427 322729.5487056567
453 322976.3834266590
462 324205.8833898037
481 324271.5847678807
503 324999.1698532128
506 326219.5447704166
571 326861.6292954148
583 327771.9296345282
611 327774.1480554849
642 328148.2384028339
647 328319.0886604174
661 328381.2628632524
713 328488.6403482616
732 328966.0518665647
780 329304.6893355112
838 329848.9342071426
843 329926.7860917120
876 329970.5642262574
879 329970.8717967327
887 330009.4448693396
889 330333.6935190603
906 330412.5847537573
925 330494.4123966402
926 330613.5228037566
927 330819.7912214110
953 330967.5582562991
963 331329.1743272184
976 331652.3961831101
980 331677.0032341282
1037 331700.2662584322
1048 332050.9752810182
1073 332249.0199066931
1076 332280.8186565163
1083 332823.7990211795
1123 332875.9663872868
1161 333027.1645220656
1181 333216.3588058404
1186 333900.7657891685
1216 334626.4256518074
1242 334640.7320250676
1269 335205.5518424422
1322 335239.1640157810
1330 335497.4029000248
1353 335587.2759680630
1396 335728.1644560678
1413 336214.4827485940
1529 336355.0358803113
1533 336566.7486458343
1595 336707.3020899348
1601 336713.1711645576
1687 337208.7492931235
1733 337284.8286589379
1746 337758.0760634764
1784 337834.2975353145
1822 337921.9172655550
1837 338066.7245728491
1841 338285.8376249907
1856 338484.5139130158
1866 338644.6385598115
1893 339056.7135189160
1927 339100.1480531301
1928 339298.8775813961
1934 339503.7537936068
1949 339587.5550646015
1974 339730.4288295000
1988 340391.2020054234
2024 340514.5897280328
2047 340904.5157288347
2078 341690.1800493477
2103 341753.7863279150
2148 341985.7380642805
2156 342290.5578140572
2193 342452.4988782282
2212 343481.1856569343
2237 343706.2504152276
2287 343921.0022207232
2301 343978.4364052353
2322 344044.5511107848
2326 344293.3118523790
2344 344467.9875745514
2353 344742.3935145635
2355 344910.0934122929
2417 344933.8940517991
2459 345503.3534226605
2513 345616.8434265187
2561 346419.3303513851
2582 346475.4222295100
2622 346523.5376949994
2630 346799.8664558338
2648 346976.7906183194
2651 347148.2744826569
2704 347256.5490145014
2720 347434.9349892079
2731 347493.9729268876
2745 347617.5492317632
2755 347732.7592066180
2761 347870.3706140650
2786 348192.9968666443
2807 348233.1516598233
2811 348547.7281465030
2828 348629.0341781811
2892 348899.2334088785
2893 349629.1937027014
2926 350258.8146360519
2977 350578.6220209400
3008 351099.1068768743
3015 351168.5942898610
3019 351310.2118877405
3042 351358.8777528320
3045 352128.4059029911
3081 352919.7167542766
3118 352935.3849096438
3162 354231.5843138635
3208 354483.9806242669
3254 354939.7886990823
3335 355098.4414621341
3342 355548.5079725713
3397 356313.9616756146
3398 356356.7883392439
3432 356395.1985161182
3436 356548.9812429649
3444 357107.8536211538
3455 357502.5224618454
3523 357576.7438522903
3550 357691.7609308736
3563 357835.8555731925
3577 358362.5956602173
3621 359091.4104852255
3678 359543.1175676647
3764 360203.6576705136
3843 360419.8839424701
3870 360538.6466005374
3912 361045.3512237138
3922 361281.3095900709
3960 361388.8805509115
3962 361407.8305007402
3972 361444.0557951356
3998 361480.7441193631
4000 362142.4140678198
4023 362216.3725972894
4037 362772.6586177454
4064 363095.3004999171
4106 363362.9378417406
4125 363448.9927851757
4154 363752.6235732230
4167 364584.6460397969
4207 364781.6977358639
4212 365030.5296821452
4234 365397.8399443617
4292 365448.0546640503
4295 365676.7964289766
4328 365707.3200174022
4340 365726.4610804989
4353 366413.4236961537
4394 366431.1868233398
4416 366850.2352330060
4476 366919.9569017407
4481 367071.3971996660
4515 367244.1005757818
4560 367285.9557819921
4563 367599.8799682724
4569 367898.1872186261
4593 368763.2969857687
4635 368957.0424600922
4640 369335.0374102386
4651 369360.3538785435
4655 369683.8694636134
4684 369696.3779066086
4686 370028.5920393901
4690 370669.6800644815
4757 371256.3393619655
4795 371293.3851061247
4818 371397.2858304831
4835 371463.0010646600
4840 371814.8020026684
4897 371910.2439514113
4921 372299.5176827250
4954 372533.2166054934
4979 372616.5029204687
5002 373050.8511099103
5062 373279.5832398410
5092 373582.2117902731
5120 373673.8248524842
5139 374341.4783367550
5201 374439.7393044902
5233 374524.6343169571
5254 374747.9010328174
5258 374947.1588706546
5276 375235.0849437332
5309 375388.0106816058
5345 375500.7746933095
5413 375909.6456712515
5415 375998.5200073742
5464 376008.9181148954
5487 376243.5396516001
5528 376321.3431694984
5547 376674.8525404918
5600 376692.6145144354
5684 377058.3278651782
5707 377144.3824808305
5762 377191.4205372126
5784 377310.2297166088
5789 377625.2900508791
5840 377799.0302278050
5881 377835.4620969215
5888 378321.4010681040
5895 378345.2512976460
5900 378630.3359594265
5913 378744.8737290848
5955 378897.7098379174
5973 379037.6528384641
6029 379060.5471977884
6032 379091.6315006968
6042 379157.1616012661
6060 379296.4141622009
6061 379331.2251532017
6086 379660.2109920547
6100 379712.9005351045
6134 379729.1333762390
6136 380141.8952869879
6217 380208.1460906895
6257 380308.9721513555
6267 380322.8213638533
6291 380596.2059957930
6314 381060.3728977263
6360 381347.4638543605
6369 381402.0438807991
6389 381667.8290179627
6391 382260.4554655562
6403 382375.6412310306
6450 382493.8391130816
6456 383044.7711380543
6463 383134.8277815979
6471 383297.2317002542
6488 383388.0311641039
6513 383511.6785548338
6519 383804.5036873994
6545 383978.5714060992
6553 384512.9412564024
6570 384528.9386370236
6598 384700.7815215521
6602 384715.8125283362
6613 385800.2322486110
6661 386274.4605690783
6701 386333.6700761413
6705 387069.3858026761
6742 387101.5215680597
6781 387212.5321205558
6788 388002.2741733965
6811 388206.7280540565
6863 388434.4682737788
6912 388619.8102538908
6969 388910.4010906837
7014 389032.4865126300
7020 389084.9393881473
7041 389139.2707814834
7042 389151.1660376940
7051 389175.7410983504
7103 389264.4655301633
7128 389443.2302650719
7148 389603.5564018432
7169 389688.8153117645
7185 389867.7537257546
7212 389909.4713554847
7220 390052.7987938893
7267 390225.4092718744
7277 390633.2102077120
7311 390996.6176176072
7352 391175.6178207701
7363 391203.1910857019
7387 391598.3180688765
7472 392317.5253851233
7583 392339.1361747506
7585 392471.9766933660
7587 392529.0910512036
7632 392553.8169231701
7650 392754.9870034219
7672 392916.3414649246
7676 393024.8209071481
7696 393472.9143105135
7762 393771.5085544922
7786 393801.5175904026
7806 394072.4366754799
7838 394613.5281273673
7842 394819.5443149203
7924 395003.6727857272
7926 395523.9611974296
8002 395754.4199021321
8044 396242.4402848611
8064 396251.0038235552
8102 396398.2673758905
8123 397071.0151797961
8149 397207.6430097786
8162 397698.8116682645
8191 398511.8662131357
8258 398621.3408334688
8264 398902.3228113188
8271 399255.1845592345
8339 399383.5838829241
8350 399589.1158843713
8361 399899.7966020859
8390 400168.1303905916
8422 400281.4286724406
8425 400298.1493714590
8477 400509.9579471783
8638 400650.5952050177
8685 400725.3378539414
8710 400736.8962060778
8711 400793.8568489802
8730 401226.9906637973
8795 401308.4966748577
8821 401717.3716058535
8874 402146.8445641084
8953 402555.7862925231
8998 402711.4638560564
9022 403208.1334147003
9102 403399.4104202618
9121 403685.6478816832
9142 403740.8621328561
9179 404045.9870566790
9272 404269.0039876883
9302 404337.4853561758
9307 404564.8297735307
9361 404567.4720383908
9426 404838.7456681969
9443 405279.5213626581
9492 405724.1791217158
9544 405943.4369650772
9579 406900.7676480506
9611 406901.6411643239
9657 407006.6548660936
9698 407116.1504502057
9707 407144.5934106948
9741 407222.0155339724
9742 407320.9088952534
9744 408046.7538503269
9789 408185.8864303230
9801 408366.9357463394
9822 408400.9383039342
9851 408545.2408685064
9857 408607.9040434862
9898 409134.0294446631
9902 409314.8575783276
9925 409357.7824713248
9965 409828.1270271122
10000 408407.6249285322
evaluations raw_y
1 -2149942.0000000005
3 -2137947.0000000005
5 -2123850.0000000005
8 -2122808.0000000005
12 -2122783.0000000005
18 -2121878.0000000005
21 -2121838.0000000005
25 -2112759.0000000005
30 -2095650.0000000005
47 -2094646.0000000005
65 -2083555.0000000005
80 -2080592.0000000005
87 -2078565.0000000005
89 -2074538.0000000005
102 307140.6657278530
110 308375.2366627557
129 308517.7487268266
131 308530.8967508018
141 310705.0925706529
172 310779.2047694362
189 311435.4040459145
194 312848.5190966692
235 314379.2059517713
263 315527.2428487634
273 315622.0470625497
287 316162.9724664398
306 316879.0871966160
353 317908.8247111320
378 318990.4081943203
422 319488.4418725717
428 319507.4982489991
444 319522.7141258948
448 319848.6541339914
449 320072.1576934005
467 320124.5045579458
497 320381.3426562329
498 320753.0634480630
550 320993.1833777513
575 321106.5899073574
578 321184.3789652976
583 321193.2727385052
585 321318.8227492843
603 321474.1893851441
615 322045.9866237452
639 322228.7184742677
649 322882.6541169756
652 323073.0777726975
683 323361.1359153942
696 323551.5824772922
708 323665.3476551446
736 323808.2114529039
739 323822.4111625641
774 324440.1256573107
837 324617.1069206278
841 324650.8201269047
842 324681.1655692794
866 324880.0158979306
895 325228.0778683882
896 326005.0317871600
934 326072.2093642930
941 326145.8017159433
945 326345.4234019780
955 326403.4069710990
979 326424.9793548726
984 326759.7003589410
997 326993.3004235604
1011 327501.5727824597
1028 327876.0307754479
1055 328029.6641324327
1082 328041.6579347963
1108 328190.0855642523
1122 328801.5015978637
1189 329098.4625112195
1200 329098.4916855959
1201 329256.6368231862
1216 329436.9272662885
1227 329834.2066299932
1244 330147.3361116517
1268 330252.8645267043
1277 330767.0809773966
1307 330775.2871407630
1328 330997.7283892597
1350 331416.7252559465
1384 331648.4608223669
1473 331840.7550216102
1549 331849.6943615376
1585 331883.1807415560
1594 332341.4528963224
1632 332389.2926319238
1667 332889.9905318074
1704 333201.6797960061
1804 333249.0255721612
1806 333440.5326018721
1821 333587.4400144918
1829 333780.9777544215
1841 334181.8916812611
1883 334254.5210587615
1899 334544.5791139698
1924 334849.3281213608
1940 334898.9112464270
1948 335566.9396411167
2015 335627.0039005826
2025 335997.6066699888
2041 336530.4618563862
2071 336580.2297405791
2081 336620.8406127586
2106 336865.1051814302
2107 337390.7854900921
2147 337991.8301697535
2168 338033.0889314806
2203 338298.6941325915
2210 338887.9793859422
2273 339053.5628442554
2286 339087.3599427285
2318 339272.8150740305
2321 339332.2142560280
2322 339776.3119804438
2412 340103.7253466261
2450 340265.6776763435
2468 340371.4127658100
2469 340717.8485693216
2506 341073.5546241501
2540 341084.5034980578
2541 341133.9081681181
2546 341469.5998629672
2558 341874.3864673777
2590 341916.2210893064
2599 342384.3599580324
2654 342545.1909831170
2667 343107.1079073990
2668 343217.0968943911
2705 343628.6081955401
2746 343937.2850648497
2750 343985.5341482803
2763 344443.3411472060
2796 344662.1881912648
2824 344976.5960381443
2825 345009.3423071839
2830 345627.2532666025
2892 345717.9539713705
2924 346026.4471079912
2964 346212.8643829472
2966 346431.5945796498
2987 346610.3026971731
3006 347142.5876907912
3023 347383.3621063802
3059 347446.6510139679
3087 347472.9632743411
3089 347763.7839601418
3099 347774.7754134743
3120 348145.2232377912
3121 348607.5984413802
3158 348826.8287036961
3196 348844.2610183659
3232 349025.8980877980
3245 349121.2297211061
3264 349482.1510634890
3293 349766.3481962294
3316 349776.0089234076
3336 349895.4754194519
3339 349991.8302898743
3343 350008.4900389534
3355 350346.3730554431
3365 350357.6691191292
3405 350571.8499128093
3412 350867.6290497232
3425 351468.6220149238
3450 351540.7796370095
3461 351721.0981003177
3481 351839.8780043493
3503 352077.0326781962
3566 352260.2749838973
3569 352448.5481181956
3570 352530.3345245170
3585 352632.6680886920
3600 353101.1527799986
3606 353653.4080581306
3652 354305.9946577665
3719 354573.3184816508
3731 354810.6818548738
3750 354848.3658843488
3751 355125.5765872590
3779 355415.8415861267
3820 355428.6559219363
3836 355906.4204792677
3870 356144.3205643580
3885 356702.2122459564
3903 357044.2581447045
3931 357222.6304180928
3940 357294.1289010812
3946 357659.8907165910
3969 357735.0796981840
3978 358772.6346579581
4014 359221.0701787879
4088 359519.6127384033
4117 359735.1596232112
4145 359876.9140459889
4173 360125.3680268424
4214 360605.9761878877
4221 360617.1440752741
4242 360697.9111636424
4266 360963.6648733648
4288 361347.2945391544
4361 361455.2838439897
4362 361932.1193066954
4402 362204.2106503516
4458 362369.5796862362
4506 362388.9584485543
4519 362579.3184906449
4528 362709.1986083034
4566 362806.3002169621
4575 362823.6132393091
4598 363134.8425066774
4641 363363.8475736788
4695 363430.2864096252
4745 363514.2928864204
4765 363733.5561171157
4787 363911.1565684430
4837 363962.1863359355
4845 364046.6573273689
4855 364085.6737985834
4864 364164.5894615349
4883 364414.1910546797
4892 364428.2165263011
4954 364562.2271967357
4957 365127.9784653463
4965 366270.0119487933
5041 366509.4180415516
5046 366741.6457666095
5095 367006.4551758257
5119 367170.7856168317
5161 367617.8072022219
5187 367672.5168754806
5202 368303.1630850345
5213 368533.2440240763
5256 368604.0197118724
5300 368958.4490478409
5356 369423.5695571430
5372 369518.7693171835
5407 369528.5870993257
5413 369970.9611969176
5431 370009.5555754682
5440 370051.7192706002
5470 370457.1939753290
5476 370500.7362176850
5507 370646.7244304319
5561 370708.2829670995
5646 371447.2260415868
5665 371498.6752333977
5686 371817.8538819872
5693 372073.8814569257
5737 372259.0834917609
5782 372525.2085426316
5785 372600.7173719181
5805 372718.1131439546
5827 372924.6462715521
5844 373061.8650798259
5845 373220.5460719715
5871 373494.9336873588
5893 373511.4473287022
5903 373528.2894847481
5924 373564.1978555922
5926 374052.7511340111
5947 374173.3164263020
5982 374255.6513163233
5995 374280.7503957739
6016 374384.1497881277
6019 375109.6845065527
6041 375192.5339356020
6043 376448.3139732971
6126 376673.6867388251
6137 376766.3941473091
6171 377205.8024961351
6186 377590.4432220834
6231 377856.3513297064
6257 378105.4392182092
6263 378188.6805952600
6297 378422.7889011281
6315 379070.0027110226
6361 379333.0240424411
6391 379492.2008006307
6396 379658.0866652741
6406 379853.2130258756
6456 379981.7105781065
6457 380155.2870177379
6502 380753.2509641270
6515 380859.7090282837
6522 381179.0140128423
6541 381344.2637135740
6583 382208.5806463190
6639 382857.3571655199
6649 383024.4738539160
6663 383695.0116297082
6686 384200.3800808555
6741 384304.2365392179
6762 384327.4130379233
6852 384592.9555093094
6892 384693.9853456466
6920 385060.3309800940
6936 385219.1797499560
6965 385227.7492996072
6990 385608.5720001476
6995 385718.5096601360
7013 386028.8328717831
7074 386175.4754972985
7083 386388.3813590227
7097 386501.4825045881
7111 386600.6396656172
7131 386844.7507260820
7164 387230.9957844989
7204 387368.6043926034
7209 387396.4464317923
7228 387796.5627934612
7236 387879.6457117426
7294 387920.4409663249
7327 388374.9541118619
7362 388642.2296320776
7381 389111.3981045600
7428 390183.3123871917
7477 390226.6612012404
7483 390249.7118220448
7484 390256.1599559757
7527 390769.4316646268
7562 390770.2274387018
7606 390849.4100177513
7617 391379.4031067540
7643 391643.2651037780
7664 392227.9058527544
7749 392426.8050893611
7757 392585.8192983404
7822 392650.1876058504
7830 392685.7059294906
7831 393147.3888775164
7857 393422.9033234820
7860 393595.8795873356
7875 394238.5362234982
7927 394736.7399926790
7978 395054.4175146745
7990 395160.0912772589
8005 395319.4202132886
8007 395626.1626329721
8009 395910.0322719422
8108 396124.3521478787
8171 396323.4364261967
8185 396353.0939008296
8222 396481.8046501330
8236 396484.8781448171
8248 396491.8412698741
8282 397004.3290609980
8316 397194.8292464578
8347 397270.4137753144
8377 397970.7675485345
8439 398418.5792566290
8477 398543.3804253225
8493 399101.8413842893
8551 399274.0375187665
8574 399765.3362235674
8638 399801.2231559354
8669 400165.7481894284
8717 400245.8180621364
8840 400284.5186953046
8864 401024.8412258365
8919 401405.7380517565
8988 401597.4376879850
9024 401602.8494314363
9047 401845.2374356084
9066 401911.9567381399
9114 402036.9300214254
9131 402369.5771838522
9171 403040.6087685325
9193 403585.7332989003
9235 404094.2752604808
9270 404128.3127283218
9300 404228.4104546239
9303 404665.9356267875
9369 404824.8540857579
9388 405039.5626983871
9392 405288.2391376935
9404 405480.9424784116
9476 405927.4700367014
9487 406007.5792795186
9510 406165.8387317828
9528 406180.3521859602
9572 406479.7399753539
9587 406818.3652781992
9611 406822.0489820758
9761 406903.9360978085
9831 407306.4356934818
9834 407433.9147862847
9875 407931.1108681868
9889 408027.7239721890
9974 408103.2014583698
10000 -2073597.0000000005
evaluations raw_y
1 -2108799.0000000005
15 -2103813.0000000005
26 -2090754.0000000005
27 -2082724.0000000005
42 303155.8528934361
61 314759.0259652975
81 316423.0373971865
142 318533.8311778345
155 319727.0173460991
181 320016.5503725906
192 321119.8556065990
248 321152.4552150151
252 321260.0707109535
254 321419.6343056058
259 321474.0829681319
261 322910.5087967425
281 323327.6765283016
283 323414.9625997370
290 323738.2703742353
307 323859.8172535622
310 324222.3399461819
352 324495.0773847408
392 324957.4817397877
398 324982.6465726021
435 325141.4444201283
451 326069.4786931527
498 326550.8091876062
525 326706.1481265730
530 327562.3527967092
586 328188.8748455589
616 328320.2143991062
622 328448.2633496897
623 328893.2299218618
652 329006.5101747996
664 329419.4434673750
678 329907.2749866126
681 330369.0627658534
758 331098.8031184086
787 331147.1492974382
794 331244.9946151264
795 331313.0715694371
802 331725.2237293537
827 332267.3717586634
847 332746.5739157858
861 332750.2651587273
877 333084.7752124818
880 333469.2936794307
892 334925.1428714674
923 335217.6432926132
936 335416.6602358454
968 336048.7026044403
970 336292.5626326057
1002 336740.2515837550
1048 336851.7714103607
1056 336870.0974937875
1062 336882.0958902691
1063 336934.1363839053
1079 337030.0591068479
1082 337354.8134362114
1086 338483.7704718701
1148 338637.0881289693
1184 339284.1542651231
1265 339436.0337934016
1275 339698.0792267895
1281 339808.8210328937
1286 339887.5336346434
1307 339969.7960313692
1309 340110.4330135186
1323 340364.2531607109
1358 340913.9921317760
1413 341052.4822036726
1417 341220.3031133394
1434 342084.4801681777
1447 342314.4819353882
1464 342332.7585255309
1466 342490.7036123626
1481 342992.5124592514
1484 343200.2895307718
1535 343321.5233002514
1539 343367.3754747170
1548 343839.5759431137
1558 343860.9211789342
1563 344812.0899782221
1610 345160.3522763518
1636 345334.6683764966
1639 345402.7416301062
1643 345686.1168837349
1659 345799.1631514354
1667 346293.2345320348
1681 346443.0046857846
1701 346967.1836917756
1794 347224.2018022019
1799 347531.9342559064
1825 348081.7415097535
1864 348717.7627960194
1892 348851.9044998576
1929 349186.3966841100
1945 349351.2432226982
2021 349685.7352151778
2049 349851.2563905263
2068 350197.0762334191
2126 350486.3861364710
2148 350982.4731197850
2195 351023.7782186946
2205 351249.6062009263
2227 351336.4621805890
2233 351427.5390460452
2257 351942.7107339993
2305 351995.8121483817
2314 352071.3475356627
2327 352086.0003284106
2329 352791.4822383934
2364 352854.7658749971
2369 352906.7517204299
2375 353123.5965531297
2390 353371.3578903791
2414 353608.1655260047
2423 353678.2403967474
2429 353833.8960224399
2437 354706.9853933167
2468 355626.6047851925
2513 355839.4922875966
2533 356055.8094706329
2563 356221.2370232508
2605 356340.2309767616
2618 356459.8895168671
2621 356617.1737682438
2625 356632.0379789209
2652 356720.8284995088
2655 356853.5369442302
2687 356915.7933419371
2691 357020.0919085446
2693 357320.1022226555
2712 357392.3641994650
2718 357837.3668182508
2815 358254.1687460775
2830 359099.5774126005
2934 359362.9857663081
2973 359431.3453634996
2984 359506.3883472938
2996 360201.0291371745
3004 360441.8176227345
3008 360476.5101447059
3054 360568.5722804648
3079 360673.9928396879
3092 360775.1543890277
3101 360885.5234157576
3119 360906.2656589323
3128 361178.5891104740
3183 361185.6501975387
3195 361237.2903437371
3197 361296.5937066893
3202 361361.2712055029
3210 361454.1986471417
3223 361844.8438046523
3246 362100.9750407813
3276 362425.4701778942
3290 362472.0223950359
3294 362538.6530579101
3324 363009.0874773422
3366 363272.1052605927
3375 363319.7971254885
3400 363889.2959647602
3424 363893.4143414557
3436 364059.7264056169
3453 364199.1827363682
3476 364728.4253173521
3485 364919.1698153491
3530 364936.1214882963
3554 364986.6592591514
3560 365680.8447052889
3589 365757.4327685571
3630 366235.3177489644
3689 366450.7159048695
3698 367308.6395845287
3722 367648.3738324281
3749 367832.7424015850
3774 367895.4815561060
3786 368413.6914104443
3835 368835.6900295550
3847 368925.2188983699
3885 369006.5283658579
3903 369211.1623091580
3906 369546.2528767685
3981 369786.5172172746
3983 370029.9024567269
4009 370191.7330712260
4019 370349.6947897508
4038 370894.8762930808
4063 371163.6194945932
4144 371500.3122481534
4199 371561.0499376741
4202 371856.0727992169
4237 372216.6011000263
4247 372344.4610327737
4274 372532.0833834488
4283 372561.2839891600
4285 372742.3393863141
4307 373225.0400095035
4317 373333.3712005500
4403 373537.1515981202
4451 373869.4837586670
4508 374026.0178008774
4541 374660.3725912324
4604 375270.9334735717
4629 375396.7096845097
4719 375816.6948715701
4750 376660.7862364744
4801 376728.7636301479
4846 376760.3425078447
4849 377199.9602959157
4885 377469.5441569226
4905 378470.7530794915
4980 378579.7920995626
4991 378632.0450044216
5003 379033.8285454298
5031 379274.9770170380
5053 379543.4227156732
5065 379746.7044157097
5075 379823.6566524994
5081 379997.5081672423
5115 381036.5853861826
5167 381312.2604620640
5194 381370.4198401679
5205 381626.9223923371
5273 381689.1954567459
5281 381753.4066364079
5317 381919.6739441623
5332 382421.8672302787
5374 382423.6283262276
5376 382925.5663098896
5392 383093.2613472706
5410 383143.1796638361
5457 383143.4484416645
5467 383701.7557607403
5534 383729.7100909936
5543 383900.5507969788
5631 383961.3199052403
5653 384033.2959580556
5673 384150.3364818562
5712 384381.9260318617
5739 384638.7444086649
5807 384925.3595173979
5831 384966.7164068335
5856 385260.8970721030
5894 385807.7712583814
5905 385964.2003732410
5925 386079.7362138772
5942 387082.7376047486
6052 387336.6708909234
6053 387368.9532014287
6101 387578.2165204401
6106 388032.0698889369
6140 388106.6244837424
6155 388406.5977266766
6186 388486.9003513945
6214 388533.1249594243
6225 388562.5311803208
6229 389222.7250409992
6319 389526.7735823826
6355 389970.3439714986
6458 390233.4253062009
6566 390427.7966069677
6668 390550.3004974389
6714 390692.3489218213
6743 390835.0186559967
6745 390968.9188366059
6790 391732.0132327478
6823 392206.8464588213
6872 392338.2435070989
6908 392358.4843066558
6925 392549.5006709562
6930 392636.4027907162
7021 392679.3172756798
7049 392724.9643424415
7082 392896.0789021595
7108 393459.3684320665
7116 393488.7529294288
7143 393896.4008516528
7163 393900.2733346816
7201 394065.2872039501
7204 394402.8476361588
7248 394465.6357668728
7252 395224.3359045280
7327 395442.2042431080
7335 395594.2643173016
7349 395603.8221753783
7352 395743.7789335600
7357 395765.5955694721
7358 395807.1903108109
7367 395997.2128718898
7385 395997.4872652783
7399 396492.4544207857
7463 396870.5176262395
7510 396919.9636571449
7531 397067.6889387440
7549 397590.2318567582
7625 397640.7129322792
7628 397650.2776755309
7641 398763.4067722707
7707 398816.1681009433
7765 399571.9899061276
7821 399770.4844604385
7869 399887.4045292261
7873 399933.7160566800
7895 400006.1579555970
7899 400589.1132858860
7902 400660.0410264410
7943 400776.2447665649
7965 401047.1805885989
7992 401231.1536108780
8025 401448.7788157628
8068 401522.7696755252
8088 401961.5993033643
8131 401999.6679357948
8149 402053.8652211286
8201 402055.4600155063
8214 402126.4369766085
8218 402534.7890079616
8233 402986.4678709136
8284 403193.8752398033
8350 403696.9168232056
8446 403930.7635398681
8510 404051.3471576681
8636 404119.5115332810
8684 404633.9484137091
8722 404702.7346728500
8798 405005.9300540646
8801 405273.8246687468
8846 405296.5070933588
8875 405593.1932761596
8958 405803.8886644224
8972 406015.8531428431
9006 406237.9174957542
9020 406309.3625890394
9066 406813.8952419182
9077 407057.4827685156
9138 407149.9387992540
9202 407515.4068917642
9214 407631.4420367947
9248 408088.8149909534
9461 408383.7109371695
9473 408460.3135146801
9549 408518.5472044272
9597 408768.4737284699
9654 408901.9943517420
9655 409186.7795059686
9691 409245.0577719873
9696 409492.8994940132
9714 409706.3750311953
9718 409741.3613252243
9727 410200.6837364042
9783 410707.6588695635
9831 410891.5236490543
9856 410938.2164672426
9874 411099.7670146928
9876 411345.0377603162
9883 411937.1803876947
9952 412495.7452717273
10000 411486.7372336066
evaluations raw_y
1 -2134936.0000000005
4 -2125804.0000000005
5 -2111793.0000000005
11 -2106756.0000000005
14 -2095620.0000000005
24 -2093700.0000000005
33 -2090656.0000000005
43 -2085655.0000000005
45 -2084606.0000000005
54 -2073669.0000000005
63 300890.1781368522
70 305630.1871786127
82 306217.3676525627
87 308587.0389477491
104 308826.4511082589
121 313666.7257541398
209 314406.8656975126
218 314616.0721644611
256 314964.2047081735
261 316525.2935039161
321 317690.2325569815
337 318094.3063391499
343 318364.7793687282
367 318603.7687557809
382 318759.8094730015
400 318955.2560123451
415 318973.5067123851
435 319373.9382991816
447 319468.4510861586
451 319654.7309217156
474 320523.4236500900
484 320623.5047408292
512 321337.5367303120
546 321988.0530109878
572 322123.2964308498
588 322484.3138335037
628 322486.4250925478
641 322718.7707552029
697 322857.1215900196
728 323198.1433223826
753 323656.2900776927
801 323940.4056976318
833 324050.7391500828
858 324389.3683726033
903 324756.6587475950
927 325304.5973174516
945 325365.2536470635
947 325624.1007665078
967 325999.8002244009
984 327120.9104305138
1072 327568.0738868761
1120 327697.3543124139
1123 327850.3580095620
1144 328260.8550454142
1148 328493.5201535763
1161 328986.2613381005
1209 329166.4680484623
1230 329375.6406885057
1236 329496.0561524972
1250 329857.8795094869
1299 329879.7586512455
1303 329956.6931089983
1314 330039.8779035028
1323 330531.8462723513
1346 330558.3958060733
1349 330600.6718033856
1369 330613.8851681674
1371 330821.2229087466
1379 331288.7256348399
1402 331359.8712739474
1403 331377.6993930193
1409 331900.7298838523
1423 331927.5517938785
1444 332786.0986947417
1462 334140.6438672907
1509 334174.7716690190
1515 334254.1389018291
1528 334880.9281255112
1594 334924.5530453614
1608 335213.2202872403
1618 335428.7868867084
1651 335707.1638210970
1661 335935.3551785239
1743 336082.5993424581
1759 336130.7566669752
1786 336210.2739997094
1787 336336.3009077734
1805 336469.6171765236
1815 336833.6897653432
1844 337250.9594027332
1859 337382.0523703829
1869 337436.6990066935
1897 337879.7287543953
1908 337885.4769826442
1911 337901.4027712020
1925 338455.3500823053
1951 339348.0333466115
2006 339414.8331604386
2014 339653.6115537164
2017 339687.4260770335
2043 340689.9935765467
2065 340710.4371541449
2098 341012.2983341758
2106 341157.0045350026
2120 341413.0344539124
2123 341608.2465009104
2160 341855.9852068802
2176 341949.7193113021
2188 342273.0363260001
2227 342399.1923254746
2242 342499.6844603527
2252 342749.8527483565
2264 342882.1915401149
2283 343001.4086492270
2298 343680.5698071399
2311 344627.9058423406
2337 344755.8522239552
2378 345358.9085717891
2381 345418.5360685805
2419 345708.5819463626
2470 346229.0372850097
2483 346610.5424951533
2511 346986.5330873638
2533 347089.3005234796
2554 347164.9279971459
2579 347338.2785099975
2590 347444.9308337985
2654 347551.5885310029
2689 347643.5913389522
2693 348360.1114536171
2763 348378.1510708399
2782 349023.3832252838
2802 349759.4286859639
2852 349781.9412352242
2872 349925.5039788815
2880 349979.9718376951
2908 351046.6926184892
2962 351181.7163931945
2990 351498.4705704511
3024 352024.8873844209
3034 352364.1037527059
3073 352388.3814141299
3078 352421.8656158124
3095 352552.9798841685
3100 353171.8936415073
3165 353196.3241797697
3168 353197.5832140349
3170 353405.5663837464
3196 353540.5575837996
3204 353545.7836707373
3226 353730.2046741565
3235 353861.2329511442
3239 354197.4769772399
3267 354410.7961385758
3318 354952.6631822007
3362 355783.3448185634
3391 355992.9752640684
3442 356267.8044795503
3462 357147.8851928284
3501 357415.4933609008
3521 357739.1517402531
3534 358100.4468901781
3585 358291.6475490955
3599 358511.5235433226
3604 358656.2972729813
3678 358752.4708096429
3736 358851.9469634513
3742 359048.4679268652
3768 359397.2240492509
3772 359654.9844731080
3813 359727.9393434443
3814 359849.3463706195
3852 360324.2882624429
3861 360451.7504379602
3872 360628.8803623919
3917 360681.7603305637
3923 360951.4312044600
3939 361678.1551134936
3986 362174.1674552938
4036 362299.3553072841
4062 362757.9169237900
4110 363281.7853639483
4151 363880.3980984624
4171 364199.4325391972
4217 364365.9249333016
4233 364531.7380724828
4258 364851.2494630506
4261 364871.8068175585
4282 365013.4910204785
4334 365054.2746121830
4337 365797.8720658421
4367 365948.8991190909
4388 365978.6802232900
4389 366297.2586761499
4405 366432.2497371529
4442 366453.0216805055
4445 366453.6350177176
4462 366481.8906702828
4463 366596.4084866658
4488 366904.8242696631
4522 367633.9787374841
4564 367715.0440644677
4594 367898.9667663469
4631 368060.3425393174
4667 368238.9170103763
4671 368319.9823500259
4684 368470.2652558631
4698 368470.7966291459
4730 368844.1272088231
4788 369463.9166254856
4822 369625.5604205557
4860 369760.1012085309
4867 369871.4592928372
4883 371321.0630578697
4955 371659.9210961207
5040 371825.0210231261
5044 371863.9132220033
5109 372269.6605001078
5115 372369.1000533721
5186 372803.3895988482
5231 372820.8845414129
5252 372826.7795713826
5273 372827.9639888785
5291 373545.8621053476
5373 373660.1005200907
5381 373898.7682402808
5402 374182.4440530720
5404 374344.4393057044
5418 374654.2054111343
5428 375508.3122815389
5552 375906.8172937594
5625 376166.1971199851
5638 376267.0661982746
5657 376351.0439181215
5755 376992.4789331059
5856 377099.4751493400
5937 377210.7399032215
5943 377255.2698047201
6002 377390.5844583414
6005 377521.1125513818
6006 377618.7087406852
6014 378022.0021935455
6126 378053.3473821518
6135 378208.3573310184
6196 378640.1891358118
6214 378718.3972659657
6217 379212.2796287232
6268 379444.0925855193
6285 379855.6033322135
6329 380311.9227296558
6399 380895.3766015280
6429 381660.0584966495
6506 382009.5098583082
6532 382103.9683701010
6547 382306.6990317493
6566 382832.9091758122
6629 383346.7416051045
6646 383473.1865946708
6669 383986.9710538371
6768 384052.8479629403
6834 384416.6553067344
6853 384481.4910210286
6890 384516.9144722522
6894 384614.4861287332
6910 384862.7806233562
6977 384996.6237043915
6995 385715.4319324389
7001 386076.2937602244
7024 386602.7662143800
7107 386623.4189007883
7111 387326.9937600433
7179 387595.8181535348
7202 387790.7846971058
7258 388095.4254952161
7262 388809.6342590624
7313 389152.8244447171
7377 389191.8087214114
7390 389234.5475092434
7422 389983.0911504695
7423 390011.7230758019
7453 390062.6042851105
7474 390182.0006403561
7507 390407.8016734991
7527 390528.4808294011
7531 390786.7972214663
7595 390803.6389717605
7615 390835.5790510754
7624 391074.4686201841
7705 391254.6675205562
7709 391298.3063997864
7732 391443.8245489196
7738 391503.0364163102
7745 391618.9408465078
7748 391742.0727471280
7750 391984.0474043251
7818 392528.8731316234
7901 392770.9338788342
7937 392926.5238946943
7960 392931.6698659009
7961 393170.7076680101
7965 393549.0537197431
8043 393673.6799977878
8070 394743.2731943820
8118 394933.8049254726
8194 395256.4935154446
8243 395265.4935589169
8271 395361.5469036382
8297 395555.7331198665
8312 395580.4179285774
8323 395886.0846455648
8347 395986.9574791617
8389 396092.8887493438
8425 396157.2889871993
8451 396482.1606986941
8518 396767.3473169081
8524 396821.5771936235
8540 397074.3303060013
8561 397974.9910745526
8582 398510.9254861411
8621 398730.2336343713
8669 398737.3268281164
8721 398989.6186065302
8747 399339.0756599887
8825 399355.3735801458
8836 399525.1174821001
9011 399732.3705440146
9090 399771.6572472490
9103 399888.3824738457
9137 399980.6426668309
9167 400060.5122432858
9204 400099.8618691767
9221 400217.8478091349
9261 400500.2841852343
9273 400515.5731117079
9342 400604.7362158636
9383 400622.7007915960
9417 400984.9804692679
9434 401089.1635630998
9451 401763.8094490333
9468 401794.9856059830
9529 401962.0775925927
9636 402002.3370455756
9662 402331.4150600278
9730 402558.4295560882
9759 402931.4708130346
9808 403355.4614509041
9858 403479.6282477780
9909 403600.7384773638
9935 403677.3929081183
9962 403740.2685867918
9987 404389.8989170190
10000 402780.3623641722
evaluations raw_y
1 -2131860.0000000005
3 -2115802.0000000005
6 -2112755.0000000005
23 -2106726.0000000005
43 -2105743.0000000005
45 -2101751.0000000005
53 -2097743.0000000005
64 -2091667.0000000005
68 -2086684.0000000005
82 304661.3875193985
103 308091.4683718821
119 308149.4386399810
125 310922.2762524973
219 311651.6063093798
240 312429.5497914040
257 312432.8955017411
263 312653.0524108987
279 312755.2944705594
286 312980.1919559427
289 313103.9534399701
329 313125.6099357772
332 313249.0263890884
352 314048.8610232348
387 314090.8709116641
388 314152.3736000705
399 314775.1003994387
410 315049.6402569058
428 315133.5521734086
438 315208.2364820353
443 315471.0760605402
447 315531.4082566146
460 315535.3905779341
462 315979.7088105674
473 316231.9883320631
483 316578.9674324724
521 316698.7775227453
543 316742.9539723208
583 317224.2042252596
653 317507.2211104991
702 317565.3033133270
741 318295.7534224392
760 318320.2120011364
764 319047.4572879652
782 319384.4826252622
820 319559.9453795525
826 319744.2519955594
829 320343.7938117652
869 321014.4504723821
898 321203.4725497906
913 321336.9745786713
938 321573.1542016240
955 321724.8617014258
962 321920.0460697856
972 322635.7775581564
997 322893.8535360888
1016 323279.2769943366
1019 323471.8464536799
1057 323784.0301867150
1069 323953.1922495393
1077 324136.4144121167
1082 324237.7694657392
1086 324588.3854567604
1121 324621.7017561442
1130 324632.4689917000
1150 324943.0626090277
1172 325769.1314838630
1224 325842.5339174144
1252 326168.6397629792
1267 326528.7849773194
1282 327101.3676241077
1294 327439.0801729594
1307 327570.9857207791
1336 328922.9240385959
1350 329545.7589475576
1363 329869.3992165857
1430 330242.8539129906
1469 330282.1616135220
1480 330481.8070349215
1487 331258.3630239989
1528 331530.6761893003
1545 331614.0485373204
1555 331839.6064408269
1596 332060.7830991040
1615 332205.3276795688
1631 332531.1011772722
1652 332766.6140760352
1664 332852.6222101782
1672 333415.7412556151
1696 333658.6580394797
1714 333931.2724490934
1721 334017.6955401849
1744 334451.8542122091
1750 334510.1794582784
1782 335333.1468618282
1818 335620.7808947731
1865 335976.8280283571
1886 336006.4161352974
1889 336071.5102527707
1902 336439.3176290380
1965 336476.1534116481
1984 336706.7836940950
2005 337110.4033256267
2018 337239.9892282057
2046 337326.0588681406
2057 337330.0112859239
2059 337538.4459355960
2100 337645.8034766020
2156 337716.8412806051
2157 338268.8061421060
2217 338324.6735451850
2220 338330.5882160579
2223 338385.9598888887
2246 338516.6605021947
2263 339026.3341642022
2309 339268.4568106860
2333 340168.0999228455
2375 341037.8196298459
2401 341157.8270078049
2408 341522.2338402403
2457 341731.7627686930
2471 342164.5574108789
2487 342568.8018265519
2537 342652.6305169042
2552 342781.0821999936
2564 342842.9653350829
2593 343155.3245879437
2601 343290.9295646179
2609 343675.6701058329
2621 343893.3796001747
2627 344246.0243713105
2649 344403.5308579996
2650 344695.8023045721
2679 344696.3841603772
2684 345179.2086278388
2701 345555.7819016990
2704 345878.3211349118
2725 345937.0315224904
2745 346273.5500055731
2763 347054.4590639183
2777 347094.2829701192
2785 347151.6400089218
2797 347275.0258267381
2805 347512.8640724442
2827 347785.8638017697
2840 347968.2982040287
2861 348112.8376673480
2901 348558.3400277834
2943 348695.9456622425
2954 348885.5293006707
3006 349468.8167909905
3081 349796.0064603318
3084 350144.7508099935
3136 350279.0469156370
3158 350798.8871607632
3191 351688.2148800040
3235 352122.7437169336
3236 352408.4223358693
3254 352412.7487945958
3274 352865.1025619050
3289 353133.5623137879
3311 353754.2239426731
3333 354003.3463331789
3353 354068.1283781818
3367 354273.8859531407
3382 354613.8281379653
3408 354685.9648200889
3426 355103.9460936312
3457 355310.4837152673
3461 355329.1820550454
3469 355982.4193201634
3472 356142.4303864777
3520 356470.8275888056
3534 356791.7477674634
3574 356891.9586999475
3594 356931.5900111558
3608 357091.8342300926
3622 357385.1102659869
3647 357506.8307238462
3659 357585.1412410025
3685 357783.8165745864
3694 358033.3513692554
3732 358546.0860607575
3751 358570.4361149438
3770 358730.8139342000
3789 358750.7090049334
3794 358911.4430106213
3795 359274.1628250643
3807 359396.7497952092
3821 360265.3119545456
3854 360366.4590594789
3864 361115.6849012946
3883 361226.0124991471
3886 361252.5931202329
3930 361628.2122217726
3980 361719.3951792605
3985 361741.9838663814
4003 362343.3236975424
4031 362533.1051542208
4065 362548.4740091130
4072 362621.9197632091
4079 362791.3330268050
4092 363779.9927990913
4111 363869.2301217669
4127 363902.7444892354
4128 364059.6706035592
4142 364096.3647217904
4150 364122.6421365673
4158 364272.3952397079
4175 364435.8396212136
4182 365323.6204389159
4228 365612.9953254311
4242 365795.1169424883
4248 366042.1121673273
4254 366107.7991378473
4268 366190.1845019358
4308 366237.5952450338
4312 366378.8452667261
4344 366566.8616667270
4377 367325.0010941996
4431 367476.7098633400
4438 368098.6228797888
4444 368312.5275222262
4481 368525.6512979328
4500 368711.2632038612
4502 368916.6616899028
4552 369812.5746237469
4609 369885.2674287034
4614 370398.5094396304
4669 370661.8574974951
4715 370911.9599737592
4744 370961.0066142950
4753 371132.5070931803
4757 371317.6016364557
4777 371351.5520084861
4784 371422.6031203438
4792 371848.0730907203
4827 372014.6681417185
4872 372035.4466088082
4952 372046.0417002746
4972 372154.5045234933
5017 372357.7941238804
5027 372393.2294509943
5046 372740.5535067070
5077 372937.6856654130
5102 373126.3378884041
5125 373797.1484143276
5141 374467.4980090983
5185 374586.2180121528
5238 374650.3812665571
5242 374717.6478916270
5254 374912.4316103891
5276 374972.2463999579
5302 375043.8608100895
5348 375328.8000415156
5354 375610.6955147364
5365 375847.0340962805
5438 375915.0487316835
5449 376122.0576434149
5475 376136.0781850773
5525 376456.8862972084
5547 376677.9529643236
5583 376710.2624097878
5585 377416.0965759724
5647 377747.2507414430
5652 377823.1820477325
5692 378004.9578569411
5724 378129.9011074473
5758 378182.4149270920
5762 378390.8671012767
5768 378952.0674827481
5787 379097.6171525463
5834 379215.2552966924
5835 379689.8582710944
5846 379852.1972679536
5901 380177.6131579087
5941 380204.6455802126
5965 380231.1176611331
5995 380429.4989108131
6011 380492.7061920824
6013 380674.4350446298
6014 380950.6727053996
6028 381161.1719748974
6046 381775.0095613662
6092 381786.1666751119
6109 381966.8459739690
6121 382093.4822739699
6131 382253.4712312558
6166 382357.1760897650
6187 382798.7006670220
6214 382801.1770331063
6226 382913.5625436820
6235 383255.4461711192
6249 383341.6969228865
6258 383426.0146839888
6259 384067.8940667073
6299 384111.7457894360
6337 384393.9894096453
6343 385397.6294742402
6411 385733.1356844850
6473 385867.6509458327
6516 386207.0012941793
6529 386520.1249274242
6591 386675.0453756604
6657 386721.9316898783
6692 386781.7011938930
6706 387010.5817852277
6707 387187.6183517234
6724 387395.1242839534
6727 387658.8435738762
6746 387863.7251390817
6749 388018.7712754809
6828 388508.7466575680
6852 388740.4303721157
6859 388763.0712253050
6892 388831.4453455699
6904 388906.2363558193
6907 389024.6609919622
6963 389717.6312077489
7020 390268.4934769046
7042 390520.5753937485
7043 390909.3808370277
7143 391008.1761401473
7167 391064.9622538529
7169 391263.2239052107
7182 391290.2888632576
7201 391744.1509382431
7228 392130.4654930626
7288 392706.2505628336
7344 392762.2711008911
7345 393019.8233082804
7346 393284.3106872765
7367 393835.1614362613
7383 393912.6072986641
7405 394060.3340443396
7447 394272.4513641789
7487 394293.8970355377
7522 394309.6284595240
7541 394677.0542740096
7615 394841.0534236243
7625 395236.5790538536
7696 395604.2216237430
7750 396127.6710005329
7799 396403.0143727725
7807 396418.8175383710
7813 396433.9348200368
7817 396526.5400985520
7835 396691.8170138985
7836 396900.0638161821
7856 397438.3290974661
7878 397454.5342305945
7921 397487.7454197247
7928 398536.5558285668
8001 398542.7886785808
8036 398905.9771993736
8082 399050.5391602578
8097 399214.7586343362
8159 399515.1025073075
8184 399549.4555415295
8236 399655.5156430618
8257 400056.2749735033
8289 401263.1210281528
8370 401301.9953579723
8378 401313.3125078179
8381 401458.5440330701
8422 401519.0895122739
8441 402017.3250405000
8512 402026.5759652303
8531 402207.5350461066
8542 402395.5527101139
8556 402663.7052435523
8601 403568.9972651933
8677 403766.6624056176
8721 404073.0155399622
8744 404121.5430125576
8749 404241.2117078677
8752 404468.5440216559
8786 404746.8549678780
8830 405042.1530143195
8869 405263.7439531796
8883 405318.7904430703
8903 406095.3124615807
8990 406190.0381163508
9050 406270.7056411738
9065 406596.6145142454
9128 406677.1843588810
9140 406869.3224346976
9247 406924.7241461391
9285 407159.2099849821
9320 407175.6829581421
9380 407178.2305147525
9407 407484.7278332852
9421 407521.7729138935
9440 407603.4003537637
9441 407793.3292606839
9466 408181.3694644090
9563 408789.7550115007
9597 408830.6457598840
9629 409112.9354120014
9682 409144.2534329360
9701 409312.7601125221
9719 409409.1318085620
9741 409800.3133171855
9765 409892.9852757890
9767 410124.0157071083
9844 410304.8370646457
9851 411193.5563622616
9919 411280.0303888059
9960 411331.5113771879
9965 411815.5595731431
10000 410784.9072938656
evaluations raw_y
1 -2129889.0000000005
2 -2122861.0000000005
5 -2113758.0000000005
6 -2112725.0000000005
8 -2106630.0000000005
24 -2101648.0000000005
30 -2095689.0000000005
31 -2095681.0000000005
41 -2093644.0000000005
42 -2092655.0000000005
51 -2087627.0000000005
62 -2077550.0000000005
85 -2076593.0000000005
88 309308.6440140248
99 312318.8966746563
126 318942.3301918601
147 322530.7608878156
194 322982.8368308262
207 323482.8359240509
218 326881.7035045358
220 327295.3907167201
222 327744.1462685380
256 328635.6633523201
264 329767.6899722841
287 329988.2619070939
290 331399.0685315142
307 332121.2644455844
312 332231.6135993273
346 333663.7288915726
366 333724.9521134754
369 335014.5285379438
421 335173.1523752236
467 335866.4393557101
508 336542.3957080902
512 336561.5877928633
530 336590.3939668313
544 336697.9178256268
578 336897.8415115233
588 337160.2748499890
601 337854.2769806393
630 339074.5510442913
669 339316.6601437316
704 339613.6834863930
756 339741.7745283875
768 340130.3528796210
786 340562.6684637430
823 340810.0568621538
827 340995.4743074115
834 341382.4570454038
852 341463.5223135371
858 341583.3246737792
882 341703.7264713367
888 342482.2859654933
925 342528.0962152154
939 342695.7033080416
945 342713.0150620014
947 343779.2082862171
962 343803.8253799319
983 344481.5774544174
1010 344702.1732186341
1012 344784.7267165760
1031 345157.6559757295
1074 345460.8053445464
1087 345570.1866731709
1105 345601.3422102769
1119 345668.2732834013
1124 346018.8002446176
1158 346323.7652332028
1176 346468.4779790351
1177 347223.6097503563
1178 347494.6004336923
1217 347647.3507604182
1224 347659.1537325812
1258 348187.7489021311
1279 348298.2442372454
1287 348313.1717732830
1304 348355.3169679416
1307 348423.5786188986
1310 348850.9126451632
1325 349236.3709689468
1357 349372.7103381470
1369 350155.4534952852
1465 350631.2130727107
1485 350778.2676010167
1542 350837.2009447872
1548 350889.7832626796
1550 351244.2584584468
1582 351489.9732542273
1605 351771.7944043874
1613 351778.3252759107
1664 351910.6058596289
1667 351972.7178481058
1676 351976.4348879562
1680 351986.5738570768
1681 352285.2204494082
1683 352530.6787376077
1728 352653.7588497440
1731 353012.5283383588
1744 353029.5473020067
1764 353876.3880619217
1768 354074.2023420834
1825 354843.3555409500
1840 354867.1839793555
1849 354937.2240011000
1857 355026.8728197250
1867 355299.4600390153
1870 355726.9650422289
1877 356247.4494681346
1922 356373.9890057016
1943 356557.4175464019
1950 356657.1065425289
1954 357073.8403853135
1962 357125.1455899955
1967 357854.3400034172
1992 358170.4740274550
2021 358369.5521481952
2028 358599.0180728448
2032 358975.3003277386
2037 359040.1048906414
2049 359101.9808251666
2053 359287.4485911684
2088 359595.6644913307
2125 360171.7732520388
2130 360557.8647193015
2153 361396.6494997268
2190 361447.6872648650
2204 361522.7906533827
2222 361722.9370361989
2242 362279.3976334275
2253 362597.8528031551
2291 362922.3796371507
2319 362972.5762526201
2331 363316.6902132182
2338 363618.8750273025
2343 364380.0508570867
2356 364438.4041378093
2429 364454.5464767583
2433 364893.3955861585
2445 365187.8891419279
2470 365196.4003380167
2485 365314.7159545094
2492 365505.6636570027
2552 365899.0848233287
2589 366340.8843220532
2646 366485.0836253937
2669 366893.4253763875
2689 367050.7597172289
2706 367621.5886454383
2763 367684.8223310631
2815 367937.2327354042
2819 367975.9409934577
2866 368239.2709446371
2879 368414.8283324877
2882 368762.4123028584
2921 368972.5744554248
2929 369006.9122008046
2931 369052.6152767153
2940 369108.7177468700
2944 369172.4057421864
2955 369434.6846368903
2981 369916.9734852778
3042 369937.5540748581
3052 370143.0756993828
3060 370404.9911470107
3072 370469.6609531883
3097 371032.5681560043
3132 371051.9204991309
3208 371464.7480950385
3270 371817.5093184707
3296 371883.1675658422
3305 372400.0364399361
3351 372639.1205326567
3374 372640.3832820285
3375 372689.1173019644
3406 372899.4352900189
3439 372993.2647948308
3450 373445.0699272664
3506 373448.9298766025
3529 373584.6013921699
3541 373781.3727500424
3590 374230.1860367248
3626 374467.5806439650
3676 374577.4915538167
3687 375036.7277260784
3713 375086.9295695732
3718 375407.8565929487
3762 376082.2721059025
3784 376358.8176583779
3807 376692.2663622811
3827 376746.9358874349
3856 376776.3794004405
3861 377174.0916982117
3893 377233.6854345136
3900 377666.0394793527
3917 377970.1583759115
3934 378084.5464648596
3956 378433.7920495254
3961 378587.8149370263
4010 378964.7158118029
4041 379696.1748020544
4050 380332.2824117464
4064 380358.0436450714
4098 381726.6138110757
4144 382301.8943728509
4163 382872.2358401719
4253 382907.4731720418
4254 382977.1636269529
4268 383179.3898486267
4294 383337.7467731957
4310 383560.5063878060
4337 383895.9591434137
4368 383963.5900396370
4395 384367.8161034257
4414 384834.0795942222
4450 385357.7327336001
4469 385661.2329210338
4504 385927.1836377541
4530 386397.2000152526
4549 386714.9263296539
4563 386923.4511264138
4597 387466.9753043830
4608 387746.2537789618
4611 388072.3191502361
4651 388349.0164209971
4701 388489.0963205427
4742 388521.1020080341
4746 388957.1540804421
4794 389486.6348407628
4855 389604.7388673099
4914 389773.9367845278
4922 390445.6036288369
4963 390609.9459567059
4967 390716.5990759021
4988 390726.7432229929
4996 390961.6854467678
5034 391004.1554176451
5047 391429.7048516276
5151 391547.2172802059
5159 391597.0889663095
5163 391641.0343961756
5166 391924.9440629461
5170 392081.3129202354
5202 392281.4845236064
5252 392544.2950386645
5263 392808.1034481350
5287 392963.6678576117
5387 393287.7521687418
5393 393347.7929561814
5416 393783.0427174169
5429 393845.1720490835
5468 394125.4271381154
5488 394187.3743221125
5489 394453.3876452905
5496 394757.6855925499
5515 394939.2605513182
5550 395143.2354126734
5574 395262.9590910161
5583 395506.9883425861
5610 395567.9720399769
5675 396105.1695477898
5708 396312.2652720944
5748 396596.7158720084
5816 396637.0563713812
5861 396647.6203141758
5875 396708.8687677656
5910 397051.8765511195
5981 397075.9657705426
5992 397403.8457992324
6062 397475.5891705086
6064 397650.9489359172
6083 397836.7162782913
6091 398082.3329023165
6103 398231.1749605378
6104 398716.1608328077
6151 398772.0076790777
6153 398773.2780884019
6167 399218.6096155373
6181 399356.2176877519
6258 400764.9358120479
6377 400809.9688470769
6400 401365.7224491180
6426 401464.3155668732
6482 401578.6172600680
6524 401835.9349873519
6542 402175.4456209560
6596 402335.4087308044
6641 402409.1272354406
6648 402409.1996634277
6694 402945.1188719086
6899 403095.0326692554
6961 403225.8831388626
6962 403468.1414756661
7032 403862.3857195635
7120 404299.2099568883
7210 404360.5071057491
7214 404657.2645877475
7269 404685.5221729577
7352 405025.7619722222
7418 405047.4890573689
7447 405447.1517954488
7469 405809.1800387847
7549 405925.5276847480
7558 406011.5501701911
7628 406023.6185569477
7653 406096.5131992145
7658 406156.9953163263
7685 406523.6810999545
7688 406633.4388134364
7707 406732.1002623588
7753 407162.7491654817
7790 407371.1737552824
7831 407686.3743679069
7921 407688.0792974571
7933 407710.5202037254
7938 407711.2296658345
7947 407734.8050179749
7951 407912.5680009574
7969 407967.6859359889
7976 408235.7066047469
7978 408478.2599524026
8025 408620.9932083695
8061 408654.8735096818
8109 408932.1749765079
8148 409054.3413071404
8165 409239.0073374028
8176 409276.5004426569
8208 409877.5319130075
8264 410265.0692108761
8360 410388.8251832659
8386 410615.0346281513
8405 410682.1158262663
8447 411448.0376302684
8491 411940.1496458235
8503 411984.4929567875
8552 412057.9350542593
8561 412172.8848545414
8571 412519.8303095484
8583 412822.3663260317
8642 412972.2138601624
8648 413122.8168339005
8729 413572.0070723548
8774 413628.8296157849
8793 414008.6601702180
8843 414046.4740016183
8881 414396.7057130116
8931 414876.6107134683
8993 415064.4445726416
9001 415470.1651178253
9039 415787.6839868613
9048 415976.6556271517
9107 416340.3762949014
9132 416367.4841330653
9145 416419.6242812261
9147 416827.2693818684
9222 417304.2842689622
9266 417385.0952672953
9281 417419.4812520447
9301 418006.4388468175
9388 418275.1028285293
9430 418536.2336708740
9437 418868.6116696672
9484 419072.4338343174
9507 419106.6473488827
9521 419314.0610914486
9559 419601.0448953244
9658 419779.7799796514
9704 420252.8141041951
9721 420339.0508039567
9806 420368.6158794753
9821 420432.6688855194
9830 421226.8302934104
9852 421283.7787926581
9961 421299.7339214446
10000 -2074567.0000000005
evaluations raw_y
1 -2123817.0000000005
3 -2104669.0000000005
4 -2087682.0000000005
42 -2080624.0000000005
44 -2078642.0000000005
49 310760.3735395260
78 313730.2146792965
94 313786.7274970129
102 318184.2782526416
121 319770.8348782794
151 319981.5813776469
158 320180.3821546471
163 320431.9536690384
177 321350.2787527626
192 322248.8231894403
255 322350.0129707215
258 322737.0213987650
265 323507.5286880246
314 323675.2437866412
331 324015.5939544332
342 324233.4442736937
354 324276.1628079460
359 324448.4472187347
362 324636.7316110703
365 325548.2554804927
399 325850.4228904785
422 326383.0615390174
473 326968.6531873159
504 328163.4843805308
525 328442.2798611654
573 328467.6211263615
578 328941.2509109656
585 329837.7144546465
604 329955.9917681651
627 330570.4890711808
646 330672.9206490022
663 331079.1049504081
691 331337.8023435990
706 331721.1124628750
733 331834.6022354277
755 331885.4544371936
758 332174.4026842802
768 332319.7037234653
775 333207.9452344589
820 333793.6139559007
836 333803.9545312455
837 334015.2844201209
849 334700.8541963883
887 334881.6111686547
915 335180.4472258884
933 335567.1833935815
934 335820.3207078477
953 336151.8646357828
962 336524.8940274864
975 337031.9141583640
999 337338.2947199919
1016 337846.6246945558
1062 337943.3303527873
1132 338063.2797603073
1163 338493.8293405516
1171 338779.8462007943
1192 339347.9470951916
1230 339732.3500079475
1275 340992.6749844639
1296 341372.5609824592
1390 341518.4403783201
1396 342544.4929086642
1472 342600.7448814395
1512 342664.4954175722
1521 343057.1717023964
1555 343514.9705803858
1615 343619.1378502659
1617 343669.9026660516
1624 343690.5322190071
1633 344433.9073054689
1643 344529.4044792159
1646 345113.1918882754
1672 345201.5174820210
1690 345568.2700584788
1701 346003.3248738006
1702 346102.5839350300
1716 346148.9065281314
1724 346328.7111388364
1733 347008.9260798937
1748 347206.1270281311
1769 347306.4920576163
1786 348720.1595546568
1827 348734.2234368389
1849 349096.7963197720
1858 349197.1558958392
1892 349284.7617100412
1910 349289.0264363398
1921 349426.5653527352
1936 349437.0495869569
1944 349526.3933460406
1948 349807.2022753868
1956 349954.0867975245
1963 349995.1848346486
1974 350024.8380871707
1988 350046.0326009809
2013 350671.5989018801
2027 350745.9902363903
2056 350880.0371422481
2060 351182.7806716650
2105 351209.6589149890
2106 351277.9416821817
2109 351771.1335400006
2114 351790.2755155023
2153 351900.4382504752
2172 352495.9148862946
2222 352845.1896589780
2245 353194.5210781558
2254 353395.9462918376
2265 353537.2289697129
2291 354129.1979511691
2335 354508.5497928082
2361 355047.2604006627
2377 355291.5247687944
2447 355554.2888849970
2518 355569.5504234919
2524 356460.5972193590
2575 356534.6723237043
2610 356917.1458249337
2621 357231.5659060213
2648 357545.2696169702
2668 357647.9025506691
2671 357774.5444008523
2687 358658.8597717287
2730 358950.2573552412
2768 359138.9568412850
2784 359341.7312177100
2802 359707.0568079066
2820 359894.1748395153
2841 360039.0354565941
2856 360083.9782916398
2862 360277.5400461681
2874 360630.5786362570
2898 360639.5353195252
2905 360827.4779655907
2911 361564.9533691113
2965 362393.6395849627
3013 362607.0770492910
3048 362804.2103506990
3057 362828.2382707824
3088 363142.2939461028
3103 363538.4928637029
3226 363567.1452998640
3229 363874.2640518734
3250 364305.4808509486
3267 364481.7610456581
3293 364754.1433737964
3310 364964.1288529604
3342 364973.4695120121
3356 365150.8911846117
3365 365946.1540874531
3403 365960.3735181378
3423 365964.0755001817
3426 366792.7700110020
3442 366807.3491624520
3456 367085.1494046309
3461 367337.8843203126
3476 367412.8464386463
3488 367509.1705385816
3515 367565.4004146346
3530 367676.1053190675
3544 368295.0235421787
3566 368629.1923178051
3623 368840.9122524501
3664 369274.0223367574
3732 369287.2800918421
3798 369726.4096475127
3833 370098.8589042985
3863 370151.9260864820
3892 370407.7487248412
3920 370409.0118025637
3924 370523.1837894827
3930 370830.1442909177
3936 371204.4784721269
3952 371229.8739349178
3973 371783.2170800091
4001 371963.6718137678
4010 372181.4867429981
4014 372185.0298998058
4019 372317.2449227051
4027 372354.9120442916
4035 372681.4989492529
4064 373043.0088169963
4093 373455.7003606277
4146 373950.0729889500
4172 374256.2524767162
4334 374444.4353333325
4348 374778.9055789047
4368 374804.3989344406
4381 375270.8200467763
4456 375528.5535173677
4491 375777.3629239587
4503 375965.9312514360
4509 375993.8524631700
4531 376285.4003287636
4540 376369.2582431763
4561 377275.7321934281
4597 377551.4888428986
4614 377559.7709341322
4615 377921.1328428265
4651 377996.8536710460
4659 378059.5456238947
4686 378392.3929620689
4698 378814.4755454913
4746 378981.8349258144
4753 379297.1402786521
4790 379904.8295388829
4970 380271.0242528648
4994 380355.7646427124
5003 380594.8778581942
5027 380973.7581438471
5049 381101.1034677419
5052 381246.6103489653
5061 381366.0439763009
5066 382070.2439262037
5086 382141.2519964157
5103 382227.7998820105
5106 382541.6638466296
5131 382989.8007537146
5184 383106.5155708360
5214 383318.4768061819
5237 383539.6220702464
5272 383858.7395851884
5304 384080.5951463037
5325 384126.8463245131
5363 384551.1182122627
5417 384555.9819343926
5426 384830.8774954975
5445 385081.8929090449
5462 385363.8563038967
5514 385370.3161102784
5519 385599.0661958076
5539 385645.6968292837
5542 385836.0528838928
5589 386130.5090815876
5594 386294.7378945902
5596 386611.2830075360
5602 386621.5357227818
5607 386735.9854445939
5629 386982.5697864062
5669 387332.6551451936
5722 387553.2220130282
5808 387942.0368881066
5881 388004.4915330680
5903 388016.7087935632
5909 388087.6070720203
5910 388413.7883510696
5964 388449.2980337839
5988 388700.9121711941
6019 388989.7892956950
6026 389233.5165385592
6108 389529.1388266661
6117 389878.9560783857
6161 390174.5650896353
6204 390431.7815088096
6208 390900.2523490742
6322 391037.2511184887
6443 391159.8054259995
6475 391251.6720933183
6483 391281.6782727585
6502 391568.9948406093
6514 391958.8016319137
6591 392141.9648669774
6660 392159.5614486125
6667 392363.5435847022
6686 392743.0363861739
6715 392941.5765509690
6736 393186.1963546376
6741 393352.0411047235
6768 393568.8200087076
6795 393592.6641191772
6874 393907.2047117795
6929 393926.5230120253
6933 394432.0388161075
6961 394652.0952482749
6996 394680.1922805287
7053 395165.2204179840
7062 395339.3243236220
7084 395428.9352462330
7137 395561.6980870002
7199 395573.6007553047
7207 395691.1421337952
7220 395775.6868518053
7240 395783.8531101027
7275 395954.5724996303
7307 396139.9310347291
7320 396263.7639284245
7351 396288.8613714658
7378 396405.8956941802
7409 396882.3988630105
7462 396911.6244696288
7513 396912.0639253791
7577 397517.4507544611
7641 397866.9412161220
7716 397934.3975158960
7735 398112.7004538532
7753 398257.3477846571
7770 398899.1163512302
7789 399731.0152759777
7826 399914.2549918460
7868 400229.9198499355
7936 400278.2549092399
7965 400383.5751392521
8015 400611.1648884513
8024 400846.3371109967
8067 400948.1170430674
8110 401201.1447528392
8149 401666.6894184717
8206 401669.4222920943
8276 401856.5250069699
8294 402062.2096397314
8303 402567.5893758279
8356 402680.8025702099
8357 402947.8282459017
8365 403047.1561136575
8395 403533.0585428364
8415 403566.4433059423
8461 403799.6269374031
8503 403830.5318692052
8532 403870.6363736261
8557 404271.1032433459
8558 404394.0474458975
8577 404720.5723885556
8591 405286.2273013007
8628 405532.2043355954
8719 405565.9751992486
8750 406330.9633433694
8772 406400.2218182975
8811 407081.9225111004
8865 407247.8499298929
8903 407790.2240480187
8932 408091.6652606656
8985 408410.8142734079
9002 408545.2385498271
9007 408958.6577892262
9047 409213.0146129273
9057 409375.1363116371
9119 409563.0496863291
9135 409760.7606531406
9226 409764.4600271093
9338 409868.9381135968
9343 410468.5729916202
9414 410577.1162067497
9491 410665.9391961716
9521 411005.6712065704
9535 411092.2584051011
9564 411303.1566179746
9592 411360.3050962596
9613 411432.0007287954
9657 411678.1041551746
9661 411768.4081814502
9690 412107.5333717735
9742 412304.3364646168
9746 412385.1878777420
9763 412580.1865479869
9798 412740.9563134639
9815 412816.6873100032
9825 413562.4737098055
9881 413737.2972521490
9892 414456.7705628680
9962 415068.3566223745
10000 413563.9344598077
evaluations raw_y
1 -2125904.0000000005
2 -2107834.0000000005
10 -2098752.0000000005
23 -2092674.0000000005
45 301990.8580384235
74 302720.7618574090
86 305046.7539362216
92 307829.2275237759
116 308654.6781030947
122 309619.9895549683
146 310588.7366851158
175 311928.8397145490
192 312929.6412610772
194 313305.9478171715
219 317037.4101023549
226 317507.7015987384
275 318003.2420646470
304 318564.9707408023
313 319873.5993152428
364 320342.9158082429
367 320365.8730767483
378 321369.9815338415
453 321717.3926992744
457 322017.3806938032
467 322091.2938965318
479 322106.3661460520
480 322411.5399183570
497 322436.5180273444
517 323343.3930287958
522 324106.9533745815
540 324494.6507080653
556 325405.6522938613
591 325450.0771863494
602 326162.2368847833
646 326307.4696867361
651 327009.5785281011
665 327048.5161082608
684 327099.5283556203
726 327669.5868928793
741 327993.7502071307
785 328199.4404333332
799 328706.1087281537
827 328904.8766772298
829 329189.5086084060
845 329198.0511827109
847 329222.7497758737
858 329278.9346759283
868 329533.1706469975
870 330564.3384662583
939 330920.4150259617
962 331203.5210489932
993 332301.5785843694
1024 332400.9341276719
1043 332494.3281177222
1052 332759.8373885297
1059 332850.3034580309
1065 333239.1087111268
1098 333409.0716887317
1101 333456.4970762349
1121 334222.0103878024
1142 334391.4875014616
1203 334620.1981708648
1211 334908.0306205592
1235 334952.2279988461
1255 335032.4711169198
1257 335339.9133037826
1271 335344.3166881669
1285 335508.7531831536
1288 335758.7174168309
1300 336145.6329141600
1305 336380.8902370197
1312 337129.3733996550
1344 337204.9844841555
1359 337336.9231335372
1373 337666.0090688192
1389 338146.6517458800
1394 338355.7302454058
1451 339007.3196723013
1465 339022.6883721342
1492 339567.2168418053
1495 339621.7858965117
1511 340519.8172669455
1594 340586.8480691991
1608 341193.2882845164
1649 341483.2703495680
1673 341994.7346985882
1704 342493.9229293985
1741 342702.9975709872
1744 343131.6207196467
1775 343613.4211270564
1789 344061.9721188226
1812 344580.4199398567
1877 344715.8370407683
1897 344787.7010603234
1901 344881.2905114262
1912 345424.9689029430
1921 345633.0568874152
1937 346132.4614164680
1976 346459.4352911608
1981 346890.0303980978
1998 347074.0511379990
2009 347346.6714717102
2031 348360.9955624455
2103 348671.2011253629
2104 348711.0464847268
2109 348871.0019354161
2143 349042.7687929126
2153 349256.1653176586
2178 349553.6477489388
2189 349658.9314124464
2190 349721.4420222174
2210 349735.5798696550
2219 350269.5635343988
2261 350619.3865502509
2282 351878.9498622083
2326 352327.7817713572
2335 352465.3573131952
2342 352756.0742312594
2359 353542.6261808854
2399 353753.9605700229
2403 353843.0025325331
2429 353959.5500373006
2470 353979.3475274118
2492 354055.5651651878
2514 354419.2973831081
2546 354509.6372087902
2575 354646.0645652034
2612 354986.0966540144
2658 355870.3583409447
2693 355973.1498446401
2725 356232.6976670818
2731 356563.5884106079
2735 356647.1586992309
2787 356669.2948638778
2789 356896.0324252257
2803 357080.9620646527
2844 357258.7735950538
2854 357820.4990624785
2911 358016.1255249921
2921 358216.3373223205
2942 358501.1553968880
2982 358663.2654841141
3002 358987.5134524482
3005 359014.1080968819
3062 359426.5586888363
3069 359538.4604274017
3094 359909.5629931975
3121 360128.4840730855
3138 360492.9292343193
3207 360867.1431151620
3214 360879.8843483039
3242 360894.6170092947
3248 361278.8204594987
3278 361710.7797390584
3310 362329.8914541446
3330 362346.2558242147
3337 362786.7125777308
3355 363093.1585344165
3377 363889.9757932383
3487 365098.3542935263
3581 365392.7154075872
3594 365433.0579930322
3612 366314.7292807443
3633 366333.3049743294
3641 366467.2462424336
3651 367081.3399751042
3654 367175.2152219059
3657 367635.3189149958
3673 367685.1597849311
3675 367951.8065869977
3701 368782.8237074754
3740 368819.9580589591
3764 368889.3969502148
3766 369349.1176037174
3781 369441.3552626637
3852 370159.0185490492
3921 370581.1406096249
3971 370604.3743311274
3986 370645.4366723705
4004 371075.6861918036
4012 371099.3035990291
4024 371152.3671893913
4043 371682.2031156959
4194 371814.3975869100
4247 372538.7062983746
4273 372584.6878234224
4310 372791.2258634691
4326 373099.1610752773
4329 373271.2084550470
4354 373951.9607189782
4372 374535.2038149532
4437 374962.9294565364
4474 375177.9278260457
4507 375248.9216583504
4541 375374.7685849594
4547 375763.9249067510
4573 375815.1594504708
4609 376702.1730140367
4632 376726.3150281660
4656 376789.8241404694
4659 376852.9261443658
4671 377118.1700236559
4715 377312.7227352710
4732 377703.3216907676
4781 378035.2174662387
4782 378101.2828577720
4811 378355.3482826716
4821 378579.8662189943
4844 378846.5197468392
4846 379050.0635817051
4885 379237.7190802167
4894 379283.4407413320
4919 379440.8962917060
4937 379682.9504690533
4943 379882.7076397518
4957 379952.0576710297
4969 380522.3990077622
5004 380974.3054211749
5027 381004.4023395086
5048 381044.1203271542
5080 381152.0446452107
5114 381232.6235258055
5146 381715.6532659674
5182 381943.2830169636
5205 382050.3501617352
5210 382314.4997805913
5227 382317.7352956353
5301 382386.9559980372
5304 382651.6000076569
5305 382849.0450143777
5344 382995.3552800548
5352 383417.3940897491
5390 383432.5217725024
5405 383593.5075819767
5457 383722.4684362544
5478 383794.4232629662
5483 383812.1430442360
5487 384555.8974736470
5526 384589.2154859750
5537 384776.0490549752
5541 384937.2248617764
5559 385274.3964440081
5576 385446.4257305010
5670 385985.4257305010
5772 385999.0627884680
5794 386174.0517864955
5823 386344.4687659646
5864 386430.0082752559
5876 386773.5966991716
5916 386795.1535711364
5931 387066.5382110384
5944 387078.2048598317
6003 387452.5002185226
6037 387647.3677706465
6042 388021.5070704345
6076 388334.4486203874
6104 388340.2195470338
6110 388632.9545129488
6126 388770.7172369498
6149 389144.6430942405
6188 389248.8298334238
6227 389708.4628569152
6248 390245.3340130637
6324 390309.0804694482
6350 390349.7703919565
6359 390671.6378486777
6388 391261.4454645322
6444 391811.3264286056
6509 391877.6063021466
6532 392465.5757904660
6622 392649.3741684045
6635 392751.8983751152
6693 393068.3934810248
6709 393316.7143254534
6753 393559.3176978953
6786 393950.2703357607
6820 394047.2659185059
6871 394081.3068819426
6874 394247.8503448319
6881 394261.0007934075
6954 394461.5885636450
7007 394619.6094821125
7079 394762.7893167632
7085 395070.8853672289
7135 395138.3470153382
7138 395535.7341936599
7142 395603.1958309389
7210 395829.6819393852
7241 396255.0368032735
7279 396281.1725656172
7339 396488.7626489628
7342 396659.3642062212
7363 397060.5257113755
7414 397072.7334291901
7437 397244.8955279333
7444 397257.1311424526
7498 397747.1842630763
7555 397931.5819132269
7606 397988.5745493675
7626 398075.2246277840
7668 398192.0426546256
7681 398305.2159931159
7701 398432.3077632341
7738 398692.7327296967
7742 399107.9061549712
7812 399205.2209351143
7818 399313.1911445367
7852 399816.9469702301
7876 399953.9610130250
7905 400070.2605790222
7936 400105.2082200549
7939 400459.4927832102
7967 400956.9078083268
8051 401530.9866595450
8123 401642.8351762808
8127 401743.3281030392
8129 402113.2343402282
8145 402503.0388406387
8168 402604.4800286761
8176 403071.3334413546
8237 403249.3870409199
8250 404237.7737356660
8333 404273.7611579158
8334 404651.2983251597
8463 404741.6106589288
8469 405058.1846551806
8539 405092.4202760754
8559 405220.6367783654
8620 405254.8724120657
8667 405644.8715996596
8720 405931.7618187426
8748 406157.1272572920
8852 406252.7527033821
8862 406304.4329719450
8877 406495.9537366714
8932 406692.8020003644
8933 406884.0942486027
8945 406924.5880247168
8946 407002.5532127169
8974 407076.6293399042
9002 407286.0754602352
9005 407421.6092231190
9043 407503.0269659338
9046 407521.7170290228
9058 407592.5067047547
9062 408260.5715991862
9135 408280.1747966405
9158 408563.2278679374
9166 409094.4036014821
9183 409149.8105313047
9284 409386.8525387573
9342 409469.5128356051
9396 409735.8978967588
9490 409868.0554185366
9541 410000.5234001168
9639 410300.5038865446
9709 410525.4421353847
9748 410709.6776929808
9779 410832.0598362522
9798 410915.2116969260
9820 410943.3232838942
9877 411169.3358889155
9952 411648.7057081791
10000 411169.3358889155
evaluations raw_y
1 -2129783.0000000005
2 -2123815.0000000005
5 -2121824.0000000005
8 -2119835.0000000005
14 -2117809.0000000005
18 -2112774.0000000005
21 -2095722.0000000005
57 -2089658.0000000005
61 -2081588.0000000005
64 -2078609.0000000005
82 -2077600.0000000005
92 304944.3804833182
110 305183.3143127313
129 308202.6638691128
160 308852.1286005636
178 312460.8050880958
209 314355.7733832849
236 315903.1458959175
249 317318.2860211862
280 317479.0574120870
289 318999.9143689381
306 319678.0757957182
327 320004.0108635406
328 320060.1113077847
340 320677.2862643418
342 321266.3004689055
355 321864.3062825214
391 321915.5997167734
406 322045.1717995277
422 322437.5337151134
446 322706.4687047284
460 322799.1841840324
461 323688.8053157869
478 324028.4658062708
515 324221.0904767772
534 324393.9199314677
543 324636.8318851388
563 324732.9715420780
593 324980.9185614915
646 325071.3824440347
666 325430.9181477044
692 325609.6333328109
726 325660.0934553199
727 325783.8016639500
729 325909.4348671895
747 326084.7809540171
759 326295.5334905373
780 326596.0006893401
788 326734.0800173793
799 326919.7730452822
847 327187.9563045005
858 327189.6100547899
863 327201.9516292411
868 327352.0250425388
881 328266.2661438587
912 328280.9303254266
939 328463.9757228154
960 328951.9847918215
963 328998.1917575875
989 329049.0318485561
996 329084.4680282184
1003 329120.8157579987
1009 329838.0117353636
1056 330199.0645260293
1070 330702.0921331295
1111 331306.7934409995
1158 331335.1646230926
1194 331467.4638054796
1199 331485.1212471269
1218 332121.0747495650
1247 332382.8925597143
1264 332621.6270224373
1288 332921.5120437905
1289 333046.7658026819
1300 333586.1796258764
1306 333704.5985701355
1318 333818.7422186148
1332 334121.3568223984
1343 334262.2949524638
1361 334410.9635227465
1407 334504.0556179264
1414 335332.6546426910
1470 335537.7523517553
1472 336668.1408132296
1548 337086.6704479354
1567 337309.8560997318
1590 337403.2953600472
1608 337565.0121540979
1641 337761.0046637369
1646 337911.2406089773
1667 338380.1880945037
1691 339104.5450228766
1701 339155.0115757853
1707 339313.5965674234
1728 339714.2512614987
1748 340130.4909008748
1768 340286.2525182932
1811 340520.5543339459
1823 340712.6655123630
1842 340713.6398786152
1847 341005.8030288697
1871 341074.7486518045
1872 341355.2481486163
1911 341431.9493689883
1917 341786.6161159683
1927 341998.0873447559
1978 342325.5245953885
2010 342362.3740960820
2011 342478.3593235607
2029 342598.8506984476
2041 342652.2720763615
2042 342700.5977251642
2067 342707.3731478681
2069 343256.7720380795
2070 343554.1747296058
2087 343707.1821692401
2114 344139.9194585887
2133 344493.3484828862
2152 344523.0368058673
2161 344902.4820283075
2183 345808.7120157211
2236 346431.9431234912
2250 346517.0491856944
2274 346733.4652752182
2305 346774.6689577090
2324 347167.2518933211
2358 347579.8235606778
2377 347745.4532458654
2382 348132.2342925846
2383 348387.2599461297
2389 348494.8144062858
2433 348638.7276536755
2459 348753.7065860248
2460 349072.1025279312
2469 349693.0134067956
2513 349939.3008958623
2540 350090.3134696956
2544 350574.7327748499
2558 350646.0345740248
2565 350737.5321640334
2591 351243.4702074156
2650 352630.8769335619
2686 352681.8409414598
2702 353091.0626358492
2732 353103.7850886077
2759 353494.4932352598
2795 353563.3779709064
2804 353844.6820581929
2821 354680.3679146385
2860 354709.2122872170
2884 354818.3661480764
2901 355123.8374902288
2924 355230.4457260672
2929 355469.1597606000
2945 355950.6947214420
2969 356106.6404797208
2981 356373.4890426575
3001 356565.2929081709
3030 356974.0557266505
3044 357207.7660248983
3066 357681.4756300372
3086 357807.3039182662
3118 358073.2299478812
3144 358141.1529441859
3151 358383.7377108486
3162 358948.7617087350
3230 359082.9223557040
3267 359110.7890498781
3307 359264.6043281305
3319 359288.0002510785
3330 359853.3026499264
3409 360054.2650616565
3422 360154.1568091417
3431 360333.3159428792
3462 360339.5554072466
3470 360922.7806230263
3528 361555.0381629796
3590 361569.2097594578
3612 361761.4634902823
3627 361814.4632196534
3628 362080.8766579072
3645 362085.2260553285
3666 362631.9454635292
3695 362669.2501760760
3735 363019.6736247424
3774 363264.0177744704
3784 363714.0502554895
3820 364612.8880080294
3852 364961.9311970907
3878 365208.0236574094
3890 365345.1645601754
3908 365477.0715781219
3923 365731.1812327287
3954 366061.2959286988
4014 366075.0230806408
4026 366092.8213851193
4071 366355.5849588955
4085 366509.0656882608
4093 366712.8135859311
4113 366756.0432326513
4124 367007.1021901008
4127 367325.9914251639
4174 367644.4706195555
4205 367680.2296289291
4209 367936.8095952173
4215 367946.1279478825
4217 369076.4434050219
4284 369154.6298509294
4303 369162.8233548827
4308 369745.2372700904
4313 369808.2827466794
4366 370138.1000007559
4369 370294.2379644884
4406 370474.5452808560
4421 371285.1200485342
4482 371411.6597328128
4484 371792.0380588619
4523 372145.7319318007
4553 372213.9105901805
4569 372228.3496044491
4580 372617.0222689452
4594 373040.5398331058
4600 373127.3766195842
4628 373318.9576100263
4631 373344.5191110216
4642 373769.6235983346
4658 373999.4330156714
4692 374057.3582251393
4712 374290.2010160577
4766 374828.9230068512
4804 374833.8974657269
4805 374958.2976163555
4815 375390.4029634284
4881 375440.8759641130
4885 375629.7668299492
4955 376268.4806779948
5058 376659.2129077262
5116 376898.0167641935
5187 377388.6396902803
5247 377507.4291851880
5251 377526.9740588541
5267 377609.8000647248
5292 377783.6301348944
5318 378151.4162988740
5323 378592.9696518672
5363 378821.6684838432
5384 379120.5897250516
5391 379188.1567410693
5404 379305.1015834893
5448 379343.7568921229
5463 379674.9227303173
5538 379794.4611582723
5558 380118.4293357118
5563 380120.9936144229
5564 380402.8138217106
5592 380737.1334833156
5617 380996.8883442794
5824 381189.2465848313
5912 381339.1390079798
5937 381882.4015105969
5983 382140.6333317647
5990 382420.6900942122
6014 382512.1918800885
6052 382797.8825762309
6084 383284.6255209660
6118 383666.9577467495
6123 383980.5524561409
6158 384305.0856821520
6180 384722.2469546855
6203 384968.0601393750
6221 385418.4588942966
6304 385679.8537257914
6318 385808.4539705617
6340 385989.0330283973
6352 386452.3690223083
6382 386595.6098523454
6402 386712.5611260128
6445 387046.5640518438
6540 387292.4182779331
6559 387322.0575136392
6561 387567.9074951981
6589 387776.9659415107
6609 387832.4906438583
6625 388065.9626328450
6668 388073.0679497771
6710 388076.4609479715
6737 388183.3597109012
6747 388542.7423772210
6769 388686.8004601845
6814 388988.8925801856
6859 389395.7715527108
6906 389675.4818081894
7007 389768.5316382509
7015 389948.9614302758
7066 390221.3205811700
7081 390564.6965388241
7128 390649.0030636156
7129 391009.2270931777
7168 391135.1985926597
7184 391457.7353475145
7198 391638.8368014893
7210 392127.9814542597
7232 392174.9902942067
7242 392184.0332745805
7243 393145.4284925059
7273 393331.0324518105
7286 393706.2612609811
7350 393790.9439523398
7414 393849.8779715737
7482 393973.3357391498
7528 394238.5200523437
7624 394356.6205457092
7644 394572.2271057310
7742 394698.6046209139
7779 394709.5271798472
7793 394893.1766983378
7900 394940.8408380155
7942 395120.4641718001
7978 395769.3783438663
8026 395788.2233227282
8027 396179.4122174396
8059 396704.4305760499
8066 397089.5830629285
8111 397752.6515143960
8186 398534.4713604875
8223 398552.7468290969
8244 398605.5880461421
8251 399047.9320860704
8292 399557.5156713334
8315 399788.0699155058
8367 399813.7864730513
8430 399856.4792085306
8436 400028.3204322649
8456 400124.7944119055
8508 400255.4290099689
8560 400256.4712140593
8591 400433.8141360603
8600 400759.1722088907
8602 401002.6616003643
8751 401287.6578249707
8771 401839.4675724331
8836 402001.8733278966
8841 402248.6680298619
8871 402552.6201806488
8919 402834.5944693267
9020 403022.8539910778
9032 403079.7964122292
9086 403284.0884227722
9109 403305.3141556015
9144 403360.3100099659
9146 403458.5089653422
9163 403520.3865930895
9185 403579.6416455822
9186 403877.7891269810
9231 403964.6995499060
9236 403998.3803234147
9239 404009.8221372630
9244 404207.7954288065
9257 404375.2199338546
9312 404512.0818881303
9314 404601.1058206914
9322 404768.5361968276
9347 404881.8109998443
9382 405051.3279258946
9386 405134.8046170253
9424 405516.7386371135
9500 405539.3694016057
9542 405822.4994269668
9627 406038.2738250290
9634 406328.7675480643
9706 406518.4487602047
9728 406632.2461982773
9737 406721.0293372389
9764 406728.9730409146
9818 406910.7015885644
9827 407185.0466579431
9929 407621.5665794645
9944 407687.4306790665
9981 408078.1486563098
10000 407621.5665794645
evaluations raw_y
1 -2120767.0000000005
3 -2117808.0000000005
4 -2108775.0000000005
12 -2090727.0000000005
23 -2089723.0000000005
25 -2080741.0000000005
68 -2076690.0000000005
76 -2072680.0000000005
86 300881.2414496812
93 308197.5945669083
146 308810.1114206034
181 309785.3137002427
183 310665.6533340937
187 311743.7159033336
221 313429.3043275198
290 314324.8958958651
334 314345.3477112048
335 314860.8761518450
342 315754.6390198004
343 316379.7015861124
369 316982.0660343234
408 317806.5767997663
423 317831.6762469310
445 318515.6382936225
450 318585.5459181230
474 319114.6612173655
502 319723.7726583279
526 319892.2072421785
539 319994.1472802749
553 320268.6943285446
557 321275.9818672991
577 321281.6746916960
594 321364.9637372575
602 321394.4995684998
610 321545.7205594293
634 322260.3315831618
677 322599.9707495343
695 322956.3603391882
706 323760.1305618436
748 323833.4501262152
756 324408.0565949391
792 324674.5055991680
812 324756.1297152179
834 324905.8444313492
845 325394.5929933835
846 325525.7474196166
858 325881.6849876246
897 325954.4449431080
906 326892.8425819688
935 327103.6871673096
950 327325.6115658779
954 327589.3615650054
994 327809.6095898587
999 328237.4542883979
1020 328244.0905711733
1050 328445.0850174926
1058 329047.2067071992
1104 329112.0538572604
1109 329608.4684552840
1151 329686.6471271139
1155 330191.6886161507
1164 330884.6748494551
1195 330935.0685023373
1228 331044.9112895040
1235 331129.3078685989
1243 331646.2464806979
1267 331727.5185617379
1274 332256.9170377917
1376 332774.6957680061
1388 333066.7408739136
1419 333471.6825063435
1448 333591.0227730778
1462 333598.9480126468
1463 333621.6910863573
1464 333623.8635705047
1472 333637.2806143119
1478 333778.1264062482
1481 333848.4774219212
1488 334083.1755778230
1501 334375.9992940234
1502 334919.9327329426
1535 335217.4806378091
1547 335639.1042615440
1555 335760.8746714378
1578 335925.4780229870
1586 336502.1547724798
1592 336709.2143578694
1632 336876.0142311120
1642 337019.8248851088
1668 337117.8923567652
1720 337511.4048879640
1741 337578.4698511926
1745 337602.9293604109
1751 337952.6560409511
1767 338556.6875318163
1793 338667.8308311600
1801 339067.9535471354
1804 339259.6137156226
1835 339313.5791204083
1842 339634.7448109459
1844 340056.6532220384
1865 340672.8214546099
1893 341623.8590219991
1963 342353.2302375972
2023 343001.8707248584
2083 343383.9531243959
2125 344027.8959884663
2170 344065.5410031138
2191 344596.4828514669
2206 344629.7526518002
2225 344913.9143649266
2265 345183.0008324941
2280 345522.9407435404
2312 345959.9677499638
2369 345999.3684133800
2399 346174.2363162112
2401 346284.8178471729
2427 346736.4294084841
2448 346790.8564503645
2462 346876.9903460678
2470 347441.9660297356
2571 347497.8883073356
2607 347815.0823706649
2628 348382.4656820683
2698 348625.5764671708
2729 348702.9162572046
2743 348834.9200480893
2787 348916.3253792367
2809 349141.7160249606
2830 349479.2782488033
2921 349917.8254581359
2952 350097.7562508090
2972 350105.2932633688
2997 350547.5965662592
3009 350608.1088717206
3016 350747.2874805160
3024 351197.1314456558
3045 351355.7939226159
3048 351413.6021379391
3087 351483.4139422310
3090 351790.6230046632
3111 351846.6618130521
3127 352053.4403756556
3147 352055.1815738461
3161 352085.2635051963
3167 352173.2667735265
3171 352914.1847766552
3206 353240.4935254752
3279 353773.5237181665
3329 353889.3933864431
3389 353966.8257152481
3404 354432.4090747067
3475 354466.1357708825
3482 354593.2826639369
3530 355056.3997372077
3560 355399.9509636450
3593 355407.8854293973
3605 355450.1668017543
3631 355471.7292996203
3635 355568.8561237933
3649 355677.1151495114
3651 355820.1929833051
3687 355894.3120850815
3691 355933.8261016979
3700 355966.1451458060
3712 356211.9974375122
3722 356484.9664675272
3797 356902.1898351234
3820 357115.7681133423
3825 357201.7982565264
3827 357348.6147913655
3876 357631.1801187886
3878 357762.8766724095
3897 358283.6794741575
3946 358376.3311585349
3979 358471.7245199602
3984 358706.7742126157
3987 358771.5061299988
4003 358915.6874518277
4041 359095.3731495483
4081 359188.9280508206
4145 359390.3465815409
4195 359852.9977206617
4211 360028.6328918627
4223 360405.5702864611
4258 360565.7214453093
4259 360728.6316356429
4306 361218.0481566642
4318 361340.9291644098
4323 361741.1819478524
4336 361954.4082650697
4361 362091.0595754241
4374 362141.4086956008
4389 362472.0352459638
4394 362727.6008203398
4430 363058.2904694809
4444 363576.3728277896
4492 363982.4348578335
4525 364402.7887672682
4559 364433.2439684063
4599 364440.3309746340
4600 364748.8383583305
4630 364932.4921239127
4634 364982.1835137627
4642 365015.2067838222
4653 365255.2197748862
4696 365459.4361942571
4729 365535.5382808152
4742 365780.8485701715
4753 366115.5202580528
4781 366271.5519264003
4817 367017.7466718857
4858 367138.2413556714
4878 368117.6718663098
4925 368186.1903471276
4933 368294.4840853975
4942 368547.7393626791
5045 368987.7680111685
5116 369122.7667579252
5170 369139.3203894616
5172 369569.0325498690
5198 370182.8766014141
5261 370252.2851222595
5273 370406.6890616431
5282 370649.1972212591
5302 371101.9272660505
5364 371238.9527629641
5368 371435.6573560440
5411 371720.5555160680
5481 372006.5007216404
5485 372201.5200430147
5562 372686.2353655857
5609 373116.7454937065
5675 373174.1427809278
5716 373652.8717579833
5723 373868.1680476796
5746 374014.5701315432
5749 374018.1204838869
5772 374324.1881281051
5786 374424.1829369380
5801 374570.1778880259
5872 375096.1327875904
5880 375341.8333099394
5917 375624.6827898070
5926 376013.5794413203
5932 376025.8397945112
5973 376097.0320389693
5975 376217.1143324845
5984 376221.5568107982
5985 376806.7432157787
5996 376909.5483117729
6029 377049.2428479219
6038 377208.4349037125
6041 377274.7040757939
6048 377496.7290699546
6056 377915.8670426299
6062 377918.4172942681
6078 377995.7796974723
6096 378575.7790081825
6119 379643.8655380645
6187 379775.2529815880
6266 379818.3528590197
6282 380325.1068287460
6297 380401.2366601836
6344 380456.4922059008
6370 380460.3942283741
6373 380772.8390671570
6383 380854.0611331568
6439 380931.9832670474
6440 381396.9975730932
6460 381552.0770004417
6478 381885.2107417432
6532 382004.3001115836
6559 382029.0410565420
6597 382242.1704278658
6631 382815.5945515454
6701 383064.2203074976
6746 383312.7514244307
6794 383450.3626561807
6808 383524.7059530722
6820 383682.5789211494
6861 383756.8467654989
6881 384163.7916471793
6896 384225.4688643879
6897 384364.2340765663
6904 384467.4002936676
6911 384554.0177501189
6912 384789.3743114726
6945 385247.5090769366
6952 385294.5504790916
6996 385875.7889941556
7010 385973.0501099155
7019 386308.9772822274
7106 386860.5080960441
7148 387005.4357744479
7165 387026.0985176943
7215 387051.0316662399
7266 387510.9199820308
7361 387550.6841836910
7362 387643.8078717186
7372 387661.1375288756
7396 388255.6108663642
7423 388309.2577059512
7455 388614.6803303130
7511 388654.5184896472
7519 389537.3488840388
7543 389577.1040862651
7566 389876.8877494331
7605 390337.4610409689
7672 390455.2781189858
7720 390752.6500880381
7728 390915.9014500309
7780 390920.2214108664
7783 391250.0705479246
7816 391251.3375130062
7834 391474.6671702267
7846 392025.1750134298
7937 392100.3633364263
7951 392573.6594725844
8004 392730.4142498038
8069 392989.8235223111
8081 393668.8308131211
8150 394035.9989030411
8168 394059.7548018589
8189 394255.3631291175
8208 394264.0392804481
8256 394813.1368010630
8284 394870.3829608848
8339 395072.3038004914
8375 395568.1424236802
8391 396288.3607993939
8424 396326.9887341139
8514 396906.5783627608
8604 396959.5185578939
8611 397016.7490052790
8649 397437.4240677701
8708 397773.7637240547
8726 397866.4780619805
8749 398132.0147536892
8756 398391.5355460290
8767 398662.7564707806
8869 398902.4164272624
8890 398933.5004885088
8907 399189.7217961121
8930 399309.6925832533
8943 399473.5815922247
8968 399488.2409997275
8972 399593.5252163976
8980 399824.6366044248
8992 399852.3642399232
9026 399932.5871543380
9034 400108.4496217745
9044 400170.4973090497
9061 400674.7152060553
9101 400929.9629476622
9124 400933.7700220358
9127 401170.2287886849
9173 401507.8035316790
9174 401781.5470233826
9252 401801.4525720367
9256 402209.3259085085
9288 402222.5876625989
9305 402321.2570243248
9308 402427.9725464506
9341 402524.0340779097
9348 402778.6241390722
9375 403862.6521648096
9401 403917.9195936644
9440 404649.9771000288
9458 404767.0315474678
9501 404905.2526304528
9559 405153.5428653146
9608 405195.2314415103
9638 405231.6901328393
9640 405399.3690656829
9654 405550.9656101273
9659 405840.4947540523
9713 406044.6373671942
9735 406159.7944557327
9740 406235.9826452213
9765 406325.3922171020
9807 406851.7065379388
9879 407179.7561791415
9901 407380.0932271961
9917 407414.3849767644
9931 407506.6900525786
9944 408153.6169932726
9964 408218.1095416682
9997 408253.6004178991
10000 -2073656.0000000005
evaluations raw_y
1 -2123803.0000000005
5 -2105726.0000000005
18 -2092740.0000000005
54 -2090602.0000000005
56 -2089667.0000000005
64 -2083616.0000000005
70 -2078582.0000000005
77 -2077635.0000000005
81 -2077576.0000000005
85 304415.8549643460
86 314054.0947759195
123 315228.0818980202
128 316047.5608158860
130 318856.2909459726
180 321703.7552907800
222 323629.0635330894
257 325316.7826865697
284 326516.0463916607
348 326559.8686657238
354 327250.7926914360
370 327385.9674547355
384 327395.1153998018
388 327480.2640530171
403 327878.5248309373
408 328455.6224185926
423 328967.1760242836
445 329574.1160031917
477 330550.8077860456
523 330652.5009006312
545 330943.8041246741
581 331023.8175763072
586 331080.4701402219
596 331904.6400848321
609 331966.1248296256
638 332214.5109433947
662 332396.3182561242
669 332416.7581690867
683 333368.7073941570
757 333843.3093137610
760 333959.0588510041
776 334184.3289023195
797 334333.8150817998
805 334539.6030019973
825 334683.4112072255
852 334733.7354166773
868 335026.9204874477
886 335174.2980249812
894 336438.9861200338
924 336756.6973270532
984 337113.0825527642
1048 337181.9738130427
1057 337281.7764712613
1062 337302.3806600944
1066 337804.0707081066
1105 338340.6357283198
1128 338829.2504433828
1150 339465.0445476372
1181 339806.1602557909
1206 340151.3573849044
1228 340156.9061442495
1231 340772.0312463799
1241 341366.2816662664
1271 341508.2712464249
1315 341785.8255826743
1318 342094.4337638299
1334 342190.0276925217
1361 342613.9275357787
1416 342777.7903248792
1429 342882.2414399181
1431 343099.9122042733
1476 343286.7513098032
1486 343334.9103018006
1487 343387.6381952493
1503 343501.3573056115
1506 343633.6152771624
1523 343664.2869890439
1529 343909.0997986068
1531 343929.5433033409
1557 344986.4448405347
1602 345138.0331637148
1620 345143.7927695744
1657 345144.4699260147
1660 345183.9163327475
1675 345234.5212590545
1692 345560.5247812915
1695 345987.0806120233
1701 346017.2097390845
1709 346077.9019641103
1737 346315.0476904004
1752 346413.9058608486
1776 346554.4821676791
1780 347882.0788892443
1787 348981.8590376435
1864 349101.0734057300
1870 349705.9106851809
1925 349814.9681440337
1927 349938.3224595313
1974 350233.7057937444
1986 350258.5823695615
2012 350302.9702421440
2014 351242.6063405281
2070 351326.1431581043
2082 351406.2776464048
2086 351935.6777772374
2163 351957.7228634857
2164 352022.6311340792
2174 352297.1045335378
2183 352370.9386245993
2196 352873.9488710065
2228 353026.1715496273
2233 353502.3183500960
2278 353918.5593348710
2281 354003.7103130119
2302 354502.5560057880
2316 355704.1034979561
2328 355791.8250985102
2357 355827.2641570137
2367 356403.7614922987
2369 356492.5761284273
2389 356688.1768368063
2412 357088.2359301028
2413 357294.7320028897
2430 357338.2502490972
2450 357964.9473729669
2549 357986.2844549193
2550 358523.8164331589
2572 358681.9975676329
2603 359130.5112031224
2649 359375.4229863893
2662 359496.1217811839
2697 359818.0230214859
2715 359994.0263349756
2726 360234.8859774537
2742 360523.7538286792
2744 360781.9345513209
2764 360823.5859093131
2772 361159.3437991187
2791 361279.4238539166
2796 361626.6040087269
2801 361780.0760686598
2812 361901.3136851088
2818 361929.9522107983
2842 361935.9353175409
2857 362019.2605596802
2878 362194.7024801568
2889 362284.7166213107
2911 362405.0648722532
2914 362705.4972025330
2930 363051.2834499314
2971 363279.0954868448
2982 363785.9026403343
3006 364516.7897369227
3062 364999.7272489762
3122 365246.5240333772
3149 365308.3995828247
3163 365637.0778294784
3188 365914.9069596817
3266 366780.9351441851
3304 367470.3827811962
3371 367505.6302757534
3373 367577.8952633416
3402 367967.8986765544
3430 368091.5222462153
3452 368171.8453035167
3457 368248.9041423586
3466 368278.4969771752
3486 368363.9918032584
3489 368595.6863806347
3548 368651.3175191328
3550 368743.6467963485
3554 369100.7518785186
3634 369574.8283318495
3642 369747.6235149981
3700 370100.6459116446
3702 370354.3245830585
3725 370394.3127546416
3778 370433.2067584328
3789 370466.4139013250
3794 370577.8822842188
3796 370814.4263019744
3803 371528.2444976968
3830 371703.8586808080
3870 371757.8328852153
3890 371866.9422052653
3903 372565.7104204429
3936 372741.0363683349
3944 373264.1967720967
3965 373514.1275527056
3982 373654.2348861574
4001 373770.4531397061
4002 374019.9791155306
4005 374095.8674345680
4021 374247.6113236423
4035 374378.7533639021
4052 374386.9471420812
4066 374822.6442207032
4072 374849.0544801874
4074 375058.6339174305
4086 375123.5840675302
4097 375831.8432041107
4187 376315.7952092224
4275 376319.7512894034
4316 376453.7999919109
4324 376672.5487233223
4333 376826.3019081932
4343 376904.1529251364
4378 377281.9734192098
4426 377642.2606362792
4462 377987.6149372488
4546 378422.7820518975
4565 378532.5157139660
4620 378547.5834797409
4625 378557.4339979872
4640 378975.7981688296
4641 379062.9934139671
4681 379062.9966843628
4682 379516.0669706237
4724 379589.8215722819
4728 379666.7316181397
4737 379847.8128491848
4761 379888.8291375512
4789 380032.8375437111
4844 380078.9014186971
4859 380260.0138935929
4865 380460.6005096285
4867 380822.2953163926
4918 381063.1449332080
4921 381462.7577920959
4936 381487.4757483713
4941 381590.4158341808
4979 381604.6033083861
4984 381725.2006007363
4990 381978.9706866371
4998 382169.0928128164
5044 382604.6129059728
5113 383170.2551321240
5126 383351.5143566072
5162 383569.9109233566
5186 383988.9654552973
5220 384051.2462789128
5243 384127.6177899733
5249 384342.1403552521
5290 384473.0282127283
5299 384684.4890345249
5309 384813.6422296238
5326 384833.5721728720
5331 385208.6138508686
5345 385303.4665306464
5389 385514.9529549488
5402 385875.4605671746
5459 385884.1289921674
5507 386146.1863889203
5517 386485.5422567349
5525 386633.1005660020
5543 386815.3696708156
5686 387112.9655220611
5687 387173.2181168922
5741 387351.6453180005
5832 387379.2212203533
5850 387486.6071603406
5867 387634.7219800468
5903 387683.3082749944
5910 387724.7968250859
5914 387946.0077989167
5963 388010.8057297158
5964 388195.5338046416
5981 388549.0178984714
5993 388917.5942904927
6059 389053.5845065520
6062 389154.1864695992
6084 389395.6711153858
6087 389674.5789561426
6094 389760.7391093352
6123 389829.5413998354
6136 390374.5494013745
6184 390394.8268161060
6188 390561.4412662774
6205 390668.6879128601
6256 390774.0767706530
6291 390775.4788568277
6303 390813.1032461058
6325 391048.7527730120
6329 391437.2223638406
6494 391454.1185378155
6505 392182.8973520729
6525 392348.8477040199
6533 392407.8817653063
6562 392619.0763740122
6591 392727.2410246491
6593 393228.5878315712
6604 393295.0686201072
6644 393459.1775583900
6668 393749.4019913872
6678 394001.3962285648
6724 394409.6790389657
6748 394669.3429553906
6779 394968.8700581436
6829 395626.8164641931
6864 395750.5921120523
6955 396569.1505889653
7050 396589.4884309731
7086 396802.0830391838
7123 396948.7196033330
7163 397870.8977540041
7214 398104.6510319326
7234 398264.8242575841
7248 398817.5140101920
7338 398849.0972652057
7342 399371.5403484830
7424 399746.8525781850
7472 399961.8901589073
7644 400284.0372128091
7663 400347.1156935565
7703 400552.4166912533
7704 400764.5500705161
7733 400773.5894421650
7750 400969.8663327863
7770 401041.6735458008
7839 401139.6429287113
7919 401188.1667489444
7930 401265.0153452448
7946 401727.5513908550
8000 401742.6417350242
8003 402207.3096807987
8021 402229.2069455323
8081 402862.5128093130
8116 403114.4508759514
8175 403413.7948852978
8241 403709.9028739028
8271 404009.2512945320
8283 404019.3142646919
8347 404370.9329663920
8476 404526.0209213099
8499 404987.5653401029
8564 405415.6246326656
8591 405708.3605885258
8641 405860.1629345246
8765 406274.2628980206
8879 406462.3537806857
8890 406873.1206946354
8964 406972.6100699635
8987 407489.9207648446
9086 407532.9951467849
9096 408409.4498576144
9182 408605.7364544502
9202 409184.3313155200
9267 409437.0584164459
9274 409873.1934741756
9312 410061.9315846566
9322 410376.9408623439
9356 410685.8724684005
9480 410751.1867817061
9604 410851.2520100923
9629 411247.2548954600
9787 411267.0719966221
9834 411445.1854136488
9862 411679.9042626015
9888 411867.5764976082
9907 412175.6870029077
9987 412317.7132835857
10000 411781.7865997168
evaluations raw_y
1 -2161934.0000000005
2 -2139890.0000000005
3 -2108728.0000000005
7 -2101660.0000000005
32 -2083676.0000000005
36 -2081652.0000000005
41 -2077619.0000000005
56 -2076672.0000000005
68 -2076658.0000000005
71 299870.1734473394
72 314254.6493445869
100 314979.4819098788
119 316276.4403865982
125 318329.0022824196
149 318498.9491067211
154 319422.6649313464
171 320011.1524527250
186 321556.3477941052
221 322436.3244051507
223 325035.0888316196
283 325165.5244302372
302 326677.2805109046
349 328414.6507355035
386 330327.0088287186
444 330359.0798164246
475 330828.5395319753
510 330918.8309721985
515 331146.7664982709
545 331211.7212268275
569 332487.7350979923
596 332533.2558496959
603 332618.5337277440
611 333049.1003425066
655 333929.4020445937
726 334480.0181235129
750 334733.2411328063
761 335194.3406092073
804 335456.1151962767
806 336033.4264778050
843 336051.9177690405
844 336720.4641306968
897 337201.5006607568
913 337727.6796706691
962 338068.5403483262
967 338237.2509491867
999 338325.7282797912
1025 339215.4151067765
1057 339350.3643066661
1063 339423.1688592660
1079 339919.7111684032
1089 340268.0914460640
1130 340336.8521815208
1149 340369.5726457848
1171 340558.8731698989
1188 341029.4197994276
1202 341173.9351253116
1230 341236.0669202758
1234 341277.6727852952
1248 341506.7284855591
1270 341551.3045741066
1308 341663.3160796987
1347 341773.5463957352
1364 342579.1881585644
1422 342581.8378775608
1427 343074.5524178125
1429 343414.0470545446
1471 343545.5719057357
1475 343618.7984863389
1485 343633.0263027831
1491 343663.7332875203
1504 343957.7439965980
1518 344660.7688409879
1553 344916.3764103671
1566 345255.9197053656
1584 345277.9056972998
1597 346080.1487906664
1611 346328.9773555169
1642 346373.3213842342
1656 347107.6204084186
1687 347228.5998706219
1713 347328.1028730898
1722 347604.8668883255
1728 348083.8269485477
1748 348239.4505785786
1756 348461.8622160914
1776 348469.8337298370
1831 348680.4701164220
1841 348693.4210688696
1846 348945.4607892904
1854 349308.0654269702
1894 350292.9275904539
2003 350548.0664315251
2044 350616.1519307893
2046 350689.3649241535
2076 351135.6472953394
2082 351225.8303074713
2134 351336.3508332781
2152 351721.8379949539
2181 351799.6485335892
2204 352056.0324943729
2227 352201.3612101008
2256 352230.7535410619
2278 352417.9354660978
2310 353110.3729736476
2316 353259.1260234471
2351 353860.7199973484
2390 353926.6461755359
2400 353951.5503777975
2401 354511.2525613408
2416 354785.1915726279
2453 355490.2982162343
2501 355642.0396473019
2504 356284.8880355359
2557 356339.4141031912
2562 356474.5214815249
2587 356710.3324348676
2604 357216.4083582486
2671 357252.2086957423
2697 357282.9764781276
2702 357762.1951566636
2753 358407.1908932010
2787 358723.4435285832
2839 358944.8813606784
2850 359290.2342335748
2857 359483.3271288088
2883 359507.1853635446
2886 359583.9181503005
2925 360551.4567161767
2969 361519.3896576492
3057 361573.9652372234
3066 361638.7322499036
3069 361685.1866342660
3092 361792.8314093112
3113 361909.6983190507
3144 362117.8140482859
3211 362242.4746146610
3217 362344.7268356925
3248 362357.4910418630
3249 362467.1580153210
3274 362836.3849424217
3286 364145.4210516940
3336 364438.0504526857
3354 364560.8397978490
3364 364995.9830119417
3393 365136.4825844420
3429 365390.0956461914
3493 366016.8096753157
3504 366224.9786061607
3585 366388.8949313043
3610 366503.3343149687
3643 366661.3195529136
3673 366734.5027806115
3689 366740.0422073528
3722 367921.6878581068
3818 367948.6250488783
3825 368417.2173666653
3883 368707.1052348084
3962 368928.8075104069
3985 369112.4183815625
4022 369172.3537691453
4037 369198.3943066254
4045 369225.1338267501
4050 369373.3748371538
4082 369555.9773842614
4087 369725.8810673001
4098 370086.6147334937
4114 370258.6012096558
4129 370279.2750774191
4150 370534.3336337392
4172 370741.7034996205
4267 370825.3885400928
4291 371652.0013056967
4326 371672.1911553349
4330 372069.8016963098
4368 372197.5903902639
4391 372389.4374138298
4443 372546.8650828395
4482 372765.0521904457
4601 372889.6833510773
4614 373248.5165466708
4634 373265.3266483997
4656 373298.8682404446
4681 373754.0212937866
4720 374008.1884910728
4744 374239.2085964959
4764 374676.2207335507
4801 374687.3626816593
4802 374878.2351565929
4806 374949.3719944669
4861 375419.5958469405
4877 375555.9664169281
4933 375972.7307049520
4935 376092.3059883249
5031 376118.9586618333
5036 376260.6666389464
5045 376659.3902877981
5097 377122.7134517832
5127 377242.3677227531
5135 377429.1252300399
5165 377726.4419399436
5207 377820.0425452482
5220 377906.0125373843
5222 378542.0330786258
5299 378858.5191411762
5342 379140.9655813429
5379 379642.7719391916
5401 379871.7486092310
5443 379925.5016300895
5447 380434.1116609054
5468 381081.0170481291
5539 381378.5733272062
5549 381388.1456325784
5571 381743.7259904883
5582 382302.8432122950
5668 382648.6159559129
5751 383097.6039974690
5770 383293.8905546264
5782 383352.7868088220
5789 383816.7524289032
5806 383883.2416790902
5828 383962.8094770077
5847 384218.7890075600
5853 384547.1068035018
5877 384793.8523072894
5901 385083.6407532194
5938 385405.4923115279
5954 385486.6913406666
5967 385685.4093867641
5968 385843.9733716608
6007 385891.3929993882
6021 386292.3167143314
6127 386551.9059875833
6245 386838.3739217527
6266 386933.4937704505
6318 386948.8030236902
6369 387023.4957149889
6391 387286.3508369658
6427 387330.4028368578
6447 387973.0871811979
6486 388196.8633318244
6592 388316.6204831191
6596 388673.6471051415
6621 389058.9743398855
6667 389216.1205698133
6682 389429.6678523693
6684 390416.9529035825
6827 390556.6310286133
6838 390622.1862792611
6853 390878.9743223265
6857 391117.0281752085
6892 391878.9120486169
6937 391928.9409991071
6956 392068.6052830620
6961 392256.3703057457
6988 392375.2857961304
6998 392395.5522759203
7013 392487.9140356868
7016 392519.7724605426
7027 392769.6057355308
7036 392778.6062943942
7062 393093.1449583056
7081 393578.9579195223
7102 393793.2318918239
7133 393837.1491784718
7194 394099.0727172999
7221 394395.8073805388
7243 394528.5041958244
7277 394754.6380603595
7330 395994.9135709753
7403 396375.2856110886
7461 396617.4443515309
7477 396797.2493998950
7518 397113.0021424243
7524 397244.0090865602
7572 397720.0548313153
7694 397819.0147435738
7754 397836.5872559741
7773 397921.5846076654
7838 398038.1169940402
7864 398456.2188820844
7951 398823.9824638610
8037 399614.4241812028
8048 399673.3377166086
8068 400181.4995176831
8087 400332.9110713065
8132 400394.6450075448
8133 401072.7266518098
8196 401241.6159308175
8221 401574.3247386737
8242 401577.4927811588
8293 401613.6718456736
8319 401853.6347901306
8359 401936.0349541234
8373 401944.7256556303
8376 401965.6705596710
8392 402002.6775177355
8399 402428.4428567011
8401 402437.1333778223
8439 402682.9028525267
8463 402687.7136550549
8466 402782.1878775358
8483 402906.3075828046
8528 403157.7155231681
8545 403219.9096540296
8593 403448.5256740596
8688 403676.9646206851
8741 404077.3611559329
8784 404325.4695500984
8797 404431.5453863023
8815 404656.2495448601
8865 405355.4014477415
8921 405429.3243933437
8938 405669.0719066671
8947 405673.2344497488
8983 405803.3781741661
9006 405951.3409520803
9041 406403.4374031005
9064 406702.6464280239
9082 407706.1503322252
9101 407873.7610106016
9133 408059.8854995157
9158 408245.0114780971
9241 408559.1398412616
9274 408703.6268166268
9302 408960.6880665986
9342 408972.7480212214
9345 409008.2658758459
9358 409152.7746812006
9378 409288.9561284831
9395 409302.4065445195
9400 409305.1859563806
9408 409556.5689123178
9419 410094.4499627553
9425 410136.3522654170
9462 410589.7469884735
9507 410700.3945438686
9521 410837.6308503755
9525 410891.8550861032
9545 411461.1592537970
9592 412265.0116282096
9654 412754.1452343792
9702 412866.3983989358
9743 413248.9125732511
9772 413460.8595431579
9798 413955.6255643592
9829 414205.4769953077
9847 414301.6019813261
9864 414493.3769910468
9901 414522.0279982808
9920 414650.2045943574
9932 414831.7682171760
9942 415054.9504183116
10000 413714.0991212722
evaluations raw_y
1 -2136818.0000000005
5 -2116849.0000000005
9 -2115867.0000000005
25 -2102811.0000000005
47 -2091695.0000000005
59 -2085610.0000000005
63 -2084639.0000000005
97 -2076602.0000000005
103 310249.3743950420
113 311127.5248961797
125 314886.1371504054
163 319670.2997805712
204 320007.4961117854
206 320209.3090283814
225 320260.6347522366
233 321125.5546272313
244 322117.0787708579
258 323469.6225458109
285 325204.7902304929
302 325688.4935715009
345 326039.3736601710
383 326344.3767334298
385 326424.9184070014
402 326442.0610298991
404 326629.4173406020
406 327126.5648276642
409 327741.8392114468
422 328684.2440113502
429 329532.9215456058
496 330029.9882013173
510 330156.2485826539
525 330166.7416576169
540 330219.3806595673
551 330334.0361290750
568 330762.0526344419
602 330823.2828976148
624 330969.1903636368
636 331180.8955160827
659 331259.3915259218
692 331581.6001276477
696 331649.9343351389
701 331653.3385585317
722 332010.2473541852
728 332404.6445871144
741 332746.6044624105
743 332966.7834767891
829 333555.4281803450
884 333613.7568479467
891 333724.8120699250
927 334185.8668139632
979 334717.6080061407
988 335007.8652719443
1030 335011.8955782647
1034 335139.4815885665
1035 335243.4608281935
1065 335454.1516690031
1072 335473.8626525751
1087 335572.5059749273
1109 335935.1564900288
1163 336304.7292546790
1168 336310.3495650113
1202 336451.2646952942
1205 336573.2198534516
1222 337419.4784354264
1246 337734.9198185113
1292 337892.0072091356
1304 338102.4613858058
1310 338153.5711453826
1327 338352.9316708029
1330 338563.3896298987
1359 338913.1155423536
1372 339379.4883999514
1402 339460.7922090411
1415 339783.2013360940
1424 340227.8271387455
1446 340473.5562964765
1529 340553.5695619368
1545 340905.5310171320
1546 340905.7208269464
1575 341099.5408466602
1584 341301.6506466532
1595 341566.3575239296
1617 341801.6527926053
1635 341802.5877483764
1645 342072.0767118008
1665 342840.8095264073
1723 343248.8328745956
1733 343311.8964657451
1744 343543.2501417994
1771 343720.5290643281
1814 343987.0560486435
1819 344286.5446237859
1904 344790.4688833568
1918 344792.6955973796
1928 344969.7134765880
1942 345040.7887535671
1950 345509.3927485005
1968 345575.6299847619
1981 345768.8354615030
1983 346069.6552940335
2007 346376.5199808616
2011 346908.8309249776
2024 346989.0621131667
2027 347016.4447917543
2050 347062.1620548440
2051 347421.5701582799
2078 347439.0236125388
2086 347488.0047314218
2097 347861.6914048726
2106 347890.1109662286
2139 347922.7019507697
2177 347988.8362033644
2183 348014.9767424390
2188 348047.2923031090
2193 348623.4188858264
2256 348997.3920351328
2316 349624.0484555392
2368 350242.0487343920
2422 350621.5741315930
2492 350762.1683752852
2526 351057.9548178951
2551 351168.8855242781
2602 351640.7895106040
2613 351900.6568596311
2639 352323.8523298521
2646 352549.3192877902
2669 353146.2712476442
2689 353160.9765043028
2703 354010.0425391374
2754 355056.6709921984
2769 355060.2606050256
2802 355671.3892580118
2875 355792.6728892807
2882 356113.2962194051
2935 356307.0147029114
2972 356485.0741293711
2975 356953.6872156694
2983 356957.3484111459
2995 356983.1108087907
3001 357319.4537984671
3016 357738.4340085617
3034 357859.8192653938
3046 358472.6010433028
3067 358502.0429901720
3071 358768.0922422488
3108 359078.4410109469
3111 359079.9850663721
3133 359210.7882059198
3145 359526.2125026844
3187 359547.8575381485
3194 359621.0706011388
3200 359812.6357706060
3243 359979.1831098513
3269 360294.6258463167
3314 360572.4274599819
3337 360824.2138716486
3351 360871.7407235653
3369 360942.1384827701
3412 361043.7983772898
3420 361127.9829528087
3448 361865.1203324628
3525 361893.9581071364
3542 362452.5001695925
3577 362498.2400562497
3580 362640.5069389786
3591 362709.0672701419
3610 362848.8072368944
3615 363342.3876383941
3628 363376.4302141313
3634 363497.5927485982
3635 363805.9194318879
3655 364519.6205088553
3683 364543.8479687616
3685 364612.8971236117
3693 364636.6478967559
3744 364885.7066840136
3783 365056.8448086941
3841 365336.2606263463
3882 365493.1330386248
3888 365787.5372755788
3902 365873.4971141162
3955 366084.0846401210
3971 366342.5618869024
3984 366436.4666182950
4031 366487.1509536813
4035 366834.4994993745
4042 367012.7777903486
4070 367364.5009341636
4110 367422.4265694022
4111 367481.3042350936
4124 368033.9733015692
4184 368175.1280837772
4214 368206.0676859013
4224 368633.5814994999
4284 368775.2339031633
4306 368891.3382236951
4313 369490.7733524923
4421 370219.1946855046
4506 370342.5936216863
4526 371051.5695903271
4560 371279.9658781519
4561 371281.6251911270
4567 371595.0353087431
4598 371821.8192998134
4626 371885.3662525399
4631 372269.2330222399
4706 372437.0574391927
4717 372453.1022572204
4724 372928.8299152115
4743 372942.1524367469
4804 373090.0692023377
4877 373314.3712872022
4881 373498.3900455268
4904 373674.9097244013
4947 374093.1739172832
5002 374144.0962312699
5046 374818.2880607564
5090 374968.7961766962
5106 375260.2155400220
5135 375562.2141464132
5156 375817.1956229313
5178 375825.1258843336
5209 376106.8977603991
5221 376276.5626722635
5222 376406.8261218205
5230 376572.9063533609
5262 376852.6733299051
5267 377557.8239104526
5325 377790.2108332027
5344 378155.9556472171
5401 378422.5110498357
5439 378605.6118752342
5442 378981.0709713007
5460 379024.1927085685
5464 379191.6248424224
5507 379243.8561238730
5566 379702.7775525273
5612 379804.5328220583
5658 380075.8158647221
5688 380251.1752269003
5736 380418.2088229412
5738 380582.5904797226
5773 381068.6347105721
5791 381230.0381859363
5839 381356.3897449932
5846 381777.4911995840
5874 382121.4038417046
5972 382286.7481341703
6015 382331.4805928253
6035 382587.2199523119
6057 382866.0137112295
6117 383067.2148327706
6153 383224.7348475539
6182 383714.2760205049
6201 383811.8440138986
6208 384067.1968433984
6242 384390.0162721613
6319 384967.9441190725
6333 385056.2172703897
6371 385366.1708218541
6412 385400.5244156486
6422 385530.9426561315
6436 386025.3550769381
6464 386032.5291637099
6474 386237.9259590661
6500 387104.9765028387
6506 387395.9998867343
6578 387816.0619257917
6615 387851.9049401090
6655 388274.1771365698
6745 388347.1293305763
6768 388870.0812691934
6800 388870.7326059159
6819 389092.0172091149
6868 389543.4606645499
6926 389751.4931174540
6950 390136.0161848260
6999 390343.6625532396
7006 390453.6867650911
7009 390616.6623259002
7010 390855.1700330493
7024 391374.6686445078
7063 391957.3189505262
7086 392107.7410853449
7103 392609.6283466597
7135 392922.2792141318
7153 393136.9523655059
7201 393499.1358760785
7220 393722.5476123837
7241 394225.1156559054
7267 394633.5167833092
7277 394657.0279049115
7286 395343.2679981345
7305 395846.0414981230
7345 396032.4112691021
7371 396271.0415222354
7438 396308.7767248333
7458 396604.2319160638
7481 396824.7807101122
7492 396891.6713148372
7530 397734.9875442482
7595 397826.1726788790
7626 397998.9262107860
7646 398063.9971258653
7683 398702.3487673488
7743 399148.6491551460
7812 399682.8169001550
7852 399833.0403432727
7854 399837.9806425603
7899 400779.9806736290
7973 400913.0568788195
7986 401106.4621035991
8013 401268.4465606926
8024 401657.9825459034
8058 401699.1812948602
8060 402196.6169290468
8142 402545.4831184730
8231 402618.3492245188
8260 402819.8834530785
8321 402872.3482266559
8333 402973.2223035086
8358 403218.3969772290
8446 403342.7758182602
8447 403356.3607456316
8489 403587.6695129479
8521 403760.9500252487
8586 404163.3136173355
8615 404489.0942956278
8647 405064.7746820949
8665 405218.6287914917
8723 406078.5960890275
8775 406196.8987298491
8813 406231.1412958031
8819 406493.1869976970
8829 406549.6629471973
8851 406613.9018458701
8856 406777.7325021913
8901 406957.8950230934
8918 407307.8582957096
8947 407593.9002176558
8983 407997.7218601098
9004 408084.3939015755
9028 408426.6345099240
9054 408454.2195086842
9060 408716.0283698969
9080 408748.0598089706
9090 409137.1577139969
9191 409310.0052105401
9200 409566.6313148641
9209 409649.3438912816
9241 410514.5063833036
9317 410518.3746201317
9337 411160.0371693339
9343 411198.2667208984
9378 411927.5100757517
9434 412012.9324187674
9453 412230.4999373201
9469 412445.9739842760
9474 412690.7239114834
9556 412735.5043564352
9573 412750.9188129576
9593 412938.2851231964
9624 413261.7227709182
9676 413329.4180252767
9736 413509.2182519617
9739 413552.0012090994
9832 413569.6126537280
9833 413809.8671661793
9850 414090.5702474911
9898 414220.1758496265
10000 414220.1758496265
evaluations raw_y
1 -2151839.0000000005
3 -2139858.0000000005
4 -2136909.0000000005
5 -2118804.0000000005
6 -2095704.0000000005
21 -2091642.0000000005
22 -2090630.0000000005
26 -2076588.0000000005
63 -2074578.0000000005
68 312705.1153361776
101 315508.8994626401
152 315880.7092896425
178 319219.1256585648
225 319534.1867483365
234 319970.2991386913
242 320313.9961667595
261 320383.4885876330
298 320695.0334481198
307 321490.4156733372
340 321622.8338980414
367 322071.4268236288
392 323132.6982117597
418 323490.7355730123
465 323805.6002228780
501 324337.2541098653
532 324587.2028552385
581 324960.8530740659
596 325014.7393911534
597 325050.2877123078
617 326077.3638479139
634 326509.3808058693
683 326593.7424738800
707 326786.2130744954
708 326809.9308748567
734 326823.9685906534
747 327235.4513187762
754 327532.0210126931
783 327627.6206751979
795 327809.2389694448
803 327982.8172638942
823 328030.1306112640
827 329020.8680273225
858 329078.9357051222
869 329115.8417756654
878 329423.0564394704
882 329793.5555167847
895 329825.5846256808
923 330047.2779161232
926 330250.9023211995
935 330342.6905520078
944 330550.4368408943
949 330783.1572586634
967 330924.3608173836
985 330963.8717733414
991 331349.4201587854
1001 331354.2353673584
1016 331366.1279484960
1031 332024.1096474071
1045 332444.1507053288
1088 332541.6588973926
1112 332571.5299398103
1125 332626.8513240843
1126 332635.7866304680
1143 333185.7442963287
1169 333440.5305560055
1183 334055.3375142698
1211 334486.6249503730
1246 334887.0297469192
1297 334993.3719888792
1342 336285.3277481825
1372 336772.4450910971
1439 336963.4805444669
1491 337280.4938621567
1509 337304.0451287326
1518 337318.4053245928
1522 337378.8945303861
1551 337554.2466498130
1552 337645.0700680837
1569 337703.4925428928
1575 338068.4241056411
1583 338775.0081444478
1613 338793.8091552866
1622 338881.9840455459
1663 339028.1019440667
1670 340136.1804756541
1701 340360.7973233921
1704 340582.0538981901
1721 340826.5553611678
1759 341047.6395811335
1763 341195.8322768530
1804 341405.7539604916
1807 342083.4696042569
1840 342494.3526121129
1876 342900.1423760186
1895 342950.6921740937
1911 342982.5257269018
1936 343188.5288591764
1960 344187.2296379951
2008 344675.8898643645
2015 344879.8700066355
2031 344995.3769333498
2047 345312.1506623049
2064 345563.7270183773
2087 345935.1426501716
2121 346077.6248184292
2122 346301.2453216205
2170 346494.4582064031
2198 346881.3642101596
2217 347069.8940419894
2244 347109.6825628051
2269 347374.4659319457
2281 347573.6606375771
2371 347664.9709774750
2381 348209.6555981194
2445 348938.8073374121
2497 349159.7725637612
2523 349326.8389906489
2578 349421.3894979907
2582 349545.6469936979
2596 349598.8579876198
2622 350015.7182662564
2641 350233.9064068898
2674 351274.7974434668
2712 351588.4567155047
2722 351613.4012161732
2725 351634.4527608244
2732 351786.0698941119
2734 351917.5767728543
2747 352435.9800729298
2761 352814.2707943552
2792 352923.3195111043
2821 352998.3930825235
2833 353082.1372278783
2845 353359.4971989727
2860 353775.8393683254
2864 353881.6090443422
2865 354263.7674229636
2891 354482.1046704697
2895 354695.1624635215
2909 354918.4357796034
2922 355121.2065692411
2936 356097.2069762562
2988 356388.7047224065
3000 356745.5865259646
3036 356767.2544334985
3038 356791.3451957776
3058 356977.3381183226
3069 357019.2924167949
3075 357156.0054448298
3098 357241.5120808529
3111 357370.8667724236
3131 357710.5023465789
3134 358162.1137901522
3174 358478.2246167079
3212 358744.4783017171
3246 359047.9602412271
3281 359066.0343920054
3289 359368.8619821366
3315 359598.6540311560
3327 360432.8163929284
3382 360633.3538951167
3398 360681.4488516350
3399 361067.1674314378
3414 361377.0226868684
3431 361477.1128561344
3436 361744.9210521430
3456 361881.6503804168
3500 362453.6408434530
3516 362653.7026448994
3542 363086.5364362713
3593 363479.1332663295
3602 363537.3298661657
3624 363588.2993883914
3663 363685.8022116705
3673 363998.9354526275
3743 364253.2295448772
3784 364296.4293843593
3792 364392.7890754040
3808 364448.4873427136
3835 364526.0375497777
3876 364814.0334104541
3884 364992.9653180203
3888 365208.1522780228
3916 365588.7592101087
3928 365612.4127928558
3944 366027.6853621139
3988 366296.0370229130
4009 366445.1597362388
4027 366492.1884975927
4095 366572.6551888164
4101 366605.4225254154
4103 366884.6296575643
4111 366993.4419397442
4134 367312.0606004705
4189 367427.2395836764
4200 367660.6960558638
4212 367972.6043270865
4232 368346.9667861640
4295 368470.6755577670
4342 368791.1648897337
4375 368928.0471660295
4401 369002.2788711081
4410 369131.4823253549
4428 369522.8466941224
4447 369564.0143048953
4479 369651.6901154104
4487 369939.0720823269
4510 370507.9517224451
4531 370583.9527186459
4558 370856.8787216364
4572 371059.6515457971
4581 371310.7032424205
4582 372306.4413042841
4618 372572.9565855988
4631 372789.8118873122
4642 372812.0092792870
4685 373054.0472331872
4715 373427.6590106480
4754 373451.9312479468
4771 373473.6677347872
4784 373609.7529662034
4803 373818.4787463774
4824 373992.8233088177
4841 374105.6421022632
4845 374120.8722144744
4866 374423.5976922828
4891 374608.7797334831
4915 374908.5909106336
4973 374946.3598037088
4995 375189.1993207301
5017 375487.2247182619
5030 375808.7147629342
5076 375952.5071926045
5087 376091.3339876049
5144 376850.3888160866
5206 377030.9348602640
5299 377237.0745974836
5304 377973.1937331359
5355 378044.0637559016
5393 378068.9846202010
5426 378478.2987632188
5441 378522.0580347133
5461 378635.6415838365
5478 378982.1747201109
5564 379510.7472192268
5623 379627.5058138636
5667 379765.0534479382
5675 379824.0654478284
5681 379848.6440301191
5714 380530.3605572010
5739 380992.7714043526
5814 381157.3056496668
5857 381302.9406587788
5881 381336.1215805096
5922 381427.2559356324
5940 381539.8156314346
5952 381664.1788376803
5996 382020.4310445871
6023 382738.6638638219
6099 382811.5568833887
6121 382949.6473871941
6129 383285.4452200996
6198 383402.6820108818
6247 383646.1722077470
6282 383920.0102026859
6320 383990.3660429646
6331 384153.0898336854
6333 384159.6931785035
6343 384464.9036205109
6388 384525.6049225961
6413 384750.0661651355
6434 385126.3868642724
6465 385194.7386668049
6499 385340.0968856359
6509 386036.2661677082
6526 386164.1766696037
6614 386218.5881107980
6654 386263.7220503728
6666 386421.7675087965
6685 386491.8828538297
6694 386573.3473468479
6751 386781.9331248769
6752 387000.6455269850
6769 387085.0925879142
6783 387678.0883931408
6833 388246.3818408371
6881 388968.1811787641
6938 389004.1439957275
6967 389570.1750508190
7005 389999.7702976801
7053 390417.5576598750
7093 390517.2986807196
7131 390524.5272691282
7139 390526.6501646003
7155 390597.9668762542
7160 390611.0587344512
7163 390703.0643267109
7181 391137.9601631315
7243 391337.3537127642
7350 391343.2596417469
7356 391516.8243078449
7362 391794.8837844489
7402 392214.6433754629
7427 392900.6646544763
7462 393099.4760425841
7467 393233.1863044891
7487 393524.7090711460
7556 394275.9897598211
7613 394541.2570999779
7620 394768.9825483843
7657 395314.5422505220
7668 395342.4565928184
7677 395697.1109654292
7703 396288.6315355474
7769 396343.5237687257
7770 396501.8661144049
7780 396629.0715183421
7783 396873.8548835881
7791 397004.2156619500
7802 397294.2170934350
7819 397317.4624339130
7827 397472.4866397281
7830 397542.9701317247
7848 398024.2959122849
7865 398141.2640181887
7871 398286.6602349249
7903 398390.0386972534
7906 398500.8275766319
7924 398748.8921662556
7969 399069.2409533574
8004 399104.7441484001
8005 399155.0751169145
8014 399172.3212563657
8023 399419.6539005367
8043 399513.5092786384
8049 400137.9326063818
8122 400485.6799854093
8222 400710.8188757848
8243 400933.3628311629
8245 401151.6095484910
8270 401376.7481368067
8289 401519.9104524705
8315 402028.6534867988
8389 402260.6512282497
8440 402541.2597205840
8477 402704.9208201249
8512 402730.5075019659
8524 402913.7903969944
8525 403177.3184484805
8545 403258.6132040636
8557 403405.4682560475
8558 403483.4732277006
8569 403640.7607466426
8609 404110.0612490558
8631 404325.7800556063
8641 404479.0156582016
8659 404663.7556070308
8671 404848.0964606524
8676 405122.9038765610
8759 405153.9666325736
8761 405746.0119534557
8877 405952.4343244560
8891 406396.9492897033
8918 406549.2246001799
8923 406607.4493327336
8974 406934.5530294366
9025 407220.5804949703
9065 407604.4252521762
9138 407764.3762835495
9210 407813.4360189440
9227 408029.7234924097
9230 408036.9904091210
9294 408075.6950750105
9332 408276.4971126853
9344 408288.5115305593
9422 408408.7581585311
9442 408533.0809659706
9443 408757.2456373789
9494 408769.2006551084
9506 409254.2344488975
9549 409510.5831609843
9586 409562.6697497091
9590 409602.0258954272
9597 409790.4694262831
9602 410058.2385150242
9607 410068.8221617201
9647 410130.8796162648
9661 410696.8081558042
9770 410747.5487217283
9773 410835.7085878702
9827 411376.1446889394
9918 411507.2721752713
9921 412103.6970717603
9983 412668.5373079448
10000 410690.8898789799
evaluations raw_y
1 -2132849.0000000005
3 -2129816.0000000005
5 -2127009.0000000005
11 -2124809.0000000005
18 -2123801.0000000005
21 -2117862.0000000005
26 -2105848.0000000005
42 -2102784.0000000005
44 -2096697.0000000005
48 -2091732.0000000005
68 -2087667.0000000005
82 -2079677.0000000005
93 -2078627.0000000005
101 -2076629.0000000005
102 304471.0966715232
116 305009.9670107543
123 306156.3728550192
140 307247.8361822349
144 307337.5222205844
164 307488.0129026776
183 309799.9525059774
217 310599.6821268208
224 311786.9280521513
254 313594.9610432686
287 314088.5777194639
289 314313.1377582592
310 314506.9044874248
321 314600.0929594840
327 315200.5629866462
343 315262.6248819730
369 317208.5267314650
402 317667.3197228527
422 317940.9312961322
438 317972.2772718584
447 318723.7760783945
486 319045.7887003019
499 319800.1161911650
539 320262.5039543416
541 320873.6946763869
598 321471.7251782204
608 321544.0905720711
628 321626.1983293840
663 322056.6015515512
664 322100.9392917795
689 322292.4715250861
695 322493.2179214954
717 322648.4727505337
718 323445.3687897777
727 323809.8485390171
760 323824.7521073806
764 324403.9802328461
792 324405.8516077216
830 324677.1806301020
837 325059.7595884759
861 325093.6942342097
886 325220.3534230335
913 325232.6399308393
915 325793.1640470268
949 325831.7457939989
960 326071.0697057599
964 326246.4412395871
967 326401.5412280553
1002 326536.7690347438
1005 326639.5730764490
1029 326862.1975540989
1070 326940.7328691206
1093 327391.7742108874
1123 327479.0136190167
1152 327868.3253179603
1174 328128.1976812368
1206 328457.9104443999
1233 328752.1577916235
1270 329224.7846992445
1330 329702.2136296933
1365 329879.7316049443
1370 329951.1641838542
1383 330302.0457948226
1394 330590.0036112787
1423 331685.4336369107
1438 331711.1755563293
1472 331730.8646033676
1483 332909.2464681183
1587 333564.2102192800
1603 333936.5871238393
1628 333946.7915652352
1640 334057.5921137140
1656 334339.7406232956
1697 334686.4442523791
1711 335363.8473779229
1773 335444.9433231971
1805 335499.5335218236
1812 335550.4878952323
1824 335804.7740397346
1825 336025.9837525316
1840 336160.0712225884
1851 336526.1071434090
1878 336530.9433228953
1886 336666.3980798518
1888 336835.4252126471
1900 337345.7868080600
1928 337472.1943021708
1945 337663.7284762305
1954 337807.3253781790
1960 337918.8466637522
1962 338278.2302744137
1982 338348.5108616677
1989 338369.4740148765
2029 338945.5258072438
2039 338966.2421798729
2046 339400.7725287850
2074 339689.4776876156
2087 340431.7114301404
2116 340506.7383567395
2122 340855.8213612712
2154 341463.4718668492
2206 341965.0683318449
2241 342287.7190383616
2246 342451.0187225828
2263 342557.3858740238
2282 342606.2132882577
2285 342741.7396026492
2317 342794.7825306928
2347 343230.4908236878
2360 343438.2283001919
2377 343438.2743264570
2401 344131.0918459501
2429 344137.3724329958
2448 344183.3034318287
2471 344353.2233085870
2479 345217.3853891699
2543 345248.5616843528
2570 346079.0511004440
2623 346402.6973313183
2640 346586.1192631029
2659 346624.2985988262
2672 347148.4008178805
2682 347455.5873566561
2689 347765.4817014468
2722 347872.5696868793
2754 348074.6453064142
2788 348082.6658818165
2795 348185.1516155205
2803 348518.1624093771
2814 348597.8806319829
2822 348782.1330366150
2885 349039.9283444502
2895 349170.2422347197
2928 349332.6639237266
2978 349339.9315515382
2982 350054.1798214486
3012 350158.2500775179
3017 350993.8535397653
3062 351546.8630349330
3065 351618.8751891410
3133 351702.5149035220
3151 351933.3140324008
3162 352040.9818153504
3173 352083.2145435506
3197 352119.6253061992
3204 352287.3976145119
3214 352566.0119828262
3229 352724.6798163111
3238 353002.3731909448
3243 353008.5359476298
3261 353408.8562434856
3270 353895.7365893163
3286 354275.8403258068
3324 354542.4483678925
3363 354829.1819554038
3446 355019.3616246921
3460 355348.0065763199
3484 355733.7449318297
3503 355794.6869862329
3509 356037.1096341648
3566 356195.4792889640
3569 356363.2173836046
3574 356496.8415453141
3624 356579.7744110111
3643 356927.8975087473
3670 357243.4672966610
3676 357249.3180372194
3687 357827.2107348385
3701 357942.8467297379
3730 358215.8780728595
3790 358421.7102661330
3792 358575.5383839087
3798 358578.0102847713
3819 358988.7671267758
3832 359512.0532510575
3885 359878.9653760017
3929 360303.0099616678
3935 360396.1556534646
3945 360610.5381380436
3949 361133.6045250806
3988 361168.4712493373
3997 361548.9581672262
4009 361557.4431932779
4035 361586.8185965158
4044 362339.4340175215
4077 362640.3980992173
4078 362870.0613756307
4100 363113.9154178106
4123 363823.8518313126
4174 364049.3576728280
4182 364539.0427368364
4216 364583.7514038666
4219 365045.4924619177
4229 365320.8929103308
4248 365489.1613153078
4254 365532.5700214424
4294 366276.2827794980
4357 366309.2396627839
4359 366461.8273741748
4364 366698.1156657285
4370 366892.1329110931
4420 366995.9334090161
4466 367002.3255499827
4478 367340.8409570784
4494 367866.6737377707
4506 367887.0597238403
4526 368576.5460458605
4618 368739.6352420594
4640 368778.0022105600
4648 369018.5679438680
4716 369182.2225290355
4744 369311.0928641997
4833 369639.4059065505
4845 369830.1439266544
4883 370010.6410284860
4901 370470.8033226433
4978 370480.0922745375
4984 370695.3587694112
5002 370952.2935692277
5063 371311.0047767145
5084 371522.9545639049
5094 371601.7355233000
5117 371653.2165755261
5122 371676.4355767125
5126 372218.8048748238
5171 372414.3511210580
5177 372496.1796571832
5225 372781.9437722728
5325 372836.9440433442
5355 372927.5878721824
5387 373195.9575452106
5406 373538.5657745494
5420 373791.8034011750
5450 374079.8855446102
5493 374278.1710631833
5511 374329.5808419677
5542 374753.1782660700
5614 375046.8873067641
5619 375063.6789931393
5632 375208.2554445687
5648 375578.4109561286
5655 375773.0642734320
5703 375906.5261322931
5740 376169.6193844586
5782 376461.9138240251
5796 376685.4256556662
5820 377149.6475576678
5826 377680.8661182756
5878 377711.0017138643
5891 378078.8196474486
5905 378520.6726198184
5982 379103.5964639779
6064 379184.4611818742
6065 379278.8094601805
6084 379323.7180637904
6090 379388.9251218590
6096 379644.3918199983
6103 379818.7089701200
6116 380220.7506997731
6161 380342.9586797496
6179 381228.4486666207
6258 381271.9798660651
6299 381450.7137425301
6358 381455.7123702559
6359 381661.3527809391
6380 381690.3382737315
6412 381874.0714516836
6461 381893.1720267156
6481 382339.7050474713
6511 382485.5478402186
6521 382668.9815349516
6536 383082.8892680956
6566 383895.7323223848
6607 383941.0232967224
6616 384294.4387877095
6657 384479.9144501531
6684 384700.0813313848
6695 384708.1897544251
6696 384889.9919229368
6718 385129.3421393381
6719 386226.3418404755
6747 386654.9100541056
6787 386902.8314628061
6803 387074.0295917600
6864 387129.2449707765
6868 387444.5956823868
6901 387478.6263848637
6984 387510.6226702573
7024 387650.9875360055
7094 387673.6419954665
7104 387911.9025058335
7128 387943.8990171156
7152 388106.9198462927
7243 388311.8118731164
7262 388325.1039012320
7271 388427.0556002293
7279 388612.0753560743
7292 388722.2352125100
7298 388850.0354406761
7358 389532.3862563854
7388 389689.4385271244
7422 389810.3297981630
7431 390698.3400205712
7507 390989.9859499194
7589 390996.6253481745
7617 391143.9985702414
7633 391344.9439335035
7676 391648.5947217536
7688 392131.7514183183
7773 392455.0864039957
7793 393003.2946697529
7834 393131.6570683244
7862 394451.4164343525
7992 394464.4605125168
8001 394626.6298523220
8006 394860.0851443317
8080 394961.7384324921
8082 395192.8661231979
8108 395601.5466626954
8183 396154.7214891933
8289 396577.4184965241
8311 397006.9022054472
8334 397172.7819100886
8364 397205.9139456006
8378 397742.2114043008
8442 398416.2655810647
8519 398533.5242501040
8711 398785.6767541188
8774 398974.8650259405
8775 399179.4975288121
8786 399510.0873061700
8787 399632.1375361642
8824 399958.3507169795
8863 400277.3060890313
8872 400693.5714086361
8905 401227.9642839028
8969 401257.0281508736
8974 401461.0374813889
9018 401625.5995909214
9091 402341.4578089599
9188 402540.8133330386
9198 402627.6957436780
9223 402759.1146035531
9319 402839.1266370373
9390 403158.8666099067
9451 403347.0947316363
9477 403418.8098930412
9493 403492.0544143099
9510 403824.6649776297
9581 404160.7582139421
9646 404333.4893360941
9676 404622.5153017110
9692 405056.7897812758
9708 405130.6935449797
9754 405272.4641505779
9811 405701.3420996004
9843 405764.9770811646
9878 405782.5987368436
9889 406058.6792081164
9911 406082.1146696185
9933 406179.0587649769
9952 406189.1330109942
9998 406211.9337838669
10000 405736.2601420932
evaluations raw_y
1 -2122758.0000000005
3 -2111747.0000000005
4 -2108892.0000000005
14 -2095794.0000000005
16 -2093737.0000000005
44 -2088692.0000000005
46 -2080843.0000000005
50 -2080735.0000000005
77 -2079727.0000000005
78 -2076623.0000000005
81 306206.9769803158
82 314743.2661018944
91 320135.9060574758
114 320410.9106540265
128 320883.2683803710
181 321080.4799880715
188 321305.2566828365
214 321919.2298214532
231 321930.2931939008
246 322433.6504465207
272 322710.1640840952
299 323286.1658747093
328 323432.8043140371
345 324064.7480772443
404 324247.4978413514
460 324365.5663089227
493 324475.0382744135
495 325062.0607187627
533 325443.6897416117
547 325849.5837903855
575 326442.0346633766
599 326662.3694464706
625 327322.6438481947
650 327714.6963708574
661 328012.2854994680
689 328472.4923141398
690 329102.0381113801
735 329567.9626641407
754 329858.0720718225
758 329864.9241582580
763 330600.2579742075
764 330791.2571071791
802 330940.7455243236
821 331091.4241643581
837 331286.2932755406
844 331385.0543005505
852 331590.0344577221
873 331806.0818768350
892 332026.1555325726
906 332483.8876950825
915 332713.2766415631
920 332738.5135560991
927 332863.7724434384
945 333490.2970527045
1030 333945.2887367167
1038 334241.7688553428
1086 334341.3133094999
1092 334406.9536811647
1094 334979.1898860924
1107 335023.0752005157
1144 335569.8405597471
1176 335574.6109645002
1188 336107.0155928544
1219 336436.8253396148
1253 336656.2575886806
1320 337554.3311121549
1326 337711.2973029423
1333 337949.3619104341
1353 338152.0493690253
1379 338406.5337327324
1392 339009.1187784009
1419 339220.7087642607
1448 339510.2386142087
1465 339935.0671626043
1502 340296.6219029916
1555 340410.3271713706
1596 341383.0634736232
1679 341398.4649178028
1704 341723.4839285440
1714 343483.5646449105
1744 343989.2059322594
1769 344025.1867435260
1773 344209.8863493133
1825 344502.0220464423
1855 345191.7396311390
1887 346066.0897520568
1921 346303.8866728018
1944 346387.7538305593
1955 346615.9834040632
1956 346998.1733989871
1964 347037.3044043216
2004 347072.4828225458
2026 347078.9504726191
2030 347552.6417712605
2076 347933.0700154981
2089 348303.3212356321
2106 348466.5668822853
2137 349038.0083937675
2231 349040.6862373721
2247 349353.3562594621
2253 349446.7084559774
2262 350339.8074770228
2285 350582.5236824482
2319 350605.3278312266
2352 350842.7198248020
2357 351184.2238695243
2384 351304.1849831171
2405 352020.0144270281
2444 352155.1434740151
2458 352316.9573708170
2469 352809.4307178264
2488 353229.6758329340
2561 353526.3230013184
2609 353604.0615013005
2619 354158.3336733412
2645 354519.7474503387
2698 354705.9819673666
2703 354712.2136156469
2727 354772.6412314181
2771 354855.5026302624
2772 355320.2895652495
2804 355365.3644798259
2805 355681.0896327738
2844 356200.4108823529
2878 356270.3191361224
2891 356408.3595284919
2892 356424.0389404633
2931 357022.1892581951
2970 357172.3476253927
2993 357407.6572714741
2996 357696.9061718890
3061 357884.3729973587
3082 358432.4208277519
3149 358614.0974806935
3176 358670.2271754519
3200 359139.7486355124
3285 359249.9608359669
3338 359252.1292250223
3355 359595.2501533281
3392 359883.8718149895
3437 360018.0626547731
3457 360257.6603040852
3478 360305.9772301918
3480 360406.2871014805
3494 360419.7190800880
3505 360467.0619546892
3508 360660.1663564327
3514 361022.7625657684
3528 361290.4932353154
3583 361529.6149825061
3597 361766.6171980521
3656 362265.8232202902
3666 362280.5266090249
3682 362569.8775844210
3687 363387.8008200300
3709 363452.0371474654
3730 364662.4195653458
3777 364742.7258369150
3809 365201.8257313806
3812 365315.9786519081
3823 365500.1914584378
3884 365563.6851716895
3885 366160.3080936004
3956 366232.5470240596
3979 366607.7277657994
3983 366901.7171962674
4013 367325.6304830083
4063 367621.9114221447
4086 367633.1990768533
4101 367660.9368970289
4106 367924.5954824384
4117 367983.4563020954
4124 368064.2872503070
4134 368150.1280062324
4138 368240.1494640951
4184 368541.8691863383
4191 368979.1972383969
4312 369534.1252775537
4344 369752.1434675699
4369 369789.3458495245
4385 370109.1213243216
4432 370383.6829467585
4449 370679.1441522284
4478 370834.5754467979
4502 371249.9111269515
4546 371433.5575909461
4630 371669.8020058721
4671 371955.6960817013
4675 372509.6915343769
4724 372719.2859296585
4737 373071.2489502836
4787 373504.2586485212
4854 373533.2480689217
4859 373552.0045005605
4862 374462.6415644470
4911 374566.2272275640
4922 375206.8678437265
5007 375431.2355380944
5032 375467.4386326890
5069 375615.8124659238
5100 375697.9413291307
5128 375799.2923459889
5142 375984.0396356076
5200 376065.0914360051
5226 376121.6993666787
5263 376198.6976914777
5271 376413.8752533167
5278 377115.3431030183
5318 377207.2842533706
5320 377262.9768708841
5324 377601.2429285605
5366 377855.3394752460
5386 377969.9223841387
5423 378171.8548600266
5455 378712.3874926224
5470 378762.6969696272
5484 379353.2234155827
5525 379593.0459022599
5534 379897.3637841126
5577 380137.1619065899
5587 380522.3166559866
5601 380762.1296693226
5616 381036.0248009450
5621 381222.5132066108
5731 381521.4027699901
5774 381598.7369744965
5775 381770.7448796837
5786 382110.4455981299
5808 382203.5605746540
5853 382363.5729947690
5909 382539.1484420119
5953 382730.1055021846
5994 382790.9553343524
6060 382854.5253570712
6061 382893.7810390810
6062 383115.8125166007
6088 383240.2344583180
6138 383493.2061634068
6177 383654.9693202446
6216 383687.9726333091
6220 383921.8319532507
6261 384047.9557584575
6279 384184.1449321650
6303 384498.8087091429
6304 384684.5050649812
6308 385262.0850850312
6326 385576.2252431680
6362 386498.4688803014
6454 386550.9619590842
6460 386557.5600076580
6462 387239.9309971020
6512 387414.4180736338
6530 387526.3388701926
6531 387784.8770366848
6561 387978.7453738614
6597 388564.2513009725
6620 388605.3677737630
6625 388659.5333387269
6632 388791.9768288556
6642 388811.6037351445
6650 389525.5989525348
6655 390569.9828345205
6709 390655.1646417910
6756 390657.0484242307
6765 391131.3706529724
6804 391293.5744741448
6812 391357.9463962341
6869 391540.5171266745
6896 391649.8395180751
6909 391947.9117521546
6911 392012.5410022479
6925 392612.9459207833
6995 392821.9377583817
7028 393108.0462594305
7039 393255.5027073558
7073 393482.5940250506
7085 393877.9508728478
7167 394241.0218016101
7186 394615.3903862684
7260 394829.9282554800
7272 394856.3522500275
7274 395264.1209519947
7298 395814.5299708243
7331 395838.6512485730
7373 395881.1099899227
7378 396003.6522264556
7423 396125.8665358509
7469 396393.3449443096
7527 396718.0379049912
7550 396836.0498303836
7650 397237.4339839519
7685 397358.4413289726
7697 397414.2532991805
7730 397509.3833634999
7737 397711.9952660167
7766 397752.1029011348
7782 397983.9446255310
7792 398036.3722508881
7811 398590.2475941186
7841 398617.3540701472
7874 398877.7453196071
7929 399636.9524846492
7996 400094.6057833952
8041 400427.5770411928
8078 400750.3710146911
8119 401014.9837186982
8146 401059.7523718062
8181 401382.9224864052
8190 401668.8992354196
8288 402031.6871827958
8326 402078.8653755988
8379 402093.0237100772
8383 402514.0314005965
8436 402623.1235424886
8451 402667.7949312856
8483 402820.4846424446
8507 402904.7087775213
8531 403518.0763567404
8600 403751.6954541358
8606 403768.3359989049
8625 404025.2271212171
8673 404258.8690715802
8685 404355.6117329910
8708 404509.1288366922
8718 404697.3576605336
8756 405021.7693534057
8771 405664.6389731560
8794 405925.7526602509
8806 406090.0805068389
8832 406154.7120813957
8894 406161.0369828833
8903 406179.7931201489
8927 406339.6771654689
8964 406363.4652496711
8980 406467.5957009778
9015 407365.3787247963
9129 407734.8363089718
9290 407991.5375592927
9344 408297.1925373066
9375 408334.7171295661
9389 408752.6708748563
9405 408851.1009632323
9449 409045.6442175389
9492 409134.7788878850
9514 409346.9680133871
9533 410036.7004745217
9573 410243.6589009581
9621 410715.7456042369
9713 411150.3552541603
9764 411233.6251160911
9828 411697.3983424839
9878 412576.5723332320
9972 412608.1528727536
9973 412702.1137503907
10000 -2073647.0000000005
evaluations raw_y
1 -2103773.0000000005
29 -2100747.0000000005
45 -2097799.0000000005
50 -2096719.0000000005
55 -2093643.0000000005
63 -2092676.0000000005
66 -2092650.0000000005
72 -2089717.0000000005
74 304637.5145064144
100 308013.1364424959
130 308903.6981804875
143 309062.1699789892
144 309332.4065692445
147 309990.7336300841
207 310116.0581010967
211 310743.6414056267
234 312943.4867785090
272 313574.6145375246
307 314029.3789691933
337 314259.9313177216
344 314447.3716114504
386 314486.7867322862
391 314646.0925677044
400 314814.8492576237
431 315152.7718656023
465 315314.1542128398
470 315639.5172123531
507 315694.0804116698
516 315979.7035289326
569 316283.5076439845
596 316447.3711890723
600 317071.3120551383
623 317587.1064057669
646 317956.9037325523
664 318280.4879012236
713 318380.8488003408
731 318748.2249564630
748 318790.7782830774
761 318834.4129416264
768 319886.8273798682
797 319887.3032231291
804 320222.8897889154
848 320597.1763089874
883 321555.7973498972
950 321900.3011271472
962 321980.4354093525
967 322097.7418610562
984 322399.3465569306
992 322510.5032350814
1026 323186.3543942611
1054 323279.6963694824
1063 324880.2946720030
1147 325308.0851181915
1176 326470.7058720824
1236 326625.8130661290
1246 326930.2118236110
1260 326965.5268005391
1263 327433.8195413562
1297 327496.2281461097
1307 327891.3615542194
1326 329188.1916150457
1384 329477.0292051406
1406 329796.7156100894
1412 330050.0843854830
1431 330250.1143211051
1442 330297.4218112598
1451 330323.1248523173
1453 330333.7370282474
1462 330882.6109001894
1469 331134.5512176075
1493 332226.4706988304
1522 332366.5263488189
1542 332696.7754514071
1557 332819.7953912825
1593 333292.7435440821
1604 333566.7007547101
1605 333741.7722520810
1643 334047.2059126167
1661 334774.4894236841
1693 334947.2710595862
1708 335343.4630020875
1723 335423.8485305603
1751 335857.6123573021
1762 336031.7812691635
1777 336358.5290995885
1791 336495.2214818349
1800 336598.7185941770
1803 336802.4068567196
1823 337410.4440676572
1834 337413.1597810493
1841 337571.2674959910
1845 337680.6387355259
1871 337880.3627617217
1885 338092.6019946520
1906 339500.4008512563
1929 339845.7588959942
2016 339985.2572499367
2024 340055.0485570416
2030 340288.8930132056
2033 340405.4024366299
2042 340591.4261496532
2114 340627.9693979551
2117 340642.9982685471
2127 341096.1571813974
2136 341477.6434151820
2157 341544.0119903944
2164 341715.2958321917
2179 341909.3385794881
2188 342021.0440445336
2189 342346.4009106432
2195 342762.3799336469
2211 342987.4444152822
2233 343267.7234918227
2234 343374.4707837682
2239 343552.7881452890
2265 343817.4915059502
2309 344122.8105931552
2329 344457.9975883133
2334 344501.6640608349
2361 344993.7027917701
2399 345384.2514920882
2411 345403.2299221233
2454 345637.8914388325
2456 346144.9555602598
2506 346407.6505902011
2522 346744.3914995490
2530 346924.6823971186
2544 347618.8796800294
2570 348061.0894816576
2635 348439.8524724732
2688 349097.0581358791
2754 349206.3411435697
2757 349241.8392729000
2766 349512.0634995995
2795 349642.6472362832
2817 349797.8362127350
2832 349903.2359951945
2841 350088.9221955795
2853 350334.2899219627
2882 350452.6145067582
2888 350458.8186721035
2898 350798.3142199420
2905 351712.6468969625
2923 351733.3139244042
2957 351801.6866208500
2970 352089.4873768478
2982 352212.0660200110
2990 352318.5342764741
3005 352405.5968100725
3010 352502.1069100883
3017 352989.8174173490
3041 353240.4603262445
3052 353528.8061554724
3071 353795.9052433725
3090 354462.7122736283
3095 354951.0945548119
3122 355090.8025971638
3137 355433.9972904616
3138 355587.5591825699
3155 355985.1380643492
3212 356105.2171733877
3247 356695.7802226709
3265 356959.0792075727
3326 357032.1564869038
3341 357033.8362584052
3362 357191.3587323154
3387 357471.4240658317
3404 357593.3077101102
3410 357707.0388467512
3435 357782.5638639786
3451 358399.6883718622
3462 358949.4475200726
3494 359207.7896345051
3501 359215.7890207993
3568 359253.2041333963
3574 359664.4996267414
3593 359972.1903890797
3638 360838.8795329613
3672 360860.4441404371
3703 361884.6555792612
3818 362273.3593635143
3848 362462.5410395921
3870 362980.9816536640
3885 363273.8138670539
3921 363446.2291627959
3945 363806.6658290121
3947 363908.4344086359
3957 364265.2864888803
3972 364537.8753002539
4026 364678.7645739856
4029 364987.1825908890
4099 365337.4945010543
4135 365500.8518838508
4154 365931.3385191714
4189 366037.4457833382
4204 366096.0181580831
4208 366151.5664798791
4236 366184.8006446208
4263 366741.4288093686
4288 366947.0307332559
4304 367039.6882423288
4329 367308.7582487368
4340 367898.3980793518
4389 368263.7084293408
4414 368321.1142136821
4452 368758.6800354387
4476 368809.7766036184
4482 368851.2996850880
4485 369165.1042698413
4521 369209.1124727657
4526 369715.9735917858
4543 369808.5936716471
4573 369918.2373724428
4612 369958.8786244324
4615 370026.2882768859
4623 370083.9394634216
4640 370118.4426841300
4655 370455.0733470345
4688 371277.1169973109
4720 371282.4894179774
4752 371495.0797892258
4764 371715.6123350580
4831 372092.0296141548
4847 372107.0375575019
4873 372918.9497231430
4998 373111.8329233862
5061 373228.2055995788
5099 373298.0718678620
5132 373397.8901014754
5136 373713.0074921359
5137 373891.0668693394
5150 374051.7899301344
5184 374123.6341676441
5193 374464.3528434035
5228 374482.9593158258
5241 374702.6130074473
5298 374745.9001994355
5300 374841.0898657276
5332 375119.4975174287
5341 375456.2844867357
5377 375642.1269128099
5398 376255.8420294318
5493 376467.5849601788
5554 376742.8889707584
5604 376807.8985707152
5651 377031.0344186894
5687 377303.9848775967
5690 377737.4723006737
5716 377776.6262061980
5717 378008.0859228707
5749 378134.4826660646
5761 378233.1189923381
5769 378331.9712367334
5783 378590.0107881913
5784 378795.3693628364
5800 379159.0442474415
5836 379774.2769091494
5873 380404.8902095332
5945 380833.7363968919
5988 380906.4503849300
5999 381092.6092468597
6004 381374.8175410294
6035 381731.9399154190
6047 382212.4933193626
6096 382649.6818466507
6126 382716.0563867931
6148 382758.5267682077
6150 383153.2273272258
6188 383235.8934858332
6190 383842.0152568148
6234 383924.6720479595
6268 384300.4630317059
6302 384448.1809394623
6305 384827.2346075168
6369 384879.6881112492
6397 385391.4867850748
6411 385420.4866946599
6477 385457.1928546433
6520 385630.0004883036
6585 386293.7073956287
6610 386399.6015655056
6690 386635.3891212879
6706 386952.5642982135
6713 386979.8520277011
6733 387315.3602530027
6759 387478.0792214718
6776 387903.2841764625
6791 388381.1903418993
6819 388962.5500054765
6871 389046.6601730398
6885 389522.5550261542
6911 389598.9880705571
6962 389605.7388332189
7006 389825.0785010979
7019 389986.0697832897
7022 390093.6723002070
7111 390411.4691183735
7124 390599.4719876756
7137 390656.5983307701
7183 390695.4012654056
7192 390822.4214702072
7215 391204.7814091915
7223 391243.5837064651
7224 391480.5003236758
7276 391667.9433555276
7313 391706.7589241568
7326 392055.9229553704
7367 392079.5817556417
7428 392242.5395271833
7440 392274.4649625630
7446 392661.4276969213
7463 392722.8143744135
7487 392887.5821375967
7579 392894.7875501527
7602 393188.1463871144
7679 393216.0450841186
7680 393392.1291625988
7725 393758.8292078197
7773 393765.6097030370
7810 393793.4281862844
7858 393849.3304943815
7886 393973.2483355667
7892 394058.9370013088
7925 394061.8160456616
7935 394100.3727073866
7951 394953.9513578974
8030 395363.0654566215
8125 395480.8848218474
8128 395597.5323544335
8188 395638.6325133982
8205 396032.7924014318
8208 396347.9070684869
8371 396617.6675408134
8388 396889.0984070532
8468 396902.1210895030
8489 397046.3915608980
8502 397786.0949138739
8548 398087.6343957930
8561 398116.0723065033
8632 398292.1660667760
8643 398307.2215349764
8647 399045.6798528215
8748 399121.3964162848
8757 399419.3980317241
8808 399531.8161312944
8826 400099.9934042030
9040 400676.6969793885
9050 400801.6359783097
9106 400957.1816264038
9111 401030.9944608936
9113 401215.7134547895
9128 401419.5061538409
9134 401468.7360471753
9183 401546.0711737288
9184 401636.7994801186
9202 401842.7342164845
9233 401869.7431097436
9261 401949.8902289062
9273 402018.6345678624
9289 402037.7707387179
9314 402323.8945825227
9330 402495.6712821136
9376 402549.4020519608
9394 402901.0486816874
9412 402964.7484684688
9446 403376.6697968317
9452 403581.5891679666
9473 404231.2798536695
9526 404405.8596675026
9541 404578.9683834320
9552 404678.0139395784
9612 404954.7428899738
9648 405022.9515958212
9655 405060.5515564018
9697 405778.3671923319
9756 405928.7648592938
9762 405936.6194789555
9770 406369.3852713262
9801 406951.2212373688
9822 406995.7613051929
9832 407010.6008668576
9871 407082.3180730345
9912 407103.0568559894
9972 407290.1871804161
10000 406198.1366032951
