evaluations raw_y
1 -2028.0000000000
2 -1969.0000000000
4 -1967.0000000000
6 -1948.0000000000
23 -1932.0000000000
82 -1930.0000000000
102 -1915.0000000000
128 -1896.0000000000
165 -1891.0000000000
180 -1890.0000000000
209 -1889.0000000000
228 -1886.0000000000
239 -1870.0000000000
249 -1866.0000000000
253 -1854.0000000000
304 -1850.0000000000
310 -1841.0000000000
337 -1826.0000000000
377 -1812.0000000000
416 -1810.0000000000
420 -1800.0000000000
458 -1783.0000000000
551 -1779.0000000000
568 -1771.0000000000
610 -1759.0000000000
625 -1758.0000000000
633 -1755.0000000000
640 -1751.0000000000
652 -1747.0000000000
666 -1743.0000000000
681 -1731.0000000000
697 -1728.0000000000
701 -1716.0000000000
761 -1715.0000000000
762 -1712.0000000000
769 -1705.0000000000
801 -1699.0000000000
805 -1698.0000000000
811 -1686.0000000000
820 -1681.0000000000
894 -1665.0000000000
943 -1661.0000000000
954 -1658.0000000000
999 -1650.0000000000
1042 -1644.0000000000
1052 -1637.0000000000
1061 -1633.0000000000
1069 -1628.0000000000
1103 -1625.0000000000
1159 -1615.0000000000
1203 -1614.0000000000
1229 -1610.0000000000
1242 -1603.0000000000
1258 -1601.0000000000
1276 -1598.0000000000
1313 -1588.0000000000
1342 -1587.0000000000
1354 -1584.0000000000
1362 -1552.0000000000
1446 -1551.0000000000
1453 -1545.0000000000
1516 -1519.0000000000
1601 -1516.0000000000
1651 -1514.0000000000
1676 -1509.0000000000
1705 -1507.0000000000
1716 -1504.0000000000
1737 -1495.0000000000
1786 -1492.0000000000
1803 -1489.0000000000
1827 -1486.0000000000
1848 -1479.0000000000
1867 -1476.0000000000
1901 -1471.0000000000
1961 -1469.0000000000
1969 -1468.0000000000
1983 -1463.0000000000
2007 -1462.0000000000
2019 -1459.0000000000
2055 -1450.0000000000
2060 -1449.0000000000
2099 -1442.0000000000
2144 -1433.0000000000
2160 -1431.0000000000
2227 -1426.0000000000
2251 -1422.0000000000
2305 -1421.0000000000
2316 -1414.0000000000
2351 -1410.0000000000
2361 -1409.0000000000
2410 -1407.0000000000
2422 -1406.0000000000
2432 -1400.0000000000
2459 -1384.0000000000
2594 -1380.0000000000
2628 -1374.0000000000
2703 -1366.0000000000
2753 -1360.0000000000
2762 -1358.0000000000
2801 -1356.0000000000
2827 -1354.0000000000
2880 -1351.0000000000
2909 -1350.0000000000
2925 -1348.0000000000
2960 -1347.0000000000
2970 -1346.0000000000
2972 -1339.0000000000
3034 -1338.0000000000
3079 -1327.0000000000
3193 -1325.0000000000
3237 -1322.0000000000
3248 -1321.0000000000
3270 -1316.0000000000
3306 -1314.0000000000
3350 -1313.0000000000
3367 -1310.0000000000
3417 -1298.0000000000
3506 -1297.0000000000
3551 -1296.0000000000
3559 -1294.0000000000
3609 -1287.0000000000
3654 -1284.0000000000
3713 -1282.0000000000
3751 -1277.0000000000
3816 -1275.0000000000
3849 -1272.0000000000
3895 -1268.0000000000
3994 -1259.0000000000
4133 -1258.0000000000
4147 -1256.0000000000
4162 -1255.0000000000
4163 -1253.0000000000
4227 -1252.0000000000
4283 -1250.0000000000
4292 -1246.0000000000
4316 -1244.0000000000
4408 -1243.0000000000
4439 -1242.0000000000
4458 -1241.0000000000
4459 -1240.0000000000
4505 -1238.0000000000
4552 -1237.0000000000
4567 -1231.0000000000
4651 -1229.0000000000
4743 -1225.0000000000
4772 -1223.0000000000
4853 -1222.0000000000
4881 -1221.0000000000
4902 -1220.0000000000
4918 -1214.0000000000
5010 -1213.0000000000
5102 -1210.0000000000
5129 -1208.0000000000
5163 -1206.0000000000
5213 -1201.0000000000
5309 -1200.0000000000
5313 -1199.0000000000
5354 -1195.0000000000
5361 -1192.0000000000
5483 -1190.0000000000
5509 -1188.0000000000
5600 -1186.0000000000
5612 -1185.0000000000
5656 -1183.0000000000
5661 -1182.0000000000
5720 -1179.0000000000
5762 -1178.0000000000
5804 -1176.0000000000
5828 -1173.0000000000
5925 -1172.0000000000
5961 -1170.0000000000
5974 -1168.0000000000
6071 -1167.0000000000
6100 -1164.0000000000
6120 -1161.0000000000
6173 -1155.0000000000
6235 -1153.0000000000
6302 -1152.0000000000
6322 -1151.0000000000
6360 -1150.0000000000
6388 -1147.0000000000
6463 -1146.0000000000
6473 -1145.0000000000
6517 -1143.0000000000
6553 -1141.0000000000
6620 -1139.0000000000
6662 -1138.0000000000
6674 -1137.0000000000
6693 -1136.0000000000
6702 -1135.0000000000
6737 -1133.0000000000
6786 -1132.0000000000
6800 -1131.0000000000
6819 -1130.0000000000
6836 -1129.0000000000
6856 -1125.0000000000
6898 -1124.0000000000
6899 -1121.0000000000
6993 -1118.0000000000
7043 -1117.0000000000
7046 -1115.0000000000
7114 -1114.0000000000
7116 -1112.0000000000
7126 -1111.0000000000
7167 -1109.0000000000
7215 -1107.0000000000
7255 -1106.0000000000
7273 -1105.0000000000
7318 -1103.0000000000
7336 -1101.0000000000
7381 -1100.0000000000
7408 -1099.0000000000
7472 -1095.0000000000
7512 -1094.0000000000
7532 -1093.0000000000
7586 -1091.0000000000
7625 -1090.0000000000
7656 -1086.0000000000
7706 -1083.0000000000
7769 -1082.0000000000
7771 -1081.0000000000
7837 -1079.0000000000
7875 -1077.0000000000
7879 -1075.0000000000
7934 -1072.0000000000
7982 -1071.0000000000
8040 -1070.0000000000
8051 -1066.0000000000
8125 -1065.0000000000
8168 -1064.0000000000
8221 -1061.0000000000
8234 -1060.0000000000
8312 -1058.0000000000
8381 -1057.0000000000
8389 -1056.0000000000
8419 -1055.0000000000
8454 -1053.0000000000
8513 -1051.0000000000
8541 -1050.0000000000
8558 -1045.0000000000
8664 -1043.0000000000
8718 -1041.0000000000
8805 -1040.0000000000
8809 -1038.0000000000
8850 -1033.0000000000
8884 -1032.0000000000
8929 -1030.0000000000
9066 -1027.0000000000
9090 -1026.0000000000
9106 -1025.0000000000
9201 -1019.0000000000
9317 -1018.0000000000
9335 -1014.0000000000
9359 -1009.0000000000
9551 -1008.0000000000
9565 -1007.0000000000
9583 -1006.0000000000
9587 -1005.0000000000
9607 -1004.0000000000
9647 -1003.0000000000
9684 -1000.0000000000
9750 -999.0000000000
9773 -998.0000000000
9801 -997.0000000000
9819 -996.0000000000
9879 -994.0000000000
9916 -992.0000000000
9993 -990.0000000000
10030 -989.0000000000
10042 -988.0000000000
10137 -985.0000000000
10161 -982.0000000000
10227 -979.0000000000
10311 -977.0000000000
10385 -976.0000000000
10401 -974.0000000000
10410 -973.0000000000
10451 -972.0000000000
10511 -971.0000000000
10538 -968.0000000000
10568 -964.0000000000
10658 -961.0000000000
10702 -960.0000000000
10821 -959.0000000000
10831 -957.0000000000
10878 -956.0000000000
10920 -955.0000000000
10934 -951.0000000000
11006 -950.0000000000
11067 -948.0000000000
11142 -946.0000000000
11167 -944.0000000000
11210 -943.0000000000
11233 -942.0000000000
11266 -936.0000000000
11404 -935.0000000000
11436 -934.0000000000
11458 -933.0000000000
11511 -930.0000000000
11581 -928.0000000000
11614 -927.0000000000
11628 -925.0000000000
11685 -924.0000000000
11757 -923.0000000000
11799 -921.0000000000
11824 -920.0000000000
11856 -919.0000000000
11859 -917.0000000000
11936 -916.0000000000
11959 -914.0000000000
12000 -912.0000000000
12066 -911.0000000000
12069 -910.0000000000
12151 -906.0000000000
12205 -905.0000000000
12208 -904.0000000000
12245 -901.0000000000
12309 -900.0000000000
12354 -897.0000000000
12409 -896.0000000000
12472 -895.0000000000
12510 -892.0000000000
12520 -891.0000000000
12527 -889.0000000000
12587 -888.0000000000
12653 -883.0000000000
12731 -882.0000000000
12761 -881.0000000000
12817 -880.0000000000
12848 -879.0000000000
12875 -878.0000000000
12881 -877.0000000000
12908 -876.0000000000
12912 -875.0000000000
12963 -870.0000000000
13067 -867.0000000000
13215 -866.0000000000
13228 -865.0000000000
13235 -864.0000000000
13250 -862.0000000000
13306 -860.0000000000
13366 -858.0000000000
13413 -856.0000000000
13458 -855.0000000000
13485 -852.0000000000
13501 -850.0000000000
13612 -848.0000000000
13652 -845.0000000000
13701 -842.0000000000
13773 -840.0000000000
13779 -839.0000000000
13870 -838.0000000000
13917 -837.0000000000
13924 -836.0000000000
13982 -834.0000000000
14055 -833.0000000000
14081 -830.0000000000
14090 -829.0000000000
14154 -827.0000000000
14168 -823.0000000000
14222 -822.0000000000
14286 -821.0000000000
14292 -820.0000000000
14345 -819.0000000000
14356 -818.0000000000
14392 -815.0000000000
14447 -813.0000000000
14506 -810.0000000000
14562 -808.0000000000
14601 -807.0000000000
14623 -805.0000000000
14659 -803.0000000000
14708 -801.0000000000
14756 -799.0000000000
14769 -798.0000000000
14835 -795.0000000000
14921 -793.0000000000
14953 -792.0000000000
15011 -790.0000000000
15086 -788.0000000000
15112 -787.0000000000
15164 -786.0000000000
15195 -784.0000000000
15206 -781.0000000000
15261 -780.0000000000
15332 -779.0000000000
15372 -773.0000000000
15495 -772.0000000000
15521 -771.0000000000
15539 -769.0000000000
15621 -765.0000000000
15664 -764.0000000000
15688 -762.0000000000
15759 -761.0000000000
15810 -759.0000000000
15829 -757.0000000000
15931 -753.0000000000
16006 -752.0000000000
16055 -751.0000000000
16083 -749.0000000000
16101 -744.0000000000
16230 -742.0000000000
16321 -739.0000000000
16394 -737.0000000000
16422 -735.0000000000
16511 -734.0000000000
16520 -729.0000000000
16646 -728.0000000000
16683 -726.0000000000
16763 -724.0000000000
16773 -723.0000000000
16837 -720.0000000000
16907 -718.0000000000
16953 -715.0000000000
17010 -713.0000000000
17034 -709.0000000000
17163 -706.0000000000
17255 -705.0000000000
17260 -702.0000000000
17351 -697.0000000000
17441 -696.0000000000
17509 -695.0000000000
17562 -693.0000000000
17626 -690.0000000000
17687 -688.0000000000
17718 -687.0000000000
17742 -686.0000000000
17757 -685.0000000000
17839 -684.0000000000
17915 -683.0000000000
17940 -681.0000000000
17941 -680.0000000000
17965 -679.0000000000
18006 -678.0000000000
18052 -676.0000000000
18152 -674.0000000000
18206 -673.0000000000
18230 -672.0000000000
18240 -670.0000000000
18285 -669.0000000000
18399 -668.0000000000
18428 -666.0000000000
18466 -665.0000000000
18496 -664.0000000000
18528 -661.0000000000
18568 -660.0000000000
18573 -658.0000000000
18690 -657.0000000000
18732 -653.0000000000
18759 -650.0000000000
18872 -649.0000000000
18887 -646.0000000000
18940 -645.0000000000
18953 -644.0000000000
19048 -642.0000000000
19163 -641.0000000000
19185 -640.0000000000
19206 -639.0000000000
19232 -637.0000000000
19250 -634.0000000000
19396 -632.0000000000
19397 -631.0000000000
19459 -630.0000000000
19501 -627.0000000000
19605 -622.0000000000
19712 -620.0000000000
19795 -619.0000000000
19817 -618.0000000000
19852 -617.0000000000
19866 -614.0000000000
19965 -608.0000000000
20017 -607.0000000000
20140 -605.0000000000
20155 -604.0000000000
20185 -603.0000000000
20191 -599.0000000000
20259 -598.0000000000
20395 -596.0000000000
20415 -594.0000000000
20487 -592.0000000000
20524 -589.0000000000
20621 -588.0000000000
20657 -584.0000000000
20755 -583.0000000000
20756 -582.0000000000
20774 -581.0000000000
20892 -579.0000000000
20917 -578.0000000000
20945 -576.0000000000
20958 -575.0000000000
21054 -574.0000000000
21069 -572.0000000000
21164 -570.0000000000
21248 -569.0000000000
21258 -567.0000000000
21336 -565.0000000000
21416 -563.0000000000
21437 -562.0000000000
21507 -561.0000000000
21540 -557.0000000000
21658 -556.0000000000
21660 -555.0000000000
21665 -554.0000000000
21754 -553.0000000000
21807 -552.0000000000
21815 -551.0000000000
21816 -549.0000000000
21905 -548.0000000000
22013 -547.0000000000
22054 -546.0000000000
22077 -544.0000000000
22145 -543.0000000000
22161 -542.0000000000
22217 -541.0000000000
22242 -539.0000000000
22319 -538.0000000000
22324 -537.0000000000
22356 -536.0000000000
22412 -533.0000000000
22536 -531.0000000000
22592 -530.0000000000
22617 -529.0000000000
22689 -527.0000000000
22754 -526.0000000000
22779 -525.0000000000
22800 -524.0000000000
22856 -523.0000000000
22865 -522.0000000000
22910 -520.0000000000
22982 -519.0000000000
23035 -517.0000000000
23161 -516.0000000000
23218 -515.0000000000
23225 -513.0000000000
23268 -511.0000000000
23313 -508.0000000000
23376 -503.0000000000
23504 -501.0000000000
23601 -499.0000000000
23689 -496.0000000000
23704 -494.0000000000
23779 -493.0000000000
23826 -491.0000000000
23865 -489.0000000000
23922 -488.0000000000
23984 -485.0000000000
24029 -483.0000000000
24163 -482.0000000000
24189 -481.0000000000
24206 -478.0000000000
24262 -477.0000000000
24351 -476.0000000000
24353 -475.0000000000
24354 -473.0000000000
24401 -472.0000000000
24520 -471.0000000000
24572 -470.0000000000
24631 -469.0000000000
24714 -467.0000000000
24761 -466.0000000000
24810 -465.0000000000
24910 -462.0000000000
24993 -461.0000000000
25058 -460.0000000000
25110 -459.0000000000
25112 -458.0000000000
25147 -457.0000000000
25163 -455.0000000000
25361 -454.0000000000
25411 -453.0000000000
25447 -451.0000000000
25487 -449.0000000000
25561 -448.0000000000
25665 -445.0000000000
25694 -443.0000000000
25834 -439.0000000000
25932 -438.0000000000
26019 -436.0000000000
26105 -433.0000000000
26155 -432.0000000000
26235 -431.0000000000
26237 -430.0000000000
26338 -425.0000000000
26439 -424.0000000000
26508 -422.0000000000
26605 -419.0000000000
26708 -418.0000000000
26751 -417.0000000000
26834 -416.0000000000
26872 -415.0000000000
26903 -414.0000000000
26920 -411.0000000000
27025 -410.0000000000
27042 -409.0000000000
27105 -408.0000000000
27143 -405.0000000000
27231 -404.0000000000
27233 -402.0000000000
27363 -399.0000000000
27472 -398.0000000000
27502 -396.0000000000
27631 -395.0000000000
27688 -394.0000000000
27707 -392.0000000000
27784 -391.0000000000
27808 -389.0000000000
27857 -388.0000000000
27956 -387.0000000000
27974 -384.0000000000
28076 -382.0000000000
28175 -380.0000000000
28240 -379.0000000000
28254 -377.0000000000
28322 -376.0000000000
28325 -375.0000000000
28410 -372.0000000000
28482 -369.0000000000
28592 -367.0000000000
28629 -366.0000000000
28678 -365.0000000000
28733 -364.0000000000
28751 -363.0000000000
28822 -362.0000000000
28823 -361.0000000000
28867 -360.0000000000
28915 -359.0000000000
28936 -357.0000000000
29037 -354.0000000000
29152 -353.0000000000
29157 -351.0000000000
29219 -350.0000000000
29294 -349.0000000000
29324 -348.0000000000
29330 -347.0000000000
29374 -346.0000000000
29467 -345.0000000000
29505 -344.0000000000
29514 -343.0000000000
29599 -342.0000000000
29603 -341.0000000000
29660 -339.0000000000
29760 -337.0000000000
29817 -336.0000000000
29868 -335.0000000000
29910 -334.0000000000
29975 -333.0000000000
29981 -331.0000000000
30122 -329.0000000000
30209 -328.0000000000
30266 -327.0000000000
30301 -326.0000000000
30403 -325.0000000000
30460 -324.0000000000
30519 -323.0000000000
30576 -322.0000000000
30577 -321.0000000000
30629 -320.0000000000
30673 -319.0000000000
30766 -314.0000000000
30988 -311.0000000000
31062 -310.0000000000
31138 -309.0000000000
31185 -308.0000000000
31201 -307.0000000000
31251 -306.0000000000
31305 -304.0000000000
31405 -302.0000000000
31449 -296.0000000000
31656 -294.0000000000
31751 -293.0000000000
31809 -292.0000000000
31890 -291.0000000000
31941 -290.0000000000
31945 -289.0000000000
32020 -288.0000000000
32096 -284.0000000000
32262 -283.0000000000
32347 -282.0000000000
32356 -281.0000000000
32419 -280.0000000000
32454 -279.0000000000
32553 -278.0000000000
32676 -277.0000000000
32747 -276.0000000000
32809 -275.0000000000
32871 -274.0000000000
32950 -273.0000000000
32970 -271.0000000000
33028 -269.0000000000
33170 -268.0000000000
33195 -266.0000000000
33353 -265.0000000000
33356 -264.0000000000
33413 -263.0000000000
33475 -260.0000000000
33648 -258.0000000000
33764 -257.0000000000
33792 -256.0000000000
33846 -255.0000000000
33861 -254.0000000000
33921 -253.0000000000
33965 -250.0000000000
34140 -249.0000000000
34219 -248.0000000000
34301 -247.0000000000
34360 -245.0000000000
34456 -243.0000000000
34531 -242.0000000000
34564 -240.0000000000
34703 -238.0000000000
34919 -237.0000000000
34976 -235.0000000000
35157 -232.0000000000
35197 -230.0000000000
35306 -229.0000000000
35351 -227.0000000000
35516 -226.0000000000
35565 -225.0000000000
35656 -224.0000000000
35727 -222.0000000000
35826 -220.0000000000
35952 -219.0000000000
36006 -218.0000000000
36139 -217.0000000000
36175 -216.0000000000
36216 -215.0000000000
36321 -213.0000000000
36417 -212.0000000000
36442 -211.0000000000
36556 -210.0000000000
36633 -209.0000000000
36652 -208.0000000000
36722 -207.0000000000
36761 -206.0000000000
36835 -205.0000000000
36851 -204.0000000000
36926 -202.0000000000
37089 -200.0000000000
37167 -199.0000000000
37275 -197.0000000000
37350 -196.0000000000
37353 -195.0000000000
37454 -194.0000000000
37541 -193.0000000000
37612 -190.0000000000
37826 -189.0000000000
37883 -188.0000000000
37911 -187.0000000000
37925 -186.0000000000
38053 -184.0000000000
38057 -183.0000000000
38192 -182.0000000000
38262 -181.0000000000
38266 -180.0000000000
38306 -179.0000000000
38399 -178.0000000000
38452 -175.0000000000
38608 -174.0000000000
38638 -173.0000000000
38701 -172.0000000000
38757 -171.0000000000
38771 -170.0000000000
38861 -169.0000000000
38872 -167.0000000000
39086 -166.0000000000
39119 -165.0000000000
39129 -163.0000000000
39303 -162.0000000000
39342 -160.0000000000
39537 -159.0000000000
39614 -158.0000000000
39616 -157.0000000000
39700 -156.0000000000
39743 -155.0000000000
39771 -154.0000000000
39852 -152.0000000000
40001 -151.0000000000
40022 -150.0000000000
40097 -149.0000000000
40238 -147.0000000000
40315 -146.0000000000
40433 -145.0000000000
40499 -144.0000000000
40601 -143.0000000000
40663 -142.0000000000
40734 -141.0000000000
40806 -140.0000000000
40884 -139.0000000000
40918 -138.0000000000
41039 -137.0000000000
41135 -136.0000000000
41251 -135.0000000000
41252 -134.0000000000
41392 -131.0000000000
41474 -128.0000000000
41616 -127.0000000000
41802 -125.0000000000
41929 -124.0000000000
41963 -122.0000000000
42109 -121.0000000000
42127 -120.0000000000
42248 -119.0000000000
42359 -118.0000000000
42377 -117.0000000000
42416 -116.0000000000
42471 -115.0000000000
42530 -114.0000000000
42542 -111.0000000000
42686 -110.0000000000
42796 -108.0000000000
42999 -107.0000000000
43048 -105.0000000000
43107 -103.0000000000
43256 -102.0000000000
43367 -101.0000000000
43603 -100.0000000000
43640 -99.0000000000
43801 -98.0000000000
43825 -97.0000000000
43907 -96.0000000000
44138 -95.0000000000
44261 -94.0000000000
44318 -93.0000000000
44430 -92.0000000000
44507 -89.0000000000
44702 -88.0000000000
44902 -87.0000000000
45009 -86.0000000000
45040 -85.0000000000
45131 -84.0000000000
45217 -83.0000000000
45331 -82.0000000000
45371 -81.0000000000
45469 -80.0000000000
45629 -79.0000000000
45688 -78.0000000000
45753 -77.0000000000
45918 -76.0000000000
46070 -75.0000000000
46171 -74.0000000000
46306 -73.0000000000
46401 -71.0000000000
46473 -70.0000000000
46658 -69.0000000000
46674 -67.0000000000
46853 -65.0000000000
46937 -64.0000000000
47097 -63.0000000000
47377 -62.0000000000
47492 -61.0000000000
47623 -59.0000000000
47809 -58.0000000000
47960 -57.0000000000
48020 -56.0000000000
48101 -55.0000000000
48156 -54.0000000000
48203 -53.0000000000
48284 -52.0000000000
48300 -51.0000000000
48415 -50.0000000000
48519 -49.0000000000
48541 -47.0000000000
48921 -46.0000000000
49021 -45.0000000000
49104 -44.0000000000
49139 -43.0000000000
49361 -41.0000000000
49622 -40.0000000000
49744 -39.0000000000
49801 -38.0000000000
49951 -37.0000000000
50024 -36.0000000000
50051 -35.0000000000
50158 -34.0000000000
50254 -33.0000000000
50469 -32.0000000000
50567 -31.0000000000
50631 -30.0000000000
50877 -28.0000000000
51015 -27.0000000000
51261 -26.0000000000
51339 -25.0000000000
51467 -24.0000000000
51651 -22.0000000000
52024 -21.0000000000
52232 -20.0000000000
52300 -19.0000000000
52484 -18.0000000000
52560 -17.0000000000
52791 -16.0000000000
52984 -15.0000000000
53138 -14.0000000000
53264 -13.0000000000
53344 -12.0000000000
53575 -11.0000000000
53870 -10.0000000000
54106 -9.0000000000
54356 -8.0000000000
54765 -7.0000000000
54886 -6.0000000000
55103 -5.0000000000
55231 -4.0000000000
55357 -3.0000000000
55541 -2.0000000000
55614 -1.0000000000
55970 128.5000000000
56122 137.8600000000
56139 138.0400000000
56179 147.9000000000
56259 149.7100000000
56307 153.2900000000
56493 157.7900000000
56516 162.9400000000
56598 173.0200000000
56607 174.4500000000
56748 177.8000000000
56997 180.6700000000
57174 248.2600000000
57213 262.9800000000
57740 264.7600000000
57748 265.0100000000
57884 297.9000000000
57934 316.7900000000
57968 432.7400000000
58414 440.2600000000
58504 448.7800000000
58603 535.6600000000
58835 557.4600000000
59927 558.1900000000
59948 619.8600000000
60003 624.6200000000
60054 634.9800000000
60118 635.2300000000
60121 641.4500000000
60258 642.3400000000
60288 643.9200000000
60336 653.0400000000
60444 655.3100000000
60565 664.2600000000
60631 670.9700000000
60716 671.9200000000
61013 673.6800000000
61661 680.2600000000
62247 687.0100000000
62542 687.5500000000
62567 691.3000000000
62759 702.8100000000
63241 720.1600000000
63316 740.2100000000
63827 748.1000000000
64524 755.5800000000
65097 767.6900000000
66202 769.2000000000
66966 788.9300000000
67627 791.6500000000
67778 802.7100000000
68445 809.7800000000
68487 814.4700000000
68587 815.0900000000
68751 832.5300000000
70757 836.8200000000
70820 842.2500000000
71719 845.1500000000
72492 845.1800000000
73048 846.5800000000
73235 851.0200000000
74292 861.7300000000
75202 890.7700000000
75215 935.4900000000
76488 944.4400000000
76540 952.5100000000
79886 954.8200000000
81925 961.1900000000
84796 967.2000000000
85042 968.9200000000
86575 973.0200000000
90672 981.1200000000
95284 981.4400000000
96487 986.4500000000
100000 834.3500000000
evaluations raw_y
1 -1979.0000000000
2 -1970.0000000000
4 -1944.0000000000
9 -1915.0000000000
75 -1911.0000000000
91 -1897.0000000000
113 -1871.0000000000
187 -1849.0000000000
201 -1838.0000000000
321 -1809.0000000000
359 -1802.0000000000
385 -1800.0000000000
463 -1797.0000000000
509 -1791.0000000000
514 -1788.0000000000
523 -1783.0000000000
524 -1778.0000000000
544 -1743.0000000000
641 -1734.0000000000
656 -1733.0000000000
709 -1726.0000000000
716 -1718.0000000000
741 -1712.0000000000
794 -1706.0000000000
802 -1679.0000000000
925 -1673.0000000000
958 -1664.0000000000
1026 -1656.0000000000
1042 -1651.0000000000
1048 -1648.0000000000
1067 -1646.0000000000
1102 -1636.0000000000
1123 -1617.0000000000
1191 -1615.0000000000
1204 -1606.0000000000
1276 -1603.0000000000
1294 -1595.0000000000
1313 -1592.0000000000
1323 -1583.0000000000
1343 -1580.0000000000
1406 -1567.0000000000
1462 -1560.0000000000
1474 -1551.0000000000
1574 -1535.0000000000
1605 -1533.0000000000
1639 -1532.0000000000
1676 -1528.0000000000
1708 -1523.0000000000
1715 -1518.0000000000
1767 -1506.0000000000
1791 -1499.0000000000
1881 -1498.0000000000
1913 -1495.0000000000
1951 -1483.0000000000
2014 -1473.0000000000
2053 -1470.0000000000
2105 -1463.0000000000
2160 -1461.0000000000
2165 -1458.0000000000
2204 -1452.0000000000
2255 -1442.0000000000
2285 -1436.0000000000
2331 -1435.0000000000
2362 -1430.0000000000
2374 -1428.0000000000
2409 -1418.0000000000
2424 -1417.0000000000
2452 -1416.0000000000
2492 -1414.0000000000
2508 -1413.0000000000
2537 -1412.0000000000
2554 -1407.0000000000
2628 -1402.0000000000
2679 -1401.0000000000
2685 -1398.0000000000
2701 -1397.0000000000
2718 -1396.0000000000
2719 -1395.0000000000
2738 -1391.0000000000
2766 -1390.0000000000
2779 -1383.0000000000
2828 -1382.0000000000
2854 -1380.0000000000
2871 -1378.0000000000
2893 -1377.0000000000
2902 -1375.0000000000
2914 -1374.0000000000
2930 -1368.0000000000
2989 -1366.0000000000
3011 -1364.0000000000
3039 -1360.0000000000
3053 -1358.0000000000
3104 -1352.0000000000
3159 -1346.0000000000
3219 -1341.0000000000
3261 -1331.0000000000
3388 -1327.0000000000
3423 -1326.0000000000
3431 -1324.0000000000
3459 -1323.0000000000
3468 -1322.0000000000
3495 -1320.0000000000
3500 -1316.0000000000
3569 -1314.0000000000
3603 -1309.0000000000
3662 -1308.0000000000
3689 -1304.0000000000
3745 -1303.0000000000
3801 -1301.0000000000
3802 -1297.0000000000
3862 -1296.0000000000
3885 -1294.0000000000
3921 -1293.0000000000
3968 -1292.0000000000
3991 -1291.0000000000
4010 -1288.0000000000
4087 -1287.0000000000
4093 -1285.0000000000
4101 -1282.0000000000
4167 -1281.0000000000
4191 -1279.0000000000
4229 -1278.0000000000
4234 -1276.0000000000
4258 -1274.0000000000
4309 -1271.0000000000
4316 -1270.0000000000
4333 -1269.0000000000
4368 -1262.0000000000
4504 -1258.0000000000
4555 -1255.0000000000
4573 -1253.0000000000
4616 -1251.0000000000
4661 -1250.0000000000
4713 -1249.0000000000
4717 -1247.0000000000
4718 -1246.0000000000
4760 -1245.0000000000
4778 -1244.0000000000
4792 -1240.0000000000
4893 -1238.0000000000
4909 -1236.0000000000
4922 -1235.0000000000
4960 -1234.0000000000
5028 -1230.0000000000
5106 -1224.0000000000
5185 -1223.0000000000
5206 -1222.0000000000
5253 -1221.0000000000
5278 -1218.0000000000
5303 -1214.0000000000
5360 -1211.0000000000
5408 -1210.0000000000
5460 -1209.0000000000
5496 -1207.0000000000
5507 -1205.0000000000
5584 -1203.0000000000
5637 -1202.0000000000
5644 -1200.0000000000
5648 -1197.0000000000
5679 -1195.0000000000
5723 -1192.0000000000
5858 -1189.0000000000
5903 -1186.0000000000
5959 -1184.0000000000
6033 -1183.0000000000
6043 -1182.0000000000
6053 -1179.0000000000
6095 -1178.0000000000
6142 -1177.0000000000
6157 -1171.0000000000
6295 -1169.0000000000
6306 -1165.0000000000
6421 -1164.0000000000
6437 -1160.0000000000
6480 -1159.0000000000
6495 -1157.0000000000
6532 -1156.0000000000
6557 -1154.0000000000
6616 -1153.0000000000
6666 -1152.0000000000
6689 -1151.0000000000
6696 -1150.0000000000
6710 -1147.0000000000
6769 -1144.0000000000
6815 -1136.0000000000
6969 -1134.0000000000
6971 -1133.0000000000
7010 -1129.0000000000
7054 -1128.0000000000
7106 -1127.0000000000
7120 -1126.0000000000
7191 -1121.0000000000
7326 -1117.0000000000
7356 -1115.0000000000
7373 -1114.0000000000
7466 -1112.0000000000
7520 -1111.0000000000
7573 -1108.0000000000
7601 -1105.0000000000
7654 -1104.0000000000
7742 -1103.0000000000
7794 -1102.0000000000
7805 -1099.0000000000
7855 -1095.0000000000
7912 -1092.0000000000
8035 -1091.0000000000
8054 -1090.0000000000
8060 -1087.0000000000
8114 -1085.0000000000
8154 -1084.0000000000
8207 -1083.0000000000
8216 -1081.0000000000
8234 -1080.0000000000
8252 -1079.0000000000
8309 -1077.0000000000
8324 -1076.0000000000
8372 -1074.0000000000
8394 -1071.0000000000
8486 -1070.0000000000
8501 -1069.0000000000
8600 -1068.0000000000
8603 -1066.0000000000
8656 -1065.0000000000
8677 -1064.0000000000
8695 -1063.0000000000
8701 -1062.0000000000
8721 -1061.0000000000
8725 -1060.0000000000
8764 -1059.0000000000
8766 -1056.0000000000
8837 -1054.0000000000
8848 -1052.0000000000
8893 -1050.0000000000
8952 -1049.0000000000
8984 -1048.0000000000
9012 -1047.0000000000
9029 -1046.0000000000
9052 -1043.0000000000
9127 -1041.0000000000
9174 -1040.0000000000
9201 -1039.0000000000
9220 -1038.0000000000
9270 -1036.0000000000
9284 -1035.0000000000
9305 -1034.0000000000
9370 -1033.0000000000
9404 -1031.0000000000
9451 -1030.0000000000
9481 -1029.0000000000
9501 -1027.0000000000
9546 -1026.0000000000
9566 -1023.0000000000
9575 -1022.0000000000
9648 -1019.0000000000
9705 -1013.0000000000
9863 -1012.0000000000
9868 -1011.0000000000
9951 -1006.0000000000
10029 -1005.0000000000
10061 -1004.0000000000
10078 -1002.0000000000
10113 -1000.0000000000
10160 -999.0000000000
10213 -998.0000000000
10219 -995.0000000000
10282 -994.0000000000
10334 -991.0000000000
10421 -990.0000000000
10455 -988.0000000000
10476 -987.0000000000
10523 -986.0000000000
10587 -984.0000000000
10632 -983.0000000000
10665 -982.0000000000
10688 -980.0000000000
10752 -977.0000000000
10834 -976.0000000000
10839 -975.0000000000
10902 -972.0000000000
10977 -971.0000000000
10992 -969.0000000000
11031 -968.0000000000
11034 -967.0000000000
11068 -964.0000000000
11175 -962.0000000000
11203 -959.0000000000
11303 -957.0000000000
11309 -954.0000000000
11402 -953.0000000000
11453 -950.0000000000
11491 -949.0000000000
11537 -948.0000000000
11602 -946.0000000000
11623 -943.0000000000
11651 -942.0000000000
11737 -941.0000000000
11768 -939.0000000000
11782 -937.0000000000
11811 -935.0000000000
11862 -933.0000000000
11942 -932.0000000000
11947 -931.0000000000
11952 -930.0000000000
12022 -927.0000000000
12065 -926.0000000000
12170 -924.0000000000
12231 -923.0000000000
12234 -921.0000000000
12269 -918.0000000000
12353 -917.0000000000
12359 -912.0000000000
12471 -911.0000000000
12480 -910.0000000000
12487 -909.0000000000
12556 -908.0000000000
12567 -907.0000000000
12598 -906.0000000000
12604 -904.0000000000
12651 -899.0000000000
12711 -898.0000000000
12717 -897.0000000000
12756 -896.0000000000
12795 -895.0000000000
12802 -894.0000000000
12831 -893.0000000000
12864 -892.0000000000
12909 -890.0000000000
12920 -888.0000000000
13023 -886.0000000000
13092 -885.0000000000
13093 -879.0000000000
13201 -878.0000000000
13278 -876.0000000000
13301 -875.0000000000
13354 -874.0000000000
13389 -870.0000000000
13403 -869.0000000000
13455 -868.0000000000
13513 -866.0000000000
13561 -865.0000000000
13572 -863.0000000000
13665 -862.0000000000
13691 -860.0000000000
13737 -858.0000000000
13798 -857.0000000000
13812 -855.0000000000
13866 -853.0000000000
13933 -849.0000000000
13934 -848.0000000000
14054 -847.0000000000
14059 -843.0000000000
14064 -841.0000000000
14224 -840.0000000000
14233 -839.0000000000
14241 -838.0000000000
14253 -836.0000000000
14351 -835.0000000000
14395 -832.0000000000
14409 -830.0000000000
14452 -826.0000000000
14616 -823.0000000000
14683 -822.0000000000
14707 -821.0000000000
14731 -819.0000000000
14781 -818.0000000000
14815 -816.0000000000
14851 -815.0000000000
14897 -812.0000000000
14953 -811.0000000000
14992 -809.0000000000
15051 -808.0000000000
15062 -807.0000000000
15102 -805.0000000000
15207 -804.0000000000
15210 -802.0000000000
15272 -800.0000000000
15307 -799.0000000000
15329 -797.0000000000
15375 -794.0000000000
15430 -792.0000000000
15472 -790.0000000000
15482 -788.0000000000
15587 -785.0000000000
15720 -784.0000000000
15788 -783.0000000000
15794 -780.0000000000
15808 -777.0000000000
15824 -776.0000000000
15920 -775.0000000000
15951 -770.0000000000
16005 -767.0000000000
16044 -765.0000000000
16135 -764.0000000000
16171 -763.0000000000
16217 -762.0000000000
16263 -761.0000000000
16269 -759.0000000000
16387 -756.0000000000
16459 -754.0000000000
16485 -753.0000000000
16512 -752.0000000000
16556 -751.0000000000
16627 -748.0000000000
16653 -747.0000000000
16706 -746.0000000000
16735 -741.0000000000
16864 -740.0000000000
16902 -739.0000000000
16989 -738.0000000000
17002 -737.0000000000
17006 -736.0000000000
17037 -734.0000000000
17090 -733.0000000000
17190 -732.0000000000
17204 -731.0000000000
17227 -730.0000000000
17254 -729.0000000000
17317 -727.0000000000
17371 -726.0000000000
17415 -725.0000000000
17467 -724.0000000000
17511 -722.0000000000
17521 -721.0000000000
17563 -719.0000000000
17670 -717.0000000000
17687 -716.0000000000
17759 -712.0000000000
17853 -710.0000000000
17901 -708.0000000000
17951 -707.0000000000
18008 -702.0000000000
18121 -699.0000000000
18168 -698.0000000000
18215 -696.0000000000
18266 -693.0000000000
18375 -692.0000000000
18408 -691.0000000000
18444 -689.0000000000
18485 -686.0000000000
18559 -685.0000000000
18603 -683.0000000000
18670 -682.0000000000
18682 -681.0000000000
18711 -680.0000000000
18774 -677.0000000000
18859 -675.0000000000
18882 -673.0000000000
18899 -670.0000000000
18913 -668.0000000000
19002 -665.0000000000
19065 -661.0000000000
19134 -659.0000000000
19229 -658.0000000000
19306 -657.0000000000
19330 -655.0000000000
19391 -654.0000000000
19438 -653.0000000000
19463 -652.0000000000
19473 -651.0000000000
19550 -650.0000000000
19576 -649.0000000000
19592 -648.0000000000
19605 -647.0000000000
19651 -646.0000000000
19662 -645.0000000000
19666 -644.0000000000
19705 -643.0000000000
19751 -641.0000000000
19803 -640.0000000000
19837 -639.0000000000
19859 -637.0000000000
19931 -636.0000000000
19959 -634.0000000000
19993 -633.0000000000
20019 -631.0000000000
20091 -628.0000000000
20109 -627.0000000000
20211 -624.0000000000
20260 -623.0000000000
20334 -621.0000000000
20351 -620.0000000000
20375 -619.0000000000
20478 -618.0000000000
20484 -616.0000000000
20556 -615.0000000000
20572 -614.0000000000
20605 -613.0000000000
20630 -612.0000000000
20723 -611.0000000000
20724 -610.0000000000
20751 -608.0000000000
20842 -607.0000000000
20882 -606.0000000000
20904 -604.0000000000
20965 -603.0000000000
21009 -602.0000000000
21064 -601.0000000000
21070 -600.0000000000
21111 -598.0000000000
21161 -595.0000000000
21227 -593.0000000000
21312 -592.0000000000
21351 -591.0000000000
21390 -590.0000000000
21402 -589.0000000000
21463 -588.0000000000
21482 -586.0000000000
21526 -583.0000000000
21677 -582.0000000000
21734 -581.0000000000
21741 -579.0000000000
21779 -578.0000000000
21806 -577.0000000000
21833 -575.0000000000
21965 -574.0000000000
21975 -573.0000000000
22029 -570.0000000000
22078 -569.0000000000
22165 -568.0000000000
22207 -565.0000000000
22310 -564.0000000000
22330 -562.0000000000
22437 -560.0000000000
22465 -559.0000000000
22520 -558.0000000000
22555 -556.0000000000
22667 -555.0000000000
22695 -551.0000000000
22739 -550.0000000000
22806 -549.0000000000
22836 -548.0000000000
22873 -544.0000000000
22972 -543.0000000000
23024 -542.0000000000
23068 -541.0000000000
23102 -539.0000000000
23203 -537.0000000000
23254 -533.0000000000
23351 -532.0000000000
23379 -530.0000000000
23434 -528.0000000000
23462 -522.0000000000
23560 -521.0000000000
23654 -520.0000000000
23701 -519.0000000000
23801 -518.0000000000
23815 -516.0000000000
23861 -515.0000000000
23876 -514.0000000000
23916 -513.0000000000
23956 -512.0000000000
24013 -510.0000000000
24057 -509.0000000000
24107 -507.0000000000
24178 -506.0000000000
24255 -505.0000000000
24316 -504.0000000000
24402 -503.0000000000
24410 -502.0000000000
24462 -501.0000000000
24514 -500.0000000000
24549 -499.0000000000
24552 -498.0000000000
24622 -497.0000000000
24668 -496.0000000000
24677 -495.0000000000
24681 -494.0000000000
24754 -493.0000000000
24756 -492.0000000000
24803 -489.0000000000
24925 -488.0000000000
24959 -487.0000000000
25064 -486.0000000000
25098 -483.0000000000
25182 -482.0000000000
25286 -480.0000000000
25349 -478.0000000000
25403 -477.0000000000
25418 -476.0000000000
25471 -475.0000000000
25474 -474.0000000000
25505 -472.0000000000
25576 -471.0000000000
25685 -469.0000000000
25746 -468.0000000000
25798 -467.0000000000
25805 -466.0000000000
25939 -465.0000000000
25954 -462.0000000000
26088 -459.0000000000
26272 -455.0000000000
26382 -454.0000000000
26389 -453.0000000000
26460 -452.0000000000
26501 -451.0000000000
26558 -450.0000000000
26578 -449.0000000000
26635 -446.0000000000
26664 -444.0000000000
26736 -441.0000000000
26859 -436.0000000000
26920 -434.0000000000
27103 -433.0000000000
27126 -431.0000000000
27166 -430.0000000000
27205 -429.0000000000
27218 -428.0000000000
27301 -426.0000000000
27360 -425.0000000000
27413 -423.0000000000
27453 -422.0000000000
27543 -420.0000000000
27603 -419.0000000000
27658 -418.0000000000
27708 -416.0000000000
27734 -414.0000000000
27759 -412.0000000000
27827 -411.0000000000
27864 -410.0000000000
27923 -409.0000000000
28046 -406.0000000000
28086 -405.0000000000
28212 -404.0000000000
28227 -403.0000000000
28312 -402.0000000000
28338 -400.0000000000
28354 -398.0000000000
28485 -397.0000000000
28539 -396.0000000000
28563 -394.0000000000
28616 -393.0000000000
28663 -392.0000000000
28671 -391.0000000000
28691 -390.0000000000
28719 -389.0000000000
28780 -388.0000000000
28792 -387.0000000000
28885 -385.0000000000
28916 -384.0000000000
28997 -383.0000000000
29004 -381.0000000000
29069 -380.0000000000
29087 -379.0000000000
29139 -378.0000000000
29179 -377.0000000000
29201 -375.0000000000
29284 -373.0000000000
29310 -371.0000000000
29418 -370.0000000000
29511 -369.0000000000
29535 -368.0000000000
29549 -367.0000000000
29570 -366.0000000000
29652 -365.0000000000
29693 -364.0000000000
29742 -363.0000000000
29802 -360.0000000000
29864 -359.0000000000
29895 -357.0000000000
29968 -352.0000000000
30188 -349.0000000000
30264 -348.0000000000
30341 -345.0000000000
30451 -341.0000000000
30454 -340.0000000000
30585 -339.0000000000
30665 -338.0000000000
30706 -336.0000000000
30779 -335.0000000000
30837 -334.0000000000
30880 -333.0000000000
30953 -331.0000000000
30975 -330.0000000000
31007 -329.0000000000
31020 -328.0000000000
31105 -326.0000000000
31177 -325.0000000000
31205 -322.0000000000
31277 -320.0000000000
31395 -318.0000000000
31409 -317.0000000000
31486 -316.0000000000
31557 -315.0000000000
31574 -314.0000000000
31659 -313.0000000000
31665 -312.0000000000
31730 -310.0000000000
31800 -308.0000000000
31879 -307.0000000000
31903 -306.0000000000
32002 -305.0000000000
32015 -304.0000000000
32112 -302.0000000000
32169 -301.0000000000
32221 -300.0000000000
32251 -298.0000000000
32308 -297.0000000000
32390 -294.0000000000
32472 -293.0000000000
32539 -291.0000000000
32633 -290.0000000000
32670 -288.0000000000
32844 -287.0000000000
32862 -286.0000000000
32909 -285.0000000000
32953 -284.0000000000
33054 -283.0000000000
33062 -279.0000000000
33159 -278.0000000000
33221 -276.0000000000
33273 -273.0000000000
33496 -272.0000000000
33565 -271.0000000000
33634 -268.0000000000
33784 -266.0000000000
33874 -265.0000000000
33886 -264.0000000000
33943 -262.0000000000
33992 -261.0000000000
34010 -259.0000000000
34100 -256.0000000000
34262 -255.0000000000
34288 -254.0000000000
34308 -253.0000000000
34431 -252.0000000000
34432 -251.0000000000
34575 -250.0000000000
34609 -249.0000000000
34752 -248.0000000000
34758 -246.0000000000
34880 -245.0000000000
34904 -242.0000000000
35016 -241.0000000000
35089 -240.0000000000
35134 -238.0000000000
35205 -236.0000000000
35276 -235.0000000000
35364 -233.0000000000
35405 -230.0000000000
35606 -229.0000000000
35639 -226.0000000000
35699 -225.0000000000
35851 -224.0000000000
35855 -223.0000000000
35907 -221.0000000000
36051 -220.0000000000
36079 -219.0000000000
36220 -218.0000000000
36232 -217.0000000000
36251 -215.0000000000
36410 -214.0000000000
36416 -212.0000000000
36483 -211.0000000000
36563 -210.0000000000
36635 -209.0000000000
36658 -208.0000000000
36731 -207.0000000000
36768 -206.0000000000
36830 -205.0000000000
36847 -202.0000000000
36999 -200.0000000000
37093 -196.0000000000
37180 -195.0000000000
37235 -194.0000000000
37273 -192.0000000000
37464 -191.0000000000
37598 -190.0000000000
37673 -189.0000000000
37778 -185.0000000000
37987 -184.0000000000
38059 -182.0000000000
38243 -180.0000000000
38514 -179.0000000000
38519 -178.0000000000
38621 -177.0000000000
38692 -176.0000000000
38770 -175.0000000000
38861 -174.0000000000
38876 -173.0000000000
38950 -171.0000000000
39081 -168.0000000000
39290 -167.0000000000
39304 -166.0000000000
39418 -165.0000000000
39554 -162.0000000000
39717 -159.0000000000
39825 -158.0000000000
39890 -157.0000000000
40005 -156.0000000000
40106 -155.0000000000
40145 -154.0000000000
40194 -153.0000000000
40236 -152.0000000000
40267 -151.0000000000
40404 -150.0000000000
40411 -149.0000000000
40506 -148.0000000000
40625 -147.0000000000
40637 -146.0000000000
40790 -145.0000000000
40824 -144.0000000000
40889 -143.0000000000
40951 -141.0000000000
40989 -140.0000000000
41080 -139.0000000000
41214 -137.0000000000
41277 -136.0000000000
41316 -135.0000000000
41467 -134.0000000000
41563 -133.0000000000
41611 -132.0000000000
41722 -131.0000000000
41745 -130.0000000000
41804 -129.0000000000
41827 -128.0000000000
41904 -126.0000000000
42009 -125.0000000000
42082 -124.0000000000
42110 -123.0000000000
42202 -122.0000000000
42252 -121.0000000000
42310 -120.0000000000
42382 -119.0000000000
42417 -116.0000000000
42477 -115.0000000000
42728 -114.0000000000
42758 -113.0000000000
42908 -112.0000000000
43003 -111.0000000000
43115 -110.0000000000
43142 -109.0000000000
43282 -108.0000000000
43311 -107.0000000000
43421 -104.0000000000
43564 -103.0000000000
43699 -101.0000000000
43792 -100.0000000000
43801 -99.0000000000
44005 -98.0000000000
44089 -95.0000000000
44218 -93.0000000000
44433 -92.0000000000
44439 -91.0000000000
44646 -90.0000000000
44809 -89.0000000000
44871 -88.0000000000
45083 -86.0000000000
45267 -85.0000000000
45321 -84.0000000000
45450 -83.0000000000
45573 -82.0000000000
45651 -81.0000000000
45727 -78.0000000000
45885 -77.0000000000
45903 -76.0000000000
45986 -75.0000000000
46021 -74.0000000000
46114 -73.0000000000
46265 -72.0000000000
46270 -71.0000000000
46467 -70.0000000000
46527 -69.0000000000
46563 -68.0000000000
46585 -67.0000000000
46734 -66.0000000000
46782 -65.0000000000
46788 -63.0000000000
46923 -62.0000000000
47072 -61.0000000000
47107 -60.0000000000
47172 -59.0000000000
47369 -57.0000000000
47527 -56.0000000000
47615 -55.0000000000
47858 -54.0000000000
47865 -53.0000000000
48027 -52.0000000000
48109 -51.0000000000
48171 -50.0000000000
48191 -48.0000000000
48414 -47.0000000000
48465 -46.0000000000
48547 -45.0000000000
48673 -44.0000000000
48762 -43.0000000000
48794 -42.0000000000
49042 -41.0000000000
49229 -40.0000000000
49291 -39.0000000000
49530 -38.0000000000
49742 -37.0000000000
49810 -36.0000000000
49959 -35.0000000000
50057 -34.0000000000
50231 -33.0000000000
50243 -32.0000000000
50371 -31.0000000000
50458 -30.0000000000
50681 -29.0000000000
50956 -28.0000000000
51159 -27.0000000000
51507 -26.0000000000
51738 -25.0000000000
51819 -24.0000000000
52038 -23.0000000000
52068 -22.0000000000
52197 -21.0000000000
52423 -20.0000000000
52550 -19.0000000000
52661 -18.0000000000
52919 -17.0000000000
53071 -16.0000000000
53152 -15.0000000000
53558 -14.0000000000
53646 -13.0000000000
53901 -12.0000000000
54056 -11.0000000000
54252 -10.0000000000
54257 -9.0000000000
54406 -8.0000000000
54565 -7.0000000000
54733 -5.0000000000
54907 -4.0000000000
55026 -3.0000000000
55343 -2.0000000000
55960 -1.0000000000
56749 142.4100000000
56788 144.1800000000
56852 158.0100000000
56967 174.3600000000
58024 176.2900000000
58127 181.6600000000
58163 187.8100000000
58941 301.1000000000
59260 301.3600000000
59458 406.3300000000
59666 412.3200000000
59744 435.6900000000
59752 437.3300000000
59776 440.8400000000
59802 453.1400000000
59812 469.4100000000
60541 470.2400000000
60809 478.6200000000
60940 480.1300000000
61029 481.8900000000
61081 482.5800000000
61159 493.9500000000
61903 502.9700000000
62388 528.1700000000
62454 595.2500000000
62561 607.5300000000
62808 609.7700000000
62850 610.4100000000
62888 683.9100000000
62952 685.3800000000
63100 691.0800000000
63140 698.0000000000
63326 701.8600000000
63615 703.4300000000
63710 705.7600000000
63919 723.1100000000
64118 732.3500000000
64988 765.0300000000
65006 771.6900000000
65007 777.3400000000
65063 790.4600000000
65587 793.2000000000
65683 794.5600000000
65817 795.3000000000
65826 797.7300000000
65849 798.3000000000
66265 800.8400000000
66809 803.8500000000
67144 805.9400000000
67269 811.0500000000
67583 814.5300000000
68139 816.3600000000
68343 822.8400000000
70728 822.8600000000
70735 833.1800000000
71302 847.0700000000
72030 850.3200000000
72104 860.6800000000
72341 863.0700000000
72432 871.9000000000
72560 872.4200000000
72611 877.2500000000
73100 881.1100000000
73516 882.0300000000
73545 884.7200000000
74916 889.3300000000
74966 890.8300000000
75103 895.3200000000
75202 898.6400000000
75215 900.9900000000
75770 902.3900000000
75856 907.5100000000
77328 911.1800000000
80847 916.2600000000
81747 921.0900000000
82174 924.8500000000
82468 924.8800000000
82634 932.5700000000
82830 942.2400000000
83554 952.0300000000
87278 952.6600000000
87699 955.2200000000
93424 965.3300000000
94032 966.3300000000
98288 967.0800000000
100000 884.7600000000
evaluations raw_y
1 -1971.0000000000
6 -1963.0000000000
8 -1956.0000000000
18 -1939.0000000000
19 -1916.0000000000
76 -1915.0000000000
101 -1912.0000000000
131 -1899.0000000000
156 -1896.0000000000
157 -1885.0000000000
167 -1858.0000000000
307 -1827.0000000000
357 -1821.0000000000
373 -1800.0000000000
420 -1799.0000000000
455 -1792.0000000000
471 -1791.0000000000
500 -1786.0000000000
505 -1782.0000000000
508 -1779.0000000000
515 -1773.0000000000
562 -1763.0000000000
605 -1761.0000000000
622 -1756.0000000000
645 -1754.0000000000
654 -1742.0000000000
717 -1738.0000000000
750 -1735.0000000000
765 -1734.0000000000
769 -1718.0000000000
801 -1712.0000000000
851 -1711.0000000000
861 -1699.0000000000
883 -1693.0000000000
929 -1680.0000000000
968 -1679.0000000000
979 -1670.0000000000
1046 -1656.0000000000
1058 -1655.0000000000
1091 -1652.0000000000
1158 -1651.0000000000
1169 -1641.0000000000
1173 -1638.0000000000
1208 -1619.0000000000
1309 -1615.0000000000
1353 -1612.0000000000
1364 -1608.0000000000
1423 -1606.0000000000
1431 -1596.0000000000
1473 -1593.0000000000
1487 -1586.0000000000
1501 -1584.0000000000
1518 -1571.0000000000
1616 -1558.0000000000
1713 -1539.0000000000
1773 -1536.0000000000
1809 -1523.0000000000
1902 -1521.0000000000
1925 -1513.0000000000
1973 -1511.0000000000
2024 -1509.0000000000
2028 -1503.0000000000
2078 -1492.0000000000
2084 -1487.0000000000
2214 -1484.0000000000
2232 -1482.0000000000
2263 -1480.0000000000
2296 -1478.0000000000
2301 -1476.0000000000
2330 -1474.0000000000
2335 -1470.0000000000
2353 -1469.0000000000
2402 -1465.0000000000
2415 -1464.0000000000
2442 -1462.0000000000
2449 -1458.0000000000
2454 -1450.0000000000
2507 -1448.0000000000
2516 -1444.0000000000
2523 -1441.0000000000
2569 -1435.0000000000
2603 -1434.0000000000
2620 -1431.0000000000
2729 -1430.0000000000
2733 -1427.0000000000
2737 -1423.0000000000
2757 -1420.0000000000
2808 -1417.0000000000
2830 -1412.0000000000
2855 -1410.0000000000
2892 -1409.0000000000
2908 -1405.0000000000
2972 -1404.0000000000
3007 -1403.0000000000
3010 -1399.0000000000
3015 -1397.0000000000
3066 -1396.0000000000
3113 -1395.0000000000
3137 -1391.0000000000
3158 -1390.0000000000
3162 -1388.0000000000
3189 -1387.0000000000
3246 -1382.0000000000
3278 -1380.0000000000
3327 -1379.0000000000
3341 -1372.0000000000
3452 -1371.0000000000
3460 -1370.0000000000
3477 -1369.0000000000
3508 -1367.0000000000
3511 -1366.0000000000
3559 -1364.0000000000
3578 -1362.0000000000
3612 -1361.0000000000
3655 -1360.0000000000
3667 -1358.0000000000
3719 -1356.0000000000
3773 -1355.0000000000
3774 -1353.0000000000
3819 -1348.0000000000
3906 -1347.0000000000
3959 -1344.0000000000
4011 -1343.0000000000
4024 -1342.0000000000
4040 -1338.0000000000
4075 -1335.0000000000
4148 -1330.0000000000
4200 -1328.0000000000
4209 -1327.0000000000
4267 -1324.0000000000
4284 -1322.0000000000
4304 -1320.0000000000
4386 -1317.0000000000
4398 -1310.0000000000
4497 -1308.0000000000
4605 -1307.0000000000
4631 -1303.0000000000
4694 -1302.0000000000
4754 -1300.0000000000
4817 -1298.0000000000
4903 -1297.0000000000
4906 -1294.0000000000
4921 -1293.0000000000
4926 -1291.0000000000
5003 -1285.0000000000
5201 -1283.0000000000
5248 -1281.0000000000
5288 -1280.0000000000
5308 -1279.0000000000
5325 -1276.0000000000
5361 -1275.0000000000
5362 -1274.0000000000
5392 -1271.0000000000
5408 -1269.0000000000
5522 -1268.0000000000
5570 -1267.0000000000
5601 -1261.0000000000
5713 -1260.0000000000
5730 -1258.0000000000
5793 -1255.0000000000
5883 -1254.0000000000
5888 -1250.0000000000
5919 -1249.0000000000
5943 -1248.0000000000
5973 -1247.0000000000
5979 -1246.0000000000
5991 -1244.0000000000
6054 -1243.0000000000
6069 -1242.0000000000
6103 -1237.0000000000
6179 -1236.0000000000
6202 -1235.0000000000
6203 -1234.0000000000
6254 -1231.0000000000
6275 -1230.0000000000
6321 -1229.0000000000
6357 -1228.0000000000
6370 -1225.0000000000
6401 -1218.0000000000
6506 -1217.0000000000
6508 -1210.0000000000
6660 -1208.0000000000
6707 -1207.0000000000
6726 -1204.0000000000
6752 -1202.0000000000
6798 -1199.0000000000
6856 -1195.0000000000
6905 -1191.0000000000
7011 -1190.0000000000
7017 -1189.0000000000
7093 -1186.0000000000
7151 -1185.0000000000
7170 -1184.0000000000
7206 -1181.0000000000
7212 -1178.0000000000
7214 -1177.0000000000
7328 -1176.0000000000
7336 -1174.0000000000
7369 -1173.0000000000
7404 -1171.0000000000
7498 -1170.0000000000
7512 -1167.0000000000
7527 -1165.0000000000
7605 -1164.0000000000
7610 -1163.0000000000
7623 -1161.0000000000
7659 -1160.0000000000
7709 -1159.0000000000
7756 -1155.0000000000
7810 -1152.0000000000
7820 -1151.0000000000
7916 -1150.0000000000
7922 -1146.0000000000
8026 -1143.0000000000
8056 -1139.0000000000
8107 -1137.0000000000
8181 -1136.0000000000
8202 -1134.0000000000
8270 -1131.0000000000
8340 -1130.0000000000
8348 -1128.0000000000
8383 -1127.0000000000
8411 -1125.0000000000
8453 -1124.0000000000
8481 -1122.0000000000
8540 -1120.0000000000
8554 -1118.0000000000
8593 -1115.0000000000
8684 -1114.0000000000
8715 -1110.0000000000
8753 -1108.0000000000
8853 -1107.0000000000
8865 -1106.0000000000
8895 -1105.0000000000
8906 -1103.0000000000
8954 -1098.0000000000
9006 -1095.0000000000
9108 -1094.0000000000
9127 -1092.0000000000
9179 -1090.0000000000
9207 -1087.0000000000
9254 -1086.0000000000
9264 -1085.0000000000
9319 -1081.0000000000
9370 -1078.0000000000
9418 -1077.0000000000
9466 -1076.0000000000
9485 -1075.0000000000
9509 -1073.0000000000
9532 -1071.0000000000
9606 -1069.0000000000
9636 -1068.0000000000
9644 -1067.0000000000
9666 -1066.0000000000
9711 -1064.0000000000
9751 -1063.0000000000
9809 -1061.0000000000
9867 -1060.0000000000
9882 -1059.0000000000
9920 -1058.0000000000
9955 -1057.0000000000
9980 -1056.0000000000
10009 -1053.0000000000
10040 -1051.0000000000
10132 -1047.0000000000
10305 -1046.0000000000
10309 -1045.0000000000
10313 -1043.0000000000
10352 -1038.0000000000
10427 -1036.0000000000
10429 -1033.0000000000
10508 -1030.0000000000
10605 -1025.0000000000
10652 -1024.0000000000
10669 -1020.0000000000
10801 -1019.0000000000
10824 -1018.0000000000
10881 -1017.0000000000
10901 -1015.0000000000
10951 -1013.0000000000
10952 -1012.0000000000
10969 -1011.0000000000
10982 -1010.0000000000
11004 -1009.0000000000
11057 -1008.0000000000
11114 -1007.0000000000
11115 -1006.0000000000
11164 -1005.0000000000
11185 -1002.0000000000
11214 -999.0000000000
11256 -995.0000000000
11420 -993.0000000000
11427 -992.0000000000
11484 -990.0000000000
11509 -989.0000000000
11522 -986.0000000000
11552 -980.0000000000
11706 -979.0000000000
11742 -978.0000000000
11751 -977.0000000000
11810 -975.0000000000
11898 -973.0000000000
11929 -968.0000000000
12034 -965.0000000000
12126 -962.0000000000
12151 -961.0000000000
12173 -958.0000000000
12283 -957.0000000000
12321 -954.0000000000
12369 -949.0000000000
12452 -942.0000000000
12563 -939.0000000000
12665 -938.0000000000
12686 -936.0000000000
12783 -935.0000000000
12784 -933.0000000000
12790 -932.0000000000
12819 -931.0000000000
12859 -928.0000000000
12903 -926.0000000000
12977 -925.0000000000
13001 -923.0000000000
13055 -922.0000000000
13056 -919.0000000000
13151 -916.0000000000
13225 -915.0000000000
13279 -911.0000000000
13312 -909.0000000000
13367 -907.0000000000
13471 -901.0000000000
13634 -899.0000000000
13665 -898.0000000000
13713 -896.0000000000
13751 -895.0000000000
13807 -893.0000000000
13819 -891.0000000000
13937 -888.0000000000
13970 -887.0000000000
14064 -886.0000000000
14090 -885.0000000000
14104 -884.0000000000
14147 -883.0000000000
14161 -881.0000000000
14201 -879.0000000000
14250 -877.0000000000
14324 -876.0000000000
14369 -875.0000000000
14393 -874.0000000000
14415 -872.0000000000
14472 -871.0000000000
14505 -869.0000000000
14526 -868.0000000000
14557 -864.0000000000
14612 -863.0000000000
14678 -862.0000000000
14723 -861.0000000000
14730 -857.0000000000
14805 -852.0000000000
14913 -850.0000000000
14946 -848.0000000000
14983 -847.0000000000
15002 -846.0000000000
15050 -845.0000000000
15052 -844.0000000000
15132 -843.0000000000
15178 -841.0000000000
15243 -840.0000000000
15259 -839.0000000000
15314 -836.0000000000
15355 -835.0000000000
15450 -834.0000000000
15457 -833.0000000000
15475 -832.0000000000
15530 -831.0000000000
15536 -829.0000000000
15565 -827.0000000000
15621 -825.0000000000
15702 -821.0000000000
15760 -820.0000000000
15825 -819.0000000000
15869 -818.0000000000
15905 -816.0000000000
16009 -812.0000000000
16033 -811.0000000000
16118 -809.0000000000
16168 -807.0000000000
16270 -805.0000000000
16355 -804.0000000000
16383 -800.0000000000
16483 -798.0000000000
16551 -796.0000000000
16565 -795.0000000000
16675 -794.0000000000
16701 -791.0000000000
16754 -790.0000000000
16766 -787.0000000000
16865 -785.0000000000
16996 -784.0000000000
17036 -783.0000000000
17070 -782.0000000000
17077 -779.0000000000
17102 -776.0000000000
17187 -775.0000000000
17276 -773.0000000000
17303 -771.0000000000
17353 -768.0000000000
17419 -766.0000000000
17528 -764.0000000000
17535 -763.0000000000
17629 -760.0000000000
17675 -759.0000000000
17717 -757.0000000000
17732 -755.0000000000
17829 -754.0000000000
17908 -753.0000000000
17911 -750.0000000000
18001 -749.0000000000
18010 -748.0000000000
18034 -744.0000000000
18108 -740.0000000000
18212 -739.0000000000
18258 -737.0000000000
18304 -736.0000000000
18337 -735.0000000000
18363 -734.0000000000
18376 -733.0000000000
18430 -731.0000000000
18437 -728.0000000000
18534 -727.0000000000
18553 -724.0000000000
18655 -722.0000000000
18673 -721.0000000000
18724 -720.0000000000
18772 -719.0000000000
18779 -717.0000000000
18827 -716.0000000000
18865 -714.0000000000
18901 -713.0000000000
18956 -712.0000000000
18982 -711.0000000000
19001 -709.0000000000
19058 -708.0000000000
19127 -706.0000000000
19186 -701.0000000000
19231 -700.0000000000
19303 -698.0000000000
19425 -696.0000000000
19499 -694.0000000000
19558 -693.0000000000
19603 -691.0000000000
19622 -686.0000000000
19764 -683.0000000000
19817 -682.0000000000
19829 -681.0000000000
19869 -680.0000000000
19891 -679.0000000000
19963 -678.0000000000
20027 -677.0000000000
20071 -672.0000000000
20190 -670.0000000000
20251 -669.0000000000
20254 -667.0000000000
20286 -666.0000000000
20307 -661.0000000000
20495 -655.0000000000
20603 -653.0000000000
20657 -652.0000000000
20718 -649.0000000000
20758 -648.0000000000
20761 -647.0000000000
20875 -645.0000000000
20899 -641.0000000000
20984 -639.0000000000
21093 -636.0000000000
21118 -635.0000000000
21123 -634.0000000000
21158 -633.0000000000
21223 -631.0000000000
21278 -630.0000000000
21304 -629.0000000000
21327 -626.0000000000
21432 -623.0000000000
21524 -621.0000000000
21604 -620.0000000000
21660 -619.0000000000
21681 -618.0000000000
21684 -617.0000000000
21702 -615.0000000000
21760 -614.0000000000
21799 -613.0000000000
21832 -611.0000000000
21859 -608.0000000000
21908 -606.0000000000
22034 -605.0000000000
22053 -604.0000000000
22067 -603.0000000000
22104 -601.0000000000
22153 -600.0000000000
22180 -599.0000000000
22187 -597.0000000000
22232 -596.0000000000
22298 -595.0000000000
22328 -592.0000000000
22368 -591.0000000000
22406 -590.0000000000
22453 -587.0000000000
22534 -583.0000000000
22568 -582.0000000000
22691 -579.0000000000
22778 -578.0000000000
22812 -577.0000000000
22823 -576.0000000000
22851 -573.0000000000
22901 -570.0000000000
22995 -568.0000000000
23035 -566.0000000000
23109 -563.0000000000
23223 -562.0000000000
23253 -561.0000000000
23266 -557.0000000000
23313 -556.0000000000
23417 -554.0000000000
23488 -551.0000000000
23575 -549.0000000000
23672 -547.0000000000
23735 -546.0000000000
23775 -544.0000000000
23797 -543.0000000000
23858 -541.0000000000
23907 -540.0000000000
23934 -538.0000000000
23949 -537.0000000000
24003 -536.0000000000
24020 -535.0000000000
24108 -532.0000000000
24203 -530.0000000000
24273 -528.0000000000
24350 -527.0000000000
24384 -526.0000000000
24399 -524.0000000000
24505 -521.0000000000
24672 -517.0000000000
24685 -515.0000000000
24711 -514.0000000000
24807 -512.0000000000
24894 -511.0000000000
24936 -510.0000000000
25003 -508.0000000000
25043 -507.0000000000
25059 -505.0000000000
25117 -502.0000000000
25220 -497.0000000000
25322 -496.0000000000
25357 -493.0000000000
25452 -492.0000000000
25459 -491.0000000000
25504 -489.0000000000
25605 -487.0000000000
25618 -486.0000000000
25621 -485.0000000000
25657 -484.0000000000
25705 -482.0000000000
25721 -481.0000000000
25753 -480.0000000000
25801 -477.0000000000
25920 -476.0000000000
26053 -475.0000000000
26063 -474.0000000000
26078 -471.0000000000
26203 -470.0000000000
26261 -468.0000000000
26283 -467.0000000000
26310 -466.0000000000
26375 -465.0000000000
26400 -462.0000000000
26430 -461.0000000000
26479 -460.0000000000
26560 -457.0000000000
26602 -456.0000000000
26606 -453.0000000000
26723 -452.0000000000
26767 -450.0000000000
26822 -449.0000000000
26860 -446.0000000000
26975 -444.0000000000
27059 -443.0000000000
27062 -440.0000000000
27200 -439.0000000000
27203 -437.0000000000
27283 -436.0000000000
27308 -435.0000000000
27394 -434.0000000000
27399 -433.0000000000
27413 -431.0000000000
27497 -430.0000000000
27528 -429.0000000000
27588 -428.0000000000
27642 -427.0000000000
27646 -426.0000000000
27710 -425.0000000000
27765 -424.0000000000
27784 -423.0000000000
27803 -421.0000000000
27916 -418.0000000000
27979 -417.0000000000
28013 -415.0000000000
28136 -413.0000000000
28169 -412.0000000000
28253 -410.0000000000
28269 -406.0000000000
28416 -405.0000000000
28437 -404.0000000000
28527 -403.0000000000
28594 -398.0000000000
28717 -395.0000000000
28875 -394.0000000000
28894 -393.0000000000
28904 -392.0000000000
28916 -391.0000000000
29024 -390.0000000000
29100 -389.0000000000
29125 -388.0000000000
29191 -386.0000000000
29204 -385.0000000000
29307 -383.0000000000
29375 -382.0000000000
29451 -379.0000000000
29559 -378.0000000000
29564 -377.0000000000
29600 -376.0000000000
29648 -375.0000000000
29658 -374.0000000000
29704 -373.0000000000
29780 -372.0000000000
29852 -369.0000000000
29939 -368.0000000000
29965 -367.0000000000
30010 -366.0000000000
30049 -365.0000000000
30097 -364.0000000000
30107 -363.0000000000
30114 -362.0000000000
30215 -361.0000000000
30261 -358.0000000000
30351 -357.0000000000
30427 -355.0000000000
30497 -354.0000000000
30553 -353.0000000000
30605 -352.0000000000
30663 -349.0000000000
30797 -348.0000000000
30798 -347.0000000000
30810 -345.0000000000
30837 -340.0000000000
31162 -339.0000000000
31197 -335.0000000000
31278 -333.0000000000
31411 -331.0000000000
31445 -330.0000000000
31490 -328.0000000000
31588 -326.0000000000
31637 -325.0000000000
31755 -323.0000000000
31851 -322.0000000000
31918 -321.0000000000
31966 -320.0000000000
32015 -319.0000000000
32099 -318.0000000000
32168 -315.0000000000
32274 -314.0000000000
32329 -312.0000000000
32401 -310.0000000000
32451 -308.0000000000
32526 -307.0000000000
32615 -306.0000000000
32621 -304.0000000000
32711 -302.0000000000
32855 -301.0000000000
32985 -300.0000000000
33011 -299.0000000000
33069 -298.0000000000
33094 -296.0000000000
33167 -295.0000000000
33257 -292.0000000000
33382 -291.0000000000
33396 -290.0000000000
33431 -289.0000000000
33470 -288.0000000000
33621 -286.0000000000
33683 -285.0000000000
33738 -284.0000000000
33770 -282.0000000000
33904 -281.0000000000
33907 -280.0000000000
33917 -279.0000000000
34024 -278.0000000000
34073 -277.0000000000
34094 -276.0000000000
34185 -274.0000000000
34233 -273.0000000000
34303 -272.0000000000
34419 -271.0000000000
34492 -270.0000000000
34511 -268.0000000000
34557 -267.0000000000
34582 -265.0000000000
34699 -264.0000000000
34716 -263.0000000000
34717 -262.0000000000
34816 -259.0000000000
34931 -258.0000000000
35036 -255.0000000000
35111 -254.0000000000
35163 -253.0000000000
35174 -252.0000000000
35279 -251.0000000000
35349 -247.0000000000
35424 -246.0000000000
35489 -244.0000000000
35515 -243.0000000000
35678 -242.0000000000
35743 -240.0000000000
35814 -239.0000000000
35889 -236.0000000000
35984 -235.0000000000
36073 -233.0000000000
36194 -232.0000000000
36202 -231.0000000000
36230 -228.0000000000
36385 -226.0000000000
36523 -225.0000000000
36551 -224.0000000000
36587 -223.0000000000
36630 -222.0000000000
36687 -221.0000000000
36803 -220.0000000000
36865 -218.0000000000
37024 -217.0000000000
37144 -215.0000000000
37213 -214.0000000000
37360 -213.0000000000
37365 -212.0000000000
37367 -211.0000000000
37530 -210.0000000000
37568 -208.0000000000
37638 -207.0000000000
37736 -206.0000000000
37909 -203.0000000000
38048 -200.0000000000
38082 -199.0000000000
38142 -198.0000000000
38163 -197.0000000000
38213 -196.0000000000
38310 -194.0000000000
38383 -191.0000000000
38599 -190.0000000000
38603 -189.0000000000
38755 -188.0000000000
38827 -187.0000000000
38832 -186.0000000000
38889 -185.0000000000
38922 -184.0000000000
39021 -183.0000000000
39114 -182.0000000000
39145 -181.0000000000
39186 -179.0000000000
39207 -178.0000000000
39319 -177.0000000000
39357 -176.0000000000
39411 -175.0000000000
39461 -173.0000000000
39631 -172.0000000000
39790 -171.0000000000
39831 -170.0000000000
39900 -169.0000000000
39971 -168.0000000000
40071 -167.0000000000
40144 -166.0000000000
40214 -165.0000000000
40233 -164.0000000000
40314 -163.0000000000
40432 -162.0000000000
40452 -161.0000000000
40611 -160.0000000000
40698 -159.0000000000
40711 -158.0000000000
40783 -156.0000000000
40863 -155.0000000000
40970 -154.0000000000
41080 -151.0000000000
41153 -150.0000000000
41265 -147.0000000000
41381 -146.0000000000
41446 -145.0000000000
41509 -144.0000000000
41619 -143.0000000000
41695 -142.0000000000
41768 -141.0000000000
41807 -140.0000000000
41865 -137.0000000000
42012 -136.0000000000
42137 -135.0000000000
42194 -134.0000000000
42305 -133.0000000000
42357 -132.0000000000
42463 -131.0000000000
42508 -130.0000000000
42520 -129.0000000000
42595 -128.0000000000
42720 -126.0000000000
42822 -125.0000000000
42900 -124.0000000000
43013 -122.0000000000
43101 -121.0000000000
43163 -120.0000000000
43278 -119.0000000000
43323 -118.0000000000
43374 -117.0000000000
43559 -116.0000000000
43666 -114.0000000000
43849 -113.0000000000
43952 -111.0000000000
44219 -110.0000000000
44224 -109.0000000000
44293 -106.0000000000
44507 -105.0000000000
44634 -103.0000000000
44701 -102.0000000000
44752 -101.0000000000
44801 -100.0000000000
44850 -99.0000000000
44979 -97.0000000000
45177 -95.0000000000
45207 -94.0000000000
45351 -91.0000000000
45471 -90.0000000000
45581 -89.0000000000
45693 -87.0000000000
45716 -86.0000000000
45763 -85.0000000000
45801 -84.0000000000
45843 -83.0000000000
45913 -82.0000000000
46070 -81.0000000000
46198 -80.0000000000
46207 -77.0000000000
46321 -76.0000000000
46478 -75.0000000000
46497 -74.0000000000
46678 -73.0000000000
46875 -72.0000000000
46880 -70.0000000000
47065 -68.0000000000
47252 -67.0000000000
47313 -66.0000000000
47325 -65.0000000000
47463 -63.0000000000
47582 -61.0000000000
47738 -60.0000000000
47776 -59.0000000000
47947 -58.0000000000
47997 -56.0000000000
48200 -54.0000000000
48340 -52.0000000000
48479 -51.0000000000
48712 -50.0000000000
48886 -49.0000000000
48976 -48.0000000000
49102 -47.0000000000
49222 -46.0000000000
49305 -45.0000000000
49340 -44.0000000000
49545 -43.0000000000
49698 -42.0000000000
49805 -40.0000000000
49917 -39.0000000000
50073 -38.0000000000
50104 -37.0000000000
50349 -36.0000000000
50467 -35.0000000000
50550 -34.0000000000
50657 -31.0000000000
50889 -29.0000000000
51351 -28.0000000000
51362 -27.0000000000
51527 -26.0000000000
51608 -25.0000000000
51736 -24.0000000000
51806 -23.0000000000
51913 -22.0000000000
52028 -21.0000000000
52317 -20.0000000000
52765 -19.0000000000
53022 -17.0000000000
53164 -16.0000000000
53280 -15.0000000000
53385 -14.0000000000
53559 -13.0000000000
53663 -12.0000000000
53810 -11.0000000000
53961 -10.0000000000
54071 -9.0000000000
54205 -8.0000000000
54352 -7.0000000000
54451 -6.0000000000
54731 -4.0000000000
55468 -3.0000000000
55753 -2.0000000000
56053 -1.0000000000
56371 150.3800000000
56582 151.4100000000
56587 160.5100000000
56784 164.6600000000
56832 165.0600000000
56954 166.9300000000
57010 179.9000000000
57126 180.5200000000
57272 193.1000000000
58268 197.8900000000
59069 214.3300000000
59476 220.6400000000
59652 223.9300000000
59763 229.8700000000
59918 242.6100000000
60256 359.3400000000
61244 360.8200000000
61564 365.3900000000
61636 377.3500000000
61694 382.6100000000
61699 389.8500000000
61704 416.5700000000
62408 420.7000000000
62783 429.2500000000
62976 434.8200000000
63081 503.7900000000
63208 504.1700000000
63221 504.3200000000
63293 506.2500000000
63554 508.9000000000
63850 518.0700000000
63884 535.3400000000
63931 558.9600000000
63988 578.4700000000
64052 579.4400000000
64192 581.0400000000
64254 597.3100000000
64349 602.3600000000
64384 614.0500000000
64472 639.1500000000
64557 645.2800000000
64718 645.8800000000
64931 651.6400000000
65013 660.8600000000
65381 662.8200000000
65497 669.4100000000
65907 673.6900000000
65995 676.6300000000
66094 700.8600000000
66258 712.0500000000
66311 737.2900000000
66530 749.2400000000
66865 761.8100000000
66870 768.3000000000
66957 772.0200000000
67155 772.9500000000
67195 818.5800000000
67282 831.3600000000
67308 863.7700000000
67320 884.2700000000
67335 889.7000000000
67443 893.8900000000
67524 900.4700000000
67561 906.2500000000
67857 909.6400000000
68263 915.9400000000
68415 917.4900000000
69234 926.6300000000
72158 938.8700000000
74501 947.4800000000
77920 958.5200000000
79603 959.1800000000
79804 967.7000000000
81245 967.7400000000
83888 969.6600000000
85028 975.0200000000
85877 978.3000000000
99831 978.7900000000
100000 869.8200000000
evaluations raw_y
1 -2034.0000000000
2 -1999.0000000000
3 -1946.0000000000
24 -1944.0000000000
31 -1934.0000000000
56 -1909.0000000000
68 -1892.0000000000
158 -1890.0000000000
167 -1889.0000000000
201 -1881.0000000000
206 -1849.0000000000
267 -1840.0000000000
282 -1833.0000000000
315 -1810.0000000000
385 -1793.0000000000
455 -1785.0000000000
469 -1782.0000000000
490 -1780.0000000000
510 -1779.0000000000
515 -1778.0000000000
522 -1769.0000000000
555 -1751.0000000000
611 -1742.0000000000
630 -1739.0000000000
655 -1732.0000000000
663 -1720.0000000000
716 -1699.0000000000
719 -1691.0000000000
772 -1684.0000000000
777 -1683.0000000000
855 -1674.0000000000
860 -1672.0000000000
871 -1664.0000000000
906 -1647.0000000000
944 -1645.0000000000
959 -1631.0000000000
1012 -1618.0000000000
1104 -1611.0000000000
1106 -1602.0000000000
1111 -1595.0000000000
1206 -1587.0000000000
1222 -1583.0000000000
1254 -1575.0000000000
1284 -1573.0000000000
1288 -1571.0000000000
1292 -1570.0000000000
1305 -1560.0000000000
1320 -1559.0000000000
1387 -1558.0000000000
1390 -1549.0000000000
1394 -1545.0000000000
1429 -1542.0000000000
1430 -1541.0000000000
1432 -1539.0000000000
1451 -1531.0000000000
1491 -1525.0000000000
1524 -1522.0000000000
1557 -1507.0000000000
1603 -1503.0000000000
1622 -1502.0000000000
1627 -1488.0000000000
1738 -1480.0000000000
1752 -1458.0000000000
1914 -1448.0000000000
1986 -1442.0000000000
2012 -1439.0000000000
2022 -1437.0000000000
2040 -1430.0000000000
2081 -1427.0000000000
2101 -1422.0000000000
2149 -1420.0000000000
2159 -1419.0000000000
2160 -1410.0000000000
2211 -1407.0000000000
2252 -1400.0000000000
2302 -1395.0000000000
2319 -1384.0000000000
2466 -1378.0000000000
2500 -1377.0000000000
2524 -1373.0000000000
2558 -1372.0000000000
2565 -1367.0000000000
2603 -1354.0000000000
2701 -1352.0000000000
2713 -1351.0000000000
2765 -1347.0000000000
2789 -1346.0000000000
2810 -1344.0000000000
2821 -1336.0000000000
2879 -1334.0000000000
2902 -1331.0000000000
2985 -1329.0000000000
3007 -1328.0000000000
3011 -1324.0000000000
3017 -1323.0000000000
3052 -1317.0000000000
3068 -1316.0000000000
3117 -1314.0000000000
3153 -1309.0000000000
3214 -1301.0000000000
3251 -1300.0000000000
3310 -1294.0000000000
3395 -1293.0000000000
3432 -1290.0000000000
3450 -1287.0000000000
3484 -1286.0000000000
3508 -1283.0000000000
3512 -1277.0000000000
3561 -1276.0000000000
3623 -1275.0000000000
3646 -1272.0000000000
3661 -1269.0000000000
3707 -1268.0000000000
3731 -1266.0000000000
3748 -1265.0000000000
3760 -1264.0000000000
3765 -1263.0000000000
3767 -1261.0000000000
3772 -1259.0000000000
3811 -1258.0000000000
3871 -1257.0000000000
3894 -1254.0000000000
3911 -1251.0000000000
3936 -1250.0000000000
3955 -1245.0000000000
4012 -1243.0000000000
4067 -1240.0000000000
4069 -1239.0000000000
4076 -1238.0000000000
4101 -1236.0000000000
4161 -1226.0000000000
4296 -1224.0000000000
4335 -1222.0000000000
4358 -1221.0000000000
4380 -1220.0000000000
4396 -1219.0000000000
4407 -1216.0000000000
4473 -1215.0000000000
4509 -1213.0000000000
4528 -1211.0000000000
4572 -1210.0000000000
4611 -1207.0000000000
4673 -1205.0000000000
4712 -1202.0000000000
4761 -1199.0000000000
4842 -1196.0000000000
4866 -1195.0000000000
4876 -1194.0000000000
4917 -1190.0000000000
4975 -1188.0000000000
5002 -1187.0000000000
5026 -1185.0000000000
5054 -1184.0000000000
5102 -1183.0000000000
5128 -1182.0000000000
5160 -1179.0000000000
5165 -1178.0000000000
5196 -1174.0000000000
5229 -1173.0000000000
5288 -1171.0000000000
5379 -1170.0000000000
5405 -1169.0000000000
5412 -1168.0000000000
5413 -1166.0000000000
5466 -1163.0000000000
5552 -1160.0000000000
5588 -1159.0000000000
5605 -1158.0000000000
5610 -1153.0000000000
5704 -1151.0000000000
5736 -1150.0000000000
5782 -1149.0000000000
5851 -1148.0000000000
5858 -1147.0000000000
5904 -1142.0000000000
5958 -1141.0000000000
6013 -1136.0000000000
6143 -1134.0000000000
6176 -1129.0000000000
6247 -1126.0000000000
6326 -1125.0000000000
6335 -1124.0000000000
6386 -1123.0000000000
6414 -1122.0000000000
6454 -1117.0000000000
6465 -1115.0000000000
6572 -1114.0000000000
6613 -1113.0000000000
6616 -1112.0000000000
6658 -1111.0000000000
6709 -1108.0000000000
6762 -1105.0000000000
6802 -1104.0000000000
6853 -1101.0000000000
6905 -1098.0000000000
6992 -1097.0000000000
7040 -1096.0000000000
7063 -1095.0000000000
7079 -1094.0000000000
7102 -1091.0000000000
7165 -1090.0000000000
7191 -1088.0000000000
7205 -1086.0000000000
7224 -1085.0000000000
7259 -1084.0000000000
7293 -1083.0000000000
7303 -1082.0000000000
7354 -1078.0000000000
7426 -1077.0000000000
7454 -1075.0000000000
7466 -1072.0000000000
7489 -1071.0000000000
7569 -1069.0000000000
7572 -1068.0000000000
7651 -1067.0000000000
7655 -1064.0000000000
7736 -1062.0000000000
7759 -1061.0000000000
7763 -1060.0000000000
7831 -1059.0000000000
7885 -1058.0000000000
7890 -1056.0000000000
7959 -1055.0000000000
7960 -1054.0000000000
7963 -1053.0000000000
8036 -1052.0000000000
8051 -1051.0000000000
8114 -1047.0000000000
8192 -1046.0000000000
8227 -1045.0000000000
8242 -1043.0000000000
8258 -1042.0000000000
8260 -1040.0000000000
8305 -1037.0000000000
8350 -1035.0000000000
8411 -1034.0000000000
8436 -1033.0000000000
8456 -1030.0000000000
8564 -1028.0000000000
8577 -1025.0000000000
8654 -1024.0000000000
8726 -1023.0000000000
8729 -1022.0000000000
8756 -1020.0000000000
8775 -1019.0000000000
8777 -1018.0000000000
8862 -1016.0000000000
8905 -1015.0000000000
8930 -1014.0000000000
8955 -1013.0000000000
9002 -1012.0000000000
9005 -1010.0000000000
9054 -1009.0000000000
9103 -1008.0000000000
9123 -1006.0000000000
9152 -1005.0000000000
9168 -1004.0000000000
9213 -1001.0000000000
9263 -1000.0000000000
9304 -999.0000000000
9305 -997.0000000000
9359 -996.0000000000
9423 -995.0000000000
9437 -994.0000000000
9450 -993.0000000000
9491 -991.0000000000
9507 -989.0000000000
9603 -986.0000000000
9652 -983.0000000000
9711 -982.0000000000
9719 -981.0000000000
9769 -978.0000000000
9867 -977.0000000000
9871 -976.0000000000
9921 -975.0000000000
9936 -974.0000000000
9967 -972.0000000000
10003 -966.0000000000
10173 -965.0000000000
10204 -963.0000000000
10247 -959.0000000000
10354 -958.0000000000
10413 -956.0000000000
10425 -953.0000000000
10473 -949.0000000000
10538 -947.0000000000
10637 -946.0000000000
10667 -945.0000000000
10685 -943.0000000000
10719 -942.0000000000
10769 -941.0000000000
10785 -939.0000000000
10806 -938.0000000000
10849 -935.0000000000
10853 -933.0000000000
11003 -932.0000000000
11010 -931.0000000000
11036 -925.0000000000
11113 -924.0000000000
11126 -921.0000000000
11161 -920.0000000000
11216 -919.0000000000
11255 -917.0000000000
11308 -916.0000000000
11357 -915.0000000000
11379 -914.0000000000
11382 -912.0000000000
11411 -911.0000000000
11451 -910.0000000000
11522 -908.0000000000
11551 -906.0000000000
11604 -904.0000000000
11647 -902.0000000000
11679 -900.0000000000
11713 -899.0000000000
11747 -895.0000000000
11852 -893.0000000000
11914 -892.0000000000
11939 -891.0000000000
11965 -890.0000000000
12023 -887.0000000000
12072 -884.0000000000
12131 -883.0000000000
12155 -880.0000000000
12257 -877.0000000000
12273 -876.0000000000
12305 -874.0000000000
12401 -872.0000000000
12407 -869.0000000000
12540 -868.0000000000
12542 -867.0000000000
12559 -864.0000000000
12606 -862.0000000000
12686 -861.0000000000
12715 -860.0000000000
12754 -859.0000000000
12769 -857.0000000000
12802 -856.0000000000
12883 -855.0000000000
12888 -853.0000000000
12927 -850.0000000000
13081 -848.0000000000
13143 -846.0000000000
13189 -845.0000000000
13204 -841.0000000000
13332 -840.0000000000
13425 -837.0000000000
13454 -834.0000000000
13552 -833.0000000000
13560 -831.0000000000
13603 -830.0000000000
13634 -829.0000000000
13721 -823.0000000000
13814 -822.0000000000
13883 -821.0000000000
13926 -818.0000000000
13957 -817.0000000000
14003 -816.0000000000
14042 -814.0000000000
14062 -813.0000000000
14069 -812.0000000000
14152 -808.0000000000
14250 -807.0000000000
14260 -805.0000000000
14335 -804.0000000000
14353 -801.0000000000
14449 -800.0000000000
14487 -799.0000000000
14504 -796.0000000000
14562 -794.0000000000
14563 -793.0000000000
14606 -792.0000000000
14661 -790.0000000000
14679 -789.0000000000
14706 -787.0000000000
14756 -784.0000000000
14879 -783.0000000000
14889 -782.0000000000
14903 -781.0000000000
14959 -780.0000000000
14960 -778.0000000000
15037 -776.0000000000
15057 -774.0000000000
15178 -773.0000000000
15187 -771.0000000000
15254 -770.0000000000
15268 -767.0000000000
15366 -764.0000000000
15464 -762.0000000000
15466 -760.0000000000
15557 -758.0000000000
15580 -756.0000000000
15652 -755.0000000000
15703 -754.0000000000
15754 -753.0000000000
15757 -751.0000000000
15844 -749.0000000000
15867 -746.0000000000
15924 -745.0000000000
15957 -743.0000000000
16022 -742.0000000000
16110 -741.0000000000
16111 -737.0000000000
16128 -736.0000000000
16252 -734.0000000000
16354 -732.0000000000
16437 -731.0000000000
16462 -728.0000000000
16510 -727.0000000000
16619 -726.0000000000
16625 -721.0000000000
16717 -717.0000000000
16813 -715.0000000000
16861 -714.0000000000
16888 -713.0000000000
16903 -712.0000000000
16907 -711.0000000000
16966 -710.0000000000
17000 -709.0000000000
17014 -708.0000000000
17075 -707.0000000000
17097 -703.0000000000
17181 -701.0000000000
17272 -699.0000000000
17369 -698.0000000000
17396 -695.0000000000
17403 -691.0000000000
17541 -690.0000000000
17609 -688.0000000000
17655 -687.0000000000
17662 -686.0000000000
17709 -683.0000000000
17779 -681.0000000000
17853 -680.0000000000
17911 -679.0000000000
17926 -678.0000000000
17932 -676.0000000000
18021 -674.0000000000
18059 -673.0000000000
18093 -672.0000000000
18172 -667.0000000000
18319 -666.0000000000
18321 -664.0000000000
18369 -663.0000000000
18452 -662.0000000000
18488 -661.0000000000
18552 -657.0000000000
18588 -656.0000000000
18667 -654.0000000000
18730 -653.0000000000
18768 -651.0000000000
18806 -650.0000000000
18826 -649.0000000000
18914 -644.0000000000
19048 -641.0000000000
19102 -640.0000000000
19110 -639.0000000000
19138 -638.0000000000
19219 -637.0000000000
19267 -636.0000000000
19310 -635.0000000000
19412 -633.0000000000
19428 -631.0000000000
19535 -630.0000000000
19569 -628.0000000000
19616 -627.0000000000
19671 -625.0000000000
19675 -624.0000000000
19753 -622.0000000000
19842 -620.0000000000
19874 -619.0000000000
19911 -618.0000000000
19963 -617.0000000000
19988 -616.0000000000
19992 -614.0000000000
20019 -613.0000000000
20103 -611.0000000000
20204 -610.0000000000
20265 -606.0000000000
20359 -603.0000000000
20466 -601.0000000000
20510 -598.0000000000
20565 -597.0000000000
20616 -596.0000000000
20702 -595.0000000000
20715 -594.0000000000
20729 -592.0000000000
20801 -591.0000000000
20818 -590.0000000000
20860 -589.0000000000
20906 -588.0000000000
20955 -587.0000000000
20963 -585.0000000000
20965 -583.0000000000
21094 -582.0000000000
21124 -579.0000000000
21242 -578.0000000000
21272 -577.0000000000
21301 -575.0000000000
21317 -573.0000000000
21410 -571.0000000000
21463 -570.0000000000
21469 -568.0000000000
21518 -567.0000000000
21614 -566.0000000000
21616 -564.0000000000
21697 -558.0000000000
21860 -554.0000000000
21921 -551.0000000000
21982 -550.0000000000
22005 -549.0000000000
22071 -546.0000000000
22171 -545.0000000000
22258 -543.0000000000
22330 -541.0000000000
22423 -539.0000000000
22495 -538.0000000000
22524 -537.0000000000
22554 -536.0000000000
22561 -535.0000000000
22598 -533.0000000000
22652 -531.0000000000
22705 -530.0000000000
22730 -528.0000000000
22779 -526.0000000000
22805 -524.0000000000
22952 -523.0000000000
23001 -521.0000000000
23096 -520.0000000000
23101 -518.0000000000
23183 -516.0000000000
23253 -512.0000000000
23343 -511.0000000000
23496 -510.0000000000
23540 -507.0000000000
23633 -505.0000000000
23679 -504.0000000000
23694 -502.0000000000
23828 -501.0000000000
23854 -500.0000000000
23873 -499.0000000000
23887 -495.0000000000
23991 -494.0000000000
24067 -493.0000000000
24118 -492.0000000000
24189 -491.0000000000
24200 -490.0000000000
24326 -487.0000000000
24377 -486.0000000000
24456 -485.0000000000
24526 -484.0000000000
24602 -482.0000000000
24605 -481.0000000000
24630 -479.0000000000
24779 -475.0000000000
24934 -474.0000000000
24955 -473.0000000000
24990 -472.0000000000
25008 -471.0000000000
25071 -470.0000000000
25150 -469.0000000000
25169 -468.0000000000
25229 -467.0000000000
25270 -466.0000000000
25273 -465.0000000000
25283 -464.0000000000
25290 -462.0000000000
25406 -461.0000000000
25462 -456.0000000000
25476 -455.0000000000
25652 -450.0000000000
25756 -449.0000000000
25867 -446.0000000000
25928 -443.0000000000
26027 -440.0000000000
26094 -438.0000000000
26124 -437.0000000000
26169 -436.0000000000
26228 -434.0000000000
26306 -433.0000000000
26416 -432.0000000000
26435 -431.0000000000
26454 -430.0000000000
26489 -428.0000000000
26529 -427.0000000000
26578 -426.0000000000
26653 -424.0000000000
26660 -423.0000000000
26727 -422.0000000000
26806 -421.0000000000
26849 -420.0000000000
26863 -419.0000000000
26950 -418.0000000000
27033 -417.0000000000
27054 -416.0000000000
27084 -414.0000000000
27219 -412.0000000000
27221 -411.0000000000
27365 -410.0000000000
27381 -409.0000000000
27439 -405.0000000000
27516 -404.0000000000
27563 -403.0000000000
27629 -402.0000000000
27657 -400.0000000000
27751 -399.0000000000
27758 -398.0000000000
27849 -397.0000000000
27866 -395.0000000000
27970 -394.0000000000
28009 -392.0000000000
28103 -391.0000000000
28159 -387.0000000000
28348 -385.0000000000
28461 -383.0000000000
28556 -382.0000000000
28626 -380.0000000000
28713 -377.0000000000
28734 -376.0000000000
28914 -374.0000000000
29007 -373.0000000000
29016 -372.0000000000
29056 -371.0000000000
29106 -369.0000000000
29211 -368.0000000000
29252 -366.0000000000
29289 -365.0000000000
29307 -362.0000000000
29468 -357.0000000000
29701 -355.0000000000
29805 -354.0000000000
29840 -353.0000000000
29859 -352.0000000000
29862 -351.0000000000
29894 -349.0000000000
29960 -347.0000000000
30076 -345.0000000000
30240 -344.0000000000
30265 -343.0000000000
30301 -342.0000000000
30325 -340.0000000000
30401 -339.0000000000
30494 -338.0000000000
30500 -337.0000000000
30514 -336.0000000000
30663 -333.0000000000
30715 -330.0000000000
30833 -326.0000000000
31056 -325.0000000000
31084 -323.0000000000
31185 -322.0000000000
31279 -320.0000000000
31368 -318.0000000000
31437 -317.0000000000
31482 -315.0000000000
31570 -313.0000000000
31611 -312.0000000000
31669 -311.0000000000
31766 -310.0000000000
31864 -309.0000000000
31905 -308.0000000000
31909 -306.0000000000
31945 -305.0000000000
31994 -300.0000000000
32074 -298.0000000000
32251 -297.0000000000
32254 -296.0000000000
32300 -295.0000000000
32397 -294.0000000000
32437 -293.0000000000
32478 -292.0000000000
32521 -291.0000000000
32524 -290.0000000000
32576 -289.0000000000
32608 -288.0000000000
32662 -286.0000000000
32699 -285.0000000000
32764 -284.0000000000
32876 -283.0000000000
32905 -282.0000000000
32967 -281.0000000000
33024 -280.0000000000
33039 -278.0000000000
33064 -277.0000000000
33167 -276.0000000000
33170 -273.0000000000
33290 -271.0000000000
33314 -269.0000000000
33457 -268.0000000000
33461 -267.0000000000
33517 -266.0000000000
33558 -265.0000000000
33567 -264.0000000000
33663 -262.0000000000
33794 -259.0000000000
33901 -257.0000000000
34056 -256.0000000000
34069 -255.0000000000
34184 -253.0000000000
34215 -250.0000000000
34336 -249.0000000000
34393 -248.0000000000
34481 -247.0000000000
34547 -246.0000000000
34564 -243.0000000000
34674 -242.0000000000
34723 -240.0000000000
34863 -239.0000000000
34895 -238.0000000000
34983 -237.0000000000
35058 -235.0000000000
35158 -233.0000000000
35300 -232.0000000000
35329 -231.0000000000
35355 -230.0000000000
35477 -229.0000000000
35496 -227.0000000000
35707 -226.0000000000
35716 -225.0000000000
35812 -223.0000000000
35978 -222.0000000000
36040 -221.0000000000
36094 -220.0000000000
36182 -219.0000000000
36249 -218.0000000000
36304 -216.0000000000
36419 -215.0000000000
36470 -212.0000000000
36510 -211.0000000000
36619 -210.0000000000
36682 -208.0000000000
36747 -207.0000000000
36833 -205.0000000000
36948 -203.0000000000
37017 -201.0000000000
37057 -200.0000000000
37164 -199.0000000000
37300 -198.0000000000
37344 -196.0000000000
37462 -194.0000000000
37775 -193.0000000000
37777 -192.0000000000
37831 -191.0000000000
37909 -188.0000000000
38040 -187.0000000000
38101 -186.0000000000
38148 -185.0000000000
38316 -183.0000000000
38322 -182.0000000000
38530 -181.0000000000
38574 -180.0000000000
38663 -179.0000000000
38713 -178.0000000000
38868 -177.0000000000
38931 -176.0000000000
38985 -174.0000000000
39070 -173.0000000000
39163 -171.0000000000
39265 -168.0000000000
39314 -167.0000000000
39546 -166.0000000000
39601 -165.0000000000
39708 -164.0000000000
39805 -163.0000000000
39846 -162.0000000000
39892 -161.0000000000
39965 -160.0000000000
40085 -159.0000000000
40124 -154.0000000000
40333 -153.0000000000
40408 -152.0000000000
40525 -150.0000000000
40571 -149.0000000000
40751 -148.0000000000
40804 -147.0000000000
40817 -146.0000000000
40969 -145.0000000000
41056 -144.0000000000
41107 -143.0000000000
41160 -142.0000000000
41303 -141.0000000000
41357 -140.0000000000
41412 -139.0000000000
41442 -138.0000000000
41532 -137.0000000000
41568 -136.0000000000
41607 -135.0000000000
41667 -133.0000000000
41852 -132.0000000000
41971 -131.0000000000
41994 -130.0000000000
42105 -128.0000000000
42113 -126.0000000000
42304 -125.0000000000
42418 -124.0000000000
42475 -123.0000000000
42620 -122.0000000000
42624 -121.0000000000
42703 -119.0000000000
42823 -118.0000000000
42875 -116.0000000000
42947 -115.0000000000
43103 -113.0000000000
43106 -112.0000000000
43208 -111.0000000000
43234 -109.0000000000
43464 -108.0000000000
43503 -106.0000000000
43648 -105.0000000000
43718 -104.0000000000
43803 -103.0000000000
43859 -102.0000000000
44069 -101.0000000000
44142 -100.0000000000
44203 -99.0000000000
44228 -98.0000000000
44304 -97.0000000000
44345 -96.0000000000
44438 -95.0000000000
44607 -94.0000000000
44641 -93.0000000000
44761 -92.0000000000
44777 -91.0000000000
44812 -90.0000000000
44946 -89.0000000000
45008 -88.0000000000
45138 -86.0000000000
45306 -85.0000000000
45311 -84.0000000000
45456 -82.0000000000
45665 -80.0000000000
45767 -79.0000000000
45872 -78.0000000000
45880 -77.0000000000
45961 -75.0000000000
46110 -74.0000000000
46149 -73.0000000000
46229 -72.0000000000
46302 -71.0000000000
46357 -70.0000000000
46470 -68.0000000000
46564 -67.0000000000
46776 -66.0000000000
46866 -65.0000000000
46892 -64.0000000000
47010 -63.0000000000
47139 -61.0000000000
47236 -60.0000000000
47345 -59.0000000000
47416 -58.0000000000
47554 -57.0000000000
47633 -56.0000000000
47692 -55.0000000000
47755 -54.0000000000
47859 -53.0000000000
47943 -51.0000000000
48249 -50.0000000000
48316 -49.0000000000
48474 -48.0000000000
48588 -46.0000000000
48835 -45.0000000000
48974 -44.0000000000
49106 -42.0000000000
49490 -40.0000000000
49966 -39.0000000000
50310 -38.0000000000
50432 -37.0000000000
50531 -36.0000000000
50701 -35.0000000000
50703 -33.0000000000
50915 -32.0000000000
51039 -30.0000000000
51255 -29.0000000000
51347 -28.0000000000
51472 -26.0000000000
51797 -25.0000000000
51867 -24.0000000000
52005 -23.0000000000
52116 -22.0000000000
52157 -21.0000000000
52224 -20.0000000000
52475 -19.0000000000
52652 -18.0000000000
52767 -17.0000000000
53119 -16.0000000000
53301 -15.0000000000
53421 -14.0000000000
53556 -13.0000000000
53770 -12.0000000000
53858 -11.0000000000
54097 -10.0000000000
54383 -8.0000000000
54633 -7.0000000000
54913 -6.0000000000
55135 -5.0000000000
55204 -3.0000000000
55749 -2.0000000000
56148 -1.0000000000
56516 129.2000000000
56550 136.8000000000
56579 146.7700000000
56769 146.8200000000
56842 159.9900000000
57014 161.4300000000
57172 228.3000000000
57434 229.0900000000
57555 229.4900000000
57559 233.3800000000
57573 249.7300000000
57633 269.8700000000
57684 274.4400000000
57912 306.9100000000
57963 349.9100000000
58056 359.2600000000
58153 365.8400000000
58364 370.7800000000
58381 382.4300000000
58407 389.1900000000
58649 389.5800000000
58672 400.9200000000
58676 403.8100000000
59124 419.1900000000
59437 424.7100000000
59836 429.2500000000
59902 437.4400000000
59936 444.8100000000
59971 447.0500000000
60234 447.0900000000
60267 452.5700000000
60372 475.5500000000
60515 482.5000000000
60524 483.1900000000
61221 504.6400000000
61564 508.4800000000
61629 516.3900000000
61856 517.5600000000
62014 521.8500000000
62129 532.4200000000
62392 539.8400000000
62893 544.8700000000
63677 553.2400000000
63807 558.5700000000
63890 643.2500000000
63944 674.1600000000
64054 685.2200000000
64235 753.2300000000
64408 754.8500000000
64501 761.6200000000
64514 770.7500000000
64545 770.9100000000
64623 776.5900000000
64764 780.4500000000
64834 782.0400000000
64887 786.5100000000
64977 792.8400000000
65083 798.3500000000
65101 842.3200000000
65187 859.5300000000
65199 861.7600000000
65218 874.0600000000
65263 880.0700000000
65309 901.9100000000
65372 903.4100000000
66163 909.4700000000
66224 911.5800000000
66915 913.5000000000
67422 914.1500000000
68333 917.0700000000
69499 921.2500000000
69844 923.4800000000
71545 926.5700000000
75020 927.8800000000
76216 930.9800000000
76272 931.1700000000
76326 939.9900000000
77314 948.2100000000
77565 949.5600000000
78400 964.3400000000
80539 965.6200000000
82687 967.7900000000
84161 978.2000000000
92942 984.0100000000
98444 990.1400000000
100000 804.2400000000
evaluations raw_y
1 -1961.0000000000
17 -1956.0000000000
23 -1913.0000000000
123 -1902.0000000000
153 -1891.0000000000
181 -1878.0000000000
207 -1877.0000000000
262 -1872.0000000000
267 -1858.0000000000
302 -1842.0000000000
303 -1840.0000000000
335 -1833.0000000000
343 -1830.0000000000
379 -1828.0000000000
386 -1812.0000000000
408 -1805.0000000000
413 -1801.0000000000
454 -1792.0000000000
502 -1768.0000000000
560 -1761.0000000000
604 -1745.0000000000
634 -1735.0000000000
677 -1731.0000000000
709 -1730.0000000000
753 -1717.0000000000
767 -1701.0000000000
807 -1692.0000000000
880 -1683.0000000000
909 -1671.0000000000
915 -1666.0000000000
961 -1665.0000000000
1003 -1664.0000000000
1010 -1659.0000000000
1029 -1641.0000000000
1071 -1638.0000000000
1081 -1636.0000000000
1101 -1623.0000000000
1171 -1619.0000000000
1172 -1611.0000000000
1243 -1599.0000000000
1304 -1592.0000000000
1317 -1586.0000000000
1356 -1580.0000000000
1375 -1578.0000000000
1387 -1573.0000000000
1407 -1564.0000000000
1474 -1558.0000000000
1502 -1544.0000000000
1543 -1539.0000000000
1589 -1538.0000000000
1590 -1534.0000000000
1622 -1525.0000000000
1655 -1516.0000000000
1734 -1512.0000000000
1756 -1506.0000000000
1815 -1504.0000000000
1817 -1498.0000000000
1887 -1490.0000000000
1901 -1485.0000000000
1941 -1482.0000000000
1969 -1480.0000000000
1970 -1474.0000000000
2006 -1472.0000000000
2055 -1469.0000000000
2061 -1465.0000000000
2095 -1461.0000000000
2106 -1455.0000000000
2115 -1454.0000000000
2182 -1453.0000000000
2201 -1446.0000000000
2250 -1439.0000000000
2317 -1432.0000000000
2366 -1424.0000000000
2406 -1421.0000000000
2455 -1420.0000000000
2468 -1416.0000000000
2475 -1414.0000000000
2501 -1406.0000000000
2529 -1398.0000000000
2602 -1397.0000000000
2606 -1396.0000000000
2631 -1395.0000000000
2657 -1394.0000000000
2681 -1390.0000000000
2701 -1384.0000000000
2727 -1381.0000000000
2774 -1377.0000000000
2820 -1372.0000000000
2829 -1371.0000000000
2858 -1370.0000000000
2874 -1365.0000000000
2877 -1361.0000000000
2952 -1359.0000000000
2967 -1358.0000000000
3002 -1355.0000000000
3013 -1346.0000000000
3055 -1345.0000000000
3123 -1332.0000000000
3205 -1330.0000000000
3209 -1329.0000000000
3219 -1327.0000000000
3237 -1326.0000000000
3276 -1323.0000000000
3306 -1322.0000000000
3308 -1318.0000000000
3364 -1315.0000000000
3384 -1313.0000000000
3420 -1310.0000000000
3439 -1307.0000000000
3480 -1306.0000000000
3524 -1304.0000000000
3555 -1297.0000000000
3599 -1291.0000000000
3676 -1289.0000000000
3691 -1286.0000000000
3735 -1283.0000000000
3737 -1282.0000000000
3756 -1281.0000000000
3793 -1280.0000000000
3810 -1279.0000000000
3826 -1278.0000000000
3827 -1277.0000000000
3851 -1274.0000000000
3865 -1273.0000000000
3901 -1270.0000000000
4003 -1266.0000000000
4089 -1264.0000000000
4103 -1263.0000000000
4104 -1257.0000000000
4173 -1253.0000000000
4212 -1250.0000000000
4220 -1247.0000000000
4256 -1246.0000000000
4304 -1244.0000000000
4376 -1243.0000000000
4389 -1242.0000000000
4404 -1241.0000000000
4418 -1240.0000000000
4425 -1236.0000000000
4502 -1235.0000000000
4508 -1233.0000000000
4553 -1232.0000000000
4560 -1227.0000000000
4668 -1224.0000000000
4702 -1220.0000000000
4794 -1218.0000000000
4799 -1216.0000000000
4818 -1215.0000000000
4845 -1211.0000000000
4882 -1210.0000000000
4911 -1209.0000000000
4924 -1206.0000000000
4963 -1205.0000000000
5059 -1199.0000000000
5133 -1197.0000000000
5183 -1195.0000000000
5204 -1193.0000000000
5246 -1192.0000000000
5255 -1190.0000000000
5309 -1189.0000000000
5351 -1185.0000000000
5404 -1184.0000000000
5416 -1183.0000000000
5438 -1182.0000000000
5494 -1181.0000000000
5502 -1179.0000000000
5510 -1174.0000000000
5574 -1173.0000000000
5619 -1170.0000000000
5653 -1168.0000000000
5672 -1167.0000000000
5771 -1166.0000000000
5782 -1165.0000000000
5806 -1164.0000000000
5821 -1162.0000000000
5853 -1161.0000000000
5872 -1160.0000000000
5903 -1156.0000000000
5990 -1155.0000000000
6003 -1153.0000000000
6014 -1150.0000000000
6068 -1147.0000000000
6156 -1143.0000000000
6206 -1138.0000000000
6332 -1137.0000000000
6357 -1133.0000000000
6418 -1132.0000000000
6425 -1131.0000000000
6482 -1130.0000000000
6509 -1127.0000000000
6560 -1124.0000000000
6607 -1123.0000000000
6649 -1121.0000000000
6698 -1120.0000000000
6727 -1119.0000000000
6728 -1118.0000000000
6741 -1116.0000000000
6754 -1114.0000000000
6781 -1113.0000000000
6816 -1111.0000000000
6866 -1106.0000000000
6955 -1103.0000000000
6968 -1102.0000000000
7003 -1101.0000000000
7041 -1100.0000000000
7057 -1099.0000000000
7087 -1098.0000000000
7131 -1096.0000000000
7160 -1095.0000000000
7179 -1094.0000000000
7215 -1093.0000000000
7226 -1091.0000000000
7261 -1088.0000000000
7289 -1087.0000000000
7357 -1086.0000000000
7371 -1082.0000000000
7457 -1079.0000000000
7554 -1078.0000000000
7556 -1077.0000000000
7580 -1076.0000000000
7624 -1075.0000000000
7645 -1073.0000000000
7671 -1072.0000000000
7687 -1069.0000000000
7754 -1068.0000000000
7780 -1067.0000000000
7816 -1066.0000000000
7818 -1065.0000000000
7890 -1061.0000000000
7905 -1060.0000000000
7953 -1058.0000000000
8042 -1057.0000000000
8091 -1053.0000000000
8195 -1048.0000000000
8272 -1045.0000000000
8356 -1044.0000000000
8360 -1043.0000000000
8410 -1040.0000000000
8445 -1039.0000000000
8459 -1038.0000000000
8462 -1037.0000000000
8464 -1036.0000000000
8537 -1033.0000000000
8566 -1029.0000000000
8658 -1028.0000000000
8708 -1027.0000000000
8771 -1025.0000000000
8780 -1023.0000000000
8811 -1022.0000000000
8876 -1021.0000000000
8901 -1019.0000000000
8978 -1018.0000000000
9002 -1015.0000000000
9050 -1014.0000000000
9083 -1009.0000000000
9152 -1008.0000000000
9262 -1007.0000000000
9267 -1006.0000000000
9292 -1004.0000000000
9325 -1002.0000000000
9410 -1001.0000000000
9467 -1000.0000000000
9476 -999.0000000000
9508 -996.0000000000
9606 -992.0000000000
9670 -990.0000000000
9725 -986.0000000000
9832 -985.0000000000
9849 -984.0000000000
9915 -981.0000000000
9969 -980.0000000000
9976 -978.0000000000
10026 -977.0000000000
10060 -971.0000000000
10134 -968.0000000000
10304 -966.0000000000
10354 -964.0000000000
10363 -960.0000000000
10436 -959.0000000000
10462 -956.0000000000
10539 -955.0000000000
10616 -953.0000000000
10630 -950.0000000000
10694 -949.0000000000
10712 -948.0000000000
10758 -947.0000000000
10767 -946.0000000000
10778 -945.0000000000
10865 -943.0000000000
10904 -942.0000000000
10956 -940.0000000000
10975 -939.0000000000
11063 -937.0000000000
11086 -934.0000000000
11198 -933.0000000000
11211 -932.0000000000
11212 -931.0000000000
11306 -927.0000000000
11356 -925.0000000000
11439 -924.0000000000
11460 -923.0000000000
11486 -922.0000000000
11510 -916.0000000000
11641 -915.0000000000
11662 -913.0000000000
11705 -910.0000000000
11802 -908.0000000000
11830 -906.0000000000
11866 -905.0000000000
11914 -904.0000000000
11928 -900.0000000000
11967 -899.0000000000
12055 -897.0000000000
12061 -896.0000000000
12083 -893.0000000000
12195 -892.0000000000
12212 -891.0000000000
12260 -890.0000000000
12266 -889.0000000000
12307 -886.0000000000
12399 -885.0000000000
12410 -884.0000000000
12422 -882.0000000000
12473 -881.0000000000
12501 -879.0000000000
12519 -878.0000000000
12555 -877.0000000000
12575 -873.0000000000
12682 -872.0000000000
12710 -869.0000000000
12802 -866.0000000000
12854 -864.0000000000
12915 -863.0000000000
12930 -861.0000000000
13007 -859.0000000000
13014 -858.0000000000
13068 -857.0000000000
13071 -855.0000000000
13075 -853.0000000000
13152 -852.0000000000
13216 -851.0000000000
13245 -849.0000000000
13262 -847.0000000000
13409 -846.0000000000
13433 -845.0000000000
13438 -844.0000000000
13493 -842.0000000000
13562 -841.0000000000
13602 -840.0000000000
13626 -839.0000000000
13703 -838.0000000000
13724 -835.0000000000
13731 -834.0000000000
13804 -832.0000000000
13813 -830.0000000000
13909 -828.0000000000
13954 -827.0000000000
13988 -825.0000000000
14064 -822.0000000000
14184 -820.0000000000
14190 -818.0000000000
14281 -817.0000000000
14282 -816.0000000000
14327 -814.0000000000
14382 -813.0000000000
14422 -811.0000000000
14476 -810.0000000000
14507 -806.0000000000
14565 -804.0000000000
14622 -801.0000000000
14810 -797.0000000000
14864 -795.0000000000
14943 -793.0000000000
14967 -792.0000000000
14975 -791.0000000000
15001 -790.0000000000
15005 -789.0000000000
15025 -787.0000000000
15132 -784.0000000000
15220 -783.0000000000
15266 -781.0000000000
15293 -780.0000000000
15307 -777.0000000000
15374 -776.0000000000
15425 -775.0000000000
15444 -773.0000000000
15554 -769.0000000000
15652 -768.0000000000
15664 -765.0000000000
15705 -764.0000000000
15752 -761.0000000000
15868 -758.0000000000
15980 -757.0000000000
16020 -755.0000000000
16053 -754.0000000000
16074 -753.0000000000
16116 -749.0000000000
16164 -748.0000000000
16265 -745.0000000000
16347 -744.0000000000
16397 -743.0000000000
16418 -741.0000000000
16472 -740.0000000000
16521 -738.0000000000
16529 -737.0000000000
16609 -736.0000000000
16662 -734.0000000000
16708 -729.0000000000
16863 -727.0000000000
16955 -718.0000000000
17107 -717.0000000000
17212 -715.0000000000
17214 -714.0000000000
17273 -713.0000000000
17315 -712.0000000000
17368 -711.0000000000
17400 -710.0000000000
17405 -708.0000000000
17452 -705.0000000000
17554 -704.0000000000
17595 -703.0000000000
17614 -700.0000000000
17678 -698.0000000000
17727 -695.0000000000
17840 -694.0000000000
17870 -692.0000000000
17919 -691.0000000000
17924 -689.0000000000
18033 -687.0000000000
18101 -685.0000000000
18133 -683.0000000000
18229 -680.0000000000
18362 -677.0000000000
18443 -675.0000000000
18481 -674.0000000000
18518 -672.0000000000
18564 -671.0000000000
18637 -670.0000000000
18651 -666.0000000000
18715 -663.0000000000
18773 -662.0000000000
18821 -659.0000000000
18921 -658.0000000000
18996 -657.0000000000
19010 -656.0000000000
19102 -654.0000000000
19162 -653.0000000000
19205 -652.0000000000
19210 -651.0000000000
19213 -650.0000000000
19305 -649.0000000000
19316 -647.0000000000
19353 -646.0000000000
19369 -645.0000000000
19389 -644.0000000000
19449 -643.0000000000
19493 -642.0000000000
19505 -641.0000000000
19516 -639.0000000000
19524 -638.0000000000
19565 -637.0000000000
19638 -636.0000000000
19720 -635.0000000000
19783 -634.0000000000
19799 -633.0000000000
19812 -632.0000000000
19818 -631.0000000000
19823 -628.0000000000
19905 -627.0000000000
19928 -626.0000000000
20003 -625.0000000000
20042 -624.0000000000
20058 -623.0000000000
20060 -622.0000000000
20117 -621.0000000000
20158 -619.0000000000
20172 -616.0000000000
20249 -615.0000000000
20332 -614.0000000000
20353 -612.0000000000
20401 -610.0000000000
20407 -608.0000000000
20426 -607.0000000000
20511 -605.0000000000
20581 -603.0000000000
20630 -601.0000000000
20654 -599.0000000000
20759 -598.0000000000
20811 -597.0000000000
20827 -596.0000000000
20852 -595.0000000000
20871 -594.0000000000
20908 -591.0000000000
20989 -590.0000000000
21020 -589.0000000000
21067 -586.0000000000
21164 -585.0000000000
21186 -584.0000000000
21202 -581.0000000000
21230 -580.0000000000
21321 -579.0000000000
21327 -578.0000000000
21405 -577.0000000000
21434 -576.0000000000
21444 -575.0000000000
21470 -574.0000000000
21548 -573.0000000000
21551 -570.0000000000
21635 -568.0000000000
21696 -564.0000000000
21811 -563.0000000000
21852 -562.0000000000
21886 -561.0000000000
21941 -560.0000000000
21957 -559.0000000000
22010 -557.0000000000
22061 -556.0000000000
22083 -552.0000000000
22155 -550.0000000000
22205 -549.0000000000
22271 -548.0000000000
22292 -546.0000000000
22315 -545.0000000000
22408 -544.0000000000
22410 -542.0000000000
22471 -539.0000000000
22505 -537.0000000000
22531 -536.0000000000
22551 -535.0000000000
22570 -534.0000000000
22663 -531.0000000000
22792 -528.0000000000
22813 -527.0000000000
22877 -524.0000000000
22961 -522.0000000000
23040 -521.0000000000
23123 -518.0000000000
23202 -517.0000000000
23242 -516.0000000000
23249 -513.0000000000
23331 -511.0000000000
23362 -510.0000000000
23503 -506.0000000000
23513 -504.0000000000
23614 -503.0000000000
23625 -501.0000000000
23677 -500.0000000000
23744 -499.0000000000
23805 -496.0000000000
23895 -493.0000000000
23905 -492.0000000000
23985 -491.0000000000
24010 -490.0000000000
24018 -488.0000000000
24086 -487.0000000000
24151 -485.0000000000
24207 -483.0000000000
24229 -482.0000000000
24283 -481.0000000000
24362 -479.0000000000
24376 -478.0000000000
24505 -476.0000000000
24553 -474.0000000000
24657 -472.0000000000
24726 -471.0000000000
24764 -470.0000000000
24832 -469.0000000000
24889 -467.0000000000
24927 -465.0000000000
24963 -464.0000000000
25013 -463.0000000000
25024 -461.0000000000
25115 -460.0000000000
25204 -456.0000000000
25260 -454.0000000000
25381 -451.0000000000
25553 -450.0000000000
25575 -449.0000000000
25592 -448.0000000000
25627 -447.0000000000
25720 -446.0000000000
25757 -443.0000000000
25803 -442.0000000000
25885 -440.0000000000
25967 -439.0000000000
26007 -437.0000000000
26076 -436.0000000000
26203 -435.0000000000
26222 -432.0000000000
26335 -429.0000000000
26503 -428.0000000000
26524 -427.0000000000
26679 -425.0000000000
26731 -424.0000000000
26748 -423.0000000000
26797 -422.0000000000
26836 -421.0000000000
26868 -420.0000000000
26976 -419.0000000000
27004 -416.0000000000
27089 -414.0000000000
27161 -413.0000000000
27290 -412.0000000000
27314 -411.0000000000
27347 -407.0000000000
27507 -404.0000000000
27663 -403.0000000000
27688 -402.0000000000
27725 -401.0000000000
27808 -400.0000000000
27903 -398.0000000000
28004 -396.0000000000
28105 -393.0000000000
28251 -392.0000000000
28284 -390.0000000000
28366 -388.0000000000
28484 -384.0000000000
28543 -383.0000000000
28646 -382.0000000000
28734 -379.0000000000
28855 -378.0000000000
28924 -376.0000000000
28945 -375.0000000000
29027 -374.0000000000
29068 -373.0000000000
29180 -372.0000000000
29216 -371.0000000000
29283 -369.0000000000
29369 -368.0000000000
29402 -364.0000000000
29493 -362.0000000000
29608 -361.0000000000
29616 -360.0000000000
29675 -358.0000000000
29685 -357.0000000000
29771 -354.0000000000
29879 -352.0000000000
30019 -351.0000000000
30026 -349.0000000000
30170 -348.0000000000
30192 -347.0000000000
30215 -346.0000000000
30268 -345.0000000000
30269 -344.0000000000
30311 -343.0000000000
30373 -342.0000000000
30452 -340.0000000000
30544 -337.0000000000
30593 -336.0000000000
30732 -335.0000000000
30773 -333.0000000000
30800 -332.0000000000
30823 -330.0000000000
30875 -329.0000000000
30965 -328.0000000000
30982 -327.0000000000
31012 -326.0000000000
31030 -323.0000000000
31245 -321.0000000000
31282 -319.0000000000
31315 -317.0000000000
31406 -316.0000000000
31494 -315.0000000000
31525 -313.0000000000
31620 -312.0000000000
31677 -310.0000000000
31730 -309.0000000000
31769 -308.0000000000
31860 -307.0000000000
31904 -306.0000000000
31914 -305.0000000000
31999 -304.0000000000
32037 -303.0000000000
32113 -302.0000000000
32127 -300.0000000000
32242 -298.0000000000
32314 -297.0000000000
32318 -296.0000000000
32337 -294.0000000000
32379 -291.0000000000
32573 -290.0000000000
32593 -288.0000000000
32669 -287.0000000000
32756 -285.0000000000
32889 -284.0000000000
32926 -281.0000000000
33073 -278.0000000000
33159 -277.0000000000
33326 -275.0000000000
33403 -274.0000000000
33455 -272.0000000000
33524 -271.0000000000
33546 -270.0000000000
33676 -269.0000000000
33680 -268.0000000000
33775 -267.0000000000
33788 -266.0000000000
33878 -265.0000000000
33881 -264.0000000000
33924 -263.0000000000
34006 -262.0000000000
34027 -261.0000000000
34102 -260.0000000000
34158 -259.0000000000
34210 -258.0000000000
34252 -257.0000000000
34297 -256.0000000000
34310 -254.0000000000
34417 -253.0000000000
34455 -252.0000000000
34459 -251.0000000000
34631 -250.0000000000
34685 -249.0000000000
34790 -246.0000000000
34957 -245.0000000000
35048 -244.0000000000
35057 -243.0000000000
35142 -242.0000000000
35201 -241.0000000000
35273 -240.0000000000
35287 -239.0000000000
35358 -238.0000000000
35376 -236.0000000000
35451 -234.0000000000
35662 -233.0000000000
35679 -232.0000000000
35738 -230.0000000000
35841 -228.0000000000
36024 -226.0000000000
36057 -225.0000000000
36159 -224.0000000000
36282 -223.0000000000
36311 -222.0000000000
36414 -221.0000000000
36455 -220.0000000000
36468 -219.0000000000
36472 -218.0000000000
36652 -217.0000000000
36745 -214.0000000000
36925 -212.0000000000
37079 -211.0000000000
37103 -210.0000000000
37110 -209.0000000000
37183 -208.0000000000
37218 -207.0000000000
37319 -206.0000000000
37333 -204.0000000000
37363 -203.0000000000
37526 -202.0000000000
37615 -201.0000000000
37649 -200.0000000000
37702 -199.0000000000
37806 -197.0000000000
37882 -196.0000000000
38007 -195.0000000000
38011 -194.0000000000
38058 -193.0000000000
38107 -192.0000000000
38112 -191.0000000000
38218 -190.0000000000
38370 -189.0000000000
38428 -188.0000000000
38483 -187.0000000000
38511 -185.0000000000
38563 -184.0000000000
38655 -183.0000000000
38691 -182.0000000000
38767 -181.0000000000
38811 -180.0000000000
38822 -179.0000000000
38935 -178.0000000000
38974 -176.0000000000
39015 -175.0000000000
39155 -173.0000000000
39285 -172.0000000000
39348 -171.0000000000
39357 -170.0000000000
39369 -168.0000000000
39437 -167.0000000000
39504 -166.0000000000
39571 -165.0000000000
39665 -164.0000000000
39677 -163.0000000000
39821 -162.0000000000
39876 -161.0000000000
39893 -159.0000000000
39975 -156.0000000000
40098 -155.0000000000
40127 -154.0000000000
40185 -153.0000000000
40227 -152.0000000000
40271 -150.0000000000
40412 -149.0000000000
40443 -148.0000000000
40461 -145.0000000000
40727 -144.0000000000
40871 -143.0000000000
40891 -142.0000000000
41040 -141.0000000000
41081 -140.0000000000
41101 -139.0000000000
41112 -138.0000000000
41242 -137.0000000000
41277 -135.0000000000
41312 -134.0000000000
41510 -133.0000000000
41517 -132.0000000000
41668 -131.0000000000
41753 -130.0000000000
41756 -128.0000000000
41906 -127.0000000000
42003 -125.0000000000
42151 -124.0000000000
42238 -123.0000000000
42279 -122.0000000000
42529 -120.0000000000
42702 -119.0000000000
42753 -118.0000000000
42781 -117.0000000000
42800 -116.0000000000
42923 -115.0000000000
42952 -114.0000000000
43052 -111.0000000000
43136 -110.0000000000
43235 -109.0000000000
43308 -107.0000000000
43401 -106.0000000000
43407 -105.0000000000
43488 -104.0000000000
43498 -103.0000000000
43631 -102.0000000000
43695 -101.0000000000
43769 -100.0000000000
43806 -99.0000000000
43958 -98.0000000000
43972 -96.0000000000
44055 -95.0000000000
44067 -94.0000000000
44133 -93.0000000000
44273 -91.0000000000
44473 -90.0000000000
44555 -89.0000000000
44678 -88.0000000000
44776 -87.0000000000
44866 -86.0000000000
45013 -85.0000000000
45141 -83.0000000000
45304 -82.0000000000
45342 -78.0000000000
45558 -76.0000000000
45682 -75.0000000000
45786 -74.0000000000
46013 -73.0000000000
46076 -72.0000000000
46126 -71.0000000000
46222 -70.0000000000
46475 -69.0000000000
46573 -68.0000000000
46776 -67.0000000000
46872 -66.0000000000
46882 -65.0000000000
46958 -64.0000000000
47136 -62.0000000000
47302 -59.0000000000
47453 -58.0000000000
47632 -57.0000000000
47713 -56.0000000000
47803 -55.0000000000
47885 -54.0000000000
47942 -53.0000000000
48001 -52.0000000000
48188 -51.0000000000
48329 -50.0000000000
48396 -49.0000000000
48431 -48.0000000000
48457 -47.0000000000
48562 -46.0000000000
48671 -45.0000000000
48920 -44.0000000000
49034 -43.0000000000
49271 -42.0000000000
49387 -41.0000000000
49603 -40.0000000000
49618 -39.0000000000
49810 -38.0000000000
49892 -37.0000000000
50002 -36.0000000000
50089 -34.0000000000
50283 -32.0000000000
50401 -31.0000000000
50574 -30.0000000000
50693 -29.0000000000
50704 -28.0000000000
50925 -27.0000000000
51070 -26.0000000000
51196 -25.0000000000
51284 -24.0000000000
51456 -23.0000000000
51915 -22.0000000000
52231 -21.0000000000
52246 -20.0000000000
52324 -19.0000000000
52518 -18.0000000000
52590 -17.0000000000
52845 -16.0000000000
53097 -15.0000000000
53453 -14.0000000000
53553 -12.0000000000
53921 -11.0000000000
53987 -9.0000000000
54220 -8.0000000000
54292 -7.0000000000
54601 -6.0000000000
54745 -5.0000000000
55523 -3.0000000000
56037 -2.0000000000
56370 -1.0000000000
56700 167.0500000000
56779 167.0900000000
56795 171.5800000000
57122 172.5000000000
57198 185.6100000000
57253 185.6200000000
57308 320.9600000000
57353 322.6200000000
57465 337.2600000000
57766 342.6900000000
57825 345.2000000000
57943 356.9600000000
57962 361.2000000000
57991 365.3000000000
58137 368.4100000000
58149 373.0500000000
58198 375.7400000000
58256 381.8700000000
58355 385.5500000000
58410 387.2500000000
58421 387.3100000000
58708 394.4400000000
58744 427.2600000000
58788 448.2500000000
58864 450.2700000000
58990 452.4100000000
58994 465.2900000000
59007 479.8000000000
59019 485.5700000000
59053 493.8000000000
59072 569.3400000000
59175 582.8000000000
59215 585.5200000000
59504 710.4400000000
59854 714.6900000000
59962 727.7500000000
60042 740.8000000000
60372 747.8800000000
60414 753.2300000000
60459 793.6400000000
60566 798.5800000000
60661 830.2700000000
61340 841.9300000000
61416 842.0700000000
61417 842.3200000000
61425 853.8700000000
61442 859.6200000000
61472 862.8100000000
61848 865.5100000000
62028 866.4400000000
62280 872.8200000000
63010 875.7300000000
63522 878.0500000000
64549 878.8800000000
65024 884.3500000000
66460 884.9000000000
68375 887.2500000000
68500 900.3400000000
68806 901.0900000000
68939 904.1000000000
69162 905.8500000000
69364 910.1800000000
69544 911.3600000000
69546 913.1700000000
70077 920.8400000000
71262 922.1700000000
76614 924.4000000000
79976 933.2800000000
80152 940.9300000000
80465 954.8200000000
88009 957.4800000000
90529 962.8000000000
91936 965.8800000000
92454 971.6000000000
93204 972.3800000000
94058 974.8100000000
94254 977.1200000000
94801 981.5000000000
95780 988.3900000000
95787 994.1600000000
96067 995.2000000000
98782 997.4300000000
100000 907.9000000000
evaluations raw_y
1 -2037.0000000000
2 -2031.0000000000
3 -2016.0000000000
4 -1958.0000000000
6 -1948.0000000000
15 -1931.0000000000
56 -1924.0000000000
61 -1912.0000000000
123 -1881.0000000000
153 -1880.0000000000
205 -1851.0000000000
299 -1845.0000000000
321 -1805.0000000000
409 -1800.0000000000
423 -1799.0000000000
436 -1796.0000000000
455 -1786.0000000000
474 -1779.0000000000
506 -1764.0000000000
580 -1745.0000000000
656 -1742.0000000000
678 -1735.0000000000
689 -1728.0000000000
703 -1719.0000000000
705 -1708.0000000000
794 -1706.0000000000
801 -1690.0000000000
851 -1682.0000000000
897 -1679.0000000000
924 -1670.0000000000
963 -1659.0000000000
978 -1657.0000000000
1015 -1655.0000000000
1019 -1649.0000000000
1055 -1648.0000000000
1067 -1644.0000000000
1085 -1630.0000000000
1104 -1625.0000000000
1169 -1615.0000000000
1212 -1609.0000000000
1253 -1594.0000000000
1310 -1587.0000000000
1329 -1584.0000000000
1382 -1577.0000000000
1391 -1573.0000000000
1400 -1571.0000000000
1438 -1569.0000000000
1442 -1567.0000000000
1455 -1563.0000000000
1484 -1561.0000000000
1493 -1558.0000000000
1515 -1545.0000000000
1538 -1543.0000000000
1559 -1539.0000000000
1603 -1534.0000000000
1626 -1533.0000000000
1660 -1531.0000000000
1664 -1520.0000000000
1692 -1516.0000000000
1706 -1515.0000000000
1729 -1500.0000000000
1773 -1492.0000000000
1801 -1489.0000000000
1857 -1488.0000000000
1867 -1485.0000000000
1876 -1482.0000000000
1883 -1474.0000000000
1982 -1473.0000000000
2004 -1466.0000000000
2016 -1461.0000000000
2059 -1456.0000000000
2102 -1450.0000000000
2115 -1446.0000000000
2196 -1443.0000000000
2279 -1442.0000000000
2291 -1438.0000000000
2292 -1436.0000000000
2296 -1435.0000000000
2307 -1433.0000000000
2328 -1424.0000000000
2402 -1416.0000000000
2451 -1414.0000000000
2492 -1411.0000000000
2519 -1402.0000000000
2542 -1400.0000000000
2607 -1398.0000000000
2629 -1395.0000000000
2653 -1394.0000000000
2662 -1391.0000000000
2685 -1388.0000000000
2703 -1384.0000000000
2736 -1379.0000000000
2802 -1377.0000000000
2820 -1375.0000000000
2848 -1371.0000000000
2891 -1368.0000000000
2911 -1367.0000000000
2916 -1366.0000000000
2922 -1361.0000000000
3004 -1357.0000000000
3009 -1353.0000000000
3065 -1352.0000000000
3076 -1349.0000000000
3108 -1347.0000000000
3169 -1335.0000000000
3212 -1331.0000000000
3269 -1330.0000000000
3307 -1329.0000000000
3329 -1328.0000000000
3362 -1327.0000000000
3419 -1325.0000000000
3457 -1322.0000000000
3460 -1318.0000000000
3507 -1317.0000000000
3520 -1316.0000000000
3584 -1311.0000000000
3621 -1309.0000000000
3661 -1308.0000000000
3672 -1306.0000000000
3687 -1302.0000000000
3705 -1297.0000000000
3792 -1296.0000000000
3811 -1291.0000000000
3862 -1290.0000000000
3869 -1289.0000000000
3909 -1287.0000000000
3986 -1284.0000000000
4036 -1280.0000000000
4044 -1279.0000000000
4054 -1278.0000000000
4088 -1274.0000000000
4161 -1273.0000000000
4194 -1269.0000000000
4245 -1265.0000000000
4323 -1264.0000000000
4325 -1263.0000000000
4357 -1260.0000000000
4404 -1258.0000000000
4405 -1256.0000000000
4491 -1254.0000000000
4547 -1251.0000000000
4570 -1250.0000000000
4603 -1245.0000000000
4688 -1243.0000000000
4792 -1241.0000000000
4832 -1238.0000000000
4883 -1237.0000000000
4905 -1233.0000000000
4990 -1232.0000000000
5004 -1230.0000000000
5059 -1229.0000000000
5068 -1228.0000000000
5125 -1227.0000000000
5131 -1225.0000000000
5134 -1224.0000000000
5187 -1223.0000000000
5224 -1217.0000000000
5372 -1213.0000000000
5494 -1211.0000000000
5524 -1209.0000000000
5553 -1204.0000000000
5584 -1203.0000000000
5628 -1201.0000000000
5720 -1200.0000000000
5727 -1199.0000000000
5741 -1197.0000000000
5793 -1196.0000000000
5849 -1193.0000000000
5857 -1190.0000000000
5910 -1189.0000000000
6001 -1187.0000000000
6009 -1186.0000000000
6050 -1185.0000000000
6065 -1184.0000000000
6071 -1183.0000000000
6102 -1180.0000000000
6151 -1174.0000000000
6215 -1172.0000000000
6322 -1168.0000000000
6371 -1167.0000000000
6424 -1166.0000000000
6442 -1164.0000000000
6473 -1163.0000000000
6500 -1161.0000000000
6519 -1159.0000000000
6567 -1158.0000000000
6656 -1156.0000000000
6720 -1154.0000000000
6769 -1153.0000000000
6802 -1152.0000000000
6813 -1150.0000000000
6867 -1149.0000000000
6895 -1148.0000000000
6933 -1146.0000000000
6953 -1144.0000000000
6972 -1143.0000000000
7005 -1139.0000000000
7061 -1138.0000000000
7076 -1137.0000000000
7110 -1136.0000000000
7158 -1135.0000000000
7202 -1133.0000000000
7251 -1131.0000000000
7339 -1130.0000000000
7355 -1129.0000000000
7361 -1128.0000000000
7387 -1126.0000000000
7401 -1125.0000000000
7417 -1123.0000000000
7455 -1122.0000000000
7501 -1121.0000000000
7504 -1120.0000000000
7559 -1118.0000000000
7601 -1116.0000000000
7617 -1114.0000000000
7690 -1112.0000000000
7734 -1111.0000000000
7760 -1110.0000000000
7778 -1108.0000000000
7790 -1106.0000000000
7831 -1105.0000000000
7842 -1103.0000000000
7860 -1102.0000000000
7887 -1101.0000000000
7910 -1100.0000000000
7931 -1099.0000000000
7992 -1098.0000000000
8005 -1094.0000000000
8042 -1090.0000000000
8092 -1086.0000000000
8221 -1085.0000000000
8255 -1082.0000000000
8304 -1080.0000000000
8340 -1079.0000000000
8346 -1076.0000000000
8406 -1074.0000000000
8460 -1070.0000000000
8561 -1068.0000000000
8615 -1066.0000000000
8669 -1063.0000000000
8726 -1062.0000000000
8777 -1061.0000000000
8818 -1060.0000000000
8868 -1059.0000000000
8885 -1056.0000000000
8897 -1054.0000000000
9000 -1052.0000000000
9026 -1051.0000000000
9057 -1049.0000000000
9092 -1048.0000000000
9097 -1047.0000000000
9123 -1045.0000000000
9124 -1044.0000000000
9206 -1042.0000000000
9214 -1041.0000000000
9293 -1040.0000000000
9294 -1039.0000000000
9325 -1037.0000000000
9361 -1036.0000000000
9382 -1033.0000000000
9460 -1032.0000000000
9463 -1030.0000000000
9526 -1029.0000000000
9533 -1028.0000000000
9551 -1024.0000000000
9643 -1023.0000000000
9685 -1020.0000000000
9777 -1018.0000000000
9875 -1015.0000000000
9905 -1014.0000000000
9985 -1009.0000000000
10099 -1007.0000000000
10217 -1004.0000000000
10244 -1001.0000000000
10323 -1000.0000000000
10382 -998.0000000000
10454 -996.0000000000
10493 -993.0000000000
10539 -988.0000000000
10619 -987.0000000000
10623 -986.0000000000
10702 -985.0000000000
10747 -984.0000000000
10748 -981.0000000000
10844 -980.0000000000
10857 -979.0000000000
10865 -978.0000000000
10879 -977.0000000000
10890 -976.0000000000
10918 -974.0000000000
10939 -973.0000000000
10943 -971.0000000000
11034 -968.0000000000
11122 -966.0000000000
11124 -964.0000000000
11188 -961.0000000000
11201 -959.0000000000
11217 -958.0000000000
11221 -957.0000000000
11279 -956.0000000000
11305 -954.0000000000
11368 -952.0000000000
11401 -951.0000000000
11402 -950.0000000000
11491 -949.0000000000
11522 -947.0000000000
11523 -946.0000000000
11603 -945.0000000000
11614 -942.0000000000
11670 -941.0000000000
11709 -938.0000000000
11768 -937.0000000000
11804 -936.0000000000
11805 -935.0000000000
11849 -933.0000000000
11853 -932.0000000000
11909 -930.0000000000
11953 -929.0000000000
12014 -927.0000000000
12015 -926.0000000000
12030 -925.0000000000
12082 -924.0000000000
12165 -923.0000000000
12205 -920.0000000000
12229 -918.0000000000
12322 -917.0000000000
12325 -915.0000000000
12367 -914.0000000000
12375 -912.0000000000
12383 -911.0000000000
12439 -910.0000000000
12453 -908.0000000000
12543 -906.0000000000
12601 -904.0000000000
12608 -902.0000000000
12702 -901.0000000000
12729 -900.0000000000
12738 -899.0000000000
12759 -896.0000000000
12810 -895.0000000000
12824 -894.0000000000
12887 -892.0000000000
12912 -891.0000000000
12943 -889.0000000000
13012 -888.0000000000
13037 -887.0000000000
13042 -886.0000000000
13058 -885.0000000000
13089 -883.0000000000
13105 -882.0000000000
13185 -881.0000000000
13216 -878.0000000000
13259 -877.0000000000
13326 -875.0000000000
13357 -871.0000000000
13448 -870.0000000000
13467 -864.0000000000
13502 -863.0000000000
13616 -859.0000000000
13658 -858.0000000000
13708 -857.0000000000
13753 -854.0000000000
13801 -853.0000000000
13814 -851.0000000000
13914 -850.0000000000
13919 -849.0000000000
13962 -846.0000000000
14024 -845.0000000000
14085 -843.0000000000
14151 -841.0000000000
14165 -840.0000000000
14180 -838.0000000000
14214 -835.0000000000
14340 -834.0000000000
14367 -833.0000000000
14416 -832.0000000000
14485 -830.0000000000
14515 -826.0000000000
14601 -823.0000000000
14656 -822.0000000000
14739 -820.0000000000
14760 -819.0000000000
14834 -817.0000000000
14915 -816.0000000000
14920 -811.0000000000
15030 -810.0000000000
15045 -809.0000000000
15111 -807.0000000000
15154 -805.0000000000
15220 -804.0000000000
15276 -801.0000000000
15402 -799.0000000000
15416 -798.0000000000
15485 -797.0000000000
15504 -795.0000000000
15586 -794.0000000000
15602 -791.0000000000
15631 -790.0000000000
15704 -785.0000000000
15828 -782.0000000000
15882 -781.0000000000
15927 -778.0000000000
15998 -777.0000000000
16052 -776.0000000000
16106 -773.0000000000
16176 -768.0000000000
16322 -767.0000000000
16360 -765.0000000000
16388 -764.0000000000
16420 -763.0000000000
16471 -761.0000000000
16514 -760.0000000000
16524 -759.0000000000
16572 -758.0000000000
16603 -757.0000000000
16609 -756.0000000000
16643 -755.0000000000
16707 -750.0000000000
16852 -749.0000000000
16918 -745.0000000000
17060 -741.0000000000
17129 -738.0000000000
17165 -736.0000000000
17236 -735.0000000000
17269 -732.0000000000
17319 -731.0000000000
17329 -728.0000000000
17425 -726.0000000000
17471 -724.0000000000
17551 -722.0000000000
17634 -720.0000000000
17658 -714.0000000000
17741 -713.0000000000
17816 -711.0000000000
17904 -708.0000000000
17957 -707.0000000000
18009 -706.0000000000
18010 -704.0000000000
18072 -702.0000000000
18164 -700.0000000000
18248 -699.0000000000
18262 -697.0000000000
18355 -696.0000000000
18363 -693.0000000000
18395 -692.0000000000
18431 -690.0000000000
18516 -687.0000000000
18555 -686.0000000000
18588 -685.0000000000
18650 -684.0000000000
18720 -681.0000000000
18748 -680.0000000000
18781 -679.0000000000
18802 -678.0000000000
18852 -677.0000000000
18874 -676.0000000000
18938 -675.0000000000
18958 -674.0000000000
18967 -672.0000000000
19018 -668.0000000000
19130 -667.0000000000
19154 -665.0000000000
19157 -664.0000000000
19185 -663.0000000000
19231 -661.0000000000
19251 -660.0000000000
19304 -659.0000000000
19366 -657.0000000000
19502 -654.0000000000
19504 -653.0000000000
19506 -652.0000000000
19561 -648.0000000000
19703 -647.0000000000
19716 -645.0000000000
19756 -644.0000000000
19855 -641.0000000000
19907 -639.0000000000
19914 -637.0000000000
20052 -634.0000000000
20119 -633.0000000000
20138 -631.0000000000
20210 -629.0000000000
20300 -628.0000000000
20307 -627.0000000000
20313 -625.0000000000
20431 -623.0000000000
20464 -621.0000000000
20481 -620.0000000000
20573 -617.0000000000
20663 -613.0000000000
20748 -610.0000000000
20765 -609.0000000000
20868 -607.0000000000
20913 -605.0000000000
20954 -601.0000000000
21043 -600.0000000000
21170 -599.0000000000
21189 -598.0000000000
21202 -597.0000000000
21275 -595.0000000000
21303 -594.0000000000
21363 -592.0000000000
21440 -591.0000000000
21492 -589.0000000000
21509 -588.0000000000
21600 -585.0000000000
21653 -582.0000000000
21828 -581.0000000000
21830 -577.0000000000
21853 -575.0000000000
21904 -574.0000000000
21982 -572.0000000000
22012 -570.0000000000
22071 -567.0000000000
22129 -566.0000000000
22179 -564.0000000000
22226 -562.0000000000
22251 -558.0000000000
22386 -557.0000000000
22457 -555.0000000000
22523 -553.0000000000
22611 -551.0000000000
22640 -550.0000000000
22712 -549.0000000000
22723 -547.0000000000
22817 -546.0000000000
22886 -544.0000000000
22915 -543.0000000000
23032 -542.0000000000
23075 -539.0000000000
23160 -537.0000000000
23174 -536.0000000000
23297 -534.0000000000
23357 -533.0000000000
23360 -532.0000000000
23361 -531.0000000000
23400 -530.0000000000
23458 -527.0000000000
23517 -521.0000000000
23554 -520.0000000000
23694 -518.0000000000
23775 -516.0000000000
23869 -515.0000000000
23886 -514.0000000000
23944 -513.0000000000
24009 -512.0000000000
24040 -511.0000000000
24067 -510.0000000000
24076 -509.0000000000
24158 -508.0000000000
24208 -505.0000000000
24257 -503.0000000000
24355 -499.0000000000
24481 -497.0000000000
24555 -496.0000000000
24557 -495.0000000000
24601 -494.0000000000
24603 -493.0000000000
24652 -492.0000000000
24719 -490.0000000000
24743 -489.0000000000
24799 -488.0000000000
24806 -486.0000000000
24859 -485.0000000000
24930 -481.0000000000
25081 -479.0000000000
25105 -478.0000000000
25178 -477.0000000000
25210 -476.0000000000
25230 -475.0000000000
25303 -474.0000000000
25342 -473.0000000000
25352 -471.0000000000
25455 -470.0000000000
25547 -469.0000000000
25597 -468.0000000000
25608 -467.0000000000
25617 -466.0000000000
25639 -465.0000000000
25716 -464.0000000000
25724 -463.0000000000
25803 -462.0000000000
25819 -460.0000000000
25885 -459.0000000000
25912 -458.0000000000
26012 -457.0000000000
26050 -454.0000000000
26064 -453.0000000000
26206 -451.0000000000
26273 -450.0000000000
26301 -449.0000000000
26324 -448.0000000000
26399 -447.0000000000
26447 -446.0000000000
26467 -445.0000000000
26518 -442.0000000000
26590 -438.0000000000
26708 -437.0000000000
26745 -436.0000000000
26802 -434.0000000000
26840 -433.0000000000
26861 -431.0000000000
26958 -430.0000000000
27068 -429.0000000000
27106 -428.0000000000
27115 -426.0000000000
27234 -424.0000000000
27274 -422.0000000000
27363 -421.0000000000
27368 -419.0000000000
27476 -418.0000000000
27502 -417.0000000000
27571 -416.0000000000
27578 -415.0000000000
27657 -411.0000000000
27736 -410.0000000000
27804 -409.0000000000
27867 -407.0000000000
27968 -406.0000000000
27977 -405.0000000000
28027 -402.0000000000
28064 -400.0000000000
28153 -399.0000000000
28219 -397.0000000000
28316 -394.0000000000
28369 -393.0000000000
28452 -391.0000000000
28484 -389.0000000000
28541 -388.0000000000
28580 -387.0000000000
28610 -386.0000000000
28621 -385.0000000000
28725 -380.0000000000
28956 -379.0000000000
28963 -376.0000000000
29172 -375.0000000000
29196 -373.0000000000
29243 -372.0000000000
29327 -371.0000000000
29375 -370.0000000000
29512 -369.0000000000
29521 -368.0000000000
29564 -365.0000000000
29636 -364.0000000000
29701 -363.0000000000
29754 -362.0000000000
29766 -361.0000000000
29808 -358.0000000000
29933 -355.0000000000
29996 -354.0000000000
30036 -353.0000000000
30063 -350.0000000000
30114 -349.0000000000
30259 -348.0000000000
30263 -347.0000000000
30306 -345.0000000000
30378 -344.0000000000
30392 -343.0000000000
30453 -342.0000000000
30476 -341.0000000000
30479 -339.0000000000
30557 -338.0000000000
30581 -337.0000000000
30711 -336.0000000000
30722 -334.0000000000
30812 -332.0000000000
30994 -331.0000000000
31057 -330.0000000000
31077 -329.0000000000
31115 -328.0000000000
31217 -327.0000000000
31229 -325.0000000000
31252 -324.0000000000
31353 -323.0000000000
31373 -321.0000000000
31441 -317.0000000000
31615 -316.0000000000
31621 -315.0000000000
31654 -313.0000000000
31794 -312.0000000000
31807 -310.0000000000
31868 -309.0000000000
31911 -307.0000000000
32017 -306.0000000000
32071 -305.0000000000
32130 -304.0000000000
32175 -303.0000000000
32222 -302.0000000000
32249 -301.0000000000
32325 -300.0000000000
32369 -299.0000000000
32427 -297.0000000000
32506 -296.0000000000
32617 -295.0000000000
32634 -294.0000000000
32704 -293.0000000000
32710 -292.0000000000
32801 -290.0000000000
32895 -289.0000000000
32931 -288.0000000000
33103 -286.0000000000
33155 -285.0000000000
33169 -284.0000000000
33221 -283.0000000000
33276 -280.0000000000
33354 -279.0000000000
33435 -278.0000000000
33453 -277.0000000000
33474 -276.0000000000
33522 -275.0000000000
33613 -273.0000000000
33661 -272.0000000000
33724 -270.0000000000
33819 -269.0000000000
33888 -268.0000000000
33949 -266.0000000000
33995 -265.0000000000
34018 -264.0000000000
34159 -263.0000000000
34228 -262.0000000000
34282 -261.0000000000
34382 -260.0000000000
34422 -259.0000000000
34437 -258.0000000000
34484 -256.0000000000
34698 -255.0000000000
34754 -254.0000000000
34800 -253.0000000000
34809 -252.0000000000
34855 -251.0000000000
34876 -250.0000000000
34953 -249.0000000000
34975 -248.0000000000
35035 -247.0000000000
35067 -246.0000000000
35198 -245.0000000000
35207 -244.0000000000
35255 -243.0000000000
35337 -241.0000000000
35402 -240.0000000000
35511 -239.0000000000
35610 -238.0000000000
35662 -236.0000000000
35814 -235.0000000000
35898 -233.0000000000
36014 -232.0000000000
36037 -231.0000000000
36125 -230.0000000000
36175 -229.0000000000
36214 -228.0000000000
36342 -227.0000000000
36398 -226.0000000000
36472 -225.0000000000
36511 -224.0000000000
36661 -222.0000000000
36776 -221.0000000000
36821 -219.0000000000
36923 -217.0000000000
37038 -215.0000000000
37099 -214.0000000000
37185 -213.0000000000
37237 -212.0000000000
37267 -211.0000000000
37356 -210.0000000000
37419 -206.0000000000
37587 -205.0000000000
37651 -202.0000000000
37804 -200.0000000000
37945 -198.0000000000
38075 -197.0000000000
38108 -196.0000000000
38129 -195.0000000000
38255 -193.0000000000
38343 -192.0000000000
38404 -191.0000000000
38424 -190.0000000000
38576 -189.0000000000
38618 -188.0000000000
38698 -187.0000000000
38727 -186.0000000000
38770 -185.0000000000
38831 -184.0000000000
38882 -182.0000000000
38982 -181.0000000000
39139 -180.0000000000
39193 -179.0000000000
39236 -177.0000000000
39410 -176.0000000000
39532 -175.0000000000
39539 -172.0000000000
39754 -170.0000000000
39801 -169.0000000000
39905 -166.0000000000
40077 -165.0000000000
40078 -164.0000000000
40139 -163.0000000000
40227 -162.0000000000
40305 -157.0000000000
40469 -156.0000000000
40555 -155.0000000000
40601 -154.0000000000
40732 -153.0000000000
40737 -152.0000000000
40851 -150.0000000000
40912 -149.0000000000
41010 -148.0000000000
41073 -146.0000000000
41229 -143.0000000000
41347 -142.0000000000
41423 -140.0000000000
41499 -139.0000000000
41611 -138.0000000000
41617 -137.0000000000
41630 -136.0000000000
41774 -135.0000000000
41829 -134.0000000000
41893 -133.0000000000
41928 -132.0000000000
41992 -131.0000000000
42020 -130.0000000000
42036 -129.0000000000
42078 -128.0000000000
42109 -127.0000000000
42167 -126.0000000000
42291 -125.0000000000
42374 -124.0000000000
42380 -123.0000000000
42411 -122.0000000000
42488 -120.0000000000
42588 -119.0000000000
42681 -118.0000000000
42744 -117.0000000000
42820 -116.0000000000
42925 -115.0000000000
43004 -113.0000000000
43066 -112.0000000000
43182 -111.0000000000
43209 -110.0000000000
43252 -109.0000000000
43260 -107.0000000000
43556 -104.0000000000
43933 -103.0000000000
43967 -102.0000000000
44145 -101.0000000000
44272 -100.0000000000
44359 -99.0000000000
44482 -98.0000000000
44601 -97.0000000000
44710 -96.0000000000
44745 -95.0000000000
44826 -94.0000000000
44914 -93.0000000000
45006 -91.0000000000
45133 -90.0000000000
45162 -89.0000000000
45369 -88.0000000000
45396 -87.0000000000
45526 -86.0000000000
45597 -85.0000000000
45682 -84.0000000000
45864 -83.0000000000
45868 -82.0000000000
46053 -80.0000000000
46202 -79.0000000000
46308 -78.0000000000
46386 -77.0000000000
46458 -76.0000000000
46580 -74.0000000000
46685 -73.0000000000
46856 -72.0000000000
46912 -71.0000000000
47091 -69.0000000000
47193 -68.0000000000
47368 -67.0000000000
47391 -66.0000000000
47580 -64.0000000000
47768 -63.0000000000
47785 -62.0000000000
48025 -61.0000000000
48064 -59.0000000000
48267 -58.0000000000
48405 -57.0000000000
48456 -56.0000000000
48518 -54.0000000000
48689 -52.0000000000
49066 -51.0000000000
49094 -50.0000000000
49341 -48.0000000000
49682 -47.0000000000
49805 -46.0000000000
49935 -45.0000000000
50118 -44.0000000000
50204 -43.0000000000
50319 -42.0000000000
50409 -41.0000000000
50570 -40.0000000000
50573 -39.0000000000
50671 -38.0000000000
50784 -37.0000000000
50818 -36.0000000000
51047 -35.0000000000
51208 -34.0000000000
51361 -33.0000000000
51606 -32.0000000000
51824 -31.0000000000
51905 -30.0000000000
52035 -29.0000000000
52093 -27.0000000000
52391 -26.0000000000
52543 -24.0000000000
52661 -23.0000000000
52686 -21.0000000000
52952 -19.0000000000
53217 -18.0000000000
53343 -17.0000000000
53579 -16.0000000000
53627 -15.0000000000
53842 -14.0000000000
53998 -13.0000000000
54117 -12.0000000000
54312 -11.0000000000
54586 -10.0000000000
54912 -8.0000000000
55359 -7.0000000000
55582 -6.0000000000
55693 -5.0000000000
55833 -4.0000000000
56141 -3.0000000000
56381 -2.0000000000
56917 -1.0000000000
57307 281.8500000000
57432 286.3800000000
57462 287.4500000000
57484 288.9900000000
57497 292.5700000000
57563 294.4600000000
57578 298.8300000000
57602 303.9100000000
57707 310.2600000000
57749 445.1600000000
57847 454.9600000000
57979 470.1100000000
58121 471.9700000000
58340 488.3500000000
58386 526.4100000000
58447 547.9600000000
58543 556.2600000000
58555 557.7800000000
58602 579.8400000000
58958 582.4000000000
59009 587.5000000000
59063 591.7200000000
59077 597.8900000000
59088 601.0200000000
59697 602.6600000000
60188 605.2000000000
60283 704.6000000000
60369 724.2400000000
60743 731.8300000000
61224 735.3100000000
61272 736.9500000000
61345 738.4400000000
61444 753.2300000000
62198 754.1100000000
62236 756.4500000000
62248 768.1800000000
62407 770.5800000000
62600 795.2300000000
62713 809.7900000000
62727 821.8300000000
62781 834.4600000000
62901 834.9600000000
63238 839.9400000000
63482 842.3800000000
63541 850.8800000000
64039 853.3200000000
64074 863.5400000000
64465 872.5300000000
64981 873.4700000000
65322 873.5700000000
66665 874.0900000000
66918 874.1400000000
66935 881.8200000000
68806 883.3800000000
69020 886.0500000000
69823 886.1400000000
70862 886.7900000000
71714 892.0200000000
71836 907.7500000000
72003 910.2200000000
72080 915.8900000000
72100 919.1900000000
73061 919.8200000000
73543 920.7400000000
73630 924.1300000000
73703 931.9600000000
73765 939.2700000000
73873 940.7300000000
74104 952.5700000000
74182 957.2700000000
74431 975.7300000000
77588 977.6500000000
79873 989.3500000000
89724 991.3800000000
91261 993.3400000000
91275 1000.4600000000
100000 898.3200000000
evaluations raw_y
1 -2050.0000000000
3 -2023.0000000000
4 -1997.0000000000
7 -1959.0000000000
8 -1949.0000000000
21 -1933.0000000000
23 -1924.0000000000
91 -1921.0000000000
127 -1920.0000000000
146 -1914.0000000000
147 -1912.0000000000
167 -1900.0000000000
170 -1883.0000000000
194 -1877.0000000000
208 -1870.0000000000
227 -1869.0000000000
249 -1866.0000000000
254 -1858.0000000000
262 -1856.0000000000
287 -1849.0000000000
307 -1843.0000000000
341 -1835.0000000000
357 -1830.0000000000
364 -1825.0000000000
401 -1813.0000000000
405 -1810.0000000000
445 -1809.0000000000
451 -1806.0000000000
458 -1778.0000000000
558 -1777.0000000000
564 -1758.0000000000
607 -1754.0000000000
640 -1748.0000000000
654 -1723.0000000000
697 -1722.0000000000
717 -1713.0000000000
754 -1712.0000000000
760 -1705.0000000000
801 -1696.0000000000
851 -1689.0000000000
858 -1674.0000000000
871 -1671.0000000000
912 -1664.0000000000
965 -1638.0000000000
982 -1637.0000000000
1036 -1620.0000000000
1123 -1617.0000000000
1147 -1609.0000000000
1155 -1608.0000000000
1165 -1606.0000000000
1173 -1605.0000000000
1209 -1593.0000000000
1256 -1592.0000000000
1270 -1583.0000000000
1336 -1578.0000000000
1352 -1569.0000000000
1363 -1551.0000000000
1463 -1550.0000000000
1475 -1535.0000000000
1567 -1530.0000000000
1640 -1509.0000000000
1718 -1502.0000000000
1750 -1497.0000000000
1761 -1479.0000000000
1859 -1462.0000000000
1922 -1461.0000000000
1963 -1454.0000000000
2007 -1447.0000000000
2019 -1446.0000000000
2053 -1445.0000000000
2076 -1444.0000000000
2082 -1430.0000000000
2154 -1427.0000000000
2160 -1414.0000000000
2219 -1409.0000000000
2269 -1402.0000000000
2356 -1401.0000000000
2357 -1400.0000000000
2359 -1393.0000000000
2421 -1377.0000000000
2472 -1369.0000000000
2595 -1368.0000000000
2624 -1360.0000000000
2631 -1355.0000000000
2667 -1350.0000000000
2736 -1348.0000000000
2753 -1344.0000000000
2802 -1339.0000000000
2828 -1336.0000000000
2854 -1333.0000000000
2911 -1330.0000000000
2953 -1328.0000000000
2956 -1324.0000000000
2970 -1319.0000000000
3009 -1318.0000000000
3040 -1317.0000000000
3044 -1312.0000000000
3100 -1307.0000000000
3187 -1303.0000000000
3265 -1301.0000000000
3270 -1300.0000000000
3273 -1299.0000000000
3283 -1298.0000000000
3353 -1292.0000000000
3402 -1290.0000000000
3405 -1288.0000000000
3406 -1284.0000000000
3432 -1283.0000000000
3516 -1280.0000000000
3556 -1279.0000000000
3558 -1278.0000000000
3595 -1276.0000000000
3603 -1275.0000000000
3671 -1270.0000000000
3672 -1269.0000000000
3702 -1268.0000000000
3722 -1267.0000000000
3769 -1266.0000000000
3786 -1263.0000000000
3809 -1260.0000000000
3865 -1259.0000000000
3881 -1258.0000000000
3883 -1257.0000000000
3949 -1254.0000000000
3959 -1253.0000000000
4003 -1252.0000000000
4034 -1249.0000000000
4073 -1247.0000000000
4106 -1245.0000000000
4120 -1244.0000000000
4157 -1243.0000000000
4158 -1237.0000000000
4264 -1236.0000000000
4346 -1234.0000000000
4354 -1229.0000000000
4469 -1227.0000000000
4490 -1221.0000000000
4563 -1219.0000000000
4625 -1218.0000000000
4627 -1213.0000000000
4708 -1211.0000000000
4751 -1209.0000000000
4803 -1208.0000000000
4850 -1207.0000000000
4851 -1203.0000000000
4881 -1201.0000000000
4907 -1198.0000000000
4959 -1193.0000000000
5068 -1188.0000000000
5151 -1187.0000000000
5213 -1186.0000000000
5222 -1184.0000000000
5255 -1182.0000000000
5310 -1181.0000000000
5311 -1178.0000000000
5385 -1177.0000000000
5450 -1173.0000000000
5451 -1171.0000000000
5509 -1169.0000000000
5516 -1166.0000000000
5575 -1163.0000000000
5676 -1160.0000000000
5715 -1158.0000000000
5782 -1156.0000000000
5834 -1155.0000000000
5862 -1154.0000000000
5863 -1153.0000000000
5871 -1150.0000000000
5950 -1149.0000000000
5953 -1148.0000000000
6013 -1147.0000000000
6045 -1146.0000000000
6046 -1145.0000000000
6047 -1144.0000000000
6056 -1143.0000000000
6107 -1138.0000000000
6252 -1134.0000000000
6311 -1133.0000000000
6357 -1132.0000000000
6370 -1130.0000000000
6410 -1129.0000000000
6422 -1128.0000000000
6453 -1126.0000000000
6456 -1125.0000000000
6513 -1124.0000000000
6563 -1122.0000000000
6595 -1120.0000000000
6609 -1118.0000000000
6651 -1117.0000000000
6681 -1116.0000000000
6693 -1115.0000000000
6695 -1114.0000000000
6715 -1113.0000000000
6720 -1112.0000000000
6766 -1106.0000000000
6866 -1105.0000000000
6882 -1102.0000000000
6932 -1101.0000000000
6957 -1100.0000000000
6966 -1096.0000000000
7029 -1094.0000000000
7056 -1092.0000000000
7117 -1091.0000000000
7130 -1090.0000000000
7215 -1089.0000000000
7216 -1088.0000000000
7229 -1087.0000000000
7260 -1085.0000000000
7283 -1084.0000000000
7308 -1082.0000000000
7331 -1081.0000000000
7362 -1079.0000000000
7383 -1078.0000000000
7408 -1077.0000000000
7490 -1075.0000000000
7533 -1070.0000000000
7606 -1067.0000000000
7663 -1066.0000000000
7701 -1065.0000000000
7715 -1064.0000000000
7726 -1062.0000000000
7758 -1061.0000000000
7807 -1060.0000000000
7811 -1058.0000000000
7871 -1053.0000000000
7977 -1051.0000000000
8002 -1048.0000000000
8067 -1047.0000000000
8087 -1046.0000000000
8117 -1042.0000000000
8159 -1040.0000000000
8210 -1038.0000000000
8264 -1037.0000000000
8308 -1035.0000000000
8369 -1034.0000000000
8379 -1033.0000000000
8453 -1031.0000000000
8458 -1028.0000000000
8509 -1027.0000000000
8536 -1024.0000000000
8573 -1022.0000000000
8602 -1021.0000000000
8650 -1019.0000000000
8669 -1016.0000000000
8773 -1015.0000000000
8779 -1010.0000000000
8804 -1009.0000000000
8850 -1007.0000000000
8853 -1006.0000000000
8979 -1004.0000000000
8983 -1002.0000000000
9056 -1001.0000000000
9067 -999.0000000000
9110 -997.0000000000
9201 -996.0000000000
9219 -995.0000000000
9257 -994.0000000000
9265 -992.0000000000
9314 -991.0000000000
9330 -990.0000000000
9356 -989.0000000000
9413 -988.0000000000
9441 -987.0000000000
9474 -986.0000000000
9504 -985.0000000000
9515 -978.0000000000
9656 -975.0000000000
9673 -973.0000000000
9805 -972.0000000000
9859 -970.0000000000
9899 -969.0000000000
9911 -968.0000000000
9932 -966.0000000000
10041 -965.0000000000
10048 -964.0000000000
10059 -963.0000000000
10075 -962.0000000000
10076 -961.0000000000
10127 -960.0000000000
10170 -957.0000000000
10203 -955.0000000000
10216 -954.0000000000
10279 -952.0000000000
10354 -951.0000000000
10416 -950.0000000000
10430 -942.0000000000
10563 -941.0000000000
10567 -939.0000000000
10651 -938.0000000000
10681 -936.0000000000
10706 -933.0000000000
10776 -932.0000000000
10816 -929.0000000000
10852 -926.0000000000
10964 -925.0000000000
11016 -923.0000000000
11027 -922.0000000000
11103 -919.0000000000
11152 -917.0000000000
11214 -916.0000000000
11245 -915.0000000000
11264 -914.0000000000
11307 -908.0000000000
11409 -905.0000000000
11493 -904.0000000000
11533 -903.0000000000
11565 -902.0000000000
11603 -900.0000000000
11648 -898.0000000000
11659 -894.0000000000
11784 -893.0000000000
11833 -892.0000000000
11855 -891.0000000000
11858 -889.0000000000
11921 -888.0000000000
11959 -887.0000000000
11994 -886.0000000000
12002 -884.0000000000
12057 -882.0000000000
12136 -880.0000000000
12148 -879.0000000000
12157 -878.0000000000
12258 -877.0000000000
12270 -876.0000000000
12271 -875.0000000000
12304 -874.0000000000
12328 -872.0000000000
12362 -871.0000000000
12399 -869.0000000000
12479 -867.0000000000
12484 -866.0000000000
12561 -864.0000000000
12651 -863.0000000000
12652 -862.0000000000
12666 -861.0000000000
12667 -860.0000000000
12748 -858.0000000000
12753 -857.0000000000
12831 -856.0000000000
12853 -855.0000000000
12867 -854.0000000000
12894 -852.0000000000
12921 -851.0000000000
12935 -850.0000000000
12996 -844.0000000000
13114 -843.0000000000
13128 -842.0000000000
13152 -841.0000000000
13154 -838.0000000000
13204 -837.0000000000
13255 -834.0000000000
13355 -832.0000000000
13394 -828.0000000000
13452 -827.0000000000
13514 -826.0000000000
13558 -825.0000000000
13611 -822.0000000000
13655 -820.0000000000
13752 -817.0000000000
13785 -815.0000000000
13851 -814.0000000000
13864 -813.0000000000
13915 -812.0000000000
13933 -811.0000000000
13960 -809.0000000000
14010 -806.0000000000
14110 -805.0000000000
14118 -804.0000000000
14151 -803.0000000000
14202 -801.0000000000
14207 -796.0000000000
14342 -795.0000000000
14413 -794.0000000000
14490 -793.0000000000
14504 -791.0000000000
14550 -790.0000000000
14552 -787.0000000000
14604 -786.0000000000
14624 -785.0000000000
14655 -783.0000000000
14703 -781.0000000000
14765 -780.0000000000
14857 -776.0000000000
14860 -775.0000000000
14908 -772.0000000000
14960 -771.0000000000
15031 -770.0000000000
15039 -767.0000000000
15141 -765.0000000000
15164 -764.0000000000
15199 -763.0000000000
15251 -762.0000000000
15309 -758.0000000000
15391 -756.0000000000
15420 -754.0000000000
15505 -753.0000000000
15588 -752.0000000000
15646 -751.0000000000
15653 -749.0000000000
15703 -748.0000000000
15781 -746.0000000000
15796 -745.0000000000
15864 -743.0000000000
15915 -739.0000000000
15998 -736.0000000000
16044 -735.0000000000
16065 -734.0000000000
16142 -732.0000000000
16204 -731.0000000000
16224 -730.0000000000
16249 -729.0000000000
16263 -726.0000000000
16376 -724.0000000000
16431 -720.0000000000
16568 -714.0000000000
16715 -713.0000000000
16757 -711.0000000000
16765 -710.0000000000
16862 -709.0000000000
16897 -708.0000000000
16903 -707.0000000000
16936 -705.0000000000
17004 -703.0000000000
17020 -702.0000000000
17027 -701.0000000000
17067 -700.0000000000
17068 -699.0000000000
17122 -698.0000000000
17188 -696.0000000000
17202 -694.0000000000
17231 -692.0000000000
17298 -691.0000000000
17360 -684.0000000000
17505 -681.0000000000
17577 -680.0000000000
17669 -678.0000000000
17726 -677.0000000000
17739 -676.0000000000
17771 -675.0000000000
17799 -674.0000000000
17861 -672.0000000000
17966 -671.0000000000
18005 -665.0000000000
18074 -664.0000000000
18107 -663.0000000000
18136 -661.0000000000
18270 -657.0000000000
18301 -656.0000000000
18368 -655.0000000000
18403 -654.0000000000
18424 -653.0000000000
18467 -652.0000000000
18506 -651.0000000000
18555 -647.0000000000
18638 -646.0000000000
18703 -644.0000000000
18816 -643.0000000000
18840 -642.0000000000
18866 -641.0000000000
18937 -639.0000000000
18972 -638.0000000000
19056 -634.0000000000
19127 -633.0000000000
19211 -631.0000000000
19254 -629.0000000000
19282 -628.0000000000
19307 -627.0000000000
19446 -624.0000000000
19517 -623.0000000000
19532 -622.0000000000
19546 -620.0000000000
19568 -619.0000000000
19646 -618.0000000000
19685 -615.0000000000
19738 -611.0000000000
19824 -610.0000000000
19851 -609.0000000000
19920 -608.0000000000
19988 -607.0000000000
19989 -606.0000000000
20047 -605.0000000000
20056 -603.0000000000
20117 -602.0000000000
20177 -601.0000000000
20211 -597.0000000000
20312 -594.0000000000
20330 -592.0000000000
20420 -591.0000000000
20421 -589.0000000000
20526 -588.0000000000
20591 -585.0000000000
20613 -584.0000000000
20656 -582.0000000000
20737 -581.0000000000
20820 -580.0000000000
20822 -579.0000000000
20823 -578.0000000000
20852 -577.0000000000
20906 -575.0000000000
20969 -574.0000000000
20974 -572.0000000000
21108 -569.0000000000
21159 -568.0000000000
21164 -566.0000000000
21234 -564.0000000000
21302 -563.0000000000
21382 -562.0000000000
21407 -561.0000000000
21456 -560.0000000000
21462 -558.0000000000
21481 -556.0000000000
21513 -555.0000000000
21672 -554.0000000000
21703 -552.0000000000
21759 -550.0000000000
21866 -549.0000000000
21911 -547.0000000000
22010 -545.0000000000
22059 -544.0000000000
22142 -543.0000000000
22162 -542.0000000000
22166 -541.0000000000
22206 -540.0000000000
22211 -539.0000000000
22294 -536.0000000000
22377 -535.0000000000
22457 -534.0000000000
22465 -532.0000000000
22570 -530.0000000000
22659 -526.0000000000
22823 -524.0000000000
22876 -523.0000000000
22904 -521.0000000000
22915 -519.0000000000
23028 -516.0000000000
23169 -514.0000000000
23298 -513.0000000000
23355 -510.0000000000
23417 -509.0000000000
23451 -508.0000000000
23484 -507.0000000000
23599 -502.0000000000
23609 -501.0000000000
23795 -500.0000000000
23808 -498.0000000000
23814 -495.0000000000
24018 -491.0000000000
24075 -488.0000000000
24161 -487.0000000000
24255 -486.0000000000
24307 -485.0000000000
24316 -481.0000000000
24467 -480.0000000000
24493 -479.0000000000
24566 -475.0000000000
24615 -474.0000000000
24728 -472.0000000000
24752 -471.0000000000
24793 -470.0000000000
24864 -469.0000000000
24873 -466.0000000000
24904 -465.0000000000
24943 -464.0000000000
24962 -462.0000000000
25059 -461.0000000000
25121 -460.0000000000
25143 -459.0000000000
25188 -458.0000000000
25203 -456.0000000000
25226 -455.0000000000
25251 -454.0000000000
25256 -453.0000000000
25301 -452.0000000000
25363 -451.0000000000
25411 -450.0000000000
25438 -447.0000000000
25508 -444.0000000000
25615 -443.0000000000
25634 -442.0000000000
25714 -441.0000000000
25756 -437.0000000000
25876 -435.0000000000
25927 -433.0000000000
26022 -432.0000000000
26056 -429.0000000000
26058 -428.0000000000
26160 -427.0000000000
26165 -424.0000000000
26301 -422.0000000000
26360 -421.0000000000
26426 -419.0000000000
26485 -418.0000000000
26531 -417.0000000000
26576 -416.0000000000
26624 -414.0000000000
26735 -413.0000000000
26738 -412.0000000000
26761 -409.0000000000
26882 -408.0000000000
26952 -407.0000000000
26976 -401.0000000000
27182 -400.0000000000
27204 -399.0000000000
27235 -398.0000000000
27316 -397.0000000000
27378 -395.0000000000
27425 -392.0000000000
27605 -390.0000000000
27620 -389.0000000000
27726 -388.0000000000
27782 -387.0000000000
27812 -385.0000000000
27901 -383.0000000000
27955 -382.0000000000
27968 -381.0000000000
28070 -380.0000000000
28084 -379.0000000000
28142 -376.0000000000
28233 -375.0000000000
28304 -374.0000000000
28313 -372.0000000000
28365 -371.0000000000
28452 -370.0000000000
28518 -369.0000000000
28564 -368.0000000000
28566 -367.0000000000
28637 -365.0000000000
28729 -363.0000000000
28766 -362.0000000000
28801 -361.0000000000
28854 -358.0000000000
28925 -356.0000000000
29069 -355.0000000000
29125 -354.0000000000
29143 -352.0000000000
29209 -351.0000000000
29264 -349.0000000000
29426 -348.0000000000
29453 -346.0000000000
29491 -345.0000000000
29560 -343.0000000000
29658 -342.0000000000
29660 -339.0000000000
29867 -336.0000000000
29967 -335.0000000000
30013 -333.0000000000
30070 -332.0000000000
30095 -331.0000000000
30119 -329.0000000000
30179 -328.0000000000
30256 -327.0000000000
30327 -326.0000000000
30381 -325.0000000000
30407 -323.0000000000
30476 -322.0000000000
30522 -321.0000000000
30587 -319.0000000000
30610 -318.0000000000
30617 -316.0000000000
30731 -315.0000000000
30743 -314.0000000000
30787 -313.0000000000
30810 -312.0000000000
30905 -311.0000000000
30912 -310.0000000000
30962 -307.0000000000
31060 -306.0000000000
31156 -305.0000000000
31205 -303.0000000000
31352 -302.0000000000
31367 -300.0000000000
31547 -299.0000000000
31568 -298.0000000000
31604 -296.0000000000
31652 -295.0000000000
31730 -293.0000000000
31795 -292.0000000000
31853 -291.0000000000
31881 -290.0000000000
31923 -289.0000000000
32040 -288.0000000000
32073 -287.0000000000
32118 -286.0000000000
32252 -281.0000000000
32426 -280.0000000000
32503 -279.0000000000
32557 -278.0000000000
32655 -277.0000000000
32720 -276.0000000000
32763 -275.0000000000
32809 -274.0000000000
32871 -273.0000000000
32927 -269.0000000000
33016 -266.0000000000
33114 -265.0000000000
33279 -262.0000000000
33400 -261.0000000000
33488 -260.0000000000
33554 -258.0000000000
33673 -256.0000000000
33804 -255.0000000000
33827 -254.0000000000
33872 -251.0000000000
34052 -248.0000000000
34201 -247.0000000000
34211 -246.0000000000
34287 -244.0000000000
34377 -241.0000000000
34572 -239.0000000000
34710 -237.0000000000
34734 -236.0000000000
34860 -234.0000000000
34959 -232.0000000000
35037 -231.0000000000
35059 -227.0000000000
35242 -226.0000000000
35278 -225.0000000000
35347 -224.0000000000
35408 -223.0000000000
35487 -221.0000000000
35594 -220.0000000000
35662 -219.0000000000
35714 -218.0000000000
35751 -217.0000000000
35895 -216.0000000000
35903 -215.0000000000
35970 -214.0000000000
36043 -213.0000000000
36053 -211.0000000000
36184 -209.0000000000
36296 -208.0000000000
36418 -207.0000000000
36509 -206.0000000000
36530 -204.0000000000
36616 -203.0000000000
36691 -202.0000000000
36692 -200.0000000000
36775 -199.0000000000
36867 -198.0000000000
36955 -197.0000000000
37041 -196.0000000000
37084 -195.0000000000
37148 -193.0000000000
37206 -190.0000000000
37450 -188.0000000000
37522 -187.0000000000
37649 -186.0000000000
37652 -185.0000000000
37711 -184.0000000000
37861 -183.0000000000
37953 -180.0000000000
37999 -179.0000000000
38215 -178.0000000000
38241 -177.0000000000
38262 -176.0000000000
38369 -174.0000000000
38482 -173.0000000000
38614 -172.0000000000
38690 -171.0000000000
38703 -170.0000000000
38848 -169.0000000000
38883 -167.0000000000
39041 -165.0000000000
39204 -164.0000000000
39329 -163.0000000000
39375 -160.0000000000
39401 -159.0000000000
39598 -158.0000000000
39632 -157.0000000000
39690 -155.0000000000
39717 -154.0000000000
39835 -153.0000000000
39879 -151.0000000000
40050 -150.0000000000
40121 -148.0000000000
40267 -146.0000000000
40321 -145.0000000000
40375 -144.0000000000
40391 -143.0000000000
40519 -141.0000000000
40687 -138.0000000000
40852 -134.0000000000
41079 -133.0000000000
41086 -132.0000000000
41217 -131.0000000000
41263 -130.0000000000
41304 -129.0000000000
41385 -128.0000000000
41428 -127.0000000000
41460 -125.0000000000
41564 -124.0000000000
41707 -121.0000000000
41973 -120.0000000000
42144 -119.0000000000
42195 -118.0000000000
42314 -117.0000000000
42442 -114.0000000000
42762 -113.0000000000
42838 -112.0000000000
42866 -111.0000000000
42891 -110.0000000000
42949 -109.0000000000
43104 -108.0000000000
43138 -107.0000000000
43165 -106.0000000000
43180 -105.0000000000
43270 -104.0000000000
43313 -102.0000000000
43468 -101.0000000000
43624 -99.0000000000
43703 -98.0000000000
43863 -96.0000000000
43912 -95.0000000000
43986 -94.0000000000
44023 -93.0000000000
44304 -92.0000000000
44429 -91.0000000000
44545 -90.0000000000
44559 -89.0000000000
44653 -87.0000000000
44826 -86.0000000000
44928 -85.0000000000
45035 -84.0000000000
45107 -83.0000000000
45262 -82.0000000000
45313 -81.0000000000
45373 -80.0000000000
45410 -79.0000000000
45513 -78.0000000000
45579 -77.0000000000
45640 -76.0000000000
45755 -75.0000000000
45810 -74.0000000000
45874 -73.0000000000
45935 -72.0000000000
46052 -71.0000000000
46202 -70.0000000000
46367 -69.0000000000
46390 -68.0000000000
46558 -67.0000000000
46656 -66.0000000000
46709 -65.0000000000
46923 -64.0000000000
47144 -63.0000000000
47218 -62.0000000000
47264 -61.0000000000
47330 -60.0000000000
47629 -59.0000000000
47915 -58.0000000000
47969 -57.0000000000
48087 -56.0000000000
48211 -55.0000000000
48323 -54.0000000000
48470 -52.0000000000
48620 -51.0000000000
48652 -50.0000000000
48665 -49.0000000000
48729 -48.0000000000
48873 -47.0000000000
48967 -46.0000000000
49264 -45.0000000000
49411 -43.0000000000
49843 -42.0000000000
50098 -41.0000000000
50156 -40.0000000000
50254 -39.0000000000
50515 -38.0000000000
50634 -37.0000000000
50688 -36.0000000000
50833 -35.0000000000
50905 -33.0000000000
50960 -32.0000000000
51041 -31.0000000000
51182 -30.0000000000
51275 -29.0000000000
51412 -28.0000000000
51456 -27.0000000000
51583 -26.0000000000
51887 -25.0000000000
52139 -24.0000000000
52236 -23.0000000000
52473 -22.0000000000
52493 -20.0000000000
52638 -19.0000000000
52757 -18.0000000000
53025 -17.0000000000
53234 -16.0000000000
53275 -15.0000000000
53501 -14.0000000000
53682 -13.0000000000
53893 -12.0000000000
54258 -11.0000000000
54301 -9.0000000000
54922 -8.0000000000
55191 -7.0000000000
55435 -6.0000000000
55623 -5.0000000000
55824 -4.0000000000
56001 -2.0000000000
56287 -1.0000000000
56859 133.2500000000
56890 136.4300000000
57011 140.4500000000
57069 153.7800000000
57427 162.3200000000
57559 162.5600000000
57590 165.3700000000
57700 174.1800000000
57869 175.2800000000
57974 177.1200000000
57977 178.8200000000
57980 190.9900000000
58060 206.0800000000
58182 251.8700000000
58220 257.8300000000
58315 264.9200000000
58339 282.9600000000
58362 287.8300000000
58385 292.3000000000
58432 318.5100000000
58464 330.4900000000
58585 332.7300000000
58598 333.7900000000
58708 340.1400000000
58788 420.7800000000
58844 435.2900000000
58891 445.7400000000
58893 482.1500000000
59462 482.8300000000
59572 551.1800000000
59743 553.4000000000
59805 564.0800000000
59873 566.2100000000
59891 579.5800000000
60118 595.2100000000
60337 609.8100000000
60497 633.3800000000
60876 636.0000000000
60921 638.4500000000
61012 646.4700000000
61027 658.6100000000
61060 667.0300000000
61131 674.8300000000
61163 682.3700000000
61260 701.6100000000
61326 717.4600000000
61410 721.0000000000
61542 726.7900000000
61641 729.0700000000
61711 733.5800000000
61745 755.2100000000
62107 755.5100000000
62355 757.3800000000
62929 759.7100000000
63219 766.8300000000
63871 768.6100000000
63886 789.3800000000
64449 790.6600000000
64571 791.3100000000
64597 794.2600000000
64785 800.1600000000
65680 804.5600000000
66019 805.7700000000
66138 814.1200000000
66472 821.9400000000
67400 833.4200000000
67791 856.7300000000
67797 863.8500000000
67900 865.8100000000
67977 870.1600000000
68000 879.2400000000
68007 889.3000000000
68301 892.5600000000
68536 894.3900000000
69688 896.8100000000
70215 897.7300000000
70301 904.6500000000
70447 910.4700000000
70853 911.5400000000
71095 912.6700000000
72160 913.1400000000
72535 920.6900000000
73198 924.2200000000
73951 930.6600000000
74710 931.8000000000
74732 933.0900000000
75181 933.4300000000
75273 933.9700000000
75288 937.0200000000
75336 940.3400000000
76437 940.9300000000
76842 944.2500000000
81488 948.5500000000
83213 951.4400000000
86174 959.9300000000
87528 964.5500000000
87863 964.5600000000
88651 968.4200000000
88978 970.1000000000
89346 972.1200000000
90953 974.4500000000
91237 986.0300000000
97226 986.7000000000
99246 989.3500000000
99309 990.0200000000
99313 994.1800000000
100000 924.8500000000
evaluations raw_y
1 -1955.0000000000
2 -1949.0000000000
3 -1948.0000000000
69 -1938.0000000000
120 -1924.0000000000
155 -1920.0000000000
191 -1904.0000000000
209 -1903.0000000000
227 -1887.0000000000
290 -1867.0000000000
320 -1851.0000000000
366 -1829.0000000000
484 -1823.0000000000
486 -1811.0000000000
521 -1795.0000000000
542 -1773.0000000000
623 -1755.0000000000
673 -1754.0000000000
683 -1740.0000000000
754 -1736.0000000000
760 -1732.0000000000
785 -1724.0000000000
819 -1721.0000000000
838 -1706.0000000000
847 -1702.0000000000
855 -1683.0000000000
909 -1677.0000000000
959 -1674.0000000000
965 -1670.0000000000
977 -1668.0000000000
1014 -1658.0000000000
1051 -1657.0000000000
1053 -1648.0000000000
1070 -1644.0000000000
1077 -1637.0000000000
1101 -1632.0000000000
1155 -1623.0000000000
1163 -1622.0000000000
1200 -1603.0000000000
1228 -1595.0000000000
1293 -1586.0000000000
1315 -1579.0000000000
1356 -1574.0000000000
1398 -1559.0000000000
1480 -1542.0000000000
1507 -1540.0000000000
1573 -1535.0000000000
1584 -1534.0000000000
1588 -1528.0000000000
1637 -1522.0000000000
1640 -1520.0000000000
1705 -1516.0000000000
1708 -1515.0000000000
1737 -1513.0000000000
1756 -1508.0000000000
1762 -1506.0000000000
1790 -1503.0000000000
1805 -1499.0000000000
1807 -1497.0000000000
1837 -1489.0000000000
1843 -1481.0000000000
1903 -1471.0000000000
1909 -1464.0000000000
2010 -1462.0000000000
2031 -1457.0000000000
2097 -1452.0000000000
2102 -1450.0000000000
2109 -1436.0000000000
2206 -1426.0000000000
2296 -1420.0000000000
2322 -1415.0000000000
2361 -1408.0000000000
2391 -1406.0000000000
2403 -1405.0000000000
2432 -1395.0000000000
2529 -1392.0000000000
2550 -1389.0000000000
2573 -1388.0000000000
2604 -1382.0000000000
2656 -1379.0000000000
2687 -1376.0000000000
2704 -1371.0000000000
2752 -1367.0000000000
2798 -1366.0000000000
2812 -1362.0000000000
2819 -1359.0000000000
2858 -1349.0000000000
2955 -1348.0000000000
2979 -1347.0000000000
2981 -1343.0000000000
2995 -1342.0000000000
3013 -1341.0000000000
3052 -1339.0000000000
3056 -1338.0000000000
3080 -1337.0000000000
3105 -1335.0000000000
3109 -1332.0000000000
3152 -1331.0000000000
3163 -1330.0000000000
3185 -1324.0000000000
3223 -1320.0000000000
3279 -1319.0000000000
3306 -1318.0000000000
3334 -1317.0000000000
3356 -1312.0000000000
3408 -1311.0000000000
3411 -1303.0000000000
3510 -1301.0000000000
3513 -1297.0000000000
3566 -1293.0000000000
3628 -1292.0000000000
3636 -1290.0000000000
3666 -1288.0000000000
3675 -1283.0000000000
3742 -1282.0000000000
3782 -1278.0000000000
3853 -1277.0000000000
3856 -1274.0000000000
3875 -1273.0000000000
3910 -1268.0000000000
3962 -1267.0000000000
4001 -1266.0000000000
4003 -1264.0000000000
4012 -1261.0000000000
4104 -1260.0000000000
4135 -1259.0000000000
4165 -1258.0000000000
4173 -1255.0000000000
4263 -1251.0000000000
4281 -1250.0000000000
4305 -1249.0000000000
4310 -1247.0000000000
4322 -1246.0000000000
4363 -1245.0000000000
4376 -1241.0000000000
4403 -1236.0000000000
4506 -1231.0000000000
4605 -1229.0000000000
4609 -1227.0000000000
4625 -1226.0000000000
4686 -1225.0000000000
4720 -1223.0000000000
4724 -1222.0000000000
4752 -1221.0000000000
4795 -1219.0000000000
4805 -1218.0000000000
4862 -1217.0000000000
4874 -1216.0000000000
4896 -1215.0000000000
4943 -1213.0000000000
4954 -1208.0000000000
5104 -1201.0000000000
5201 -1200.0000000000
5239 -1197.0000000000
5302 -1195.0000000000
5313 -1194.0000000000
5372 -1192.0000000000
5409 -1191.0000000000
5413 -1190.0000000000
5465 -1188.0000000000
5538 -1187.0000000000
5555 -1186.0000000000
5558 -1184.0000000000
5623 -1183.0000000000
5628 -1181.0000000000
5666 -1176.0000000000
5684 -1175.0000000000
5772 -1174.0000000000
5785 -1171.0000000000
5849 -1170.0000000000
5917 -1164.0000000000
5984 -1159.0000000000
6109 -1157.0000000000
6151 -1154.0000000000
6198 -1153.0000000000
6228 -1152.0000000000
6258 -1151.0000000000
6290 -1149.0000000000
6296 -1147.0000000000
6318 -1146.0000000000
6353 -1143.0000000000
6425 -1136.0000000000
6602 -1133.0000000000
6668 -1132.0000000000
6676 -1131.0000000000
6719 -1129.0000000000
6722 -1128.0000000000
6761 -1123.0000000000
6858 -1122.0000000000
6898 -1121.0000000000
6927 -1117.0000000000
6962 -1114.0000000000
7021 -1113.0000000000
7069 -1109.0000000000
7162 -1108.0000000000
7225 -1106.0000000000
7255 -1105.0000000000
7306 -1099.0000000000
7377 -1098.0000000000
7405 -1097.0000000000
7452 -1095.0000000000
7530 -1092.0000000000
7571 -1091.0000000000
7612 -1090.0000000000
7641 -1087.0000000000
7659 -1086.0000000000
7709 -1085.0000000000
7745 -1084.0000000000
7802 -1082.0000000000
7823 -1080.0000000000
7838 -1079.0000000000
7862 -1078.0000000000
7865 -1073.0000000000
8009 -1072.0000000000
8025 -1069.0000000000
8052 -1067.0000000000
8156 -1063.0000000000
8216 -1062.0000000000
8255 -1060.0000000000
8310 -1058.0000000000
8370 -1057.0000000000
8387 -1056.0000000000
8407 -1054.0000000000
8449 -1051.0000000000
8497 -1048.0000000000
8569 -1045.0000000000
8599 -1044.0000000000
8607 -1043.0000000000
8662 -1042.0000000000
8711 -1041.0000000000
8759 -1039.0000000000
8777 -1038.0000000000
8822 -1036.0000000000
8831 -1034.0000000000
8859 -1033.0000000000
8956 -1032.0000000000
8963 -1031.0000000000
8966 -1029.0000000000
9052 -1028.0000000000
9078 -1026.0000000000
9103 -1022.0000000000
9221 -1019.0000000000
9251 -1016.0000000000
9342 -1015.0000000000
9422 -1014.0000000000
9438 -1012.0000000000
9466 -1008.0000000000
9554 -1006.0000000000
9570 -1005.0000000000
9644 -1002.0000000000
9754 -1000.0000000000
9769 -998.0000000000
9848 -995.0000000000
9881 -994.0000000000
9922 -993.0000000000
9983 -992.0000000000
9987 -990.0000000000
10095 -989.0000000000
10116 -986.0000000000
10180 -983.0000000000
10264 -982.0000000000
10295 -980.0000000000
10310 -979.0000000000
10331 -978.0000000000
10373 -976.0000000000
10391 -973.0000000000
10415 -972.0000000000
10443 -970.0000000000
10569 -969.0000000000
10580 -966.0000000000
10626 -963.0000000000
10669 -962.0000000000
10756 -960.0000000000
10797 -959.0000000000
10817 -958.0000000000
10842 -957.0000000000
10879 -956.0000000000
10902 -955.0000000000
10914 -954.0000000000
10952 -951.0000000000
10958 -950.0000000000
11016 -949.0000000000
11043 -947.0000000000
11073 -946.0000000000
11078 -945.0000000000
11108 -943.0000000000
11132 -942.0000000000
11152 -939.0000000000
11227 -936.0000000000
11340 -934.0000000000
11345 -933.0000000000
11404 -931.0000000000
11422 -930.0000000000
11480 -929.0000000000
11499 -928.0000000000
11552 -927.0000000000
11580 -926.0000000000
11588 -925.0000000000
11606 -923.0000000000
11674 -921.0000000000
11702 -920.0000000000
11713 -917.0000000000
11804 -916.0000000000
11838 -915.0000000000
11864 -914.0000000000
11902 -913.0000000000
11912 -912.0000000000
11938 -908.0000000000
12007 -907.0000000000
12038 -906.0000000000
12103 -904.0000000000
12110 -903.0000000000
12154 -902.0000000000
12189 -899.0000000000
12310 -897.0000000000
12377 -896.0000000000
12391 -893.0000000000
12399 -888.0000000000
12458 -887.0000000000
12471 -885.0000000000
12512 -884.0000000000
12617 -882.0000000000
12647 -881.0000000000
12671 -880.0000000000
12677 -878.0000000000
12756 -875.0000000000
12826 -874.0000000000
12838 -873.0000000000
12845 -872.0000000000
12887 -871.0000000000
12895 -870.0000000000
12913 -869.0000000000
12917 -868.0000000000
12959 -867.0000000000
13013 -866.0000000000
13057 -864.0000000000
13107 -863.0000000000
13120 -861.0000000000
13139 -860.0000000000
13196 -859.0000000000
13217 -857.0000000000
13264 -852.0000000000
13356 -851.0000000000
13443 -850.0000000000
13498 -849.0000000000
13548 -845.0000000000
13620 -841.0000000000
13650 -840.0000000000
13718 -839.0000000000
13720 -837.0000000000
13759 -835.0000000000
13824 -834.0000000000
13856 -833.0000000000
13872 -831.0000000000
13952 -830.0000000000
13978 -827.0000000000
14122 -826.0000000000
14126 -824.0000000000
14172 -822.0000000000
14194 -821.0000000000
14208 -820.0000000000
14232 -819.0000000000
14246 -818.0000000000
14297 -817.0000000000
14310 -816.0000000000
14325 -814.0000000000
14389 -812.0000000000
14457 -811.0000000000
14470 -808.0000000000
14603 -806.0000000000
14652 -805.0000000000
14681 -804.0000000000
14701 -803.0000000000
14756 -802.0000000000
14780 -797.0000000000
14880 -796.0000000000
14910 -795.0000000000
14952 -794.0000000000
14959 -793.0000000000
14991 -790.0000000000
15039 -789.0000000000
15108 -788.0000000000
15111 -787.0000000000
15156 -785.0000000000
15227 -784.0000000000
15242 -783.0000000000
15254 -782.0000000000
15349 -781.0000000000
15354 -779.0000000000
15406 -776.0000000000
15514 -774.0000000000
15532 -772.0000000000
15613 -770.0000000000
15654 -767.0000000000
15711 -766.0000000000
15712 -764.0000000000
15760 -763.0000000000
15802 -761.0000000000
15821 -759.0000000000
15844 -757.0000000000
15878 -754.0000000000
15974 -753.0000000000
15991 -752.0000000000
16061 -750.0000000000
16104 -749.0000000000
16110 -747.0000000000
16152 -741.0000000000
16296 -739.0000000000
16402 -736.0000000000
16410 -735.0000000000
16502 -734.0000000000
16505 -733.0000000000
16524 -730.0000000000
16584 -729.0000000000
16588 -727.0000000000
16709 -726.0000000000
16722 -725.0000000000
16764 -724.0000000000
16786 -723.0000000000
16808 -722.0000000000
16820 -721.0000000000
16863 -718.0000000000
16954 -715.0000000000
17020 -714.0000000000
17106 -712.0000000000
17166 -711.0000000000
17174 -710.0000000000
17195 -709.0000000000
17207 -707.0000000000
17268 -706.0000000000
17299 -705.0000000000
17348 -701.0000000000
17363 -698.0000000000
17453 -695.0000000000
17571 -693.0000000000
17698 -692.0000000000
17734 -688.0000000000
17853 -685.0000000000
17886 -684.0000000000
17914 -683.0000000000
17968 -682.0000000000
17985 -681.0000000000
18001 -680.0000000000
18012 -679.0000000000
18014 -678.0000000000
18137 -677.0000000000
18145 -676.0000000000
18149 -675.0000000000
18188 -674.0000000000
18249 -672.0000000000
18288 -670.0000000000
18290 -669.0000000000
18370 -666.0000000000
18414 -664.0000000000
18551 -663.0000000000
18556 -662.0000000000
18588 -660.0000000000
18715 -659.0000000000
18741 -655.0000000000
18788 -654.0000000000
18829 -653.0000000000
18862 -652.0000000000
18867 -651.0000000000
18915 -650.0000000000
18948 -647.0000000000
19032 -646.0000000000
19061 -645.0000000000
19122 -644.0000000000
19164 -641.0000000000
19259 -638.0000000000
19271 -637.0000000000
19305 -635.0000000000
19376 -633.0000000000
19412 -632.0000000000
19433 -630.0000000000
19465 -629.0000000000
19555 -628.0000000000
19587 -627.0000000000
19635 -626.0000000000
19652 -624.0000000000
19702 -622.0000000000
19754 -620.0000000000
19784 -618.0000000000
19821 -616.0000000000
19890 -614.0000000000
19921 -613.0000000000
19967 -611.0000000000
20003 -609.0000000000
20022 -608.0000000000
20201 -602.0000000000
20333 -601.0000000000
20364 -599.0000000000
20436 -598.0000000000
20473 -597.0000000000
20495 -596.0000000000
20514 -595.0000000000
20540 -593.0000000000
20578 -591.0000000000
20652 -590.0000000000
20662 -589.0000000000
20707 -588.0000000000
20768 -587.0000000000
20823 -584.0000000000
20843 -583.0000000000
20937 -580.0000000000
21061 -577.0000000000
21067 -576.0000000000
21113 -575.0000000000
21180 -574.0000000000
21251 -571.0000000000
21302 -570.0000000000
21345 -569.0000000000
21352 -562.0000000000
21602 -558.0000000000
21701 -557.0000000000
21769 -554.0000000000
21820 -553.0000000000
21899 -552.0000000000
21936 -551.0000000000
21976 -549.0000000000
22012 -547.0000000000
22098 -546.0000000000
22109 -545.0000000000
22154 -544.0000000000
22192 -543.0000000000
22288 -542.0000000000
22306 -540.0000000000
22442 -539.0000000000
22484 -538.0000000000
22505 -537.0000000000
22540 -535.0000000000
22554 -533.0000000000
22632 -532.0000000000
22709 -530.0000000000
22831 -528.0000000000
22876 -526.0000000000
22897 -525.0000000000
22960 -522.0000000000
23102 -521.0000000000
23107 -520.0000000000
23200 -519.0000000000
23227 -517.0000000000
23240 -516.0000000000
23309 -514.0000000000
23389 -512.0000000000
23401 -511.0000000000
23511 -510.0000000000
23540 -509.0000000000
23568 -507.0000000000
23660 -505.0000000000
23728 -501.0000000000
23841 -500.0000000000
23883 -499.0000000000
23924 -498.0000000000
23961 -495.0000000000
24011 -493.0000000000
24034 -492.0000000000
24050 -491.0000000000
24171 -489.0000000000
24209 -488.0000000000
24292 -487.0000000000
24297 -484.0000000000
24358 -483.0000000000
24393 -482.0000000000
24473 -480.0000000000
24507 -478.0000000000
24552 -476.0000000000
24694 -475.0000000000
24714 -473.0000000000
24823 -472.0000000000
24905 -471.0000000000
24954 -470.0000000000
24979 -469.0000000000
25064 -468.0000000000
25069 -466.0000000000
25119 -465.0000000000
25165 -463.0000000000
25208 -459.0000000000
25311 -458.0000000000
25334 -457.0000000000
25346 -456.0000000000
25408 -453.0000000000
25458 -451.0000000000
25618 -445.0000000000
25742 -442.0000000000
25881 -439.0000000000
25911 -437.0000000000
25992 -434.0000000000
26079 -433.0000000000
26109 -432.0000000000
26156 -430.0000000000
26261 -429.0000000000
26294 -428.0000000000
26301 -426.0000000000
26355 -425.0000000000
26475 -423.0000000000
26502 -422.0000000000
26513 -421.0000000000
26561 -420.0000000000
26606 -419.0000000000
26658 -417.0000000000
26668 -414.0000000000
26783 -413.0000000000
26803 -412.0000000000
26858 -409.0000000000
26924 -408.0000000000
27018 -407.0000000000
27030 -406.0000000000
27042 -405.0000000000
27087 -404.0000000000
27102 -403.0000000000
27190 -400.0000000000
27251 -398.0000000000
27265 -396.0000000000
27327 -395.0000000000
27358 -393.0000000000
27416 -390.0000000000
27454 -387.0000000000
27539 -386.0000000000
27577 -385.0000000000
27658 -383.0000000000
27708 -379.0000000000
27867 -378.0000000000
27871 -377.0000000000
27929 -376.0000000000
27994 -373.0000000000
28063 -372.0000000000
28097 -371.0000000000
28214 -370.0000000000
28234 -369.0000000000
28241 -367.0000000000
28364 -366.0000000000
28427 -363.0000000000
28518 -361.0000000000
28567 -360.0000000000
28659 -359.0000000000
28665 -358.0000000000
28749 -356.0000000000
28794 -355.0000000000
28893 -352.0000000000
28902 -349.0000000000
29105 -347.0000000000
29227 -344.0000000000
29331 -342.0000000000
29467 -341.0000000000
29501 -340.0000000000
29540 -337.0000000000
29658 -336.0000000000
29695 -333.0000000000
29803 -332.0000000000
29900 -329.0000000000
29999 -328.0000000000
30067 -327.0000000000
30104 -325.0000000000
30214 -324.0000000000
30304 -322.0000000000
30410 -321.0000000000
30476 -319.0000000000
30508 -316.0000000000
30716 -313.0000000000
30803 -312.0000000000
30831 -311.0000000000
30884 -309.0000000000
30995 -307.0000000000
31008 -306.0000000000
31099 -305.0000000000
31104 -304.0000000000
31169 -303.0000000000
31205 -301.0000000000
31206 -300.0000000000
31268 -297.0000000000
31451 -296.0000000000
31464 -293.0000000000
31542 -292.0000000000
31612 -291.0000000000
31684 -290.0000000000
31718 -289.0000000000
31794 -286.0000000000
31912 -285.0000000000
32000 -284.0000000000
32007 -283.0000000000
32024 -282.0000000000
32126 -281.0000000000
32183 -280.0000000000
32193 -276.0000000000
32304 -274.0000000000
32412 -273.0000000000
32501 -272.0000000000
32533 -271.0000000000
32556 -270.0000000000
32624 -269.0000000000
32636 -268.0000000000
32702 -266.0000000000
32844 -265.0000000000
32914 -264.0000000000
33009 -262.0000000000
33076 -261.0000000000
33080 -260.0000000000
33114 -259.0000000000
33162 -258.0000000000
33208 -256.0000000000
33284 -252.0000000000
33432 -251.0000000000
33540 -249.0000000000
33753 -248.0000000000
33900 -246.0000000000
33938 -245.0000000000
34150 -243.0000000000
34214 -241.0000000000
34386 -240.0000000000
34428 -238.0000000000
34501 -237.0000000000
34603 -236.0000000000
34611 -234.0000000000
34794 -233.0000000000
34852 -232.0000000000
35021 -231.0000000000
35209 -229.0000000000
35314 -227.0000000000
35464 -225.0000000000
35616 -224.0000000000
35621 -222.0000000000
35768 -220.0000000000
35849 -219.0000000000
35933 -217.0000000000
36053 -216.0000000000
36065 -215.0000000000
36167 -214.0000000000
36190 -213.0000000000
36302 -212.0000000000
36363 -211.0000000000
36469 -210.0000000000
36515 -209.0000000000
36520 -206.0000000000
36797 -205.0000000000
36845 -204.0000000000
36920 -203.0000000000
37042 -201.0000000000
37113 -200.0000000000
37163 -199.0000000000
37276 -197.0000000000
37280 -196.0000000000
37334 -195.0000000000
37401 -190.0000000000
37587 -189.0000000000
37602 -188.0000000000
37751 -186.0000000000
37892 -185.0000000000
37989 -184.0000000000
38100 -183.0000000000
38136 -182.0000000000
38166 -181.0000000000
38233 -180.0000000000
38310 -179.0000000000
38356 -178.0000000000
38371 -175.0000000000
38539 -174.0000000000
38624 -173.0000000000
38656 -171.0000000000
38803 -170.0000000000
38927 -169.0000000000
38959 -168.0000000000
39037 -164.0000000000
39129 -163.0000000000
39155 -162.0000000000
39222 -160.0000000000
39394 -159.0000000000
39474 -158.0000000000
39569 -157.0000000000
39571 -156.0000000000
39702 -153.0000000000
39849 -152.0000000000
40014 -150.0000000000
40075 -149.0000000000
40101 -148.0000000000
40225 -146.0000000000
40327 -145.0000000000
40352 -144.0000000000
40447 -143.0000000000
40568 -141.0000000000
40704 -140.0000000000
40817 -138.0000000000
40953 -137.0000000000
40993 -136.0000000000
41063 -134.0000000000
41227 -133.0000000000
41287 -132.0000000000
41357 -130.0000000000
41495 -129.0000000000
41576 -128.0000000000
41690 -127.0000000000
41704 -126.0000000000
41821 -124.0000000000
41867 -123.0000000000
42011 -122.0000000000
42060 -121.0000000000
42069 -120.0000000000
42145 -119.0000000000
42276 -118.0000000000
42370 -117.0000000000
42434 -116.0000000000
42497 -115.0000000000
42523 -114.0000000000
42687 -113.0000000000
42755 -112.0000000000
42866 -111.0000000000
42908 -110.0000000000
42968 -109.0000000000
43001 -108.0000000000
43082 -107.0000000000
43259 -106.0000000000
43265 -105.0000000000
43379 -104.0000000000
43402 -103.0000000000
43560 -102.0000000000
43619 -101.0000000000
43767 -100.0000000000
43769 -99.0000000000
43937 -98.0000000000
43965 -97.0000000000
44074 -95.0000000000
44215 -94.0000000000
44406 -93.0000000000
44491 -92.0000000000
44509 -91.0000000000
44699 -90.0000000000
44747 -88.0000000000
44766 -86.0000000000
44999 -85.0000000000
45050 -83.0000000000
45183 -80.0000000000
45339 -79.0000000000
45453 -78.0000000000
45591 -77.0000000000
45634 -76.0000000000
45766 -75.0000000000
45852 -73.0000000000
46078 -72.0000000000
46214 -71.0000000000
46263 -70.0000000000
46329 -69.0000000000
46416 -68.0000000000
46494 -67.0000000000
46619 -66.0000000000
46706 -64.0000000000
46860 -62.0000000000
47073 -61.0000000000
47247 -60.0000000000
47273 -59.0000000000
47412 -58.0000000000
47468 -57.0000000000
47644 -56.0000000000
47711 -55.0000000000
47862 -54.0000000000
47992 -53.0000000000
48105 -52.0000000000
48151 -50.0000000000
48425 -49.0000000000
48629 -48.0000000000
48650 -46.0000000000
48757 -45.0000000000
48824 -44.0000000000
49007 -43.0000000000
49116 -42.0000000000
49168 -41.0000000000
49169 -40.0000000000
49439 -39.0000000000
49654 -38.0000000000
49667 -37.0000000000
49900 -36.0000000000
49909 -35.0000000000
50302 -34.0000000000
50309 -33.0000000000
50382 -31.0000000000
50740 -30.0000000000
50902 -29.0000000000
50934 -28.0000000000
51097 -26.0000000000
51331 -25.0000000000
51582 -24.0000000000
51694 -23.0000000000
52114 -22.0000000000
52251 -21.0000000000
52598 -20.0000000000
52654 -19.0000000000
52953 -18.0000000000
53178 -17.0000000000
53263 -15.0000000000
53627 -14.0000000000
53771 -13.0000000000
53776 -12.0000000000
54132 -11.0000000000
54335 -10.0000000000
54970 -9.0000000000
55034 -8.0000000000
55388 -7.0000000000
55640 -6.0000000000
55990 -5.0000000000
56111 -4.0000000000
56147 -3.0000000000
56435 -2.0000000000
56734 -1.0000000000
57020 155.2800000000
57124 171.6000000000
57597 175.6700000000
57839 180.5300000000
57922 183.8100000000
57978 212.9000000000
58370 214.7100000000
58403 235.4100000000
58441 272.4400000000
58500 294.4100000000
58506 301.4400000000
58519 333.4100000000
58525 342.9700000000
58548 347.4800000000
58648 355.3300000000
58654 356.2100000000
58709 376.7200000000
59178 491.4700000000
59201 493.7900000000
59343 507.8400000000
59498 514.5500000000
59595 518.0100000000
59654 593.8700000000
59783 621.9000000000
60283 723.4300000000
60333 728.4600000000
60391 733.7100000000
60605 735.9500000000
60610 739.3400000000
60709 741.6400000000
60842 763.5400000000
62133 766.9000000000
62478 768.8300000000
62590 780.1900000000
63105 782.9300000000
63639 787.2500000000
63791 795.4700000000
63888 799.7900000000
64209 803.3900000000
64377 816.8000000000
64658 824.8900000000
65111 839.7900000000
70204 840.9500000000
73109 846.4000000000
75880 850.9900000000
76276 853.3600000000
76499 857.9400000000
76733 861.5100000000
77731 863.0700000000
77779 863.1500000000
78565 869.3300000000
78689 871.9900000000
79518 877.5200000000
79745 880.4700000000
79795 889.4100000000
80015 892.3600000000
80111 903.9300000000
80347 913.7200000000
80367 916.6400000000
80381 932.3700000000
80420 934.8900000000
80447 938.6000000000
80452 942.4000000000
80470 945.1400000000
80551 945.3900000000
80559 968.1100000000
81484 968.7600000000
82450 971.6700000000
83345 973.0300000000
83469 973.3200000000
88290 975.1600000000
89292 988.6300000000
94014 993.6200000000
95642 995.2000000000
100000 907.5100000000
evaluations raw_y
1 -2036.0000000000
2 -2023.0000000000
4 -2004.0000000000
7 -1998.0000000000
8 -1947.0000000000
28 -1934.0000000000
41 -1917.0000000000
60 -1907.0000000000
119 -1899.0000000000
137 -1890.0000000000
142 -1885.0000000000
167 -1880.0000000000
213 -1877.0000000000
220 -1866.0000000000
228 -1842.0000000000
295 -1824.0000000000
304 -1823.0000000000
386 -1817.0000000000
390 -1812.0000000000
394 -1808.0000000000
403 -1803.0000000000
413 -1797.0000000000
456 -1795.0000000000
460 -1765.0000000000
562 -1759.0000000000
580 -1754.0000000000
608 -1740.0000000000
677 -1706.0000000000
787 -1704.0000000000
805 -1702.0000000000
808 -1694.0000000000
851 -1684.0000000000
903 -1681.0000000000
941 -1677.0000000000
947 -1674.0000000000
1003 -1673.0000000000
1007 -1660.0000000000
1012 -1648.0000000000
1054 -1640.0000000000
1112 -1639.0000000000
1120 -1633.0000000000
1172 -1629.0000000000
1175 -1628.0000000000
1196 -1626.0000000000
1198 -1619.0000000000
1202 -1617.0000000000
1227 -1613.0000000000
1244 -1608.0000000000
1256 -1607.0000000000
1274 -1594.0000000000
1301 -1593.0000000000
1351 -1592.0000000000
1374 -1589.0000000000
1394 -1575.0000000000
1435 -1573.0000000000
1471 -1568.0000000000
1503 -1564.0000000000
1526 -1563.0000000000
1538 -1561.0000000000
1556 -1550.0000000000
1623 -1549.0000000000
1626 -1547.0000000000
1658 -1545.0000000000
1666 -1539.0000000000
1726 -1532.0000000000
1758 -1528.0000000000
1769 -1521.0000000000
1817 -1516.0000000000
1881 -1512.0000000000
1908 -1511.0000000000
1919 -1510.0000000000
1929 -1506.0000000000
1950 -1502.0000000000
1980 -1495.0000000000
2004 -1494.0000000000
2062 -1486.0000000000
2127 -1483.0000000000
2169 -1482.0000000000
2192 -1481.0000000000
2215 -1477.0000000000
2234 -1475.0000000000
2242 -1471.0000000000
2254 -1467.0000000000
2255 -1466.0000000000
2301 -1460.0000000000
2357 -1456.0000000000
2431 -1454.0000000000
2456 -1451.0000000000
2491 -1449.0000000000
2503 -1443.0000000000
2558 -1442.0000000000
2577 -1440.0000000000
2623 -1434.0000000000
2647 -1432.0000000000
2656 -1429.0000000000
2719 -1426.0000000000
2776 -1425.0000000000
2777 -1424.0000000000
2793 -1422.0000000000
2833 -1420.0000000000
2836 -1417.0000000000
2854 -1413.0000000000
2898 -1411.0000000000
2901 -1409.0000000000
2916 -1406.0000000000
2943 -1403.0000000000
3045 -1398.0000000000
3064 -1397.0000000000
3091 -1395.0000000000
3103 -1394.0000000000
3138 -1392.0000000000
3178 -1390.0000000000
3205 -1389.0000000000
3257 -1388.0000000000
3259 -1387.0000000000
3274 -1381.0000000000
3304 -1379.0000000000
3375 -1377.0000000000
3384 -1376.0000000000
3404 -1371.0000000000
3416 -1369.0000000000
3517 -1367.0000000000
3552 -1364.0000000000
3559 -1360.0000000000
3601 -1359.0000000000
3670 -1356.0000000000
3719 -1351.0000000000
3733 -1348.0000000000
3782 -1347.0000000000
3838 -1346.0000000000
3844 -1342.0000000000
3879 -1339.0000000000
3900 -1338.0000000000
3905 -1336.0000000000
3956 -1335.0000000000
3966 -1333.0000000000
4006 -1330.0000000000
4063 -1327.0000000000
4112 -1325.0000000000
4171 -1324.0000000000
4173 -1322.0000000000
4202 -1319.0000000000
4249 -1318.0000000000
4257 -1317.0000000000
4314 -1310.0000000000
4429 -1309.0000000000
4455 -1308.0000000000
4494 -1305.0000000000
4498 -1303.0000000000
4501 -1302.0000000000
4560 -1295.0000000000
4658 -1294.0000000000
4664 -1293.0000000000
4701 -1290.0000000000
4730 -1288.0000000000
4755 -1287.0000000000
4800 -1285.0000000000
4807 -1284.0000000000
4869 -1283.0000000000
4890 -1279.0000000000
4919 -1277.0000000000
4987 -1276.0000000000
5027 -1273.0000000000
5078 -1271.0000000000
5110 -1268.0000000000
5165 -1267.0000000000
5179 -1266.0000000000
5211 -1264.0000000000
5273 -1263.0000000000
5290 -1260.0000000000
5325 -1259.0000000000
5366 -1256.0000000000
5403 -1253.0000000000
5456 -1250.0000000000
5479 -1249.0000000000
5510 -1246.0000000000
5579 -1245.0000000000
5608 -1244.0000000000
5623 -1243.0000000000
5631 -1240.0000000000
5702 -1239.0000000000
5726 -1237.0000000000
5727 -1235.0000000000
5804 -1232.0000000000
5858 -1231.0000000000
5872 -1229.0000000000
5903 -1228.0000000000
5932 -1226.0000000000
5953 -1225.0000000000
5980 -1224.0000000000
6008 -1222.0000000000
6077 -1219.0000000000
6126 -1218.0000000000
6133 -1214.0000000000
6169 -1213.0000000000
6180 -1211.0000000000
6228 -1205.0000000000
6359 -1201.0000000000
6415 -1199.0000000000
6442 -1197.0000000000
6457 -1193.0000000000
6536 -1192.0000000000
6577 -1190.0000000000
6612 -1189.0000000000
6698 -1188.0000000000
6717 -1185.0000000000
6756 -1181.0000000000
6805 -1179.0000000000
6852 -1177.0000000000
6883 -1175.0000000000
6933 -1174.0000000000
6984 -1173.0000000000
7003 -1171.0000000000
7006 -1168.0000000000
7072 -1167.0000000000
7101 -1166.0000000000
7125 -1164.0000000000
7180 -1163.0000000000
7209 -1162.0000000000
7238 -1158.0000000000
7306 -1156.0000000000
7329 -1153.0000000000
7378 -1152.0000000000
7444 -1149.0000000000
7493 -1148.0000000000
7514 -1147.0000000000
7588 -1144.0000000000
7607 -1143.0000000000
7635 -1141.0000000000
7698 -1138.0000000000
7753 -1137.0000000000
7827 -1136.0000000000
7848 -1134.0000000000
7887 -1133.0000000000
7898 -1132.0000000000
7941 -1131.0000000000
7978 -1129.0000000000
7987 -1127.0000000000
8068 -1126.0000000000
8103 -1123.0000000000
8106 -1122.0000000000
8120 -1121.0000000000
8208 -1120.0000000000
8224 -1118.0000000000
8289 -1117.0000000000
8326 -1116.0000000000
8330 -1115.0000000000
8371 -1111.0000000000
8392 -1108.0000000000
8472 -1105.0000000000
8556 -1104.0000000000
8574 -1102.0000000000
8584 -1100.0000000000
8618 -1099.0000000000
8674 -1098.0000000000
8746 -1097.0000000000
8772 -1095.0000000000
8813 -1094.0000000000
8844 -1092.0000000000
8850 -1091.0000000000
8906 -1090.0000000000
8907 -1089.0000000000
8909 -1088.0000000000
8914 -1084.0000000000
9043 -1083.0000000000
9067 -1081.0000000000
9103 -1079.0000000000
9112 -1078.0000000000
9149 -1076.0000000000
9175 -1074.0000000000
9278 -1073.0000000000
9303 -1072.0000000000
9363 -1068.0000000000
9373 -1067.0000000000
9442 -1066.0000000000
9452 -1064.0000000000
9464 -1063.0000000000
9479 -1061.0000000000
9580 -1059.0000000000
9606 -1057.0000000000
9675 -1056.0000000000
9677 -1052.0000000000
9748 -1050.0000000000
9767 -1047.0000000000
9870 -1046.0000000000
9878 -1045.0000000000
9887 -1044.0000000000
9915 -1042.0000000000
9920 -1040.0000000000
9967 -1037.0000000000
10020 -1035.0000000000
10116 -1031.0000000000
10181 -1030.0000000000
10194 -1028.0000000000
10253 -1025.0000000000
10315 -1024.0000000000
10332 -1022.0000000000
10358 -1021.0000000000
10416 -1020.0000000000
10466 -1017.0000000000
10479 -1015.0000000000
10504 -1012.0000000000
10567 -1010.0000000000
10635 -1008.0000000000
10702 -1007.0000000000
10723 -1005.0000000000
10765 -1004.0000000000
10777 -1003.0000000000
10829 -1002.0000000000
10845 -999.0000000000
10857 -998.0000000000
10917 -997.0000000000
10956 -996.0000000000
11002 -995.0000000000
11016 -994.0000000000
11017 -989.0000000000
11105 -986.0000000000
11201 -981.0000000000
11299 -980.0000000000
11314 -979.0000000000
11328 -975.0000000000
11452 -973.0000000000
11454 -971.0000000000
11506 -970.0000000000
11514 -965.0000000000
11555 -964.0000000000
11612 -962.0000000000
11701 -960.0000000000
11766 -958.0000000000
11810 -957.0000000000
11833 -955.0000000000
11843 -954.0000000000
11860 -953.0000000000
11907 -952.0000000000
11911 -951.0000000000
11966 -945.0000000000
12052 -943.0000000000
12148 -942.0000000000
12174 -939.0000000000
12198 -937.0000000000
12255 -933.0000000000
12352 -932.0000000000
12359 -931.0000000000
12377 -929.0000000000
12381 -925.0000000000
12456 -924.0000000000
12491 -923.0000000000
12526 -922.0000000000
12584 -921.0000000000
12602 -920.0000000000
12632 -918.0000000000
12657 -917.0000000000
12702 -916.0000000000
12704 -915.0000000000
12752 -914.0000000000
12769 -912.0000000000
12811 -911.0000000000
12852 -910.0000000000
12857 -906.0000000000
12927 -904.0000000000
12970 -903.0000000000
12985 -902.0000000000
13048 -899.0000000000
13109 -896.0000000000
13186 -895.0000000000
13211 -894.0000000000
13241 -893.0000000000
13278 -891.0000000000
13319 -889.0000000000
13373 -888.0000000000
13402 -885.0000000000
13423 -884.0000000000
13506 -882.0000000000
13558 -880.0000000000
13575 -879.0000000000
13620 -878.0000000000
13668 -877.0000000000
13709 -876.0000000000
13711 -875.0000000000
13764 -874.0000000000
13801 -873.0000000000
13823 -870.0000000000
13889 -868.0000000000
13923 -867.0000000000
14003 -866.0000000000
14022 -864.0000000000
14048 -863.0000000000
14094 -862.0000000000
14155 -860.0000000000
14173 -856.0000000000
14178 -854.0000000000
14249 -852.0000000000
14327 -851.0000000000
14383 -849.0000000000
14459 -848.0000000000
14473 -847.0000000000
14486 -846.0000000000
14530 -845.0000000000
14547 -844.0000000000
14606 -843.0000000000
14615 -842.0000000000
14675 -841.0000000000
14682 -840.0000000000
14688 -839.0000000000
14711 -838.0000000000
14759 -837.0000000000
14793 -831.0000000000
14911 -830.0000000000
14924 -829.0000000000
14952 -828.0000000000
14953 -827.0000000000
15002 -825.0000000000
15008 -824.0000000000
15064 -823.0000000000
15102 -821.0000000000
15105 -820.0000000000
15111 -819.0000000000
15184 -818.0000000000
15235 -816.0000000000
15248 -815.0000000000
15302 -814.0000000000
15321 -811.0000000000
15341 -810.0000000000
15451 -807.0000000000
15504 -804.0000000000
15536 -803.0000000000
15542 -800.0000000000
15632 -798.0000000000
15689 -796.0000000000
15709 -793.0000000000
15862 -790.0000000000
15903 -786.0000000000
15964 -785.0000000000
15973 -784.0000000000
16035 -783.0000000000
16042 -782.0000000000
16043 -781.0000000000
16070 -780.0000000000
16109 -779.0000000000
16117 -776.0000000000
16225 -774.0000000000
16255 -773.0000000000
16263 -771.0000000000
16300 -770.0000000000
16343 -766.0000000000
16451 -763.0000000000
16453 -761.0000000000
16565 -760.0000000000
16609 -759.0000000000
16625 -758.0000000000
16657 -755.0000000000
16694 -754.0000000000
16730 -753.0000000000
16763 -751.0000000000
16806 -750.0000000000
16849 -748.0000000000
16859 -743.0000000000
17002 -742.0000000000
17015 -741.0000000000
17052 -740.0000000000
17102 -737.0000000000
17141 -732.0000000000
17246 -728.0000000000
17353 -725.0000000000
17409 -723.0000000000
17465 -721.0000000000
17528 -719.0000000000
17553 -718.0000000000
17601 -717.0000000000
17676 -716.0000000000
17759 -712.0000000000
17843 -711.0000000000
17858 -709.0000000000
17900 -707.0000000000
17903 -705.0000000000
17958 -704.0000000000
18037 -703.0000000000
18056 -702.0000000000
18101 -701.0000000000
18105 -700.0000000000
18108 -699.0000000000
18212 -698.0000000000
18228 -694.0000000000
18302 -693.0000000000
18334 -692.0000000000
18366 -691.0000000000
18403 -683.0000000000
18566 -681.0000000000
18609 -679.0000000000
18698 -677.0000000000
18741 -673.0000000000
18754 -672.0000000000
18850 -669.0000000000
18920 -666.0000000000
19044 -664.0000000000
19105 -663.0000000000
19122 -661.0000000000
19178 -659.0000000000
19259 -658.0000000000
19293 -657.0000000000
19318 -656.0000000000
19355 -655.0000000000
19396 -653.0000000000
19401 -652.0000000000
19420 -651.0000000000
19509 -649.0000000000
19534 -646.0000000000
19583 -645.0000000000
19610 -644.0000000000
19669 -643.0000000000
19693 -642.0000000000
19711 -641.0000000000
19737 -640.0000000000
19748 -639.0000000000
19802 -637.0000000000
19838 -636.0000000000
19852 -635.0000000000
19951 -634.0000000000
19953 -631.0000000000
20033 -626.0000000000
20156 -625.0000000000
20168 -624.0000000000
20171 -621.0000000000
20264 -620.0000000000
20279 -617.0000000000
20375 -613.0000000000
20463 -611.0000000000
20512 -606.0000000000
20680 -604.0000000000
20717 -603.0000000000
20735 -601.0000000000
20829 -600.0000000000
20877 -596.0000000000
21036 -595.0000000000
21085 -593.0000000000
21158 -591.0000000000
21161 -589.0000000000
21257 -587.0000000000
21274 -586.0000000000
21302 -584.0000000000
21353 -583.0000000000
21443 -581.0000000000
21460 -579.0000000000
21496 -578.0000000000
21607 -577.0000000000
21639 -575.0000000000
21732 -572.0000000000
21764 -571.0000000000
21812 -570.0000000000
21844 -569.0000000000
21912 -567.0000000000
21937 -566.0000000000
21953 -564.0000000000
22052 -558.0000000000
22286 -557.0000000000
22312 -556.0000000000
22393 -553.0000000000
22420 -551.0000000000
22536 -550.0000000000
22560 -547.0000000000
22633 -544.0000000000
22774 -543.0000000000
22852 -542.0000000000
22873 -541.0000000000
22941 -540.0000000000
23002 -539.0000000000
23028 -538.0000000000
23061 -536.0000000000
23210 -532.0000000000
23318 -530.0000000000
23388 -529.0000000000
23431 -528.0000000000
23467 -526.0000000000
23526 -525.0000000000
23583 -524.0000000000
23608 -522.0000000000
23610 -521.0000000000
23752 -520.0000000000
23763 -518.0000000000
23810 -517.0000000000
23874 -515.0000000000
24034 -514.0000000000
24036 -509.0000000000
24182 -508.0000000000
24279 -507.0000000000
24284 -505.0000000000
24313 -504.0000000000
24385 -503.0000000000
24407 -502.0000000000
24464 -501.0000000000
24465 -500.0000000000
24516 -498.0000000000
24606 -497.0000000000
24608 -495.0000000000
24723 -494.0000000000
24751 -492.0000000000
24828 -490.0000000000
24862 -489.0000000000
24866 -487.0000000000
24943 -486.0000000000
25013 -482.0000000000
25155 -479.0000000000
25268 -477.0000000000
25308 -476.0000000000
25367 -473.0000000000
25444 -472.0000000000
25451 -471.0000000000
25478 -470.0000000000
25502 -469.0000000000
25558 -468.0000000000
25604 -465.0000000000
25729 -464.0000000000
25750 -463.0000000000
25788 -461.0000000000
25803 -460.0000000000
25810 -459.0000000000
25855 -457.0000000000
25967 -456.0000000000
25992 -454.0000000000
26036 -453.0000000000
26113 -452.0000000000
26117 -451.0000000000
26168 -450.0000000000
26214 -449.0000000000
26269 -448.0000000000
26311 -446.0000000000
26328 -444.0000000000
26371 -443.0000000000
26496 -441.0000000000
26531 -439.0000000000
26553 -434.0000000000
26666 -433.0000000000
26739 -430.0000000000
26804 -429.0000000000
26934 -428.0000000000
26973 -427.0000000000
26998 -426.0000000000
27002 -425.0000000000
27041 -421.0000000000
27206 -420.0000000000
27260 -419.0000000000
27314 -417.0000000000
27406 -416.0000000000
27473 -415.0000000000
27502 -414.0000000000
27557 -413.0000000000
27560 -411.0000000000
27620 -410.0000000000
27692 -409.0000000000
27769 -408.0000000000
27783 -407.0000000000
27824 -406.0000000000
27862 -404.0000000000
27911 -403.0000000000
27955 -402.0000000000
28003 -401.0000000000
28037 -400.0000000000
28063 -399.0000000000
28154 -396.0000000000
28218 -393.0000000000
28281 -392.0000000000
28355 -391.0000000000
28361 -390.0000000000
28419 -388.0000000000
28508 -386.0000000000
28562 -384.0000000000
28630 -383.0000000000
28692 -382.0000000000
28773 -381.0000000000
28824 -380.0000000000
28851 -379.0000000000
28905 -378.0000000000
28918 -375.0000000000
28968 -374.0000000000
29008 -372.0000000000
29134 -371.0000000000
29166 -369.0000000000
29252 -368.0000000000
29267 -367.0000000000
29312 -366.0000000000
29324 -365.0000000000
29333 -364.0000000000
29432 -363.0000000000
29447 -361.0000000000
29535 -360.0000000000
29558 -359.0000000000
29629 -358.0000000000
29631 -357.0000000000
29693 -355.0000000000
29739 -354.0000000000
29769 -353.0000000000
29797 -352.0000000000
29818 -350.0000000000
29835 -348.0000000000
29966 -347.0000000000
30052 -345.0000000000
30096 -344.0000000000
30126 -343.0000000000
30141 -342.0000000000
30193 -341.0000000000
30217 -340.0000000000
30252 -339.0000000000
30280 -336.0000000000
30433 -334.0000000000
30510 -333.0000000000
30523 -330.0000000000
30653 -329.0000000000
30709 -328.0000000000
30722 -325.0000000000
30878 -324.0000000000
30920 -321.0000000000
31002 -320.0000000000
31051 -318.0000000000
31102 -316.0000000000
31202 -314.0000000000
31283 -313.0000000000
31305 -310.0000000000
31450 -309.0000000000
31476 -308.0000000000
31509 -305.0000000000
31570 -304.0000000000
31701 -303.0000000000
31764 -302.0000000000
31880 -301.0000000000
31916 -300.0000000000
31932 -299.0000000000
31972 -298.0000000000
32005 -297.0000000000
32102 -293.0000000000
32174 -292.0000000000
32204 -291.0000000000
32278 -289.0000000000
32317 -287.0000000000
32422 -285.0000000000
32501 -282.0000000000
32663 -280.0000000000
32768 -275.0000000000
33004 -274.0000000000
33029 -273.0000000000
33044 -272.0000000000
33115 -271.0000000000
33202 -270.0000000000
33313 -269.0000000000
33340 -268.0000000000
33393 -267.0000000000
33420 -266.0000000000
33489 -264.0000000000
33553 -263.0000000000
33625 -261.0000000000
33738 -260.0000000000
33740 -259.0000000000
33767 -256.0000000000
33914 -255.0000000000
33925 -254.0000000000
34039 -253.0000000000
34043 -252.0000000000
34052 -251.0000000000
34156 -250.0000000000
34160 -248.0000000000
34202 -246.0000000000
34282 -245.0000000000
34461 -244.0000000000
34504 -243.0000000000
34517 -241.0000000000
34598 -240.0000000000
34700 -238.0000000000
34753 -236.0000000000
34809 -234.0000000000
34962 -232.0000000000
35108 -231.0000000000
35128 -228.0000000000
35255 -227.0000000000
35272 -226.0000000000
35427 -225.0000000000
35480 -224.0000000000
35577 -223.0000000000
35622 -222.0000000000
35691 -220.0000000000
35815 -219.0000000000
35851 -218.0000000000
35960 -215.0000000000
36050 -214.0000000000
36069 -212.0000000000
36247 -211.0000000000
36275 -210.0000000000
36334 -209.0000000000
36378 -208.0000000000
36460 -207.0000000000
36477 -206.0000000000
36513 -204.0000000000
36603 -202.0000000000
36649 -201.0000000000
36688 -200.0000000000
36789 -198.0000000000
36823 -197.0000000000
36868 -196.0000000000
37015 -195.0000000000
37110 -194.0000000000
37128 -192.0000000000
37130 -191.0000000000
37178 -190.0000000000
37232 -189.0000000000
37289 -188.0000000000
37458 -187.0000000000
37478 -185.0000000000
37556 -184.0000000000
37662 -183.0000000000
37670 -182.0000000000
37711 -179.0000000000
37857 -178.0000000000
37917 -177.0000000000
37951 -176.0000000000
38038 -175.0000000000
38047 -174.0000000000
38159 -172.0000000000
38311 -171.0000000000
38352 -170.0000000000
38478 -169.0000000000
38576 -168.0000000000
38626 -167.0000000000
38657 -164.0000000000
38746 -163.0000000000
38906 -162.0000000000
38929 -159.0000000000
39040 -158.0000000000
39110 -157.0000000000
39187 -156.0000000000
39192 -155.0000000000
39254 -153.0000000000
39361 -152.0000000000
39514 -150.0000000000
39557 -149.0000000000
39744 -146.0000000000
39898 -144.0000000000
40117 -143.0000000000
40152 -142.0000000000
40251 -141.0000000000
40305 -139.0000000000
40542 -137.0000000000
40586 -135.0000000000
40612 -134.0000000000
40701 -133.0000000000
40812 -130.0000000000
40982 -129.0000000000
41001 -128.0000000000
41219 -127.0000000000
41312 -125.0000000000
41332 -123.0000000000
41451 -119.0000000000
41756 -118.0000000000
41874 -116.0000000000
41973 -114.0000000000
42229 -113.0000000000
42260 -112.0000000000
42337 -111.0000000000
42373 -110.0000000000
42552 -109.0000000000
42631 -105.0000000000
42773 -104.0000000000
42836 -103.0000000000
42906 -101.0000000000
43052 -100.0000000000
43113 -99.0000000000
43227 -98.0000000000
43368 -97.0000000000
43403 -96.0000000000
43451 -94.0000000000
43524 -93.0000000000
43693 -92.0000000000
43729 -91.0000000000
43837 -90.0000000000
43954 -89.0000000000
44002 -88.0000000000
44054 -87.0000000000
44119 -85.0000000000
44286 -83.0000000000
44506 -82.0000000000
44548 -80.0000000000
44725 -79.0000000000
44830 -76.0000000000
45084 -73.0000000000
45362 -72.0000000000
45484 -70.0000000000
45555 -69.0000000000
45826 -68.0000000000
45956 -66.0000000000
46089 -65.0000000000
46276 -64.0000000000
46363 -62.0000000000
46755 -61.0000000000
46875 -60.0000000000
47091 -59.0000000000
47262 -58.0000000000
47360 -56.0000000000
47543 -55.0000000000
47703 -54.0000000000
47865 -53.0000000000
47945 -51.0000000000
48084 -50.0000000000
48303 -49.0000000000
48354 -48.0000000000
48367 -47.0000000000
48492 -46.0000000000
48850 -45.0000000000
48944 -42.0000000000
49240 -41.0000000000
49373 -40.0000000000
49570 -39.0000000000
49582 -38.0000000000
49748 -37.0000000000
49800 -35.0000000000
50010 -34.0000000000
50210 -33.0000000000
50256 -32.0000000000
50454 -31.0000000000
50650 -30.0000000000
50706 -29.0000000000
50919 -28.0000000000
51079 -27.0000000000
51373 -26.0000000000
51502 -25.0000000000
51721 -24.0000000000
51924 -23.0000000000
52364 -22.0000000000
52418 -21.0000000000
52628 -20.0000000000
52871 -19.0000000000
52988 -18.0000000000
53372 -17.0000000000
53481 -15.0000000000
53766 -14.0000000000
53975 -13.0000000000
54084 -12.0000000000
54205 -11.0000000000
54633 -10.0000000000
54851 -9.0000000000
55135 -8.0000000000
55308 -7.0000000000
55491 -5.0000000000
55556 -4.0000000000
55935 -3.0000000000
56140 -1.0000000000
56641 140.7800000000
56735 154.0000000000
57026 237.3900000000
57361 240.1500000000
57389 252.9000000000
57404 253.0700000000
57560 257.8700000000
57561 262.1400000000
57690 281.5000000000
58125 288.5200000000
58263 289.4100000000
58422 295.2200000000
58546 298.0800000000
58573 300.1400000000
58625 301.1100000000
58720 313.3400000000
58772 321.7200000000
58812 393.9200000000
58955 411.7900000000
58973 450.8600000000
59047 456.2800000000
59074 513.9900000000
59090 556.7300000000
59202 565.2700000000
59221 572.5800000000
59248 577.5400000000
59289 591.5100000000
59363 612.7800000000
59709 616.6100000000
59716 663.4100000000
59796 678.7200000000
59841 693.1600000000
59845 731.7400000000
59932 734.1400000000
60089 735.3000000000
60156 742.3500000000
60257 770.5800000000
60868 792.8800000000
61249 796.9700000000
61811 797.0300000000
61963 797.5300000000
62095 797.9400000000
62380 801.4300000000
62532 805.4900000000
62614 843.3200000000
62858 845.2900000000
62919 869.6800000000
63295 880.9200000000
63427 883.3700000000
63686 887.6900000000
63878 889.9400000000
64040 897.7600000000
64252 908.7500000000
64323 915.9500000000
66421 921.2500000000
67734 925.3400000000
68016 926.5100000000
69410 938.2500000000
69995 940.0400000000
70303 940.1700000000
70873 940.3300000000
70881 942.6000000000
70968 953.4900000000
74365 954.7000000000
77125 957.9200000000
93954 958.1300000000
100000 786.6700000000
evaluations raw_y
1 -2004.0000000000
2 -1998.0000000000
3 -1928.0000000000
54 -1923.0000000000
115 -1922.0000000000
142 -1905.0000000000
161 -1858.0000000000
216 -1856.0000000000
253 -1852.0000000000
278 -1838.0000000000
294 -1830.0000000000
313 -1827.0000000000
314 -1816.0000000000
342 -1813.0000000000
367 -1812.0000000000
397 -1807.0000000000
402 -1791.0000000000
414 -1786.0000000000
446 -1773.0000000000
488 -1759.0000000000
523 -1757.0000000000
557 -1741.0000000000
591 -1731.0000000000
628 -1730.0000000000
631 -1718.0000000000
660 -1717.0000000000
675 -1707.0000000000
678 -1698.0000000000
699 -1690.0000000000
749 -1661.0000000000
821 -1658.0000000000
823 -1654.0000000000
874 -1639.0000000000
919 -1635.0000000000
933 -1627.0000000000
955 -1616.0000000000
1000 -1607.0000000000
1043 -1599.0000000000
1093 -1585.0000000000
1095 -1579.0000000000
1173 -1569.0000000000
1222 -1565.0000000000
1230 -1563.0000000000
1251 -1556.0000000000
1256 -1548.0000000000
1273 -1546.0000000000
1305 -1545.0000000000
1306 -1542.0000000000
1320 -1541.0000000000
1324 -1539.0000000000
1342 -1538.0000000000
1352 -1537.0000000000
1361 -1535.0000000000
1363 -1527.0000000000
1397 -1524.0000000000
1413 -1521.0000000000
1447 -1518.0000000000
1466 -1514.0000000000
1471 -1513.0000000000
1476 -1502.0000000000
1505 -1494.0000000000
1616 -1490.0000000000
1631 -1489.0000000000
1633 -1484.0000000000
1655 -1478.0000000000
1706 -1474.0000000000
1707 -1460.0000000000
1819 -1457.0000000000
1870 -1450.0000000000
1871 -1444.0000000000
1970 -1438.0000000000
1982 -1434.0000000000
2012 -1433.0000000000
2018 -1428.0000000000
2049 -1427.0000000000
2068 -1422.0000000000
2103 -1419.0000000000
2121 -1416.0000000000
2151 -1412.0000000000
2154 -1404.0000000000
2208 -1398.0000000000
2254 -1396.0000000000
2307 -1395.0000000000
2341 -1392.0000000000
2360 -1389.0000000000
2394 -1380.0000000000
2466 -1369.0000000000
2511 -1368.0000000000
2525 -1366.0000000000
2546 -1361.0000000000
2574 -1360.0000000000
2609 -1356.0000000000
2657 -1352.0000000000
2662 -1348.0000000000
2710 -1347.0000000000
2719 -1346.0000000000
2727 -1345.0000000000
2731 -1337.0000000000
2772 -1335.0000000000
2809 -1327.0000000000
2904 -1325.0000000000
2954 -1320.0000000000
3022 -1317.0000000000
3029 -1314.0000000000
3058 -1313.0000000000
3135 -1312.0000000000
3156 -1308.0000000000
3171 -1296.0000000000
3305 -1292.0000000000
3357 -1291.0000000000
3413 -1290.0000000000
3419 -1287.0000000000
3489 -1286.0000000000
3501 -1284.0000000000
3514 -1283.0000000000
3517 -1282.0000000000
3540 -1280.0000000000
3552 -1278.0000000000
3602 -1275.0000000000
3615 -1274.0000000000
3678 -1273.0000000000
3690 -1271.0000000000
3692 -1269.0000000000
3713 -1268.0000000000
3728 -1267.0000000000
3753 -1266.0000000000
3784 -1263.0000000000
3785 -1262.0000000000
3803 -1260.0000000000
3863 -1259.0000000000
3915 -1254.0000000000
3938 -1253.0000000000
3951 -1252.0000000000
4001 -1250.0000000000
4081 -1246.0000000000
4133 -1244.0000000000
4165 -1243.0000000000
4167 -1242.0000000000
4200 -1240.0000000000
4203 -1239.0000000000
4263 -1237.0000000000
4303 -1236.0000000000
4306 -1225.0000000000
4503 -1223.0000000000
4580 -1222.0000000000
4613 -1221.0000000000
4628 -1219.0000000000
4671 -1218.0000000000
4674 -1217.0000000000
4676 -1215.0000000000
4720 -1214.0000000000
4749 -1213.0000000000
4782 -1212.0000000000
4784 -1209.0000000000
4820 -1208.0000000000
4874 -1204.0000000000
4945 -1202.0000000000
5011 -1200.0000000000
5019 -1199.0000000000
5040 -1198.0000000000
5086 -1196.0000000000
5122 -1195.0000000000
5165 -1194.0000000000
5171 -1193.0000000000
5178 -1192.0000000000
5186 -1189.0000000000
5212 -1187.0000000000
5251 -1186.0000000000
5304 -1183.0000000000
5322 -1178.0000000000
5439 -1175.0000000000
5508 -1174.0000000000
5545 -1172.0000000000
5590 -1171.0000000000
5606 -1169.0000000000
5621 -1167.0000000000
5714 -1165.0000000000
5716 -1164.0000000000
5765 -1159.0000000000
5806 -1155.0000000000
5854 -1154.0000000000
5951 -1153.0000000000
5999 -1149.0000000000
6060 -1147.0000000000
6073 -1145.0000000000
6104 -1144.0000000000
6145 -1142.0000000000
6148 -1141.0000000000
6202 -1136.0000000000
6267 -1133.0000000000
6308 -1130.0000000000
6354 -1129.0000000000
6406 -1127.0000000000
6504 -1126.0000000000
6552 -1122.0000000000
6601 -1121.0000000000
6644 -1118.0000000000
6698 -1114.0000000000
6818 -1113.0000000000
6857 -1112.0000000000
6874 -1111.0000000000
6947 -1109.0000000000
6952 -1107.0000000000
7003 -1105.0000000000
7054 -1103.0000000000
7101 -1102.0000000000
7158 -1100.0000000000
7175 -1099.0000000000
7219 -1097.0000000000
7274 -1094.0000000000
7306 -1093.0000000000
7327 -1090.0000000000
7417 -1089.0000000000
7453 -1087.0000000000
7467 -1084.0000000000
7594 -1083.0000000000
7614 -1082.0000000000
7619 -1080.0000000000
7696 -1079.0000000000
7701 -1077.0000000000
7768 -1076.0000000000
7807 -1074.0000000000
7852 -1072.0000000000
7901 -1070.0000000000
7966 -1067.0000000000
8006 -1065.0000000000
8007 -1064.0000000000
8064 -1063.0000000000
8103 -1062.0000000000
8109 -1060.0000000000
8144 -1057.0000000000
8220 -1056.0000000000
8253 -1054.0000000000
8306 -1053.0000000000
8364 -1052.0000000000
8373 -1048.0000000000
8447 -1045.0000000000
8458 -1044.0000000000
8509 -1042.0000000000
8652 -1041.0000000000
8666 -1040.0000000000
8703 -1038.0000000000
8707 -1036.0000000000
8742 -1035.0000000000
8761 -1034.0000000000
8818 -1032.0000000000
8855 -1031.0000000000
8870 -1028.0000000000
8963 -1026.0000000000
8992 -1025.0000000000
9005 -1021.0000000000
9095 -1020.0000000000
9132 -1016.0000000000
9199 -1013.0000000000
9255 -1012.0000000000
9266 -1011.0000000000
9317 -1009.0000000000
9382 -1007.0000000000
9417 -1004.0000000000
9458 -1003.0000000000
9503 -1002.0000000000
9560 -996.0000000000
9741 -994.0000000000
9760 -992.0000000000
9772 -991.0000000000
9855 -990.0000000000
9863 -988.0000000000
9922 -987.0000000000
9967 -985.0000000000
9976 -984.0000000000
9978 -983.0000000000
10002 -981.0000000000
10020 -980.0000000000
10115 -979.0000000000
10178 -978.0000000000
10214 -976.0000000000
10229 -975.0000000000
10280 -974.0000000000
10299 -973.0000000000
10322 -970.0000000000
10382 -969.0000000000
10413 -968.0000000000
10430 -967.0000000000
10470 -964.0000000000
10533 -963.0000000000
10619 -962.0000000000
10641 -960.0000000000
10729 -958.0000000000
10755 -957.0000000000
10810 -953.0000000000
10868 -952.0000000000
10906 -951.0000000000
10959 -950.0000000000
10974 -949.0000000000
11013 -947.0000000000
11055 -946.0000000000
11109 -945.0000000000
11112 -944.0000000000
11118 -943.0000000000
11170 -942.0000000000
11203 -938.0000000000
11283 -935.0000000000
11333 -934.0000000000
11383 -932.0000000000
11390 -931.0000000000
11393 -929.0000000000
11464 -924.0000000000
11566 -923.0000000000
11620 -922.0000000000
11654 -921.0000000000
11660 -920.0000000000
11668 -919.0000000000
11675 -918.0000000000
11718 -915.0000000000
11796 -912.0000000000
11857 -910.0000000000
11933 -908.0000000000
11981 -907.0000000000
11986 -904.0000000000
12022 -903.0000000000
12045 -902.0000000000
12053 -901.0000000000
12115 -900.0000000000
12179 -899.0000000000
12205 -898.0000000000
12241 -897.0000000000
12254 -896.0000000000
12260 -895.0000000000
12298 -894.0000000000
12319 -891.0000000000
12406 -890.0000000000
12438 -889.0000000000
12448 -887.0000000000
12465 -886.0000000000
12515 -885.0000000000
12555 -883.0000000000
12565 -881.0000000000
12602 -879.0000000000
12722 -878.0000000000
12735 -877.0000000000
12780 -876.0000000000
12783 -875.0000000000
12802 -872.0000000000
12915 -868.0000000000
13012 -866.0000000000
13064 -865.0000000000
13123 -864.0000000000
13140 -863.0000000000
13141 -862.0000000000
13142 -861.0000000000
13178 -859.0000000000
13225 -858.0000000000
13272 -856.0000000000
13301 -855.0000000000
13342 -846.0000000000
13549 -844.0000000000
13571 -843.0000000000
13583 -842.0000000000
13602 -841.0000000000
13604 -836.0000000000
13762 -835.0000000000
13774 -833.0000000000
13804 -830.0000000000
13860 -829.0000000000
13904 -828.0000000000
13974 -827.0000000000
13989 -824.0000000000
14082 -823.0000000000
14150 -822.0000000000
14161 -821.0000000000
14197 -815.0000000000
14302 -812.0000000000
14368 -810.0000000000
14377 -809.0000000000
14439 -806.0000000000
14502 -802.0000000000
14582 -799.0000000000
14612 -796.0000000000
14684 -795.0000000000
14752 -792.0000000000
14880 -791.0000000000
14951 -788.0000000000
14971 -786.0000000000
15008 -784.0000000000
15089 -783.0000000000
15092 -780.0000000000
15116 -778.0000000000
15214 -777.0000000000
15236 -776.0000000000
15258 -775.0000000000
15353 -774.0000000000
15382 -773.0000000000
15404 -772.0000000000
15483 -771.0000000000
15487 -770.0000000000
15506 -769.0000000000
15509 -768.0000000000
15595 -767.0000000000
15632 -766.0000000000
15656 -765.0000000000
15673 -764.0000000000
15705 -763.0000000000
15752 -761.0000000000
15839 -758.0000000000
15858 -757.0000000000
15912 -754.0000000000
15913 -753.0000000000
15934 -752.0000000000
16033 -751.0000000000
16073 -750.0000000000
16109 -745.0000000000
16192 -744.0000000000
16225 -743.0000000000
16235 -741.0000000000
16300 -740.0000000000
16327 -739.0000000000
16387 -737.0000000000
16403 -736.0000000000
16436 -733.0000000000
16455 -732.0000000000
16504 -731.0000000000
16506 -730.0000000000
16553 -729.0000000000
16567 -727.0000000000
16624 -726.0000000000
16678 -725.0000000000
16682 -722.0000000000
16781 -721.0000000000
16819 -720.0000000000
16837 -719.0000000000
16882 -712.0000000000
17036 -710.0000000000
17071 -708.0000000000
17111 -701.0000000000
17267 -700.0000000000
17362 -698.0000000000
17473 -697.0000000000
17500 -694.0000000000
17605 -693.0000000000
17681 -692.0000000000
17714 -690.0000000000
17754 -688.0000000000
17792 -687.0000000000
17855 -686.0000000000
17898 -685.0000000000
18035 -683.0000000000
18067 -681.0000000000
18103 -680.0000000000
18157 -679.0000000000
18171 -678.0000000000
18178 -677.0000000000
18220 -676.0000000000
18283 -675.0000000000
18325 -674.0000000000
18385 -672.0000000000
18427 -670.0000000000
18477 -669.0000000000
18541 -665.0000000000
18648 -664.0000000000
18675 -662.0000000000
18714 -661.0000000000
18739 -660.0000000000
18782 -659.0000000000
18802 -658.0000000000
18816 -654.0000000000
18897 -653.0000000000
18991 -651.0000000000
19027 -650.0000000000
19059 -647.0000000000
19110 -645.0000000000
19153 -644.0000000000
19167 -643.0000000000
19216 -642.0000000000
19263 -640.0000000000
19284 -639.0000000000
19325 -638.0000000000
19389 -637.0000000000
19397 -636.0000000000
19431 -633.0000000000
19521 -632.0000000000
19557 -628.0000000000
19679 -626.0000000000
19707 -625.0000000000
19754 -618.0000000000
19857 -617.0000000000
19906 -616.0000000000
20033 -614.0000000000
20055 -613.0000000000
20110 -609.0000000000
20202 -608.0000000000
20208 -607.0000000000
20230 -606.0000000000
20233 -603.0000000000
20354 -602.0000000000
20396 -601.0000000000
20429 -599.0000000000
20489 -598.0000000000
20494 -597.0000000000
20504 -595.0000000000
20549 -594.0000000000
20589 -593.0000000000
20590 -591.0000000000
20611 -589.0000000000
20755 -588.0000000000
20763 -581.0000000000
20926 -580.0000000000
20956 -578.0000000000
21081 -577.0000000000
21096 -576.0000000000
21111 -573.0000000000
21189 -572.0000000000
21201 -570.0000000000
21296 -569.0000000000
21324 -568.0000000000
21377 -567.0000000000
21394 -565.0000000000
21474 -564.0000000000
21544 -563.0000000000
21601 -561.0000000000
21609 -560.0000000000
21651 -559.0000000000
21748 -556.0000000000
21815 -555.0000000000
21820 -554.0000000000
21905 -552.0000000000
21925 -551.0000000000
22032 -550.0000000000
22073 -549.0000000000
22080 -548.0000000000
22124 -547.0000000000
22157 -545.0000000000
22207 -542.0000000000
22346 -541.0000000000
22381 -540.0000000000
22414 -538.0000000000
22459 -537.0000000000
22479 -536.0000000000
22557 -532.0000000000
22667 -531.0000000000
22744 -530.0000000000
22763 -529.0000000000
22803 -525.0000000000
22926 -524.0000000000
22992 -522.0000000000
23015 -520.0000000000
23072 -519.0000000000
23150 -518.0000000000
23160 -517.0000000000
23167 -515.0000000000
23249 -513.0000000000
23320 -512.0000000000
23357 -511.0000000000
23396 -510.0000000000
23411 -509.0000000000
23440 -508.0000000000
23457 -506.0000000000
23542 -504.0000000000
23560 -503.0000000000
23602 -502.0000000000
23682 -499.0000000000
23712 -497.0000000000
23841 -495.0000000000
23929 -494.0000000000
24003 -490.0000000000
24077 -489.0000000000
24093 -488.0000000000
24157 -487.0000000000
24197 -486.0000000000
24232 -485.0000000000
24266 -484.0000000000
24282 -482.0000000000
24353 -481.0000000000
24367 -480.0000000000
24473 -479.0000000000
24512 -478.0000000000
24541 -475.0000000000
24652 -474.0000000000
24675 -473.0000000000
24712 -472.0000000000
24713 -471.0000000000
24761 -470.0000000000
24780 -468.0000000000
24843 -467.0000000000
24893 -465.0000000000
24920 -463.0000000000
24969 -462.0000000000
25008 -460.0000000000
25103 -458.0000000000
25151 -455.0000000000
25297 -453.0000000000
25370 -451.0000000000
25450 -450.0000000000
25469 -448.0000000000
25574 -447.0000000000
25590 -446.0000000000
25602 -445.0000000000
25669 -444.0000000000
25755 -443.0000000000
25775 -442.0000000000
25787 -441.0000000000
25802 -440.0000000000
25804 -438.0000000000
25853 -434.0000000000
26005 -433.0000000000
26053 -432.0000000000
26107 -431.0000000000
26121 -430.0000000000
26154 -429.0000000000
26251 -427.0000000000
26321 -425.0000000000
26454 -424.0000000000
26518 -423.0000000000
26524 -422.0000000000
26542 -421.0000000000
26574 -420.0000000000
26661 -418.0000000000
26755 -417.0000000000
26809 -416.0000000000
26827 -415.0000000000
26852 -414.0000000000
26872 -411.0000000000
27003 -410.0000000000
27019 -409.0000000000
27025 -406.0000000000
27111 -404.0000000000
27180 -403.0000000000
27311 -402.0000000000
27361 -401.0000000000
27386 -400.0000000000
27424 -397.0000000000
27552 -395.0000000000
27601 -394.0000000000
27665 -393.0000000000
27745 -392.0000000000
27761 -391.0000000000
27798 -390.0000000000
27831 -389.0000000000
27843 -387.0000000000
27907 -384.0000000000
27990 -382.0000000000
28114 -380.0000000000
28236 -379.0000000000
28264 -378.0000000000
28337 -377.0000000000
28362 -376.0000000000
28374 -375.0000000000
28429 -374.0000000000
28471 -372.0000000000
28505 -370.0000000000
28723 -369.0000000000
28732 -367.0000000000
28758 -366.0000000000
28829 -362.0000000000
28856 -361.0000000000
28919 -360.0000000000
29011 -359.0000000000
29117 -358.0000000000
29176 -356.0000000000
29235 -355.0000000000
29287 -354.0000000000
29358 -352.0000000000
29430 -350.0000000000
29521 -349.0000000000
29529 -348.0000000000
29555 -347.0000000000
29585 -346.0000000000
29586 -345.0000000000
29645 -344.0000000000
29719 -343.0000000000
29739 -342.0000000000
29841 -341.0000000000
29845 -337.0000000000
29991 -336.0000000000
30084 -334.0000000000
30124 -333.0000000000
30157 -329.0000000000
30281 -328.0000000000
30367 -326.0000000000
30431 -325.0000000000
30449 -324.0000000000
30455 -323.0000000000
30528 -322.0000000000
30557 -321.0000000000
30607 -319.0000000000
30671 -317.0000000000
30785 -315.0000000000
30887 -313.0000000000
31030 -311.0000000000
31108 -310.0000000000
31181 -309.0000000000
31244 -308.0000000000
31264 -307.0000000000
31354 -306.0000000000
31401 -305.0000000000
31444 -304.0000000000
31514 -302.0000000000
31521 -301.0000000000
31564 -300.0000000000
31667 -299.0000000000
31710 -298.0000000000
31752 -297.0000000000
31790 -296.0000000000
31869 -295.0000000000
31902 -292.0000000000
31958 -288.0000000000
32206 -285.0000000000
32263 -284.0000000000
32280 -283.0000000000
32320 -281.0000000000
32454 -280.0000000000
32512 -279.0000000000
32557 -278.0000000000
32566 -277.0000000000
32590 -276.0000000000
32640 -275.0000000000
32692 -274.0000000000
32706 -269.0000000000
32824 -268.0000000000
32859 -267.0000000000
33002 -266.0000000000
33012 -265.0000000000
33078 -264.0000000000
33154 -263.0000000000
33160 -262.0000000000
33205 -261.0000000000
33207 -260.0000000000
33253 -259.0000000000
33321 -258.0000000000
33353 -257.0000000000
33404 -256.0000000000
33506 -254.0000000000
33566 -253.0000000000
33615 -252.0000000000
33625 -251.0000000000
33686 -249.0000000000
33759 -248.0000000000
33810 -245.0000000000
33936 -244.0000000000
33980 -243.0000000000
33997 -242.0000000000
34001 -241.0000000000
34072 -239.0000000000
34118 -238.0000000000
34189 -237.0000000000
34278 -235.0000000000
34354 -233.0000000000
34401 -232.0000000000
34465 -231.0000000000
34534 -229.0000000000
34714 -228.0000000000
34752 -227.0000000000
34817 -226.0000000000
34893 -225.0000000000
35020 -223.0000000000
35057 -222.0000000000
35110 -221.0000000000
35154 -219.0000000000
35283 -217.0000000000
35391 -216.0000000000
35461 -215.0000000000
35517 -214.0000000000
35590 -210.0000000000
35758 -209.0000000000
35892 -206.0000000000
35981 -204.0000000000
36124 -203.0000000000
36160 -201.0000000000
36306 -199.0000000000
36344 -198.0000000000
36499 -197.0000000000
36548 -195.0000000000
36619 -194.0000000000
36691 -193.0000000000
36753 -192.0000000000
36829 -191.0000000000
36871 -188.0000000000
37051 -187.0000000000
37157 -184.0000000000
37343 -182.0000000000
37406 -181.0000000000
37491 -180.0000000000
37587 -179.0000000000
37698 -177.0000000000
37750 -175.0000000000
37858 -174.0000000000
37915 -173.0000000000
38069 -172.0000000000
38076 -171.0000000000
38250 -170.0000000000
38273 -168.0000000000
38410 -167.0000000000
38464 -166.0000000000
38578 -165.0000000000
38658 -163.0000000000
38706 -161.0000000000
38880 -160.0000000000
39001 -158.0000000000
39078 -157.0000000000
39163 -156.0000000000
39344 -155.0000000000
39380 -154.0000000000
39482 -153.0000000000
39523 -152.0000000000
39653 -151.0000000000
39711 -150.0000000000
39795 -149.0000000000
39947 -148.0000000000
40047 -146.0000000000
40164 -144.0000000000
40213 -142.0000000000
40373 -141.0000000000
40487 -140.0000000000
40561 -139.0000000000
40649 -138.0000000000
40683 -137.0000000000
40752 -136.0000000000
40788 -134.0000000000
40914 -133.0000000000
40957 -132.0000000000
40960 -131.0000000000
41061 -130.0000000000
41203 -129.0000000000
41286 -128.0000000000
41314 -127.0000000000
41363 -126.0000000000
41448 -125.0000000000
41552 -124.0000000000
41618 -122.0000000000
41668 -121.0000000000
41851 -120.0000000000
41958 -119.0000000000
42012 -118.0000000000
42101 -116.0000000000
42263 -115.0000000000
42268 -114.0000000000
42406 -112.0000000000
42518 -111.0000000000
42700 -110.0000000000
42887 -109.0000000000
42907 -108.0000000000
42966 -107.0000000000
43177 -106.0000000000
43180 -105.0000000000
43192 -102.0000000000
43425 -101.0000000000
43489 -99.0000000000
43741 -98.0000000000
43809 -97.0000000000
43814 -96.0000000000
43931 -95.0000000000
43959 -94.0000000000
44099 -93.0000000000
44260 -92.0000000000
44313 -91.0000000000
44456 -90.0000000000
44527 -89.0000000000
44546 -88.0000000000
44694 -87.0000000000
44741 -85.0000000000
44810 -84.0000000000
44952 -83.0000000000
44980 -82.0000000000
45103 -81.0000000000
45172 -78.0000000000
45294 -77.0000000000
45520 -76.0000000000
45760 -74.0000000000
45809 -73.0000000000
45903 -72.0000000000
46112 -71.0000000000
46164 -70.0000000000
46300 -69.0000000000
46398 -67.0000000000
46486 -66.0000000000
46559 -65.0000000000
46579 -64.0000000000
46732 -61.0000000000
46894 -60.0000000000
47124 -59.0000000000
47269 -57.0000000000
47348 -56.0000000000
47391 -55.0000000000
47513 -54.0000000000
47684 -53.0000000000
47835 -52.0000000000
47903 -49.0000000000
48207 -48.0000000000
48333 -47.0000000000
48431 -46.0000000000
48533 -45.0000000000
48682 -44.0000000000
48885 -43.0000000000
48998 -41.0000000000
49101 -40.0000000000
49156 -39.0000000000
49296 -38.0000000000
49532 -37.0000000000
49755 -36.0000000000
49810 -35.0000000000
50063 -34.0000000000
50140 -33.0000000000
50221 -32.0000000000
50395 -31.0000000000
50419 -30.0000000000
50536 -29.0000000000
50662 -27.0000000000
50963 -26.0000000000
51213 -23.0000000000
51597 -22.0000000000
51728 -21.0000000000
51901 -20.0000000000
52162 -19.0000000000
52272 -18.0000000000
52365 -17.0000000000
52562 -16.0000000000
52749 -14.0000000000
52938 -13.0000000000
53001 -11.0000000000
53317 -10.0000000000
53458 -9.0000000000
53508 -8.0000000000
53752 -7.0000000000
53819 -6.0000000000
53978 -5.0000000000
54063 -4.0000000000
54254 -3.0000000000
54512 -2.0000000000
54707 -1.0000000000
54986 168.1500000000
55129 172.4600000000
55165 172.6800000000
55169 177.0300000000
55216 179.3300000000
55315 182.3100000000
55479 184.1900000000
55540 300.7300000000
55995 301.4200000000
56091 309.1600000000
56314 314.1900000000
56338 317.8900000000
56404 330.9700000000
56501 343.0300000000
56694 435.0700000000
56729 440.1400000000
56734 452.3800000000
56781 453.9600000000
56841 471.9100000000
56953 483.2600000000
57004 483.8900000000
57028 495.5400000000
57183 502.0100000000
57221 528.5700000000
57434 534.2700000000
57496 536.0800000000
57555 551.0400000000
58156 559.0200000000
58221 562.3700000000
59201 564.5300000000
59349 568.7000000000
59412 570.2000000000
59730 575.0400000000
59770 577.1500000000
59976 580.5700000000
60118 641.3800000000
60170 646.9900000000
60217 647.6300000000
60222 672.1900000000
60469 686.8600000000
61210 695.2100000000
61357 710.8600000000
61857 714.6500000000
61882 724.2800000000
62166 739.7400000000
62418 741.9000000000
62480 749.4100000000
63722 750.7600000000
63779 754.7800000000
64433 774.6500000000
67869 789.2700000000
68001 854.8700000000
68158 862.5700000000
68188 869.9400000000
68414 874.0900000000
69715 880.5900000000
69951 886.5100000000
70035 891.9300000000
70834 896.0600000000
71023 897.6800000000
71155 904.6600000000
71319 918.3800000000
71545 922.2300000000
72069 928.0100000000
72537 932.8700000000
74899 941.8600000000
77682 947.2000000000
78120 953.1000000000
78467 957.5600000000
78668 959.4400000000
78806 966.1800000000
83026 966.1900000000
84663 966.7800000000
84857 971.6500000000
85493 981.6500000000
90438 986.0000000000
90735 986.6700000000
93934 986.9400000000
100000 946.4500000000
evaluations raw_y
1 -2014.0000000000
3 -1969.0000000000
7 -1965.0000000000
18 -1945.0000000000
24 -1941.0000000000
33 -1940.0000000000
53 -1928.0000000000
123 -1924.0000000000
136 -1917.0000000000
153 -1911.0000000000
155 -1907.0000000000
173 -1903.0000000000
174 -1902.0000000000
190 -1873.0000000000
211 -1871.0000000000
248 -1862.0000000000
261 -1861.0000000000
262 -1855.0000000000
301 -1853.0000000000
302 -1846.0000000000
312 -1842.0000000000
405 -1823.0000000000
415 -1822.0000000000
417 -1814.0000000000
465 -1803.0000000000
466 -1798.0000000000
486 -1796.0000000000
509 -1792.0000000000
529 -1784.0000000000
548 -1764.0000000000
556 -1759.0000000000
628 -1757.0000000000
654 -1750.0000000000
658 -1743.0000000000
701 -1733.0000000000
735 -1715.0000000000
780 -1714.0000000000
806 -1703.0000000000
827 -1690.0000000000
880 -1684.0000000000
948 -1681.0000000000
956 -1676.0000000000
979 -1673.0000000000
987 -1671.0000000000
1005 -1669.0000000000
1011 -1668.0000000000
1019 -1658.0000000000
1028 -1645.0000000000
1051 -1642.0000000000
1104 -1641.0000000000
1109 -1624.0000000000
1159 -1623.0000000000
1165 -1615.0000000000
1192 -1597.0000000000
1251 -1588.0000000000
1317 -1587.0000000000
1329 -1562.0000000000
1401 -1547.0000000000
1464 -1540.0000000000
1484 -1538.0000000000
1511 -1537.0000000000
1522 -1531.0000000000
1548 -1530.0000000000
1556 -1520.0000000000
1602 -1510.0000000000
1651 -1503.0000000000
1669 -1502.0000000000
1697 -1498.0000000000
1724 -1492.0000000000
1777 -1491.0000000000
1782 -1472.0000000000
1845 -1470.0000000000
1849 -1469.0000000000
1855 -1464.0000000000
1897 -1460.0000000000
1953 -1453.0000000000
1959 -1449.0000000000
1983 -1448.0000000000
1992 -1439.0000000000
2022 -1429.0000000000
2110 -1426.0000000000
2142 -1421.0000000000
2161 -1420.0000000000
2204 -1418.0000000000
2217 -1415.0000000000
2251 -1403.0000000000
2301 -1397.0000000000
2384 -1394.0000000000
2412 -1374.0000000000
2524 -1370.0000000000
2570 -1364.0000000000
2611 -1362.0000000000
2621 -1360.0000000000
2662 -1355.0000000000
2675 -1354.0000000000
2708 -1347.0000000000
2742 -1342.0000000000
2758 -1340.0000000000
2810 -1339.0000000000
2837 -1332.0000000000
2865 -1330.0000000000
2914 -1329.0000000000
2927 -1328.0000000000
2932 -1318.0000000000
3012 -1316.0000000000
3036 -1311.0000000000
3076 -1308.0000000000
3086 -1303.0000000000
3158 -1302.0000000000
3163 -1300.0000000000
3179 -1296.0000000000
3247 -1294.0000000000
3251 -1287.0000000000
3379 -1284.0000000000
3404 -1283.0000000000
3435 -1280.0000000000
3453 -1278.0000000000
3504 -1276.0000000000
3508 -1273.0000000000
3528 -1272.0000000000
3560 -1269.0000000000
3574 -1266.0000000000
3604 -1265.0000000000
3632 -1255.0000000000
3723 -1253.0000000000
3816 -1252.0000000000
3817 -1249.0000000000
3818 -1248.0000000000
3856 -1247.0000000000
3901 -1245.0000000000
3923 -1244.0000000000
3927 -1243.0000000000
3973 -1237.0000000000
4058 -1236.0000000000
4071 -1234.0000000000
4125 -1228.0000000000
4236 -1224.0000000000
4297 -1223.0000000000
4313 -1221.0000000000
4355 -1220.0000000000
4367 -1219.0000000000
4407 -1218.0000000000
4427 -1215.0000000000
4452 -1213.0000000000
4486 -1210.0000000000
4565 -1204.0000000000
4671 -1201.0000000000
4735 -1200.0000000000
4770 -1199.0000000000
4829 -1195.0000000000
4857 -1194.0000000000
4895 -1192.0000000000
4901 -1190.0000000000
4979 -1189.0000000000
5033 -1188.0000000000
5051 -1183.0000000000
5133 -1182.0000000000
5172 -1180.0000000000
5192 -1178.0000000000
5276 -1176.0000000000
5347 -1175.0000000000
5355 -1174.0000000000
5366 -1173.0000000000
5404 -1172.0000000000
5409 -1171.0000000000
5454 -1169.0000000000
5523 -1163.0000000000
5702 -1161.0000000000
5704 -1160.0000000000
5756 -1159.0000000000
5771 -1158.0000000000
5815 -1155.0000000000
5818 -1154.0000000000
5859 -1153.0000000000
5874 -1152.0000000000
5966 -1148.0000000000
6039 -1147.0000000000
6072 -1144.0000000000
6102 -1143.0000000000
6138 -1142.0000000000
6157 -1139.0000000000
6216 -1136.0000000000
6318 -1134.0000000000
6330 -1133.0000000000
6373 -1130.0000000000
6460 -1124.0000000000
6594 -1123.0000000000
6624 -1122.0000000000
6672 -1121.0000000000
6700 -1120.0000000000
6721 -1119.0000000000
6731 -1118.0000000000
6749 -1117.0000000000
6752 -1116.0000000000
6806 -1115.0000000000
6811 -1113.0000000000
6944 -1112.0000000000
6957 -1109.0000000000
7018 -1106.0000000000
7151 -1100.0000000000
7275 -1094.0000000000
7305 -1093.0000000000
7365 -1092.0000000000
7414 -1091.0000000000
7417 -1089.0000000000
7458 -1087.0000000000
7524 -1086.0000000000
7554 -1084.0000000000
7559 -1083.0000000000
7598 -1082.0000000000
7616 -1081.0000000000
7633 -1080.0000000000
7685 -1079.0000000000
7706 -1078.0000000000
7731 -1076.0000000000
7764 -1074.0000000000
7854 -1073.0000000000
7903 -1072.0000000000
7910 -1070.0000000000
7913 -1069.0000000000
7983 -1067.0000000000
8062 -1060.0000000000
8191 -1059.0000000000
8192 -1057.0000000000
8224 -1056.0000000000
8250 -1055.0000000000
8268 -1054.0000000000
8279 -1051.0000000000
8372 -1049.0000000000
8378 -1047.0000000000
8471 -1046.0000000000
8518 -1044.0000000000
8559 -1043.0000000000
8606 -1041.0000000000
8624 -1040.0000000000
8691 -1038.0000000000
8703 -1037.0000000000
8714 -1036.0000000000
8772 -1033.0000000000
8812 -1031.0000000000
8851 -1030.0000000000
8853 -1029.0000000000
8858 -1028.0000000000
8918 -1027.0000000000
8921 -1025.0000000000
9019 -1023.0000000000
9084 -1017.0000000000
9166 -1016.0000000000
9178 -1015.0000000000
9237 -1012.0000000000
9300 -1009.0000000000
9357 -1008.0000000000
9417 -1007.0000000000
9455 -1005.0000000000
9527 -1004.0000000000
9556 -1000.0000000000
9602 -998.0000000000
9645 -997.0000000000
9674 -993.0000000000
9724 -992.0000000000
9757 -990.0000000000
9857 -986.0000000000
9903 -985.0000000000
9981 -984.0000000000
10004 -983.0000000000
10027 -982.0000000000
10049 -981.0000000000
10063 -980.0000000000
10103 -979.0000000000
10115 -975.0000000000
10169 -972.0000000000
10212 -971.0000000000
10215 -969.0000000000
10315 -965.0000000000
10382 -964.0000000000
10425 -963.0000000000
10477 -960.0000000000
10512 -958.0000000000
10558 -957.0000000000
10589 -954.0000000000
10636 -953.0000000000
10665 -952.0000000000
10745 -951.0000000000
10761 -948.0000000000
10801 -947.0000000000
10844 -946.0000000000
10862 -943.0000000000
10920 -941.0000000000
11003 -938.0000000000
11008 -936.0000000000
11036 -935.0000000000
11073 -934.0000000000
11119 -933.0000000000
11124 -931.0000000000
11159 -930.0000000000
11175 -927.0000000000
11216 -926.0000000000
11263 -922.0000000000
11351 -921.0000000000
11356 -920.0000000000
11372 -919.0000000000
11426 -918.0000000000
11463 -916.0000000000
11470 -915.0000000000
11526 -914.0000000000
11543 -913.0000000000
11570 -910.0000000000
11603 -909.0000000000
11607 -908.0000000000
11616 -906.0000000000
11651 -905.0000000000
11652 -904.0000000000
11708 -903.0000000000
11760 -901.0000000000
11768 -899.0000000000
11779 -898.0000000000
11863 -895.0000000000
11905 -892.0000000000
12042 -891.0000000000
12044 -889.0000000000
12074 -888.0000000000
12083 -886.0000000000
12139 -885.0000000000
12171 -884.0000000000
12205 -881.0000000000
12227 -878.0000000000
12325 -877.0000000000
12355 -876.0000000000
12378 -875.0000000000
12405 -872.0000000000
12492 -871.0000000000
12511 -866.0000000000
12617 -865.0000000000
12630 -863.0000000000
12661 -862.0000000000
12681 -861.0000000000
12784 -859.0000000000
12812 -858.0000000000
12814 -857.0000000000
12852 -856.0000000000
12867 -854.0000000000
12923 -851.0000000000
12998 -850.0000000000
13005 -845.0000000000
13154 -841.0000000000
13192 -835.0000000000
13366 -832.0000000000
13472 -831.0000000000
13481 -828.0000000000
13520 -824.0000000000
13686 -823.0000000000
13690 -821.0000000000
13704 -817.0000000000
13762 -816.0000000000
13779 -815.0000000000
13860 -814.0000000000
13943 -813.0000000000
13960 -811.0000000000
14009 -809.0000000000
14056 -807.0000000000
14133 -805.0000000000
14180 -804.0000000000
14211 -802.0000000000
14252 -797.0000000000
14390 -795.0000000000
14464 -794.0000000000
14501 -793.0000000000
14509 -791.0000000000
14524 -790.0000000000
14572 -788.0000000000
14619 -787.0000000000
14674 -786.0000000000
14694 -785.0000000000
14732 -782.0000000000
14805 -780.0000000000
14908 -778.0000000000
14925 -777.0000000000
14964 -775.0000000000
15033 -774.0000000000
15045 -772.0000000000
15120 -770.0000000000
15121 -769.0000000000
15157 -768.0000000000
15164 -767.0000000000
15205 -764.0000000000
15324 -763.0000000000
15359 -761.0000000000
15378 -760.0000000000
15456 -758.0000000000
15469 -757.0000000000
15484 -754.0000000000
15561 -753.0000000000
15564 -752.0000000000
15611 -750.0000000000
15698 -749.0000000000
15727 -748.0000000000
15796 -746.0000000000
15805 -742.0000000000
15962 -738.0000000000
16113 -737.0000000000
16171 -736.0000000000
16183 -735.0000000000
16218 -733.0000000000
16325 -730.0000000000
16368 -727.0000000000
16447 -726.0000000000
16502 -725.0000000000
16551 -724.0000000000
16559 -722.0000000000
16623 -721.0000000000
16633 -720.0000000000
16653 -718.0000000000
16682 -714.0000000000
16729 -712.0000000000
16762 -711.0000000000
16857 -709.0000000000
16908 -708.0000000000
16965 -707.0000000000
17007 -705.0000000000
17029 -704.0000000000
17105 -703.0000000000
17110 -702.0000000000
17144 -701.0000000000
17167 -698.0000000000
17204 -697.0000000000
17300 -696.0000000000
17313 -694.0000000000
17355 -693.0000000000
17435 -691.0000000000
17472 -688.0000000000
17489 -685.0000000000
17494 -684.0000000000
17541 -683.0000000000
17576 -681.0000000000
17648 -679.0000000000
17781 -676.0000000000
17855 -675.0000000000
17898 -673.0000000000
17903 -671.0000000000
17960 -668.0000000000
18024 -665.0000000000
18127 -664.0000000000
18218 -663.0000000000
18226 -662.0000000000
18277 -658.0000000000
18353 -656.0000000000
18436 -652.0000000000
18471 -651.0000000000
18564 -650.0000000000
18567 -649.0000000000
18659 -648.0000000000
18696 -647.0000000000
18701 -646.0000000000
18717 -645.0000000000
18760 -644.0000000000
18774 -642.0000000000
18827 -638.0000000000
18912 -637.0000000000
18963 -636.0000000000
19026 -634.0000000000
19130 -630.0000000000
19211 -629.0000000000
19288 -628.0000000000
19291 -626.0000000000
19380 -622.0000000000
19467 -619.0000000000
19617 -618.0000000000
19623 -614.0000000000
19694 -613.0000000000
19695 -612.0000000000
19800 -611.0000000000
19831 -610.0000000000
19854 -609.0000000000
19903 -607.0000000000
19922 -606.0000000000
19995 -604.0000000000
20003 -603.0000000000
20060 -599.0000000000
20132 -597.0000000000
20181 -595.0000000000
20261 -594.0000000000
20319 -592.0000000000
20364 -589.0000000000
20464 -587.0000000000
20494 -586.0000000000
20546 -585.0000000000
20626 -584.0000000000
20669 -583.0000000000
20701 -579.0000000000
20837 -578.0000000000
20857 -577.0000000000
20904 -576.0000000000
20967 -575.0000000000
21022 -574.0000000000
21058 -573.0000000000
21112 -572.0000000000
21160 -571.0000000000
21182 -568.0000000000
21251 -567.0000000000
21316 -566.0000000000
21343 -565.0000000000
21404 -564.0000000000
21413 -562.0000000000
21452 -561.0000000000
21509 -559.0000000000
21556 -558.0000000000
21591 -556.0000000000
21652 -554.0000000000
21739 -552.0000000000
21763 -551.0000000000
21803 -549.0000000000
21848 -545.0000000000
21955 -543.0000000000
22061 -542.0000000000
22065 -539.0000000000
22099 -537.0000000000
22179 -534.0000000000
22318 -533.0000000000
22336 -532.0000000000
22353 -530.0000000000
22402 -529.0000000000
22465 -526.0000000000
22493 -525.0000000000
22523 -523.0000000000
22568 -522.0000000000
22615 -520.0000000000
22728 -519.0000000000
22759 -518.0000000000
22808 -517.0000000000
22817 -515.0000000000
22888 -513.0000000000
22966 -512.0000000000
22980 -511.0000000000
23042 -510.0000000000
23068 -509.0000000000
23084 -507.0000000000
23169 -505.0000000000
23206 -504.0000000000
23264 -502.0000000000
23286 -500.0000000000
23344 -496.0000000000
23480 -493.0000000000
23526 -492.0000000000
23543 -490.0000000000
23654 -489.0000000000
23691 -487.0000000000
23740 -486.0000000000
23801 -485.0000000000
23802 -483.0000000000
23845 -482.0000000000
23913 -481.0000000000
23934 -479.0000000000
23980 -478.0000000000
24001 -476.0000000000
24103 -475.0000000000
24141 -473.0000000000
24195 -472.0000000000
24209 -471.0000000000
24263 -470.0000000000
24266 -469.0000000000
24324 -468.0000000000
24327 -466.0000000000
24401 -465.0000000000
24500 -460.0000000000
24644 -457.0000000000
24705 -456.0000000000
24770 -455.0000000000
24816 -454.0000000000
24837 -453.0000000000
24919 -452.0000000000
24953 -448.0000000000
25104 -446.0000000000
25159 -445.0000000000
25215 -444.0000000000
25263 -442.0000000000
25305 -440.0000000000
25403 -439.0000000000
25459 -438.0000000000
25465 -436.0000000000
25576 -435.0000000000
25635 -433.0000000000
25692 -432.0000000000
25764 -431.0000000000
25804 -430.0000000000
25864 -428.0000000000
25959 -426.0000000000
26004 -425.0000000000
26055 -424.0000000000
26079 -423.0000000000
26161 -422.0000000000
26169 -421.0000000000
26211 -419.0000000000
26303 -417.0000000000
26335 -416.0000000000
26375 -415.0000000000
26438 -414.0000000000
26490 -412.0000000000
26579 -410.0000000000
26652 -408.0000000000
26746 -406.0000000000
26828 -405.0000000000
26851 -404.0000000000
26877 -403.0000000000
26956 -401.0000000000
27052 -398.0000000000
27087 -397.0000000000
27161 -395.0000000000
27270 -392.0000000000
27341 -389.0000000000
27512 -387.0000000000
27583 -382.0000000000
27745 -380.0000000000
27789 -379.0000000000
27842 -378.0000000000
27907 -377.0000000000
27911 -376.0000000000
27991 -375.0000000000
28047 -372.0000000000
28169 -371.0000000000
28272 -368.0000000000
28363 -365.0000000000
28466 -364.0000000000
28497 -362.0000000000
28506 -361.0000000000
28663 -359.0000000000
28764 -358.0000000000
28775 -356.0000000000
28787 -354.0000000000
28869 -352.0000000000
28928 -351.0000000000
29026 -348.0000000000
29110 -347.0000000000
29204 -346.0000000000
29247 -344.0000000000
29396 -343.0000000000
29431 -342.0000000000
29455 -341.0000000000
29491 -340.0000000000
29558 -338.0000000000
29709 -337.0000000000
29790 -336.0000000000
29798 -335.0000000000
29802 -334.0000000000
29905 -332.0000000000
29977 -331.0000000000
30078 -330.0000000000
30102 -329.0000000000
30162 -327.0000000000
30201 -325.0000000000
30340 -324.0000000000
30383 -323.0000000000
30402 -320.0000000000
30505 -319.0000000000
30660 -317.0000000000
30794 -314.0000000000
30812 -313.0000000000
30905 -312.0000000000
30907 -311.0000000000
30923 -310.0000000000
31057 -309.0000000000
31065 -307.0000000000
31171 -306.0000000000
31202 -305.0000000000
31214 -304.0000000000
31285 -303.0000000000
31390 -302.0000000000
31401 -301.0000000000
31414 -300.0000000000
31460 -297.0000000000
31585 -296.0000000000
31741 -295.0000000000
31759 -293.0000000000
31854 -291.0000000000
31936 -290.0000000000
32054 -289.0000000000
32055 -288.0000000000
32146 -287.0000000000
32198 -286.0000000000
32215 -285.0000000000
32341 -284.0000000000
32352 -281.0000000000
32501 -280.0000000000
32542 -279.0000000000
32603 -278.0000000000
32650 -277.0000000000
32761 -276.0000000000
32814 -275.0000000000
32850 -274.0000000000
32947 -273.0000000000
32965 -272.0000000000
32995 -271.0000000000
33032 -270.0000000000
33065 -268.0000000000
33139 -265.0000000000
33185 -264.0000000000
33229 -263.0000000000
33315 -261.0000000000
33369 -260.0000000000
33413 -259.0000000000
33501 -257.0000000000
33513 -256.0000000000
33667 -254.0000000000
33701 -253.0000000000
33707 -252.0000000000
33867 -251.0000000000
33870 -250.0000000000
33968 -249.0000000000
34071 -248.0000000000
34119 -247.0000000000
34144 -246.0000000000
34145 -245.0000000000
34260 -244.0000000000
34261 -243.0000000000
34386 -242.0000000000
34417 -241.0000000000
34482 -239.0000000000
34517 -238.0000000000
34658 -234.0000000000
34849 -233.0000000000
34887 -232.0000000000
34894 -231.0000000000
34998 -230.0000000000
35105 -229.0000000000
35106 -228.0000000000
35163 -227.0000000000
35259 -226.0000000000
35347 -225.0000000000
35377 -224.0000000000
35409 -222.0000000000
35505 -221.0000000000
35556 -220.0000000000
35593 -219.0000000000
35656 -218.0000000000
35764 -217.0000000000
35867 -216.0000000000
35918 -215.0000000000
35924 -212.0000000000
36058 -211.0000000000
36059 -210.0000000000
36132 -209.0000000000
36219 -208.0000000000
36298 -207.0000000000
36385 -206.0000000000
36469 -205.0000000000
36529 -203.0000000000
36563 -202.0000000000
36677 -199.0000000000
36790 -198.0000000000
36970 -196.0000000000
37004 -195.0000000000
37061 -194.0000000000
37111 -193.0000000000
37190 -192.0000000000
37258 -191.0000000000
37288 -190.0000000000
37365 -189.0000000000
37407 -187.0000000000
37557 -186.0000000000
37562 -185.0000000000
37630 -183.0000000000
37730 -181.0000000000
37786 -180.0000000000
37864 -179.0000000000
37921 -178.0000000000
38008 -177.0000000000
38026 -176.0000000000
38099 -175.0000000000
38129 -174.0000000000
38174 -173.0000000000
38209 -171.0000000000
38354 -169.0000000000
38453 -167.0000000000
38490 -166.0000000000
38786 -165.0000000000
38815 -164.0000000000
38840 -163.0000000000
38960 -162.0000000000
38983 -160.0000000000
39113 -158.0000000000
39341 -156.0000000000
39359 -155.0000000000
39403 -154.0000000000
39553 -153.0000000000
39578 -152.0000000000
39646 -151.0000000000
39716 -150.0000000000
39805 -149.0000000000
39821 -148.0000000000
39882 -147.0000000000
39955 -145.0000000000
39966 -144.0000000000
40086 -143.0000000000
40145 -142.0000000000
40211 -141.0000000000
40303 -140.0000000000
40333 -139.0000000000
40473 -138.0000000000
40579 -136.0000000000
40684 -135.0000000000
40745 -133.0000000000
40886 -132.0000000000
40946 -130.0000000000
40993 -129.0000000000
41021 -128.0000000000
41252 -127.0000000000
41311 -126.0000000000
41366 -125.0000000000
41443 -124.0000000000
41508 -122.0000000000
41551 -121.0000000000
41627 -120.0000000000
41739 -119.0000000000
41808 -118.0000000000
41858 -117.0000000000
42123 -116.0000000000
42178 -115.0000000000
42273 -114.0000000000
42369 -113.0000000000
42515 -112.0000000000
42636 -110.0000000000
42711 -109.0000000000
42816 -108.0000000000
43074 -107.0000000000
43138 -106.0000000000
43286 -105.0000000000
43335 -104.0000000000
43378 -102.0000000000
43553 -101.0000000000
43653 -100.0000000000
43719 -99.0000000000
43726 -97.0000000000
43951 -96.0000000000
44023 -95.0000000000
44078 -92.0000000000
44454 -91.0000000000
44598 -90.0000000000
44611 -89.0000000000
44708 -88.0000000000
44847 -87.0000000000
44915 -86.0000000000
45060 -85.0000000000
45135 -84.0000000000
45204 -82.0000000000
45376 -81.0000000000
45511 -80.0000000000
45526 -79.0000000000
45596 -78.0000000000
45732 -77.0000000000
45816 -76.0000000000
45847 -75.0000000000
45921 -74.0000000000
45983 -72.0000000000
46124 -71.0000000000
46267 -70.0000000000
46299 -69.0000000000
46467 -68.0000000000
46580 -67.0000000000
46705 -66.0000000000
46804 -65.0000000000
46871 -64.0000000000
47006 -63.0000000000
47115 -62.0000000000
47249 -61.0000000000
47322 -59.0000000000
47575 -58.0000000000
47631 -57.0000000000
47912 -54.0000000000
48179 -53.0000000000
48306 -52.0000000000
48413 -51.0000000000
48632 -50.0000000000
48667 -49.0000000000
48754 -48.0000000000
48899 -47.0000000000
48924 -46.0000000000
49080 -45.0000000000
49151 -43.0000000000
49335 -41.0000000000
49427 -40.0000000000
49582 -39.0000000000
49717 -37.0000000000
49952 -36.0000000000
50127 -35.0000000000
50210 -34.0000000000
50308 -33.0000000000
50409 -31.0000000000
50830 -29.0000000000
51095 -27.0000000000
51322 -26.0000000000
51389 -25.0000000000
51616 -24.0000000000
51773 -23.0000000000
51957 -22.0000000000
52119 -21.0000000000
52435 -20.0000000000
52592 -19.0000000000
52645 -17.0000000000
52962 -16.0000000000
53271 -15.0000000000
53601 -14.0000000000
53845 -13.0000000000
54301 -11.0000000000
54667 -10.0000000000
54900 -8.0000000000
54988 -7.0000000000
55114 -6.0000000000
55425 -5.0000000000
55458 -4.0000000000
55636 -3.0000000000
55707 -2.0000000000
55722 -1.0000000000
55975 279.2300000000
56251 283.8700000000
56268 310.5800000000
56770 320.9100000000
57019 332.2200000000
57139 333.4100000000
57355 346.4300000000
57680 348.1900000000
57702 427.0800000000
57755 442.1000000000
57933 491.3700000000
58797 496.8200000000
58824 513.8800000000
58839 561.7100000000
58865 563.9600000000
58870 576.6200000000
58872 596.5500000000
58981 602.4200000000
59107 608.7900000000
59371 612.0200000000
59374 612.5600000000
59475 613.9000000000
59533 613.9100000000
59565 635.1200000000
59597 636.7800000000
59952 672.7000000000
60033 691.9100000000
60052 696.5000000000
60066 707.0300000000
60172 716.9400000000
60226 722.2400000000
60381 748.1400000000
60537 749.2500000000
60701 751.0600000000
60806 758.5400000000
61014 760.9500000000
61340 762.2700000000
61504 764.2100000000
61520 765.7300000000
61901 772.8400000000
62423 802.8600000000
62499 814.7800000000
62648 817.7000000000
62690 823.3300000000
62709 824.1900000000
62765 824.6600000000
62786 828.2400000000
63008 830.8400000000
63020 833.3300000000
63633 834.4800000000
63653 837.3500000000
63722 838.0900000000
63833 841.4100000000
63982 848.6600000000
64128 853.5400000000
64133 854.6100000000
64134 887.0200000000
65059 900.3700000000
65629 901.7900000000
65748 903.4200000000
65760 908.1600000000
66596 909.3900000000
66937 915.7400000000
67863 920.6700000000
68601 922.4600000000
70255 923.6600000000
71529 929.6800000000
73238 929.8100000000
74948 936.1800000000
77479 946.1400000000
79067 955.1800000000
79663 959.1900000000
81378 964.7200000000
84086 966.4300000000
84290 970.5400000000
88068 972.3500000000
89342 983.2400000000
94677 990.1200000000
100000 889.9700000000
evaluations raw_y
1 -1981.0000000000
3 -1976.0000000000
8 -1948.0000000000
31 -1947.0000000000
49 -1934.0000000000
51 -1928.0000000000
102 -1923.0000000000
108 -1914.0000000000
162 -1913.0000000000
184 -1910.0000000000
191 -1908.0000000000
201 -1897.0000000000
203 -1886.0000000000
239 -1879.0000000000
248 -1876.0000000000
272 -1873.0000000000
287 -1872.0000000000
297 -1869.0000000000
309 -1860.0000000000
314 -1857.0000000000
324 -1856.0000000000
335 -1837.0000000000
336 -1836.0000000000
354 -1824.0000000000
362 -1812.0000000000
387 -1809.0000000000
416 -1805.0000000000
453 -1796.0000000000
509 -1794.0000000000
510 -1788.0000000000
511 -1772.0000000000
560 -1771.0000000000
568 -1769.0000000000
602 -1755.0000000000
646 -1752.0000000000
651 -1742.0000000000
655 -1730.0000000000
660 -1713.0000000000
778 -1702.0000000000
798 -1694.0000000000
830 -1693.0000000000
858 -1689.0000000000
866 -1672.0000000000
930 -1664.0000000000
960 -1650.0000000000
1055 -1649.0000000000
1058 -1647.0000000000
1060 -1646.0000000000
1063 -1645.0000000000
1070 -1639.0000000000
1084 -1631.0000000000
1107 -1630.0000000000
1123 -1628.0000000000
1124 -1601.0000000000
1209 -1599.0000000000
1230 -1596.0000000000
1259 -1594.0000000000
1263 -1593.0000000000
1269 -1590.0000000000
1304 -1586.0000000000
1306 -1570.0000000000
1344 -1558.0000000000
1374 -1551.0000000000
1459 -1548.0000000000
1469 -1543.0000000000
1518 -1542.0000000000
1547 -1522.0000000000
1655 -1508.0000000000
1708 -1503.0000000000
1752 -1497.0000000000
1809 -1494.0000000000
1844 -1493.0000000000
1866 -1489.0000000000
1895 -1483.0000000000
1917 -1479.0000000000
1929 -1476.0000000000
1956 -1475.0000000000
2010 -1473.0000000000
2060 -1472.0000000000
2071 -1467.0000000000
2107 -1461.0000000000
2140 -1460.0000000000
2151 -1457.0000000000
2172 -1451.0000000000
2262 -1446.0000000000
2277 -1444.0000000000
2293 -1436.0000000000
2372 -1433.0000000000
2416 -1432.0000000000
2460 -1429.0000000000
2470 -1428.0000000000
2486 -1427.0000000000
2494 -1422.0000000000
2541 -1418.0000000000
2591 -1417.0000000000
2604 -1411.0000000000
2704 -1410.0000000000
2710 -1400.0000000000
2807 -1398.0000000000
2824 -1395.0000000000
2875 -1394.0000000000
2901 -1393.0000000000
2905 -1391.0000000000
2943 -1389.0000000000
2955 -1388.0000000000
3002 -1386.0000000000
3016 -1385.0000000000
3058 -1384.0000000000
3065 -1383.0000000000
3076 -1381.0000000000
3086 -1380.0000000000
3099 -1376.0000000000
3123 -1375.0000000000
3124 -1374.0000000000
3158 -1373.0000000000
3171 -1369.0000000000
3199 -1365.0000000000
3272 -1364.0000000000
3316 -1363.0000000000
3321 -1358.0000000000
3365 -1354.0000000000
3445 -1345.0000000000
3471 -1344.0000000000
3569 -1343.0000000000
3610 -1342.0000000000
3611 -1341.0000000000
3615 -1339.0000000000
3653 -1335.0000000000
3701 -1333.0000000000
3751 -1329.0000000000
3753 -1328.0000000000
3844 -1327.0000000000
3862 -1323.0000000000
3922 -1321.0000000000
3964 -1319.0000000000
3967 -1316.0000000000
4033 -1315.0000000000
4062 -1314.0000000000
4072 -1313.0000000000
4134 -1310.0000000000
4195 -1308.0000000000
4220 -1303.0000000000
4283 -1302.0000000000
4304 -1301.0000000000
4398 -1299.0000000000
4416 -1298.0000000000
4452 -1297.0000000000
4467 -1291.0000000000
4584 -1290.0000000000
4601 -1288.0000000000
4631 -1287.0000000000
4652 -1284.0000000000
4723 -1282.0000000000
4786 -1280.0000000000
4819 -1274.0000000000
4912 -1273.0000000000
4914 -1272.0000000000
4955 -1271.0000000000
4967 -1270.0000000000
4988 -1269.0000000000
4990 -1268.0000000000
5003 -1264.0000000000
5075 -1262.0000000000
5132 -1261.0000000000
5176 -1257.0000000000
5245 -1256.0000000000
5311 -1254.0000000000
5345 -1253.0000000000
5346 -1251.0000000000
5381 -1250.0000000000
5411 -1249.0000000000
5468 -1244.0000000000
5537 -1243.0000000000
5558 -1242.0000000000
5582 -1241.0000000000
5604 -1237.0000000000
5716 -1236.0000000000
5765 -1233.0000000000
5857 -1232.0000000000
5858 -1230.0000000000
5895 -1228.0000000000
5921 -1225.0000000000
5966 -1224.0000000000
6007 -1223.0000000000
6008 -1222.0000000000
6099 -1221.0000000000
6111 -1220.0000000000
6120 -1218.0000000000
6123 -1217.0000000000
6187 -1213.0000000000
6210 -1211.0000000000
6267 -1207.0000000000
6307 -1206.0000000000
6419 -1205.0000000000
6422 -1202.0000000000
6470 -1199.0000000000
6542 -1198.0000000000
6587 -1197.0000000000
6599 -1196.0000000000
6631 -1193.0000000000
6665 -1192.0000000000
6680 -1191.0000000000
6727 -1188.0000000000
6746 -1185.0000000000
6807 -1182.0000000000
6885 -1181.0000000000
6955 -1178.0000000000
7004 -1176.0000000000
7070 -1173.0000000000
7137 -1169.0000000000
7151 -1168.0000000000
7163 -1167.0000000000
7255 -1165.0000000000
7307 -1162.0000000000
7365 -1160.0000000000
7410 -1158.0000000000
7458 -1155.0000000000
7505 -1154.0000000000
7563 -1151.0000000000
7658 -1149.0000000000
7663 -1145.0000000000
7732 -1141.0000000000
7846 -1140.0000000000
7852 -1139.0000000000
7890 -1138.0000000000
7906 -1137.0000000000
7951 -1136.0000000000
7966 -1132.0000000000
8019 -1129.0000000000
8085 -1128.0000000000
8150 -1127.0000000000
8152 -1124.0000000000
8211 -1122.0000000000
8217 -1120.0000000000
8301 -1119.0000000000
8319 -1117.0000000000
8369 -1116.0000000000
8403 -1114.0000000000
8460 -1109.0000000000
8501 -1108.0000000000
8518 -1107.0000000000
8553 -1104.0000000000
8603 -1101.0000000000
8682 -1097.0000000000
8742 -1096.0000000000
8761 -1095.0000000000
8775 -1093.0000000000
8804 -1092.0000000000
8863 -1090.0000000000
8906 -1088.0000000000
8970 -1086.0000000000
8976 -1083.0000000000
9015 -1080.0000000000
9023 -1079.0000000000
9183 -1076.0000000000
9201 -1072.0000000000
9298 -1070.0000000000
9351 -1068.0000000000
9402 -1067.0000000000
9436 -1064.0000000000
9506 -1062.0000000000
9543 -1059.0000000000
9582 -1058.0000000000
9629 -1057.0000000000
9636 -1056.0000000000
9711 -1053.0000000000
9721 -1052.0000000000
9816 -1051.0000000000
9820 -1049.0000000000
9858 -1047.0000000000
9931 -1046.0000000000
9977 -1044.0000000000
9979 -1043.0000000000
9988 -1040.0000000000
10071 -1035.0000000000
10109 -1033.0000000000
10282 -1032.0000000000
10292 -1030.0000000000
10304 -1029.0000000000
10318 -1027.0000000000
10384 -1026.0000000000
10413 -1025.0000000000
10432 -1024.0000000000
10453 -1023.0000000000
10467 -1022.0000000000
10489 -1018.0000000000
10612 -1015.0000000000
10655 -1014.0000000000
10661 -1011.0000000000
10714 -1010.0000000000
10826 -1009.0000000000
10840 -1008.0000000000
10849 -1007.0000000000
10862 -1004.0000000000
10958 -1001.0000000000
11009 -1000.0000000000
11012 -998.0000000000
11078 -993.0000000000
11271 -991.0000000000
11303 -990.0000000000
11315 -988.0000000000
11366 -987.0000000000
11423 -984.0000000000
11484 -983.0000000000
11506 -982.0000000000
11530 -980.0000000000
11564 -977.0000000000
11616 -975.0000000000
11655 -974.0000000000
11672 -973.0000000000
11706 -970.0000000000
11801 -964.0000000000
11856 -963.0000000000
11901 -962.0000000000
11951 -960.0000000000
11997 -959.0000000000
12012 -958.0000000000
12089 -957.0000000000
12093 -956.0000000000
12121 -954.0000000000
12160 -953.0000000000
12201 -951.0000000000
12213 -950.0000000000
12304 -949.0000000000
12317 -948.0000000000
12378 -945.0000000000
12401 -940.0000000000
12595 -936.0000000000
12699 -934.0000000000
12772 -933.0000000000
12779 -932.0000000000
12805 -931.0000000000
12809 -930.0000000000
12852 -929.0000000000
12934 -927.0000000000
12946 -925.0000000000
12952 -922.0000000000
13064 -920.0000000000
13081 -917.0000000000
13154 -914.0000000000
13220 -913.0000000000
13224 -911.0000000000
13358 -910.0000000000
13365 -909.0000000000
13369 -908.0000000000
13449 -907.0000000000
13467 -906.0000000000
13475 -905.0000000000
13525 -903.0000000000
13562 -902.0000000000
13578 -900.0000000000
13606 -896.0000000000
13707 -895.0000000000
13763 -894.0000000000
13776 -893.0000000000
13815 -892.0000000000
13827 -891.0000000000
13852 -890.0000000000
13901 -886.0000000000
13985 -883.0000000000
14051 -882.0000000000
14072 -881.0000000000
14114 -878.0000000000
14176 -876.0000000000
14271 -875.0000000000
14272 -874.0000000000
14326 -873.0000000000
14365 -869.0000000000
14379 -868.0000000000
14462 -867.0000000000
14475 -865.0000000000
14513 -864.0000000000
14569 -863.0000000000
14600 -859.0000000000
14644 -856.0000000000
14676 -854.0000000000
14751 -853.0000000000
14844 -852.0000000000
14871 -851.0000000000
14887 -849.0000000000
14905 -847.0000000000
15005 -844.0000000000
15006 -843.0000000000
15063 -841.0000000000
15109 -839.0000000000
15137 -838.0000000000
15162 -837.0000000000
15181 -836.0000000000
15207 -835.0000000000
15210 -834.0000000000
15299 -833.0000000000
15330 -832.0000000000
15377 -830.0000000000
15397 -829.0000000000
15433 -828.0000000000
15467 -827.0000000000
15492 -825.0000000000
15538 -823.0000000000
15565 -822.0000000000
15603 -821.0000000000
15612 -820.0000000000
15680 -818.0000000000
15693 -817.0000000000
15731 -815.0000000000
15751 -813.0000000000
15840 -812.0000000000
15860 -811.0000000000
15909 -809.0000000000
15980 -808.0000000000
15993 -807.0000000000
16045 -806.0000000000
16047 -804.0000000000
16101 -803.0000000000
16168 -801.0000000000
16172 -799.0000000000
16255 -798.0000000000
16261 -797.0000000000
16315 -796.0000000000
16334 -795.0000000000
16358 -794.0000000000
16390 -793.0000000000
16405 -792.0000000000
16406 -788.0000000000
16483 -787.0000000000
16510 -784.0000000000
16605 -781.0000000000
16653 -779.0000000000
16716 -776.0000000000
16754 -775.0000000000
16772 -774.0000000000
16805 -770.0000000000
16922 -767.0000000000
16995 -766.0000000000
17006 -764.0000000000
17071 -763.0000000000
17082 -757.0000000000
17201 -754.0000000000
17357 -749.0000000000
17451 -748.0000000000
17502 -746.0000000000
17594 -745.0000000000
17615 -744.0000000000
17620 -743.0000000000
17640 -741.0000000000
17668 -740.0000000000
17771 -739.0000000000
17805 -738.0000000000
17826 -736.0000000000
17853 -735.0000000000
17876 -732.0000000000
17952 -731.0000000000
17979 -729.0000000000
18056 -728.0000000000
18057 -725.0000000000
18105 -724.0000000000
18181 -723.0000000000
18270 -722.0000000000
18325 -721.0000000000
18340 -719.0000000000
18348 -717.0000000000
18414 -716.0000000000
18482 -713.0000000000
18552 -712.0000000000
18587 -711.0000000000
18609 -709.0000000000
18637 -706.0000000000
18761 -705.0000000000
18803 -703.0000000000
18874 -702.0000000000
18891 -700.0000000000
18906 -698.0000000000
18988 -697.0000000000
19055 -696.0000000000
19085 -695.0000000000
19104 -694.0000000000
19119 -691.0000000000
19202 -688.0000000000
19330 -686.0000000000
19359 -684.0000000000
19433 -679.0000000000
19505 -678.0000000000
19603 -677.0000000000
19633 -676.0000000000
19654 -675.0000000000
19658 -673.0000000000
19744 -671.0000000000
19752 -669.0000000000
19815 -667.0000000000
19908 -665.0000000000
19953 -664.0000000000
19993 -663.0000000000
20007 -661.0000000000
20008 -660.0000000000
20020 -657.0000000000
20102 -656.0000000000
20145 -655.0000000000
20220 -654.0000000000
20232 -653.0000000000
20288 -651.0000000000
20308 -649.0000000000
20362 -647.0000000000
20385 -645.0000000000
20449 -644.0000000000
20554 -642.0000000000
20615 -639.0000000000
20720 -638.0000000000
20750 -637.0000000000
20767 -636.0000000000
20774 -633.0000000000
20849 -632.0000000000
20888 -631.0000000000
20910 -630.0000000000
20926 -628.0000000000
20980 -627.0000000000
21061 -626.0000000000
21085 -624.0000000000
21101 -623.0000000000
21181 -622.0000000000
21220 -619.0000000000
21284 -618.0000000000
21307 -617.0000000000
21353 -614.0000000000
21512 -610.0000000000
21601 -609.0000000000
21611 -607.0000000000
21655 -606.0000000000
21662 -605.0000000000
21737 -604.0000000000
21760 -603.0000000000
21835 -602.0000000000
21839 -601.0000000000
21859 -599.0000000000
21952 -597.0000000000
22054 -595.0000000000
22068 -594.0000000000
22127 -592.0000000000
22228 -589.0000000000
22322 -587.0000000000
22343 -585.0000000000
22403 -584.0000000000
22404 -582.0000000000
22475 -581.0000000000
22502 -580.0000000000
22511 -575.0000000000
22559 -574.0000000000
22636 -573.0000000000
22659 -571.0000000000
22705 -569.0000000000
22723 -568.0000000000
22765 -565.0000000000
22792 -563.0000000000
22903 -561.0000000000
22917 -560.0000000000
23014 -559.0000000000
23062 -558.0000000000
23089 -557.0000000000
23133 -556.0000000000
23169 -554.0000000000
23177 -552.0000000000
23253 -549.0000000000
23385 -548.0000000000
23404 -547.0000000000
23405 -546.0000000000
23407 -544.0000000000
23504 -543.0000000000
23539 -542.0000000000
23560 -541.0000000000
23610 -538.0000000000
23701 -537.0000000000
23715 -535.0000000000
23746 -534.0000000000
23775 -533.0000000000
23808 -532.0000000000
23915 -531.0000000000
23941 -528.0000000000
24033 -527.0000000000
24056 -526.0000000000
24163 -524.0000000000
24183 -523.0000000000
24216 -522.0000000000
24225 -521.0000000000
24254 -520.0000000000
24280 -519.0000000000
24336 -518.0000000000
24357 -517.0000000000
24416 -515.0000000000
24501 -513.0000000000
24548 -511.0000000000
24603 -510.0000000000
24605 -507.0000000000
24658 -506.0000000000
24743 -502.0000000000
24841 -501.0000000000
24846 -497.0000000000
24957 -496.0000000000
25082 -495.0000000000
25098 -491.0000000000
25167 -490.0000000000
25233 -487.0000000000
25367 -486.0000000000
25406 -485.0000000000
25426 -484.0000000000
25452 -483.0000000000
25491 -482.0000000000
25507 -481.0000000000
25523 -480.0000000000
25586 -479.0000000000
25616 -477.0000000000
25702 -473.0000000000
25750 -472.0000000000
25756 -469.0000000000
25907 -468.0000000000
25928 -467.0000000000
25985 -465.0000000000
26031 -464.0000000000
26051 -462.0000000000
26118 -461.0000000000
26211 -460.0000000000
26217 -459.0000000000
26257 -458.0000000000
26357 -456.0000000000
26379 -455.0000000000
26418 -454.0000000000
26450 -453.0000000000
26520 -452.0000000000
26526 -451.0000000000
26556 -450.0000000000
26653 -449.0000000000
26662 -446.0000000000
26730 -445.0000000000
26779 -443.0000000000
26868 -441.0000000000
26921 -438.0000000000
26955 -437.0000000000
27046 -435.0000000000
27064 -434.0000000000
27139 -433.0000000000
27189 -430.0000000000
27351 -429.0000000000
27356 -428.0000000000
27418 -426.0000000000
27478 -425.0000000000
27511 -423.0000000000
27527 -422.0000000000
27552 -421.0000000000
27738 -416.0000000000
27841 -414.0000000000
27879 -413.0000000000
28019 -412.0000000000
28055 -411.0000000000
28107 -409.0000000000
28166 -408.0000000000
28204 -406.0000000000
28305 -405.0000000000
28368 -401.0000000000
28417 -399.0000000000
28456 -398.0000000000
28562 -394.0000000000
28746 -393.0000000000
28781 -392.0000000000
28828 -391.0000000000
28853 -390.0000000000
28863 -389.0000000000
28904 -388.0000000000
28915 -385.0000000000
28917 -384.0000000000
29030 -381.0000000000
29111 -380.0000000000
29130 -379.0000000000
29214 -377.0000000000
29284 -375.0000000000
29398 -371.0000000000
29458 -368.0000000000
29609 -367.0000000000
29628 -366.0000000000
29663 -365.0000000000
29750 -364.0000000000
29758 -363.0000000000
29798 -362.0000000000
29881 -361.0000000000
29905 -359.0000000000
29940 -356.0000000000
30061 -354.0000000000
30152 -353.0000000000
30177 -352.0000000000
30275 -351.0000000000
30323 -350.0000000000
30325 -349.0000000000
30399 -346.0000000000
30413 -345.0000000000
30477 -344.0000000000
30576 -343.0000000000
30585 -341.0000000000
30609 -339.0000000000
30723 -337.0000000000
30847 -336.0000000000
30868 -335.0000000000
30995 -333.0000000000
31013 -332.0000000000
31114 -331.0000000000
31139 -330.0000000000
31201 -329.0000000000
31258 -327.0000000000
31367 -326.0000000000
31438 -325.0000000000
31489 -322.0000000000
31505 -320.0000000000
31589 -318.0000000000
31699 -315.0000000000
31856 -314.0000000000
31939 -313.0000000000
31952 -312.0000000000
31965 -311.0000000000
31986 -310.0000000000
32009 -309.0000000000
32067 -308.0000000000
32179 -305.0000000000
32295 -304.0000000000
32317 -302.0000000000
32346 -301.0000000000
32454 -300.0000000000
32523 -299.0000000000
32560 -298.0000000000
32607 -297.0000000000
32633 -296.0000000000
32713 -295.0000000000
32773 -293.0000000000
32846 -292.0000000000
32878 -289.0000000000
33032 -288.0000000000
33078 -287.0000000000
33122 -286.0000000000
33141 -285.0000000000
33171 -284.0000000000
33209 -281.0000000000
33339 -280.0000000000
33382 -279.0000000000
33410 -278.0000000000
33505 -276.0000000000
33563 -274.0000000000
33668 -273.0000000000
33765 -271.0000000000
33885 -270.0000000000
33898 -269.0000000000
33942 -268.0000000000
34009 -267.0000000000
34072 -266.0000000000
34109 -265.0000000000
34221 -264.0000000000
34279 -263.0000000000
34301 -262.0000000000
34354 -259.0000000000
34506 -257.0000000000
34636 -254.0000000000
34665 -252.0000000000
34787 -251.0000000000
34809 -249.0000000000
34936 -248.0000000000
34947 -247.0000000000
35020 -245.0000000000
35066 -244.0000000000
35117 -243.0000000000
35190 -242.0000000000
35319 -239.0000000000
35413 -238.0000000000
35464 -237.0000000000
35505 -236.0000000000
35514 -235.0000000000
35605 -233.0000000000
35708 -231.0000000000
35764 -230.0000000000
35770 -227.0000000000
35923 -225.0000000000
36044 -224.0000000000
36099 -223.0000000000
36160 -222.0000000000
36227 -221.0000000000
36253 -220.0000000000
36328 -219.0000000000
36381 -218.0000000000
36440 -216.0000000000
36483 -215.0000000000
36561 -214.0000000000
36588 -212.0000000000
36703 -211.0000000000
36784 -210.0000000000
36851 -209.0000000000
36915 -207.0000000000
36987 -206.0000000000
36999 -205.0000000000
37037 -204.0000000000
37048 -203.0000000000
37058 -202.0000000000
37166 -201.0000000000
37219 -199.0000000000
37313 -197.0000000000
37459 -195.0000000000
37523 -193.0000000000
37736 -192.0000000000
37748 -191.0000000000
37860 -189.0000000000
37964 -187.0000000000
38085 -186.0000000000
38212 -184.0000000000
38354 -183.0000000000
38473 -182.0000000000
38580 -178.0000000000
38722 -177.0000000000
38900 -176.0000000000
38914 -175.0000000000
39002 -174.0000000000
39044 -173.0000000000
39213 -172.0000000000
39253 -171.0000000000
39285 -170.0000000000
39436 -168.0000000000
39516 -167.0000000000
39597 -166.0000000000
39628 -164.0000000000
39847 -162.0000000000
39912 -161.0000000000
40000 -160.0000000000
40001 -158.0000000000
40194 -156.0000000000
40430 -155.0000000000
40456 -154.0000000000
40516 -152.0000000000
40660 -151.0000000000
40695 -150.0000000000
40767 -149.0000000000
40817 -148.0000000000
40961 -147.0000000000
41044 -146.0000000000
41104 -144.0000000000
41251 -143.0000000000
41364 -142.0000000000
41376 -141.0000000000
41539 -139.0000000000
41691 -138.0000000000
41735 -137.0000000000
41843 -136.0000000000
41943 -135.0000000000
41960 -134.0000000000
42008 -133.0000000000
42099 -132.0000000000
42173 -131.0000000000
42206 -130.0000000000
42372 -129.0000000000
42471 -128.0000000000
42483 -126.0000000000
42575 -125.0000000000
42740 -124.0000000000
42776 -123.0000000000
42873 -121.0000000000
42971 -118.0000000000
43173 -116.0000000000
43292 -115.0000000000
43303 -114.0000000000
43603 -112.0000000000
43709 -111.0000000000
43825 -110.0000000000
43943 -109.0000000000
43956 -107.0000000000
44173 -106.0000000000
44223 -105.0000000000
44343 -104.0000000000
44473 -103.0000000000
44530 -102.0000000000
44600 -100.0000000000
44742 -99.0000000000
44904 -97.0000000000
45053 -96.0000000000
45106 -95.0000000000
45194 -94.0000000000
45412 -92.0000000000
45539 -90.0000000000
45702 -89.0000000000
45785 -88.0000000000
45792 -87.0000000000
45993 -86.0000000000
46027 -85.0000000000
46086 -84.0000000000
46313 -83.0000000000
46359 -82.0000000000
46492 -80.0000000000
46620 -79.0000000000
46691 -76.0000000000
46902 -74.0000000000
47199 -72.0000000000
47235 -71.0000000000
47303 -70.0000000000
47501 -68.0000000000
47635 -67.0000000000
47728 -66.0000000000
47805 -65.0000000000
47873 -64.0000000000
47911 -62.0000000000
48055 -60.0000000000
48111 -59.0000000000
48334 -57.0000000000
48420 -56.0000000000
48581 -53.0000000000
48676 -52.0000000000
48783 -51.0000000000
48879 -50.0000000000
48894 -49.0000000000
49084 -48.0000000000
49152 -47.0000000000
49360 -45.0000000000
49769 -43.0000000000
49974 -42.0000000000
50128 -40.0000000000
50268 -39.0000000000
50515 -38.0000000000
50535 -37.0000000000
50733 -36.0000000000
50862 -33.0000000000
51402 -32.0000000000
51438 -30.0000000000
51578 -29.0000000000
51665 -28.0000000000
51752 -27.0000000000
52002 -25.0000000000
52171 -24.0000000000
52230 -23.0000000000
52497 -22.0000000000
52545 -20.0000000000
52944 -19.0000000000
52983 -18.0000000000
53425 -17.0000000000
53468 -16.0000000000
53621 -15.0000000000
53917 -14.0000000000
54195 -13.0000000000
54248 -12.0000000000
54400 -11.0000000000
54691 -10.0000000000
54704 -9.0000000000
54802 -8.0000000000
55057 -7.0000000000
55258 -6.0000000000
55337 -4.0000000000
55582 -3.0000000000
55758 -2.0000000000
55985 -1.0000000000
56200 140.1800000000
56306 146.7500000000
56418 147.4000000000
56487 169.2300000000
56987 172.8700000000
57066 175.4200000000
57161 178.2300000000
57307 182.5300000000
57534 187.4700000000
57603 190.8900000000
57658 190.9800000000
57670 196.8000000000
57877 203.6800000000
58016 212.0300000000
58305 239.0500000000
58535 241.0400000000
58540 249.1200000000
58666 254.9600000000
58744 256.9000000000
58813 260.4800000000
58918 263.6300000000
59078 266.8000000000
59084 269.7800000000
59134 271.6400000000
59144 271.8500000000
59152 274.4200000000
59309 276.2600000000
59316 278.6900000000
59352 306.1400000000
59383 310.8900000000
59514 396.8400000000
59594 424.5400000000
59623 436.4000000000
59630 469.1300000000
59711 474.5400000000
59768 489.3000000000
60001 490.4800000000
60028 493.7000000000
60181 518.0800000000
60717 527.0900000000
61052 597.0700000000
61081 597.8700000000
61206 599.7800000000
61231 609.2000000000
61293 611.5500000000
61305 612.7000000000
61316 682.6800000000
61357 711.3100000000
61481 711.8800000000
61582 728.6800000000
61625 729.0700000000
61690 731.4900000000
61763 734.9000000000
61850 735.5700000000
61881 749.4200000000
62418 753.5400000000
62515 765.1800000000
62562 767.7100000000
62605 776.7100000000
62610 777.4500000000
62656 784.3900000000
62723 792.3300000000
62799 795.4200000000
62947 802.5400000000
63000 808.2500000000
63056 811.5900000000
63192 813.5500000000
63273 820.3500000000
64273 822.1600000000
65118 825.4900000000
65129 844.5100000000
69892 847.1600000000
70008 859.2500000000
70624 859.6600000000
70661 866.6300000000
71467 866.9200000000
73541 868.5100000000
74031 893.2900000000
74104 899.9600000000
74160 902.2200000000
74253 910.3100000000
74267 926.2700000000
74405 929.7300000000
74445 929.8800000000
74681 933.7800000000
74773 934.9900000000
74802 938.0500000000
75347 938.5800000000
75392 948.8300000000
76061 962.2000000000
76259 962.3500000000
76565 962.3900000000
77909 964.4600000000
77968 969.7800000000
79359 976.3400000000
80331 982.0900000000
100000 795.8600000000
evaluations raw_y
1 -1992.0000000000
6 -1971.0000000000
19 -1964.0000000000
33 -1947.0000000000
40 -1882.0000000000
177 -1873.0000000000
224 -1857.0000000000
227 -1853.0000000000
279 -1851.0000000000
309 -1822.0000000000
330 -1803.0000000000
396 -1802.0000000000
402 -1789.0000000000
460 -1785.0000000000
469 -1775.0000000000
474 -1773.0000000000
523 -1760.0000000000
557 -1752.0000000000
565 -1749.0000000000
603 -1742.0000000000
632 -1737.0000000000
645 -1736.0000000000
674 -1734.0000000000
686 -1728.0000000000
689 -1721.0000000000
707 -1716.0000000000
724 -1712.0000000000
728 -1688.0000000000
766 -1682.0000000000
822 -1678.0000000000
864 -1673.0000000000
869 -1670.0000000000
886 -1667.0000000000
898 -1659.0000000000
911 -1654.0000000000
951 -1647.0000000000
980 -1645.0000000000
1005 -1636.0000000000
1016 -1623.0000000000
1048 -1619.0000000000
1110 -1615.0000000000
1138 -1612.0000000000
1151 -1611.0000000000
1154 -1608.0000000000
1164 -1603.0000000000
1170 -1593.0000000000
1234 -1581.0000000000
1275 -1567.0000000000
1390 -1566.0000000000
1408 -1561.0000000000
1414 -1559.0000000000
1428 -1558.0000000000
1461 -1554.0000000000
1469 -1552.0000000000
1508 -1550.0000000000
1510 -1548.0000000000
1535 -1547.0000000000
1542 -1544.0000000000
1568 -1539.0000000000
1593 -1538.0000000000
1605 -1533.0000000000
1615 -1529.0000000000
1657 -1528.0000000000
1658 -1521.0000000000
1662 -1520.0000000000
1705 -1513.0000000000
1780 -1511.0000000000
1797 -1506.0000000000
1846 -1505.0000000000
1865 -1499.0000000000
1886 -1492.0000000000
1907 -1491.0000000000
1951 -1489.0000000000
1956 -1484.0000000000
1985 -1479.0000000000
2026 -1476.0000000000
2052 -1464.0000000000
2125 -1463.0000000000
2151 -1460.0000000000
2161 -1455.0000000000
2215 -1448.0000000000
2258 -1446.0000000000
2301 -1444.0000000000
2336 -1437.0000000000
2357 -1432.0000000000
2406 -1430.0000000000
2412 -1428.0000000000
2449 -1426.0000000000
2461 -1424.0000000000
2507 -1422.0000000000
2528 -1420.0000000000
2557 -1419.0000000000
2565 -1417.0000000000
2571 -1413.0000000000
2578 -1411.0000000000
2582 -1407.0000000000
2619 -1398.0000000000
2664 -1394.0000000000
2777 -1391.0000000000
2790 -1390.0000000000
2806 -1388.0000000000
2832 -1387.0000000000
2856 -1382.0000000000
2905 -1381.0000000000
2952 -1380.0000000000
2956 -1379.0000000000
2978 -1376.0000000000
2992 -1375.0000000000
3001 -1373.0000000000
3061 -1372.0000000000
3102 -1371.0000000000
3104 -1370.0000000000
3106 -1368.0000000000
3155 -1365.0000000000
3200 -1359.0000000000
3218 -1356.0000000000
3302 -1355.0000000000
3330 -1354.0000000000
3339 -1352.0000000000
3398 -1347.0000000000
3416 -1344.0000000000
3464 -1341.0000000000
3485 -1337.0000000000
3510 -1332.0000000000
3652 -1329.0000000000
3705 -1328.0000000000
3706 -1327.0000000000
3712 -1323.0000000000
3717 -1322.0000000000
3754 -1320.0000000000
3832 -1316.0000000000
3870 -1313.0000000000
3908 -1310.0000000000
3917 -1308.0000000000
3923 -1307.0000000000
4001 -1305.0000000000
4041 -1303.0000000000
4054 -1302.0000000000
4099 -1298.0000000000
4156 -1289.0000000000
4266 -1287.0000000000
4313 -1286.0000000000
4338 -1284.0000000000
4374 -1283.0000000000
4380 -1282.0000000000
4414 -1281.0000000000
4424 -1280.0000000000
4425 -1279.0000000000
4441 -1277.0000000000
4454 -1276.0000000000
4470 -1273.0000000000
4542 -1269.0000000000
4603 -1267.0000000000
4651 -1264.0000000000
4714 -1262.0000000000
4758 -1261.0000000000
4765 -1260.0000000000
4802 -1256.0000000000
4856 -1254.0000000000
4864 -1253.0000000000
4952 -1251.0000000000
4965 -1249.0000000000
5001 -1247.0000000000
5044 -1243.0000000000
5056 -1242.0000000000
5101 -1241.0000000000
5111 -1238.0000000000
5181 -1237.0000000000
5190 -1234.0000000000
5254 -1233.0000000000
5277 -1232.0000000000
5315 -1229.0000000000
5355 -1228.0000000000
5367 -1226.0000000000
5425 -1223.0000000000
5492 -1221.0000000000
5543 -1215.0000000000
5617 -1212.0000000000
5710 -1211.0000000000
5752 -1210.0000000000
5753 -1208.0000000000
5801 -1206.0000000000
5853 -1203.0000000000
5912 -1201.0000000000
5965 -1200.0000000000
6002 -1195.0000000000
6068 -1192.0000000000
6162 -1188.0000000000
6264 -1184.0000000000
6353 -1183.0000000000
6368 -1178.0000000000
6523 -1175.0000000000
6603 -1173.0000000000
6653 -1170.0000000000
6672 -1169.0000000000
6713 -1168.0000000000
6726 -1167.0000000000
6753 -1166.0000000000
6822 -1165.0000000000
6825 -1164.0000000000
6833 -1163.0000000000
6870 -1162.0000000000
6885 -1161.0000000000
6916 -1158.0000000000
6993 -1157.0000000000
6996 -1154.0000000000
7029 -1151.0000000000
7079 -1150.0000000000
7104 -1147.0000000000
7155 -1143.0000000000
7256 -1142.0000000000
7271 -1141.0000000000
7313 -1139.0000000000
7351 -1136.0000000000
7368 -1135.0000000000
7428 -1133.0000000000
7459 -1132.0000000000
7466 -1131.0000000000
7506 -1128.0000000000
7518 -1127.0000000000
7568 -1125.0000000000
7651 -1123.0000000000
7678 -1120.0000000000
7728 -1116.0000000000
7808 -1113.0000000000
7874 -1112.0000000000
7912 -1111.0000000000
7933 -1110.0000000000
7952 -1108.0000000000
7988 -1104.0000000000
7996 -1101.0000000000
8091 -1100.0000000000
8102 -1099.0000000000
8133 -1096.0000000000
8210 -1095.0000000000
8259 -1093.0000000000
8272 -1091.0000000000
8312 -1089.0000000000
8370 -1087.0000000000
8410 -1086.0000000000
8413 -1080.0000000000
8627 -1076.0000000000
8665 -1075.0000000000
8678 -1074.0000000000
8704 -1073.0000000000
8730 -1071.0000000000
8806 -1069.0000000000
8834 -1068.0000000000
8851 -1064.0000000000
8893 -1063.0000000000
8971 -1059.0000000000
9018 -1057.0000000000
9080 -1055.0000000000
9152 -1054.0000000000
9168 -1051.0000000000
9249 -1044.0000000000
9350 -1040.0000000000
9464 -1039.0000000000
9493 -1038.0000000000
9496 -1037.0000000000
9604 -1031.0000000000
9705 -1030.0000000000
9764 -1025.0000000000
9870 -1022.0000000000
9914 -1020.0000000000
9958 -1018.0000000000
9993 -1016.0000000000
10002 -1014.0000000000
10057 -1012.0000000000
10099 -1011.0000000000
10160 -1008.0000000000
10203 -1007.0000000000
10219 -1004.0000000000
10269 -1003.0000000000
10298 -1002.0000000000
10326 -1001.0000000000
10354 -995.0000000000
10420 -994.0000000000
10459 -992.0000000000
10472 -991.0000000000
10481 -988.0000000000
10538 -982.0000000000
10594 -981.0000000000
10628 -978.0000000000
10712 -977.0000000000
10811 -975.0000000000
10840 -974.0000000000
10858 -972.0000000000
10952 -968.0000000000
11024 -967.0000000000
11054 -964.0000000000
11105 -962.0000000000
11202 -961.0000000000
11206 -960.0000000000
11264 -959.0000000000
11266 -958.0000000000
11302 -956.0000000000
11321 -954.0000000000
11437 -952.0000000000
11452 -949.0000000000
11503 -946.0000000000
11611 -944.0000000000
11622 -943.0000000000
11681 -941.0000000000
11702 -939.0000000000
11751 -935.0000000000
11870 -934.0000000000
11905 -931.0000000000
11970 -929.0000000000
12027 -927.0000000000
12040 -925.0000000000
12108 -923.0000000000
12111 -922.0000000000
12166 -921.0000000000
12184 -920.0000000000
12207 -919.0000000000
12268 -916.0000000000
12313 -915.0000000000
12370 -913.0000000000
12371 -912.0000000000
12402 -911.0000000000
12429 -910.0000000000
12466 -908.0000000000
12490 -905.0000000000
12517 -903.0000000000
12580 -902.0000000000
12668 -899.0000000000
12739 -898.0000000000
12752 -897.0000000000
12820 -895.0000000000
12928 -894.0000000000
12931 -892.0000000000
12956 -890.0000000000
13008 -886.0000000000
13098 -884.0000000000
13111 -882.0000000000
13163 -881.0000000000
13210 -880.0000000000
13245 -877.0000000000
13306 -875.0000000000
13356 -871.0000000000
13490 -869.0000000000
13506 -868.0000000000
13575 -865.0000000000
13665 -864.0000000000
13721 -860.0000000000
13758 -856.0000000000
13807 -855.0000000000
13940 -854.0000000000
13954 -851.0000000000
14028 -849.0000000000
14030 -848.0000000000
14157 -842.0000000000
14221 -839.0000000000
14321 -835.0000000000
14429 -834.0000000000
14491 -832.0000000000
14524 -831.0000000000
14552 -827.0000000000
14681 -824.0000000000
14730 -823.0000000000
14751 -817.0000000000
14807 -815.0000000000
14865 -814.0000000000
14920 -813.0000000000
14955 -811.0000000000
14963 -809.0000000000
15074 -805.0000000000
15189 -799.0000000000
15357 -796.0000000000
15406 -795.0000000000
15476 -793.0000000000
15503 -790.0000000000
15629 -788.0000000000
15706 -785.0000000000
15750 -784.0000000000
15780 -783.0000000000
15815 -781.0000000000
15908 -779.0000000000
16007 -778.0000000000
16056 -775.0000000000
16114 -773.0000000000
16168 -772.0000000000
16172 -771.0000000000
16188 -770.0000000000
16206 -769.0000000000
16252 -768.0000000000
16287 -767.0000000000
16310 -764.0000000000
16414 -762.0000000000
16416 -761.0000000000
16520 -759.0000000000
16529 -758.0000000000
16556 -757.0000000000
16566 -756.0000000000
16571 -754.0000000000
16675 -752.0000000000
16734 -750.0000000000
16754 -749.0000000000
16781 -748.0000000000
16806 -744.0000000000
16907 -741.0000000000
16965 -740.0000000000
16995 -739.0000000000
17047 -737.0000000000
17053 -735.0000000000
17168 -734.0000000000
17184 -733.0000000000
17207 -728.0000000000
17340 -723.0000000000
17368 -721.0000000000
17381 -720.0000000000
17496 -718.0000000000
17574 -717.0000000000
17576 -714.0000000000
17605 -713.0000000000
17675 -712.0000000000
17717 -711.0000000000
17743 -710.0000000000
17796 -709.0000000000
17806 -704.0000000000
17869 -703.0000000000
17934 -702.0000000000
17969 -701.0000000000
17970 -700.0000000000
18014 -699.0000000000
18089 -698.0000000000
18090 -697.0000000000
18102 -695.0000000000
18118 -694.0000000000
18168 -690.0000000000
18308 -688.0000000000
18367 -686.0000000000
18417 -685.0000000000
18469 -682.0000000000
18515 -681.0000000000
18562 -680.0000000000
18581 -677.0000000000
18625 -676.0000000000
18712 -675.0000000000
18764 -674.0000000000
18791 -672.0000000000
18862 -671.0000000000
18914 -670.0000000000
18921 -667.0000000000
19009 -666.0000000000
19040 -665.0000000000
19098 -662.0000000000
19152 -661.0000000000
19184 -660.0000000000
19218 -659.0000000000
19220 -658.0000000000
19281 -655.0000000000
19313 -654.0000000000
19361 -652.0000000000
19401 -650.0000000000
19488 -649.0000000000
19566 -648.0000000000
19581 -644.0000000000
19595 -643.0000000000
19663 -639.0000000000
19754 -638.0000000000
19756 -636.0000000000
19875 -634.0000000000
19955 -633.0000000000
19985 -632.0000000000
20033 -630.0000000000
20057 -627.0000000000
20140 -623.0000000000
20243 -622.0000000000
20305 -619.0000000000
20368 -618.0000000000
20406 -617.0000000000
20471 -615.0000000000
20546 -614.0000000000
20609 -613.0000000000
20613 -612.0000000000
20723 -611.0000000000
20727 -610.0000000000
20759 -608.0000000000
20821 -607.0000000000
20912 -606.0000000000
20933 -605.0000000000
20940 -602.0000000000
21019 -601.0000000000
21030 -600.0000000000
21033 -599.0000000000
21139 -598.0000000000
21147 -597.0000000000
21155 -596.0000000000
21174 -595.0000000000
21239 -594.0000000000
21248 -593.0000000000
21260 -590.0000000000
21383 -589.0000000000
21414 -588.0000000000
21437 -586.0000000000
21451 -585.0000000000
21560 -583.0000000000
21630 -581.0000000000
21633 -580.0000000000
21721 -579.0000000000
21753 -577.0000000000
21763 -576.0000000000
21842 -574.0000000000
21884 -572.0000000000
21955 -570.0000000000
22051 -569.0000000000
22057 -567.0000000000
22175 -566.0000000000
22186 -565.0000000000
22218 -564.0000000000
22224 -563.0000000000
22268 -561.0000000000
22346 -560.0000000000
22410 -559.0000000000
22416 -557.0000000000
22460 -556.0000000000
22508 -555.0000000000
22513 -552.0000000000
22602 -551.0000000000
22668 -550.0000000000
22702 -549.0000000000
22738 -547.0000000000
22782 -546.0000000000
22844 -545.0000000000
22866 -544.0000000000
22912 -543.0000000000
22964 -541.0000000000
23054 -540.0000000000
23066 -539.0000000000
23068 -536.0000000000
23166 -535.0000000000
23208 -534.0000000000
23247 -533.0000000000
23273 -532.0000000000
23281 -531.0000000000
23373 -529.0000000000
23430 -528.0000000000
23461 -525.0000000000
23515 -522.0000000000
23667 -520.0000000000
23705 -517.0000000000
23826 -516.0000000000
23861 -515.0000000000
23872 -512.0000000000
23940 -511.0000000000
23951 -510.0000000000
23967 -508.0000000000
24026 -506.0000000000
24053 -502.0000000000
24159 -501.0000000000
24205 -499.0000000000
24290 -496.0000000000
24319 -493.0000000000
24428 -492.0000000000
24503 -489.0000000000
24640 -488.0000000000
24663 -486.0000000000
24685 -484.0000000000
24817 -483.0000000000
24828 -480.0000000000
24852 -479.0000000000
24963 -478.0000000000
24977 -476.0000000000
25006 -474.0000000000
25184 -472.0000000000
25255 -471.0000000000
25261 -468.0000000000
25357 -465.0000000000
25511 -464.0000000000
25596 -461.0000000000
25683 -460.0000000000
25704 -457.0000000000
25724 -456.0000000000
25804 -455.0000000000
25860 -453.0000000000
25863 -451.0000000000
25977 -450.0000000000
26003 -449.0000000000
26034 -448.0000000000
26064 -447.0000000000
26172 -446.0000000000
26199 -444.0000000000
26331 -443.0000000000
26370 -441.0000000000
26487 -439.0000000000
26606 -437.0000000000
26656 -436.0000000000
26737 -435.0000000000
26760 -432.0000000000
26945 -431.0000000000
26955 -430.0000000000
26996 -427.0000000000
27136 -426.0000000000
27202 -423.0000000000
27257 -420.0000000000
27314 -419.0000000000
27355 -417.0000000000
27446 -415.0000000000
27459 -412.0000000000
27503 -410.0000000000
27650 -409.0000000000
27670 -408.0000000000
27685 -404.0000000000
27767 -403.0000000000
27859 -400.0000000000
27884 -399.0000000000
27933 -398.0000000000
27964 -397.0000000000
28002 -396.0000000000
28024 -394.0000000000
28042 -391.0000000000
28187 -390.0000000000
28240 -389.0000000000
28319 -388.0000000000
28425 -386.0000000000
28454 -384.0000000000
28602 -380.0000000000
28753 -379.0000000000
28802 -378.0000000000
28822 -377.0000000000
28854 -373.0000000000
29037 -372.0000000000
29166 -371.0000000000
29192 -368.0000000000
29319 -367.0000000000
29345 -366.0000000000
29402 -365.0000000000
29469 -363.0000000000
29525 -362.0000000000
29617 -361.0000000000
29660 -360.0000000000
29716 -359.0000000000
29728 -358.0000000000
29768 -357.0000000000
29891 -356.0000000000
29927 -353.0000000000
29997 -349.0000000000
30193 -348.0000000000
30219 -347.0000000000
30255 -346.0000000000
30320 -345.0000000000
30330 -344.0000000000
30436 -342.0000000000
30478 -341.0000000000
30503 -339.0000000000
30579 -338.0000000000
30619 -336.0000000000
30678 -335.0000000000
30790 -334.0000000000
30841 -333.0000000000
30848 -332.0000000000
30905 -331.0000000000
30915 -329.0000000000
31087 -328.0000000000
31110 -326.0000000000
31124 -323.0000000000
31188 -322.0000000000
31388 -321.0000000000
31460 -319.0000000000
31507 -317.0000000000
31558 -315.0000000000
31666 -314.0000000000
31718 -312.0000000000
31854 -311.0000000000
31920 -310.0000000000
31973 -309.0000000000
31977 -308.0000000000
32022 -307.0000000000
32098 -306.0000000000
32131 -303.0000000000
32275 -302.0000000000
32304 -301.0000000000
32370 -298.0000000000
32378 -297.0000000000
32401 -293.0000000000
32562 -290.0000000000
32656 -288.0000000000
32802 -287.0000000000
32892 -286.0000000000
32917 -285.0000000000
32993 -284.0000000000
33010 -282.0000000000
33107 -280.0000000000
33289 -277.0000000000
33397 -276.0000000000
33502 -274.0000000000
33529 -273.0000000000
33577 -272.0000000000
33636 -271.0000000000
33670 -269.0000000000
33803 -268.0000000000
33827 -267.0000000000
33899 -265.0000000000
33927 -262.0000000000
34163 -261.0000000000
34169 -257.0000000000
34447 -256.0000000000
34479 -254.0000000000
34618 -252.0000000000
34655 -247.0000000000
34995 -246.0000000000
35044 -244.0000000000
35183 -242.0000000000
35321 -240.0000000000
35435 -239.0000000000
35503 -238.0000000000
35559 -237.0000000000
35574 -236.0000000000
35607 -235.0000000000
35647 -234.0000000000
35701 -233.0000000000
35703 -232.0000000000
35864 -231.0000000000
35939 -230.0000000000
35951 -227.0000000000
36076 -224.0000000000
36167 -222.0000000000
36348 -221.0000000000
36427 -220.0000000000
36509 -217.0000000000
36621 -216.0000000000
36722 -215.0000000000
36737 -214.0000000000
36794 -213.0000000000
36862 -212.0000000000
36943 -211.0000000000
36964 -210.0000000000
37008 -209.0000000000
37078 -208.0000000000
37127 -207.0000000000
37154 -206.0000000000
37200 -205.0000000000
37230 -204.0000000000
37326 -203.0000000000
37352 -202.0000000000
37460 -201.0000000000
37522 -199.0000000000
37652 -198.0000000000
37738 -197.0000000000
37775 -196.0000000000
37800 -195.0000000000
37882 -194.0000000000
37921 -192.0000000000
38050 -190.0000000000
38204 -188.0000000000
38247 -187.0000000000
38260 -186.0000000000
38324 -185.0000000000
38328 -183.0000000000
38453 -180.0000000000
38490 -179.0000000000
38620 -178.0000000000
38672 -177.0000000000
38695 -176.0000000000
38708 -175.0000000000
38931 -174.0000000000
38956 -173.0000000000
39002 -172.0000000000
39012 -170.0000000000
39135 -168.0000000000
39152 -167.0000000000
39316 -166.0000000000
39352 -165.0000000000
39489 -162.0000000000
39557 -161.0000000000
39675 -158.0000000000
39765 -157.0000000000
39853 -156.0000000000
39958 -155.0000000000
39964 -154.0000000000
40013 -153.0000000000
40103 -152.0000000000
40205 -150.0000000000
40255 -148.0000000000
40382 -147.0000000000
40459 -145.0000000000
40747 -144.0000000000
40811 -143.0000000000
40874 -142.0000000000
40920 -141.0000000000
41003 -139.0000000000
41144 -137.0000000000
41203 -136.0000000000
41362 -135.0000000000
41383 -134.0000000000
41470 -133.0000000000
41514 -131.0000000000
41609 -130.0000000000
41770 -129.0000000000
41868 -128.0000000000
41873 -127.0000000000
42002 -126.0000000000
42055 -125.0000000000
42090 -123.0000000000
42267 -122.0000000000
42419 -120.0000000000
42536 -119.0000000000
42667 -118.0000000000
42751 -117.0000000000
42822 -116.0000000000
42856 -115.0000000000
42922 -114.0000000000
43058 -112.0000000000
43153 -111.0000000000
43280 -109.0000000000
43529 -108.0000000000
43601 -107.0000000000
43703 -106.0000000000
43786 -104.0000000000
43803 -103.0000000000
43981 -101.0000000000
44052 -100.0000000000
44162 -99.0000000000
44214 -97.0000000000
44364 -95.0000000000
44568 -93.0000000000
44699 -92.0000000000
44836 -91.0000000000
44904 -90.0000000000
44947 -89.0000000000
45160 -88.0000000000
45265 -87.0000000000
45314 -86.0000000000
45411 -84.0000000000
45636 -83.0000000000
45715 -81.0000000000
45842 -79.0000000000
46016 -78.0000000000
46198 -77.0000000000
46249 -76.0000000000
46497 -75.0000000000
46550 -74.0000000000
46732 -73.0000000000
46806 -72.0000000000
46869 -71.0000000000
46920 -69.0000000000
47121 -68.0000000000
47211 -67.0000000000
47277 -66.0000000000
47432 -65.0000000000
47489 -64.0000000000
47520 -63.0000000000
47658 -61.0000000000
47720 -60.0000000000
47916 -59.0000000000
48057 -58.0000000000
48092 -57.0000000000
48117 -54.0000000000
48569 -53.0000000000
48741 -51.0000000000
48981 -50.0000000000
49082 -48.0000000000
49301 -47.0000000000
49467 -46.0000000000
49597 -45.0000000000
49722 -44.0000000000
49781 -43.0000000000
49813 -42.0000000000
49943 -41.0000000000
50107 -40.0000000000
50251 -39.0000000000
50274 -38.0000000000
50442 -37.0000000000
50569 -36.0000000000
50768 -35.0000000000
51054 -34.0000000000
51111 -33.0000000000
51286 -32.0000000000
51384 -31.0000000000
51676 -30.0000000000
51892 -29.0000000000
51996 -28.0000000000
52117 -27.0000000000
52570 -26.0000000000
52579 -25.0000000000
52716 -24.0000000000
52914 -23.0000000000
53036 -22.0000000000
53233 -21.0000000000
53304 -19.0000000000
53589 -17.0000000000
53810 -16.0000000000
54168 -15.0000000000
54343 -14.0000000000
54440 -13.0000000000
54488 -12.0000000000
54550 -11.0000000000
54755 -9.0000000000
54966 -7.0000000000
55053 -6.0000000000
55236 -5.0000000000
55271 -3.0000000000
55604 -2.0000000000
56818 -1.0000000000
56961 175.4000000000
57124 179.2500000000
57239 190.9500000000
57389 194.4200000000
57511 195.0700000000
57677 198.4300000000
57883 210.3700000000
58050 219.5600000000
58448 237.2200000000
58501 277.9900000000
58602 279.7000000000
58662 281.7700000000
58668 290.5800000000
58671 304.0200000000
58758 304.1700000000
58801 305.3100000000
58836 312.4800000000
58861 317.3500000000
58973 318.8900000000
59033 333.9000000000
59325 336.9800000000
59366 337.1100000000
59411 346.2700000000
59464 359.4500000000
59570 367.6500000000
60590 367.7700000000
60728 381.1700000000
60948 388.1300000000
61048 389.8700000000
61121 392.5700000000
61301 398.0200000000
61371 408.5400000000
61525 416.4400000000
61561 429.1300000000
61583 535.4500000000
62006 542.2900000000
62298 542.6100000000
62368 550.9900000000
62636 564.2800000000
62730 568.4800000000
62830 571.7700000000
62839 574.6300000000
62885 587.0400000000
62944 595.4500000000
63175 602.3400000000
63201 630.1400000000
63251 669.3500000000
63612 679.4400000000
64047 683.8000000000
64375 683.8900000000
65039 761.1900000000
65062 770.0300000000
65233 781.9000000000
65314 794.2900000000
66244 795.1400000000
66737 795.6000000000
67964 797.6200000000
68647 798.9900000000
68682 850.0600000000
68744 861.9800000000
68824 876.8400000000
68848 883.2400000000
68920 900.5400000000
68958 902.8300000000
69027 913.1100000000
70961 917.1800000000
72670 917.6400000000
72963 923.3700000000
74919 925.1500000000
75856 927.2900000000
79871 930.6300000000
81721 931.8700000000
83631 935.0900000000
86596 935.9400000000
86788 937.0100000000
92892 942.7700000000
95358 943.5900000000
100000 -3.0000000000
evaluations raw_y
1 -2037.0000000000
3 -1998.0000000000
5 -1965.0000000000
7 -1960.0000000000
9 -1929.0000000000
17 -1924.0000000000
88 -1875.0000000000
201 -1869.0000000000
224 -1855.0000000000
253 -1845.0000000000
300 -1842.0000000000
302 -1841.0000000000
353 -1832.0000000000
354 -1818.0000000000
418 -1813.0000000000
454 -1777.0000000000
553 -1757.0000000000
603 -1753.0000000000
614 -1741.0000000000
665 -1710.0000000000
727 -1699.0000000000
758 -1696.0000000000
814 -1678.0000000000
871 -1673.0000000000
884 -1669.0000000000
894 -1654.0000000000
966 -1643.0000000000
1001 -1624.0000000000
1120 -1623.0000000000
1136 -1619.0000000000
1167 -1615.0000000000
1175 -1602.0000000000
1202 -1598.0000000000
1210 -1594.0000000000
1251 -1593.0000000000
1267 -1588.0000000000
1304 -1583.0000000000
1326 -1579.0000000000
1356 -1577.0000000000
1359 -1574.0000000000
1378 -1564.0000000000
1380 -1561.0000000000
1392 -1557.0000000000
1410 -1555.0000000000
1423 -1554.0000000000
1448 -1547.0000000000
1491 -1535.0000000000
1502 -1523.0000000000
1609 -1519.0000000000
1619 -1513.0000000000
1674 -1512.0000000000
1677 -1510.0000000000
1710 -1507.0000000000
1727 -1492.0000000000
1764 -1489.0000000000
1814 -1486.0000000000
1845 -1476.0000000000
1887 -1472.0000000000
1916 -1471.0000000000
1923 -1465.0000000000
1926 -1462.0000000000
1941 -1461.0000000000
1969 -1457.0000000000
2048 -1453.0000000000
2078 -1452.0000000000
2080 -1447.0000000000
2081 -1445.0000000000
2106 -1441.0000000000
2107 -1439.0000000000
2108 -1438.0000000000
2165 -1437.0000000000
2204 -1434.0000000000
2210 -1430.0000000000
2250 -1427.0000000000
2253 -1425.0000000000
2254 -1416.0000000000
2338 -1412.0000000000
2346 -1410.0000000000
2367 -1408.0000000000
2377 -1396.0000000000
2424 -1387.0000000000
2516 -1385.0000000000
2559 -1383.0000000000
2562 -1382.0000000000
2602 -1380.0000000000
2638 -1374.0000000000
2655 -1371.0000000000
2690 -1368.0000000000
2745 -1359.0000000000
2831 -1353.0000000000
2858 -1345.0000000000
2901 -1342.0000000000
3006 -1338.0000000000
3017 -1336.0000000000
3043 -1335.0000000000
3054 -1330.0000000000
3133 -1323.0000000000
3195 -1322.0000000000
3209 -1321.0000000000
3246 -1316.0000000000
3316 -1313.0000000000
3355 -1311.0000000000
3382 -1310.0000000000
3397 -1309.0000000000
3405 -1307.0000000000
3417 -1304.0000000000
3443 -1301.0000000000
3454 -1299.0000000000
3472 -1295.0000000000
3529 -1293.0000000000
3637 -1289.0000000000
3659 -1288.0000000000
3703 -1287.0000000000
3708 -1283.0000000000
3766 -1280.0000000000
3801 -1278.0000000000
3803 -1271.0000000000
3883 -1269.0000000000
3917 -1266.0000000000
3963 -1265.0000000000
4011 -1263.0000000000
4046 -1261.0000000000
4060 -1259.0000000000
4096 -1258.0000000000
4097 -1256.0000000000
4144 -1255.0000000000
4151 -1254.0000000000
4201 -1249.0000000000
4265 -1248.0000000000
4284 -1244.0000000000
4303 -1243.0000000000
4340 -1241.0000000000
4397 -1240.0000000000
4406 -1234.0000000000
4468 -1233.0000000000
4584 -1231.0000000000
4605 -1230.0000000000
4616 -1228.0000000000
4655 -1226.0000000000
4688 -1225.0000000000
4730 -1223.0000000000
4760 -1221.0000000000
4812 -1220.0000000000
4832 -1216.0000000000
4919 -1215.0000000000
4923 -1214.0000000000
4955 -1212.0000000000
4957 -1208.0000000000
5030 -1206.0000000000
5103 -1203.0000000000
5179 -1202.0000000000
5182 -1201.0000000000
5221 -1199.0000000000
5257 -1197.0000000000
5326 -1195.0000000000
5410 -1192.0000000000
5454 -1191.0000000000
5473 -1190.0000000000
5494 -1189.0000000000
5508 -1188.0000000000
5517 -1187.0000000000
5571 -1185.0000000000
5618 -1182.0000000000
5630 -1179.0000000000
5703 -1178.0000000000
5770 -1177.0000000000
5794 -1176.0000000000
5822 -1175.0000000000
5828 -1174.0000000000
5840 -1173.0000000000
5857 -1172.0000000000
5877 -1171.0000000000
5931 -1169.0000000000
5943 -1168.0000000000
6016 -1165.0000000000
6076 -1163.0000000000
6078 -1161.0000000000
6172 -1159.0000000000
6253 -1158.0000000000
6262 -1156.0000000000
6266 -1155.0000000000
6328 -1151.0000000000
6363 -1150.0000000000
6459 -1149.0000000000
6466 -1148.0000000000
6481 -1145.0000000000
6562 -1143.0000000000
6607 -1140.0000000000
6711 -1138.0000000000
6809 -1135.0000000000
6848 -1133.0000000000
6909 -1132.0000000000
6914 -1131.0000000000
6932 -1130.0000000000
6955 -1128.0000000000
7024 -1125.0000000000
7051 -1122.0000000000
7071 -1121.0000000000
7122 -1120.0000000000
7178 -1119.0000000000
7207 -1118.0000000000
7252 -1116.0000000000
7290 -1115.0000000000
7307 -1110.0000000000
7377 -1109.0000000000
7497 -1108.0000000000
7509 -1106.0000000000
7556 -1105.0000000000
7564 -1099.0000000000
7604 -1098.0000000000
7712 -1096.0000000000
7746 -1095.0000000000
7814 -1093.0000000000
7834 -1092.0000000000
7858 -1090.0000000000
7883 -1088.0000000000
7953 -1087.0000000000
7960 -1086.0000000000
8003 -1085.0000000000
8039 -1082.0000000000
8118 -1081.0000000000
8119 -1080.0000000000
8153 -1079.0000000000
8200 -1078.0000000000
8204 -1077.0000000000
8272 -1076.0000000000
8285 -1074.0000000000
8295 -1072.0000000000
8319 -1071.0000000000
8372 -1066.0000000000
8423 -1065.0000000000
8505 -1062.0000000000
8588 -1061.0000000000
8608 -1060.0000000000
8610 -1059.0000000000
8620 -1058.0000000000
8664 -1055.0000000000
8721 -1052.0000000000
8771 -1050.0000000000
8791 -1049.0000000000
8806 -1048.0000000000
8858 -1047.0000000000
8874 -1046.0000000000
8933 -1045.0000000000
8947 -1043.0000000000
8950 -1041.0000000000
8969 -1039.0000000000
9029 -1037.0000000000
9095 -1034.0000000000
9151 -1032.0000000000
9204 -1031.0000000000
9259 -1029.0000000000
9309 -1028.0000000000
9310 -1026.0000000000
9318 -1024.0000000000
9357 -1023.0000000000
9377 -1022.0000000000
9394 -1020.0000000000
9440 -1019.0000000000
9508 -1018.0000000000
9557 -1017.0000000000
9567 -1016.0000000000
9586 -1014.0000000000
9603 -1013.0000000000
9668 -1009.0000000000
9789 -1007.0000000000
9800 -1006.0000000000
9812 -1005.0000000000
9815 -1004.0000000000
9855 -1002.0000000000
9925 -1000.0000000000
9966 -999.0000000000
9970 -998.0000000000
10010 -997.0000000000
10028 -996.0000000000
10042 -995.0000000000
10049 -994.0000000000
10057 -993.0000000000
10063 -992.0000000000
10104 -990.0000000000
10113 -988.0000000000
10156 -987.0000000000
10202 -984.0000000000
10362 -981.0000000000
10395 -979.0000000000
10452 -977.0000000000
10481 -974.0000000000
10532 -970.0000000000
10626 -969.0000000000
10657 -966.0000000000
10723 -965.0000000000
10770 -964.0000000000
10820 -963.0000000000
10834 -961.0000000000
10894 -960.0000000000
10912 -958.0000000000
10962 -956.0000000000
11018 -955.0000000000
11031 -954.0000000000
11052 -952.0000000000
11053 -951.0000000000
11126 -948.0000000000
11202 -947.0000000000
11208 -944.0000000000
11254 -943.0000000000
11277 -941.0000000000
11334 -940.0000000000
11361 -938.0000000000
11397 -937.0000000000
11398 -935.0000000000
11456 -934.0000000000
11509 -931.0000000000
11512 -930.0000000000
11553 -928.0000000000
11601 -927.0000000000
11609 -925.0000000000
11679 -923.0000000000
11730 -920.0000000000
11753 -918.0000000000
11771 -917.0000000000
11823 -913.0000000000
11930 -911.0000000000
11966 -910.0000000000
11997 -909.0000000000
12002 -904.0000000000
12103 -903.0000000000
12187 -901.0000000000
12206 -900.0000000000
12219 -898.0000000000
12286 -896.0000000000
12324 -895.0000000000
12332 -894.0000000000
12397 -893.0000000000
12409 -890.0000000000
12460 -889.0000000000
12462 -888.0000000000
12556 -886.0000000000
12594 -885.0000000000
12598 -883.0000000000
12654 -879.0000000000
12705 -878.0000000000
12731 -875.0000000000
12851 -870.0000000000
12921 -869.0000000000
12926 -868.0000000000
13019 -867.0000000000
13024 -866.0000000000
13058 -865.0000000000
13060 -864.0000000000
13086 -862.0000000000
13163 -861.0000000000
13186 -858.0000000000
13236 -854.0000000000
13253 -850.0000000000
13378 -849.0000000000
13379 -845.0000000000
13533 -843.0000000000
13538 -842.0000000000
13603 -841.0000000000
13610 -839.0000000000
13651 -838.0000000000
13739 -835.0000000000
13762 -834.0000000000
13786 -833.0000000000
13811 -829.0000000000
13856 -828.0000000000
13931 -827.0000000000
13947 -826.0000000000
14010 -825.0000000000
14019 -824.0000000000
14101 -823.0000000000
14103 -822.0000000000
14121 -820.0000000000
14181 -819.0000000000
14234 -818.0000000000
14259 -817.0000000000
14301 -816.0000000000
14344 -814.0000000000
14358 -813.0000000000
14385 -812.0000000000
14414 -810.0000000000
14424 -806.0000000000
14525 -805.0000000000
14539 -803.0000000000
14602 -802.0000000000
14666 -794.0000000000
14904 -793.0000000000
14964 -792.0000000000
14988 -790.0000000000
15005 -789.0000000000
15060 -788.0000000000
15090 -785.0000000000
15165 -783.0000000000
15240 -782.0000000000
15279 -780.0000000000
15303 -778.0000000000
15407 -776.0000000000
15464 -775.0000000000
15478 -774.0000000000
15528 -773.0000000000
15541 -771.0000000000
15655 -770.0000000000
15657 -767.0000000000
15703 -766.0000000000
15753 -765.0000000000
15790 -764.0000000000
15803 -762.0000000000
15886 -761.0000000000
15906 -760.0000000000
15949 -758.0000000000
15993 -756.0000000000
16013 -755.0000000000
16052 -754.0000000000
16076 -753.0000000000
16102 -752.0000000000
16162 -750.0000000000
16165 -749.0000000000
16223 -748.0000000000
16253 -743.0000000000
16350 -740.0000000000
16443 -738.0000000000
16476 -737.0000000000
16503 -736.0000000000
16531 -733.0000000000
16552 -732.0000000000
16649 -731.0000000000
16659 -730.0000000000
16690 -729.0000000000
16708 -727.0000000000
16762 -726.0000000000
16783 -721.0000000000
16925 -719.0000000000
16959 -717.0000000000
16974 -713.0000000000
17140 -712.0000000000
17178 -710.0000000000
17236 -709.0000000000
17274 -708.0000000000
17303 -706.0000000000
17352 -705.0000000000
17384 -704.0000000000
17408 -703.0000000000
17412 -701.0000000000
17482 -699.0000000000
17506 -698.0000000000
17513 -697.0000000000
17544 -695.0000000000
17582 -694.0000000000
17611 -691.0000000000
17702 -689.0000000000
17703 -685.0000000000
17812 -684.0000000000
17881 -682.0000000000
17933 -680.0000000000
17981 -676.0000000000
18051 -675.0000000000
18067 -674.0000000000
18109 -673.0000000000
18161 -671.0000000000
18179 -670.0000000000
18251 -668.0000000000
18266 -667.0000000000
18333 -664.0000000000
18402 -662.0000000000
18473 -658.0000000000
18566 -657.0000000000
18665 -654.0000000000
18724 -653.0000000000
18779 -652.0000000000
18787 -647.0000000000
18894 -645.0000000000
18960 -644.0000000000
19002 -640.0000000000
19064 -638.0000000000
19115 -637.0000000000
19175 -636.0000000000
19223 -634.0000000000
19227 -633.0000000000
19265 -632.0000000000
19303 -631.0000000000
19346 -629.0000000000
19351 -626.0000000000
19477 -625.0000000000
19502 -624.0000000000
19553 -623.0000000000
19610 -619.0000000000
19653 -615.0000000000
19847 -614.0000000000
19903 -613.0000000000
19913 -612.0000000000
19934 -610.0000000000
20004 -609.0000000000
20032 -607.0000000000
20140 -605.0000000000
20205 -602.0000000000
20260 -600.0000000000
20330 -599.0000000000
20393 -598.0000000000
20412 -597.0000000000
20488 -596.0000000000
20508 -594.0000000000
20512 -592.0000000000
20566 -591.0000000000
20675 -590.0000000000
20696 -587.0000000000
20709 -584.0000000000
20872 -581.0000000000
20927 -580.0000000000
20944 -579.0000000000
20957 -578.0000000000
20989 -577.0000000000
21008 -576.0000000000
21035 -572.0000000000
21147 -571.0000000000
21160 -570.0000000000
21271 -568.0000000000
21275 -565.0000000000
21336 -564.0000000000
21436 -563.0000000000
21480 -562.0000000000
21493 -561.0000000000
21503 -560.0000000000
21570 -559.0000000000
21623 -556.0000000000
21637 -554.0000000000
21670 -552.0000000000
21764 -551.0000000000
21793 -549.0000000000
21860 -548.0000000000
21896 -547.0000000000
21962 -546.0000000000
21967 -545.0000000000
22044 -544.0000000000
22058 -543.0000000000
22069 -542.0000000000
22134 -539.0000000000
22208 -536.0000000000
22331 -535.0000000000
22360 -531.0000000000
22518 -527.0000000000
22535 -526.0000000000
22638 -525.0000000000
22711 -524.0000000000
22734 -523.0000000000
22737 -521.0000000000
22756 -520.0000000000
22786 -519.0000000000
22841 -518.0000000000
22874 -515.0000000000
22925 -513.0000000000
22943 -512.0000000000
23017 -511.0000000000
23068 -509.0000000000
23101 -506.0000000000
23211 -503.0000000000
23316 -500.0000000000
23359 -498.0000000000
23465 -496.0000000000
23493 -495.0000000000
23501 -494.0000000000
23621 -493.0000000000
23664 -491.0000000000
23685 -490.0000000000
23726 -489.0000000000
23781 -488.0000000000
23900 -485.0000000000
23940 -483.0000000000
24005 -482.0000000000
24009 -480.0000000000
24144 -479.0000000000
24147 -478.0000000000
24173 -476.0000000000
24209 -475.0000000000
24252 -474.0000000000
24339 -473.0000000000
24384 -470.0000000000
24528 -469.0000000000
24552 -468.0000000000
24594 -467.0000000000
24610 -465.0000000000
24663 -463.0000000000
24768 -461.0000000000
24913 -458.0000000000
24971 -457.0000000000
25133 -456.0000000000
25134 -453.0000000000
25201 -452.0000000000
25270 -449.0000000000
25361 -445.0000000000
25513 -444.0000000000
25557 -443.0000000000
25610 -440.0000000000
25739 -439.0000000000
25759 -436.0000000000
25874 -434.0000000000
25973 -433.0000000000
26004 -429.0000000000
26117 -427.0000000000
26156 -424.0000000000
26334 -421.0000000000
26439 -420.0000000000
26509 -417.0000000000
26613 -416.0000000000
26661 -415.0000000000
26682 -414.0000000000
26749 -413.0000000000
26818 -407.0000000000
26958 -406.0000000000
27055 -405.0000000000
27106 -402.0000000000
27170 -401.0000000000
27311 -400.0000000000
27320 -399.0000000000
27371 -398.0000000000
27449 -397.0000000000
27457 -396.0000000000
27531 -394.0000000000
27554 -392.0000000000
27583 -391.0000000000
27638 -390.0000000000
27767 -389.0000000000
27772 -387.0000000000
27796 -384.0000000000
27939 -383.0000000000
27951 -381.0000000000
28048 -379.0000000000
28080 -378.0000000000
28201 -377.0000000000
28215 -375.0000000000
28302 -374.0000000000
28316 -373.0000000000
28364 -372.0000000000
28416 -371.0000000000
28422 -369.0000000000
28557 -368.0000000000
28602 -367.0000000000
28624 -366.0000000000
28667 -365.0000000000
28733 -362.0000000000
28805 -361.0000000000
28866 -360.0000000000
28944 -358.0000000000
28973 -357.0000000000
29008 -354.0000000000
29201 -353.0000000000
29212 -352.0000000000
29242 -350.0000000000
29340 -348.0000000000
29443 -347.0000000000
29504 -345.0000000000
29508 -344.0000000000
29597 -343.0000000000
29703 -342.0000000000
29711 -341.0000000000
29753 -340.0000000000
29816 -339.0000000000
29898 -338.0000000000
29974 -337.0000000000
30007 -336.0000000000
30109 -335.0000000000
30175 -334.0000000000
30178 -333.0000000000
30203 -332.0000000000
30278 -331.0000000000
30316 -330.0000000000
30357 -329.0000000000
30402 -327.0000000000
30460 -325.0000000000
30586 -322.0000000000
30619 -319.0000000000
30760 -317.0000000000
30803 -314.0000000000
31005 -311.0000000000
31130 -310.0000000000
31212 -309.0000000000
31216 -307.0000000000
31340 -306.0000000000
31362 -305.0000000000
31458 -302.0000000000
31560 -300.0000000000
31643 -298.0000000000
31661 -297.0000000000
31791 -295.0000000000
31871 -294.0000000000
31918 -293.0000000000
31925 -291.0000000000
31951 -290.0000000000
32107 -289.0000000000
32161 -288.0000000000
32245 -287.0000000000
32312 -285.0000000000
32415 -284.0000000000
32504 -282.0000000000
32527 -281.0000000000
32572 -280.0000000000
32606 -279.0000000000
32759 -278.0000000000
32811 -277.0000000000
32854 -275.0000000000
32918 -274.0000000000
33016 -273.0000000000
33052 -272.0000000000
33110 -270.0000000000
33170 -268.0000000000
33259 -267.0000000000
33369 -266.0000000000
33381 -265.0000000000
33418 -264.0000000000
33509 -262.0000000000
33601 -261.0000000000
33613 -260.0000000000
33736 -259.0000000000
33751 -257.0000000000
33884 -256.0000000000
33914 -255.0000000000
34026 -254.0000000000
34056 -253.0000000000
34160 -252.0000000000
34195 -251.0000000000
34233 -250.0000000000
34268 -249.0000000000
34290 -248.0000000000
34315 -246.0000000000
34469 -245.0000000000
34578 -244.0000000000
34637 -243.0000000000
34699 -242.0000000000
34705 -241.0000000000
34731 -240.0000000000
34813 -239.0000000000
34851 -237.0000000000
34990 -236.0000000000
35020 -235.0000000000
35080 -234.0000000000
35154 -233.0000000000
35196 -232.0000000000
35331 -231.0000000000
35369 -229.0000000000
35475 -227.0000000000
35586 -226.0000000000
35659 -225.0000000000
35670 -224.0000000000
35802 -223.0000000000
35803 -220.0000000000
35940 -219.0000000000
36080 -218.0000000000
36157 -217.0000000000
36166 -216.0000000000
36230 -215.0000000000
36279 -214.0000000000
36311 -212.0000000000
36416 -211.0000000000
36505 -210.0000000000
36610 -208.0000000000
36672 -207.0000000000
36713 -206.0000000000
36874 -205.0000000000
36927 -204.0000000000
36972 -203.0000000000
36974 -201.0000000000
37166 -200.0000000000
37231 -199.0000000000
37378 -198.0000000000
37418 -197.0000000000
37488 -196.0000000000
37505 -195.0000000000
37581 -194.0000000000
37585 -193.0000000000
37631 -192.0000000000
37748 -191.0000000000
37825 -189.0000000000
37903 -187.0000000000
37990 -186.0000000000
38159 -185.0000000000
38214 -184.0000000000
38239 -183.0000000000
38287 -182.0000000000
38409 -181.0000000000
38467 -180.0000000000
38481 -179.0000000000
38565 -178.0000000000
38680 -177.0000000000
38721 -176.0000000000
38802 -173.0000000000
38953 -172.0000000000
38959 -171.0000000000
39031 -170.0000000000
39096 -169.0000000000
39230 -168.0000000000
39279 -167.0000000000
39320 -166.0000000000
39408 -165.0000000000
39435 -164.0000000000
39498 -162.0000000000
39711 -161.0000000000
39751 -160.0000000000
39802 -159.0000000000
39839 -158.0000000000
39901 -156.0000000000
40124 -154.0000000000
40292 -153.0000000000
40367 -150.0000000000
40439 -149.0000000000
40562 -148.0000000000
40619 -147.0000000000
40726 -146.0000000000
40852 -145.0000000000
40933 -144.0000000000
40966 -143.0000000000
41029 -142.0000000000
41085 -140.0000000000
41125 -139.0000000000
41288 -138.0000000000
41331 -137.0000000000
41346 -136.0000000000
41403 -135.0000000000
41420 -134.0000000000
41438 -133.0000000000
41602 -131.0000000000
41783 -130.0000000000
41857 -129.0000000000
41890 -127.0000000000
42011 -126.0000000000
42111 -123.0000000000
42324 -122.0000000000
42448 -121.0000000000
42484 -120.0000000000
42539 -119.0000000000
42622 -118.0000000000
42801 -117.0000000000
42851 -114.0000000000
43019 -113.0000000000
43086 -112.0000000000
43113 -111.0000000000
43271 -110.0000000000
43280 -109.0000000000
43284 -108.0000000000
43441 -107.0000000000
43529 -105.0000000000
43613 -104.0000000000
43690 -103.0000000000
43724 -102.0000000000
43809 -101.0000000000
43844 -99.0000000000
43957 -97.0000000000
44213 -95.0000000000
44346 -94.0000000000
44353 -93.0000000000
44400 -92.0000000000
44599 -91.0000000000
44607 -90.0000000000
44739 -89.0000000000
44774 -88.0000000000
44791 -87.0000000000
44824 -86.0000000000
45115 -82.0000000000
45201 -81.0000000000
45308 -80.0000000000
45465 -79.0000000000
45509 -78.0000000000
45679 -77.0000000000
45684 -76.0000000000
45772 -75.0000000000
45803 -74.0000000000
45953 -73.0000000000
46008 -72.0000000000
46053 -71.0000000000
46175 -70.0000000000
46281 -69.0000000000
46397 -68.0000000000
46432 -67.0000000000
46522 -66.0000000000
46619 -65.0000000000
46676 -64.0000000000
46743 -63.0000000000
46784 -60.0000000000
47044 -59.0000000000
47115 -58.0000000000
47200 -57.0000000000
47414 -56.0000000000
47508 -55.0000000000
47513 -54.0000000000
47673 -53.0000000000
47889 -52.0000000000
48085 -51.0000000000
48118 -50.0000000000
48203 -49.0000000000
48391 -48.0000000000
48440 -47.0000000000
48469 -45.0000000000
48653 -43.0000000000
48817 -41.0000000000
48997 -40.0000000000
49105 -39.0000000000
49135 -38.0000000000
49505 -37.0000000000
49698 -36.0000000000
49815 -35.0000000000
50006 -34.0000000000
50140 -33.0000000000
50223 -32.0000000000
50350 -31.0000000000
50378 -30.0000000000
50413 -29.0000000000
50837 -28.0000000000
51149 -27.0000000000
51203 -25.0000000000
51672 -23.0000000000
51728 -22.0000000000
51973 -21.0000000000
52055 -19.0000000000
52249 -18.0000000000
52297 -17.0000000000
52463 -16.0000000000
52813 -15.0000000000
52908 -13.0000000000
53117 -12.0000000000
53541 -11.0000000000
53610 -10.0000000000
53796 -9.0000000000
54067 -8.0000000000
54405 -6.0000000000
54627 -4.0000000000
54953 -3.0000000000
55018 -2.0000000000
55248 -1.0000000000
55476 140.7300000000
55507 142.1800000000
55663 155.9400000000
55680 168.5700000000
56100 187.0400000000
56175 204.3500000000
56241 272.5600000000
56392 301.4200000000
56572 309.7000000000
56610 312.6400000000
56817 322.5800000000
56842 326.9400000000
57088 331.5900000000
57147 331.7700000000
57181 344.0700000000
57328 424.8800000000
57419 434.5900000000
57434 435.8300000000
57454 436.3400000000
57489 437.7000000000
57544 447.1600000000
57548 457.7700000000
57588 466.1600000000
57718 467.1200000000
57779 471.4300000000
57920 482.2300000000
58152 487.9900000000
58295 492.2000000000
58335 500.9600000000
58894 504.1300000000
59068 516.2200000000
59181 516.3100000000
59427 518.6700000000
59920 519.4600000000
59958 522.9300000000
59996 537.0400000000
60017 541.3000000000
60325 585.1400000000
60463 593.7000000000
60476 603.1000000000
60515 604.4900000000
60537 622.4100000000
60681 625.3700000000
60703 671.3700000000
60804 677.6700000000
60907 696.3800000000
61063 699.0700000000
61068 704.9100000000
61128 708.4100000000
61252 709.6900000000
61365 712.5500000000
61403 719.2700000000
61698 721.1000000000
62142 732.8400000000
62633 786.8800000000
62661 803.9500000000
62664 819.5600000000
62793 839.6900000000
62900 841.2900000000
63034 849.6500000000
63073 849.8500000000
63564 855.7400000000
63582 864.4200000000
63933 865.6700000000
63975 870.0700000000
64805 874.3900000000
65836 879.8400000000
65891 887.4200000000
65982 895.2700000000
66714 900.8000000000
66727 905.1800000000
67146 908.0400000000
67415 910.6800000000
69555 912.1100000000
70121 920.8400000000
70146 924.5000000000
70220 942.7800000000
70886 946.9000000000
70975 952.4900000000
71976 953.4900000000
73218 955.3400000000
73688 955.7300000000
73699 965.9100000000
74772 967.8200000000
75393 970.1900000000
78564 970.2400000000
79174 981.6900000000
83083 982.2200000000
83902 983.1800000000
89238 983.6000000000
91151 991.5900000000
100000 873.7400000000
evaluations raw_y
1 -2028.0000000000
2 -1995.0000000000
5 -1983.0000000000
15 -1977.0000000000
17 -1950.0000000000
34 -1942.0000000000
59 -1939.0000000000
105 -1937.0000000000
126 -1932.0000000000
129 -1918.0000000000
131 -1912.0000000000
135 -1907.0000000000
202 -1889.0000000000
225 -1887.0000000000
229 -1866.0000000000
308 -1865.0000000000
321 -1862.0000000000
323 -1843.0000000000
354 -1832.0000000000
394 -1823.0000000000
419 -1804.0000000000
548 -1803.0000000000
552 -1797.0000000000
570 -1790.0000000000
575 -1756.0000000000
673 -1748.0000000000
681 -1734.0000000000
740 -1727.0000000000
753 -1714.0000000000
765 -1689.0000000000
803 -1687.0000000000
874 -1676.0000000000
892 -1670.0000000000
905 -1656.0000000000
954 -1647.0000000000
1007 -1642.0000000000
1066 -1633.0000000000
1091 -1632.0000000000
1117 -1629.0000000000
1118 -1616.0000000000
1174 -1602.0000000000
1227 -1601.0000000000
1244 -1586.0000000000
1303 -1579.0000000000
1319 -1578.0000000000
1353 -1574.0000000000
1355 -1573.0000000000
1358 -1568.0000000000
1366 -1566.0000000000
1380 -1558.0000000000
1442 -1557.0000000000
1451 -1552.0000000000
1477 -1546.0000000000
1523 -1534.0000000000
1583 -1530.0000000000
1589 -1525.0000000000
1625 -1520.0000000000
1629 -1516.0000000000
1691 -1509.0000000000
1696 -1495.0000000000
1712 -1492.0000000000
1762 -1491.0000000000
1847 -1487.0000000000
1854 -1472.0000000000
1947 -1469.0000000000
1982 -1466.0000000000
2013 -1461.0000000000
2064 -1457.0000000000
2105 -1451.0000000000
2115 -1440.0000000000
2168 -1435.0000000000
2202 -1433.0000000000
2203 -1431.0000000000
2260 -1428.0000000000
2313 -1417.0000000000
2351 -1415.0000000000
2359 -1411.0000000000
2413 -1410.0000000000
2430 -1409.0000000000
2456 -1407.0000000000
2462 -1406.0000000000
2464 -1403.0000000000
2501 -1401.0000000000
2502 -1396.0000000000
2516 -1394.0000000000
2558 -1392.0000000000
2588 -1386.0000000000
2643 -1385.0000000000
2677 -1384.0000000000
2689 -1382.0000000000
2692 -1376.0000000000
2772 -1370.0000000000
2852 -1365.0000000000
2873 -1363.0000000000
2921 -1360.0000000000
2979 -1357.0000000000
2981 -1353.0000000000
3003 -1352.0000000000
3026 -1349.0000000000
3072 -1348.0000000000
3086 -1347.0000000000
3152 -1346.0000000000
3188 -1344.0000000000
3217 -1343.0000000000
3219 -1336.0000000000
3223 -1335.0000000000
3348 -1328.0000000000
3476 -1326.0000000000
3508 -1321.0000000000
3553 -1319.0000000000
3650 -1317.0000000000
3652 -1316.0000000000
3666 -1315.0000000000
3680 -1314.0000000000
3701 -1313.0000000000
3704 -1312.0000000000
3759 -1311.0000000000
3764 -1310.0000000000
3788 -1309.0000000000
3793 -1305.0000000000
3836 -1303.0000000000
3853 -1302.0000000000
3873 -1300.0000000000
3931 -1299.0000000000
3983 -1297.0000000000
4005 -1296.0000000000
4029 -1295.0000000000
4033 -1294.0000000000
4051 -1293.0000000000
4053 -1292.0000000000
4063 -1290.0000000000
4127 -1288.0000000000
4174 -1285.0000000000
4214 -1284.0000000000
4239 -1283.0000000000
4252 -1281.0000000000
4351 -1279.0000000000
4365 -1278.0000000000
4388 -1277.0000000000
4398 -1273.0000000000
4410 -1271.0000000000
4484 -1270.0000000000
4533 -1269.0000000000
4546 -1268.0000000000
4572 -1267.0000000000
4617 -1265.0000000000
4658 -1264.0000000000
4669 -1261.0000000000
4695 -1259.0000000000
4751 -1258.0000000000
4766 -1257.0000000000
4810 -1255.0000000000
4823 -1254.0000000000
4851 -1250.0000000000
4869 -1249.0000000000
4902 -1247.0000000000
4955 -1246.0000000000
4965 -1244.0000000000
5005 -1243.0000000000
5026 -1240.0000000000
5064 -1236.0000000000
5201 -1235.0000000000
5240 -1234.0000000000
5270 -1231.0000000000
5329 -1228.0000000000
5353 -1227.0000000000
5389 -1224.0000000000
5433 -1223.0000000000
5451 -1222.0000000000
5494 -1221.0000000000
5503 -1220.0000000000
5526 -1219.0000000000
5564 -1216.0000000000
5591 -1215.0000000000
5638 -1210.0000000000
5718 -1209.0000000000
5732 -1208.0000000000
5734 -1207.0000000000
5755 -1205.0000000000
5761 -1200.0000000000
5851 -1199.0000000000
5878 -1194.0000000000
5954 -1193.0000000000
5968 -1192.0000000000
5996 -1190.0000000000
6027 -1189.0000000000
6054 -1187.0000000000
6093 -1186.0000000000
6111 -1185.0000000000
6116 -1184.0000000000
6134 -1182.0000000000
6225 -1181.0000000000
6231 -1178.0000000000
6266 -1177.0000000000
6358 -1176.0000000000
6372 -1174.0000000000
6385 -1173.0000000000
6456 -1170.0000000000
6464 -1169.0000000000
6544 -1167.0000000000
6553 -1164.0000000000
6632 -1163.0000000000
6634 -1158.0000000000
6704 -1157.0000000000
6769 -1156.0000000000
6784 -1153.0000000000
6828 -1151.0000000000
6903 -1150.0000000000
6915 -1147.0000000000
6943 -1146.0000000000
6961 -1145.0000000000
7018 -1144.0000000000
7065 -1141.0000000000
7102 -1138.0000000000
7159 -1135.0000000000
7164 -1134.0000000000
7252 -1131.0000000000
7303 -1130.0000000000
7329 -1129.0000000000
7355 -1128.0000000000
7365 -1124.0000000000
7423 -1123.0000000000
7463 -1116.0000000000
7604 -1115.0000000000
7622 -1114.0000000000
7623 -1113.0000000000
7701 -1111.0000000000
7712 -1110.0000000000
7767 -1109.0000000000
7799 -1108.0000000000
7800 -1106.0000000000
7848 -1103.0000000000
7912 -1101.0000000000
7946 -1099.0000000000
7956 -1098.0000000000
8018 -1097.0000000000
8059 -1096.0000000000
8075 -1094.0000000000
8101 -1093.0000000000
8158 -1092.0000000000
8206 -1089.0000000000
8209 -1085.0000000000
8267 -1084.0000000000
8356 -1083.0000000000
8369 -1080.0000000000
8433 -1079.0000000000
8455 -1078.0000000000
8501 -1077.0000000000
8559 -1075.0000000000
8575 -1074.0000000000
8608 -1072.0000000000
8657 -1071.0000000000
8668 -1069.0000000000
8691 -1068.0000000000
8757 -1067.0000000000
8803 -1065.0000000000
8808 -1063.0000000000
8862 -1062.0000000000
8887 -1061.0000000000
8922 -1060.0000000000
8938 -1059.0000000000
8951 -1057.0000000000
8989 -1056.0000000000
9044 -1055.0000000000
9062 -1053.0000000000
9114 -1050.0000000000
9157 -1047.0000000000
9213 -1046.0000000000
9236 -1045.0000000000
9312 -1044.0000000000
9382 -1043.0000000000
9401 -1039.0000000000
9457 -1035.0000000000
9509 -1033.0000000000
9562 -1029.0000000000
9603 -1028.0000000000
9611 -1027.0000000000
9704 -1026.0000000000
9762 -1024.0000000000
9792 -1023.0000000000
9811 -1020.0000000000
9852 -1019.0000000000
9930 -1018.0000000000
9950 -1016.0000000000
9978 -1014.0000000000
9984 -1012.0000000000
9985 -1009.0000000000
10063 -1008.0000000000
10078 -1007.0000000000
10144 -1005.0000000000
10152 -1002.0000000000
10240 -1001.0000000000
10268 -1000.0000000000
10294 -999.0000000000
10302 -998.0000000000
10334 -996.0000000000
10336 -995.0000000000
10416 -992.0000000000
10495 -991.0000000000
10509 -989.0000000000
10570 -988.0000000000
10635 -987.0000000000
10655 -986.0000000000
10674 -985.0000000000
10713 -981.0000000000
10764 -980.0000000000
10797 -979.0000000000
10815 -978.0000000000
10864 -977.0000000000
10913 -976.0000000000
10936 -975.0000000000
10971 -973.0000000000
11003 -971.0000000000
11086 -970.0000000000
11120 -968.0000000000
11157 -965.0000000000
11200 -964.0000000000
11228 -963.0000000000
11263 -962.0000000000
11290 -961.0000000000
11348 -960.0000000000
11352 -959.0000000000
11399 -958.0000000000
11434 -957.0000000000
11440 -955.0000000000
11457 -954.0000000000
11460 -953.0000000000
11504 -952.0000000000
11541 -951.0000000000
11545 -950.0000000000
11584 -949.0000000000
11605 -947.0000000000
11651 -945.0000000000
11675 -944.0000000000
11767 -942.0000000000
11773 -941.0000000000
11809 -940.0000000000
11826 -939.0000000000
11914 -937.0000000000
11917 -934.0000000000
11964 -933.0000000000
12006 -932.0000000000
12074 -929.0000000000
12111 -928.0000000000
12181 -926.0000000000
12187 -925.0000000000
12239 -922.0000000000
12292 -920.0000000000
12306 -918.0000000000
12364 -916.0000000000
12443 -915.0000000000
12474 -914.0000000000
12529 -912.0000000000
12558 -909.0000000000
12654 -908.0000000000
12674 -907.0000000000
12702 -906.0000000000
12718 -905.0000000000
12753 -904.0000000000
12811 -902.0000000000
12831 -900.0000000000
12905 -897.0000000000
12968 -895.0000000000
13031 -893.0000000000
13070 -892.0000000000
13091 -888.0000000000
13183 -886.0000000000
13206 -885.0000000000
13282 -884.0000000000
13310 -883.0000000000
13360 -880.0000000000
13361 -879.0000000000
13424 -877.0000000000
13451 -875.0000000000
13514 -871.0000000000
13622 -869.0000000000
13653 -867.0000000000
13762 -866.0000000000
13763 -864.0000000000
13803 -863.0000000000
13821 -861.0000000000
13882 -860.0000000000
13951 -859.0000000000
13953 -858.0000000000
13977 -856.0000000000
14025 -855.0000000000
14071 -851.0000000000
14182 -850.0000000000
14237 -847.0000000000
14335 -846.0000000000
14353 -845.0000000000
14410 -843.0000000000
14451 -841.0000000000
14477 -837.0000000000
14645 -836.0000000000
14669 -835.0000000000
14680 -834.0000000000
14709 -833.0000000000
14749 -831.0000000000
14780 -830.0000000000
14824 -827.0000000000
14915 -822.0000000000
15007 -821.0000000000
15028 -820.0000000000
15104 -819.0000000000
15145 -818.0000000000
15206 -817.0000000000
15234 -812.0000000000
15254 -811.0000000000
15331 -810.0000000000
15356 -809.0000000000
15422 -807.0000000000
15513 -806.0000000000
15515 -801.0000000000
15660 -800.0000000000
15714 -799.0000000000
15734 -798.0000000000
15735 -792.0000000000
15849 -791.0000000000
15851 -789.0000000000
15902 -786.0000000000
16013 -785.0000000000
16048 -784.0000000000
16055 -781.0000000000
16122 -778.0000000000
16129 -777.0000000000
16260 -776.0000000000
16273 -773.0000000000
16287 -772.0000000000
16391 -771.0000000000
16429 -770.0000000000
16461 -769.0000000000
16470 -766.0000000000
16565 -761.0000000000
16697 -759.0000000000
16768 -755.0000000000
16779 -754.0000000000
16862 -750.0000000000
16940 -749.0000000000
16954 -747.0000000000
17001 -746.0000000000
17052 -745.0000000000
17101 -743.0000000000
17171 -741.0000000000
17219 -740.0000000000
17272 -739.0000000000
17304 -734.0000000000
17450 -733.0000000000
17460 -731.0000000000
17496 -730.0000000000
17505 -729.0000000000
17544 -728.0000000000
17566 -725.0000000000
17624 -724.0000000000
17695 -719.0000000000
17751 -718.0000000000
17808 -714.0000000000
17905 -712.0000000000
17932 -711.0000000000
17991 -709.0000000000
18003 -707.0000000000
18075 -705.0000000000
18127 -702.0000000000
18157 -701.0000000000
18218 -700.0000000000
18253 -699.0000000000
18263 -698.0000000000
18268 -695.0000000000
18364 -694.0000000000
18373 -693.0000000000
18444 -692.0000000000
18467 -691.0000000000
18501 -690.0000000000
18513 -688.0000000000
18558 -687.0000000000
18624 -686.0000000000
18641 -685.0000000000
18656 -681.0000000000
18735 -680.0000000000
18779 -677.0000000000
18803 -675.0000000000
18857 -673.0000000000
18917 -672.0000000000
18952 -670.0000000000
18986 -669.0000000000
19050 -668.0000000000
19149 -664.0000000000
19213 -662.0000000000
19306 -658.0000000000
19433 -654.0000000000
19503 -653.0000000000
19556 -652.0000000000
19613 -650.0000000000
19704 -646.0000000000
19790 -643.0000000000
19862 -642.0000000000
19895 -641.0000000000
19953 -640.0000000000
20006 -639.0000000000
20040 -637.0000000000
20104 -636.0000000000
20135 -633.0000000000
20215 -632.0000000000
20227 -631.0000000000
20284 -628.0000000000
20326 -622.0000000000
20485 -621.0000000000
20580 -620.0000000000
20603 -617.0000000000
20688 -614.0000000000
20718 -613.0000000000
20766 -612.0000000000
20767 -610.0000000000
20829 -606.0000000000
20909 -604.0000000000
21020 -602.0000000000
21054 -601.0000000000
21085 -600.0000000000
21102 -599.0000000000
21114 -596.0000000000
21163 -595.0000000000
21223 -594.0000000000
21249 -593.0000000000
21372 -592.0000000000
21406 -591.0000000000
21411 -589.0000000000
21471 -588.0000000000
21510 -587.0000000000
21543 -584.0000000000
21562 -583.0000000000
21659 -581.0000000000
21710 -580.0000000000
21711 -578.0000000000
21769 -577.0000000000
21908 -576.0000000000
21912 -575.0000000000
21956 -574.0000000000
21960 -573.0000000000
22003 -572.0000000000
22013 -569.0000000000
22079 -567.0000000000
22218 -566.0000000000
22265 -565.0000000000
22275 -564.0000000000
22309 -563.0000000000
22320 -560.0000000000
22400 -559.0000000000
22418 -558.0000000000
22478 -557.0000000000
22537 -556.0000000000
22553 -555.0000000000
22608 -553.0000000000
22685 -551.0000000000
22719 -549.0000000000
22777 -545.0000000000
22878 -544.0000000000
22921 -543.0000000000
22952 -541.0000000000
23052 -540.0000000000
23115 -538.0000000000
23151 -536.0000000000
23255 -535.0000000000
23324 -534.0000000000
23406 -532.0000000000
23425 -531.0000000000
23474 -530.0000000000
23516 -529.0000000000
23558 -527.0000000000
23560 -526.0000000000
23647 -525.0000000000
23724 -522.0000000000
23824 -521.0000000000
23836 -520.0000000000
23852 -519.0000000000
23907 -517.0000000000
23986 -516.0000000000
24006 -515.0000000000
24069 -512.0000000000
24079 -511.0000000000
24162 -510.0000000000
24271 -509.0000000000
24320 -507.0000000000
24338 -506.0000000000
24384 -505.0000000000
24394 -504.0000000000
24411 -501.0000000000
24474 -500.0000000000
24529 -497.0000000000
24615 -496.0000000000
24652 -495.0000000000
24747 -490.0000000000
24829 -489.0000000000
24930 -488.0000000000
24964 -487.0000000000
24969 -486.0000000000
25006 -483.0000000000
25103 -482.0000000000
25128 -481.0000000000
25161 -480.0000000000
25179 -479.0000000000
25181 -478.0000000000
25204 -475.0000000000
25264 -474.0000000000
25352 -471.0000000000
25455 -469.0000000000
25456 -468.0000000000
25473 -466.0000000000
25622 -465.0000000000
25623 -464.0000000000
25652 -461.0000000000
25785 -460.0000000000
25807 -459.0000000000
25813 -458.0000000000
25882 -455.0000000000
26027 -454.0000000000
26067 -453.0000000000
26090 -452.0000000000
26193 -450.0000000000
26283 -449.0000000000
26331 -447.0000000000
26393 -446.0000000000
26406 -445.0000000000
26452 -442.0000000000
26504 -441.0000000000
26582 -440.0000000000
26609 -438.0000000000
26717 -436.0000000000
26799 -434.0000000000
26829 -433.0000000000
26905 -430.0000000000
27019 -429.0000000000
27060 -428.0000000000
27166 -425.0000000000
27299 -424.0000000000
27399 -423.0000000000
27408 -422.0000000000
27415 -421.0000000000
27468 -420.0000000000
27508 -418.0000000000
27627 -417.0000000000
27701 -416.0000000000
27708 -415.0000000000
27751 -413.0000000000
27840 -412.0000000000
27889 -411.0000000000
27942 -410.0000000000
27950 -409.0000000000
28054 -408.0000000000
28075 -406.0000000000
28163 -404.0000000000
28213 -401.0000000000
28287 -399.0000000000
28379 -398.0000000000
28485 -397.0000000000
28547 -396.0000000000
28568 -394.0000000000
28615 -393.0000000000
28676 -392.0000000000
28767 -389.0000000000
28815 -387.0000000000
28966 -386.0000000000
28978 -384.0000000000
29063 -383.0000000000
29173 -382.0000000000
29174 -380.0000000000
29265 -379.0000000000
29285 -378.0000000000
29349 -377.0000000000
29362 -376.0000000000
29401 -375.0000000000
29445 -374.0000000000
29546 -373.0000000000
29573 -372.0000000000
29622 -371.0000000000
29703 -370.0000000000
29747 -369.0000000000
29796 -368.0000000000
29827 -365.0000000000
29960 -364.0000000000
30026 -363.0000000000
30082 -362.0000000000
30143 -361.0000000000
30221 -359.0000000000
30296 -358.0000000000
30352 -357.0000000000
30451 -354.0000000000
30606 -353.0000000000
30614 -352.0000000000
30644 -351.0000000000
30703 -350.0000000000
30739 -349.0000000000
30777 -348.0000000000
30787 -346.0000000000
30814 -344.0000000000
30955 -343.0000000000
30993 -342.0000000000
31055 -340.0000000000
31108 -338.0000000000
31271 -337.0000000000
31304 -332.0000000000
31455 -331.0000000000
31522 -330.0000000000
31553 -328.0000000000
31617 -326.0000000000
31670 -325.0000000000
31709 -320.0000000000
31982 -318.0000000000
32009 -317.0000000000
32092 -315.0000000000
32145 -314.0000000000
32153 -313.0000000000
32296 -312.0000000000
32404 -311.0000000000
32444 -310.0000000000
32453 -307.0000000000
32557 -305.0000000000
32641 -303.0000000000
32684 -302.0000000000
32875 -300.0000000000
32957 -298.0000000000
32983 -297.0000000000
33066 -294.0000000000
33215 -293.0000000000
33231 -291.0000000000
33295 -290.0000000000
33350 -288.0000000000
33391 -287.0000000000
33532 -285.0000000000
33559 -284.0000000000
33581 -282.0000000000
33719 -280.0000000000
33840 -278.0000000000
33935 -277.0000000000
33987 -276.0000000000
34136 -275.0000000000
34285 -274.0000000000
34303 -273.0000000000
34358 -272.0000000000
34428 -271.0000000000
34511 -270.0000000000
34539 -269.0000000000
34602 -268.0000000000
34603 -267.0000000000
34614 -266.0000000000
34678 -264.0000000000
34738 -263.0000000000
34791 -262.0000000000
34856 -260.0000000000
34925 -259.0000000000
35030 -258.0000000000
35055 -257.0000000000
35119 -255.0000000000
35216 -253.0000000000
35272 -252.0000000000
35301 -251.0000000000
35393 -250.0000000000
35401 -249.0000000000
35506 -248.0000000000
35604 -246.0000000000
35753 -245.0000000000
35805 -243.0000000000
35864 -241.0000000000
35964 -240.0000000000
36041 -238.0000000000
36159 -236.0000000000
36294 -235.0000000000
36302 -234.0000000000
36394 -233.0000000000
36404 -232.0000000000
36487 -230.0000000000
36558 -229.0000000000
36656 -228.0000000000
36716 -227.0000000000
36774 -226.0000000000
36873 -225.0000000000
36883 -224.0000000000
36937 -223.0000000000
36953 -222.0000000000
37100 -220.0000000000
37108 -219.0000000000
37129 -218.0000000000
37239 -217.0000000000
37270 -216.0000000000
37309 -213.0000000000
37472 -212.0000000000
37529 -210.0000000000
37699 -209.0000000000
37824 -208.0000000000
37865 -207.0000000000
37926 -205.0000000000
38063 -202.0000000000
38167 -201.0000000000
38302 -200.0000000000
38320 -199.0000000000
38428 -195.0000000000
38507 -194.0000000000
38689 -192.0000000000
38709 -191.0000000000
38842 -189.0000000000
38847 -188.0000000000
38964 -186.0000000000
39021 -184.0000000000
39101 -183.0000000000
39306 -182.0000000000
39310 -181.0000000000
39466 -180.0000000000
39516 -179.0000000000
39566 -178.0000000000
39667 -177.0000000000
39752 -176.0000000000
39814 -175.0000000000
39818 -174.0000000000
39893 -172.0000000000
39977 -171.0000000000
40035 -169.0000000000
40181 -168.0000000000
40282 -167.0000000000
40379 -166.0000000000
40386 -165.0000000000
40455 -164.0000000000
40561 -163.0000000000
40684 -161.0000000000
40701 -159.0000000000
40805 -157.0000000000
41002 -156.0000000000
41012 -155.0000000000
41128 -154.0000000000
41155 -151.0000000000
41202 -150.0000000000
41354 -149.0000000000
41407 -148.0000000000
41456 -147.0000000000
41470 -146.0000000000
41534 -144.0000000000
41597 -142.0000000000
41734 -141.0000000000
41753 -140.0000000000
41980 -139.0000000000
42071 -138.0000000000
42083 -137.0000000000
42127 -136.0000000000
42217 -134.0000000000
42358 -133.0000000000
42448 -132.0000000000
42498 -130.0000000000
42617 -129.0000000000
42690 -128.0000000000
42725 -125.0000000000
42874 -124.0000000000
42916 -123.0000000000
43078 -122.0000000000
43111 -121.0000000000
43241 -120.0000000000
43284 -119.0000000000
43346 -118.0000000000
43363 -117.0000000000
43367 -115.0000000000
43417 -114.0000000000
43619 -113.0000000000
43695 -112.0000000000
43807 -111.0000000000
43860 -110.0000000000
43864 -109.0000000000
44018 -108.0000000000
44129 -105.0000000000
44285 -104.0000000000
44355 -102.0000000000
44560 -101.0000000000
44667 -99.0000000000
44778 -98.0000000000
44808 -97.0000000000
44911 -96.0000000000
44961 -95.0000000000
45105 -94.0000000000
45159 -93.0000000000
45246 -92.0000000000
45272 -91.0000000000
45596 -89.0000000000
45735 -88.0000000000
45859 -85.0000000000
46059 -84.0000000000
46216 -82.0000000000
46284 -81.0000000000
46480 -80.0000000000
46605 -79.0000000000
46732 -78.0000000000
46932 -77.0000000000
47048 -76.0000000000
47069 -75.0000000000
47140 -74.0000000000
47227 -73.0000000000
47255 -72.0000000000
47410 -70.0000000000
47610 -69.0000000000
47722 -68.0000000000
47779 -67.0000000000
47914 -66.0000000000
48013 -64.0000000000
48135 -63.0000000000
48400 -62.0000000000
48511 -61.0000000000
48555 -59.0000000000
48764 -58.0000000000
48907 -57.0000000000
48983 -56.0000000000
49082 -55.0000000000
49142 -54.0000000000
49369 -53.0000000000
49468 -52.0000000000
49660 -51.0000000000
49729 -50.0000000000
49782 -49.0000000000
49865 -47.0000000000
49904 -45.0000000000
50107 -44.0000000000
50226 -43.0000000000
50350 -42.0000000000
50372 -41.0000000000
50444 -40.0000000000
50540 -39.0000000000
50823 -38.0000000000
50868 -37.0000000000
51090 -36.0000000000
51170 -35.0000000000
51371 -34.0000000000
51503 -33.0000000000
51690 -31.0000000000
51712 -30.0000000000
51879 -29.0000000000
51966 -28.0000000000
52067 -27.0000000000
52169 -25.0000000000
52374 -23.0000000000
52394 -22.0000000000
52582 -21.0000000000
52796 -20.0000000000
52985 -19.0000000000
53250 -18.0000000000
53463 -16.0000000000
53704 -15.0000000000
53774 -14.0000000000
53870 -13.0000000000
53990 -12.0000000000
54032 -11.0000000000
54650 -10.0000000000
55457 -9.0000000000
55931 -8.0000000000
56112 -7.0000000000
56286 -6.0000000000
56401 -5.0000000000
56571 -3.0000000000
57515 -2.0000000000
58472 -1.0000000000
58877 156.9900000000
58951 174.3200000000
59290 176.0500000000
59382 177.8500000000
59421 182.1700000000
59443 183.4900000000
59514 279.1700000000
59828 298.7500000000
59849 304.6700000000
60026 305.4200000000
60053 313.0900000000
60105 313.3900000000
60170 323.5300000000
60173 435.2500000000
60358 436.5800000000
60485 437.1700000000
60542 451.7900000000
60584 455.8000000000
60703 530.6900000000
60776 536.8000000000
60929 538.6400000000
60958 551.7100000000
60974 560.7100000000
61144 562.6700000000
61279 565.9400000000
61351 567.8400000000
61409 597.3000000000
61575 703.9500000000
61809 706.2900000000
61902 712.9600000000
62048 720.3500000000
62176 722.4100000000
62333 728.4800000000
62785 734.2600000000
62880 735.7500000000
62907 763.0600000000
63286 774.5600000000
63823 786.1500000000
64114 793.0000000000
65297 814.7100000000
65658 829.3300000000
66925 829.8400000000
66979 834.6700000000
67422 841.3300000000
68927 847.1100000000
69163 852.0400000000
69215 866.0700000000
69260 879.4400000000
69274 885.2500000000
69354 893.6300000000
69358 899.2100000000
69531 900.7300000000
69583 916.0400000000
70177 918.7300000000
73483 938.7900000000
73610 952.0500000000
77830 975.5500000000
80968 976.9900000000
88665 987.8100000000
100000 939.3400000000
evaluations raw_y
1 -1948.0000000000
15 -1945.0000000000
25 -1936.0000000000
34 -1908.0000000000
101 -1880.0000000000
184 -1877.0000000000
217 -1861.0000000000
264 -1860.0000000000
266 -1853.0000000000
273 -1846.0000000000
274 -1840.0000000000
303 -1821.0000000000
356 -1819.0000000000
369 -1812.0000000000
401 -1804.0000000000
402 -1792.0000000000
413 -1790.0000000000
418 -1789.0000000000
443 -1780.0000000000
458 -1772.0000000000
483 -1754.0000000000
518 -1753.0000000000
526 -1739.0000000000
555 -1734.0000000000
556 -1733.0000000000
605 -1732.0000000000
616 -1723.0000000000
634 -1719.0000000000
648 -1699.0000000000
657 -1693.0000000000
743 -1685.0000000000
773 -1681.0000000000
782 -1666.0000000000
793 -1652.0000000000
840 -1649.0000000000
884 -1644.0000000000
906 -1639.0000000000
953 -1634.0000000000
956 -1631.0000000000
964 -1630.0000000000
965 -1624.0000000000
1001 -1621.0000000000
1051 -1613.0000000000
1055 -1608.0000000000
1107 -1604.0000000000
1116 -1584.0000000000
1189 -1579.0000000000
1194 -1570.0000000000
1277 -1567.0000000000
1307 -1566.0000000000
1315 -1563.0000000000
1334 -1553.0000000000
1353 -1552.0000000000
1358 -1542.0000000000
1360 -1536.0000000000
1401 -1535.0000000000
1423 -1531.0000000000
1458 -1520.0000000000
1473 -1518.0000000000
1497 -1510.0000000000
1530 -1509.0000000000
1567 -1507.0000000000
1578 -1505.0000000000
1579 -1495.0000000000
1609 -1494.0000000000
1646 -1490.0000000000
1655 -1486.0000000000
1661 -1483.0000000000
1690 -1477.0000000000
1702 -1466.0000000000
1757 -1462.0000000000
1838 -1448.0000000000
1870 -1447.0000000000
1882 -1445.0000000000
1917 -1439.0000000000
1979 -1433.0000000000
2001 -1426.0000000000
2005 -1423.0000000000
2039 -1422.0000000000
2051 -1415.0000000000
2097 -1408.0000000000
2182 -1407.0000000000
2204 -1400.0000000000
2214 -1393.0000000000
2267 -1391.0000000000
2296 -1385.0000000000
2323 -1383.0000000000
2374 -1382.0000000000
2384 -1381.0000000000
2405 -1376.0000000000
2416 -1373.0000000000
2451 -1363.0000000000
2508 -1362.0000000000
2511 -1358.0000000000
2528 -1355.0000000000
2578 -1350.0000000000
2581 -1346.0000000000
2645 -1344.0000000000
2695 -1341.0000000000
2727 -1339.0000000000
2752 -1338.0000000000
2768 -1335.0000000000
2775 -1333.0000000000
2808 -1329.0000000000
2816 -1327.0000000000
2831 -1322.0000000000
2866 -1319.0000000000
2889 -1316.0000000000
2932 -1315.0000000000
2950 -1314.0000000000
2968 -1312.0000000000
2983 -1311.0000000000
3004 -1310.0000000000
3015 -1308.0000000000
3017 -1306.0000000000
3018 -1305.0000000000
3067 -1304.0000000000
3101 -1298.0000000000
3110 -1297.0000000000
3154 -1295.0000000000
3173 -1291.0000000000
3204 -1290.0000000000
3241 -1288.0000000000
3267 -1286.0000000000
3290 -1279.0000000000
3324 -1278.0000000000
3330 -1274.0000000000
3424 -1273.0000000000
3456 -1264.0000000000
3507 -1262.0000000000
3508 -1259.0000000000
3554 -1258.0000000000
3555 -1257.0000000000
3560 -1256.0000000000
3624 -1255.0000000000
3625 -1250.0000000000
3653 -1249.0000000000
3657 -1247.0000000000
3658 -1245.0000000000
3715 -1241.0000000000
3848 -1240.0000000000
3851 -1238.0000000000
3864 -1234.0000000000
3881 -1233.0000000000
3965 -1232.0000000000
4009 -1223.0000000000
4106 -1221.0000000000
4132 -1218.0000000000
4165 -1217.0000000000
4202 -1209.0000000000
4300 -1207.0000000000
4363 -1206.0000000000
4365 -1203.0000000000
4401 -1202.0000000000
4447 -1200.0000000000
4453 -1198.0000000000
4483 -1194.0000000000
4654 -1192.0000000000
4659 -1190.0000000000
4730 -1188.0000000000
4751 -1183.0000000000
4812 -1181.0000000000
4871 -1180.0000000000
4876 -1178.0000000000
4930 -1177.0000000000
4975 -1175.0000000000
4993 -1174.0000000000
5026 -1173.0000000000
5052 -1170.0000000000
5123 -1168.0000000000
5153 -1164.0000000000
5227 -1162.0000000000
5254 -1160.0000000000
5302 -1156.0000000000
5413 -1155.0000000000
5452 -1151.0000000000
5505 -1146.0000000000
5559 -1145.0000000000
5606 -1144.0000000000
5619 -1142.0000000000
5658 -1141.0000000000
5664 -1138.0000000000
5762 -1134.0000000000
5878 -1133.0000000000
5886 -1131.0000000000
5908 -1130.0000000000
5926 -1129.0000000000
5970 -1128.0000000000
5975 -1125.0000000000
6024 -1122.0000000000
6082 -1121.0000000000
6172 -1119.0000000000
6245 -1118.0000000000
6261 -1110.0000000000
6462 -1109.0000000000
6473 -1107.0000000000
6505 -1104.0000000000
6614 -1103.0000000000
6631 -1102.0000000000
6666 -1101.0000000000
6669 -1096.0000000000
6753 -1095.0000000000
6814 -1094.0000000000
6847 -1092.0000000000
6861 -1091.0000000000
6874 -1087.0000000000
6951 -1083.0000000000
7025 -1081.0000000000
7058 -1080.0000000000
7080 -1078.0000000000
7151 -1077.0000000000
7155 -1076.0000000000
7256 -1075.0000000000
7273 -1072.0000000000
7348 -1069.0000000000
7370 -1067.0000000000
7373 -1066.0000000000
7408 -1065.0000000000
7522 -1064.0000000000
7532 -1060.0000000000
7568 -1058.0000000000
7636 -1055.0000000000
7756 -1053.0000000000
7759 -1052.0000000000
7806 -1051.0000000000
7817 -1048.0000000000
7904 -1043.0000000000
7961 -1042.0000000000
8045 -1041.0000000000
8055 -1039.0000000000
8098 -1037.0000000000
8153 -1036.0000000000
8176 -1035.0000000000
8213 -1034.0000000000
8229 -1033.0000000000
8273 -1031.0000000000
8302 -1030.0000000000
8320 -1029.0000000000
8381 -1027.0000000000
8424 -1024.0000000000
8490 -1021.0000000000
8505 -1020.0000000000
8566 -1019.0000000000
8610 -1018.0000000000
8613 -1016.0000000000
8629 -1015.0000000000
8669 -1013.0000000000
8769 -1012.0000000000
8827 -1010.0000000000
8893 -1009.0000000000
8901 -1005.0000000000
8987 -1002.0000000000
9091 -1001.0000000000
9098 -1000.0000000000
9110 -997.0000000000
9147 -996.0000000000
9168 -994.0000000000
9223 -992.0000000000
9263 -990.0000000000
9312 -988.0000000000
9351 -985.0000000000
9439 -982.0000000000
9452 -981.0000000000
9510 -980.0000000000
9552 -979.0000000000
9596 -977.0000000000
9601 -976.0000000000
9662 -975.0000000000
9702 -972.0000000000
9803 -970.0000000000
9854 -968.0000000000
9886 -964.0000000000
9907 -961.0000000000
9967 -960.0000000000
9968 -959.0000000000
10031 -957.0000000000
10035 -956.0000000000
10037 -955.0000000000
10110 -947.0000000000
10223 -946.0000000000
10260 -942.0000000000
10359 -941.0000000000
10403 -940.0000000000
10416 -939.0000000000
10426 -938.0000000000
10456 -937.0000000000
10457 -931.0000000000
10582 -929.0000000000
10616 -928.0000000000
10620 -927.0000000000
10711 -926.0000000000
10719 -923.0000000000
10803 -922.0000000000
10807 -918.0000000000
10991 -917.0000000000
10996 -915.0000000000
11003 -909.0000000000
11123 -907.0000000000
11190 -906.0000000000
11211 -904.0000000000
11324 -902.0000000000
11346 -901.0000000000
11365 -900.0000000000
11471 -898.0000000000
11505 -894.0000000000
11606 -892.0000000000
11635 -891.0000000000
11666 -890.0000000000
11759 -887.0000000000
11787 -886.0000000000
11830 -883.0000000000
11943 -881.0000000000
12010 -880.0000000000
12040 -877.0000000000
12077 -876.0000000000
12123 -874.0000000000
12172 -873.0000000000
12174 -872.0000000000
12218 -871.0000000000
12327 -869.0000000000
12388 -868.0000000000
12392 -867.0000000000
12425 -864.0000000000
12541 -863.0000000000
12603 -862.0000000000
12604 -860.0000000000
12654 -859.0000000000
12696 -858.0000000000
12751 -857.0000000000
12753 -856.0000000000
12809 -855.0000000000
12824 -854.0000000000
12864 -853.0000000000
12865 -852.0000000000
12933 -851.0000000000
12968 -850.0000000000
13003 -849.0000000000
13044 -848.0000000000
13054 -846.0000000000
13119 -844.0000000000
13204 -841.0000000000
13278 -838.0000000000
13286 -837.0000000000
13360 -836.0000000000
13362 -835.0000000000
13396 -832.0000000000
13470 -830.0000000000
13501 -828.0000000000
13576 -827.0000000000
13578 -825.0000000000
13667 -824.0000000000
13701 -823.0000000000
13711 -822.0000000000
13715 -821.0000000000
13735 -820.0000000000
13801 -818.0000000000
13845 -816.0000000000
13854 -815.0000000000
13907 -813.0000000000
13940 -811.0000000000
14013 -809.0000000000
14061 -807.0000000000
14095 -804.0000000000
14150 -803.0000000000
14173 -802.0000000000
14220 -800.0000000000
14279 -798.0000000000
14353 -794.0000000000
14446 -793.0000000000
14520 -786.0000000000
14714 -785.0000000000
14759 -784.0000000000
14801 -783.0000000000
14806 -780.0000000000
14862 -779.0000000000
14894 -778.0000000000
14932 -777.0000000000
14981 -775.0000000000
15004 -774.0000000000
15017 -773.0000000000
15090 -772.0000000000
15101 -771.0000000000
15154 -770.0000000000
15166 -769.0000000000
15205 -767.0000000000
15253 -766.0000000000
15256 -764.0000000000
15309 -761.0000000000
15355 -756.0000000000
15507 -755.0000000000
15523 -754.0000000000
15526 -752.0000000000
15613 -751.0000000000
15627 -748.0000000000
15667 -747.0000000000
15696 -746.0000000000
15713 -743.0000000000
15764 -742.0000000000
15769 -740.0000000000
15784 -739.0000000000
15814 -738.0000000000
15870 -737.0000000000
15884 -736.0000000000
15934 -731.0000000000
15981 -729.0000000000
16059 -727.0000000000
16102 -724.0000000000
16164 -723.0000000000
16193 -722.0000000000
16242 -717.0000000000
16360 -715.0000000000
16401 -714.0000000000
16421 -713.0000000000
16456 -712.0000000000
16575 -711.0000000000
16578 -710.0000000000
16608 -708.0000000000
16638 -706.0000000000
16736 -704.0000000000
16758 -701.0000000000
16858 -700.0000000000
16865 -699.0000000000
16890 -698.0000000000
16922 -697.0000000000
16940 -693.0000000000
17065 -692.0000000000
17087 -691.0000000000
17147 -688.0000000000
17253 -686.0000000000
17268 -685.0000000000
17317 -683.0000000000
17386 -680.0000000000
17425 -678.0000000000
17467 -675.0000000000
17592 -672.0000000000
17631 -671.0000000000
17677 -670.0000000000
17732 -669.0000000000
17759 -667.0000000000
17763 -665.0000000000
17896 -664.0000000000
17928 -663.0000000000
17956 -661.0000000000
18017 -659.0000000000
18036 -658.0000000000
18108 -656.0000000000
18111 -652.0000000000
18179 -651.0000000000
18255 -649.0000000000
18270 -648.0000000000
18315 -645.0000000000
18398 -643.0000000000
18429 -641.0000000000
18553 -640.0000000000
18556 -637.0000000000
18629 -636.0000000000
18724 -633.0000000000
18779 -631.0000000000
18798 -628.0000000000
18853 -627.0000000000
18921 -626.0000000000
18923 -623.0000000000
18965 -622.0000000000
19036 -620.0000000000
19054 -619.0000000000
19063 -618.0000000000
19128 -617.0000000000
19182 -615.0000000000
19195 -614.0000000000
19268 -613.0000000000
19330 -612.0000000000
19373 -611.0000000000
19408 -610.0000000000
19418 -608.0000000000
19502 -607.0000000000
19512 -606.0000000000
19561 -605.0000000000
19627 -604.0000000000
19662 -602.0000000000
19701 -601.0000000000
19759 -600.0000000000
19840 -599.0000000000
19850 -598.0000000000
19899 -594.0000000000
20053 -588.0000000000
20161 -587.0000000000
20262 -585.0000000000
20307 -584.0000000000
20321 -583.0000000000
20351 -582.0000000000
20363 -580.0000000000
20439 -579.0000000000
20480 -578.0000000000
20534 -576.0000000000
20569 -574.0000000000
20590 -572.0000000000
20643 -571.0000000000
20764 -569.0000000000
20804 -566.0000000000
20959 -564.0000000000
21006 -563.0000000000
21007 -560.0000000000
21072 -557.0000000000
21202 -556.0000000000
21224 -555.0000000000
21259 -553.0000000000
21305 -552.0000000000
21374 -550.0000000000
21378 -549.0000000000
21433 -548.0000000000
21493 -547.0000000000
21508 -546.0000000000
21524 -545.0000000000
21561 -544.0000000000
21564 -542.0000000000
21631 -540.0000000000
21664 -539.0000000000
21751 -538.0000000000
21765 -535.0000000000
21852 -533.0000000000
21938 -530.0000000000
22002 -528.0000000000
22087 -527.0000000000
22116 -526.0000000000
22182 -525.0000000000
22185 -522.0000000000
22233 -521.0000000000
22255 -520.0000000000
22287 -517.0000000000
22372 -513.0000000000
22435 -511.0000000000
22502 -509.0000000000
22569 -507.0000000000
22611 -503.0000000000
22714 -502.0000000000
22719 -501.0000000000
22801 -500.0000000000
22814 -499.0000000000
22857 -497.0000000000
22863 -496.0000000000
22955 -495.0000000000
22961 -493.0000000000
23052 -490.0000000000
23159 -489.0000000000
23213 -487.0000000000
23254 -485.0000000000
23337 -484.0000000000
23351 -483.0000000000
23354 -480.0000000000
23510 -479.0000000000
23512 -477.0000000000
23640 -475.0000000000
23653 -474.0000000000
23700 -473.0000000000
23713 -471.0000000000
23751 -470.0000000000
23772 -469.0000000000
23845 -467.0000000000
23964 -466.0000000000
23985 -465.0000000000
24016 -464.0000000000
24017 -463.0000000000
24079 -462.0000000000
24157 -461.0000000000
24176 -459.0000000000
24297 -458.0000000000
24340 -457.0000000000
24405 -456.0000000000
24410 -455.0000000000
24466 -454.0000000000
24489 -453.0000000000
24503 -451.0000000000
24609 -450.0000000000
24620 -449.0000000000
24651 -447.0000000000
24718 -444.0000000000
24826 -443.0000000000
24846 -441.0000000000
24883 -437.0000000000
25024 -436.0000000000
25099 -435.0000000000
25160 -433.0000000000
25198 -431.0000000000
25223 -429.0000000000
25342 -428.0000000000
25392 -425.0000000000
25511 -424.0000000000
25545 -420.0000000000
25618 -419.0000000000
25689 -417.0000000000
25752 -416.0000000000
25757 -414.0000000000
25815 -412.0000000000
25851 -411.0000000000
26005 -409.0000000000
26059 -407.0000000000
26074 -405.0000000000
26165 -403.0000000000
26376 -402.0000000000
26377 -400.0000000000
26451 -399.0000000000
26471 -398.0000000000
26502 -396.0000000000
26717 -393.0000000000
26770 -392.0000000000
26857 -391.0000000000
26911 -389.0000000000
26963 -388.0000000000
27014 -387.0000000000
27106 -386.0000000000
27127 -385.0000000000
27197 -383.0000000000
27344 -379.0000000000
27475 -378.0000000000
27502 -377.0000000000
27630 -375.0000000000
27704 -374.0000000000
27758 -372.0000000000
27795 -371.0000000000
27853 -369.0000000000
27856 -368.0000000000
27961 -364.0000000000
28108 -362.0000000000
28117 -361.0000000000
28197 -360.0000000000
28251 -357.0000000000
28292 -356.0000000000
28386 -354.0000000000
28474 -353.0000000000
28520 -352.0000000000
28602 -350.0000000000
28608 -347.0000000000
28719 -346.0000000000
28725 -344.0000000000
28775 -343.0000000000
28900 -342.0000000000
28913 -341.0000000000
28992 -339.0000000000
29040 -338.0000000000
29083 -336.0000000000
29136 -333.0000000000
29300 -332.0000000000
29324 -331.0000000000
29360 -329.0000000000
29447 -327.0000000000
29511 -324.0000000000
29604 -323.0000000000
29618 -322.0000000000
29689 -318.0000000000
29743 -317.0000000000
29873 -316.0000000000
29954 -315.0000000000
29965 -311.0000000000
30162 -310.0000000000
30164 -307.0000000000
30255 -306.0000000000
30317 -304.0000000000
30480 -303.0000000000
30525 -301.0000000000
30720 -300.0000000000
30768 -298.0000000000
30811 -297.0000000000
30852 -296.0000000000
30889 -295.0000000000
30907 -294.0000000000
30954 -293.0000000000
30992 -290.0000000000
31091 -289.0000000000
31106 -287.0000000000
31119 -286.0000000000
31328 -285.0000000000
31369 -283.0000000000
31476 -282.0000000000
31523 -281.0000000000
31579 -279.0000000000
31739 -278.0000000000
31743 -277.0000000000
31833 -274.0000000000
31969 -273.0000000000
32005 -270.0000000000
32189 -268.0000000000
32220 -267.0000000000
32252 -266.0000000000
32327 -265.0000000000
32423 -264.0000000000
32462 -262.0000000000
32617 -261.0000000000
32733 -260.0000000000
32770 -258.0000000000
32817 -257.0000000000
32872 -255.0000000000
32963 -254.0000000000
33075 -253.0000000000
33114 -252.0000000000
33184 -248.0000000000
33366 -247.0000000000
33452 -246.0000000000
33520 -245.0000000000
33625 -242.0000000000
33741 -241.0000000000
33800 -240.0000000000
33862 -239.0000000000
33965 -238.0000000000
34056 -237.0000000000
34098 -235.0000000000
34163 -234.0000000000
34320 -233.0000000000
34334 -231.0000000000
34473 -230.0000000000
34520 -229.0000000000
34721 -228.0000000000
34803 -227.0000000000
34804 -225.0000000000
34907 -224.0000000000
35042 -223.0000000000
35067 -219.0000000000
35158 -213.0000000000
35231 -211.0000000000
35513 -210.0000000000
35539 -209.0000000000
35603 -208.0000000000
35651 -207.0000000000
35688 -205.0000000000
35753 -204.0000000000
35861 -203.0000000000
35919 -202.0000000000
36033 -201.0000000000
36061 -200.0000000000
36074 -199.0000000000
36234 -198.0000000000
36316 -197.0000000000
36337 -195.0000000000
36431 -194.0000000000
36453 -193.0000000000
36481 -192.0000000000
36506 -191.0000000000
36569 -190.0000000000
36659 -189.0000000000
36728 -188.0000000000
36785 -187.0000000000
36812 -185.0000000000
36823 -184.0000000000
36944 -183.0000000000
37028 -182.0000000000
37135 -181.0000000000
37218 -180.0000000000
37228 -179.0000000000
37345 -178.0000000000
37352 -177.0000000000
37368 -175.0000000000
37563 -174.0000000000
37583 -173.0000000000
37602 -170.0000000000
37737 -169.0000000000
37811 -165.0000000000
38014 -163.0000000000
38122 -162.0000000000
38155 -161.0000000000
38313 -160.0000000000
38361 -158.0000000000
38373 -157.0000000000
38463 -156.0000000000
38504 -155.0000000000
38602 -154.0000000000
38605 -151.0000000000
38842 -148.0000000000
38906 -147.0000000000
39011 -143.0000000000
39270 -142.0000000000
39344 -141.0000000000
39364 -140.0000000000
39402 -139.0000000000
39486 -138.0000000000
39549 -137.0000000000
39591 -136.0000000000
39686 -135.0000000000
39782 -134.0000000000
39884 -133.0000000000
40004 -132.0000000000
40011 -131.0000000000
40106 -130.0000000000
40122 -129.0000000000
40249 -127.0000000000
40288 -126.0000000000
40390 -125.0000000000
40476 -123.0000000000
40608 -121.0000000000
40801 -120.0000000000
40838 -119.0000000000
40895 -118.0000000000
40918 -117.0000000000
41086 -116.0000000000
41114 -115.0000000000
41173 -114.0000000000
41216 -113.0000000000
41313 -112.0000000000
41374 -111.0000000000
41413 -110.0000000000
41478 -108.0000000000
41615 -107.0000000000
41637 -106.0000000000
41690 -105.0000000000
41721 -102.0000000000
41871 -101.0000000000
42030 -100.0000000000
42142 -99.0000000000
42289 -98.0000000000
42320 -96.0000000000
42447 -95.0000000000
42486 -94.0000000000
42551 -90.0000000000
42768 -89.0000000000
42832 -88.0000000000
42843 -87.0000000000
42916 -86.0000000000
43006 -85.0000000000
43097 -84.0000000000
43186 -83.0000000000
43225 -82.0000000000
43290 -81.0000000000
43468 -80.0000000000
43474 -79.0000000000
43610 -78.0000000000
43755 -77.0000000000
43825 -75.0000000000
44002 -74.0000000000
44134 -73.0000000000
44160 -72.0000000000
44229 -71.0000000000
44333 -70.0000000000
44502 -68.0000000000
44731 -67.0000000000
44818 -66.0000000000
44854 -65.0000000000
45035 -64.0000000000
45144 -63.0000000000
45271 -62.0000000000
45501 -61.0000000000
45601 -60.0000000000
45634 -59.0000000000
45797 -57.0000000000
45953 -56.0000000000
46045 -55.0000000000
46217 -54.0000000000
46257 -53.0000000000
46480 -52.0000000000
46496 -51.0000000000
46646 -50.0000000000
46809 -49.0000000000
46919 -48.0000000000
47006 -47.0000000000
47156 -46.0000000000
47181 -45.0000000000
47328 -44.0000000000
47368 -42.0000000000
47691 -40.0000000000
47738 -39.0000000000
48002 -38.0000000000
48013 -37.0000000000
48170 -36.0000000000
48289 -35.0000000000
48570 -34.0000000000
48655 -33.0000000000
48751 -32.0000000000
49109 -31.0000000000
49219 -30.0000000000
49271 -29.0000000000
49448 -28.0000000000
49503 -27.0000000000
49599 -25.0000000000
49708 -23.0000000000
49909 -21.0000000000
50165 -20.0000000000
50216 -18.0000000000
50334 -17.0000000000
50672 -16.0000000000
50886 -15.0000000000
50924 -14.0000000000
50984 -13.0000000000
51260 -12.0000000000
51353 -11.0000000000
51469 -10.0000000000
51758 -9.0000000000
51802 -8.0000000000
52015 -7.0000000000
52028 -6.0000000000
52557 -5.0000000000
52939 -4.0000000000
54044 -2.0000000000
54153 -1.0000000000
54451 129.2300000000
54509 129.5700000000
54692 132.9200000000
54733 152.0100000000
54774 154.5300000000
54999 157.8200000000
55125 160.7900000000
55244 285.7100000000
55469 290.8900000000
55509 292.0600000000
55527 300.0700000000
55548 305.6000000000
55629 312.9600000000
55676 330.2000000000
56209 331.3500000000
56306 337.6200000000
56958 338.6700000000
57202 342.0500000000
57409 343.3600000000
57624 350.4200000000
57692 450.5300000000
57888 455.5500000000
57981 461.9900000000
58122 491.7700000000
59008 502.1300000000
59150 504.3400000000
59743 509.8000000000
60118 511.7500000000
60389 513.0900000000
60399 514.1400000000
60812 522.5800000000
61322 524.3300000000
61424 552.1500000000
61552 590.1100000000
61604 590.6200000000
61613 595.7000000000
61644 613.9100000000
61717 614.0600000000
61847 622.7800000000
62378 630.0900000000
62415 641.7500000000
63931 643.8600000000
63980 647.5500000000
64497 651.0900000000
64562 653.8700000000
64695 683.2700000000
64699 697.7100000000
64717 700.8700000000
64758 703.4500000000
64771 726.3400000000
64816 731.1500000000
64832 741.7700000000
64836 754.7500000000
64879 755.9300000000
65079 769.4600000000
65430 788.2500000000
65618 796.2100000000
65725 802.1700000000
66015 806.3100000000
66236 809.3700000000
66256 812.0600000000
66294 847.1200000000
66376 853.9100000000
66382 854.8000000000
66542 857.2100000000
66543 859.3000000000
66588 866.9000000000
66704 868.2900000000
66900 877.4600000000
66986 884.3000000000
67060 888.1400000000
67110 888.5100000000
67208 888.6700000000
67310 894.5000000000
67313 896.7400000000
67467 901.0700000000
68019 903.9800000000
68130 907.1600000000
68328 908.0900000000
68382 913.9800000000
72777 920.0500000000
72839 935.5100000000
75256 938.3100000000
75769 939.8100000000
78182 942.4000000000
80515 948.7800000000
81594 952.6100000000
90308 953.4300000000
93865 972.9200000000
95414 972.9400000000
96172 977.7300000000
100000 817.2200000000
evaluations raw_y
1 -1963.0000000000
3 -1908.0000000000
91 -1903.0000000000
117 -1901.0000000000
130 -1897.0000000000
134 -1883.0000000000
177 -1877.0000000000
178 -1859.0000000000
247 -1855.0000000000
258 -1841.0000000000
276 -1834.0000000000
280 -1801.0000000000
314 -1799.0000000000
359 -1789.0000000000
401 -1774.0000000000
417 -1762.0000000000
461 -1754.0000000000
511 -1745.0000000000
561 -1738.0000000000
573 -1729.0000000000
635 -1723.0000000000
653 -1717.0000000000
690 -1700.0000000000
735 -1693.0000000000
754 -1679.0000000000
826 -1674.0000000000
830 -1670.0000000000
852 -1652.0000000000
906 -1651.0000000000
919 -1650.0000000000
951 -1634.0000000000
960 -1627.0000000000
1001 -1613.0000000000
1055 -1604.0000000000
1127 -1601.0000000000
1151 -1589.0000000000
1152 -1584.0000000000
1227 -1583.0000000000
1240 -1582.0000000000
1246 -1578.0000000000
1252 -1577.0000000000
1278 -1569.0000000000
1301 -1559.0000000000
1334 -1554.0000000000
1371 -1549.0000000000
1414 -1543.0000000000
1458 -1533.0000000000
1461 -1527.0000000000
1509 -1524.0000000000
1529 -1523.0000000000
1533 -1513.0000000000
1600 -1509.0000000000
1610 -1507.0000000000
1623 -1487.0000000000
1695 -1486.0000000000
1740 -1483.0000000000
1761 -1482.0000000000
1769 -1479.0000000000
1787 -1475.0000000000
1802 -1466.0000000000
1848 -1459.0000000000
1870 -1458.0000000000
1925 -1447.0000000000
1956 -1435.0000000000
2092 -1433.0000000000
2115 -1427.0000000000
2166 -1423.0000000000
2173 -1422.0000000000
2175 -1419.0000000000
2197 -1416.0000000000
2212 -1409.0000000000
2244 -1408.0000000000
2267 -1400.0000000000
2381 -1399.0000000000
2395 -1397.0000000000
2398 -1395.0000000000
2413 -1391.0000000000
2417 -1389.0000000000
2442 -1386.0000000000
2489 -1385.0000000000
2513 -1380.0000000000
2527 -1370.0000000000
2605 -1369.0000000000
2652 -1368.0000000000
2653 -1360.0000000000
2723 -1359.0000000000
2762 -1358.0000000000
2772 -1356.0000000000
2773 -1346.0000000000
2812 -1345.0000000000
2872 -1335.0000000000
2952 -1333.0000000000
2976 -1330.0000000000
3010 -1322.0000000000
3013 -1319.0000000000
3052 -1318.0000000000
3112 -1316.0000000000
3168 -1313.0000000000
3187 -1310.0000000000
3248 -1308.0000000000
3315 -1305.0000000000
3334 -1303.0000000000
3342 -1302.0000000000
3372 -1295.0000000000
3481 -1289.0000000000
3517 -1288.0000000000
3556 -1286.0000000000
3561 -1280.0000000000
3671 -1279.0000000000
3683 -1277.0000000000
3726 -1276.0000000000
3744 -1275.0000000000
3755 -1274.0000000000
3809 -1269.0000000000
3862 -1264.0000000000
3936 -1263.0000000000
3963 -1262.0000000000
3964 -1260.0000000000
3973 -1258.0000000000
4019 -1256.0000000000
4024 -1254.0000000000
4095 -1251.0000000000
4154 -1250.0000000000
4174 -1244.0000000000
4214 -1241.0000000000
4272 -1237.0000000000
4369 -1236.0000000000
4382 -1233.0000000000
4451 -1230.0000000000
4464 -1229.0000000000
4472 -1226.0000000000
4564 -1224.0000000000
4569 -1223.0000000000
4586 -1220.0000000000
4604 -1218.0000000000
4681 -1215.0000000000
4692 -1214.0000000000
4739 -1213.0000000000
4763 -1212.0000000000
4771 -1211.0000000000
4801 -1209.0000000000
4853 -1208.0000000000
4856 -1207.0000000000
4901 -1206.0000000000
4939 -1203.0000000000
5018 -1199.0000000000
5079 -1198.0000000000
5133 -1197.0000000000
5144 -1196.0000000000
5163 -1194.0000000000
5215 -1193.0000000000
5223 -1192.0000000000
5270 -1190.0000000000
5282 -1189.0000000000
5306 -1188.0000000000
5358 -1186.0000000000
5361 -1183.0000000000
5412 -1181.0000000000
5434 -1176.0000000000
5512 -1175.0000000000
5577 -1173.0000000000
5594 -1171.0000000000
5613 -1170.0000000000
5621 -1168.0000000000
5709 -1166.0000000000
5755 -1164.0000000000
5769 -1163.0000000000
5803 -1162.0000000000
5834 -1161.0000000000
5895 -1160.0000000000
5932 -1156.0000000000
5959 -1155.0000000000
5999 -1154.0000000000
6010 -1153.0000000000
6051 -1151.0000000000
6081 -1148.0000000000
6170 -1146.0000000000
6223 -1145.0000000000
6256 -1142.0000000000
6328 -1140.0000000000
6353 -1137.0000000000
6401 -1136.0000000000
6432 -1134.0000000000
6503 -1132.0000000000
6506 -1131.0000000000
6562 -1128.0000000000
6655 -1127.0000000000
6703 -1125.0000000000
6721 -1123.0000000000
6785 -1121.0000000000
6791 -1120.0000000000
6830 -1118.0000000000
6861 -1117.0000000000
6866 -1116.0000000000
6934 -1115.0000000000
6941 -1113.0000000000
7002 -1111.0000000000
7004 -1109.0000000000
7029 -1108.0000000000
7062 -1107.0000000000
7105 -1106.0000000000
7153 -1102.0000000000
7168 -1101.0000000000
7204 -1100.0000000000
7258 -1099.0000000000
7289 -1097.0000000000
7304 -1093.0000000000
7414 -1092.0000000000
7462 -1091.0000000000
7468 -1089.0000000000
7486 -1087.0000000000
7561 -1086.0000000000
7567 -1085.0000000000
7584 -1083.0000000000
7614 -1081.0000000000
7657 -1080.0000000000
7718 -1077.0000000000
7768 -1076.0000000000
7799 -1075.0000000000
7827 -1074.0000000000
7841 -1071.0000000000
7928 -1068.0000000000
7970 -1064.0000000000
8048 -1063.0000000000
8075 -1062.0000000000
8096 -1061.0000000000
8109 -1060.0000000000
8153 -1059.0000000000
8163 -1057.0000000000
8181 -1056.0000000000
8197 -1053.0000000000
8210 -1050.0000000000
8339 -1049.0000000000
8362 -1048.0000000000
8410 -1045.0000000000
8468 -1044.0000000000
8504 -1043.0000000000
8512 -1041.0000000000
8530 -1040.0000000000
8566 -1038.0000000000
8614 -1036.0000000000
8663 -1034.0000000000
8711 -1033.0000000000
8768 -1029.0000000000
8817 -1027.0000000000
8877 -1024.0000000000
8955 -1023.0000000000
8983 -1022.0000000000
9003 -1018.0000000000
9106 -1017.0000000000
9135 -1016.0000000000
9136 -1012.0000000000
9203 -1011.0000000000
9204 -1010.0000000000
9239 -1009.0000000000
9251 -1008.0000000000
9261 -1007.0000000000
9312 -1006.0000000000
9365 -1004.0000000000
9390 -1003.0000000000
9413 -1001.0000000000
9419 -1000.0000000000
9468 -998.0000000000
9523 -994.0000000000
9606 -993.0000000000
9629 -987.0000000000
9706 -986.0000000000
9782 -985.0000000000
9793 -984.0000000000
9801 -982.0000000000
9865 -980.0000000000
9916 -977.0000000000
9968 -975.0000000000
10007 -973.0000000000
10027 -971.0000000000
10115 -970.0000000000
10163 -967.0000000000
10202 -965.0000000000
10255 -961.0000000000
10319 -960.0000000000
10366 -954.0000000000
10458 -953.0000000000
10518 -951.0000000000
10561 -950.0000000000
10581 -949.0000000000
10608 -948.0000000000
10631 -946.0000000000
10679 -942.0000000000
10760 -941.0000000000
10825 -940.0000000000
10850 -938.0000000000
10885 -937.0000000000
10963 -936.0000000000
10964 -935.0000000000
11005 -932.0000000000
11106 -931.0000000000
11122 -930.0000000000
11149 -928.0000000000
11208 -927.0000000000
11222 -923.0000000000
11330 -921.0000000000
11368 -920.0000000000
11405 -919.0000000000
11415 -916.0000000000
11474 -914.0000000000
11567 -913.0000000000
11671 -911.0000000000
11727 -909.0000000000
11738 -908.0000000000
11758 -906.0000000000
11823 -905.0000000000
11831 -902.0000000000
11979 -901.0000000000
12003 -900.0000000000
12015 -898.0000000000
12095 -897.0000000000
12112 -895.0000000000
12115 -892.0000000000
12203 -891.0000000000
12239 -890.0000000000
12251 -889.0000000000
12278 -887.0000000000
12372 -886.0000000000
12378 -885.0000000000
12462 -882.0000000000
12491 -881.0000000000
12534 -880.0000000000
12554 -878.0000000000
12594 -876.0000000000
12644 -875.0000000000
12655 -871.0000000000
12763 -870.0000000000
12778 -867.0000000000
12824 -864.0000000000
12829 -863.0000000000
12859 -862.0000000000
12930 -860.0000000000
13013 -858.0000000000
13015 -857.0000000000
13023 -855.0000000000
13060 -852.0000000000
13136 -850.0000000000
13166 -849.0000000000
13169 -848.0000000000
13173 -847.0000000000
13235 -845.0000000000
13272 -843.0000000000
13316 -840.0000000000
13362 -838.0000000000
13390 -837.0000000000
13416 -836.0000000000
13499 -833.0000000000
13549 -831.0000000000
13603 -828.0000000000
13687 -827.0000000000
13723 -825.0000000000
13768 -824.0000000000
13815 -823.0000000000
13872 -822.0000000000
13876 -820.0000000000
13905 -819.0000000000
13907 -816.0000000000
14009 -815.0000000000
14051 -814.0000000000
14053 -813.0000000000
14076 -810.0000000000
14154 -809.0000000000
14180 -808.0000000000
14186 -805.0000000000
14253 -802.0000000000
14329 -800.0000000000
14373 -795.0000000000
14457 -792.0000000000
14622 -789.0000000000
14677 -788.0000000000
14685 -785.0000000000
14746 -784.0000000000
14809 -783.0000000000
14822 -782.0000000000
14879 -781.0000000000
14891 -779.0000000000
14934 -778.0000000000
14956 -777.0000000000
14959 -776.0000000000
15004 -772.0000000000
15119 -771.0000000000
15120 -768.0000000000
15218 -767.0000000000
15264 -766.0000000000
15266 -765.0000000000
15304 -764.0000000000
15381 -761.0000000000
15415 -760.0000000000
15498 -759.0000000000
15501 -758.0000000000
15503 -756.0000000000
15560 -755.0000000000
15573 -754.0000000000
15666 -749.0000000000
15785 -748.0000000000
15858 -746.0000000000
15861 -744.0000000000
15911 -743.0000000000
15919 -740.0000000000
15987 -739.0000000000
16072 -736.0000000000
16123 -735.0000000000
16164 -733.0000000000
16168 -732.0000000000
16185 -731.0000000000
16260 -730.0000000000
16264 -729.0000000000
16354 -727.0000000000
16356 -726.0000000000
16435 -725.0000000000
16456 -724.0000000000
16501 -723.0000000000
16547 -721.0000000000
16613 -718.0000000000
16680 -717.0000000000
16692 -716.0000000000
16706 -714.0000000000
16734 -712.0000000000
16781 -709.0000000000
16837 -708.0000000000
16877 -707.0000000000
16943 -705.0000000000
16978 -704.0000000000
16980 -703.0000000000
17076 -701.0000000000
17119 -699.0000000000
17158 -697.0000000000
17297 -695.0000000000
17337 -694.0000000000
17339 -693.0000000000
17427 -691.0000000000
17459 -689.0000000000
17486 -687.0000000000
17528 -686.0000000000
17623 -685.0000000000
17670 -684.0000000000
17696 -682.0000000000
17760 -681.0000000000
17768 -680.0000000000
17809 -676.0000000000
17866 -675.0000000000
17953 -674.0000000000
17957 -673.0000000000
18013 -672.0000000000
18029 -671.0000000000
18120 -669.0000000000
18123 -668.0000000000
18168 -667.0000000000
18176 -666.0000000000
18227 -664.0000000000
18286 -662.0000000000
18325 -661.0000000000
18356 -659.0000000000
18407 -658.0000000000
18457 -656.0000000000
18468 -655.0000000000
18537 -653.0000000000
18605 -651.0000000000
18655 -650.0000000000
18665 -649.0000000000
18703 -647.0000000000
18711 -646.0000000000
18750 -644.0000000000
18806 -642.0000000000
18859 -639.0000000000
18909 -635.0000000000
19008 -633.0000000000
19012 -631.0000000000
19094 -630.0000000000
19159 -629.0000000000
19160 -627.0000000000
19238 -624.0000000000
19327 -621.0000000000
19364 -620.0000000000
19379 -618.0000000000
19526 -615.0000000000
19592 -613.0000000000
19671 -612.0000000000
19711 -609.0000000000
19773 -608.0000000000
19842 -605.0000000000
19906 -604.0000000000
19974 -603.0000000000
20001 -602.0000000000
20023 -601.0000000000
20056 -600.0000000000
20116 -599.0000000000
20136 -596.0000000000
20215 -594.0000000000
20231 -593.0000000000
20293 -590.0000000000
20383 -585.0000000000
20522 -584.0000000000
20559 -582.0000000000
20601 -580.0000000000
20669 -578.0000000000
20689 -577.0000000000
20762 -576.0000000000
20775 -575.0000000000
20821 -572.0000000000
20884 -571.0000000000
20927 -570.0000000000
20955 -569.0000000000
21004 -567.0000000000
21052 -566.0000000000
21080 -565.0000000000
21106 -564.0000000000
21159 -563.0000000000
21178 -562.0000000000
21207 -561.0000000000
21224 -559.0000000000
21281 -557.0000000000
21403 -554.0000000000
21450 -553.0000000000
21475 -551.0000000000
21546 -549.0000000000
21615 -547.0000000000
21677 -546.0000000000
21702 -545.0000000000
21708 -544.0000000000
21741 -542.0000000000
21871 -541.0000000000
21894 -540.0000000000
21935 -539.0000000000
21972 -536.0000000000
22034 -534.0000000000
22105 -533.0000000000
22125 -529.0000000000
22170 -528.0000000000
22185 -526.0000000000
22238 -523.0000000000
22301 -522.0000000000
22352 -521.0000000000
22360 -520.0000000000
22415 -519.0000000000
22416 -515.0000000000
22627 -513.0000000000
22726 -511.0000000000
22757 -510.0000000000
22815 -508.0000000000
22916 -507.0000000000
22967 -506.0000000000
23053 -505.0000000000
23086 -501.0000000000
23158 -498.0000000000
23213 -497.0000000000
23292 -496.0000000000
23310 -495.0000000000
23314 -492.0000000000
23434 -491.0000000000
23460 -486.0000000000
23598 -485.0000000000
23629 -484.0000000000
23703 -481.0000000000
23799 -479.0000000000
23847 -478.0000000000
23880 -476.0000000000
23965 -475.0000000000
24018 -473.0000000000
24034 -472.0000000000
24111 -470.0000000000
24128 -467.0000000000
24279 -466.0000000000
24320 -464.0000000000
24334 -463.0000000000
24417 -462.0000000000
24474 -461.0000000000
24489 -460.0000000000
24568 -457.0000000000
24577 -456.0000000000
24693 -454.0000000000
24777 -453.0000000000
24856 -450.0000000000
24965 -449.0000000000
24989 -445.0000000000
25072 -444.0000000000
25082 -442.0000000000
25235 -440.0000000000
25322 -438.0000000000
25398 -436.0000000000
25434 -435.0000000000
25454 -433.0000000000
25530 -432.0000000000
25560 -431.0000000000
25590 -430.0000000000
25637 -427.0000000000
25683 -426.0000000000
25778 -425.0000000000
25782 -424.0000000000
25812 -423.0000000000
25881 -421.0000000000
25915 -420.0000000000
25970 -418.0000000000
26047 -417.0000000000
26109 -414.0000000000
26162 -413.0000000000
26242 -412.0000000000
26259 -411.0000000000
26302 -410.0000000000
26369 -409.0000000000
26406 -408.0000000000
26435 -407.0000000000
26515 -406.0000000000
26524 -405.0000000000
26601 -404.0000000000
26630 -403.0000000000
26638 -402.0000000000
26707 -400.0000000000
26947 -399.0000000000
26969 -398.0000000000
27042 -395.0000000000
27123 -394.0000000000
27173 -393.0000000000
27231 -392.0000000000
27343 -391.0000000000
27350 -390.0000000000
27371 -387.0000000000
27508 -386.0000000000
27574 -384.0000000000
27704 -382.0000000000
27766 -381.0000000000
27894 -380.0000000000
27911 -379.0000000000
27949 -378.0000000000
27954 -376.0000000000
28052 -373.0000000000
28154 -371.0000000000
28251 -370.0000000000
28287 -369.0000000000
28351 -368.0000000000
28355 -367.0000000000
28391 -365.0000000000
28405 -364.0000000000
28481 -362.0000000000
28524 -361.0000000000
28532 -360.0000000000
28585 -359.0000000000
28620 -358.0000000000
28639 -357.0000000000
28672 -355.0000000000
28732 -354.0000000000
28754 -353.0000000000
28777 -352.0000000000
28867 -350.0000000000
28903 -349.0000000000
28981 -346.0000000000
29104 -344.0000000000
29157 -340.0000000000
29351 -338.0000000000
29423 -336.0000000000
29484 -335.0000000000
29526 -334.0000000000
29591 -333.0000000000
29622 -332.0000000000
29661 -331.0000000000
29701 -329.0000000000
29826 -328.0000000000
29906 -327.0000000000
29953 -326.0000000000
29967 -324.0000000000
30142 -322.0000000000
30170 -320.0000000000
30263 -319.0000000000
30339 -318.0000000000
30430 -316.0000000000
30553 -315.0000000000
30563 -314.0000000000
30604 -313.0000000000
30635 -311.0000000000
30704 -307.0000000000
30857 -303.0000000000
30973 -301.0000000000
31075 -299.0000000000
31151 -298.0000000000
31201 -297.0000000000
31299 -296.0000000000
31325 -295.0000000000
31361 -294.0000000000
31448 -293.0000000000
31536 -290.0000000000
31650 -288.0000000000
31820 -287.0000000000
31821 -286.0000000000
31857 -284.0000000000
32040 -283.0000000000
32053 -282.0000000000
32072 -281.0000000000
32123 -280.0000000000
32174 -278.0000000000
32278 -275.0000000000
32397 -272.0000000000
32496 -271.0000000000
32498 -269.0000000000
32575 -268.0000000000
32602 -267.0000000000
32618 -266.0000000000
32679 -265.0000000000
32751 -264.0000000000
32755 -263.0000000000
32759 -262.0000000000
32974 -261.0000000000
33017 -259.0000000000
33073 -258.0000000000
33132 -257.0000000000
33164 -255.0000000000
33280 -254.0000000000
33363 -253.0000000000
33458 -251.0000000000
33524 -250.0000000000
33653 -249.0000000000
33707 -248.0000000000
33772 -246.0000000000
33882 -244.0000000000
34003 -243.0000000000
34083 -241.0000000000
34118 -240.0000000000
34230 -239.0000000000
34335 -237.0000000000
34405 -235.0000000000
34538 -233.0000000000
34559 -231.0000000000
34772 -230.0000000000
34816 -228.0000000000
34870 -227.0000000000
34878 -226.0000000000
34985 -225.0000000000
35058 -224.0000000000
35113 -222.0000000000
35143 -221.0000000000
35253 -219.0000000000
35260 -218.0000000000
35425 -217.0000000000
35458 -213.0000000000
35635 -212.0000000000
35704 -211.0000000000
35788 -210.0000000000
35846 -209.0000000000
35893 -208.0000000000
35921 -207.0000000000
36007 -206.0000000000
36106 -205.0000000000
36146 -203.0000000000
36216 -202.0000000000
36367 -201.0000000000
36373 -200.0000000000
36462 -198.0000000000
36653 -196.0000000000
36731 -195.0000000000
36779 -194.0000000000
36788 -193.0000000000
36882 -192.0000000000
36941 -191.0000000000
36945 -190.0000000000
37032 -189.0000000000
37108 -188.0000000000
37163 -187.0000000000
37173 -185.0000000000
37277 -184.0000000000
37292 -183.0000000000
37331 -182.0000000000
37421 -181.0000000000
37552 -179.0000000000
37730 -178.0000000000
37829 -177.0000000000
37867 -176.0000000000
37886 -175.0000000000
37892 -174.0000000000
37964 -173.0000000000
38041 -171.0000000000
38249 -170.0000000000
38338 -169.0000000000
38387 -168.0000000000
38505 -167.0000000000
38506 -165.0000000000
38737 -163.0000000000
38860 -162.0000000000
38891 -160.0000000000
38991 -159.0000000000
39071 -158.0000000000
39092 -157.0000000000
39161 -156.0000000000
39252 -154.0000000000
39365 -153.0000000000
39470 -149.0000000000
39776 -148.0000000000
39781 -146.0000000000
39927 -145.0000000000
39966 -144.0000000000
39988 -142.0000000000
40196 -141.0000000000
40213 -140.0000000000
40237 -139.0000000000
40380 -138.0000000000
40456 -137.0000000000
40559 -136.0000000000
40641 -135.0000000000
40666 -134.0000000000
40822 -133.0000000000
40925 -132.0000000000
41009 -130.0000000000
41293 -129.0000000000
41300 -128.0000000000
41463 -127.0000000000
41556 -126.0000000000
41709 -125.0000000000
41798 -124.0000000000
41850 -123.0000000000
41971 -122.0000000000
42089 -121.0000000000
42149 -120.0000000000
42202 -119.0000000000
42217 -118.0000000000
42367 -117.0000000000
42420 -116.0000000000
42494 -115.0000000000
42521 -114.0000000000
42606 -113.0000000000
42659 -112.0000000000
42717 -111.0000000000
42804 -110.0000000000
42873 -109.0000000000
43008 -108.0000000000
43150 -107.0000000000
43183 -106.0000000000
43213 -105.0000000000
43333 -104.0000000000
43355 -103.0000000000
43500 -102.0000000000
43566 -101.0000000000
43654 -100.0000000000
43719 -98.0000000000
43896 -97.0000000000
44059 -96.0000000000
44164 -95.0000000000
44224 -94.0000000000
44301 -93.0000000000
44435 -92.0000000000
44459 -91.0000000000
44562 -90.0000000000
44762 -89.0000000000
44904 -88.0000000000
44924 -87.0000000000
44980 -86.0000000000
45203 -85.0000000000
45309 -83.0000000000
45484 -82.0000000000
45507 -81.0000000000
45627 -80.0000000000
45629 -79.0000000000
45755 -78.0000000000
45795 -77.0000000000
45820 -76.0000000000
45951 -75.0000000000
46016 -74.0000000000
46068 -73.0000000000
46073 -72.0000000000
46190 -71.0000000000
46215 -68.0000000000
46315 -67.0000000000
46543 -66.0000000000
46677 -63.0000000000
46817 -62.0000000000
47017 -61.0000000000
47102 -60.0000000000
47113 -59.0000000000
47171 -57.0000000000
47484 -56.0000000000
47558 -55.0000000000
47745 -54.0000000000
47791 -53.0000000000
48098 -51.0000000000
48234 -50.0000000000
48289 -49.0000000000
48402 -48.0000000000
48511 -46.0000000000
48625 -45.0000000000
48684 -43.0000000000
48791 -42.0000000000
48956 -41.0000000000
49004 -40.0000000000
49110 -39.0000000000
49244 -38.0000000000
49304 -37.0000000000
49419 -36.0000000000
49630 -35.0000000000
49727 -34.0000000000
49949 -33.0000000000
49959 -32.0000000000
50124 -31.0000000000
50282 -30.0000000000
50309 -29.0000000000
50485 -28.0000000000
50608 -27.0000000000
50642 -26.0000000000
50801 -25.0000000000
50899 -24.0000000000
51026 -23.0000000000
51066 -22.0000000000
51192 -21.0000000000
51559 -20.0000000000
51594 -19.0000000000
52006 -18.0000000000
52263 -17.0000000000
52350 -16.0000000000
52705 -15.0000000000
53135 -14.0000000000
53309 -13.0000000000
53393 -12.0000000000
53511 -10.0000000000
53935 -9.0000000000
54074 -8.0000000000
54314 -7.0000000000
54510 -6.0000000000
54915 -5.0000000000
55403 -4.0000000000
55521 -3.0000000000
55781 -2.0000000000
55960 -1.0000000000
56179 145.0200000000
56180 149.3900000000
56215 155.7700000000
56250 160.4000000000
56465 162.5200000000
56485 162.8900000000
56524 176.6700000000
56619 178.4100000000
56687 178.5600000000
56834 275.3200000000
56892 289.5300000000
56971 294.1800000000
57007 313.8000000000
57310 318.3200000000
57327 397.7100000000
57355 451.1100000000
57432 456.3900000000
57962 460.6200000000
58087 469.7700000000
58270 563.4100000000
58304 581.3100000000
58367 596.6600000000
58678 599.3700000000
58881 599.4000000000
58884 599.9300000000
58910 601.1000000000
58929 608.7800000000
58976 624.1900000000
59778 625.5600000000
59975 635.3100000000
60195 636.4800000000
60287 642.7800000000
60304 654.8000000000
60527 661.8700000000
60785 667.1300000000
60923 674.4400000000
60962 684.7400000000
61398 690.5900000000
61747 691.0600000000
61817 696.3700000000
62050 697.1000000000
62313 706.4300000000
62348 712.0500000000
62453 714.3400000000
62595 729.3800000000
62708 734.7800000000
65162 766.9200000000
65204 793.2800000000
65305 797.4800000000
65480 803.9100000000
65518 847.2400000000
65658 847.4100000000
65671 853.1200000000
65785 862.6000000000
65882 866.7900000000
65914 868.5800000000
66043 870.5300000000
66048 871.4600000000
66126 876.5600000000
66154 891.0100000000
66999 891.0700000000
67340 891.7800000000
67761 894.9200000000
68381 895.7300000000
68846 901.6900000000
69095 908.3300000000
69341 910.5400000000
69947 918.5900000000
70009 920.2100000000
70603 927.7500000000
70747 935.3500000000
70882 940.2100000000
73005 943.7000000000
73021 948.8700000000
77229 949.3600000000
78195 952.9500000000
80502 955.3600000000
80686 955.7700000000
80700 956.2800000000
80727 959.1500000000
80774 962.5700000000
80848 962.6000000000
81174 967.7800000000
81712 969.1200000000
81923 970.5600000000
82278 980.4200000000
82789 982.5800000000
84029 985.3800000000
84765 985.7400000000
100000 818.8000000000
evaluations raw_y
1 -1972.0000000000
6 -1939.0000000000
43 -1929.0000000000
46 -1928.0000000000
59 -1923.0000000000
101 -1922.0000000000
111 -1916.0000000000
131 -1906.0000000000
178 -1880.0000000000
199 -1878.0000000000
221 -1853.0000000000
307 -1851.0000000000
311 -1844.0000000000
325 -1840.0000000000
351 -1830.0000000000
393 -1823.0000000000
420 -1797.0000000000
457 -1789.0000000000
503 -1769.0000000000
516 -1767.0000000000
561 -1760.0000000000
605 -1757.0000000000
606 -1726.0000000000
623 -1725.0000000000
652 -1724.0000000000
703 -1716.0000000000
710 -1705.0000000000
752 -1704.0000000000
754 -1700.0000000000
772 -1699.0000000000
789 -1682.0000000000
817 -1681.0000000000
860 -1675.0000000000
863 -1659.0000000000
909 -1655.0000000000
957 -1654.0000000000
963 -1652.0000000000
969 -1638.0000000000
1017 -1633.0000000000
1028 -1613.0000000000
1035 -1612.0000000000
1065 -1599.0000000000
1081 -1593.0000000000
1121 -1592.0000000000
1163 -1574.0000000000
1241 -1573.0000000000
1259 -1569.0000000000
1275 -1566.0000000000
1283 -1542.0000000000
1378 -1531.0000000000
1456 -1523.0000000000
1477 -1519.0000000000
1504 -1507.0000000000
1553 -1505.0000000000
1558 -1504.0000000000
1560 -1500.0000000000
1605 -1496.0000000000
1625 -1493.0000000000
1652 -1491.0000000000
1658 -1483.0000000000
1665 -1478.0000000000
1717 -1476.0000000000
1720 -1470.0000000000
1757 -1466.0000000000
1774 -1462.0000000000
1819 -1459.0000000000
1826 -1456.0000000000
1879 -1455.0000000000
1888 -1451.0000000000
1904 -1450.0000000000
1914 -1445.0000000000
1915 -1444.0000000000
1943 -1437.0000000000
1953 -1432.0000000000
2012 -1426.0000000000
2063 -1425.0000000000
2073 -1420.0000000000
2103 -1416.0000000000
2122 -1407.0000000000
2291 -1402.0000000000
2310 -1397.0000000000
2365 -1391.0000000000
2438 -1389.0000000000
2455 -1388.0000000000
2467 -1382.0000000000
2525 -1380.0000000000
2554 -1378.0000000000
2579 -1375.0000000000
2602 -1373.0000000000
2658 -1372.0000000000
2670 -1370.0000000000
2738 -1368.0000000000
2759 -1367.0000000000
2764 -1366.0000000000
2797 -1365.0000000000
2803 -1363.0000000000
2806 -1358.0000000000
2883 -1357.0000000000
2901 -1355.0000000000
2907 -1352.0000000000
2960 -1348.0000000000
3016 -1347.0000000000
3079 -1342.0000000000
3098 -1341.0000000000
3101 -1340.0000000000
3173 -1339.0000000000
3179 -1338.0000000000
3204 -1337.0000000000
3205 -1336.0000000000
3234 -1335.0000000000
3236 -1331.0000000000
3251 -1329.0000000000
3269 -1324.0000000000
3310 -1322.0000000000
3331 -1318.0000000000
3357 -1317.0000000000
3398 -1314.0000000000
3413 -1311.0000000000
3517 -1310.0000000000
3553 -1309.0000000000
3559 -1306.0000000000
3602 -1305.0000000000
3605 -1301.0000000000
3695 -1300.0000000000
3700 -1299.0000000000
3722 -1296.0000000000
3769 -1287.0000000000
3804 -1285.0000000000
3932 -1283.0000000000
3955 -1279.0000000000
4038 -1276.0000000000
4053 -1274.0000000000
4120 -1273.0000000000
4150 -1271.0000000000
4177 -1267.0000000000
4226 -1266.0000000000
4279 -1263.0000000000
4304 -1261.0000000000
4341 -1260.0000000000
4405 -1256.0000000000
4424 -1253.0000000000
4505 -1251.0000000000
4520 -1250.0000000000
4605 -1247.0000000000
4613 -1245.0000000000
4675 -1243.0000000000
4751 -1241.0000000000
4755 -1239.0000000000
4816 -1238.0000000000
4861 -1236.0000000000
4905 -1235.0000000000
4912 -1234.0000000000
4913 -1232.0000000000
4968 -1229.0000000000
4993 -1228.0000000000
5017 -1225.0000000000
5117 -1222.0000000000
5209 -1221.0000000000
5252 -1219.0000000000
5260 -1217.0000000000
5313 -1216.0000000000
5351 -1214.0000000000
5369 -1212.0000000000
5417 -1209.0000000000
5444 -1207.0000000000
5527 -1206.0000000000
5553 -1204.0000000000
5602 -1203.0000000000
5622 -1202.0000000000
5652 -1201.0000000000
5663 -1200.0000000000
5712 -1199.0000000000
5752 -1197.0000000000
5766 -1196.0000000000
5802 -1195.0000000000
5809 -1193.0000000000
5820 -1192.0000000000
5905 -1187.0000000000
5957 -1186.0000000000
5973 -1184.0000000000
6017 -1182.0000000000
6021 -1179.0000000000
6124 -1178.0000000000
6138 -1176.0000000000
6159 -1175.0000000000
6161 -1174.0000000000
6209 -1172.0000000000
6285 -1169.0000000000
6376 -1165.0000000000
6381 -1164.0000000000
6408 -1162.0000000000
6474 -1161.0000000000
6517 -1158.0000000000
6587 -1152.0000000000
6659 -1150.0000000000
6691 -1149.0000000000
6706 -1147.0000000000
6739 -1146.0000000000
6801 -1145.0000000000
6830 -1141.0000000000
6862 -1140.0000000000
6868 -1139.0000000000
6955 -1138.0000000000
6971 -1134.0000000000
7031 -1132.0000000000
7054 -1131.0000000000
7125 -1129.0000000000
7179 -1128.0000000000
7231 -1127.0000000000
7233 -1126.0000000000
7252 -1123.0000000000
7329 -1119.0000000000
7332 -1117.0000000000
7404 -1116.0000000000
7417 -1115.0000000000
7446 -1112.0000000000
7475 -1111.0000000000
7508 -1110.0000000000
7578 -1105.0000000000
7679 -1104.0000000000
7710 -1098.0000000000
7824 -1095.0000000000
7904 -1094.0000000000
7905 -1091.0000000000
8005 -1089.0000000000
8031 -1086.0000000000
8109 -1085.0000000000
8153 -1082.0000000000
8233 -1076.0000000000
8295 -1075.0000000000
8326 -1072.0000000000
8355 -1071.0000000000
8423 -1070.0000000000
8451 -1069.0000000000
8455 -1068.0000000000
8468 -1067.0000000000
8493 -1066.0000000000
8501 -1065.0000000000
8521 -1064.0000000000
8558 -1063.0000000000
8608 -1062.0000000000
8620 -1061.0000000000
8663 -1060.0000000000
8665 -1059.0000000000
8681 -1058.0000000000
8698 -1055.0000000000
8702 -1054.0000000000
8768 -1050.0000000000
8807 -1049.0000000000
8913 -1047.0000000000
8927 -1046.0000000000
8950 -1045.0000000000
9007 -1043.0000000000
9013 -1040.0000000000
9102 -1039.0000000000
9108 -1038.0000000000
9135 -1036.0000000000
9161 -1035.0000000000
9175 -1033.0000000000
9195 -1032.0000000000
9253 -1029.0000000000
9323 -1027.0000000000
9335 -1024.0000000000
9374 -1023.0000000000
9423 -1021.0000000000
9440 -1019.0000000000
9454 -1018.0000000000
9467 -1015.0000000000
9584 -1014.0000000000
9606 -1012.0000000000
9674 -1010.0000000000
9712 -1006.0000000000
9781 -1005.0000000000
9822 -1004.0000000000
9836 -1003.0000000000
9860 -999.0000000000
9949 -997.0000000000
9966 -996.0000000000
9969 -995.0000000000
10038 -994.0000000000
10061 -993.0000000000
10074 -992.0000000000
10087 -991.0000000000
10114 -989.0000000000
10164 -988.0000000000
10209 -985.0000000000
10272 -981.0000000000
10400 -979.0000000000
10404 -978.0000000000
10470 -977.0000000000
10501 -975.0000000000
10523 -972.0000000000
10601 -970.0000000000
10620 -969.0000000000
10662 -967.0000000000
10698 -966.0000000000
10709 -964.0000000000
10765 -960.0000000000
10853 -957.0000000000
10911 -956.0000000000
10952 -952.0000000000
10975 -951.0000000000
11054 -950.0000000000
11062 -946.0000000000
11142 -944.0000000000
11156 -941.0000000000
11202 -940.0000000000
11315 -939.0000000000
11321 -938.0000000000
11369 -934.0000000000
11405 -933.0000000000
11502 -932.0000000000
11508 -925.0000000000
11649 -924.0000000000
11686 -920.0000000000
11758 -918.0000000000
11798 -916.0000000000
11820 -914.0000000000
11895 -913.0000000000
11939 -912.0000000000
11951 -910.0000000000
11990 -909.0000000000
12041 -908.0000000000
12068 -907.0000000000
12086 -906.0000000000
12124 -903.0000000000
12156 -902.0000000000
12212 -901.0000000000
12261 -896.0000000000
12364 -895.0000000000
12416 -893.0000000000
12451 -890.0000000000
12529 -889.0000000000
12615 -888.0000000000
12636 -884.0000000000
12719 -883.0000000000
12736 -882.0000000000
12784 -880.0000000000
12833 -878.0000000000
12896 -877.0000000000
12928 -876.0000000000
12949 -874.0000000000
12983 -873.0000000000
12985 -869.0000000000
13105 -868.0000000000
13113 -867.0000000000
13150 -866.0000000000
13191 -863.0000000000
13236 -862.0000000000
13302 -861.0000000000
13326 -860.0000000000
13363 -859.0000000000
13368 -857.0000000000
13427 -853.0000000000
13512 -851.0000000000
13561 -850.0000000000
13607 -848.0000000000
13652 -847.0000000000
13702 -846.0000000000
13724 -844.0000000000
13763 -843.0000000000
13783 -840.0000000000
13795 -839.0000000000
13834 -837.0000000000
13868 -836.0000000000
13932 -835.0000000000
13962 -834.0000000000
13966 -831.0000000000
14061 -829.0000000000
14088 -827.0000000000
14141 -825.0000000000
14229 -821.0000000000
14270 -820.0000000000
14352 -819.0000000000
14373 -814.0000000000
14512 -813.0000000000
14567 -809.0000000000
14620 -808.0000000000
14632 -807.0000000000
14652 -806.0000000000
14665 -804.0000000000
14701 -800.0000000000
14796 -798.0000000000
14889 -795.0000000000
14902 -794.0000000000
14958 -793.0000000000
15020 -791.0000000000
15079 -789.0000000000
15171 -787.0000000000
15206 -786.0000000000
15263 -785.0000000000
15270 -783.0000000000
15319 -782.0000000000
15364 -781.0000000000
15367 -780.0000000000
15414 -775.0000000000
15480 -772.0000000000
15529 -770.0000000000
15630 -769.0000000000
15631 -765.0000000000
15838 -761.0000000000
15869 -760.0000000000
15942 -757.0000000000
16006 -756.0000000000
16019 -753.0000000000
16057 -752.0000000000
16153 -751.0000000000
16171 -749.0000000000
16231 -746.0000000000
16251 -742.0000000000
16362 -741.0000000000
16410 -739.0000000000
16465 -738.0000000000
16534 -736.0000000000
16608 -735.0000000000
16626 -734.0000000000
16678 -733.0000000000
16683 -731.0000000000
16744 -729.0000000000
16815 -727.0000000000
16854 -726.0000000000
16883 -725.0000000000
16902 -723.0000000000
17024 -721.0000000000
17074 -720.0000000000
17148 -716.0000000000
17260 -715.0000000000
17296 -712.0000000000
17360 -711.0000000000
17424 -710.0000000000
17502 -709.0000000000
17508 -707.0000000000
17510 -706.0000000000
17582 -705.0000000000
17602 -704.0000000000
17647 -703.0000000000
17660 -702.0000000000
17708 -701.0000000000
17715 -700.0000000000
17769 -697.0000000000
17860 -694.0000000000
17956 -691.0000000000
18007 -689.0000000000
18067 -685.0000000000
18141 -684.0000000000
18186 -683.0000000000
18224 -682.0000000000
18238 -681.0000000000
18267 -678.0000000000
18315 -677.0000000000
18404 -674.0000000000
18436 -671.0000000000
18506 -670.0000000000
18515 -669.0000000000
18608 -668.0000000000
18623 -665.0000000000
18683 -664.0000000000
18719 -663.0000000000
18740 -660.0000000000
18756 -659.0000000000
18821 -657.0000000000
18903 -655.0000000000
18995 -654.0000000000
19007 -653.0000000000
19084 -651.0000000000
19106 -650.0000000000
19128 -647.0000000000
19227 -646.0000000000
19264 -643.0000000000
19305 -642.0000000000
19381 -640.0000000000
19416 -638.0000000000
19458 -636.0000000000
19521 -635.0000000000
19534 -634.0000000000
19614 -629.0000000000
19804 -626.0000000000
19975 -624.0000000000
19980 -622.0000000000
20087 -621.0000000000
20126 -620.0000000000
20138 -613.0000000000
20339 -612.0000000000
20352 -611.0000000000
20391 -610.0000000000
20403 -609.0000000000
20451 -608.0000000000
20507 -605.0000000000
20579 -604.0000000000
20633 -602.0000000000
20639 -601.0000000000
20756 -599.0000000000
20809 -598.0000000000
20822 -597.0000000000
20825 -595.0000000000
20851 -594.0000000000
20894 -588.0000000000
21008 -587.0000000000
21050 -586.0000000000
21114 -584.0000000000
21140 -583.0000000000
21190 -582.0000000000
21192 -580.0000000000
21253 -579.0000000000
21272 -578.0000000000
21276 -577.0000000000
21342 -576.0000000000
21427 -575.0000000000
21432 -574.0000000000
21472 -573.0000000000
21569 -572.0000000000
21616 -570.0000000000
21628 -569.0000000000
21671 -568.0000000000
21686 -567.0000000000
21702 -565.0000000000
21777 -563.0000000000
21866 -562.0000000000
21892 -560.0000000000
22002 -559.0000000000
22003 -558.0000000000
22060 -554.0000000000
22123 -553.0000000000
22192 -551.0000000000
22252 -549.0000000000
22311 -546.0000000000
22361 -544.0000000000
22368 -541.0000000000
22518 -538.0000000000
22621 -537.0000000000
22670 -535.0000000000
22682 -534.0000000000
22730 -532.0000000000
22828 -530.0000000000
22860 -529.0000000000
22900 -528.0000000000
22930 -526.0000000000
23016 -525.0000000000
23058 -524.0000000000
23133 -523.0000000000
23157 -518.0000000000
23239 -516.0000000000
23301 -514.0000000000
23388 -511.0000000000
23410 -510.0000000000
23449 -508.0000000000
23532 -507.0000000000
23555 -505.0000000000
23682 -504.0000000000
23774 -502.0000000000
23833 -500.0000000000
23939 -497.0000000000
23975 -496.0000000000
24100 -495.0000000000
24131 -494.0000000000
24162 -491.0000000000
24204 -490.0000000000
24295 -489.0000000000
24326 -487.0000000000
24434 -486.0000000000
24502 -484.0000000000
24556 -482.0000000000
24651 -481.0000000000
24679 -480.0000000000
24726 -478.0000000000
24811 -477.0000000000
24848 -476.0000000000
24866 -474.0000000000
24924 -472.0000000000
24988 -470.0000000000
25101 -469.0000000000
25116 -465.0000000000
25222 -463.0000000000
25230 -462.0000000000
25270 -461.0000000000
25363 -458.0000000000
25453 -457.0000000000
25466 -455.0000000000
25550 -454.0000000000
25567 -453.0000000000
25633 -452.0000000000
25654 -450.0000000000
25739 -449.0000000000
25800 -448.0000000000
25850 -445.0000000000
25912 -442.0000000000
25978 -440.0000000000
26022 -439.0000000000
26044 -438.0000000000
26068 -437.0000000000
26102 -436.0000000000
26134 -435.0000000000
26140 -433.0000000000
26242 -432.0000000000
26252 -431.0000000000
26318 -430.0000000000
26354 -429.0000000000
26404 -426.0000000000
26481 -421.0000000000
26580 -419.0000000000
26708 -418.0000000000
26743 -414.0000000000
26873 -411.0000000000
26922 -410.0000000000
26971 -408.0000000000
27093 -407.0000000000
27166 -404.0000000000
27381 -403.0000000000
27385 -402.0000000000
27443 -400.0000000000
27503 -399.0000000000
27585 -397.0000000000
27682 -396.0000000000
27706 -395.0000000000
27834 -394.0000000000
27872 -393.0000000000
27914 -391.0000000000
27951 -389.0000000000
28103 -388.0000000000
28182 -386.0000000000
28310 -385.0000000000
28368 -384.0000000000
28417 -381.0000000000
28449 -380.0000000000
28554 -379.0000000000
28571 -377.0000000000
28574 -376.0000000000
28659 -375.0000000000
28678 -374.0000000000
28744 -373.0000000000
28812 -372.0000000000
28853 -371.0000000000
28874 -370.0000000000
28943 -369.0000000000
28953 -365.0000000000
29104 -363.0000000000
29201 -360.0000000000
29233 -358.0000000000
29331 -357.0000000000
29355 -356.0000000000
29378 -352.0000000000
29499 -350.0000000000
29609 -349.0000000000
29623 -348.0000000000
29654 -346.0000000000
29744 -345.0000000000
29761 -344.0000000000
29857 -343.0000000000
29929 -342.0000000000
29942 -341.0000000000
29960 -340.0000000000
29980 -339.0000000000
30002 -338.0000000000
30064 -337.0000000000
30118 -336.0000000000
30130 -335.0000000000
30272 -333.0000000000
30328 -332.0000000000
30351 -331.0000000000
30453 -330.0000000000
30501 -329.0000000000
30572 -328.0000000000
30614 -326.0000000000
30670 -325.0000000000
30716 -324.0000000000
30792 -323.0000000000
30853 -322.0000000000
30867 -321.0000000000
30903 -319.0000000000
30957 -316.0000000000
31056 -315.0000000000
31170 -313.0000000000
31305 -309.0000000000
31463 -308.0000000000
31499 -307.0000000000
31566 -306.0000000000
31602 -302.0000000000
31720 -299.0000000000
31819 -297.0000000000
31914 -293.0000000000
31972 -292.0000000000
32060 -291.0000000000
32116 -290.0000000000
32270 -286.0000000000
32363 -285.0000000000
32404 -282.0000000000
32497 -281.0000000000
32514 -279.0000000000
32599 -277.0000000000
32715 -275.0000000000
32722 -274.0000000000
32802 -273.0000000000
32858 -270.0000000000
32968 -269.0000000000
33047 -266.0000000000
33195 -265.0000000000
33208 -262.0000000000
33378 -261.0000000000
33399 -259.0000000000
33507 -257.0000000000
33572 -256.0000000000
33744 -255.0000000000
33755 -254.0000000000
33771 -253.0000000000
33852 -252.0000000000
33956 -251.0000000000
34005 -249.0000000000
34119 -248.0000000000
34166 -246.0000000000
34228 -244.0000000000
34390 -241.0000000000
34484 -240.0000000000
34555 -239.0000000000
34608 -235.0000000000
34690 -234.0000000000
34701 -233.0000000000
34853 -232.0000000000
34915 -231.0000000000
34920 -230.0000000000
34995 -229.0000000000
35104 -227.0000000000
35302 -226.0000000000
35351 -224.0000000000
35558 -220.0000000000
35815 -219.0000000000
35816 -216.0000000000
35964 -215.0000000000
36015 -214.0000000000
36060 -213.0000000000
36077 -212.0000000000
36166 -210.0000000000
36187 -209.0000000000
36202 -208.0000000000
36311 -206.0000000000
36436 -205.0000000000
36456 -204.0000000000
36472 -203.0000000000
36513 -201.0000000000
36603 -200.0000000000
36662 -199.0000000000
36717 -197.0000000000
36769 -196.0000000000
36820 -194.0000000000
36998 -193.0000000000
37005 -191.0000000000
37058 -189.0000000000
37185 -188.0000000000
37188 -187.0000000000
37208 -185.0000000000
37427 -183.0000000000
37582 -182.0000000000
37710 -181.0000000000
37758 -179.0000000000
37833 -178.0000000000
37863 -177.0000000000
37906 -174.0000000000
38081 -172.0000000000
38135 -171.0000000000
38270 -170.0000000000
38305 -168.0000000000
38406 -167.0000000000
38421 -166.0000000000
38528 -165.0000000000
38554 -163.0000000000
38658 -162.0000000000
38678 -157.0000000000
38922 -156.0000000000
39050 -155.0000000000
39068 -152.0000000000
39410 -151.0000000000
39428 -150.0000000000
39479 -149.0000000000
39560 -148.0000000000
39570 -147.0000000000
39614 -145.0000000000
39706 -144.0000000000
39836 -142.0000000000
39905 -140.0000000000
40105 -138.0000000000
40187 -137.0000000000
40193 -136.0000000000
40353 -135.0000000000
40390 -134.0000000000
40452 -133.0000000000
40555 -132.0000000000
40668 -131.0000000000
40670 -130.0000000000
40758 -129.0000000000
40842 -128.0000000000
40954 -127.0000000000
41071 -126.0000000000
41084 -125.0000000000
41090 -124.0000000000
41155 -123.0000000000
41216 -122.0000000000
41323 -121.0000000000
41360 -120.0000000000
41465 -119.0000000000
41672 -118.0000000000
41771 -117.0000000000
42026 -115.0000000000
42105 -114.0000000000
42177 -113.0000000000
42277 -112.0000000000
42321 -111.0000000000
42395 -108.0000000000
42513 -107.0000000000
42661 -105.0000000000
42776 -104.0000000000
42812 -103.0000000000
42843 -102.0000000000
42997 -101.0000000000
43088 -100.0000000000
43259 -99.0000000000
43304 -98.0000000000
43335 -97.0000000000
43342 -96.0000000000
43426 -95.0000000000
43491 -94.0000000000
43591 -93.0000000000
43654 -92.0000000000
43755 -91.0000000000
43804 -90.0000000000
43830 -89.0000000000
43910 -88.0000000000
44121 -87.0000000000
44315 -86.0000000000
44436 -85.0000000000
44475 -83.0000000000
44721 -82.0000000000
44776 -80.0000000000
44936 -79.0000000000
45158 -78.0000000000
45208 -77.0000000000
45233 -76.0000000000
45309 -75.0000000000
45418 -74.0000000000
45472 -73.0000000000
45568 -72.0000000000
45709 -70.0000000000
45903 -69.0000000000
45916 -68.0000000000
45948 -67.0000000000
46096 -66.0000000000
46104 -65.0000000000
46242 -64.0000000000
46275 -63.0000000000
46494 -62.0000000000
46571 -61.0000000000
46689 -60.0000000000
46718 -59.0000000000
46785 -58.0000000000
46959 -56.0000000000
47154 -54.0000000000
47329 -53.0000000000
47601 -52.0000000000
47673 -51.0000000000
47756 -50.0000000000
47833 -49.0000000000
47955 -48.0000000000
48139 -46.0000000000
48318 -44.0000000000
48562 -43.0000000000
48694 -42.0000000000
48782 -41.0000000000
48796 -40.0000000000
48875 -39.0000000000
49052 -38.0000000000
49207 -37.0000000000
49356 -36.0000000000
49604 -35.0000000000
49623 -34.0000000000
49631 -33.0000000000
49948 -32.0000000000
49953 -31.0000000000
50197 -30.0000000000
50278 -29.0000000000
50310 -28.0000000000
50507 -27.0000000000
51071 -26.0000000000
51401 -25.0000000000
51514 -24.0000000000
51533 -23.0000000000
51983 -22.0000000000
52260 -21.0000000000
52461 -20.0000000000
52585 -19.0000000000
53002 -18.0000000000
53313 -17.0000000000
53517 -16.0000000000
53669 -15.0000000000
53776 -12.0000000000
54080 -11.0000000000
54666 -10.0000000000
54901 -9.0000000000
55060 -8.0000000000
55410 -7.0000000000
55538 -6.0000000000
55779 -5.0000000000
55851 -3.0000000000
56492 -2.0000000000
57082 -1.0000000000
57168 180.9300000000
57397 182.9400000000
57433 184.8800000000
57456 210.7900000000
57801 214.8600000000
57922 215.8000000000
58225 221.0900000000
58515 230.7000000000
58733 235.0400000000
58970 240.7600000000
59001 243.1600000000
59093 249.2700000000
59106 249.6800000000
59217 256.5500000000
59241 261.0700000000
59368 265.0800000000
59457 268.8200000000
59501 300.5800000000
60067 329.0300000000
61027 333.9800000000
61187 336.9000000000
61197 351.9600000000
61379 360.3100000000
61475 371.2900000000
61868 378.7400000000
61884 381.2400000000
62036 385.3100000000
62112 392.2000000000
62273 411.1400000000
62822 429.8000000000
63034 453.3600000000
64159 456.4600000000
64307 459.4300000000
64473 473.9500000000
65244 554.8700000000
65269 567.4500000000
65423 571.3700000000
65432 593.0700000000
65966 594.5200000000
66158 688.2400000000
66552 691.7900000000
66558 697.5000000000
66658 707.0700000000
66757 714.8100000000
67125 719.8600000000
67235 725.6900000000
69428 727.3700000000
69658 749.7400000000
69708 775.6200000000
69829 781.6300000000
69938 792.2700000000
70035 801.3400000000
70121 807.1100000000
70403 835.0400000000
70428 839.6800000000
70488 856.7500000000
70530 871.8800000000
70576 882.8300000000
70580 885.0700000000
70662 886.5600000000
70691 895.3100000000
70714 898.4300000000
70789 906.6500000000
70796 916.3300000000
71365 919.6700000000
71432 930.3600000000
76154 932.0100000000
77870 933.3900000000
79297 938.4600000000
79669 951.6000000000
87466 955.3400000000
87814 961.2700000000
88078 965.5100000000
88567 966.4800000000
89362 969.1100000000
89787 975.1600000000
94760 981.0100000000
94877 983.5100000000
95575 988.0500000000
97862 989.7800000000
100000 933.2700000000
evaluations raw_y
1 -2025.0000000000
2 -2009.0000000000
7 -1991.0000000000
8 -1959.0000000000
24 -1938.0000000000
77 -1906.0000000000
136 -1903.0000000000
174 -1889.0000000000
221 -1862.0000000000
277 -1853.0000000000
303 -1841.0000000000
317 -1834.0000000000
355 -1785.0000000000
524 -1779.0000000000
530 -1773.0000000000
554 -1753.0000000000
574 -1747.0000000000
611 -1745.0000000000
617 -1743.0000000000
660 -1728.0000000000
728 -1716.0000000000
753 -1715.0000000000
754 -1713.0000000000
804 -1712.0000000000
813 -1703.0000000000
849 -1688.0000000000
853 -1686.0000000000
878 -1670.0000000000
931 -1661.0000000000
955 -1633.0000000000
1003 -1625.0000000000
1080 -1624.0000000000
1088 -1623.0000000000
1113 -1618.0000000000
1150 -1617.0000000000
1164 -1615.0000000000
1169 -1611.0000000000
1193 -1610.0000000000
1196 -1606.0000000000
1210 -1603.0000000000
1224 -1594.0000000000
1230 -1591.0000000000
1272 -1589.0000000000
1297 -1587.0000000000
1306 -1586.0000000000
1315 -1575.0000000000
1352 -1568.0000000000
1412 -1565.0000000000
1418 -1562.0000000000
1427 -1561.0000000000
1451 -1546.0000000000
1507 -1542.0000000000
1563 -1536.0000000000
1568 -1533.0000000000
1596 -1531.0000000000
1631 -1525.0000000000
1651 -1524.0000000000
1675 -1515.0000000000
1676 -1514.0000000000
1702 -1512.0000000000
1735 -1506.0000000000
1777 -1502.0000000000
1802 -1499.0000000000
1838 -1494.0000000000
1853 -1493.0000000000
1879 -1492.0000000000
1898 -1490.0000000000
1909 -1487.0000000000
1915 -1478.0000000000
1959 -1460.0000000000
2104 -1449.0000000000
2169 -1448.0000000000
2204 -1441.0000000000
2245 -1439.0000000000
2282 -1437.0000000000
2297 -1435.0000000000
2303 -1434.0000000000
2309 -1429.0000000000
2357 -1427.0000000000
2361 -1423.0000000000
2415 -1421.0000000000
2418 -1420.0000000000
2419 -1419.0000000000
2456 -1416.0000000000
2460 -1413.0000000000
2506 -1411.0000000000
2534 -1410.0000000000
2537 -1404.0000000000
2548 -1402.0000000000
2596 -1395.0000000000
2609 -1392.0000000000
2633 -1390.0000000000
2654 -1380.0000000000
2759 -1379.0000000000
2766 -1372.0000000000
2859 -1369.0000000000
2866 -1359.0000000000
3008 -1358.0000000000
3027 -1357.0000000000
3049 -1356.0000000000
3060 -1355.0000000000
3064 -1353.0000000000
3087 -1352.0000000000
3091 -1350.0000000000
3109 -1348.0000000000
3114 -1345.0000000000
3131 -1337.0000000000
3183 -1336.0000000000
3185 -1333.0000000000
3255 -1330.0000000000
3302 -1328.0000000000
3315 -1327.0000000000
3362 -1321.0000000000
3399 -1320.0000000000
3418 -1316.0000000000
3517 -1313.0000000000
3533 -1312.0000000000
3557 -1311.0000000000
3567 -1306.0000000000
3630 -1304.0000000000
3664 -1302.0000000000
3670 -1301.0000000000
3719 -1296.0000000000
3737 -1292.0000000000
3824 -1289.0000000000
3841 -1288.0000000000
3880 -1287.0000000000
3890 -1283.0000000000
3905 -1281.0000000000
3977 -1279.0000000000
3979 -1277.0000000000
3999 -1274.0000000000
4054 -1270.0000000000
4123 -1268.0000000000
4168 -1267.0000000000
4178 -1266.0000000000
4198 -1263.0000000000
4218 -1259.0000000000
4295 -1257.0000000000
4347 -1256.0000000000
4355 -1252.0000000000
4391 -1251.0000000000
4404 -1249.0000000000
4447 -1246.0000000000
4457 -1238.0000000000
4621 -1235.0000000000
4635 -1234.0000000000
4652 -1232.0000000000
4668 -1230.0000000000
4715 -1229.0000000000
4745 -1223.0000000000
4815 -1222.0000000000
4855 -1219.0000000000
4856 -1214.0000000000
5001 -1212.0000000000
5024 -1211.0000000000
5067 -1209.0000000000
5103 -1205.0000000000
5147 -1203.0000000000
5173 -1200.0000000000
5175 -1199.0000000000
5229 -1198.0000000000
5255 -1197.0000000000
5303 -1194.0000000000
5388 -1192.0000000000
5404 -1191.0000000000
5409 -1188.0000000000
5502 -1186.0000000000
5507 -1183.0000000000
5611 -1181.0000000000
5632 -1180.0000000000
5673 -1179.0000000000
5702 -1178.0000000000
5705 -1176.0000000000
5753 -1175.0000000000
5765 -1174.0000000000
5815 -1173.0000000000
5822 -1172.0000000000
5860 -1171.0000000000
5922 -1169.0000000000
5954 -1168.0000000000
5964 -1166.0000000000
5968 -1165.0000000000
6053 -1164.0000000000
6088 -1160.0000000000
6129 -1158.0000000000
6154 -1155.0000000000
6156 -1150.0000000000
6216 -1149.0000000000
6284 -1147.0000000000
6328 -1145.0000000000
6356 -1139.0000000000
6461 -1138.0000000000
6505 -1137.0000000000
6514 -1135.0000000000
6552 -1134.0000000000
6601 -1133.0000000000
6654 -1132.0000000000
6660 -1131.0000000000
6676 -1128.0000000000
6697 -1127.0000000000
6816 -1125.0000000000
6820 -1124.0000000000
6854 -1123.0000000000
6899 -1122.0000000000
6901 -1121.0000000000
6910 -1118.0000000000
7000 -1115.0000000000
7035 -1113.0000000000
7062 -1112.0000000000
7065 -1111.0000000000
7159 -1110.0000000000
7205 -1109.0000000000
7212 -1108.0000000000
7231 -1106.0000000000
7298 -1103.0000000000
7392 -1102.0000000000
7411 -1101.0000000000
7458 -1099.0000000000
7516 -1097.0000000000
7553 -1096.0000000000
7559 -1094.0000000000
7577 -1093.0000000000
7605 -1092.0000000000
7670 -1090.0000000000
7677 -1086.0000000000
7769 -1084.0000000000
7857 -1083.0000000000
7897 -1079.0000000000
7956 -1078.0000000000
7998 -1077.0000000000
8001 -1075.0000000000
8064 -1074.0000000000
8071 -1073.0000000000
8114 -1070.0000000000
8115 -1069.0000000000
8137 -1066.0000000000
8179 -1065.0000000000
8201 -1063.0000000000
8250 -1062.0000000000
8266 -1061.0000000000
8278 -1060.0000000000
8301 -1058.0000000000
8323 -1056.0000000000
8361 -1055.0000000000
8412 -1054.0000000000
8436 -1051.0000000000
8472 -1048.0000000000
8559 -1046.0000000000
8631 -1040.0000000000
8701 -1039.0000000000
8723 -1034.0000000000
8819 -1032.0000000000
8856 -1029.0000000000
8895 -1028.0000000000
8941 -1027.0000000000
8953 -1026.0000000000
8967 -1025.0000000000
8972 -1023.0000000000
9059 -1022.0000000000
9067 -1021.0000000000
9102 -1019.0000000000
9130 -1017.0000000000
9173 -1016.0000000000
9183 -1013.0000000000
9186 -1011.0000000000
9261 -1010.0000000000
9273 -1006.0000000000
9360 -1004.0000000000
9362 -1002.0000000000
9421 -1000.0000000000
9480 -999.0000000000
9493 -995.0000000000
9545 -994.0000000000
9572 -990.0000000000
9656 -988.0000000000
9671 -985.0000000000
9874 -984.0000000000
9884 -983.0000000000
9910 -981.0000000000
9952 -980.0000000000
9958 -973.0000000000
10060 -972.0000000000
10120 -966.0000000000
10174 -965.0000000000
10216 -963.0000000000
10289 -962.0000000000
10301 -955.0000000000
10373 -951.0000000000
10487 -950.0000000000
10564 -945.0000000000
10651 -943.0000000000
10726 -936.0000000000
10911 -935.0000000000
10922 -934.0000000000
10943 -933.0000000000
10955 -929.0000000000
11003 -928.0000000000
11129 -926.0000000000
11152 -924.0000000000
11243 -923.0000000000
11297 -922.0000000000
11310 -920.0000000000
11385 -919.0000000000
11436 -918.0000000000
11444 -917.0000000000
11454 -916.0000000000
11553 -915.0000000000
11593 -914.0000000000
11634 -913.0000000000
11649 -911.0000000000
11651 -910.0000000000
11670 -909.0000000000
11708 -908.0000000000
11719 -907.0000000000
11722 -906.0000000000
11760 -905.0000000000
11779 -904.0000000000
11781 -899.0000000000
11865 -896.0000000000
11984 -894.0000000000
12070 -893.0000000000
12077 -892.0000000000
12103 -890.0000000000
12120 -889.0000000000
12177 -888.0000000000
12202 -886.0000000000
12212 -884.0000000000
12251 -880.0000000000
12424 -879.0000000000
12456 -878.0000000000
12457 -877.0000000000
12552 -876.0000000000
12585 -875.0000000000
12603 -871.0000000000
12654 -869.0000000000
12794 -868.0000000000
12803 -866.0000000000
12873 -865.0000000000
12917 -863.0000000000
12970 -862.0000000000
13020 -861.0000000000
13052 -858.0000000000
13131 -855.0000000000
13208 -854.0000000000
13269 -853.0000000000
13296 -852.0000000000
13306 -849.0000000000
13319 -846.0000000000
13430 -844.0000000000
13475 -842.0000000000
13551 -841.0000000000
13569 -840.0000000000
13593 -838.0000000000
13690 -836.0000000000
13710 -835.0000000000
13714 -834.0000000000
13765 -833.0000000000
13779 -832.0000000000
13791 -830.0000000000
13811 -828.0000000000
13911 -827.0000000000
13941 -826.0000000000
13968 -825.0000000000
13983 -823.0000000000
14001 -820.0000000000
14072 -817.0000000000
14158 -814.0000000000
14186 -813.0000000000
14266 -812.0000000000
14287 -811.0000000000
14332 -808.0000000000
14429 -805.0000000000
14453 -804.0000000000
14503 -803.0000000000
14557 -801.0000000000
14569 -798.0000000000
14751 -797.0000000000
14757 -795.0000000000
14807 -794.0000000000
14828 -792.0000000000
14881 -788.0000000000
14913 -787.0000000000
14969 -786.0000000000
15024 -783.0000000000
15102 -782.0000000000
15145 -780.0000000000
15150 -779.0000000000
15180 -778.0000000000
15274 -774.0000000000
15311 -773.0000000000
15366 -772.0000000000
15417 -771.0000000000
15426 -769.0000000000
15475 -767.0000000000
15502 -765.0000000000
15522 -764.0000000000
15566 -760.0000000000
15618 -759.0000000000
15653 -757.0000000000
15734 -756.0000000000
15749 -750.0000000000
15928 -749.0000000000
15952 -748.0000000000
15988 -747.0000000000
16003 -746.0000000000
16017 -743.0000000000
16061 -740.0000000000
16101 -739.0000000000
16161 -738.0000000000
16215 -737.0000000000
16259 -734.0000000000
16318 -729.0000000000
16355 -728.0000000000
16422 -726.0000000000
16465 -722.0000000000
16656 -719.0000000000
16739 -717.0000000000
16750 -715.0000000000
16762 -714.0000000000
16862 -713.0000000000
16901 -712.0000000000
16907 -710.0000000000
16932 -709.0000000000
16956 -708.0000000000
17015 -705.0000000000
17080 -702.0000000000
17116 -701.0000000000
17161 -700.0000000000
17216 -699.0000000000
17241 -698.0000000000
17288 -697.0000000000
17302 -696.0000000000
17308 -694.0000000000
17349 -693.0000000000
17400 -692.0000000000
17404 -691.0000000000
17444 -690.0000000000
17457 -688.0000000000
17530 -686.0000000000
17594 -682.0000000000
17651 -681.0000000000
17716 -680.0000000000
17773 -678.0000000000
17806 -677.0000000000
17851 -676.0000000000
17942 -674.0000000000
17962 -673.0000000000
17994 -672.0000000000
18004 -671.0000000000
18043 -669.0000000000
18053 -668.0000000000
18061 -667.0000000000
18107 -665.0000000000
18118 -664.0000000000
18160 -663.0000000000
18189 -662.0000000000
18234 -661.0000000000
18307 -658.0000000000
18359 -655.0000000000
18388 -654.0000000000
18456 -651.0000000000
18530 -648.0000000000
18567 -645.0000000000
18652 -643.0000000000
18776 -642.0000000000
18778 -641.0000000000
18808 -640.0000000000
18906 -639.0000000000
18911 -638.0000000000
18942 -637.0000000000
18953 -636.0000000000
19028 -632.0000000000
19093 -631.0000000000
19112 -629.0000000000
19182 -628.0000000000
19195 -627.0000000000
19223 -622.0000000000
19292 -621.0000000000
19387 -619.0000000000
19423 -616.0000000000
19441 -614.0000000000
19485 -613.0000000000
19572 -612.0000000000
19608 -609.0000000000
19670 -608.0000000000
19751 -607.0000000000
19792 -606.0000000000
19800 -605.0000000000
19848 -603.0000000000
19936 -602.0000000000
19956 -601.0000000000
19968 -600.0000000000
20059 -598.0000000000
20114 -597.0000000000
20160 -596.0000000000
20161 -595.0000000000
20262 -594.0000000000
20298 -593.0000000000
20314 -592.0000000000
20357 -591.0000000000
20387 -588.0000000000
20458 -587.0000000000
20486 -585.0000000000
20520 -584.0000000000
20592 -582.0000000000
20670 -581.0000000000
20695 -580.0000000000
20701 -578.0000000000
20831 -577.0000000000
20906 -575.0000000000
20967 -571.0000000000
21133 -570.0000000000
21134 -569.0000000000
21200 -568.0000000000
21249 -567.0000000000
21266 -565.0000000000
21373 -564.0000000000
21412 -563.0000000000
21414 -562.0000000000
21435 -561.0000000000
21481 -559.0000000000
21552 -558.0000000000
21576 -555.0000000000
21671 -554.0000000000
21711 -553.0000000000
21757 -552.0000000000
21762 -551.0000000000
21862 -547.0000000000
22026 -546.0000000000
22060 -545.0000000000
22103 -544.0000000000
22114 -542.0000000000
22215 -540.0000000000
22289 -539.0000000000
22315 -535.0000000000
22425 -534.0000000000
22435 -532.0000000000
22478 -531.0000000000
22529 -530.0000000000
22547 -528.0000000000
22651 -525.0000000000
22775 -524.0000000000
22815 -522.0000000000
22853 -521.0000000000
22870 -520.0000000000
22971 -519.0000000000
23006 -518.0000000000
23011 -516.0000000000
23081 -515.0000000000
23103 -513.0000000000
23144 -512.0000000000
23179 -509.0000000000
23299 -507.0000000000
23353 -506.0000000000
23424 -504.0000000000
23457 -503.0000000000
23534 -502.0000000000
23608 -501.0000000000
23627 -498.0000000000
23705 -497.0000000000
23786 -493.0000000000
23852 -490.0000000000
23952 -489.0000000000
23994 -488.0000000000
24082 -487.0000000000
24092 -486.0000000000
24156 -484.0000000000
24206 -483.0000000000
24295 -481.0000000000
24363 -480.0000000000
24373 -479.0000000000
24410 -478.0000000000
24428 -476.0000000000
24473 -474.0000000000
24554 -471.0000000000
24659 -469.0000000000
24759 -466.0000000000
24815 -464.0000000000
24906 -463.0000000000
24912 -460.0000000000
24965 -459.0000000000
25082 -458.0000000000
25119 -454.0000000000
25261 -451.0000000000
25309 -450.0000000000
25350 -449.0000000000
25365 -447.0000000000
25425 -445.0000000000
25508 -444.0000000000
25590 -443.0000000000
25622 -442.0000000000
25634 -441.0000000000
25671 -439.0000000000
25733 -438.0000000000
25777 -436.0000000000
25802 -434.0000000000
25854 -433.0000000000
25938 -432.0000000000
25940 -431.0000000000
25945 -430.0000000000
25985 -429.0000000000
26094 -428.0000000000
26111 -427.0000000000
26134 -426.0000000000
26166 -423.0000000000
26377 -422.0000000000
26412 -419.0000000000
26497 -418.0000000000
26531 -417.0000000000
26601 -415.0000000000
26664 -414.0000000000
26747 -412.0000000000
26777 -411.0000000000
26816 -409.0000000000
26858 -408.0000000000
26962 -407.0000000000
26970 -406.0000000000
27057 -405.0000000000
27110 -402.0000000000
27193 -401.0000000000
27226 -400.0000000000
27288 -399.0000000000
27328 -398.0000000000
27391 -396.0000000000
27402 -395.0000000000
27505 -393.0000000000
27585 -392.0000000000
27608 -391.0000000000
27635 -389.0000000000
27683 -387.0000000000
27751 -385.0000000000
27779 -384.0000000000
27857 -382.0000000000
27906 -381.0000000000
27918 -379.0000000000
27959 -377.0000000000
28054 -376.0000000000
28078 -375.0000000000
28171 -374.0000000000
28190 -373.0000000000
28201 -371.0000000000
28271 -370.0000000000
28320 -369.0000000000
28354 -366.0000000000
28422 -365.0000000000
28508 -364.0000000000
28513 -363.0000000000
28553 -361.0000000000
28579 -360.0000000000
28611 -359.0000000000
28670 -358.0000000000
28677 -357.0000000000
28771 -356.0000000000
28803 -355.0000000000
28874 -354.0000000000
28930 -351.0000000000
28967 -350.0000000000
29006 -349.0000000000
29175 -348.0000000000
29177 -347.0000000000
29216 -344.0000000000
29305 -343.0000000000
29406 -342.0000000000
29431 -341.0000000000
29457 -339.0000000000
29509 -336.0000000000
29652 -335.0000000000
29695 -334.0000000000
29740 -332.0000000000
29840 -331.0000000000
29854 -328.0000000000
29870 -327.0000000000
30059 -326.0000000000
30104 -325.0000000000
30116 -324.0000000000
30168 -321.0000000000
30224 -320.0000000000
30267 -318.0000000000
30301 -316.0000000000
30459 -315.0000000000
30511 -313.0000000000
30573 -311.0000000000
30690 -310.0000000000
30775 -309.0000000000
30776 -308.0000000000
30867 -307.0000000000
30932 -306.0000000000
30966 -305.0000000000
30972 -303.0000000000
31189 -300.0000000000
31278 -298.0000000000
31402 -297.0000000000
31437 -296.0000000000
31522 -295.0000000000
31561 -294.0000000000
31593 -293.0000000000
31601 -292.0000000000
31727 -291.0000000000
31756 -289.0000000000
31822 -286.0000000000
31893 -285.0000000000
32018 -284.0000000000
32087 -283.0000000000
32109 -282.0000000000
32218 -281.0000000000
32271 -280.0000000000
32314 -279.0000000000
32385 -276.0000000000
32518 -275.0000000000
32558 -274.0000000000
32648 -271.0000000000
32740 -270.0000000000
32821 -269.0000000000
32858 -267.0000000000
33006 -264.0000000000
33165 -262.0000000000
33258 -261.0000000000
33354 -260.0000000000
33356 -259.0000000000
33448 -258.0000000000
33475 -257.0000000000
33553 -254.0000000000
33607 -252.0000000000
33686 -251.0000000000
33727 -249.0000000000
33835 -248.0000000000
33855 -247.0000000000
33915 -246.0000000000
33958 -245.0000000000
34065 -244.0000000000
34157 -243.0000000000
34166 -241.0000000000
34201 -240.0000000000
34225 -239.0000000000
34316 -238.0000000000
34474 -237.0000000000
34480 -236.0000000000
34506 -234.0000000000
34663 -233.0000000000
34730 -232.0000000000
34743 -229.0000000000
34805 -228.0000000000
34872 -227.0000000000
34904 -226.0000000000
34965 -225.0000000000
35021 -224.0000000000
35080 -223.0000000000
35090 -222.0000000000
35157 -221.0000000000
35213 -219.0000000000
35423 -218.0000000000
35523 -217.0000000000
35592 -214.0000000000
35737 -213.0000000000
35776 -211.0000000000
35805 -210.0000000000
35847 -209.0000000000
35875 -208.0000000000
35980 -206.0000000000
36051 -205.0000000000
36110 -203.0000000000
36278 -201.0000000000
36362 -200.0000000000
36451 -199.0000000000
36475 -197.0000000000
36536 -196.0000000000
36654 -194.0000000000
36725 -193.0000000000
36811 -191.0000000000
36829 -190.0000000000
36971 -188.0000000000
37008 -186.0000000000
37108 -185.0000000000
37117 -184.0000000000
37259 -183.0000000000
37307 -182.0000000000
37321 -180.0000000000
37397 -179.0000000000
37558 -178.0000000000
37584 -177.0000000000
37658 -176.0000000000
37756 -173.0000000000
37937 -172.0000000000
38070 -171.0000000000
38082 -170.0000000000
38111 -169.0000000000
38151 -168.0000000000
38154 -167.0000000000
38253 -166.0000000000
38368 -165.0000000000
38505 -164.0000000000
38565 -161.0000000000
38702 -160.0000000000
38774 -159.0000000000
38846 -158.0000000000
38855 -157.0000000000
38958 -156.0000000000
38968 -155.0000000000
38992 -154.0000000000
39061 -151.0000000000
39203 -149.0000000000
39383 -147.0000000000
39554 -143.0000000000
39680 -142.0000000000
39793 -141.0000000000
39957 -140.0000000000
40007 -137.0000000000
40128 -136.0000000000
40263 -135.0000000000
40286 -134.0000000000
40334 -133.0000000000
40370 -132.0000000000
40477 -131.0000000000
40553 -129.0000000000
40636 -127.0000000000
40723 -126.0000000000
40758 -125.0000000000
40863 -124.0000000000
40913 -122.0000000000
41008 -121.0000000000
41110 -119.0000000000
41197 -117.0000000000
41370 -116.0000000000
41488 -115.0000000000
41609 -114.0000000000
41720 -113.0000000000
41776 -112.0000000000
41839 -111.0000000000
41866 -110.0000000000
41908 -108.0000000000
42013 -107.0000000000
42242 -106.0000000000
42294 -105.0000000000
42377 -103.0000000000
42509 -102.0000000000
42588 -101.0000000000
42761 -100.0000000000
42854 -99.0000000000
42883 -97.0000000000
43021 -96.0000000000
43102 -95.0000000000
43206 -94.0000000000
43408 -93.0000000000
43516 -92.0000000000
43669 -91.0000000000
43705 -90.0000000000
43867 -88.0000000000
44037 -87.0000000000
44148 -84.0000000000
44312 -83.0000000000
44411 -82.0000000000
44512 -81.0000000000
44615 -79.0000000000
44724 -78.0000000000
44930 -76.0000000000
45084 -75.0000000000
45287 -74.0000000000
45437 -72.0000000000
45518 -71.0000000000
45724 -70.0000000000
45839 -69.0000000000
45933 -68.0000000000
46042 -67.0000000000
46097 -66.0000000000
46120 -65.0000000000
46163 -64.0000000000
46330 -61.0000000000
46495 -60.0000000000
46659 -59.0000000000
46756 -57.0000000000
47073 -56.0000000000
47168 -55.0000000000
47246 -54.0000000000
47362 -53.0000000000
47495 -52.0000000000
47618 -51.0000000000
47711 -50.0000000000
47790 -49.0000000000
47856 -48.0000000000
48010 -47.0000000000
48279 -46.0000000000
48338 -45.0000000000
48365 -44.0000000000
48533 -42.0000000000
48713 -41.0000000000
48850 -40.0000000000
48867 -39.0000000000
48963 -38.0000000000
49259 -37.0000000000
49436 -35.0000000000
49690 -34.0000000000
49914 -33.0000000000
49915 -32.0000000000
50072 -31.0000000000
50193 -30.0000000000
50350 -29.0000000000
50484 -28.0000000000
50670 -27.0000000000
50817 -26.0000000000
51089 -25.0000000000
51103 -24.0000000000
51289 -23.0000000000
51374 -21.0000000000
51414 -20.0000000000
51649 -19.0000000000
51667 -18.0000000000
51981 -16.0000000000
52007 -15.0000000000
52409 -14.0000000000
52624 -12.0000000000
52853 -11.0000000000
53082 -10.0000000000
53174 -9.0000000000
53386 -8.0000000000
53434 -7.0000000000
53708 -5.0000000000
53977 -3.0000000000
54415 -2.0000000000
54476 -1.0000000000
54639 155.8100000000
54705 163.0900000000
54735 166.9600000000
54858 167.3000000000
55056 178.5700000000
55177 181.7200000000
55202 187.0900000000
55281 196.0400000000
55376 209.2600000000
55568 213.6400000000
55683 214.8000000000
55812 223.6200000000
55955 228.2600000000
56135 241.4500000000
56508 245.3000000000
56729 246.8400000000
56783 247.6500000000
56863 253.3900000000
57040 336.8200000000
57100 361.8200000000
57108 371.4300000000
57190 373.6900000000
57641 377.3400000000
57658 378.7400000000
57843 378.8700000000
57994 383.5800000000
58035 386.4800000000
58222 393.9500000000
58229 405.4700000000
58334 410.1900000000
58366 419.3400000000
58435 419.7800000000
58470 438.9800000000
58920 446.1700000000
59804 450.4600000000
60172 452.0200000000
60279 524.7100000000
60320 539.9600000000
60355 557.1300000000
60674 557.6600000000
60773 563.5500000000
60827 566.4400000000
61083 570.7400000000
61233 581.0700000000
61733 581.5000000000
61915 645.7000000000
61972 652.0300000000
62060 691.7000000000
62155 766.9800000000
62164 782.4900000000
62242 788.0800000000
62337 791.1000000000
62348 797.1300000000
62361 798.7000000000
62379 800.9500000000
62396 816.6800000000
63183 820.5600000000
63362 821.9600000000
63443 825.8500000000
63542 831.5600000000
63605 832.0500000000
63611 834.5300000000
63621 881.2900000000
63653 888.1600000000
63805 897.8600000000
63881 899.8400000000
63969 900.7400000000
64022 913.6100000000
64060 915.9700000000
64224 923.1700000000
64309 924.6800000000
64462 933.8600000000
64537 937.0800000000
64595 939.6200000000
64911 944.7800000000
65301 944.8500000000
65922 948.0900000000
66450 948.4500000000
66453 955.9200000000
67123 955.9400000000
67578 956.1500000000
68398 968.7200000000
74280 972.7800000000
100000 832.7700000000
evaluations raw_y
1 -2050.0000000000
2 -1994.0000000000
3 -1972.0000000000
7 -1964.0000000000
12 -1927.0000000000
54 -1913.0000000000
106 -1888.0000000000
159 -1874.0000000000
178 -1850.0000000000
255 -1835.0000000000
295 -1824.0000000000
312 -1819.0000000000
315 -1816.0000000000
352 -1787.0000000000
423 -1775.0000000000
432 -1774.0000000000
529 -1753.0000000000
566 -1750.0000000000
579 -1741.0000000000
611 -1736.0000000000
647 -1732.0000000000
663 -1728.0000000000
674 -1727.0000000000
687 -1706.0000000000
702 -1700.0000000000
758 -1699.0000000000
777 -1698.0000000000
795 -1683.0000000000
826 -1674.0000000000
836 -1668.0000000000
892 -1666.0000000000
898 -1663.0000000000
904 -1658.0000000000
907 -1650.0000000000
932 -1631.0000000000
1011 -1628.0000000000
1014 -1624.0000000000
1019 -1595.0000000000
1116 -1594.0000000000
1152 -1593.0000000000
1154 -1591.0000000000
1167 -1587.0000000000
1169 -1582.0000000000
1172 -1569.0000000000
1249 -1566.0000000000
1258 -1558.0000000000
1279 -1552.0000000000
1332 -1550.0000000000
1350 -1549.0000000000
1353 -1545.0000000000
1366 -1543.0000000000
1376 -1541.0000000000
1396 -1536.0000000000
1401 -1535.0000000000
1417 -1525.0000000000
1458 -1522.0000000000
1469 -1517.0000000000
1508 -1513.0000000000
1517 -1505.0000000000
1588 -1503.0000000000
1608 -1502.0000000000
1615 -1498.0000000000
1623 -1489.0000000000
1708 -1480.0000000000
1712 -1477.0000000000
1761 -1476.0000000000
1789 -1471.0000000000
1805 -1456.0000000000
1892 -1454.0000000000
1911 -1451.0000000000
1952 -1450.0000000000
1956 -1447.0000000000
1985 -1444.0000000000
1990 -1442.0000000000
2013 -1433.0000000000
2054 -1421.0000000000
2106 -1414.0000000000
2193 -1412.0000000000
2207 -1408.0000000000
2266 -1401.0000000000
2286 -1397.0000000000
2292 -1396.0000000000
2302 -1394.0000000000
2345 -1376.0000000000
2504 -1375.0000000000
2508 -1370.0000000000
2555 -1360.0000000000
2626 -1356.0000000000
2641 -1354.0000000000
2732 -1345.0000000000
2826 -1344.0000000000
2840 -1338.0000000000
2859 -1337.0000000000
2901 -1335.0000000000
2922 -1333.0000000000
2956 -1326.0000000000
2983 -1325.0000000000
2991 -1324.0000000000
3051 -1317.0000000000
3052 -1314.0000000000
3150 -1311.0000000000
3175 -1310.0000000000
3199 -1307.0000000000
3218 -1303.0000000000
3278 -1302.0000000000
3327 -1299.0000000000
3342 -1295.0000000000
3361 -1293.0000000000
3414 -1292.0000000000
3430 -1289.0000000000
3480 -1288.0000000000
3494 -1287.0000000000
3523 -1283.0000000000
3561 -1282.0000000000
3605 -1281.0000000000
3612 -1274.0000000000
3679 -1273.0000000000
3743 -1269.0000000000
3780 -1267.0000000000
3787 -1264.0000000000
3868 -1263.0000000000
3870 -1261.0000000000
3903 -1258.0000000000
3924 -1257.0000000000
4015 -1256.0000000000
4060 -1250.0000000000
4175 -1249.0000000000
4190 -1246.0000000000
4214 -1244.0000000000
4233 -1242.0000000000
4268 -1238.0000000000
4310 -1237.0000000000
4311 -1236.0000000000
4402 -1233.0000000000
4447 -1229.0000000000
4505 -1222.0000000000
4652 -1221.0000000000
4679 -1219.0000000000
4680 -1217.0000000000
4724 -1216.0000000000
4733 -1215.0000000000
4756 -1211.0000000000
4834 -1208.0000000000
4888 -1207.0000000000
4941 -1206.0000000000
4973 -1205.0000000000
5014 -1204.0000000000
5037 -1200.0000000000
5046 -1199.0000000000
5101 -1198.0000000000
5152 -1197.0000000000
5164 -1195.0000000000
5201 -1192.0000000000
5251 -1190.0000000000
5272 -1188.0000000000
5306 -1187.0000000000
5402 -1185.0000000000
5416 -1184.0000000000
5449 -1181.0000000000
5486 -1179.0000000000
5514 -1178.0000000000
5556 -1177.0000000000
5568 -1176.0000000000
5586 -1175.0000000000
5603 -1171.0000000000
5678 -1170.0000000000
5692 -1164.0000000000
5801 -1162.0000000000
5868 -1161.0000000000
5903 -1158.0000000000
5949 -1156.0000000000
5952 -1154.0000000000
6048 -1152.0000000000
6060 -1151.0000000000
6110 -1150.0000000000
6122 -1148.0000000000
6128 -1146.0000000000
6160 -1144.0000000000
6190 -1143.0000000000
6232 -1142.0000000000
6239 -1140.0000000000
6324 -1138.0000000000
6333 -1137.0000000000
6369 -1136.0000000000
6414 -1132.0000000000
6447 -1130.0000000000
6543 -1129.0000000000
6546 -1128.0000000000
6591 -1126.0000000000
6652 -1124.0000000000
6659 -1122.0000000000
6751 -1117.0000000000
6792 -1116.0000000000
6845 -1115.0000000000
6857 -1113.0000000000
6881 -1111.0000000000
6954 -1108.0000000000
6957 -1107.0000000000
7029 -1106.0000000000
7044 -1103.0000000000
7101 -1102.0000000000
7161 -1101.0000000000
7188 -1099.0000000000
7243 -1098.0000000000
7258 -1097.0000000000
7315 -1095.0000000000
7337 -1094.0000000000
7387 -1093.0000000000
7451 -1092.0000000000
7506 -1091.0000000000
7519 -1088.0000000000
7526 -1087.0000000000
7532 -1086.0000000000
7555 -1085.0000000000
7614 -1084.0000000000
7629 -1081.0000000000
7709 -1080.0000000000
7757 -1079.0000000000
7768 -1078.0000000000
7807 -1075.0000000000
7900 -1074.0000000000
7922 -1073.0000000000
7961 -1071.0000000000
7966 -1069.0000000000
8035 -1066.0000000000
8079 -1064.0000000000
8084 -1063.0000000000
8145 -1058.0000000000
8169 -1056.0000000000
8218 -1055.0000000000
8332 -1054.0000000000
8352 -1052.0000000000
8364 -1051.0000000000
8378 -1050.0000000000
8407 -1049.0000000000
8413 -1046.0000000000
8466 -1045.0000000000
8563 -1044.0000000000
8588 -1042.0000000000
8596 -1041.0000000000
8606 -1040.0000000000
8611 -1035.0000000000
8767 -1033.0000000000
8820 -1030.0000000000
8832 -1029.0000000000
8878 -1028.0000000000
8916 -1027.0000000000
8951 -1025.0000000000
9012 -1019.0000000000
9110 -1016.0000000000
9181 -1013.0000000000
9246 -1012.0000000000
9319 -1011.0000000000
9350 -1009.0000000000
9356 -1008.0000000000
9418 -1007.0000000000
9451 -1004.0000000000
9505 -1003.0000000000
9507 -1001.0000000000
9587 -1000.0000000000
9604 -996.0000000000
9671 -994.0000000000
9693 -993.0000000000
9727 -992.0000000000
9777 -991.0000000000
9804 -990.0000000000
9833 -988.0000000000
9857 -986.0000000000
9892 -983.0000000000
9975 -982.0000000000
9982 -981.0000000000
10003 -979.0000000000
10025 -978.0000000000
10054 -977.0000000000
10074 -976.0000000000
10091 -975.0000000000
10107 -973.0000000000
10116 -971.0000000000
10156 -969.0000000000
10166 -967.0000000000
10217 -966.0000000000
10261 -964.0000000000
10302 -962.0000000000
10355 -961.0000000000
10413 -960.0000000000
10425 -959.0000000000
10440 -956.0000000000
10522 -953.0000000000
10561 -948.0000000000
10684 -946.0000000000
10714 -944.0000000000
10724 -943.0000000000
10730 -941.0000000000
10751 -940.0000000000
10808 -938.0000000000
10814 -937.0000000000
10861 -935.0000000000
10890 -932.0000000000
10950 -929.0000000000
11007 -927.0000000000
11021 -924.0000000000
11104 -922.0000000000
11181 -920.0000000000
11188 -918.0000000000
11265 -917.0000000000
11300 -916.0000000000
11303 -913.0000000000
11360 -909.0000000000
11468 -908.0000000000
11505 -907.0000000000
11520 -904.0000000000
11558 -902.0000000000
11601 -900.0000000000
11679 -897.0000000000
11739 -896.0000000000
11774 -895.0000000000
11817 -892.0000000000
11866 -891.0000000000
11905 -890.0000000000
11914 -888.0000000000
11983 -885.0000000000
12052 -884.0000000000
12092 -881.0000000000
12152 -879.0000000000
12213 -878.0000000000
12216 -877.0000000000
12251 -874.0000000000
12256 -873.0000000000
12311 -872.0000000000
12409 -869.0000000000
12471 -865.0000000000
12581 -863.0000000000
12583 -862.0000000000
12624 -860.0000000000
12666 -858.0000000000
12722 -857.0000000000
12751 -854.0000000000
12803 -852.0000000000
12850 -849.0000000000
12864 -848.0000000000
12911 -847.0000000000
12976 -845.0000000000
13000 -844.0000000000
13007 -842.0000000000
13058 -837.0000000000
13179 -836.0000000000
13208 -834.0000000000
13262 -832.0000000000
13341 -828.0000000000
13360 -825.0000000000
13514 -824.0000000000
13551 -823.0000000000
13608 -821.0000000000
13629 -820.0000000000
13656 -819.0000000000
13676 -818.0000000000
13705 -816.0000000000
13781 -814.0000000000
13859 -812.0000000000
13918 -811.0000000000
13941 -810.0000000000
13961 -809.0000000000
13972 -808.0000000000
14051 -807.0000000000
14055 -806.0000000000
14067 -802.0000000000
14151 -798.0000000000
14246 -797.0000000000
14330 -793.0000000000
14376 -792.0000000000
14415 -791.0000000000
14463 -788.0000000000
14584 -787.0000000000
14608 -785.0000000000
14611 -784.0000000000
14651 -783.0000000000
14669 -780.0000000000
14707 -778.0000000000
14714 -774.0000000000
14920 -773.0000000000
14930 -771.0000000000
14957 -768.0000000000
15051 -766.0000000000
15101 -763.0000000000
15201 -762.0000000000
15223 -761.0000000000
15262 -760.0000000000
15337 -755.0000000000
15413 -754.0000000000
15492 -753.0000000000
15503 -752.0000000000
15511 -751.0000000000
15570 -750.0000000000
15590 -743.0000000000
15688 -742.0000000000
15790 -741.0000000000
15815 -737.0000000000
15868 -736.0000000000
15917 -734.0000000000
15973 -733.0000000000
15986 -731.0000000000
15999 -730.0000000000
16060 -728.0000000000
16096 -727.0000000000
16146 -726.0000000000
16166 -725.0000000000
16233 -724.0000000000
16267 -722.0000000000
16268 -718.0000000000
16433 -717.0000000000
16451 -716.0000000000
16520 -715.0000000000
16544 -713.0000000000
16563 -712.0000000000
16605 -711.0000000000
16623 -710.0000000000
16657 -708.0000000000
16763 -707.0000000000
16800 -705.0000000000
16816 -704.0000000000
16872 -703.0000000000
16880 -702.0000000000
16960 -699.0000000000
17080 -696.0000000000
17172 -695.0000000000
17204 -694.0000000000
17239 -693.0000000000
17256 -692.0000000000
17269 -691.0000000000
17305 -690.0000000000
17370 -688.0000000000
17444 -687.0000000000
17466 -686.0000000000
17498 -682.0000000000
17577 -680.0000000000
17607 -679.0000000000
17685 -678.0000000000
17709 -675.0000000000
17770 -674.0000000000
17778 -672.0000000000
17851 -670.0000000000
17888 -669.0000000000
17931 -668.0000000000
17946 -667.0000000000
17992 -666.0000000000
17994 -665.0000000000
18002 -662.0000000000
18139 -661.0000000000
18160 -660.0000000000
18169 -659.0000000000
18183 -655.0000000000
18285 -653.0000000000
18375 -651.0000000000
18414 -648.0000000000
18438 -647.0000000000
18473 -646.0000000000
18509 -643.0000000000
18570 -642.0000000000
18587 -641.0000000000
18617 -640.0000000000
18653 -637.0000000000
18712 -635.0000000000
18797 -634.0000000000
18842 -633.0000000000
18893 -632.0000000000
18907 -631.0000000000
18920 -630.0000000000
18943 -627.0000000000
19007 -625.0000000000
19011 -624.0000000000
19055 -621.0000000000
19154 -619.0000000000
19211 -617.0000000000
19314 -616.0000000000
19348 -615.0000000000
19390 -613.0000000000
19432 -612.0000000000
19447 -610.0000000000
19550 -606.0000000000
19640 -605.0000000000
19671 -604.0000000000
19727 -603.0000000000
19746 -602.0000000000
19753 -601.0000000000
19762 -600.0000000000
19855 -598.0000000000
19860 -597.0000000000
19873 -596.0000000000
19973 -595.0000000000
20019 -591.0000000000
20066 -590.0000000000
20108 -587.0000000000
20226 -586.0000000000
20297 -584.0000000000
20321 -583.0000000000
20401 -582.0000000000
20410 -581.0000000000
20453 -578.0000000000
20505 -577.0000000000
20601 -575.0000000000
20611 -574.0000000000
20635 -573.0000000000
20642 -572.0000000000
20656 -570.0000000000
20745 -568.0000000000
20818 -565.0000000000
20898 -564.0000000000
21013 -563.0000000000
21049 -562.0000000000
21077 -561.0000000000
21102 -560.0000000000
21152 -558.0000000000
21220 -557.0000000000
21263 -556.0000000000
21265 -554.0000000000
21304 -553.0000000000
21305 -549.0000000000
21423 -548.0000000000
21442 -547.0000000000
21542 -546.0000000000
21558 -543.0000000000
21604 -542.0000000000
21709 -539.0000000000
21727 -538.0000000000
21755 -537.0000000000
21819 -535.0000000000
21893 -533.0000000000
21940 -530.0000000000
22014 -529.0000000000
22043 -528.0000000000
22086 -527.0000000000
22150 -526.0000000000
22185 -525.0000000000
22215 -524.0000000000
22216 -523.0000000000
22302 -521.0000000000
22361 -520.0000000000
22372 -518.0000000000
22400 -517.0000000000
22537 -515.0000000000
22564 -513.0000000000
22643 -511.0000000000
22678 -510.0000000000
22682 -508.0000000000
22742 -505.0000000000
22819 -504.0000000000
22867 -501.0000000000
23005 -500.0000000000
23014 -499.0000000000
23056 -496.0000000000
23172 -492.0000000000
23248 -490.0000000000
23294 -486.0000000000
23404 -485.0000000000
23452 -484.0000000000
23456 -482.0000000000
23572 -479.0000000000
23717 -475.0000000000
23843 -474.0000000000
23873 -473.0000000000
23940 -471.0000000000
23978 -469.0000000000
24016 -467.0000000000
24140 -465.0000000000
24152 -464.0000000000
24203 -463.0000000000
24238 -462.0000000000
24299 -461.0000000000
24373 -459.0000000000
24421 -457.0000000000
24491 -456.0000000000
24524 -453.0000000000
24603 -452.0000000000
24727 -451.0000000000
24770 -449.0000000000
24797 -448.0000000000
24864 -447.0000000000
24921 -446.0000000000
24992 -445.0000000000
25015 -442.0000000000
25107 -441.0000000000
25157 -439.0000000000
25216 -438.0000000000
25261 -437.0000000000
25309 -436.0000000000
25345 -433.0000000000
25387 -432.0000000000
25412 -430.0000000000
25574 -429.0000000000
25594 -428.0000000000
25605 -425.0000000000
25658 -423.0000000000
25758 -421.0000000000
25811 -420.0000000000
25873 -419.0000000000
25905 -417.0000000000
25939 -415.0000000000
25952 -413.0000000000
26029 -412.0000000000
26152 -411.0000000000
26201 -409.0000000000
26328 -408.0000000000
26367 -407.0000000000
26388 -406.0000000000
26394 -405.0000000000
26401 -404.0000000000
26519 -403.0000000000
26536 -402.0000000000
26568 -399.0000000000
26718 -398.0000000000
26781 -396.0000000000
26836 -395.0000000000
26877 -394.0000000000
26902 -392.0000000000
26974 -390.0000000000
27045 -389.0000000000
27117 -388.0000000000
27156 -386.0000000000
27211 -382.0000000000
27315 -381.0000000000
27444 -379.0000000000
27532 -378.0000000000
27540 -377.0000000000
27706 -376.0000000000
27761 -375.0000000000
27801 -372.0000000000
27911 -371.0000000000
27980 -370.0000000000
28014 -368.0000000000
28102 -367.0000000000
28129 -363.0000000000
28313 -360.0000000000
28419 -359.0000000000
28497 -358.0000000000
28505 -357.0000000000
28585 -356.0000000000
28612 -355.0000000000
28651 -354.0000000000
28661 -353.0000000000
28702 -352.0000000000
28720 -350.0000000000
28801 -348.0000000000
28908 -346.0000000000
28933 -345.0000000000
28983 -344.0000000000
29099 -343.0000000000
29137 -340.0000000000
29284 -339.0000000000
29336 -338.0000000000
29339 -337.0000000000
29425 -334.0000000000
29587 -332.0000000000
29644 -328.0000000000
29817 -327.0000000000
29903 -325.0000000000
29992 -323.0000000000
30007 -322.0000000000
30030 -321.0000000000
30164 -320.0000000000
30178 -319.0000000000
30223 -317.0000000000
30334 -316.0000000000
30355 -314.0000000000
30488 -313.0000000000
30573 -312.0000000000
30617 -310.0000000000
30643 -308.0000000000
30730 -307.0000000000
30816 -304.0000000000
31004 -299.0000000000
31116 -297.0000000000
31280 -295.0000000000
31314 -294.0000000000
31389 -292.0000000000
31493 -290.0000000000
31589 -289.0000000000
31608 -288.0000000000
31709 -286.0000000000
31801 -285.0000000000
31807 -283.0000000000
31943 -282.0000000000
31961 -281.0000000000
32017 -280.0000000000
32083 -278.0000000000
32170 -276.0000000000
32212 -272.0000000000
32455 -270.0000000000
32524 -269.0000000000
32554 -267.0000000000
32603 -266.0000000000
32659 -265.0000000000
32805 -264.0000000000
32866 -263.0000000000
32894 -262.0000000000
32901 -260.0000000000
33028 -258.0000000000
33065 -257.0000000000
33165 -256.0000000000
33225 -253.0000000000
33272 -252.0000000000
33345 -251.0000000000
33399 -250.0000000000
33408 -248.0000000000
33485 -247.0000000000
33586 -246.0000000000
33659 -242.0000000000
33779 -241.0000000000
33880 -240.0000000000
33921 -239.0000000000
33958 -238.0000000000
33960 -235.0000000000
34056 -234.0000000000
34129 -232.0000000000
34275 -231.0000000000
34378 -230.0000000000
34417 -225.0000000000
34540 -222.0000000000
34704 -221.0000000000
34731 -220.0000000000
34776 -219.0000000000
34819 -218.0000000000
34829 -217.0000000000
34927 -216.0000000000
34955 -215.0000000000
35036 -214.0000000000
35136 -213.0000000000
35178 -211.0000000000
35219 -210.0000000000
35426 -209.0000000000
35532 -208.0000000000
35622 -207.0000000000
35679 -205.0000000000
35718 -204.0000000000
35806 -201.0000000000
35891 -200.0000000000
36061 -199.0000000000
36113 -196.0000000000
36203 -195.0000000000
36312 -194.0000000000
36357 -193.0000000000
36402 -190.0000000000
36460 -187.0000000000
36658 -185.0000000000
36716 -184.0000000000
36856 -182.0000000000
36999 -181.0000000000
37082 -180.0000000000
37083 -179.0000000000
37124 -178.0000000000
37221 -177.0000000000
37287 -176.0000000000
37305 -175.0000000000
37352 -174.0000000000
37478 -173.0000000000
37572 -172.0000000000
37630 -171.0000000000
37631 -169.0000000000
37833 -168.0000000000
37902 -167.0000000000
37961 -165.0000000000
38088 -164.0000000000
38153 -163.0000000000
38205 -162.0000000000
38281 -161.0000000000
38377 -159.0000000000
38459 -157.0000000000
38534 -155.0000000000
38703 -153.0000000000
38786 -152.0000000000
38850 -151.0000000000
38911 -149.0000000000
39076 -148.0000000000
39203 -147.0000000000
39259 -145.0000000000
39307 -144.0000000000
39407 -143.0000000000
39554 -141.0000000000
39655 -140.0000000000
39689 -139.0000000000
39766 -137.0000000000
39922 -136.0000000000
40010 -134.0000000000
40153 -133.0000000000
40223 -132.0000000000
40278 -131.0000000000
40316 -130.0000000000
40395 -129.0000000000
40439 -128.0000000000
40457 -127.0000000000
40650 -126.0000000000
40792 -125.0000000000
40800 -124.0000000000
40852 -123.0000000000
40984 -122.0000000000
41173 -121.0000000000
41269 -120.0000000000
41350 -119.0000000000
41526 -118.0000000000
41612 -117.0000000000
41746 -116.0000000000
41749 -115.0000000000
41901 -114.0000000000
41927 -113.0000000000
41996 -112.0000000000
42166 -111.0000000000
42299 -109.0000000000
42413 -108.0000000000
42558 -107.0000000000
42578 -106.0000000000
42701 -105.0000000000
42880 -104.0000000000
42911 -103.0000000000
42917 -102.0000000000
43062 -101.0000000000
43133 -99.0000000000
43305 -98.0000000000
43362 -97.0000000000
43454 -95.0000000000
43546 -93.0000000000
43722 -92.0000000000
43766 -91.0000000000
43836 -89.0000000000
43903 -88.0000000000
43966 -87.0000000000
44052 -86.0000000000
44059 -85.0000000000
44201 -83.0000000000
44256 -82.0000000000
44518 -80.0000000000
44590 -79.0000000000
44774 -78.0000000000
44807 -76.0000000000
44852 -75.0000000000
45046 -74.0000000000
45290 -73.0000000000
45336 -72.0000000000
45418 -71.0000000000
45547 -70.0000000000
45663 -69.0000000000
45844 -68.0000000000
46061 -66.0000000000
46323 -65.0000000000
46363 -64.0000000000
46448 -63.0000000000
46615 -61.0000000000
46852 -60.0000000000
47096 -59.0000000000
47172 -58.0000000000
47274 -56.0000000000
47458 -55.0000000000
47634 -54.0000000000
47851 -52.0000000000
47929 -49.0000000000
48222 -47.0000000000
48313 -46.0000000000
48594 -45.0000000000
49023 -44.0000000000
49288 -43.0000000000
49599 -42.0000000000
49744 -41.0000000000
49769 -39.0000000000
50209 -38.0000000000
50332 -36.0000000000
50627 -35.0000000000
50803 -34.0000000000
50883 -33.0000000000
51042 -32.0000000000
51105 -31.0000000000
51169 -30.0000000000
51258 -29.0000000000
51424 -27.0000000000
51660 -26.0000000000
51817 -24.0000000000
52231 -23.0000000000
52256 -22.0000000000
52607 -21.0000000000
52962 -20.0000000000
53129 -19.0000000000
53348 -18.0000000000
53662 -17.0000000000
53829 -16.0000000000
53915 -15.0000000000
54119 -14.0000000000
54276 -13.0000000000
54515 -12.0000000000
54819 -11.0000000000
54889 -10.0000000000
55106 -9.0000000000
55338 -8.0000000000
55569 -7.0000000000
56003 -6.0000000000
56241 -4.0000000000
56602 -3.0000000000
56632 -2.0000000000
56772 -1.0000000000
56924 149.5800000000
56983 169.4200000000
56990 176.6700000000
57130 202.6800000000
57167 211.0000000000
57234 296.2200000000
57460 323.4000000000
57705 348.5300000000
58065 349.2100000000
58598 356.4400000000
59212 370.4300000000
59225 392.0300000000
59238 411.1700000000
59450 427.2700000000
59597 437.3800000000
59765 440.0700000000
59910 445.0800000000
60018 452.0000000000
60019 454.0000000000
60200 465.9100000000
60799 468.9100000000
60980 468.9200000000
61109 513.0300000000
61249 513.7900000000
61260 541.1800000000
61356 541.5200000000
61449 562.7300000000
61531 564.1700000000
61724 564.6500000000
61757 574.3900000000
62014 589.8500000000
62515 604.0200000000
62692 606.6100000000
62733 613.6600000000
62882 663.0300000000
62915 689.9600000000
62954 736.3200000000
62997 759.7100000000
63009 778.8400000000
63257 784.1400000000
63687 793.6800000000
64386 795.0700000000
64604 900.6100000000
64792 902.8400000000
64807 906.2800000000
64857 924.4500000000
64911 931.8700000000
65916 933.0700000000
66511 935.1700000000
67053 937.0100000000
67396 938.0000000000
68271 938.3400000000
68690 940.0600000000
69013 943.1700000000
72124 951.5700000000
83947 954.2100000000
85245 960.3000000000
90494 960.7100000000
92572 961.0500000000
92715 961.7600000000
92813 962.2200000000
92900 962.6100000000
93747 963.2400000000
94828 964.3600000000
95966 966.3400000000
100000 929.5200000000
evaluations raw_y
1 -1993.0000000000
2 -1984.0000000000
7 -1972.0000000000
13 -1956.0000000000
18 -1948.0000000000
23 -1945.0000000000
61 -1938.0000000000
74 -1937.0000000000
80 -1930.0000000000
108 -1895.0000000000
175 -1894.0000000000
184 -1891.0000000000
203 -1858.0000000000
299 -1851.0000000000
308 -1848.0000000000
326 -1839.0000000000
364 -1838.0000000000
365 -1834.0000000000
370 -1809.0000000000
429 -1795.0000000000
505 -1789.0000000000
513 -1770.0000000000
554 -1752.0000000000
599 -1750.0000000000
609 -1745.0000000000
613 -1703.0000000000
710 -1690.0000000000
764 -1671.0000000000
857 -1660.0000000000
896 -1655.0000000000
918 -1642.0000000000
973 -1638.0000000000
1002 -1636.0000000000
1016 -1626.0000000000
1049 -1624.0000000000
1052 -1617.0000000000
1088 -1600.0000000000
1120 -1595.0000000000
1159 -1592.0000000000
1172 -1582.0000000000
1220 -1576.0000000000
1230 -1574.0000000000
1253 -1573.0000000000
1254 -1567.0000000000
1262 -1562.0000000000
1295 -1552.0000000000
1343 -1546.0000000000
1408 -1537.0000000000
1417 -1533.0000000000
1451 -1532.0000000000
1454 -1527.0000000000
1467 -1516.0000000000
1551 -1502.0000000000
1605 -1497.0000000000
1621 -1487.0000000000
1691 -1485.0000000000
1706 -1482.0000000000
1713 -1463.0000000000
1793 -1462.0000000000
1801 -1451.0000000000
1860 -1448.0000000000
1905 -1444.0000000000
1912 -1441.0000000000
1956 -1436.0000000000
1973 -1434.0000000000
2005 -1426.0000000000
2016 -1422.0000000000
2088 -1413.0000000000
2154 -1409.0000000000
2207 -1404.0000000000
2239 -1401.0000000000
2258 -1400.0000000000
2267 -1393.0000000000
2274 -1392.0000000000
2299 -1388.0000000000
2342 -1383.0000000000
2363 -1379.0000000000
2365 -1377.0000000000
2409 -1375.0000000000
2430 -1363.0000000000
2457 -1354.0000000000
2521 -1352.0000000000
2548 -1343.0000000000
2611 -1340.0000000000
2660 -1329.0000000000
2665 -1327.0000000000
2739 -1321.0000000000
2804 -1316.0000000000
2855 -1315.0000000000
2859 -1310.0000000000
2870 -1308.0000000000
2913 -1301.0000000000
2970 -1294.0000000000
3042 -1291.0000000000
3075 -1282.0000000000
3083 -1279.0000000000
3146 -1278.0000000000
3173 -1277.0000000000
3174 -1276.0000000000
3206 -1274.0000000000
3228 -1272.0000000000
3272 -1267.0000000000
3305 -1266.0000000000
3315 -1264.0000000000
3323 -1263.0000000000
3409 -1257.0000000000
3483 -1256.0000000000
3489 -1255.0000000000
3502 -1253.0000000000
3538 -1252.0000000000
3554 -1250.0000000000
3583 -1249.0000000000
3602 -1246.0000000000
3641 -1243.0000000000
3674 -1240.0000000000
3704 -1238.0000000000
3748 -1235.0000000000
3752 -1227.0000000000
3866 -1226.0000000000
3890 -1225.0000000000
3908 -1221.0000000000
3972 -1220.0000000000
3974 -1217.0000000000
4007 -1216.0000000000
4026 -1214.0000000000
4086 -1213.0000000000
4121 -1211.0000000000
4145 -1209.0000000000
4184 -1207.0000000000
4256 -1202.0000000000
4314 -1200.0000000000
4339 -1197.0000000000
4411 -1195.0000000000
4434 -1193.0000000000
4463 -1190.0000000000
4481 -1189.0000000000
4535 -1188.0000000000
4606 -1185.0000000000
4631 -1181.0000000000
4662 -1180.0000000000
4687 -1177.0000000000
4790 -1175.0000000000
4808 -1174.0000000000
4842 -1173.0000000000
4853 -1172.0000000000
4870 -1171.0000000000
4911 -1167.0000000000
4988 -1166.0000000000
5052 -1164.0000000000
5117 -1161.0000000000
5158 -1158.0000000000
5226 -1155.0000000000
5302 -1154.0000000000
5306 -1151.0000000000
5381 -1150.0000000000
5406 -1149.0000000000
5430 -1148.0000000000
5505 -1145.0000000000
5525 -1143.0000000000
5565 -1142.0000000000
5606 -1140.0000000000
5659 -1139.0000000000
5674 -1135.0000000000
5751 -1134.0000000000
5782 -1132.0000000000
5788 -1131.0000000000
5825 -1128.0000000000
5869 -1126.0000000000
5892 -1125.0000000000
5919 -1124.0000000000
5966 -1122.0000000000
6016 -1119.0000000000
6074 -1118.0000000000
6083 -1117.0000000000
6119 -1115.0000000000
6129 -1114.0000000000
6157 -1113.0000000000
6199 -1112.0000000000
6205 -1111.0000000000
6225 -1108.0000000000
6252 -1107.0000000000
6288 -1102.0000000000
6313 -1100.0000000000
6445 -1097.0000000000
6475 -1096.0000000000
6495 -1095.0000000000
6528 -1093.0000000000
6561 -1091.0000000000
6658 -1090.0000000000
6696 -1088.0000000000
6725 -1085.0000000000
6794 -1084.0000000000
6805 -1082.0000000000
6907 -1081.0000000000
6911 -1079.0000000000
6959 -1075.0000000000
7067 -1072.0000000000
7104 -1070.0000000000
7163 -1065.0000000000
7254 -1062.0000000000
7307 -1059.0000000000
7363 -1058.0000000000
7431 -1054.0000000000
7461 -1053.0000000000
7499 -1052.0000000000
7503 -1047.0000000000
7582 -1046.0000000000
7603 -1045.0000000000
7656 -1042.0000000000
7666 -1041.0000000000
7711 -1038.0000000000
7855 -1036.0000000000
7864 -1035.0000000000
7865 -1034.0000000000
7901 -1033.0000000000
7908 -1030.0000000000
7967 -1029.0000000000
8027 -1026.0000000000
8076 -1025.0000000000
8105 -1023.0000000000
8161 -1019.0000000000
8254 -1018.0000000000
8257 -1013.0000000000
8328 -1012.0000000000
8382 -1011.0000000000
8392 -1008.0000000000
8435 -1005.0000000000
8469 -1003.0000000000
8516 -1002.0000000000
8525 -1001.0000000000
8552 -1000.0000000000
8617 -998.0000000000
8666 -997.0000000000
8670 -996.0000000000
8698 -995.0000000000
8710 -993.0000000000
8715 -992.0000000000
8757 -991.0000000000
8807 -990.0000000000
8810 -989.0000000000
8859 -987.0000000000
8897 -983.0000000000
8956 -980.0000000000
9027 -975.0000000000
9164 -974.0000000000
9210 -973.0000000000
9251 -969.0000000000
9327 -968.0000000000
9366 -966.0000000000
9433 -965.0000000000
9467 -962.0000000000
9514 -961.0000000000
9553 -959.0000000000
9600 -958.0000000000
9637 -957.0000000000
9724 -956.0000000000
9751 -952.0000000000
9830 -948.0000000000
9878 -947.0000000000
9938 -946.0000000000
9939 -945.0000000000
9964 -943.0000000000
9985 -941.0000000000
10002 -940.0000000000
10061 -936.0000000000
10245 -935.0000000000
10252 -934.0000000000
10261 -933.0000000000
10264 -932.0000000000
10391 -929.0000000000
10421 -928.0000000000
10467 -926.0000000000
10533 -925.0000000000
10558 -924.0000000000
10590 -921.0000000000
10602 -919.0000000000
10701 -915.0000000000
10772 -913.0000000000
10820 -912.0000000000
10845 -910.0000000000
10915 -904.0000000000
10964 -903.0000000000
10992 -899.0000000000
11126 -898.0000000000
11163 -897.0000000000
11204 -896.0000000000
11209 -894.0000000000
11243 -893.0000000000
11244 -892.0000000000
11253 -891.0000000000
11260 -887.0000000000
11386 -884.0000000000
11398 -883.0000000000
11464 -880.0000000000
11514 -879.0000000000
11602 -872.0000000000
11652 -871.0000000000
11755 -869.0000000000
11759 -868.0000000000
11762 -867.0000000000
11796 -866.0000000000
11824 -862.0000000000
11909 -861.0000000000
11930 -858.0000000000
11932 -855.0000000000
12017 -852.0000000000
12095 -851.0000000000
12104 -849.0000000000
12233 -848.0000000000
12275 -846.0000000000
12284 -844.0000000000
12302 -843.0000000000
12385 -840.0000000000
12396 -838.0000000000
12410 -835.0000000000
12533 -833.0000000000
12653 -832.0000000000
12677 -830.0000000000
12682 -829.0000000000
12731 -828.0000000000
12742 -827.0000000000
12751 -826.0000000000
12760 -824.0000000000
12871 -823.0000000000
12906 -822.0000000000
12907 -819.0000000000
12981 -814.0000000000
13091 -812.0000000000
13120 -811.0000000000
13179 -809.0000000000
13184 -806.0000000000
13213 -804.0000000000
13329 -802.0000000000
13342 -797.0000000000
13458 -793.0000000000
13510 -792.0000000000
13561 -790.0000000000
13606 -789.0000000000
13613 -788.0000000000
13653 -786.0000000000
13683 -785.0000000000
13724 -784.0000000000
13742 -782.0000000000
13783 -781.0000000000
13801 -780.0000000000
13832 -778.0000000000
13883 -777.0000000000
13952 -776.0000000000
13954 -775.0000000000
13965 -774.0000000000
13966 -771.0000000000
14003 -770.0000000000
14063 -769.0000000000
14070 -768.0000000000
14131 -767.0000000000
14168 -763.0000000000
14217 -762.0000000000
14244 -760.0000000000
14292 -758.0000000000
14325 -755.0000000000
14401 -754.0000000000
14407 -753.0000000000
14452 -749.0000000000
14519 -746.0000000000
14616 -745.0000000000
14617 -743.0000000000
14702 -741.0000000000
14758 -738.0000000000
14760 -735.0000000000
14843 -734.0000000000
14885 -730.0000000000
14974 -729.0000000000
15032 -728.0000000000
15033 -725.0000000000
15135 -724.0000000000
15161 -723.0000000000
15167 -722.0000000000
15209 -721.0000000000
15230 -720.0000000000
15249 -719.0000000000
15281 -718.0000000000
15299 -715.0000000000
15364 -714.0000000000
15414 -711.0000000000
15595 -709.0000000000
15607 -708.0000000000
15631 -707.0000000000
15663 -705.0000000000
15704 -704.0000000000
15707 -702.0000000000
15772 -701.0000000000
15800 -700.0000000000
15825 -699.0000000000
15891 -697.0000000000
15914 -696.0000000000
15963 -695.0000000000
16004 -693.0000000000
16007 -692.0000000000
16098 -691.0000000000
16109 -690.0000000000
16115 -689.0000000000
16163 -688.0000000000
16193 -687.0000000000
16202 -684.0000000000
16301 -680.0000000000
16337 -679.0000000000
16417 -678.0000000000
16431 -677.0000000000
16502 -675.0000000000
16543 -673.0000000000
16635 -672.0000000000
16651 -669.0000000000
16670 -668.0000000000
16715 -666.0000000000
16734 -663.0000000000
16764 -661.0000000000
16869 -660.0000000000
16906 -657.0000000000
16966 -656.0000000000
16989 -655.0000000000
17020 -654.0000000000
17054 -649.0000000000
17162 -645.0000000000
17251 -644.0000000000
17292 -643.0000000000
17345 -637.0000000000
17427 -636.0000000000
17510 -635.0000000000
17514 -634.0000000000
17539 -631.0000000000
17608 -626.0000000000
17659 -625.0000000000
17756 -624.0000000000
17818 -623.0000000000
17822 -621.0000000000
17857 -620.0000000000
17906 -619.0000000000
17920 -618.0000000000
18038 -617.0000000000
18039 -616.0000000000
18054 -615.0000000000
18064 -614.0000000000
18101 -612.0000000000
18163 -610.0000000000
18257 -609.0000000000
18286 -608.0000000000
18329 -606.0000000000
18356 -605.0000000000
18381 -603.0000000000
18447 -602.0000000000
18566 -597.0000000000
18665 -592.0000000000
18751 -591.0000000000
18875 -590.0000000000
18954 -589.0000000000
19011 -588.0000000000
19035 -587.0000000000
19051 -585.0000000000
19119 -583.0000000000
19165 -582.0000000000
19196 -580.0000000000
19230 -579.0000000000
19244 -578.0000000000
19302 -577.0000000000
19325 -576.0000000000
19427 -575.0000000000
19453 -574.0000000000
19549 -572.0000000000
19552 -570.0000000000
19582 -569.0000000000
19607 -568.0000000000
19633 -566.0000000000
19691 -565.0000000000
19702 -563.0000000000
19771 -560.0000000000
19858 -558.0000000000
19955 -556.0000000000
20001 -555.0000000000
20064 -553.0000000000
20070 -551.0000000000
20126 -550.0000000000
20201 -549.0000000000
20255 -547.0000000000
20356 -546.0000000000
20359 -544.0000000000
20373 -543.0000000000
20408 -542.0000000000
20417 -540.0000000000
20526 -539.0000000000
20580 -538.0000000000
20601 -537.0000000000
20615 -535.0000000000
20651 -533.0000000000
20760 -531.0000000000
20816 -530.0000000000
20845 -527.0000000000
20963 -526.0000000000
21003 -525.0000000000
21073 -524.0000000000
21104 -520.0000000000
21164 -518.0000000000
21215 -517.0000000000
21351 -516.0000000000
21407 -514.0000000000
21458 -513.0000000000
21524 -512.0000000000
21554 -511.0000000000
21567 -510.0000000000
21583 -509.0000000000
21672 -508.0000000000
21710 -507.0000000000
21750 -506.0000000000
21753 -504.0000000000
21822 -502.0000000000
21884 -500.0000000000
21926 -498.0000000000
21952 -497.0000000000
21962 -494.0000000000
22048 -492.0000000000
22126 -491.0000000000
22156 -489.0000000000
22246 -488.0000000000
22272 -486.0000000000
22353 -485.0000000000
22411 -484.0000000000
22430 -483.0000000000
22461 -481.0000000000
22527 -480.0000000000
22566 -478.0000000000
22629 -477.0000000000
22652 -476.0000000000
22670 -475.0000000000
22725 -474.0000000000
22778 -472.0000000000
22805 -471.0000000000
22827 -468.0000000000
22965 -465.0000000000
23070 -463.0000000000
23129 -462.0000000000
23174 -459.0000000000
23208 -458.0000000000
23251 -457.0000000000
23253 -456.0000000000
23351 -453.0000000000
23369 -452.0000000000
23456 -451.0000000000
23517 -450.0000000000
23561 -449.0000000000
23620 -445.0000000000
23808 -441.0000000000
23856 -438.0000000000
24007 -435.0000000000
24135 -434.0000000000
24141 -433.0000000000
24145 -431.0000000000
24217 -430.0000000000
24303 -427.0000000000
24435 -426.0000000000
24493 -425.0000000000
24514 -424.0000000000
24553 -423.0000000000
24609 -422.0000000000
24637 -421.0000000000
24683 -418.0000000000
24719 -417.0000000000
24726 -416.0000000000
24877 -415.0000000000
24891 -412.0000000000
24907 -410.0000000000
25020 -409.0000000000
25051 -407.0000000000
25070 -406.0000000000
25130 -405.0000000000
25213 -404.0000000000
25214 -402.0000000000
25358 -399.0000000000
25448 -397.0000000000
25456 -396.0000000000
25510 -394.0000000000
25552 -393.0000000000
25565 -392.0000000000
25655 -389.0000000000
25745 -385.0000000000
25854 -384.0000000000
25871 -383.0000000000
25906 -381.0000000000
25957 -380.0000000000
25975 -379.0000000000
26031 -376.0000000000
26127 -375.0000000000
26165 -373.0000000000
26267 -371.0000000000
26307 -370.0000000000
26341 -369.0000000000
26366 -368.0000000000
26410 -367.0000000000
26468 -366.0000000000
26511 -365.0000000000
26564 -364.0000000000
26578 -361.0000000000
26602 -360.0000000000
26688 -359.0000000000
26770 -358.0000000000
26827 -357.0000000000
26833 -355.0000000000
26878 -353.0000000000
27012 -347.0000000000
27211 -344.0000000000
27325 -342.0000000000
27421 -341.0000000000
27497 -340.0000000000
27539 -339.0000000000
27603 -338.0000000000
27652 -336.0000000000
27761 -335.0000000000
27777 -333.0000000000
27913 -332.0000000000
27983 -330.0000000000
28018 -329.0000000000
28080 -328.0000000000
28114 -326.0000000000
28178 -325.0000000000
28258 -324.0000000000
28281 -323.0000000000
28402 -321.0000000000
28454 -320.0000000000
28485 -319.0000000000
28546 -317.0000000000
28678 -316.0000000000
28693 -315.0000000000
28753 -313.0000000000
28890 -310.0000000000
28904 -306.0000000000
29068 -305.0000000000
29174 -304.0000000000
29207 -302.0000000000
29310 -301.0000000000
29397 -300.0000000000
29408 -299.0000000000
29477 -298.0000000000
29543 -297.0000000000
29607 -296.0000000000
29717 -295.0000000000
29783 -293.0000000000
29921 -291.0000000000
29971 -289.0000000000
30143 -288.0000000000
30151 -286.0000000000
30198 -285.0000000000
30225 -283.0000000000
30255 -281.0000000000
30451 -280.0000000000
30458 -278.0000000000
30616 -277.0000000000
30655 -276.0000000000
30710 -275.0000000000
30724 -273.0000000000
30752 -272.0000000000
30914 -269.0000000000
31048 -268.0000000000
31070 -267.0000000000
31161 -266.0000000000
31234 -265.0000000000
31269 -264.0000000000
31283 -261.0000000000
31353 -259.0000000000
31444 -258.0000000000
31454 -256.0000000000
31625 -255.0000000000
31668 -254.0000000000
31747 -252.0000000000
31825 -251.0000000000
31858 -250.0000000000
31987 -248.0000000000
32076 -247.0000000000
32127 -246.0000000000
32225 -245.0000000000
32287 -244.0000000000
32457 -243.0000000000
32501 -242.0000000000
32603 -241.0000000000
32619 -240.0000000000
32643 -239.0000000000
32719 -237.0000000000
32831 -236.0000000000
32910 -235.0000000000
32951 -233.0000000000
33074 -231.0000000000
33117 -230.0000000000
33191 -229.0000000000
33226 -227.0000000000
33305 -226.0000000000
33434 -224.0000000000
33585 -223.0000000000
33601 -221.0000000000
33708 -219.0000000000
33903 -217.0000000000
33965 -216.0000000000
34065 -215.0000000000
34170 -211.0000000000
34250 -209.0000000000
34399 -208.0000000000
34504 -207.0000000000
34540 -206.0000000000
34577 -205.0000000000
34641 -204.0000000000
34771 -203.0000000000
34806 -201.0000000000
34846 -200.0000000000
35003 -199.0000000000
35034 -198.0000000000
35083 -196.0000000000
35371 -194.0000000000
35391 -193.0000000000
35466 -192.0000000000
35471 -191.0000000000
35617 -188.0000000000
35771 -186.0000000000
35860 -185.0000000000
35967 -183.0000000000
36073 -182.0000000000
36218 -181.0000000000
36246 -180.0000000000
36285 -179.0000000000
36345 -178.0000000000
36486 -176.0000000000
36528 -174.0000000000
36557 -173.0000000000
36596 -172.0000000000
36752 -171.0000000000
36823 -170.0000000000
36869 -169.0000000000
36882 -168.0000000000
36956 -166.0000000000
37169 -164.0000000000
37258 -163.0000000000
37260 -162.0000000000
37360 -161.0000000000
37379 -159.0000000000
37419 -158.0000000000
37512 -157.0000000000
37518 -155.0000000000
37606 -154.0000000000
37705 -153.0000000000
37855 -151.0000000000
37875 -150.0000000000
38091 -149.0000000000
38111 -147.0000000000
38388 -144.0000000000
38503 -143.0000000000
38610 -142.0000000000
38688 -141.0000000000
38782 -140.0000000000
38828 -139.0000000000
38922 -138.0000000000
39059 -137.0000000000
39153 -136.0000000000
39235 -135.0000000000
39254 -133.0000000000
39387 -131.0000000000
39489 -130.0000000000
39514 -129.0000000000
39696 -128.0000000000
39769 -127.0000000000
39817 -126.0000000000
39997 -125.0000000000
40104 -124.0000000000
40261 -123.0000000000
40266 -122.0000000000
40353 -121.0000000000
40405 -119.0000000000
40576 -118.0000000000
40579 -117.0000000000
40642 -115.0000000000
40817 -112.0000000000
41014 -110.0000000000
41066 -109.0000000000
41161 -108.0000000000
41263 -107.0000000000
41280 -105.0000000000
41460 -104.0000000000
41496 -103.0000000000
41612 -102.0000000000
41647 -101.0000000000
41690 -100.0000000000
41776 -99.0000000000
41859 -98.0000000000
41901 -97.0000000000
41964 -96.0000000000
42086 -95.0000000000
42167 -94.0000000000
42205 -93.0000000000
42271 -92.0000000000
42320 -91.0000000000
42362 -90.0000000000
42418 -88.0000000000
42534 -87.0000000000
42553 -84.0000000000
42815 -83.0000000000
42858 -81.0000000000
43132 -80.0000000000
43216 -79.0000000000
43327 -78.0000000000
43457 -76.0000000000
43604 -73.0000000000
44006 -71.0000000000
44127 -70.0000000000
44259 -69.0000000000
44380 -68.0000000000
44451 -66.0000000000
44627 -65.0000000000
44721 -64.0000000000
44848 -63.0000000000
44947 -61.0000000000
45067 -60.0000000000
45104 -59.0000000000
45155 -58.0000000000
45227 -57.0000000000
45254 -55.0000000000
45511 -54.0000000000
45532 -53.0000000000
45729 -52.0000000000
45805 -51.0000000000
45883 -50.0000000000
46006 -49.0000000000
46079 -48.0000000000
46229 -47.0000000000
46253 -46.0000000000
46346 -45.0000000000
46470 -44.0000000000
46617 -43.0000000000
46803 -41.0000000000
47136 -40.0000000000
47307 -39.0000000000
47385 -38.0000000000
47619 -36.0000000000
47714 -35.0000000000
47766 -34.0000000000
47861 -33.0000000000
47998 -32.0000000000
48135 -31.0000000000
48267 -30.0000000000
48527 -29.0000000000
48678 -28.0000000000
48802 -27.0000000000
48851 -26.0000000000
49082 -25.0000000000
49141 -22.0000000000
49519 -21.0000000000
49684 -20.0000000000
49815 -19.0000000000
49851 -18.0000000000
50168 -16.0000000000
50255 -15.0000000000
50354 -14.0000000000
50557 -12.0000000000
50832 -11.0000000000
50949 -10.0000000000
51101 -9.0000000000
51313 -8.0000000000
51502 -7.0000000000
51599 -6.0000000000
51700 -5.0000000000
52054 -4.0000000000
52206 -3.0000000000
52442 -2.0000000000
52884 -1.0000000000
53083 149.2900000000
53201 168.3200000000
53736 173.6100000000
53846 177.5100000000
53852 177.8700000000
53874 190.5600000000
54026 193.4300000000
54076 201.0400000000
54085 203.0700000000
54135 216.8400000000
54360 219.5700000000
54364 246.6400000000
54462 253.3000000000
54607 277.0200000000
54752 280.6100000000
54855 284.6500000000
55091 371.9600000000
55180 381.6500000000
55213 382.1300000000
55225 394.4700000000
55288 396.0800000000
55319 436.0900000000
55364 453.5800000000
55460 457.7200000000
55516 470.0100000000
55565 473.4800000000
55592 477.9900000000
55607 483.7300000000
55632 487.5300000000
55781 493.1800000000
55783 503.9900000000
55907 535.4200000000
56787 541.4400000000
56850 541.7000000000
56965 594.9500000000
57012 598.6300000000
57055 611.0600000000
57058 645.5900000000
57133 648.0200000000
57204 670.8000000000
57633 679.9800000000
57684 681.9400000000
57837 686.0500000000
58145 697.6400000000
58173 715.6700000000
58488 734.0500000000
58583 736.5400000000
58658 745.1000000000
58928 746.3200000000
58941 749.0000000000
59019 752.1900000000
59031 771.8800000000
59158 772.0900000000
59525 772.4600000000
59627 773.5800000000
60059 773.9600000000
60134 775.9300000000
60136 776.8900000000
60319 778.0900000000
60447 784.2000000000
60505 785.2600000000
60745 895.4800000000
60808 895.8000000000
60835 897.7800000000
61117 899.6300000000
61190 900.9400000000
61213 908.5200000000
61283 922.7600000000
61827 925.0600000000
61877 932.9900000000
61969 934.2400000000
62004 936.5400000000
62161 936.9500000000
62701 942.9900000000
63009 943.8900000000
63356 947.5700000000
64580 950.8000000000
65372 955.5300000000
66981 958.0900000000
67881 959.2600000000
70424 961.2400000000
71491 963.0600000000
71604 963.8300000000
72604 967.7300000000
72762 968.3200000000
74742 971.1400000000
79392 971.6600000000
80282 972.0300000000
82675 976.4800000000
84165 979.7000000000
90392 979.9100000000
91680 981.3300000000
95757 982.5800000000
100000 808.8000000000
evaluations raw_y
1 -1927.0000000000
13 -1912.0000000000
127 -1905.0000000000
153 -1895.0000000000
188 -1870.0000000000
205 -1856.0000000000
260 -1852.0000000000
271 -1844.0000000000
286 -1839.0000000000
321 -1826.0000000000
340 -1822.0000000000
349 -1816.0000000000
352 -1801.0000000000
404 -1798.0000000000
406 -1786.0000000000
408 -1778.0000000000
451 -1763.0000000000
505 -1743.0000000000
567 -1722.0000000000
635 -1713.0000000000
662 -1709.0000000000
675 -1704.0000000000
702 -1683.0000000000
823 -1673.0000000000
857 -1670.0000000000
884 -1668.0000000000
902 -1654.0000000000
909 -1652.0000000000
924 -1650.0000000000
931 -1649.0000000000
955 -1640.0000000000
993 -1629.0000000000
1002 -1628.0000000000
1007 -1623.0000000000
1035 -1609.0000000000
1063 -1596.0000000000
1115 -1585.0000000000
1159 -1576.0000000000
1191 -1574.0000000000
1204 -1568.0000000000
1251 -1562.0000000000
1254 -1546.0000000000
1333 -1539.0000000000
1361 -1532.0000000000
1383 -1531.0000000000
1394 -1525.0000000000
1422 -1524.0000000000
1449 -1520.0000000000
1451 -1519.0000000000
1469 -1517.0000000000
1477 -1513.0000000000
1518 -1508.0000000000
1543 -1505.0000000000
1562 -1500.0000000000
1569 -1494.0000000000
1605 -1484.0000000000
1611 -1482.0000000000
1625 -1476.0000000000
1704 -1469.0000000000
1783 -1465.0000000000
1786 -1462.0000000000
1804 -1448.0000000000
1811 -1445.0000000000
1857 -1429.0000000000
1939 -1422.0000000000
1965 -1416.0000000000
2014 -1410.0000000000
2055 -1396.0000000000
2154 -1387.0000000000
2236 -1386.0000000000
2273 -1381.0000000000
2292 -1380.0000000000
2314 -1378.0000000000
2318 -1375.0000000000
2344 -1372.0000000000
2363 -1367.0000000000
2407 -1366.0000000000
2416 -1359.0000000000
2493 -1357.0000000000
2501 -1352.0000000000
2558 -1334.0000000000
2657 -1332.0000000000
2703 -1331.0000000000
2726 -1330.0000000000
2736 -1329.0000000000
2751 -1328.0000000000
2766 -1324.0000000000
2790 -1319.0000000000
2810 -1318.0000000000
2826 -1317.0000000000
2869 -1313.0000000000
2882 -1311.0000000000
2908 -1306.0000000000
3026 -1301.0000000000
3027 -1300.0000000000
3062 -1293.0000000000
3152 -1291.0000000000
3167 -1289.0000000000
3172 -1286.0000000000
3247 -1284.0000000000
3261 -1281.0000000000
3299 -1280.0000000000
3305 -1279.0000000000
3333 -1276.0000000000
3353 -1267.0000000000
3445 -1266.0000000000
3454 -1264.0000000000
3507 -1262.0000000000
3534 -1256.0000000000
3624 -1255.0000000000
3682 -1253.0000000000
3688 -1249.0000000000
3760 -1247.0000000000
3761 -1246.0000000000
3799 -1245.0000000000
3841 -1244.0000000000
3846 -1241.0000000000
3855 -1239.0000000000
3861 -1236.0000000000
3940 -1233.0000000000
3958 -1232.0000000000
4005 -1225.0000000000
4082 -1222.0000000000
4106 -1221.0000000000
4145 -1220.0000000000
4171 -1217.0000000000
4174 -1215.0000000000
4203 -1214.0000000000
4254 -1213.0000000000
4256 -1212.0000000000
4301 -1211.0000000000
4305 -1207.0000000000
4396 -1204.0000000000
4416 -1203.0000000000
4452 -1199.0000000000
4492 -1196.0000000000
4562 -1195.0000000000
4606 -1193.0000000000
4655 -1192.0000000000
4656 -1189.0000000000
4701 -1186.0000000000
4719 -1185.0000000000
4760 -1183.0000000000
4804 -1182.0000000000
4833 -1181.0000000000
4866 -1179.0000000000
4873 -1174.0000000000
4965 -1173.0000000000
5017 -1172.0000000000
5044 -1168.0000000000
5152 -1166.0000000000
5158 -1164.0000000000
5172 -1162.0000000000
5223 -1161.0000000000
5282 -1160.0000000000
5324 -1158.0000000000
5345 -1156.0000000000
5386 -1155.0000000000
5413 -1153.0000000000
5460 -1152.0000000000
5509 -1148.0000000000
5617 -1147.0000000000
5621 -1144.0000000000
5663 -1143.0000000000
5670 -1141.0000000000
5721 -1139.0000000000
5732 -1138.0000000000
5800 -1137.0000000000
5810 -1136.0000000000
5868 -1131.0000000000
5973 -1130.0000000000
5974 -1127.0000000000
6102 -1124.0000000000
6104 -1123.0000000000
6148 -1122.0000000000
6218 -1121.0000000000
6234 -1118.0000000000
6255 -1117.0000000000
6301 -1116.0000000000
6356 -1113.0000000000
6452 -1110.0000000000
6506 -1108.0000000000
6531 -1107.0000000000
6584 -1106.0000000000
6586 -1104.0000000000
6659 -1103.0000000000
6678 -1099.0000000000
6709 -1097.0000000000
6751 -1095.0000000000
6812 -1092.0000000000
6854 -1091.0000000000
6889 -1090.0000000000
6906 -1084.0000000000
7012 -1083.0000000000
7061 -1082.0000000000
7101 -1080.0000000000
7125 -1077.0000000000
7217 -1076.0000000000
7237 -1075.0000000000
7255 -1073.0000000000
7338 -1072.0000000000
7352 -1070.0000000000
7386 -1069.0000000000
7403 -1065.0000000000
7508 -1064.0000000000
7514 -1063.0000000000
7557 -1062.0000000000
7562 -1061.0000000000
7621 -1060.0000000000
7635 -1059.0000000000
7644 -1058.0000000000
7652 -1051.0000000000
7790 -1050.0000000000
7803 -1049.0000000000
7879 -1048.0000000000
7886 -1046.0000000000
7908 -1043.0000000000
7974 -1042.0000000000
8007 -1041.0000000000
8052 -1037.0000000000
8101 -1036.0000000000
8124 -1034.0000000000
8205 -1030.0000000000
8286 -1029.0000000000
8310 -1026.0000000000
8412 -1023.0000000000
8464 -1022.0000000000
8491 -1018.0000000000
8513 -1017.0000000000
8610 -1016.0000000000
8646 -1015.0000000000
8671 -1014.0000000000
8673 -1010.0000000000
8718 -1008.0000000000
8757 -1007.0000000000
8808 -1005.0000000000
8912 -1003.0000000000
8944 -1002.0000000000
8966 -1001.0000000000
8994 -1000.0000000000
9014 -999.0000000000
9036 -998.0000000000
9038 -997.0000000000
9069 -993.0000000000
9162 -992.0000000000
9190 -991.0000000000
9215 -990.0000000000
9219 -986.0000000000
9345 -985.0000000000
9351 -983.0000000000
9374 -982.0000000000
9404 -981.0000000000
9430 -978.0000000000
9469 -977.0000000000
9488 -976.0000000000
9514 -975.0000000000
9537 -972.0000000000
9626 -971.0000000000
9630 -969.0000000000
9671 -968.0000000000
9703 -967.0000000000
9751 -966.0000000000
9755 -965.0000000000
9757 -964.0000000000
9805 -962.0000000000
9840 -960.0000000000
9908 -958.0000000000
9915 -957.0000000000
9964 -953.0000000000
9998 -949.0000000000
10083 -947.0000000000
10140 -944.0000000000
10152 -943.0000000000
10222 -940.0000000000
10261 -938.0000000000
10317 -937.0000000000
10351 -936.0000000000
10395 -934.0000000000
10444 -933.0000000000
10457 -932.0000000000
10517 -931.0000000000
10556 -926.0000000000
10651 -925.0000000000
10655 -924.0000000000
10723 -923.0000000000
10749 -920.0000000000
10778 -919.0000000000
10860 -918.0000000000
10877 -917.0000000000
10895 -916.0000000000
10931 -914.0000000000
10942 -913.0000000000
10954 -910.0000000000
11018 -909.0000000000
11118 -908.0000000000
11141 -907.0000000000
11168 -905.0000000000
11221 -903.0000000000
11238 -902.0000000000
11254 -899.0000000000
11323 -897.0000000000
11403 -893.0000000000
11452 -891.0000000000
11558 -886.0000000000
11652 -884.0000000000
11720 -883.0000000000
11738 -881.0000000000
11766 -880.0000000000
11777 -878.0000000000
11832 -877.0000000000
11894 -875.0000000000
11918 -873.0000000000
11991 -872.0000000000
12001 -871.0000000000
12028 -870.0000000000
12077 -869.0000000000
12123 -867.0000000000
12209 -866.0000000000
12252 -862.0000000000
12313 -861.0000000000
12427 -859.0000000000
12465 -857.0000000000
12524 -856.0000000000
12564 -854.0000000000
12606 -853.0000000000
12667 -851.0000000000
12716 -849.0000000000
12735 -847.0000000000
12792 -846.0000000000
12842 -844.0000000000
12846 -843.0000000000
12894 -840.0000000000
12947 -839.0000000000
12951 -836.0000000000
13031 -835.0000000000
13057 -832.0000000000
13109 -830.0000000000
13161 -829.0000000000
13239 -828.0000000000
13246 -825.0000000000
13264 -823.0000000000
13337 -822.0000000000
13359 -819.0000000000
13418 -815.0000000000
13530 -814.0000000000
13608 -812.0000000000
13632 -811.0000000000
13701 -810.0000000000
13710 -809.0000000000
13733 -804.0000000000
13788 -803.0000000000
13845 -802.0000000000
13913 -801.0000000000
13935 -799.0000000000
13951 -798.0000000000
13994 -797.0000000000
14005 -796.0000000000
14011 -795.0000000000
14082 -793.0000000000
14112 -792.0000000000
14191 -790.0000000000
14203 -788.0000000000
14246 -787.0000000000
14319 -786.0000000000
14355 -785.0000000000
14407 -784.0000000000
14409 -783.0000000000
14422 -782.0000000000
14504 -781.0000000000
14508 -778.0000000000
14580 -777.0000000000
14581 -774.0000000000
14717 -773.0000000000
14724 -772.0000000000
14764 -770.0000000000
14820 -768.0000000000
14837 -767.0000000000
14874 -765.0000000000
14897 -764.0000000000
14984 -763.0000000000
14986 -760.0000000000
15033 -758.0000000000
15118 -756.0000000000
15193 -754.0000000000
15226 -753.0000000000
15252 -751.0000000000
15301 -749.0000000000
15317 -747.0000000000
15425 -746.0000000000
15436 -745.0000000000
15474 -743.0000000000
15531 -742.0000000000
15557 -741.0000000000
15621 -739.0000000000
15697 -738.0000000000
15705 -736.0000000000
15706 -735.0000000000
15785 -733.0000000000
15801 -732.0000000000
15869 -730.0000000000
15886 -728.0000000000
15982 -727.0000000000
16021 -725.0000000000
16060 -723.0000000000
16121 -720.0000000000
16191 -718.0000000000
16207 -717.0000000000
16278 -715.0000000000
16314 -711.0000000000
16406 -710.0000000000
16457 -709.0000000000
16472 -708.0000000000
16516 -706.0000000000
16568 -705.0000000000
16572 -704.0000000000
16643 -703.0000000000
16668 -702.0000000000
16699 -701.0000000000
16716 -700.0000000000
16719 -698.0000000000
16752 -695.0000000000
16753 -693.0000000000
16855 -691.0000000000
16904 -690.0000000000
17003 -687.0000000000
17073 -686.0000000000
17074 -685.0000000000
17113 -683.0000000000
17173 -680.0000000000
17227 -679.0000000000
17315 -678.0000000000
17318 -677.0000000000
17354 -675.0000000000
17452 -673.0000000000
17453 -670.0000000000
17605 -669.0000000000
17706 -667.0000000000
17756 -666.0000000000
17761 -665.0000000000
17788 -663.0000000000
17826 -662.0000000000
17853 -661.0000000000
17898 -660.0000000000
17917 -655.0000000000
18019 -654.0000000000
18064 -653.0000000000
18099 -652.0000000000
18152 -650.0000000000
18251 -647.0000000000
18258 -646.0000000000
18315 -644.0000000000
18402 -640.0000000000
18433 -639.0000000000
18557 -635.0000000000
18611 -634.0000000000
18684 -630.0000000000
18761 -628.0000000000
18816 -627.0000000000
18893 -625.0000000000
18929 -624.0000000000
18952 -622.0000000000
18962 -620.0000000000
19084 -619.0000000000
19145 -617.0000000000
19183 -614.0000000000
19217 -613.0000000000
19307 -612.0000000000
19325 -608.0000000000
19403 -607.0000000000
19489 -605.0000000000
19527 -602.0000000000
19643 -599.0000000000
19707 -598.0000000000
19776 -595.0000000000
19862 -594.0000000000
19880 -592.0000000000
19929 -590.0000000000
19957 -589.0000000000
20019 -588.0000000000
20061 -587.0000000000
20103 -586.0000000000
20126 -585.0000000000
20141 -582.0000000000
20216 -581.0000000000
20269 -579.0000000000
20343 -578.0000000000
20391 -577.0000000000
20439 -575.0000000000
20475 -572.0000000000
20515 -571.0000000000
20601 -569.0000000000
20653 -568.0000000000
20677 -567.0000000000
20730 -565.0000000000
20809 -563.0000000000
20904 -561.0000000000
21005 -560.0000000000
21031 -557.0000000000
21124 -555.0000000000
21155 -554.0000000000
21202 -553.0000000000
21251 -552.0000000000
21279 -551.0000000000
21318 -549.0000000000
21355 -548.0000000000
21378 -545.0000000000
21417 -544.0000000000
21508 -543.0000000000
21525 -541.0000000000
21583 -539.0000000000
21697 -538.0000000000
21721 -537.0000000000
21807 -535.0000000000
21830 -534.0000000000
21856 -533.0000000000
21860 -532.0000000000
21862 -529.0000000000
21905 -528.0000000000
21989 -527.0000000000
22060 -526.0000000000
22073 -524.0000000000
22118 -521.0000000000
22258 -519.0000000000
22322 -518.0000000000
22330 -516.0000000000
22387 -513.0000000000
22506 -512.0000000000
22520 -510.0000000000
22574 -509.0000000000
22689 -507.0000000000
22734 -506.0000000000
22735 -505.0000000000
22759 -502.0000000000
22809 -501.0000000000
22906 -500.0000000000
22934 -499.0000000000
22958 -498.0000000000
22981 -495.0000000000
23028 -494.0000000000
23057 -490.0000000000
23151 -489.0000000000
23229 -487.0000000000
23244 -485.0000000000
23311 -484.0000000000
23327 -482.0000000000
23410 -479.0000000000
23454 -476.0000000000
23591 -475.0000000000
23602 -474.0000000000
23665 -472.0000000000
23716 -471.0000000000
23765 -470.0000000000
23766 -469.0000000000
23770 -468.0000000000
23830 -467.0000000000
23864 -466.0000000000
23933 -465.0000000000
23962 -464.0000000000
24008 -462.0000000000
24063 -460.0000000000
24120 -457.0000000000
24231 -456.0000000000
24304 -455.0000000000
24306 -454.0000000000
24365 -453.0000000000
24423 -452.0000000000
24456 -447.0000000000
24564 -445.0000000000
24615 -443.0000000000
24695 -442.0000000000
24764 -437.0000000000
24912 -436.0000000000
24943 -435.0000000000
24969 -432.0000000000
25148 -428.0000000000
25152 -424.0000000000
25298 -422.0000000000
25434 -421.0000000000
25458 -420.0000000000
25489 -419.0000000000
25540 -418.0000000000
25611 -417.0000000000
25636 -416.0000000000
25736 -415.0000000000
25748 -412.0000000000
25802 -410.0000000000
25814 -409.0000000000
25931 -408.0000000000
25967 -407.0000000000
26012 -406.0000000000
26106 -404.0000000000
26203 -403.0000000000
26265 -402.0000000000
26286 -401.0000000000
26348 -400.0000000000
26371 -399.0000000000
26490 -398.0000000000
26517 -396.0000000000
26588 -393.0000000000
26840 -392.0000000000
26851 -389.0000000000
26863 -388.0000000000
26926 -386.0000000000
26979 -383.0000000000
27067 -380.0000000000
27271 -378.0000000000
27401 -377.0000000000
27403 -376.0000000000
27460 -375.0000000000
27498 -374.0000000000
27540 -373.0000000000
27557 -372.0000000000
27640 -371.0000000000
27654 -370.0000000000
27664 -369.0000000000
27773 -368.0000000000
27821 -366.0000000000
27864 -364.0000000000
27961 -363.0000000000
28061 -362.0000000000
28106 -361.0000000000
28117 -360.0000000000
28155 -359.0000000000
28217 -357.0000000000
28302 -356.0000000000
28357 -355.0000000000
28365 -354.0000000000
28455 -353.0000000000
28456 -352.0000000000
28523 -351.0000000000
28573 -350.0000000000
28620 -348.0000000000
28643 -346.0000000000
28709 -343.0000000000
28844 -342.0000000000
28916 -341.0000000000
28990 -336.0000000000
29233 -335.0000000000
29259 -334.0000000000
29327 -333.0000000000
29362 -331.0000000000
29439 -329.0000000000
29469 -327.0000000000
29629 -325.0000000000
29717 -324.0000000000
29731 -323.0000000000
29794 -322.0000000000
29840 -321.0000000000
29852 -320.0000000000
29854 -318.0000000000
30009 -314.0000000000
30156 -313.0000000000
30185 -312.0000000000
30307 -310.0000000000
30319 -305.0000000000
30516 -304.0000000000
30604 -302.0000000000
30660 -301.0000000000
30702 -299.0000000000
30791 -298.0000000000
30816 -297.0000000000
30918 -295.0000000000
30989 -294.0000000000
31023 -293.0000000000
31098 -292.0000000000
31187 -291.0000000000
31189 -290.0000000000
31243 -289.0000000000
31289 -288.0000000000
31324 -287.0000000000
31356 -286.0000000000
31408 -284.0000000000
31510 -283.0000000000
31518 -281.0000000000
31619 -280.0000000000
31762 -278.0000000000
31804 -277.0000000000
31835 -276.0000000000
32002 -273.0000000000
32101 -272.0000000000
32118 -271.0000000000
32158 -269.0000000000
32302 -268.0000000000
32306 -267.0000000000
32374 -265.0000000000
32449 -263.0000000000
32564 -262.0000000000
32583 -261.0000000000
32647 -260.0000000000
32658 -259.0000000000
32701 -258.0000000000
32756 -257.0000000000
32839 -255.0000000000
32896 -254.0000000000
32953 -253.0000000000
33044 -252.0000000000
33075 -251.0000000000
33079 -250.0000000000
33178 -249.0000000000
33201 -248.0000000000
33236 -247.0000000000
33278 -246.0000000000
33352 -244.0000000000
33397 -243.0000000000
33453 -240.0000000000
33566 -239.0000000000
33588 -238.0000000000
33660 -237.0000000000
33661 -235.0000000000
33758 -234.0000000000
33815 -233.0000000000
33853 -232.0000000000
33989 -230.0000000000
34001 -229.0000000000
34116 -228.0000000000
34123 -227.0000000000
34152 -226.0000000000
34184 -224.0000000000
34209 -222.0000000000
34348 -221.0000000000
34397 -220.0000000000
34422 -219.0000000000
34453 -218.0000000000
34507 -216.0000000000
34622 -215.0000000000
34646 -214.0000000000
34656 -210.0000000000
34794 -209.0000000000
34870 -207.0000000000
34879 -206.0000000000
34923 -205.0000000000
35040 -202.0000000000
35103 -201.0000000000
35207 -199.0000000000
35258 -198.0000000000
35313 -196.0000000000
35484 -195.0000000000
35568 -193.0000000000
35629 -192.0000000000
35757 -191.0000000000
35786 -188.0000000000
35930 -187.0000000000
36007 -185.0000000000
36161 -183.0000000000
36193 -182.0000000000
36215 -181.0000000000
36374 -179.0000000000
36454 -178.0000000000
36548 -177.0000000000
36618 -173.0000000000
36802 -172.0000000000
36899 -171.0000000000
36909 -168.0000000000
37104 -167.0000000000
37176 -165.0000000000
37202 -163.0000000000
37296 -162.0000000000
37417 -160.0000000000
37480 -159.0000000000
37614 -158.0000000000
37737 -157.0000000000
37772 -155.0000000000
37805 -153.0000000000
37892 -152.0000000000
37959 -151.0000000000
38063 -148.0000000000
38132 -147.0000000000
38210 -146.0000000000
38362 -145.0000000000
38415 -144.0000000000
38488 -141.0000000000
38659 -140.0000000000
38685 -139.0000000000
38712 -137.0000000000
38753 -136.0000000000
38973 -135.0000000000
38997 -134.0000000000
39072 -133.0000000000
39111 -132.0000000000
39142 -130.0000000000
39253 -129.0000000000
39281 -127.0000000000
39488 -126.0000000000
39516 -125.0000000000
39552 -124.0000000000
39662 -123.0000000000
39879 -121.0000000000
39953 -120.0000000000
39975 -119.0000000000
40112 -118.0000000000
40262 -117.0000000000
40333 -116.0000000000
40351 -115.0000000000
40535 -113.0000000000
40601 -112.0000000000
40704 -111.0000000000
40877 -110.0000000000
40956 -109.0000000000
41058 -107.0000000000
41154 -106.0000000000
41249 -105.0000000000
41344 -104.0000000000
41467 -103.0000000000
41784 -102.0000000000
41822 -101.0000000000
41952 -100.0000000000
41963 -99.0000000000
42080 -97.0000000000
42232 -96.0000000000
42421 -94.0000000000
42639 -93.0000000000
42655 -92.0000000000
42707 -90.0000000000
42996 -89.0000000000
43043 -88.0000000000
43303 -87.0000000000
43341 -86.0000000000
43445 -85.0000000000
43464 -84.0000000000
43605 -83.0000000000
43813 -82.0000000000
43869 -80.0000000000
44071 -79.0000000000
44142 -78.0000000000
44172 -77.0000000000
44234 -76.0000000000
44319 -75.0000000000
44329 -74.0000000000
44480 -71.0000000000
44596 -70.0000000000
44675 -69.0000000000
44819 -68.0000000000
44881 -67.0000000000
44932 -66.0000000000
45117 -65.0000000000
45156 -64.0000000000
45333 -62.0000000000
45387 -60.0000000000
45561 -59.0000000000
45686 -58.0000000000
45883 -57.0000000000
46029 -56.0000000000
46177 -55.0000000000
46230 -54.0000000000
46284 -53.0000000000
46470 -52.0000000000
46503 -51.0000000000
46731 -50.0000000000
46954 -49.0000000000
46978 -48.0000000000
47070 -47.0000000000
47159 -46.0000000000
47201 -45.0000000000
47246 -44.0000000000
47418 -43.0000000000
47452 -42.0000000000
47539 -41.0000000000
47635 -40.0000000000
47807 -39.0000000000
48010 -38.0000000000
48174 -37.0000000000
48227 -36.0000000000
48333 -35.0000000000
48460 -34.0000000000
48763 -33.0000000000
48785 -32.0000000000
49060 -31.0000000000
49211 -30.0000000000
49448 -29.0000000000
49627 -28.0000000000
49850 -27.0000000000
50019 -26.0000000000
50076 -25.0000000000
50232 -24.0000000000
50341 -23.0000000000
50457 -22.0000000000
50673 -21.0000000000
50858 -20.0000000000
51053 -19.0000000000
51396 -18.0000000000
51779 -17.0000000000
52014 -16.0000000000
52177 -15.0000000000
52370 -14.0000000000
52673 -13.0000000000
52887 -12.0000000000
53287 -11.0000000000
53384 -10.0000000000
53602 -9.0000000000
53924 -8.0000000000
53941 -7.0000000000
54090 -6.0000000000
54341 -5.0000000000
54563 -4.0000000000
54824 -3.0000000000
55008 -2.0000000000
55149 -1.0000000000
55255 161.1600000000
55354 183.3700000000
55440 196.1300000000
56076 196.9000000000
56087 324.4900000000
56252 332.5900000000
56286 359.2800000000
56425 361.9200000000
56464 364.8200000000
56649 365.2800000000
56661 366.8100000000
56670 372.3400000000
56767 373.4100000000
56781 390.2900000000
56971 394.7400000000
56974 405.9900000000
57160 409.1500000000
57189 413.9800000000
57236 470.1000000000
57325 492.2100000000
57406 507.3700000000
57435 507.9300000000
57451 513.4300000000
57488 519.4200000000
57571 538.0300000000
57748 550.7200000000
58086 552.4900000000
58136 567.7200000000
58516 573.3400000000
58785 581.6000000000
59223 592.7900000000
59251 627.7100000000
59275 635.0400000000
59306 637.5200000000
59452 642.4800000000
59453 650.6800000000
59491 654.5800000000
59563 670.1500000000
59595 675.7500000000
59653 684.9600000000
59920 685.4700000000
60088 713.0200000000
60448 726.7600000000
60921 780.6200000000
60976 790.7500000000
61202 791.9700000000
61302 795.1900000000
61614 795.5100000000
61873 805.6000000000
62157 814.0400000000
62341 817.9500000000
62512 821.8300000000
62540 823.5300000000
62712 829.0900000000
64223 837.4900000000
64715 842.3600000000
64996 876.1600000000
65037 906.6400000000
65133 913.7800000000
65234 919.0000000000
65306 921.6500000000
65411 934.1400000000
66217 934.8200000000
66713 936.5900000000
66941 940.7600000000
67040 945.2100000000
67053 951.1500000000
67813 953.7500000000
68203 958.1400000000
70261 958.4800000000
72176 959.2800000000
72604 965.7000000000
76974 968.3900000000
77794 973.7000000000
79087 978.9900000000
83779 980.5700000000
91784 980.7800000000
92076 982.2900000000
96188 985.0700000000
96824 986.0200000000
100000 847.0600000000
evaluations raw_y
1 -1976.0000000000
9 -1971.0000000000
11 -1969.0000000000
12 -1968.0000000000
16 -1949.0000000000
20 -1928.0000000000
56 -1919.0000000000
101 -1917.0000000000
104 -1897.0000000000
125 -1892.0000000000
178 -1873.0000000000
244 -1860.0000000000
271 -1848.0000000000
303 -1843.0000000000
315 -1838.0000000000
342 -1828.0000000000
359 -1816.0000000000
408 -1813.0000000000
436 -1796.0000000000
504 -1776.0000000000
508 -1774.0000000000
586 -1773.0000000000
604 -1766.0000000000
661 -1758.0000000000
662 -1740.0000000000
708 -1717.0000000000
782 -1709.0000000000
819 -1708.0000000000
862 -1696.0000000000
876 -1688.0000000000
897 -1679.0000000000
901 -1674.0000000000
953 -1646.0000000000
1090 -1634.0000000000
1104 -1631.0000000000
1114 -1620.0000000000
1192 -1617.0000000000
1214 -1610.0000000000
1218 -1604.0000000000
1252 -1600.0000000000
1257 -1599.0000000000
1273 -1588.0000000000
1301 -1582.0000000000
1360 -1580.0000000000
1388 -1567.0000000000
1459 -1558.0000000000
1516 -1556.0000000000
1519 -1553.0000000000
1526 -1548.0000000000
1560 -1546.0000000000
1604 -1529.0000000000
1680 -1525.0000000000
1688 -1523.0000000000
1702 -1522.0000000000
1709 -1520.0000000000
1724 -1518.0000000000
1771 -1511.0000000000
1775 -1509.0000000000
1827 -1507.0000000000
1829 -1505.0000000000
1880 -1498.0000000000
1904 -1486.0000000000
1968 -1485.0000000000
2001 -1484.0000000000
2025 -1474.0000000000
2030 -1473.0000000000
2073 -1472.0000000000
2092 -1467.0000000000
2121 -1464.0000000000
2123 -1462.0000000000
2131 -1459.0000000000
2146 -1457.0000000000
2158 -1455.0000000000
2188 -1451.0000000000
2202 -1450.0000000000
2213 -1447.0000000000
2245 -1441.0000000000
2293 -1439.0000000000
2313 -1435.0000000000
2345 -1431.0000000000
2351 -1428.0000000000
2386 -1424.0000000000
2421 -1423.0000000000
2449 -1412.0000000000
2530 -1407.0000000000
2568 -1406.0000000000
2590 -1404.0000000000
2636 -1400.0000000000
2694 -1397.0000000000
2701 -1390.0000000000
2728 -1388.0000000000
2756 -1387.0000000000
2765 -1384.0000000000
2804 -1381.0000000000
2862 -1374.0000000000
2944 -1373.0000000000
2961 -1372.0000000000
2993 -1370.0000000000
3010 -1369.0000000000
3051 -1364.0000000000
3075 -1361.0000000000
3103 -1358.0000000000
3155 -1356.0000000000
3161 -1354.0000000000
3167 -1353.0000000000
3233 -1351.0000000000
3255 -1350.0000000000
3269 -1349.0000000000
3271 -1348.0000000000
3277 -1345.0000000000
3306 -1343.0000000000
3332 -1340.0000000000
3357 -1338.0000000000
3406 -1331.0000000000
3476 -1330.0000000000
3506 -1328.0000000000
3555 -1327.0000000000
3600 -1326.0000000000
3608 -1325.0000000000
3613 -1322.0000000000
3645 -1321.0000000000
3697 -1319.0000000000
3710 -1316.0000000000
3754 -1315.0000000000
3760 -1312.0000000000
3828 -1311.0000000000
3844 -1310.0000000000
3861 -1309.0000000000
3869 -1307.0000000000
3902 -1305.0000000000
3923 -1304.0000000000
3953 -1301.0000000000
4006 -1297.0000000000
4034 -1294.0000000000
4058 -1290.0000000000
4152 -1289.0000000000
4177 -1287.0000000000
4200 -1285.0000000000
4201 -1281.0000000000
4225 -1280.0000000000
4301 -1279.0000000000
4346 -1277.0000000000
4351 -1275.0000000000
4383 -1273.0000000000
4454 -1270.0000000000
4465 -1269.0000000000
4512 -1268.0000000000
4524 -1266.0000000000
4537 -1264.0000000000
4553 -1262.0000000000
4658 -1261.0000000000
4659 -1260.0000000000
4703 -1257.0000000000
4717 -1255.0000000000
4753 -1254.0000000000
4809 -1253.0000000000
4811 -1248.0000000000
4859 -1246.0000000000
4919 -1244.0000000000
4961 -1243.0000000000
4975 -1241.0000000000
5000 -1240.0000000000
5025 -1239.0000000000
5053 -1238.0000000000
5057 -1237.0000000000
5070 -1236.0000000000
5103 -1234.0000000000
5113 -1233.0000000000
5141 -1231.0000000000
5144 -1229.0000000000
5228 -1227.0000000000
5263 -1224.0000000000
5302 -1220.0000000000
5337 -1219.0000000000
5402 -1217.0000000000
5414 -1216.0000000000
5428 -1215.0000000000
5514 -1212.0000000000
5517 -1211.0000000000
5552 -1209.0000000000
5582 -1208.0000000000
5585 -1206.0000000000
5624 -1201.0000000000
5652 -1200.0000000000
5732 -1199.0000000000
5761 -1192.0000000000
5853 -1191.0000000000
5883 -1185.0000000000
6008 -1184.0000000000
6029 -1183.0000000000
6061 -1181.0000000000
6080 -1177.0000000000
6179 -1176.0000000000
6207 -1175.0000000000
6253 -1172.0000000000
6326 -1170.0000000000
6351 -1167.0000000000
6430 -1166.0000000000
6452 -1165.0000000000
6466 -1163.0000000000
6502 -1157.0000000000
6640 -1154.0000000000
6709 -1151.0000000000
6764 -1146.0000000000
6828 -1143.0000000000
6908 -1139.0000000000
6990 -1135.0000000000
7104 -1134.0000000000
7105 -1130.0000000000
7119 -1129.0000000000
7183 -1128.0000000000
7222 -1126.0000000000
7278 -1125.0000000000
7288 -1124.0000000000
7320 -1123.0000000000
7356 -1122.0000000000
7365 -1121.0000000000
7417 -1120.0000000000
7422 -1119.0000000000
7424 -1118.0000000000
7470 -1116.0000000000
7516 -1113.0000000000
7584 -1112.0000000000
7593 -1111.0000000000
7655 -1110.0000000000
7657 -1109.0000000000
7661 -1108.0000000000
7691 -1105.0000000000
7701 -1104.0000000000
7741 -1103.0000000000
7751 -1100.0000000000
7865 -1097.0000000000
7940 -1094.0000000000
8013 -1093.0000000000
8023 -1091.0000000000
8064 -1090.0000000000
8086 -1089.0000000000
8091 -1088.0000000000
8111 -1081.0000000000
8247 -1080.0000000000
8258 -1079.0000000000
8305 -1078.0000000000
8325 -1077.0000000000
8330 -1074.0000000000
8352 -1073.0000000000
8362 -1072.0000000000
8401 -1071.0000000000
8416 -1069.0000000000
8505 -1068.0000000000
8513 -1066.0000000000
8549 -1064.0000000000
8609 -1060.0000000000
8655 -1059.0000000000
8705 -1058.0000000000
8710 -1057.0000000000
8764 -1053.0000000000
8824 -1051.0000000000
8826 -1049.0000000000
8919 -1044.0000000000
9056 -1039.0000000000
9125 -1038.0000000000
9153 -1037.0000000000
9210 -1036.0000000000
9239 -1034.0000000000
9274 -1031.0000000000
9303 -1030.0000000000
9329 -1029.0000000000
9356 -1028.0000000000
9416 -1027.0000000000
9427 -1025.0000000000
9475 -1024.0000000000
9503 -1023.0000000000
9504 -1021.0000000000
9555 -1020.0000000000
9570 -1019.0000000000
9673 -1018.0000000000
9676 -1016.0000000000
9702 -1015.0000000000
9711 -1014.0000000000
9758 -1012.0000000000
9759 -1011.0000000000
9767 -1007.0000000000
9906 -1005.0000000000
9957 -1004.0000000000
9980 -1002.0000000000
10043 -998.0000000000
10144 -997.0000000000
10151 -995.0000000000
10153 -994.0000000000
10198 -993.0000000000
10208 -992.0000000000
10216 -991.0000000000
10276 -990.0000000000
10304 -988.0000000000
10306 -986.0000000000
10409 -985.0000000000
10430 -983.0000000000
10444 -982.0000000000
10492 -979.0000000000
10515 -978.0000000000
10546 -977.0000000000
10567 -976.0000000000
10611 -975.0000000000
10659 -972.0000000000
10697 -971.0000000000
10731 -969.0000000000
10754 -967.0000000000
10802 -966.0000000000
10857 -964.0000000000
10936 -962.0000000000
10964 -959.0000000000
11008 -958.0000000000
11028 -956.0000000000
11072 -953.0000000000
11165 -949.0000000000
11202 -945.0000000000
11257 -944.0000000000
11309 -942.0000000000
11351 -941.0000000000
11376 -940.0000000000
11383 -939.0000000000
11402 -935.0000000000
11531 -932.0000000000
11590 -931.0000000000
11610 -930.0000000000
11614 -927.0000000000
11669 -926.0000000000
11680 -925.0000000000
11705 -924.0000000000
11742 -922.0000000000
11762 -921.0000000000
11805 -920.0000000000
11852 -917.0000000000
11924 -914.0000000000
11968 -913.0000000000
12053 -909.0000000000
12055 -908.0000000000
12164 -906.0000000000
12199 -905.0000000000
12221 -904.0000000000
12242 -902.0000000000
12253 -901.0000000000
12267 -900.0000000000
12367 -899.0000000000
12381 -896.0000000000
12422 -893.0000000000
12472 -891.0000000000
12516 -889.0000000000
12571 -885.0000000000
12615 -884.0000000000
12672 -883.0000000000
12767 -881.0000000000
12809 -878.0000000000
12867 -877.0000000000
12956 -876.0000000000
12975 -873.0000000000
13005 -871.0000000000
13104 -870.0000000000
13109 -869.0000000000
13149 -866.0000000000
13176 -864.0000000000
13255 -863.0000000000
13296 -861.0000000000
13311 -860.0000000000
13334 -858.0000000000
13379 -856.0000000000
13428 -854.0000000000
13474 -853.0000000000
13514 -852.0000000000
13564 -848.0000000000
13659 -847.0000000000
13713 -846.0000000000
13728 -845.0000000000
13733 -843.0000000000
13746 -842.0000000000
13791 -841.0000000000
13845 -840.0000000000
13907 -839.0000000000
13922 -838.0000000000
13947 -835.0000000000
14003 -834.0000000000
14004 -832.0000000000
14074 -831.0000000000
14102 -829.0000000000
14201 -828.0000000000
14245 -825.0000000000
14367 -822.0000000000
14424 -821.0000000000
14457 -820.0000000000
14464 -818.0000000000
14555 -815.0000000000
14602 -812.0000000000
14659 -811.0000000000
14664 -810.0000000000
14673 -809.0000000000
14708 -808.0000000000
14757 -807.0000000000
14765 -806.0000000000
14770 -804.0000000000
14876 -803.0000000000
14949 -802.0000000000
14979 -801.0000000000
14980 -799.0000000000
15028 -797.0000000000
15067 -794.0000000000
15072 -793.0000000000
15117 -792.0000000000
15178 -791.0000000000
15222 -788.0000000000
15283 -786.0000000000
15287 -784.0000000000
15322 -782.0000000000
15341 -780.0000000000
15411 -779.0000000000
15460 -771.0000000000
15652 -770.0000000000
15681 -769.0000000000
15728 -767.0000000000
15800 -766.0000000000
15825 -764.0000000000
15827 -763.0000000000
15878 -762.0000000000
15946 -760.0000000000
15955 -757.0000000000
15987 -756.0000000000
16008 -754.0000000000
16036 -753.0000000000
16073 -751.0000000000
16105 -750.0000000000
16169 -749.0000000000
16230 -747.0000000000
16275 -746.0000000000
16279 -745.0000000000
16308 -744.0000000000
16345 -743.0000000000
16373 -742.0000000000
16380 -740.0000000000
16401 -739.0000000000
16473 -738.0000000000
16491 -733.0000000000
16556 -729.0000000000
16604 -728.0000000000
16752 -726.0000000000
16805 -724.0000000000
16865 -723.0000000000
16869 -721.0000000000
16926 -720.0000000000
16929 -719.0000000000
16972 -718.0000000000
16993 -716.0000000000
17042 -715.0000000000
17101 -712.0000000000
17118 -711.0000000000
17198 -710.0000000000
17203 -708.0000000000
17279 -706.0000000000
17318 -705.0000000000
17383 -704.0000000000
17414 -702.0000000000
17455 -701.0000000000
17486 -700.0000000000
17503 -699.0000000000
17557 -695.0000000000
17613 -692.0000000000
17724 -687.0000000000
17790 -686.0000000000
17829 -685.0000000000
17921 -683.0000000000
18003 -680.0000000000
18086 -679.0000000000
18111 -678.0000000000
18119 -677.0000000000
18203 -674.0000000000
18284 -673.0000000000
18331 -670.0000000000
18396 -669.0000000000
18474 -668.0000000000
18519 -667.0000000000
18562 -665.0000000000
18615 -661.0000000000
18765 -660.0000000000
18792 -659.0000000000
18818 -658.0000000000
18866 -657.0000000000
18928 -654.0000000000
18951 -653.0000000000
18985 -652.0000000000
19081 -650.0000000000
19157 -649.0000000000
19206 -648.0000000000
19228 -647.0000000000
19239 -646.0000000000
19304 -645.0000000000
19331 -644.0000000000
19357 -643.0000000000
19372 -642.0000000000
19402 -641.0000000000
19453 -640.0000000000
19473 -636.0000000000
19501 -635.0000000000
19595 -633.0000000000
19680 -630.0000000000
19702 -629.0000000000
19776 -627.0000000000
19901 -626.0000000000
19923 -625.0000000000
19962 -624.0000000000
19968 -622.0000000000
19985 -621.0000000000
20010 -618.0000000000
20079 -617.0000000000
20106 -616.0000000000
20145 -614.0000000000
20233 -611.0000000000
20279 -610.0000000000
20298 -609.0000000000
20316 -606.0000000000
20380 -603.0000000000
20452 -602.0000000000
20565 -601.0000000000
20567 -600.0000000000
20603 -598.0000000000
20661 -594.0000000000
20769 -592.0000000000
20884 -591.0000000000
20916 -589.0000000000
20957 -588.0000000000
21001 -586.0000000000
21114 -584.0000000000
21160 -583.0000000000
21174 -582.0000000000
21186 -579.0000000000
21259 -578.0000000000
21280 -577.0000000000
21343 -576.0000000000
21354 -573.0000000000
21433 -572.0000000000
21451 -571.0000000000
21467 -569.0000000000
21518 -568.0000000000
21618 -565.0000000000
21674 -559.0000000000
21839 -558.0000000000
21851 -556.0000000000
21914 -555.0000000000
21973 -554.0000000000
21985 -553.0000000000
22012 -547.0000000000
22180 -544.0000000000
22218 -543.0000000000
22316 -541.0000000000
22330 -540.0000000000
22331 -538.0000000000
22393 -536.0000000000
22459 -535.0000000000
22502 -534.0000000000
22536 -533.0000000000
22604 -532.0000000000
22616 -530.0000000000
22656 -527.0000000000
22716 -526.0000000000
22808 -525.0000000000
22826 -524.0000000000
22863 -523.0000000000
22917 -522.0000000000
22918 -520.0000000000
22963 -515.0000000000
23022 -514.0000000000
23077 -512.0000000000
23168 -511.0000000000
23252 -510.0000000000
23265 -508.0000000000
23299 -507.0000000000
23354 -506.0000000000
23357 -503.0000000000
23402 -502.0000000000
23481 -500.0000000000
23513 -498.0000000000
23547 -496.0000000000
23618 -495.0000000000
23683 -494.0000000000
23759 -492.0000000000
23815 -491.0000000000
23845 -489.0000000000
23916 -487.0000000000
23973 -486.0000000000
24009 -485.0000000000
24059 -483.0000000000
24062 -482.0000000000
24104 -481.0000000000
24206 -480.0000000000
24207 -479.0000000000
24278 -478.0000000000
24314 -475.0000000000
24333 -473.0000000000
24424 -471.0000000000
24452 -468.0000000000
24601 -465.0000000000
24722 -464.0000000000
24791 -463.0000000000
24807 -460.0000000000
24858 -457.0000000000
24908 -455.0000000000
25094 -454.0000000000
25105 -453.0000000000
25193 -451.0000000000
25248 -450.0000000000
25256 -449.0000000000
25302 -446.0000000000
25394 -445.0000000000
25437 -443.0000000000
25478 -442.0000000000
25514 -439.0000000000
25628 -436.0000000000
25745 -435.0000000000
25759 -434.0000000000
25802 -432.0000000000
25846 -430.0000000000
25914 -428.0000000000
25967 -427.0000000000
26048 -426.0000000000
26057 -425.0000000000
26110 -424.0000000000
26158 -423.0000000000
26201 -422.0000000000
26276 -421.0000000000
26354 -418.0000000000
26373 -417.0000000000
26527 -416.0000000000
26534 -415.0000000000
26563 -414.0000000000
26581 -413.0000000000
26610 -411.0000000000
26708 -409.0000000000
26727 -408.0000000000
26810 -407.0000000000
26856 -405.0000000000
26924 -403.0000000000
27026 -401.0000000000
27113 -400.0000000000
27165 -399.0000000000
27166 -398.0000000000
27212 -396.0000000000
27252 -395.0000000000
27274 -393.0000000000
27373 -390.0000000000
27466 -388.0000000000
27473 -387.0000000000
27533 -386.0000000000
27594 -385.0000000000
27618 -383.0000000000
27703 -382.0000000000
27750 -380.0000000000
27765 -378.0000000000
27865 -377.0000000000
27906 -376.0000000000
27920 -375.0000000000
27997 -372.0000000000
28051 -370.0000000000
28142 -369.0000000000
28189 -368.0000000000
28264 -367.0000000000
28270 -366.0000000000
28272 -364.0000000000
28413 -363.0000000000
28451 -362.0000000000
28485 -361.0000000000
28493 -360.0000000000
28569 -357.0000000000
28659 -355.0000000000
28668 -353.0000000000
28711 -348.0000000000
28921 -347.0000000000
29094 -346.0000000000
29123 -344.0000000000
29222 -343.0000000000
29272 -342.0000000000
29309 -341.0000000000
29386 -340.0000000000
29406 -339.0000000000
29432 -338.0000000000
29500 -337.0000000000
29537 -336.0000000000
29633 -335.0000000000
29654 -334.0000000000
29663 -333.0000000000
29818 -332.0000000000
29860 -329.0000000000
30025 -328.0000000000
30085 -327.0000000000
30103 -325.0000000000
30227 -324.0000000000
30261 -323.0000000000
30319 -321.0000000000
30370 -318.0000000000
30525 -316.0000000000
30651 -313.0000000000
30712 -311.0000000000
30813 -310.0000000000
30853 -309.0000000000
30874 -308.0000000000
31001 -307.0000000000
31060 -306.0000000000
31079 -305.0000000000
31197 -304.0000000000
31244 -302.0000000000
31261 -301.0000000000
31377 -300.0000000000
31428 -299.0000000000
31506 -298.0000000000
31560 -296.0000000000
31665 -295.0000000000
31704 -293.0000000000
31789 -291.0000000000
31834 -290.0000000000
31924 -288.0000000000
31928 -287.0000000000
31987 -286.0000000000
32004 -284.0000000000
32052 -283.0000000000
32120 -282.0000000000
32157 -281.0000000000
32221 -280.0000000000
32229 -278.0000000000
32328 -276.0000000000
32408 -275.0000000000
32464 -274.0000000000
32548 -271.0000000000
32654 -270.0000000000
32721 -269.0000000000
32751 -268.0000000000
32794 -265.0000000000
32867 -261.0000000000
32987 -260.0000000000
33102 -258.0000000000
33151 -257.0000000000
33212 -256.0000000000
33338 -254.0000000000
33462 -253.0000000000
33468 -252.0000000000
33572 -251.0000000000
33581 -248.0000000000
33751 -244.0000000000
33963 -243.0000000000
34012 -242.0000000000
34069 -241.0000000000
34220 -240.0000000000
34295 -236.0000000000
34572 -235.0000000000
34661 -233.0000000000
34767 -232.0000000000
34785 -231.0000000000
34902 -229.0000000000
35009 -228.0000000000
35202 -226.0000000000
35301 -224.0000000000
35418 -223.0000000000
35488 -222.0000000000
35555 -221.0000000000
35650 -220.0000000000
35704 -219.0000000000
35747 -218.0000000000
35869 -216.0000000000
36026 -215.0000000000
36070 -214.0000000000
36085 -213.0000000000
36108 -211.0000000000
36235 -210.0000000000
36248 -209.0000000000
36389 -208.0000000000
36404 -207.0000000000
36506 -205.0000000000
36577 -203.0000000000
36743 -202.0000000000
36857 -201.0000000000
36876 -199.0000000000
37077 -198.0000000000
37084 -197.0000000000
37221 -196.0000000000
37241 -195.0000000000
37262 -194.0000000000
37329 -193.0000000000
37425 -191.0000000000
37544 -189.0000000000
37721 -188.0000000000
37738 -186.0000000000
37841 -185.0000000000
37865 -184.0000000000
37979 -183.0000000000
38075 -182.0000000000
38126 -180.0000000000
38208 -179.0000000000
38210 -178.0000000000
38345 -177.0000000000
38457 -176.0000000000
38512 -173.0000000000
38680 -171.0000000000
38727 -170.0000000000
38868 -169.0000000000
38905 -167.0000000000
39079 -166.0000000000
39184 -165.0000000000
39208 -161.0000000000
39452 -159.0000000000
39583 -158.0000000000
39632 -157.0000000000
39699 -156.0000000000
39757 -155.0000000000
39835 -154.0000000000
39907 -153.0000000000
39934 -152.0000000000
40070 -151.0000000000
40161 -149.0000000000
40170 -148.0000000000
40255 -147.0000000000
40275 -146.0000000000
40454 -143.0000000000
40555 -142.0000000000
40691 -140.0000000000
40710 -139.0000000000
40771 -138.0000000000
40802 -137.0000000000
40853 -135.0000000000
40953 -134.0000000000
41016 -132.0000000000
41116 -131.0000000000
41163 -130.0000000000
41244 -129.0000000000
41347 -126.0000000000
41492 -124.0000000000
41629 -122.0000000000
41736 -121.0000000000
41802 -120.0000000000
41822 -119.0000000000
41945 -118.0000000000
41957 -117.0000000000
42010 -116.0000000000
42052 -115.0000000000
42126 -113.0000000000
42293 -112.0000000000
42394 -111.0000000000
42436 -110.0000000000
42541 -108.0000000000
42611 -107.0000000000
42653 -106.0000000000
42797 -105.0000000000
42811 -104.0000000000
42908 -103.0000000000
42925 -102.0000000000
43012 -101.0000000000
43033 -100.0000000000
43178 -99.0000000000
43248 -98.0000000000
43318 -97.0000000000
43368 -96.0000000000
43565 -95.0000000000
43615 -94.0000000000
43715 -93.0000000000
43858 -91.0000000000
44068 -90.0000000000
44092 -89.0000000000
44111 -88.0000000000
44308 -87.0000000000
44430 -86.0000000000
44588 -84.0000000000
44783 -83.0000000000
44824 -81.0000000000
44948 -80.0000000000
45034 -79.0000000000
45165 -77.0000000000
45319 -76.0000000000
45401 -75.0000000000
45509 -74.0000000000
45583 -73.0000000000
45663 -72.0000000000
45717 -70.0000000000
46019 -69.0000000000
46137 -68.0000000000
46259 -67.0000000000
46321 -66.0000000000
46375 -65.0000000000
46674 -64.0000000000
46868 -63.0000000000
46942 -62.0000000000
47025 -61.0000000000
47248 -60.0000000000
47398 -59.0000000000
47507 -58.0000000000
47608 -57.0000000000
47623 -56.0000000000
47781 -55.0000000000
47988 -52.0000000000
48201 -51.0000000000
48304 -50.0000000000
48392 -49.0000000000
48482 -48.0000000000
48618 -47.0000000000
48667 -46.0000000000
48812 -45.0000000000
48828 -44.0000000000
49062 -43.0000000000
49199 -41.0000000000
49318 -40.0000000000
49509 -39.0000000000
49822 -38.0000000000
50286 -36.0000000000
50380 -35.0000000000
50697 -34.0000000000
50866 -33.0000000000
51020 -32.0000000000
51091 -31.0000000000
51230 -30.0000000000
51408 -29.0000000000
51506 -28.0000000000
51670 -27.0000000000
51828 -25.0000000000
51854 -24.0000000000
51942 -23.0000000000
52047 -21.0000000000
52530 -20.0000000000
52607 -19.0000000000
52765 -18.0000000000
52858 -17.0000000000
53051 -15.0000000000
53270 -14.0000000000
53468 -13.0000000000
53659 -12.0000000000
53952 -11.0000000000
54047 -10.0000000000
54260 -9.0000000000
54577 -7.0000000000
54994 -6.0000000000
55254 -5.0000000000
55460 -4.0000000000
55767 -3.0000000000
56120 -2.0000000000
56364 -1.0000000000
56708 127.5400000000
56798 140.7600000000
56879 154.1900000000
57056 157.1300000000
57190 158.0200000000
57232 171.5500000000
57310 176.9700000000
57341 246.6100000000
57383 262.1200000000
57434 272.6200000000
57558 273.8800000000
57560 282.2600000000
57682 283.0200000000
57809 294.5100000000
57924 358.1100000000
57955 364.7100000000
58095 370.8300000000
58109 377.7900000000
58386 382.6300000000
58457 397.7100000000
58482 404.7000000000
58658 412.4000000000
58883 414.6500000000
58947 425.1700000000
59041 426.5900000000
59079 452.0000000000
59347 454.5500000000
59354 456.4200000000
59575 478.1800000000
59609 488.7700000000
59676 520.7600000000
59682 531.6100000000
59717 547.5600000000
59733 549.9100000000
59774 550.0300000000
59785 568.0600000000
59786 581.3600000000
59813 594.3100000000
59887 598.9800000000
60043 599.6700000000
60132 602.9200000000
60188 613.0200000000
60654 614.0500000000
60717 616.3400000000
60992 629.7600000000
61160 639.9000000000
61428 641.1200000000
61461 643.8300000000
61466 647.7900000000
61973 649.1500000000
62087 699.0600000000
62182 703.0400000000
62249 724.5100000000
62301 733.1300000000
62328 743.9600000000
62429 748.1900000000
62570 758.6400000000
62619 766.6700000000
62853 800.3800000000
63446 803.0500000000
63494 813.7200000000
63709 826.4900000000
64279 829.6000000000
64560 831.3300000000
64663 832.0300000000
65008 833.0700000000
65067 835.1000000000
65102 871.1600000000
65281 897.9100000000
65445 903.5800000000
65614 904.1400000000
66127 905.7500000000
66700 911.7500000000
66834 919.9300000000
69990 927.9300000000
70237 931.1000000000
71626 931.7900000000
72734 937.7700000000
76485 939.8000000000
76487 940.4500000000
76567 942.9700000000
77366 945.1500000000
77736 958.5300000000
82926 960.6900000000
85971 963.0700000000
86514 966.0000000000
87343 974.0200000000
87568 981.7100000000
87931 984.9600000000
88758 986.4500000000
88928 993.5400000000
91039 1002.9300000000
100000 956.6100000000
evaluations raw_y
1 -1999.0000000000
3 -1993.0000000000
13 -1970.0000000000
21 -1894.0000000000
149 -1892.0000000000
166 -1889.0000000000
186 -1880.0000000000
205 -1854.0000000000
209 -1848.0000000000
288 -1844.0000000000
301 -1820.0000000000
355 -1802.0000000000
409 -1794.0000000000
411 -1753.0000000000
458 -1745.0000000000
553 -1744.0000000000
608 -1732.0000000000
616 -1720.0000000000
687 -1716.0000000000
688 -1715.0000000000
716 -1714.0000000000
720 -1711.0000000000
731 -1701.0000000000
755 -1669.0000000000
830 -1666.0000000000
844 -1655.0000000000
964 -1649.0000000000
966 -1637.0000000000
1048 -1634.0000000000
1061 -1630.0000000000
1079 -1629.0000000000
1082 -1628.0000000000
1122 -1626.0000000000
1127 -1622.0000000000
1140 -1607.0000000000
1158 -1606.0000000000
1219 -1597.0000000000
1274 -1586.0000000000
1354 -1584.0000000000
1359 -1581.0000000000
1370 -1568.0000000000
1431 -1565.0000000000
1472 -1561.0000000000
1511 -1553.0000000000
1568 -1549.0000000000
1569 -1547.0000000000
1594 -1543.0000000000
1615 -1534.0000000000
1657 -1530.0000000000
1705 -1527.0000000000
1750 -1526.0000000000
1762 -1518.0000000000
1801 -1515.0000000000
1851 -1509.0000000000
1895 -1508.0000000000
1902 -1501.0000000000
1928 -1495.0000000000
1955 -1494.0000000000
1974 -1491.0000000000
2016 -1490.0000000000
2052 -1489.0000000000
2060 -1486.0000000000
2084 -1485.0000000000
2101 -1477.0000000000
2121 -1460.0000000000
2307 -1459.0000000000
2319 -1455.0000000000
2370 -1450.0000000000
2455 -1447.0000000000
2468 -1446.0000000000
2483 -1441.0000000000
2528 -1437.0000000000
2601 -1435.0000000000
2612 -1433.0000000000
2653 -1432.0000000000
2655 -1430.0000000000
2661 -1423.0000000000
2756 -1421.0000000000
2808 -1414.0000000000
2864 -1409.0000000000
2931 -1408.0000000000
2975 -1403.0000000000
3080 -1399.0000000000
3106 -1397.0000000000
3114 -1395.0000000000
3122 -1393.0000000000
3185 -1392.0000000000
3255 -1391.0000000000
3261 -1385.0000000000
3342 -1380.0000000000
3372 -1379.0000000000
3457 -1376.0000000000
3458 -1374.0000000000
3566 -1373.0000000000
3567 -1372.0000000000
3584 -1367.0000000000
3705 -1366.0000000000
3710 -1365.0000000000
3723 -1362.0000000000
3779 -1359.0000000000
3808 -1356.0000000000
3903 -1355.0000000000
3923 -1353.0000000000
3940 -1350.0000000000
3951 -1347.0000000000
4011 -1344.0000000000
4057 -1339.0000000000
4131 -1335.0000000000
4184 -1334.0000000000
4207 -1330.0000000000
4312 -1328.0000000000
4354 -1326.0000000000
4379 -1325.0000000000
4409 -1324.0000000000
4452 -1322.0000000000
4475 -1318.0000000000
4610 -1315.0000000000
4658 -1308.0000000000
4789 -1305.0000000000
4818 -1303.0000000000
4880 -1300.0000000000
4973 -1299.0000000000
5005 -1298.0000000000
5030 -1297.0000000000
5036 -1296.0000000000
5049 -1294.0000000000
5088 -1293.0000000000
5103 -1289.0000000000
5131 -1287.0000000000
5158 -1286.0000000000
5182 -1285.0000000000
5219 -1283.0000000000
5260 -1282.0000000000
5307 -1279.0000000000
5351 -1278.0000000000
5371 -1277.0000000000
5416 -1276.0000000000
5460 -1273.0000000000
5471 -1270.0000000000
5510 -1269.0000000000
5558 -1266.0000000000
5590 -1264.0000000000
5612 -1261.0000000000
5705 -1259.0000000000
5763 -1257.0000000000
5779 -1255.0000000000
5801 -1254.0000000000
5858 -1253.0000000000
5879 -1252.0000000000
5926 -1244.0000000000
5973 -1240.0000000000
6110 -1238.0000000000
6173 -1235.0000000000
6202 -1234.0000000000
6240 -1232.0000000000
6251 -1229.0000000000
6312 -1225.0000000000
6402 -1224.0000000000
6409 -1221.0000000000
6462 -1220.0000000000
6482 -1219.0000000000
6563 -1217.0000000000
6578 -1215.0000000000
6617 -1214.0000000000
6656 -1213.0000000000
6665 -1212.0000000000
6677 -1211.0000000000
6713 -1210.0000000000
6770 -1209.0000000000
6771 -1206.0000000000
6789 -1204.0000000000
6861 -1201.0000000000
6904 -1198.0000000000
6954 -1196.0000000000
7003 -1195.0000000000
7016 -1194.0000000000
7066 -1192.0000000000
7097 -1189.0000000000
7158 -1186.0000000000
7179 -1185.0000000000
7254 -1183.0000000000
7306 -1179.0000000000
7375 -1176.0000000000
7452 -1175.0000000000
7465 -1173.0000000000
7527 -1172.0000000000
7567 -1169.0000000000
7622 -1168.0000000000
7661 -1167.0000000000
7668 -1166.0000000000
7705 -1163.0000000000
7778 -1162.0000000000
7794 -1161.0000000000
7828 -1156.0000000000
7905 -1155.0000000000
7963 -1152.0000000000
8026 -1151.0000000000
8063 -1150.0000000000
8067 -1149.0000000000
8087 -1147.0000000000
8115 -1142.0000000000
8217 -1138.0000000000
8352 -1137.0000000000
8355 -1136.0000000000
8379 -1131.0000000000
8425 -1130.0000000000
8443 -1127.0000000000
8496 -1126.0000000000
8529 -1125.0000000000
8605 -1124.0000000000
8615 -1122.0000000000
8675 -1121.0000000000
8684 -1118.0000000000
8732 -1117.0000000000
8752 -1113.0000000000
8808 -1112.0000000000
8866 -1108.0000000000
8949 -1105.0000000000
9020 -1104.0000000000
9057 -1102.0000000000
9112 -1101.0000000000
9114 -1100.0000000000
9173 -1098.0000000000
9225 -1094.0000000000
9260 -1093.0000000000
9295 -1092.0000000000
9316 -1089.0000000000
9364 -1088.0000000000
9405 -1085.0000000000
9454 -1084.0000000000
9508 -1083.0000000000
9521 -1082.0000000000
9563 -1081.0000000000
9595 -1080.0000000000
9607 -1077.0000000000
9679 -1075.0000000000
9702 -1074.0000000000
9777 -1073.0000000000
9797 -1072.0000000000
9822 -1071.0000000000
9832 -1070.0000000000
9834 -1069.0000000000
9882 -1066.0000000000
9913 -1065.0000000000
9957 -1064.0000000000
9995 -1063.0000000000
10011 -1062.0000000000
10116 -1061.0000000000
10118 -1060.0000000000
10160 -1057.0000000000
10176 -1056.0000000000
10217 -1055.0000000000
10253 -1054.0000000000
10290 -1053.0000000000
10327 -1051.0000000000
10349 -1048.0000000000
10413 -1044.0000000000
10488 -1043.0000000000
10492 -1042.0000000000
10504 -1041.0000000000
10518 -1037.0000000000
10618 -1036.0000000000
10651 -1035.0000000000
10678 -1033.0000000000
10737 -1032.0000000000
10789 -1029.0000000000
10890 -1026.0000000000
10944 -1023.0000000000
11020 -1022.0000000000
11046 -1021.0000000000
11092 -1018.0000000000
11116 -1016.0000000000
11199 -1015.0000000000
11234 -1014.0000000000
11278 -1011.0000000000
11308 -1010.0000000000
11349 -1009.0000000000
11352 -1006.0000000000
11370 -1002.0000000000
11495 -1001.0000000000
11541 -997.0000000000
11614 -996.0000000000
11622 -995.0000000000
11659 -993.0000000000
11715 -988.0000000000
11835 -986.0000000000
11928 -983.0000000000
11960 -982.0000000000
11990 -980.0000000000
12062 -977.0000000000
12137 -976.0000000000
12158 -975.0000000000
12165 -972.0000000000
12264 -971.0000000000
12281 -970.0000000000
12297 -969.0000000000
12327 -968.0000000000
12357 -965.0000000000
12378 -964.0000000000
12381 -962.0000000000
12451 -961.0000000000
12461 -960.0000000000
12466 -958.0000000000
12551 -957.0000000000
12613 -956.0000000000
12627 -954.0000000000
12670 -952.0000000000
12671 -949.0000000000
12734 -948.0000000000
12764 -947.0000000000
12816 -946.0000000000
12854 -944.0000000000
12871 -942.0000000000
12943 -941.0000000000
12958 -939.0000000000
13011 -937.0000000000
13056 -936.0000000000
13084 -934.0000000000
13152 -932.0000000000
13182 -931.0000000000
13216 -930.0000000000
13256 -928.0000000000
13277 -926.0000000000
13293 -925.0000000000
13311 -922.0000000000
13414 -921.0000000000
13444 -920.0000000000
13501 -918.0000000000
13525 -917.0000000000
13561 -916.0000000000
13573 -914.0000000000
13649 -912.0000000000
13660 -910.0000000000
13746 -909.0000000000
13778 -908.0000000000
13782 -907.0000000000
13806 -905.0000000000
13851 -904.0000000000
13853 -902.0000000000
13857 -899.0000000000
14003 -894.0000000000
14121 -893.0000000000
14122 -891.0000000000
14174 -890.0000000000
14215 -889.0000000000
14228 -888.0000000000
14252 -886.0000000000
14347 -882.0000000000
14352 -881.0000000000
14420 -880.0000000000
14440 -879.0000000000
14475 -877.0000000000
14515 -876.0000000000
14596 -872.0000000000
14619 -870.0000000000
14670 -869.0000000000
14674 -868.0000000000
14736 -865.0000000000
14826 -863.0000000000
14865 -862.0000000000
14920 -861.0000000000
14956 -859.0000000000
15023 -855.0000000000
15102 -853.0000000000
15147 -852.0000000000
15169 -851.0000000000
15208 -850.0000000000
15260 -849.0000000000
15317 -848.0000000000
15356 -846.0000000000
15409 -838.0000000000
15529 -836.0000000000
15555 -835.0000000000
15640 -834.0000000000
15753 -832.0000000000
15772 -831.0000000000
15833 -830.0000000000
15861 -828.0000000000
15912 -825.0000000000
16023 -822.0000000000
16118 -821.0000000000
16137 -820.0000000000
16153 -819.0000000000
16218 -818.0000000000
16251 -816.0000000000
16258 -811.0000000000
16370 -809.0000000000
16416 -805.0000000000
16566 -803.0000000000
16569 -801.0000000000
16614 -797.0000000000
16657 -796.0000000000
16730 -795.0000000000
16742 -794.0000000000
16763 -792.0000000000
16799 -790.0000000000
16874 -788.0000000000
16951 -786.0000000000
17008 -784.0000000000
17090 -782.0000000000
17127 -781.0000000000
17153 -778.0000000000
17192 -777.0000000000
17262 -774.0000000000
17331 -771.0000000000
17404 -770.0000000000
17415 -769.0000000000
17459 -768.0000000000
17487 -766.0000000000
17565 -764.0000000000
17567 -761.0000000000
17594 -760.0000000000
17717 -759.0000000000
17810 -758.0000000000
17845 -756.0000000000
17883 -755.0000000000
17902 -753.0000000000
17980 -751.0000000000
18004 -747.0000000000
18102 -743.0000000000
18154 -740.0000000000
18258 -739.0000000000
18334 -738.0000000000
18340 -735.0000000000
18405 -733.0000000000
18571 -732.0000000000
18604 -731.0000000000
18611 -730.0000000000
18651 -729.0000000000
18661 -728.0000000000
18704 -726.0000000000
18714 -725.0000000000
18725 -724.0000000000
18751 -723.0000000000
18752 -722.0000000000
18778 -717.0000000000
18850 -716.0000000000
18854 -715.0000000000
18890 -714.0000000000
19006 -712.0000000000
19038 -709.0000000000
19150 -707.0000000000
19205 -705.0000000000
19208 -704.0000000000
19290 -703.0000000000
19292 -699.0000000000
19379 -698.0000000000
19426 -697.0000000000
19456 -695.0000000000
19465 -694.0000000000
19488 -691.0000000000
19586 -687.0000000000
19721 -686.0000000000
19761 -684.0000000000
19817 -679.0000000000
19914 -677.0000000000
19969 -676.0000000000
20002 -675.0000000000
20013 -672.0000000000
20103 -669.0000000000
20178 -668.0000000000
20219 -667.0000000000
20228 -664.0000000000
20266 -662.0000000000
20397 -660.0000000000
20412 -659.0000000000
20414 -658.0000000000
20472 -657.0000000000
20491 -654.0000000000
20554 -653.0000000000
20583 -652.0000000000
20596 -650.0000000000
20634 -649.0000000000
20711 -648.0000000000
20713 -647.0000000000
20813 -646.0000000000
20852 -644.0000000000
20913 -640.0000000000
20978 -638.0000000000
21040 -636.0000000000
21091 -635.0000000000
21153 -634.0000000000
21195 -632.0000000000
21279 -630.0000000000
21333 -628.0000000000
21371 -627.0000000000
21413 -624.0000000000
21503 -623.0000000000
21582 -619.0000000000
21701 -618.0000000000
21704 -616.0000000000
21761 -615.0000000000
21858 -614.0000000000
21863 -613.0000000000
21934 -612.0000000000
21942 -611.0000000000
21969 -609.0000000000
22030 -607.0000000000
22076 -606.0000000000
22156 -604.0000000000
22166 -602.0000000000
22316 -601.0000000000
22319 -600.0000000000
22335 -599.0000000000
22359 -596.0000000000
22413 -595.0000000000
22522 -594.0000000000
22523 -591.0000000000
22638 -589.0000000000
22757 -584.0000000000
22880 -583.0000000000
22914 -581.0000000000
22919 -577.0000000000
23078 -576.0000000000
23080 -574.0000000000
23123 -573.0000000000
23156 -572.0000000000
23219 -571.0000000000
23262 -569.0000000000
23303 -567.0000000000
23414 -565.0000000000
23420 -564.0000000000
23546 -563.0000000000
23551 -562.0000000000
23580 -559.0000000000
23659 -555.0000000000
23827 -553.0000000000
23902 -552.0000000000
23995 -551.0000000000
24001 -549.0000000000
24074 -548.0000000000
24080 -547.0000000000
24131 -546.0000000000
24203 -545.0000000000
24258 -543.0000000000
24310 -542.0000000000
24318 -541.0000000000
24379 -540.0000000000
24407 -539.0000000000
24437 -537.0000000000
24507 -536.0000000000
24533 -534.0000000000
24601 -532.0000000000
24732 -531.0000000000
24739 -525.0000000000
24950 -524.0000000000
24987 -523.0000000000
25004 -522.0000000000
25031 -521.0000000000
25064 -520.0000000000
25126 -518.0000000000
25142 -516.0000000000
25250 -512.0000000000
25440 -509.0000000000
25508 -508.0000000000
25600 -507.0000000000
25604 -506.0000000000
25657 -504.0000000000
25672 -503.0000000000
25774 -502.0000000000
25779 -500.0000000000
25859 -499.0000000000
25908 -498.0000000000
25940 -494.0000000000
25977 -493.0000000000
26017 -492.0000000000
26086 -491.0000000000
26116 -490.0000000000
26159 -489.0000000000
26208 -488.0000000000
26256 -486.0000000000
26315 -485.0000000000
26432 -484.0000000000
26435 -483.0000000000
26479 -480.0000000000
26596 -479.0000000000
26629 -478.0000000000
26646 -477.0000000000
26693 -475.0000000000
26785 -473.0000000000
26823 -471.0000000000
26909 -470.0000000000
26951 -469.0000000000
27011 -468.0000000000
27020 -467.0000000000
27052 -464.0000000000
27118 -461.0000000000
27211 -458.0000000000
27310 -456.0000000000
27312 -455.0000000000
27469 -452.0000000000
27501 -449.0000000000
27561 -448.0000000000
27601 -445.0000000000
27714 -444.0000000000
27783 -442.0000000000
27839 -440.0000000000
27907 -438.0000000000
28059 -435.0000000000
28111 -432.0000000000
28269 -431.0000000000
28279 -430.0000000000
28349 -429.0000000000
28378 -428.0000000000
28386 -426.0000000000
28437 -425.0000000000
28460 -421.0000000000
28606 -420.0000000000
28633 -417.0000000000
28785 -416.0000000000
28804 -415.0000000000
28848 -414.0000000000
28884 -413.0000000000
28931 -412.0000000000
28986 -411.0000000000
29010 -409.0000000000
29065 -408.0000000000
29154 -407.0000000000
29205 -406.0000000000
29327 -405.0000000000
29347 -404.0000000000
29397 -403.0000000000
29419 -401.0000000000
29511 -400.0000000000
29517 -399.0000000000
29553 -398.0000000000
29632 -395.0000000000
29751 -394.0000000000
29834 -393.0000000000
29894 -392.0000000000
29942 -391.0000000000
29962 -390.0000000000
29985 -389.0000000000
30010 -388.0000000000
30054 -387.0000000000
30100 -386.0000000000
30109 -385.0000000000
30181 -383.0000000000
30257 -382.0000000000
30278 -381.0000000000
30301 -379.0000000000
30410 -378.0000000000
30465 -377.0000000000
30488 -376.0000000000
30519 -375.0000000000
30569 -374.0000000000
30626 -371.0000000000
30651 -370.0000000000
30711 -369.0000000000
30730 -366.0000000000
30805 -364.0000000000
30918 -363.0000000000
30938 -362.0000000000
30975 -361.0000000000
31015 -360.0000000000
31062 -359.0000000000
31068 -358.0000000000
31103 -357.0000000000
31171 -355.0000000000
31194 -354.0000000000
31254 -352.0000000000
31301 -351.0000000000
31392 -350.0000000000
31446 -349.0000000000
31512 -348.0000000000
31519 -347.0000000000
31553 -346.0000000000
31630 -340.0000000000
31802 -338.0000000000
31870 -337.0000000000
31935 -336.0000000000
31952 -334.0000000000
31964 -333.0000000000
32062 -332.0000000000
32111 -330.0000000000
32138 -328.0000000000
32213 -326.0000000000
32352 -324.0000000000
32449 -323.0000000000
32461 -322.0000000000
32554 -321.0000000000
32628 -320.0000000000
32655 -319.0000000000
32754 -316.0000000000
32893 -315.0000000000
32902 -312.0000000000
33111 -311.0000000000
33165 -309.0000000000
33177 -308.0000000000
33202 -306.0000000000
33232 -305.0000000000
33309 -304.0000000000
33365 -302.0000000000
33494 -301.0000000000
33564 -299.0000000000
33603 -297.0000000000
33677 -296.0000000000
33698 -295.0000000000
33730 -294.0000000000
33843 -293.0000000000
33869 -292.0000000000
33896 -288.0000000000
33963 -287.0000000000
34093 -286.0000000000
34111 -284.0000000000
34202 -283.0000000000
34252 -282.0000000000
34343 -281.0000000000
34356 -279.0000000000
34399 -278.0000000000
34528 -276.0000000000
34581 -275.0000000000
34582 -274.0000000000
34652 -271.0000000000
34761 -268.0000000000
34901 -267.0000000000
34935 -266.0000000000
34946 -265.0000000000
34947 -264.0000000000
35038 -262.0000000000
35103 -261.0000000000
35160 -260.0000000000
35271 -257.0000000000
35284 -256.0000000000
35353 -255.0000000000
35427 -254.0000000000
35491 -253.0000000000
35570 -251.0000000000
35581 -250.0000000000
35732 -245.0000000000
35980 -244.0000000000
36055 -242.0000000000
36063 -240.0000000000
36222 -238.0000000000
36344 -236.0000000000
36452 -232.0000000000
36578 -231.0000000000
36657 -229.0000000000
36802 -227.0000000000
36906 -226.0000000000
36932 -225.0000000000
36998 -224.0000000000
37006 -223.0000000000
37121 -221.0000000000
37268 -220.0000000000
37332 -218.0000000000
37420 -217.0000000000
37503 -216.0000000000
37666 -214.0000000000
37773 -213.0000000000
37898 -211.0000000000
37914 -209.0000000000
38093 -207.0000000000
38127 -206.0000000000
38282 -205.0000000000
38299 -200.0000000000
38382 -199.0000000000
38459 -198.0000000000
38517 -197.0000000000
38615 -196.0000000000
38659 -194.0000000000
38660 -192.0000000000
38759 -191.0000000000
38866 -190.0000000000
38942 -188.0000000000
39029 -187.0000000000
39065 -186.0000000000
39105 -185.0000000000
39246 -184.0000000000
39276 -183.0000000000
39290 -182.0000000000
39346 -181.0000000000
39515 -179.0000000000
39587 -178.0000000000
39665 -176.0000000000
39806 -174.0000000000
39953 -173.0000000000
40040 -172.0000000000
40159 -170.0000000000
40204 -169.0000000000
40311 -167.0000000000
40395 -166.0000000000
40397 -165.0000000000
40483 -164.0000000000
40564 -163.0000000000
40628 -162.0000000000
40784 -161.0000000000
40856 -160.0000000000
40898 -158.0000000000
40961 -156.0000000000
41112 -154.0000000000
41173 -153.0000000000
41212 -152.0000000000
41262 -151.0000000000
41316 -150.0000000000
41432 -149.0000000000
41469 -147.0000000000
41677 -146.0000000000
41720 -145.0000000000
41757 -144.0000000000
41904 -142.0000000000
42053 -141.0000000000
42086 -140.0000000000
42113 -139.0000000000
42292 -138.0000000000
42301 -137.0000000000
42432 -135.0000000000
42621 -133.0000000000
42654 -132.0000000000
42713 -130.0000000000
42911 -129.0000000000
43003 -128.0000000000
43029 -127.0000000000
43141 -125.0000000000
43213 -123.0000000000
43232 -122.0000000000
43554 -121.0000000000
43637 -120.0000000000
43708 -119.0000000000
43735 -117.0000000000
43807 -116.0000000000
43929 -115.0000000000
44005 -113.0000000000
44151 -112.0000000000
44225 -110.0000000000
44488 -108.0000000000
44632 -107.0000000000
44662 -106.0000000000
44848 -105.0000000000
44861 -104.0000000000
44963 -103.0000000000
45102 -102.0000000000
45182 -100.0000000000
45395 -99.0000000000
45470 -98.0000000000
45533 -97.0000000000
45674 -94.0000000000
45923 -93.0000000000
46061 -91.0000000000
46160 -90.0000000000
46250 -89.0000000000
46324 -88.0000000000
46480 -87.0000000000
46569 -85.0000000000
46701 -83.0000000000
46853 -82.0000000000
46915 -81.0000000000
47062 -79.0000000000
47211 -78.0000000000
47421 -76.0000000000
47456 -75.0000000000
47510 -74.0000000000
47721 -73.0000000000
47756 -72.0000000000
47939 -71.0000000000
47953 -70.0000000000
48199 -69.0000000000
48251 -68.0000000000
48417 -67.0000000000
48488 -66.0000000000
48705 -65.0000000000
48804 -63.0000000000
49138 -62.0000000000
49203 -61.0000000000
49386 -60.0000000000
49414 -59.0000000000
49567 -58.0000000000
49781 -57.0000000000
49871 -54.0000000000
50125 -53.0000000000
50352 -52.0000000000
50428 -51.0000000000
50462 -50.0000000000
50627 -49.0000000000
50845 -48.0000000000
51137 -47.0000000000
51319 -46.0000000000
51321 -45.0000000000
51674 -44.0000000000
52104 -43.0000000000
52201 -42.0000000000
52444 -41.0000000000
52545 -40.0000000000
52659 -39.0000000000
52759 -38.0000000000
52854 -37.0000000000
53054 -36.0000000000
53173 -35.0000000000
53194 -34.0000000000
53220 -33.0000000000
53429 -31.0000000000
53668 -30.0000000000
53858 -29.0000000000
53960 -28.0000000000
54103 -27.0000000000
54291 -26.0000000000
54485 -25.0000000000
54596 -24.0000000000
54628 -23.0000000000
54884 -22.0000000000
54961 -21.0000000000
55015 -20.0000000000
55200 -19.0000000000
55448 -18.0000000000
55580 -17.0000000000
55932 -16.0000000000
56039 -14.0000000000
56263 -13.0000000000
56344 -11.0000000000
57026 -10.0000000000
57480 -9.0000000000
57488 -8.0000000000
58101 -7.0000000000
58159 -6.0000000000
58407 -5.0000000000
58468 -4.0000000000
58608 -3.0000000000
58777 -2.0000000000
58965 -1.0000000000
59361 151.1700000000
59486 154.4100000000
59607 157.3500000000
59834 157.5500000000
59955 183.0500000000
59957 191.2900000000
60127 197.3600000000
60416 198.0800000000
60453 203.6400000000
60468 207.6000000000
60874 222.8000000000
61137 246.5900000000
61271 249.0300000000
61280 306.4600000000
61456 325.1500000000
61588 326.2700000000
61663 338.5400000000
61761 341.4100000000
61849 348.5600000000
61996 361.7200000000
62250 364.8000000000
62486 368.1600000000
62583 372.5300000000
62616 376.0000000000
62644 379.7000000000
62662 486.2900000000
62785 493.9900000000
62854 507.9200000000
62955 515.6100000000
63230 517.0900000000
63316 536.4400000000
63321 621.0800000000
63556 623.7600000000
63560 630.4200000000
63597 632.1100000000
63635 633.4900000000
63644 745.3100000000
63685 758.1100000000
63736 770.2800000000
63804 772.0200000000
63875 779.1400000000
64271 790.5000000000
64527 793.9700000000
64744 796.7900000000
65967 803.0700000000
66176 842.3400000000
66208 864.2200000000
66362 865.9300000000
66404 872.4700000000
66464 876.8100000000
67626 880.1700000000
67813 884.9200000000
67873 887.9700000000
69432 890.8600000000
71223 893.3500000000
72401 897.6900000000
73113 901.4100000000
73326 902.2700000000
74348 904.0400000000
74578 905.3800000000
74595 907.9200000000
74776 912.6400000000
76021 914.2000000000
77574 915.9400000000
83430 918.6200000000
84859 920.9200000000
85045 926.2100000000
86254 927.8400000000
90902 929.2200000000
91180 941.4800000000
91249 946.4100000000
91411 964.5400000000
95966 970.4400000000
98754 972.1500000000
100000 746.2500000000
evaluations raw_y
1 -2046.0000000000
2 -2027.0000000000
3 -2010.0000000000
5 -1996.0000000000
8 -1987.0000000000
9 -1968.0000000000
10 -1945.0000000000
45 -1930.0000000000
105 -1928.0000000000
108 -1913.0000000000
151 -1899.0000000000
174 -1895.0000000000
203 -1890.0000000000
206 -1881.0000000000
207 -1876.0000000000
259 -1859.0000000000
267 -1856.0000000000
289 -1825.0000000000
383 -1823.0000000000
403 -1807.0000000000
452 -1801.0000000000
453 -1799.0000000000
472 -1769.0000000000
550 -1748.0000000000
582 -1744.0000000000
609 -1733.0000000000
617 -1725.0000000000
673 -1720.0000000000
678 -1709.0000000000
747 -1705.0000000000
767 -1690.0000000000
768 -1687.0000000000
828 -1684.0000000000
838 -1680.0000000000
844 -1675.0000000000
880 -1661.0000000000
905 -1653.0000000000
987 -1650.0000000000
1005 -1649.0000000000
1008 -1647.0000000000
1010 -1646.0000000000
1012 -1642.0000000000
1028 -1640.0000000000
1045 -1638.0000000000
1053 -1625.0000000000
1054 -1610.0000000000
1118 -1602.0000000000
1156 -1600.0000000000
1225 -1595.0000000000
1227 -1584.0000000000
1259 -1583.0000000000
1287 -1581.0000000000
1298 -1577.0000000000
1325 -1574.0000000000
1354 -1554.0000000000
1368 -1553.0000000000
1409 -1549.0000000000
1415 -1547.0000000000
1458 -1546.0000000000
1459 -1536.0000000000
1538 -1533.0000000000
1539 -1529.0000000000
1582 -1526.0000000000
1587 -1525.0000000000
1600 -1521.0000000000
1637 -1513.0000000000
1654 -1506.0000000000
1702 -1505.0000000000
1720 -1503.0000000000
1746 -1497.0000000000
1766 -1489.0000000000
1844 -1485.0000000000
1855 -1483.0000000000
1856 -1479.0000000000
1901 -1475.0000000000
1913 -1474.0000000000
1951 -1465.0000000000
1987 -1463.0000000000
2009 -1450.0000000000
2059 -1448.0000000000
2104 -1442.0000000000
2187 -1439.0000000000
2211 -1438.0000000000
2231 -1435.0000000000
2237 -1434.0000000000
2258 -1422.0000000000
2321 -1415.0000000000
2351 -1409.0000000000
2454 -1406.0000000000
2483 -1404.0000000000
2503 -1402.0000000000
2566 -1401.0000000000
2575 -1399.0000000000
2587 -1398.0000000000
2652 -1397.0000000000
2656 -1392.0000000000
2658 -1388.0000000000
2717 -1387.0000000000
2785 -1385.0000000000
2790 -1382.0000000000
2791 -1378.0000000000
2852 -1374.0000000000
2897 -1366.0000000000
2965 -1360.0000000000
3066 -1359.0000000000
3112 -1357.0000000000
3115 -1356.0000000000
3159 -1355.0000000000
3162 -1353.0000000000
3193 -1347.0000000000
3263 -1346.0000000000
3276 -1344.0000000000
3333 -1343.0000000000
3356 -1340.0000000000
3377 -1335.0000000000
3405 -1334.0000000000
3409 -1331.0000000000
3502 -1329.0000000000
3504 -1328.0000000000
3565 -1326.0000000000
3579 -1322.0000000000
3684 -1320.0000000000
3686 -1319.0000000000
3716 -1317.0000000000
3751 -1314.0000000000
3827 -1309.0000000000
3894 -1308.0000000000
3901 -1307.0000000000
3923 -1306.0000000000
3968 -1302.0000000000
3995 -1301.0000000000
4002 -1300.0000000000
4059 -1299.0000000000
4067 -1297.0000000000
4122 -1296.0000000000
4132 -1295.0000000000
4162 -1291.0000000000
4208 -1287.0000000000
4277 -1284.0000000000
4323 -1283.0000000000
4380 -1282.0000000000
4403 -1279.0000000000
4451 -1278.0000000000
4458 -1277.0000000000
4472 -1275.0000000000
4483 -1274.0000000000
4509 -1271.0000000000
4554 -1269.0000000000
4625 -1267.0000000000
4627 -1265.0000000000
4650 -1264.0000000000
4710 -1263.0000000000
4732 -1262.0000000000
4778 -1261.0000000000
4807 -1260.0000000000
4833 -1259.0000000000
4853 -1257.0000000000
4856 -1253.0000000000
4935 -1252.0000000000
4940 -1248.0000000000
4956 -1247.0000000000
5058 -1245.0000000000
5065 -1243.0000000000
5110 -1241.0000000000
5174 -1240.0000000000
5189 -1238.0000000000
5221 -1236.0000000000
5237 -1234.0000000000
5269 -1231.0000000000
5339 -1230.0000000000
5402 -1229.0000000000
5410 -1228.0000000000
5411 -1227.0000000000
5475 -1223.0000000000
5569 -1221.0000000000
5627 -1220.0000000000
5670 -1217.0000000000
5704 -1216.0000000000
5763 -1213.0000000000
5778 -1211.0000000000
5823 -1205.0000000000
5885 -1201.0000000000
6022 -1199.0000000000
6061 -1198.0000000000
6075 -1195.0000000000
6152 -1194.0000000000
6167 -1193.0000000000
6182 -1192.0000000000
6256 -1190.0000000000
6268 -1188.0000000000
6319 -1186.0000000000
6354 -1185.0000000000
6365 -1183.0000000000
6424 -1182.0000000000
6434 -1181.0000000000
6484 -1180.0000000000
6509 -1179.0000000000
6521 -1175.0000000000
6573 -1174.0000000000
6576 -1172.0000000000
6651 -1169.0000000000
6677 -1168.0000000000
6747 -1167.0000000000
6760 -1166.0000000000
6765 -1164.0000000000
6801 -1161.0000000000
6848 -1159.0000000000
6870 -1157.0000000000
6917 -1156.0000000000
6985 -1155.0000000000
6992 -1154.0000000000
7005 -1152.0000000000
7069 -1150.0000000000
7102 -1149.0000000000
7136 -1148.0000000000
7151 -1147.0000000000
7172 -1146.0000000000
7179 -1144.0000000000
7195 -1141.0000000000
7288 -1139.0000000000
7340 -1137.0000000000
7351 -1133.0000000000
7451 -1132.0000000000
7474 -1131.0000000000
7501 -1125.0000000000
7553 -1124.0000000000
7615 -1123.0000000000
7619 -1120.0000000000
7660 -1119.0000000000
7754 -1116.0000000000
7768 -1114.0000000000
7809 -1113.0000000000
7853 -1110.0000000000
7911 -1108.0000000000
7917 -1106.0000000000
7951 -1104.0000000000
8007 -1103.0000000000
8016 -1102.0000000000
8061 -1100.0000000000
8070 -1099.0000000000
8110 -1098.0000000000
8116 -1093.0000000000
8227 -1092.0000000000
8253 -1088.0000000000
8306 -1086.0000000000
8388 -1084.0000000000
8426 -1081.0000000000
8461 -1079.0000000000
8513 -1074.0000000000
8579 -1070.0000000000
8634 -1069.0000000000
8684 -1068.0000000000
8704 -1067.0000000000
8773 -1066.0000000000
8780 -1065.0000000000
8793 -1064.0000000000
8830 -1063.0000000000
8851 -1062.0000000000
8869 -1057.0000000000
8967 -1056.0000000000
9025 -1055.0000000000
9044 -1054.0000000000
9052 -1050.0000000000
9175 -1048.0000000000
9201 -1047.0000000000
9240 -1046.0000000000
9252 -1042.0000000000
9362 -1040.0000000000
9369 -1039.0000000000
9387 -1037.0000000000
9456 -1034.0000000000
9509 -1033.0000000000
9560 -1031.0000000000
9604 -1029.0000000000
9656 -1027.0000000000
9679 -1024.0000000000
9728 -1023.0000000000
9768 -1021.0000000000
9775 -1020.0000000000
9809 -1019.0000000000
9852 -1018.0000000000
9878 -1016.0000000000
9911 -1015.0000000000
9948 -1014.0000000000
9992 -1012.0000000000
10031 -1007.0000000000
10128 -1006.0000000000
10161 -1000.0000000000
10310 -999.0000000000
10347 -997.0000000000
10374 -995.0000000000
10418 -992.0000000000
10522 -990.0000000000
10566 -989.0000000000
10581 -988.0000000000
10639 -987.0000000000
10668 -986.0000000000
10707 -985.0000000000
10741 -984.0000000000
10788 -978.0000000000
10892 -976.0000000000
10975 -972.0000000000
11014 -969.0000000000
11054 -965.0000000000
11153 -963.0000000000
11212 -961.0000000000
11250 -960.0000000000
11317 -958.0000000000
11319 -957.0000000000
11341 -954.0000000000
11389 -953.0000000000
11457 -952.0000000000
11460 -951.0000000000
11512 -950.0000000000
11551 -947.0000000000
11572 -946.0000000000
11628 -943.0000000000
11681 -942.0000000000
11702 -940.0000000000
11735 -936.0000000000
11766 -935.0000000000
11807 -934.0000000000
11830 -933.0000000000
11847 -932.0000000000
11864 -931.0000000000
11922 -930.0000000000
11959 -929.0000000000
11961 -928.0000000000
11977 -927.0000000000
12006 -924.0000000000
12077 -921.0000000000
12161 -920.0000000000
12188 -919.0000000000
12206 -918.0000000000
12222 -915.0000000000
12273 -914.0000000000
12277 -913.0000000000
12311 -912.0000000000
12381 -911.0000000000
12384 -910.0000000000
12408 -909.0000000000
12445 -908.0000000000
12536 -905.0000000000
12561 -903.0000000000
12631 -900.0000000000
12649 -899.0000000000
12708 -897.0000000000
12758 -896.0000000000
12784 -891.0000000000
12919 -889.0000000000
12987 -888.0000000000
13004 -887.0000000000
13030 -885.0000000000
13127 -878.0000000000
13218 -877.0000000000
13263 -875.0000000000
13346 -874.0000000000
13354 -871.0000000000
13420 -870.0000000000
13439 -869.0000000000
13463 -868.0000000000
13501 -865.0000000000
13562 -863.0000000000
13600 -862.0000000000
13606 -859.0000000000
13667 -858.0000000000
13741 -856.0000000000
13760 -854.0000000000
13812 -853.0000000000
13858 -852.0000000000
13872 -851.0000000000
13983 -850.0000000000
14001 -849.0000000000
14013 -847.0000000000
14064 -846.0000000000
14093 -843.0000000000
14115 -842.0000000000
14158 -841.0000000000
14213 -840.0000000000
14260 -839.0000000000
14309 -837.0000000000
14329 -834.0000000000
14357 -831.0000000000
14442 -830.0000000000
14554 -826.0000000000
14708 -823.0000000000
14736 -822.0000000000
14759 -821.0000000000
14827 -820.0000000000
14854 -817.0000000000
14905 -816.0000000000
14936 -814.0000000000
15004 -813.0000000000
15052 -812.0000000000
15061 -811.0000000000
15130 -809.0000000000
15187 -805.0000000000
15201 -804.0000000000
15258 -802.0000000000
15319 -801.0000000000
15380 -800.0000000000
15451 -798.0000000000
15509 -796.0000000000
15520 -795.0000000000
15528 -794.0000000000
15575 -793.0000000000
15609 -792.0000000000
15659 -791.0000000000
15724 -790.0000000000
15745 -787.0000000000
15808 -786.0000000000
15883 -785.0000000000
15931 -781.0000000000
15949 -780.0000000000
16002 -778.0000000000
16086 -777.0000000000
16105 -775.0000000000
16132 -774.0000000000
16139 -771.0000000000
16218 -769.0000000000
16271 -768.0000000000
16310 -765.0000000000
16366 -764.0000000000
16407 -763.0000000000
16457 -760.0000000000
16516 -758.0000000000
16558 -757.0000000000
16626 -751.0000000000
16682 -750.0000000000
16783 -744.0000000000
16824 -743.0000000000
16926 -742.0000000000
16933 -741.0000000000
16936 -736.0000000000
17079 -733.0000000000
17164 -732.0000000000
17215 -730.0000000000
17283 -729.0000000000
17353 -728.0000000000
17393 -727.0000000000
17425 -725.0000000000
17470 -723.0000000000
17554 -722.0000000000
17589 -721.0000000000
17614 -720.0000000000
17623 -715.0000000000
17710 -714.0000000000
17784 -713.0000000000
17805 -711.0000000000
17853 -710.0000000000
17906 -707.0000000000
17957 -703.0000000000
18039 -702.0000000000
18092 -701.0000000000
18159 -700.0000000000
18202 -699.0000000000
18253 -698.0000000000
18257 -697.0000000000
18301 -695.0000000000
18362 -693.0000000000
18406 -690.0000000000
18510 -689.0000000000
18550 -686.0000000000
18561 -685.0000000000
18674 -683.0000000000
18686 -682.0000000000
18782 -680.0000000000
18807 -679.0000000000
18817 -677.0000000000
18887 -676.0000000000
18938 -675.0000000000
18972 -671.0000000000
19072 -669.0000000000
19117 -668.0000000000
19166 -666.0000000000
19251 -663.0000000000
19369 -661.0000000000
19399 -659.0000000000
19404 -657.0000000000
19507 -656.0000000000
19514 -655.0000000000
19525 -652.0000000000
19554 -650.0000000000
19710 -648.0000000000
19790 -645.0000000000
19906 -644.0000000000
19920 -640.0000000000
19956 -639.0000000000
20006 -638.0000000000
20055 -636.0000000000
20088 -635.0000000000
20111 -634.0000000000
20187 -632.0000000000
20237 -630.0000000000
20251 -629.0000000000
20304 -625.0000000000
20370 -624.0000000000
20410 -621.0000000000
20451 -620.0000000000
20560 -618.0000000000
20589 -615.0000000000
20610 -614.0000000000
20654 -613.0000000000
20798 -612.0000000000
20805 -608.0000000000
20871 -604.0000000000
20929 -602.0000000000
21029 -601.0000000000
21057 -600.0000000000
21076 -599.0000000000
21101 -597.0000000000
21196 -595.0000000000
21224 -594.0000000000
21312 -592.0000000000
21320 -591.0000000000
21389 -589.0000000000
21442 -588.0000000000
21509 -586.0000000000
21551 -583.0000000000
21620 -580.0000000000
21663 -577.0000000000
21753 -573.0000000000
21886 -572.0000000000
21907 -571.0000000000
21970 -567.0000000000
22079 -566.0000000000
22089 -564.0000000000
22117 -562.0000000000
22202 -561.0000000000
22273 -559.0000000000
22327 -558.0000000000
22358 -557.0000000000
22405 -553.0000000000
22422 -552.0000000000
22548 -549.0000000000
22651 -548.0000000000
22664 -546.0000000000
22754 -543.0000000000
22817 -542.0000000000
22825 -540.0000000000
22925 -539.0000000000
22990 -537.0000000000
23020 -536.0000000000
23109 -533.0000000000
23154 -531.0000000000
23316 -530.0000000000
23356 -527.0000000000
23405 -526.0000000000
23419 -525.0000000000
23486 -524.0000000000
23525 -521.0000000000
23614 -519.0000000000
23659 -518.0000000000
23714 -515.0000000000
23816 -513.0000000000
23855 -512.0000000000
23911 -511.0000000000
23935 -510.0000000000
23960 -508.0000000000
24047 -507.0000000000
24097 -505.0000000000
24134 -504.0000000000
24148 -501.0000000000
24229 -500.0000000000
24254 -499.0000000000
24356 -495.0000000000
24505 -494.0000000000
24519 -493.0000000000
24610 -492.0000000000
24624 -491.0000000000
24673 -490.0000000000
24717 -488.0000000000
24736 -487.0000000000
24791 -486.0000000000
24834 -484.0000000000
24911 -483.0000000000
24922 -482.0000000000
24995 -479.0000000000
25043 -478.0000000000
25125 -476.0000000000
25198 -474.0000000000
25242 -472.0000000000
25314 -471.0000000000
25359 -467.0000000000
25425 -464.0000000000
25578 -462.0000000000
25666 -460.0000000000
25725 -459.0000000000
25760 -456.0000000000
25801 -453.0000000000
26018 -447.0000000000
26297 -446.0000000000
26377 -445.0000000000
26394 -444.0000000000
26414 -441.0000000000
26558 -440.0000000000
26649 -439.0000000000
26675 -437.0000000000
26708 -435.0000000000
26789 -434.0000000000
26818 -432.0000000000
26902 -431.0000000000
27066 -429.0000000000
27194 -428.0000000000
27214 -426.0000000000
27267 -425.0000000000
27321 -424.0000000000
27335 -423.0000000000
27351 -422.0000000000
27461 -421.0000000000
27505 -419.0000000000
27571 -418.0000000000
27611 -415.0000000000
27703 -414.0000000000
27847 -413.0000000000
27864 -411.0000000000
27933 -410.0000000000
27997 -409.0000000000
28020 -408.0000000000
28103 -407.0000000000
28115 -406.0000000000
28168 -405.0000000000
28186 -403.0000000000
28223 -399.0000000000
28415 -398.0000000000
28418 -397.0000000000
28519 -394.0000000000
28611 -393.0000000000
28659 -392.0000000000
28681 -391.0000000000
28706 -390.0000000000
28771 -389.0000000000
28862 -387.0000000000
28906 -385.0000000000
28989 -384.0000000000
29072 -381.0000000000
29149 -380.0000000000
29204 -379.0000000000
29258 -377.0000000000
29301 -375.0000000000
29415 -374.0000000000
29466 -373.0000000000
29502 -372.0000000000
29564 -371.0000000000
29619 -369.0000000000
29676 -367.0000000000
29723 -365.0000000000
29728 -364.0000000000
29929 -363.0000000000
29953 -361.0000000000
30024 -360.0000000000
30066 -359.0000000000
30086 -358.0000000000
30121 -356.0000000000
30202 -354.0000000000
30308 -353.0000000000
30366 -351.0000000000
30419 -350.0000000000
30427 -349.0000000000
30489 -347.0000000000
30553 -345.0000000000
30619 -344.0000000000
30692 -343.0000000000
30699 -342.0000000000
30759 -341.0000000000
30803 -340.0000000000
30912 -339.0000000000
30942 -338.0000000000
31006 -337.0000000000
31019 -334.0000000000
31087 -333.0000000000
31327 -331.0000000000
31431 -330.0000000000
31479 -329.0000000000
31502 -328.0000000000
31535 -327.0000000000
31624 -325.0000000000
31681 -324.0000000000
31806 -323.0000000000
31812 -321.0000000000
31926 -320.0000000000
31934 -318.0000000000
31965 -317.0000000000
32110 -315.0000000000
32159 -314.0000000000
32225 -311.0000000000
32382 -310.0000000000
32402 -307.0000000000
32594 -306.0000000000
32708 -305.0000000000
32715 -302.0000000000
32767 -301.0000000000
32870 -299.0000000000
32903 -297.0000000000
33019 -296.0000000000
33098 -295.0000000000
33198 -294.0000000000
33256 -293.0000000000
33280 -292.0000000000
33382 -291.0000000000
33433 -290.0000000000
33463 -289.0000000000
33490 -288.0000000000
33559 -286.0000000000
33637 -285.0000000000
33654 -284.0000000000
33702 -283.0000000000
33780 -282.0000000000
33828 -277.0000000000
34160 -276.0000000000
34182 -275.0000000000
34252 -273.0000000000
34258 -272.0000000000
34259 -269.0000000000
34437 -268.0000000000
34464 -266.0000000000
34601 -264.0000000000
34663 -263.0000000000
34665 -261.0000000000
34804 -259.0000000000
34930 -258.0000000000
34950 -256.0000000000
35081 -255.0000000000
35091 -254.0000000000
35206 -252.0000000000
35245 -250.0000000000
35351 -249.0000000000
35420 -246.0000000000
35569 -245.0000000000
35638 -244.0000000000
35750 -243.0000000000
35755 -242.0000000000
35772 -240.0000000000
35916 -239.0000000000
35984 -238.0000000000
36081 -236.0000000000
36150 -235.0000000000
36251 -233.0000000000
36390 -231.0000000000
36467 -229.0000000000
36616 -228.0000000000
36679 -226.0000000000
36765 -224.0000000000
36866 -221.0000000000
37036 -220.0000000000
37056 -219.0000000000
37256 -217.0000000000
37312 -215.0000000000
37383 -213.0000000000
37553 -212.0000000000
37570 -211.0000000000
37588 -209.0000000000
37756 -208.0000000000
37762 -207.0000000000
37805 -206.0000000000
37808 -205.0000000000
37874 -204.0000000000
37892 -203.0000000000
37984 -202.0000000000
37985 -200.0000000000
38067 -199.0000000000
38178 -198.0000000000
38206 -197.0000000000
38297 -194.0000000000
38385 -192.0000000000
38553 -190.0000000000
38560 -189.0000000000
38603 -186.0000000000
38793 -185.0000000000
38826 -182.0000000000
38959 -179.0000000000
39155 -178.0000000000
39284 -175.0000000000
39436 -173.0000000000
39635 -172.0000000000
39774 -171.0000000000
39797 -170.0000000000
39841 -168.0000000000
39926 -167.0000000000
40023 -165.0000000000
40116 -164.0000000000
40204 -162.0000000000
40371 -161.0000000000
40524 -160.0000000000
40564 -158.0000000000
40637 -157.0000000000
40836 -156.0000000000
40844 -155.0000000000
40980 -154.0000000000
41022 -153.0000000000
41158 -152.0000000000
41205 -151.0000000000
41230 -150.0000000000
41252 -149.0000000000
41431 -148.0000000000
41566 -147.0000000000
41669 -146.0000000000
41713 -145.0000000000
41778 -144.0000000000
41848 -143.0000000000
41976 -142.0000000000
42060 -141.0000000000
42164 -140.0000000000
42172 -139.0000000000
42234 -138.0000000000
42350 -137.0000000000
42436 -136.0000000000
42464 -134.0000000000
42529 -132.0000000000
42671 -131.0000000000
42755 -130.0000000000
42823 -127.0000000000
42889 -126.0000000000
42922 -125.0000000000
43109 -124.0000000000
43247 -123.0000000000
43308 -122.0000000000
43372 -121.0000000000
43408 -120.0000000000
43514 -119.0000000000
43641 -118.0000000000
43716 -117.0000000000
43859 -116.0000000000
43902 -115.0000000000
44012 -114.0000000000
44103 -113.0000000000
44253 -112.0000000000
44329 -111.0000000000
44366 -110.0000000000
44543 -109.0000000000
44546 -108.0000000000
44674 -107.0000000000
44767 -106.0000000000
44862 -103.0000000000
44962 -101.0000000000
45174 -100.0000000000
45255 -99.0000000000
45281 -97.0000000000
45457 -96.0000000000
45461 -95.0000000000
45513 -93.0000000000
45619 -92.0000000000
45846 -91.0000000000
45911 -90.0000000000
46116 -87.0000000000
46152 -86.0000000000
46436 -85.0000000000
46535 -84.0000000000
46590 -82.0000000000
46756 -81.0000000000
46836 -80.0000000000
46951 -79.0000000000
47044 -78.0000000000
47173 -76.0000000000
47351 -75.0000000000
47487 -73.0000000000
47813 -72.0000000000
48028 -71.0000000000
48251 -70.0000000000
48356 -69.0000000000
48484 -68.0000000000
48621 -67.0000000000
48851 -66.0000000000
48927 -65.0000000000
48993 -64.0000000000
49202 -63.0000000000
49238 -62.0000000000
49352 -61.0000000000
49494 -60.0000000000
49629 -58.0000000000
49861 -57.0000000000
49867 -56.0000000000
50016 -55.0000000000
50242 -54.0000000000
50291 -53.0000000000
50405 -52.0000000000
50666 -51.0000000000
50784 -50.0000000000
50981 -49.0000000000
51061 -48.0000000000
51212 -47.0000000000
51349 -46.0000000000
51423 -45.0000000000
51479 -43.0000000000
51724 -41.0000000000
52072 -40.0000000000
52117 -39.0000000000
52164 -38.0000000000
52383 -37.0000000000
52449 -36.0000000000
52607 -35.0000000000
52751 -34.0000000000
52909 -33.0000000000
53085 -32.0000000000
53367 -31.0000000000
53397 -30.0000000000
53495 -29.0000000000
53683 -28.0000000000
53905 -27.0000000000
54142 -26.0000000000
54436 -25.0000000000
54634 -24.0000000000
54978 -23.0000000000
55017 -22.0000000000
55023 -21.0000000000
55096 -20.0000000000
55309 -17.0000000000
55555 -16.0000000000
55690 -15.0000000000
55895 -14.0000000000
56036 -13.0000000000
56584 -12.0000000000
56908 -11.0000000000
57246 -10.0000000000
57364 -9.0000000000
57639 -8.0000000000
57778 -7.0000000000
58055 -6.0000000000
58301 -5.0000000000
58773 -4.0000000000
59155 -3.0000000000
59464 -2.0000000000
59678 -1.0000000000
60122 147.7100000000
60320 154.4600000000
60443 158.9200000000
60608 162.1000000000
60853 164.3500000000
60858 168.9300000000
60929 175.0500000000
60934 181.5100000000
61230 182.1900000000
61284 182.9500000000
61331 183.8000000000
61342 193.2700000000
61387 203.6000000000
61403 217.6200000000
61426 236.3400000000
61536 238.0800000000
61568 264.9300000000
61600 268.5100000000
61611 279.8100000000
61721 368.5200000000
61788 368.9000000000
61808 400.4100000000
61812 408.8500000000
61863 424.8700000000
61921 430.0400000000
62105 432.1600000000
62307 449.2900000000
62381 449.4200000000
62646 464.5300000000
63011 465.0200000000
63083 467.8900000000
63259 469.7000000000
63370 475.6200000000
63594 481.9800000000
63618 514.4900000000
63666 519.8100000000
63808 534.6900000000
63829 558.6100000000
64156 568.0400000000
64195 575.7900000000
64510 576.7300000000
64783 582.5700000000
64840 590.9300000000
65502 654.1800000000
65588 734.8600000000
65692 760.9000000000
65807 766.1200000000
65972 768.7900000000
66098 769.2700000000
66114 772.9900000000
66215 773.3900000000
66294 775.4700000000
66458 776.4100000000
66643 780.0400000000
68239 780.8500000000
68259 793.2500000000
68799 796.7800000000
69288 813.3300000000
69648 820.5800000000
70294 820.6700000000
71139 822.0000000000
71636 826.6700000000
72435 840.1500000000
73297 863.6600000000
73310 876.7200000000
73314 886.2700000000
73372 905.1900000000
73506 906.3900000000
73527 906.5100000000
73531 929.4600000000
73554 953.3700000000
76054 954.6600000000
76190 958.5000000000
77343 959.0600000000
77474 974.3100000000
82671 978.9300000000
97803 988.1400000000
100000 928.4300000000
evaluations raw_y
1 -2019.0000000000
4 -1998.0000000000
5 -1966.0000000000
11 -1965.0000000000
13 -1956.0000000000
25 -1949.0000000000
47 -1943.0000000000
50 -1938.0000000000
99 -1934.0000000000
125 -1914.0000000000
157 -1877.0000000000
209 -1875.0000000000
226 -1873.0000000000
277 -1867.0000000000
292 -1863.0000000000
296 -1862.0000000000
300 -1857.0000000000
302 -1845.0000000000
311 -1838.0000000000
326 -1836.0000000000
346 -1834.0000000000
363 -1833.0000000000
369 -1821.0000000000
390 -1801.0000000000
451 -1787.0000000000
486 -1770.0000000000
536 -1766.0000000000
562 -1759.0000000000
571 -1746.0000000000
610 -1740.0000000000
695 -1739.0000000000
696 -1726.0000000000
708 -1720.0000000000
710 -1708.0000000000
721 -1680.0000000000
822 -1679.0000000000
835 -1673.0000000000
853 -1672.0000000000
856 -1669.0000000000
858 -1663.0000000000
903 -1658.0000000000
911 -1655.0000000000
948 -1648.0000000000
955 -1644.0000000000
986 -1627.0000000000
1070 -1623.0000000000
1077 -1616.0000000000
1103 -1614.0000000000
1124 -1609.0000000000
1135 -1605.0000000000
1138 -1596.0000000000
1178 -1594.0000000000
1204 -1593.0000000000
1217 -1585.0000000000
1218 -1573.0000000000
1261 -1570.0000000000
1262 -1567.0000000000
1296 -1555.0000000000
1324 -1547.0000000000
1367 -1545.0000000000
1372 -1543.0000000000
1407 -1539.0000000000
1464 -1527.0000000000
1496 -1524.0000000000
1508 -1517.0000000000
1569 -1512.0000000000
1589 -1510.0000000000
1594 -1507.0000000000
1595 -1497.0000000000
1664 -1482.0000000000
1743 -1466.0000000000
1818 -1460.0000000000
1861 -1457.0000000000
1926 -1456.0000000000
1964 -1454.0000000000
1971 -1441.0000000000
2032 -1437.0000000000
2097 -1425.0000000000
2164 -1420.0000000000
2216 -1409.0000000000
2314 -1406.0000000000
2326 -1402.0000000000
2365 -1400.0000000000
2402 -1398.0000000000
2454 -1397.0000000000
2456 -1396.0000000000
2463 -1394.0000000000
2475 -1391.0000000000
2485 -1386.0000000000
2524 -1385.0000000000
2554 -1378.0000000000
2585 -1377.0000000000
2635 -1375.0000000000
2667 -1373.0000000000
2672 -1371.0000000000
2673 -1370.0000000000
2709 -1366.0000000000
2732 -1362.0000000000
2751 -1359.0000000000
2758 -1358.0000000000
2801 -1357.0000000000
2835 -1355.0000000000
2851 -1352.0000000000
2856 -1350.0000000000
2869 -1347.0000000000
2969 -1340.0000000000
3016 -1339.0000000000
3030 -1329.0000000000
3103 -1328.0000000000
3120 -1325.0000000000
3173 -1324.0000000000
3194 -1322.0000000000
3234 -1320.0000000000
3241 -1316.0000000000
3314 -1313.0000000000
3376 -1312.0000000000
3397 -1311.0000000000
3423 -1309.0000000000
3451 -1305.0000000000
3456 -1304.0000000000
3482 -1302.0000000000
3509 -1299.0000000000
3579 -1296.0000000000
3618 -1295.0000000000
3635 -1294.0000000000
3668 -1293.0000000000
3705 -1287.0000000000
3742 -1285.0000000000
3759 -1284.0000000000
3804 -1281.0000000000
3827 -1280.0000000000
3851 -1279.0000000000
3864 -1277.0000000000
3875 -1275.0000000000
3925 -1274.0000000000
3929 -1272.0000000000
3956 -1271.0000000000
3961 -1270.0000000000
4008 -1267.0000000000
4058 -1266.0000000000
4102 -1263.0000000000
4125 -1262.0000000000
4150 -1256.0000000000
4259 -1252.0000000000
4304 -1251.0000000000
4326 -1250.0000000000
4380 -1249.0000000000
4385 -1248.0000000000
4408 -1247.0000000000
4424 -1244.0000000000
4446 -1243.0000000000
4494 -1242.0000000000
4503 -1240.0000000000
4564 -1239.0000000000
4573 -1235.0000000000
4653 -1234.0000000000
4672 -1232.0000000000
4701 -1229.0000000000
4737 -1228.0000000000
4788 -1227.0000000000
4801 -1222.0000000000
4930 -1219.0000000000
4959 -1217.0000000000
4994 -1215.0000000000
5019 -1214.0000000000
5057 -1213.0000000000
5073 -1212.0000000000
5082 -1211.0000000000
5105 -1209.0000000000
5164 -1208.0000000000
5186 -1205.0000000000
5271 -1204.0000000000
5282 -1201.0000000000
5315 -1199.0000000000
5330 -1198.0000000000
5367 -1196.0000000000
5378 -1194.0000000000
5461 -1192.0000000000
5523 -1189.0000000000
5550 -1186.0000000000
5574 -1185.0000000000
5607 -1182.0000000000
5663 -1181.0000000000
5700 -1180.0000000000
5706 -1178.0000000000
5765 -1177.0000000000
5778 -1176.0000000000
5799 -1175.0000000000
5857 -1172.0000000000
5889 -1170.0000000000
5964 -1166.0000000000
6048 -1164.0000000000
6061 -1162.0000000000
6112 -1161.0000000000
6135 -1160.0000000000
6175 -1159.0000000000
6206 -1157.0000000000
6211 -1153.0000000000
6304 -1152.0000000000
6323 -1151.0000000000
6331 -1149.0000000000
6361 -1148.0000000000
6401 -1147.0000000000
6418 -1146.0000000000
6463 -1145.0000000000
6477 -1143.0000000000
6508 -1142.0000000000
6520 -1141.0000000000
6565 -1137.0000000000
6568 -1135.0000000000
6649 -1134.0000000000
6709 -1130.0000000000
6804 -1127.0000000000
6897 -1123.0000000000
6960 -1120.0000000000
7016 -1119.0000000000
7074 -1115.0000000000
7114 -1111.0000000000
7200 -1107.0000000000
7293 -1106.0000000000
7315 -1103.0000000000
7406 -1102.0000000000
7427 -1101.0000000000
7434 -1100.0000000000
7460 -1097.0000000000
7483 -1095.0000000000
7507 -1094.0000000000
7552 -1091.0000000000
7622 -1090.0000000000
7625 -1088.0000000000
7655 -1085.0000000000
7742 -1084.0000000000
7780 -1083.0000000000
7809 -1080.0000000000
7852 -1076.0000000000
7999 -1074.0000000000
8030 -1072.0000000000
8045 -1069.0000000000
8101 -1068.0000000000
8104 -1067.0000000000
8148 -1066.0000000000
8195 -1065.0000000000
8220 -1064.0000000000
8241 -1063.0000000000
8265 -1062.0000000000
8295 -1061.0000000000
8302 -1059.0000000000
8334 -1058.0000000000
8351 -1052.0000000000
8455 -1051.0000000000
8484 -1049.0000000000
8529 -1047.0000000000
8551 -1046.0000000000
8565 -1044.0000000000
8657 -1040.0000000000
8752 -1039.0000000000
8781 -1038.0000000000
8830 -1036.0000000000
8843 -1034.0000000000
8894 -1033.0000000000
8908 -1031.0000000000
8913 -1029.0000000000
8976 -1025.0000000000
9076 -1023.0000000000
9116 -1021.0000000000
9159 -1019.0000000000
9203 -1018.0000000000
9254 -1017.0000000000
9258 -1014.0000000000
9325 -1013.0000000000
9353 -1012.0000000000
9356 -1010.0000000000
9429 -1009.0000000000
9453 -1003.0000000000
9479 -1002.0000000000
9548 -1001.0000000000
9584 -1000.0000000000
9605 -999.0000000000
9630 -997.0000000000
9661 -995.0000000000
9742 -994.0000000000
9751 -993.0000000000
9785 -991.0000000000
9832 -989.0000000000
9895 -983.0000000000
10005 -979.0000000000
10063 -976.0000000000
10124 -974.0000000000
10184 -973.0000000000
10201 -972.0000000000
10203 -971.0000000000
10290 -967.0000000000
10349 -966.0000000000
10363 -964.0000000000
10416 -962.0000000000
10431 -959.0000000000
10486 -958.0000000000
10502 -953.0000000000
10536 -952.0000000000
10674 -948.0000000000
10723 -947.0000000000
10776 -946.0000000000
10787 -945.0000000000
10811 -944.0000000000
10856 -943.0000000000
10860 -942.0000000000
10922 -941.0000000000
10965 -940.0000000000
10972 -939.0000000000
11016 -937.0000000000
11066 -936.0000000000
11067 -934.0000000000
11134 -933.0000000000
11153 -929.0000000000
11252 -928.0000000000
11255 -927.0000000000
11304 -926.0000000000
11318 -924.0000000000
11353 -923.0000000000
11375 -919.0000000000
11405 -917.0000000000
11470 -916.0000000000
11529 -915.0000000000
11604 -914.0000000000
11620 -913.0000000000
11652 -912.0000000000
11654 -911.0000000000
11659 -907.0000000000
11715 -906.0000000000
11723 -904.0000000000
11810 -900.0000000000
11881 -899.0000000000
11908 -898.0000000000
11939 -896.0000000000
12004 -893.0000000000
12031 -891.0000000000
12059 -888.0000000000
12115 -887.0000000000
12256 -886.0000000000
12278 -885.0000000000
12282 -881.0000000000
12365 -880.0000000000
12372 -878.0000000000
12404 -876.0000000000
12503 -875.0000000000
12541 -874.0000000000
12639 -873.0000000000
12660 -871.0000000000
12707 -870.0000000000
12720 -869.0000000000
12729 -868.0000000000
12769 -866.0000000000
12846 -865.0000000000
12875 -863.0000000000
12876 -860.0000000000
12956 -859.0000000000
13018 -858.0000000000
13045 -857.0000000000
13068 -856.0000000000
13098 -854.0000000000
13110 -852.0000000000
13207 -849.0000000000
13343 -848.0000000000
13355 -847.0000000000
13359 -846.0000000000
13394 -845.0000000000
13401 -843.0000000000
13424 -840.0000000000
13597 -839.0000000000
13598 -838.0000000000
13650 -836.0000000000
13657 -834.0000000000
13741 -831.0000000000
13813 -830.0000000000
13837 -829.0000000000
13875 -824.0000000000
13963 -823.0000000000
13993 -817.0000000000
14068 -816.0000000000
14075 -815.0000000000
14186 -814.0000000000
14189 -811.0000000000
14262 -810.0000000000
14351 -809.0000000000
14394 -806.0000000000
14421 -805.0000000000
14463 -803.0000000000
14495 -802.0000000000
14539 -799.0000000000
14601 -798.0000000000
14622 -795.0000000000
14754 -792.0000000000
14762 -791.0000000000
14791 -790.0000000000
14843 -789.0000000000
14860 -786.0000000000
14901 -783.0000000000
14974 -782.0000000000
15014 -780.0000000000
15104 -778.0000000000
15110 -777.0000000000
15194 -776.0000000000
15208 -774.0000000000
15211 -773.0000000000
15220 -769.0000000000
15287 -768.0000000000
15313 -766.0000000000
15438 -765.0000000000
15456 -764.0000000000
15502 -763.0000000000
15538 -760.0000000000
15616 -758.0000000000
15702 -757.0000000000
15703 -754.0000000000
15786 -753.0000000000
15839 -752.0000000000
15859 -751.0000000000
15912 -749.0000000000
15915 -748.0000000000
15967 -747.0000000000
16011 -745.0000000000
16042 -744.0000000000
16059 -743.0000000000
16106 -741.0000000000
16201 -739.0000000000
16268 -738.0000000000
16320 -737.0000000000
16361 -736.0000000000
16381 -735.0000000000
16407 -734.0000000000
16411 -732.0000000000
16516 -731.0000000000
16656 -729.0000000000
16658 -728.0000000000
16705 -726.0000000000
16741 -725.0000000000
16816 -723.0000000000
16868 -722.0000000000
16954 -721.0000000000
16956 -720.0000000000
16980 -719.0000000000
17008 -718.0000000000
17036 -716.0000000000
17047 -714.0000000000
17101 -713.0000000000
17178 -712.0000000000
17226 -710.0000000000
17309 -709.0000000000
17319 -707.0000000000
17329 -706.0000000000
17412 -703.0000000000
17502 -701.0000000000
17558 -700.0000000000
17576 -699.0000000000
17646 -696.0000000000
17704 -695.0000000000
17749 -694.0000000000
17814 -693.0000000000
17826 -689.0000000000
17902 -688.0000000000
17994 -687.0000000000
18009 -686.0000000000
18043 -685.0000000000
18053 -684.0000000000
18098 -683.0000000000
18103 -682.0000000000
18150 -680.0000000000
18196 -676.0000000000
18320 -675.0000000000
18348 -673.0000000000
18357 -668.0000000000
18563 -667.0000000000
18583 -666.0000000000
18644 -662.0000000000
18750 -661.0000000000
18792 -659.0000000000
18841 -658.0000000000
18853 -654.0000000000
19014 -651.0000000000
19052 -647.0000000000
19179 -643.0000000000
19311 -642.0000000000
19315 -641.0000000000
19352 -639.0000000000
19419 -637.0000000000
19513 -635.0000000000
19552 -632.0000000000
19701 -628.0000000000
19760 -626.0000000000
19920 -621.0000000000
19991 -620.0000000000
19993 -618.0000000000
20103 -614.0000000000
20106 -609.0000000000
20242 -608.0000000000
20306 -607.0000000000
20335 -606.0000000000
20361 -605.0000000000
20380 -604.0000000000
20457 -602.0000000000
20503 -600.0000000000
20558 -599.0000000000
20591 -597.0000000000
20655 -595.0000000000
20718 -593.0000000000
20754 -592.0000000000
20763 -591.0000000000
20803 -590.0000000000
20808 -588.0000000000
20901 -586.0000000000
20971 -585.0000000000
20994 -584.0000000000
21064 -583.0000000000
21095 -580.0000000000
21183 -579.0000000000
21213 -577.0000000000
21253 -576.0000000000
21315 -574.0000000000
21351 -573.0000000000
21375 -570.0000000000
21428 -569.0000000000
21501 -568.0000000000
21539 -567.0000000000
21572 -566.0000000000
21575 -565.0000000000
21601 -564.0000000000
21605 -563.0000000000
21652 -562.0000000000
21672 -561.0000000000
21676 -560.0000000000
21745 -558.0000000000
21806 -557.0000000000
21831 -554.0000000000
21868 -553.0000000000
21897 -551.0000000000
21943 -549.0000000000
22017 -547.0000000000
22062 -546.0000000000
22167 -545.0000000000
22246 -543.0000000000
22261 -541.0000000000
22326 -540.0000000000
22350 -539.0000000000
22383 -533.0000000000
22592 -532.0000000000
22622 -530.0000000000
22664 -529.0000000000
22754 -528.0000000000
22803 -527.0000000000
22842 -525.0000000000
22852 -524.0000000000
22915 -523.0000000000
22921 -521.0000000000
23029 -520.0000000000
23052 -517.0000000000
23153 -515.0000000000
23198 -514.0000000000
23235 -513.0000000000
23272 -509.0000000000
23376 -508.0000000000
23382 -507.0000000000
23459 -505.0000000000
23525 -503.0000000000
23591 -500.0000000000
23665 -499.0000000000
23759 -496.0000000000
23810 -495.0000000000
23888 -493.0000000000
23918 -492.0000000000
23954 -491.0000000000
24009 -490.0000000000
24047 -488.0000000000
24101 -487.0000000000
24128 -486.0000000000
24155 -484.0000000000
24221 -482.0000000000
24318 -481.0000000000
24339 -480.0000000000
24358 -478.0000000000
24452 -477.0000000000
24464 -476.0000000000
24529 -475.0000000000
24559 -474.0000000000
24610 -473.0000000000
24682 -472.0000000000
24690 -471.0000000000
24720 -470.0000000000
24750 -468.0000000000
24808 -466.0000000000
24911 -463.0000000000
24996 -462.0000000000
25123 -461.0000000000
25159 -459.0000000000
25212 -457.0000000000
25213 -456.0000000000
25354 -453.0000000000
25489 -452.0000000000
25558 -450.0000000000
25636 -448.0000000000
25741 -447.0000000000
25782 -443.0000000000
25940 -442.0000000000
25970 -441.0000000000
26002 -438.0000000000
26119 -437.0000000000
26216 -435.0000000000
26240 -433.0000000000
26363 -432.0000000000
26387 -430.0000000000
26410 -429.0000000000
26467 -427.0000000000
26503 -426.0000000000
26526 -425.0000000000
26557 -424.0000000000
26573 -423.0000000000
26620 -422.0000000000
26628 -419.0000000000
26738 -416.0000000000
26863 -415.0000000000
26898 -413.0000000000
26998 -412.0000000000
27002 -410.0000000000
27149 -409.0000000000
27151 -407.0000000000
27206 -406.0000000000
27245 -405.0000000000
27285 -404.0000000000
27333 -403.0000000000
27371 -402.0000000000
27418 -401.0000000000
27438 -400.0000000000
27446 -399.0000000000
27457 -397.0000000000
27563 -396.0000000000
27564 -395.0000000000
27651 -394.0000000000
27707 -392.0000000000
27809 -390.0000000000
27821 -389.0000000000
27925 -388.0000000000
27957 -387.0000000000
27962 -383.0000000000
28134 -382.0000000000
28265 -380.0000000000
28278 -379.0000000000
28312 -378.0000000000
28382 -376.0000000000
28450 -374.0000000000
28474 -373.0000000000
28502 -372.0000000000
28602 -371.0000000000
28635 -370.0000000000
28677 -369.0000000000
28686 -368.0000000000
28757 -367.0000000000
28813 -364.0000000000
28862 -361.0000000000
28957 -360.0000000000
29057 -358.0000000000
29126 -357.0000000000
29242 -356.0000000000
29277 -354.0000000000
29389 -353.0000000000
29415 -352.0000000000
29418 -351.0000000000
29460 -350.0000000000
29504 -349.0000000000
29513 -348.0000000000
29567 -345.0000000000
29707 -343.0000000000
29848 -341.0000000000
29858 -340.0000000000
29953 -339.0000000000
30035 -336.0000000000
30207 -335.0000000000
30253 -334.0000000000
30302 -331.0000000000
30519 -330.0000000000
30586 -329.0000000000
30601 -328.0000000000
30773 -327.0000000000
30776 -326.0000000000
30864 -323.0000000000
30915 -322.0000000000
31026 -321.0000000000
31030 -320.0000000000
31083 -318.0000000000
31106 -316.0000000000
31132 -315.0000000000
31300 -313.0000000000
31455 -312.0000000000
31458 -311.0000000000
31479 -309.0000000000
31579 -307.0000000000
31703 -306.0000000000
31807 -305.0000000000
31822 -304.0000000000
31922 -303.0000000000
31931 -302.0000000000
32054 -298.0000000000
32164 -297.0000000000
32185 -296.0000000000
32281 -295.0000000000
32304 -292.0000000000
32423 -290.0000000000
32502 -288.0000000000
32619 -287.0000000000
32648 -284.0000000000
32779 -283.0000000000
32803 -281.0000000000
32950 -279.0000000000
33004 -278.0000000000
33072 -276.0000000000
33115 -275.0000000000
33182 -274.0000000000
33246 -273.0000000000
33290 -272.0000000000
33379 -271.0000000000
33440 -269.0000000000
33457 -268.0000000000
33538 -267.0000000000
33662 -266.0000000000
33705 -265.0000000000
33755 -264.0000000000
33834 -263.0000000000
33848 -262.0000000000
33928 -260.0000000000
34101 -259.0000000000
34135 -258.0000000000
34193 -257.0000000000
34261 -256.0000000000
34342 -254.0000000000
34390 -253.0000000000
34517 -251.0000000000
34637 -250.0000000000
34658 -249.0000000000
34709 -248.0000000000
34752 -245.0000000000
34910 -244.0000000000
35011 -243.0000000000
35115 -241.0000000000
35172 -240.0000000000
35326 -239.0000000000
35362 -238.0000000000
35450 -236.0000000000
35589 -235.0000000000
35643 -234.0000000000
35664 -233.0000000000
35770 -231.0000000000
35775 -230.0000000000
35833 -229.0000000000
35911 -228.0000000000
35918 -227.0000000000
36021 -226.0000000000
36065 -223.0000000000
36251 -221.0000000000
36268 -220.0000000000
36377 -219.0000000000
36429 -217.0000000000
36545 -216.0000000000
36593 -215.0000000000
36717 -214.0000000000
36795 -213.0000000000
36833 -212.0000000000
36866 -211.0000000000
36992 -210.0000000000
37011 -209.0000000000
37069 -208.0000000000
37112 -207.0000000000
37162 -205.0000000000
37258 -204.0000000000
37392 -203.0000000000
37407 -201.0000000000
37470 -197.0000000000
37672 -196.0000000000
37764 -195.0000000000
37811 -193.0000000000
37973 -192.0000000000
38064 -188.0000000000
38209 -187.0000000000
38313 -186.0000000000
38367 -185.0000000000
38470 -184.0000000000
38514 -183.0000000000
38581 -179.0000000000
38699 -178.0000000000
38845 -177.0000000000
38885 -175.0000000000
38922 -174.0000000000
39053 -173.0000000000
39103 -170.0000000000
39344 -169.0000000000
39366 -168.0000000000
39511 -167.0000000000
39549 -165.0000000000
39710 -163.0000000000
39771 -162.0000000000
39886 -161.0000000000
40056 -160.0000000000
40075 -159.0000000000
40112 -158.0000000000
40303 -157.0000000000
40406 -154.0000000000
40651 -153.0000000000
40672 -152.0000000000
40704 -151.0000000000
40809 -150.0000000000
40940 -149.0000000000
40986 -148.0000000000
41173 -147.0000000000
41327 -146.0000000000
41349 -145.0000000000
41410 -144.0000000000
41503 -143.0000000000
41596 -142.0000000000
41626 -141.0000000000
41708 -140.0000000000
41728 -139.0000000000
41870 -138.0000000000
42082 -137.0000000000
42157 -136.0000000000
42246 -135.0000000000
42269 -133.0000000000
42505 -131.0000000000
42632 -130.0000000000
42698 -129.0000000000
42713 -128.0000000000
42767 -127.0000000000
42903 -126.0000000000
43003 -125.0000000000
43082 -124.0000000000
43379 -123.0000000000
43428 -122.0000000000
43554 -121.0000000000
43701 -120.0000000000
43748 -119.0000000000
43811 -118.0000000000
43890 -117.0000000000
44023 -116.0000000000
44073 -115.0000000000
44173 -114.0000000000
44232 -113.0000000000
44332 -112.0000000000
44378 -111.0000000000
44384 -110.0000000000
44503 -109.0000000000
44564 -108.0000000000
44647 -107.0000000000
44711 -105.0000000000
44796 -104.0000000000
44938 -103.0000000000
45027 -102.0000000000
45053 -101.0000000000
45106 -99.0000000000
45326 -98.0000000000
45435 -97.0000000000
45571 -93.0000000000
45834 -92.0000000000
46081 -91.0000000000
46160 -90.0000000000
46241 -89.0000000000
46348 -88.0000000000
46420 -87.0000000000
46445 -86.0000000000
46641 -85.0000000000
46729 -84.0000000000
46796 -82.0000000000
47023 -81.0000000000
47103 -80.0000000000
47154 -79.0000000000
47312 -78.0000000000
47562 -76.0000000000
47765 -75.0000000000
47868 -73.0000000000
47953 -72.0000000000
48012 -71.0000000000
48205 -70.0000000000
48328 -69.0000000000
48351 -68.0000000000
48570 -67.0000000000
48622 -66.0000000000
48941 -65.0000000000
48991 -64.0000000000
49199 -63.0000000000
49275 -61.0000000000
49460 -60.0000000000
49530 -59.0000000000
49531 -58.0000000000
49668 -57.0000000000
49703 -56.0000000000
49800 -55.0000000000
49961 -54.0000000000
50023 -53.0000000000
50052 -52.0000000000
50102 -51.0000000000
50406 -50.0000000000
50454 -49.0000000000
50523 -48.0000000000
50708 -47.0000000000
50775 -46.0000000000
50882 -44.0000000000
51101 -43.0000000000
51196 -42.0000000000
51219 -41.0000000000
51455 -40.0000000000
51628 -39.0000000000
51717 -38.0000000000
51809 -37.0000000000
52072 -36.0000000000
52175 -35.0000000000
52356 -34.0000000000
52504 -33.0000000000
52690 -32.0000000000
52853 -31.0000000000
52897 -30.0000000000
53100 -29.0000000000
53126 -28.0000000000
53278 -27.0000000000
53385 -25.0000000000
53710 -24.0000000000
53827 -23.0000000000
53867 -22.0000000000
54027 -21.0000000000
54249 -20.0000000000
54725 -19.0000000000
55099 -18.0000000000
55252 -17.0000000000
55474 -16.0000000000
55959 -15.0000000000
56294 -13.0000000000
56556 -12.0000000000
56607 -11.0000000000
56711 -10.0000000000
56853 -9.0000000000
57227 -8.0000000000
57319 -7.0000000000
57435 -6.0000000000
57554 -5.0000000000
57671 -4.0000000000
57872 -3.0000000000
58056 -2.0000000000
58589 -1.0000000000
58620 180.9000000000
58910 182.6600000000
58920 194.1600000000
59297 211.2600000000
59374 216.7700000000
59728 226.9700000000
59844 254.5300000000
60007 309.8200000000
60151 312.4000000000
60301 312.5600000000
60306 334.8200000000
60372 335.0100000000
60444 335.9400000000
60676 462.4500000000
60728 469.8100000000
60800 486.0700000000
61427 487.6600000000
61550 497.9700000000
61766 499.9800000000
62370 506.5000000000
62657 587.4300000000
62733 607.2200000000
62928 611.2000000000
62984 613.7200000000
62991 618.5900000000
63080 619.0200000000
63110 622.4100000000
63410 623.7900000000
63433 627.6800000000
63709 633.1800000000
63890 635.5500000000
63902 637.6600000000
65618 641.3400000000
65751 657.1000000000
66177 666.8400000000
66222 669.1000000000
66390 679.1400000000
66722 680.7200000000
66816 688.5100000000
67171 690.4000000000
67568 692.8900000000
67998 701.3600000000
68625 708.2100000000
69160 715.7500000000
71222 733.5900000000
71323 739.5800000000
71326 742.5200000000
71358 771.9000000000
71384 772.2000000000
72379 779.2300000000
72424 780.9900000000
72788 784.4800000000
72857 869.2500000000
72986 882.9400000000
73056 883.1700000000
73154 883.8800000000
73201 887.2900000000
73245 896.3700000000
73577 901.1300000000
74237 902.4400000000
74297 902.5400000000
74368 903.1800000000
74627 910.9500000000
74707 910.9900000000
74934 916.2600000000
75206 916.9300000000
75478 918.6400000000
75510 919.4400000000
75575 925.8000000000
75841 925.8200000000
76072 925.9400000000
76108 928.1900000000
76173 930.3300000000
76356 931.1500000000
76663 932.0000000000
76750 956.7400000000
77109 959.9700000000
77483 963.5200000000
77625 977.3600000000
79060 987.2000000000
84961 989.0700000000
89955 991.5300000000
93684 994.1700000000
93788 997.5500000000
95612 1000.6400000000
100000 913.1900000000
evaluations raw_y
1 -2013.0000000000
2 -1985.0000000000
5 -1964.0000000000
8 -1951.0000000000
17 -1921.0000000000
122 -1900.0000000000
152 -1899.0000000000
153 -1895.0000000000
217 -1890.0000000000
245 -1882.0000000000
258 -1877.0000000000
263 -1874.0000000000
281 -1856.0000000000
306 -1852.0000000000
340 -1849.0000000000
345 -1847.0000000000
348 -1843.0000000000
358 -1823.0000000000
418 -1805.0000000000
455 -1796.0000000000
470 -1790.0000000000
510 -1773.0000000000
569 -1760.0000000000
623 -1757.0000000000
629 -1754.0000000000
638 -1732.0000000000
701 -1711.0000000000
750 -1709.0000000000
758 -1701.0000000000
776 -1669.0000000000
863 -1663.0000000000
865 -1650.0000000000
905 -1647.0000000000
915 -1643.0000000000
952 -1641.0000000000
960 -1635.0000000000
968 -1625.0000000000
1009 -1617.0000000000
1054 -1605.0000000000
1094 -1604.0000000000
1096 -1590.0000000000
1110 -1575.0000000000
1191 -1569.0000000000
1221 -1558.0000000000
1273 -1552.0000000000
1312 -1550.0000000000
1331 -1547.0000000000
1375 -1545.0000000000
1381 -1541.0000000000
1421 -1539.0000000000
1423 -1537.0000000000
1439 -1529.0000000000
1468 -1523.0000000000
1471 -1517.0000000000
1511 -1506.0000000000
1565 -1502.0000000000
1594 -1500.0000000000
1607 -1493.0000000000
1621 -1492.0000000000
1657 -1481.0000000000
1720 -1478.0000000000
1769 -1471.0000000000
1818 -1464.0000000000
1827 -1459.0000000000
1876 -1457.0000000000
1879 -1452.0000000000
1890 -1438.0000000000
1938 -1429.0000000000
2016 -1421.0000000000
2053 -1417.0000000000
2067 -1416.0000000000
2105 -1408.0000000000
2125 -1399.0000000000
2151 -1394.0000000000
2301 -1390.0000000000
2305 -1388.0000000000
2311 -1382.0000000000
2360 -1381.0000000000
2393 -1376.0000000000
2414 -1372.0000000000
2430 -1366.0000000000
2487 -1363.0000000000
2502 -1360.0000000000
2542 -1355.0000000000
2554 -1354.0000000000
2586 -1352.0000000000
2596 -1350.0000000000
2605 -1347.0000000000
2614 -1343.0000000000
2696 -1341.0000000000
2703 -1336.0000000000
2758 -1326.0000000000
2807 -1322.0000000000
2856 -1317.0000000000
2882 -1313.0000000000
2905 -1312.0000000000
2908 -1311.0000000000
2923 -1308.0000000000
2979 -1306.0000000000
2986 -1300.0000000000
3031 -1299.0000000000
3053 -1290.0000000000
3116 -1289.0000000000
3164 -1288.0000000000
3176 -1287.0000000000
3212 -1286.0000000000
3230 -1277.0000000000
3304 -1271.0000000000
3414 -1269.0000000000
3463 -1268.0000000000
3512 -1262.0000000000
3554 -1261.0000000000
3608 -1256.0000000000
3652 -1253.0000000000
3710 -1248.0000000000
3799 -1246.0000000000
3816 -1240.0000000000
3862 -1239.0000000000
3909 -1238.0000000000
3954 -1236.0000000000
3957 -1235.0000000000
4017 -1229.0000000000
4044 -1225.0000000000
4062 -1223.0000000000
4142 -1222.0000000000
4202 -1220.0000000000
4233 -1217.0000000000
4238 -1216.0000000000
4246 -1215.0000000000
4285 -1214.0000000000
4312 -1211.0000000000
4356 -1208.0000000000
4394 -1206.0000000000
4396 -1205.0000000000
4486 -1200.0000000000
4507 -1197.0000000000
4581 -1196.0000000000
4657 -1195.0000000000
4708 -1191.0000000000
4768 -1189.0000000000
4811 -1188.0000000000
4853 -1186.0000000000
4910 -1183.0000000000
4982 -1182.0000000000
5010 -1179.0000000000
5084 -1178.0000000000
5090 -1177.0000000000
5114 -1174.0000000000
5157 -1173.0000000000
5190 -1172.0000000000
5234 -1170.0000000000
5236 -1169.0000000000
5268 -1167.0000000000
5307 -1166.0000000000
5321 -1165.0000000000
5406 -1161.0000000000
5443 -1158.0000000000
5466 -1157.0000000000
5502 -1155.0000000000
5562 -1154.0000000000
5595 -1151.0000000000
5669 -1149.0000000000
5676 -1147.0000000000
5711 -1144.0000000000
5753 -1143.0000000000
5830 -1142.0000000000
5876 -1141.0000000000
5901 -1139.0000000000
5937 -1138.0000000000
5940 -1137.0000000000
5955 -1136.0000000000
6003 -1135.0000000000
6006 -1134.0000000000
6007 -1132.0000000000
6014 -1130.0000000000
6118 -1128.0000000000
6204 -1126.0000000000
6244 -1122.0000000000
6295 -1120.0000000000
6377 -1118.0000000000
6383 -1117.0000000000
6406 -1116.0000000000
6452 -1114.0000000000
6455 -1112.0000000000
6510 -1110.0000000000
6552 -1107.0000000000
6605 -1106.0000000000
6666 -1104.0000000000
6709 -1102.0000000000
6710 -1100.0000000000
6750 -1098.0000000000
6752 -1097.0000000000
6757 -1096.0000000000
6932 -1092.0000000000
6977 -1091.0000000000
7001 -1090.0000000000
7005 -1088.0000000000
7027 -1087.0000000000
7058 -1086.0000000000
7105 -1085.0000000000
7116 -1082.0000000000
7152 -1079.0000000000
7202 -1078.0000000000
7215 -1075.0000000000
7309 -1073.0000000000
7353 -1072.0000000000
7363 -1071.0000000000
7428 -1069.0000000000
7458 -1066.0000000000
7510 -1064.0000000000
7555 -1063.0000000000
7556 -1062.0000000000
7621 -1060.0000000000
7649 -1059.0000000000
7658 -1056.0000000000
7705 -1052.0000000000
7828 -1051.0000000000
7857 -1045.0000000000
8049 -1043.0000000000
8122 -1041.0000000000
8163 -1038.0000000000
8166 -1034.0000000000
8307 -1033.0000000000
8315 -1032.0000000000
8325 -1030.0000000000
8394 -1028.0000000000
8415 -1026.0000000000
8464 -1025.0000000000
8513 -1023.0000000000
8579 -1022.0000000000
8600 -1020.0000000000
8625 -1016.0000000000
8659 -1015.0000000000
8725 -1014.0000000000
8808 -1012.0000000000
8871 -1011.0000000000
8918 -1010.0000000000
8934 -1009.0000000000
8937 -1008.0000000000
9005 -1007.0000000000
9007 -1003.0000000000
9128 -1000.0000000000
9220 -997.0000000000
9306 -995.0000000000
9326 -990.0000000000
9401 -989.0000000000
9410 -988.0000000000
9426 -987.0000000000
9493 -986.0000000000
9518 -984.0000000000
9564 -980.0000000000
9610 -979.0000000000
9698 -978.0000000000
9706 -974.0000000000
9786 -973.0000000000
9803 -972.0000000000
9813 -969.0000000000
9872 -966.0000000000
9956 -964.0000000000
9989 -963.0000000000
10020 -962.0000000000
10060 -958.0000000000
10163 -957.0000000000
10203 -956.0000000000
10231 -955.0000000000
10252 -954.0000000000
10280 -953.0000000000
10299 -952.0000000000
10312 -949.0000000000
10413 -947.0000000000
10464 -945.0000000000
10514 -944.0000000000
10524 -943.0000000000
10555 -941.0000000000
10604 -938.0000000000
10636 -937.0000000000
10689 -935.0000000000
10752 -932.0000000000
10812 -931.0000000000
10817 -929.0000000000
10862 -926.0000000000
10901 -922.0000000000
10956 -921.0000000000
11001 -920.0000000000
11026 -918.0000000000
11104 -915.0000000000
11109 -914.0000000000
11155 -913.0000000000
11215 -908.0000000000
11301 -906.0000000000
11364 -905.0000000000
11374 -904.0000000000
11376 -902.0000000000
11413 -898.0000000000
11545 -896.0000000000
11556 -895.0000000000
11614 -894.0000000000
11642 -893.0000000000
11659 -891.0000000000
11710 -890.0000000000
11751 -885.0000000000
11839 -884.0000000000
11875 -883.0000000000
11922 -880.0000000000
12005 -878.0000000000
12056 -875.0000000000
12113 -873.0000000000
12159 -872.0000000000
12191 -870.0000000000
12273 -868.0000000000
12277 -867.0000000000
12359 -866.0000000000
12395 -864.0000000000
12415 -863.0000000000
12433 -861.0000000000
12499 -859.0000000000
12528 -854.0000000000
12656 -851.0000000000
12713 -849.0000000000
12764 -848.0000000000
12810 -846.0000000000
12892 -845.0000000000
12917 -844.0000000000
12944 -843.0000000000
12952 -842.0000000000
12966 -840.0000000000
13014 -839.0000000000
13019 -837.0000000000
13077 -836.0000000000
13102 -835.0000000000
13118 -833.0000000000
13201 -830.0000000000
13209 -829.0000000000
13221 -826.0000000000
13352 -824.0000000000
13361 -821.0000000000
13464 -820.0000000000
13481 -818.0000000000
13504 -816.0000000000
13555 -814.0000000000
13610 -812.0000000000
13656 -810.0000000000
13692 -808.0000000000
13748 -807.0000000000
13756 -806.0000000000
13783 -803.0000000000
13876 -802.0000000000
13904 -798.0000000000
13954 -796.0000000000
14069 -795.0000000000
14103 -791.0000000000
14165 -787.0000000000
14305 -786.0000000000
14308 -784.0000000000
14352 -780.0000000000
14423 -774.0000000000
14534 -773.0000000000
14553 -772.0000000000
14563 -771.0000000000
14588 -770.0000000000
14605 -768.0000000000
14656 -762.0000000000
14790 -761.0000000000
14811 -760.0000000000
14823 -759.0000000000
14906 -756.0000000000
14937 -755.0000000000
14962 -752.0000000000
15054 -750.0000000000
15106 -748.0000000000
15169 -747.0000000000
15182 -746.0000000000
15191 -745.0000000000
15240 -744.0000000000
15272 -742.0000000000
15297 -741.0000000000
15353 -740.0000000000
15363 -739.0000000000
15372 -737.0000000000
15421 -736.0000000000
15454 -733.0000000000
15570 -732.0000000000
15600 -731.0000000000
15619 -730.0000000000
15695 -729.0000000000
15702 -727.0000000000
15737 -726.0000000000
15765 -720.0000000000
15909 -719.0000000000
15936 -718.0000000000
15947 -717.0000000000
15978 -714.0000000000
16093 -713.0000000000
16094 -710.0000000000
16154 -709.0000000000
16207 -701.0000000000
16331 -700.0000000000
16430 -699.0000000000
16436 -696.0000000000
16507 -695.0000000000
16552 -691.0000000000
16609 -690.0000000000
16715 -689.0000000000
16753 -687.0000000000
16764 -686.0000000000
16832 -685.0000000000
16863 -684.0000000000
16915 -683.0000000000
16955 -680.0000000000
17034 -677.0000000000
17087 -676.0000000000
17106 -675.0000000000
17158 -674.0000000000
17241 -671.0000000000
17281 -670.0000000000
17376 -667.0000000000
17415 -666.0000000000
17481 -665.0000000000
17517 -664.0000000000
17552 -663.0000000000
17571 -662.0000000000
17652 -657.0000000000
17795 -655.0000000000
17812 -654.0000000000
17838 -653.0000000000
17878 -652.0000000000
17911 -650.0000000000
17977 -647.0000000000
18071 -646.0000000000
18080 -644.0000000000
18101 -642.0000000000
18214 -641.0000000000
18216 -639.0000000000
18254 -638.0000000000
18267 -637.0000000000
18299 -636.0000000000
18321 -635.0000000000
18375 -634.0000000000
18428 -631.0000000000
18487 -629.0000000000
18546 -628.0000000000
18595 -627.0000000000
18640 -623.0000000000
18670 -622.0000000000
18712 -620.0000000000
18769 -615.0000000000
18934 -614.0000000000
18976 -613.0000000000
19001 -612.0000000000
19033 -611.0000000000
19109 -609.0000000000
19150 -608.0000000000
19194 -607.0000000000
19204 -605.0000000000
19302 -603.0000000000
19338 -602.0000000000
19406 -600.0000000000
19455 -599.0000000000
19503 -598.0000000000
19569 -597.0000000000
19609 -595.0000000000
19703 -594.0000000000
19705 -593.0000000000
19770 -592.0000000000
19790 -591.0000000000
19815 -590.0000000000
19860 -589.0000000000
19963 -585.0000000000
20069 -584.0000000000
20081 -582.0000000000
20176 -581.0000000000
20211 -580.0000000000
20227 -577.0000000000
20341 -576.0000000000
20357 -572.0000000000
20505 -571.0000000000
20638 -568.0000000000
20769 -567.0000000000
20796 -566.0000000000
20860 -565.0000000000
20901 -564.0000000000
20910 -563.0000000000
20926 -557.0000000000
20963 -556.0000000000
21052 -555.0000000000
21155 -554.0000000000
21168 -553.0000000000
21232 -552.0000000000
21255 -551.0000000000
21290 -550.0000000000
21291 -548.0000000000
21361 -547.0000000000
21369 -546.0000000000
21427 -544.0000000000
21451 -543.0000000000
21457 -542.0000000000
21532 -541.0000000000
21555 -539.0000000000
21616 -538.0000000000
21631 -537.0000000000
21722 -536.0000000000
21738 -535.0000000000
21753 -534.0000000000
21818 -531.0000000000
21876 -529.0000000000
21951 -524.0000000000
22011 -523.0000000000
22148 -522.0000000000
22210 -521.0000000000
22258 -519.0000000000
22330 -518.0000000000
22361 -517.0000000000
22368 -514.0000000000
22451 -512.0000000000
22557 -511.0000000000
22612 -509.0000000000
22651 -508.0000000000
22727 -507.0000000000
22763 -506.0000000000
22791 -505.0000000000
22859 -504.0000000000
22926 -501.0000000000
22967 -500.0000000000
23108 -499.0000000000
23136 -498.0000000000
23156 -496.0000000000
23254 -495.0000000000
23305 -494.0000000000
23358 -493.0000000000
23377 -491.0000000000
23488 -490.0000000000
23550 -488.0000000000
23563 -486.0000000000
23656 -485.0000000000
23680 -484.0000000000
23718 -480.0000000000
23826 -478.0000000000
23867 -475.0000000000
24012 -473.0000000000
24115 -468.0000000000
24254 -467.0000000000
24306 -466.0000000000
24369 -464.0000000000
24413 -462.0000000000
24502 -461.0000000000
24560 -460.0000000000
24568 -459.0000000000
24580 -457.0000000000
24635 -456.0000000000
24707 -455.0000000000
24766 -454.0000000000
24784 -453.0000000000
24820 -450.0000000000
24919 -449.0000000000
24939 -448.0000000000
24953 -447.0000000000
24967 -445.0000000000
25024 -443.0000000000
25098 -442.0000000000
25116 -441.0000000000
25166 -440.0000000000
25252 -437.0000000000
25337 -435.0000000000
25352 -434.0000000000
25414 -433.0000000000
25468 -428.0000000000
25668 -427.0000000000
25674 -426.0000000000
25815 -424.0000000000
25887 -423.0000000000
25891 -419.0000000000
25920 -418.0000000000
25982 -417.0000000000
26057 -416.0000000000
26109 -415.0000000000
26127 -414.0000000000
26183 -412.0000000000
26253 -410.0000000000
26301 -409.0000000000
26364 -408.0000000000
26430 -407.0000000000
26510 -404.0000000000
26573 -402.0000000000
26661 -401.0000000000
26746 -398.0000000000
26798 -395.0000000000
26906 -394.0000000000
26983 -392.0000000000
27003 -390.0000000000
27071 -388.0000000000
27152 -387.0000000000
27226 -385.0000000000
27257 -384.0000000000
27334 -383.0000000000
27335 -382.0000000000
27353 -381.0000000000
27482 -378.0000000000
27542 -377.0000000000
27572 -376.0000000000
27604 -375.0000000000
27684 -374.0000000000
27776 -373.0000000000
27778 -371.0000000000
27825 -369.0000000000
27897 -366.0000000000
28006 -363.0000000000
28038 -362.0000000000
28055 -361.0000000000
28169 -360.0000000000
28255 -359.0000000000
28355 -358.0000000000
28387 -357.0000000000
28423 -355.0000000000
28451 -354.0000000000
28456 -352.0000000000
28556 -351.0000000000
28682 -350.0000000000
28762 -349.0000000000
28776 -348.0000000000
28777 -347.0000000000
28849 -346.0000000000
28870 -345.0000000000
28939 -343.0000000000
28988 -342.0000000000
29056 -340.0000000000
29190 -338.0000000000
29452 -337.0000000000
29456 -336.0000000000
29476 -335.0000000000
29485 -333.0000000000
29546 -331.0000000000
29618 -329.0000000000
29707 -328.0000000000
29762 -327.0000000000
29828 -326.0000000000
29916 -325.0000000000
29922 -324.0000000000
29963 -323.0000000000
30051 -322.0000000000
30069 -320.0000000000
30144 -318.0000000000
30202 -317.0000000000
30291 -316.0000000000
30383 -314.0000000000
30416 -313.0000000000
30521 -312.0000000000
30576 -310.0000000000
30668 -309.0000000000
30732 -306.0000000000
30865 -305.0000000000
30870 -304.0000000000
30882 -303.0000000000
31014 -298.0000000000
31144 -297.0000000000
31198 -296.0000000000
31268 -295.0000000000
31329 -293.0000000000
31410 -292.0000000000
31442 -289.0000000000
31556 -288.0000000000
31647 -287.0000000000
31664 -286.0000000000
31683 -285.0000000000
31753 -284.0000000000
31821 -282.0000000000
31906 -281.0000000000
31914 -280.0000000000
31965 -279.0000000000
32006 -278.0000000000
32087 -277.0000000000
32194 -275.0000000000
32207 -273.0000000000
32312 -272.0000000000
32370 -269.0000000000
32386 -268.0000000000
32490 -267.0000000000
32525 -266.0000000000
32610 -265.0000000000
32657 -262.0000000000
32717 -260.0000000000
32780 -259.0000000000
32896 -258.0000000000
32965 -256.0000000000
33020 -255.0000000000
33075 -254.0000000000
33144 -252.0000000000
33235 -251.0000000000
33323 -250.0000000000
33352 -249.0000000000
33413 -248.0000000000
33550 -247.0000000000
33589 -246.0000000000
33613 -245.0000000000
33653 -243.0000000000
33849 -241.0000000000
33863 -240.0000000000
33929 -239.0000000000
33954 -238.0000000000
34121 -237.0000000000
34156 -236.0000000000
34162 -235.0000000000
34198 -234.0000000000
34228 -233.0000000000
34249 -232.0000000000
34281 -231.0000000000
34323 -230.0000000000
34408 -229.0000000000
34415 -228.0000000000
34511 -227.0000000000
34518 -226.0000000000
34608 -224.0000000000
34701 -223.0000000000
34708 -222.0000000000
34766 -221.0000000000
34838 -220.0000000000
34846 -219.0000000000
34932 -218.0000000000
34980 -217.0000000000
35001 -216.0000000000
35022 -213.0000000000
35104 -212.0000000000
35147 -211.0000000000
35168 -209.0000000000
35226 -208.0000000000
35305 -206.0000000000
35473 -204.0000000000
35546 -203.0000000000
35607 -202.0000000000
35625 -199.0000000000
35824 -198.0000000000
35844 -197.0000000000
35889 -195.0000000000
36004 -194.0000000000
36041 -193.0000000000
36117 -192.0000000000
36270 -190.0000000000
36308 -188.0000000000
36564 -187.0000000000
36653 -185.0000000000
36703 -184.0000000000
36802 -183.0000000000
36858 -182.0000000000
36911 -181.0000000000
36970 -180.0000000000
37022 -179.0000000000
37093 -178.0000000000
37175 -176.0000000000
37209 -174.0000000000
37288 -173.0000000000
37432 -172.0000000000
37518 -171.0000000000
37549 -170.0000000000
37678 -169.0000000000
37704 -168.0000000000
37772 -167.0000000000
37831 -166.0000000000
37950 -164.0000000000
38013 -163.0000000000
38125 -161.0000000000
38153 -160.0000000000
38346 -159.0000000000
38411 -158.0000000000
38423 -157.0000000000
38462 -156.0000000000
38587 -155.0000000000
38664 -154.0000000000
38805 -152.0000000000
38891 -151.0000000000
39011 -150.0000000000
39097 -149.0000000000
39104 -148.0000000000
39119 -147.0000000000
39251 -146.0000000000
39256 -145.0000000000
39309 -143.0000000000
39397 -142.0000000000
39444 -141.0000000000
39560 -140.0000000000
39616 -139.0000000000
39675 -138.0000000000
39728 -137.0000000000
39809 -135.0000000000
39975 -134.0000000000
40007 -132.0000000000
40081 -131.0000000000
40242 -130.0000000000
40278 -129.0000000000
40341 -128.0000000000
40366 -127.0000000000
40414 -125.0000000000
40432 -124.0000000000
40478 -123.0000000000
40502 -122.0000000000
40555 -121.0000000000
40718 -120.0000000000
40769 -119.0000000000
40778 -118.0000000000
40829 -116.0000000000
40906 -114.0000000000
41030 -113.0000000000
41159 -112.0000000000
41211 -111.0000000000
41353 -110.0000000000
41438 -108.0000000000
41606 -107.0000000000
41678 -105.0000000000
41755 -104.0000000000
41835 -103.0000000000
41899 -101.0000000000
42019 -100.0000000000
42102 -98.0000000000
42328 -97.0000000000
42350 -96.0000000000
42394 -95.0000000000
42462 -94.0000000000
42574 -93.0000000000
42701 -92.0000000000
42908 -90.0000000000
43004 -88.0000000000
43069 -87.0000000000
43296 -86.0000000000
43443 -85.0000000000
43529 -84.0000000000
43530 -83.0000000000
43594 -82.0000000000
43863 -81.0000000000
44017 -79.0000000000
44119 -78.0000000000
44272 -77.0000000000
44325 -76.0000000000
44496 -74.0000000000
44628 -73.0000000000
44772 -72.0000000000
44852 -71.0000000000
44885 -69.0000000000
45059 -68.0000000000
45261 -67.0000000000
45317 -66.0000000000
45426 -65.0000000000
45516 -64.0000000000
45574 -63.0000000000
45613 -62.0000000000
45801 -61.0000000000
45926 -60.0000000000
46064 -58.0000000000
46209 -57.0000000000
46406 -56.0000000000
46523 -55.0000000000
46616 -54.0000000000
46653 -53.0000000000
46830 -52.0000000000
46916 -51.0000000000
46983 -50.0000000000
47098 -49.0000000000
47151 -48.0000000000
47343 -47.0000000000
47480 -46.0000000000
47593 -45.0000000000
47746 -44.0000000000
47811 -43.0000000000
48056 -41.0000000000
48141 -40.0000000000
48339 -39.0000000000
48606 -37.0000000000
48722 -36.0000000000
48823 -34.0000000000
49011 -33.0000000000
49034 -31.0000000000
49517 -30.0000000000
49581 -29.0000000000
49722 -28.0000000000
49992 -27.0000000000
50060 -26.0000000000
50284 -24.0000000000
50685 -23.0000000000
50816 -22.0000000000
50936 -21.0000000000
51108 -20.0000000000
51433 -19.0000000000
51708 -18.0000000000
51815 -17.0000000000
51982 -16.0000000000
52169 -15.0000000000
52173 -14.0000000000
52587 -12.0000000000
52867 -11.0000000000
53091 -10.0000000000
53251 -8.0000000000
53334 -7.0000000000
53590 -6.0000000000
53634 -5.0000000000
54030 -4.0000000000
54066 -3.0000000000
54233 -2.0000000000
54483 -1.0000000000
54669 151.2000000000
54675 164.5800000000
54972 170.6000000000
55026 179.3200000000
55041 181.2000000000
55109 181.6800000000
55162 190.2600000000
55452 190.5700000000
55586 192.6300000000
55660 201.5000000000
55944 208.8800000000
56044 212.2500000000
56303 212.8200000000
56305 214.2800000000
56344 218.8500000000
56399 308.8000000000
56521 311.4200000000
56524 319.5300000000
56572 329.5600000000
56579 330.4000000000
56648 339.7300000000
56653 350.3800000000
56763 392.6900000000
56904 404.3500000000
56937 408.8000000000
56988 411.5200000000
56999 411.9600000000
57001 413.8800000000
57003 423.4600000000
57055 442.7200000000
57227 447.3000000000
57332 448.5100000000
57352 462.8300000000
57706 462.8800000000
57717 463.4200000000
57731 465.7200000000
57824 468.4200000000
57866 474.2600000000
57987 475.1000000000
58007 496.3800000000
58708 501.7700000000
58813 502.2700000000
59113 505.1900000000
59414 509.5200000000
59603 509.5900000000
60147 524.3700000000
60715 549.7200000000
60785 562.7300000000
60808 565.5000000000
60875 569.7300000000
60923 574.9600000000
60947 603.6100000000
61103 679.2600000000
61178 680.3500000000
61279 690.7800000000
61298 697.6200000000
61443 737.4700000000
61654 761.7300000000
62137 770.6500000000
62500 772.2700000000
63802 780.4800000000
64534 785.9400000000
67729 791.8000000000
67949 801.7100000000
68410 806.6900000000
68663 813.6700000000
68806 919.7700000000
68876 928.4500000000
68935 936.6200000000
69066 945.7800000000
69191 945.9000000000
72440 956.2900000000
81593 957.4900000000
82812 959.3800000000
84731 963.1300000000
91101 967.0800000000
93381 968.3200000000
100000 629.8200000000
evaluations raw_y
1 -1968.0000000000
20 -1944.0000000000
39 -1943.0000000000
57 -1922.0000000000
102 -1920.0000000000
106 -1889.0000000000
172 -1863.0000000000
223 -1858.0000000000
255 -1855.0000000000
262 -1853.0000000000
279 -1852.0000000000
292 -1850.0000000000
301 -1835.0000000000
350 -1818.0000000000
355 -1793.0000000000
436 -1781.0000000000
505 -1765.0000000000
550 -1758.0000000000
551 -1751.0000000000
597 -1749.0000000000
603 -1742.0000000000
616 -1716.0000000000
664 -1715.0000000000
689 -1697.0000000000
708 -1691.0000000000
769 -1684.0000000000
811 -1670.0000000000
858 -1661.0000000000
901 -1659.0000000000
935 -1650.0000000000
976 -1644.0000000000
1001 -1639.0000000000
1059 -1628.0000000000
1103 -1627.0000000000
1110 -1615.0000000000
1172 -1608.0000000000
1205 -1603.0000000000
1275 -1602.0000000000
1285 -1601.0000000000
1307 -1592.0000000000
1317 -1584.0000000000
1346 -1580.0000000000
1404 -1579.0000000000
1409 -1570.0000000000
1472 -1562.0000000000
1502 -1558.0000000000
1504 -1550.0000000000
1507 -1545.0000000000
1557 -1540.0000000000
1559 -1537.0000000000
1601 -1536.0000000000
1623 -1529.0000000000
1648 -1528.0000000000
1667 -1524.0000000000
1735 -1522.0000000000
1751 -1521.0000000000
1754 -1517.0000000000
1761 -1508.0000000000
1825 -1507.0000000000
1837 -1501.0000000000
1850 -1500.0000000000
1854 -1496.0000000000
1864 -1494.0000000000
1931 -1486.0000000000
1937 -1475.0000000000
1974 -1473.0000000000
2003 -1468.0000000000
2053 -1467.0000000000
2063 -1466.0000000000
2114 -1463.0000000000
2133 -1462.0000000000
2152 -1458.0000000000
2169 -1451.0000000000
2199 -1447.0000000000
2202 -1445.0000000000
2254 -1443.0000000000
2274 -1438.0000000000
2327 -1435.0000000000
2386 -1434.0000000000
2388 -1428.0000000000
2406 -1426.0000000000
2413 -1420.0000000000
2462 -1418.0000000000
2508 -1417.0000000000
2524 -1416.0000000000
2534 -1415.0000000000
2547 -1411.0000000000
2574 -1402.0000000000
2657 -1401.0000000000
2678 -1400.0000000000
2727 -1391.0000000000
2767 -1390.0000000000
2782 -1388.0000000000
2806 -1375.0000000000
2895 -1373.0000000000
2909 -1371.0000000000
2980 -1367.0000000000
3003 -1361.0000000000
3011 -1360.0000000000
3051 -1356.0000000000
3116 -1354.0000000000
3137 -1347.0000000000
3202 -1341.0000000000
3211 -1338.0000000000
3301 -1337.0000000000
3356 -1336.0000000000
3359 -1335.0000000000
3371 -1334.0000000000
3400 -1332.0000000000
3455 -1331.0000000000
3462 -1328.0000000000
3473 -1326.0000000000
3522 -1324.0000000000
3561 -1318.0000000000
3635 -1317.0000000000
3676 -1316.0000000000
3756 -1315.0000000000
3757 -1312.0000000000
3802 -1306.0000000000
3882 -1305.0000000000
3888 -1304.0000000000
3917 -1303.0000000000
3928 -1300.0000000000
3963 -1296.0000000000
4011 -1295.0000000000
4058 -1293.0000000000
4105 -1291.0000000000
4125 -1288.0000000000
4171 -1283.0000000000
4215 -1280.0000000000
4286 -1279.0000000000
4304 -1274.0000000000
4359 -1273.0000000000
4406 -1270.0000000000
4512 -1269.0000000000
4534 -1268.0000000000
4557 -1266.0000000000
4619 -1265.0000000000
4625 -1264.0000000000
4639 -1263.0000000000
4653 -1261.0000000000
4679 -1260.0000000000
4702 -1257.0000000000
4775 -1256.0000000000
4803 -1255.0000000000
4825 -1254.0000000000
4871 -1250.0000000000
4882 -1248.0000000000
4965 -1247.0000000000
5012 -1246.0000000000
5029 -1245.0000000000
5031 -1244.0000000000
5052 -1242.0000000000
5089 -1239.0000000000
5163 -1234.0000000000
5255 -1233.0000000000
5290 -1232.0000000000
5343 -1229.0000000000
5357 -1228.0000000000
5359 -1225.0000000000
5424 -1224.0000000000
5451 -1221.0000000000
5490 -1219.0000000000
5563 -1216.0000000000
5601 -1214.0000000000
5639 -1213.0000000000
5657 -1210.0000000000
5756 -1207.0000000000
5779 -1206.0000000000
5821 -1204.0000000000
5838 -1202.0000000000
5940 -1200.0000000000
5981 -1199.0000000000
6068 -1198.0000000000
6100 -1197.0000000000
6105 -1195.0000000000
6166 -1193.0000000000
6168 -1190.0000000000
6304 -1188.0000000000
6310 -1185.0000000000
6443 -1184.0000000000
6460 -1180.0000000000
6530 -1179.0000000000
6561 -1178.0000000000
6563 -1176.0000000000
6645 -1174.0000000000
6704 -1172.0000000000
6760 -1169.0000000000
6808 -1168.0000000000
6813 -1167.0000000000
6819 -1165.0000000000
6908 -1164.0000000000
6909 -1163.0000000000
6953 -1162.0000000000
6956 -1161.0000000000
6986 -1160.0000000000
7010 -1159.0000000000
7058 -1157.0000000000
7061 -1155.0000000000
7110 -1154.0000000000
7163 -1152.0000000000
7178 -1151.0000000000
7217 -1150.0000000000
7250 -1148.0000000000
7258 -1147.0000000000
7296 -1145.0000000000
7301 -1142.0000000000
7403 -1141.0000000000
7452 -1138.0000000000
7503 -1136.0000000000
7560 -1130.0000000000
7649 -1127.0000000000
7652 -1126.0000000000
7701 -1125.0000000000
7785 -1123.0000000000
7810 -1119.0000000000
7915 -1118.0000000000
7956 -1114.0000000000
8001 -1113.0000000000
8020 -1112.0000000000
8031 -1110.0000000000
8060 -1107.0000000000
8101 -1106.0000000000
8114 -1104.0000000000
8190 -1102.0000000000
8192 -1100.0000000000
8202 -1098.0000000000
8308 -1095.0000000000
8363 -1094.0000000000
8370 -1092.0000000000
8429 -1091.0000000000
8498 -1089.0000000000
8533 -1085.0000000000
8640 -1080.0000000000
8696 -1078.0000000000
8702 -1077.0000000000
8843 -1076.0000000000
8872 -1074.0000000000
8920 -1073.0000000000
8959 -1072.0000000000
8975 -1070.0000000000
9003 -1068.0000000000
9061 -1067.0000000000
9079 -1062.0000000000
9138 -1060.0000000000
9315 -1058.0000000000
9377 -1057.0000000000
9430 -1056.0000000000
9453 -1053.0000000000
9454 -1052.0000000000
9556 -1051.0000000000
9579 -1048.0000000000
9608 -1046.0000000000
9664 -1043.0000000000
9731 -1041.0000000000
9763 -1040.0000000000
9805 -1039.0000000000
9856 -1035.0000000000
9899 -1033.0000000000
9993 -1032.0000000000
10005 -1031.0000000000
10026 -1030.0000000000
10054 -1026.0000000000
10118 -1024.0000000000
10224 -1023.0000000000
10252 -1019.0000000000
10318 -1016.0000000000
10372 -1015.0000000000
10436 -1014.0000000000
10452 -1013.0000000000
10521 -1012.0000000000
10532 -1011.0000000000
10538 -1010.0000000000
10555 -1009.0000000000
10582 -1007.0000000000
10605 -1005.0000000000
10672 -1003.0000000000
10738 -1002.0000000000
10755 -1000.0000000000
10851 -999.0000000000
10884 -997.0000000000
10948 -993.0000000000
11058 -991.0000000000
11097 -990.0000000000
11159 -989.0000000000
11162 -988.0000000000
11176 -987.0000000000
11212 -983.0000000000
11286 -982.0000000000
11364 -978.0000000000
11463 -977.0000000000
11508 -976.0000000000
11551 -974.0000000000
11601 -971.0000000000
11656 -970.0000000000
11658 -969.0000000000
11703 -967.0000000000
11704 -964.0000000000
11862 -963.0000000000
11868 -961.0000000000
11910 -960.0000000000
11987 -959.0000000000
12009 -957.0000000000
12015 -954.0000000000
12149 -951.0000000000
12202 -950.0000000000
12213 -948.0000000000
12293 -947.0000000000
12305 -945.0000000000
12327 -944.0000000000
12372 -942.0000000000
12404 -941.0000000000
12410 -939.0000000000
12461 -936.0000000000
12568 -934.0000000000
12627 -932.0000000000
12631 -928.0000000000
12751 -926.0000000000
12764 -925.0000000000
12826 -924.0000000000
12844 -923.0000000000
12875 -922.0000000000
12913 -919.0000000000
12999 -917.0000000000
13013 -914.0000000000
13106 -913.0000000000
13109 -912.0000000000
13163 -910.0000000000
13180 -906.0000000000
13320 -903.0000000000
13325 -899.0000000000
13369 -898.0000000000
13460 -894.0000000000
13510 -893.0000000000
13616 -891.0000000000
13618 -887.0000000000
13714 -886.0000000000
13718 -885.0000000000
13823 -883.0000000000
13853 -882.0000000000
13917 -881.0000000000
13941 -879.0000000000
13990 -878.0000000000
14009 -876.0000000000
14011 -875.0000000000
14051 -870.0000000000
14132 -869.0000000000
14188 -868.0000000000
14210 -867.0000000000
14222 -865.0000000000
14322 -864.0000000000
14351 -863.0000000000
14386 -861.0000000000
14439 -860.0000000000
14456 -857.0000000000
14461 -854.0000000000
14589 -851.0000000000
14632 -850.0000000000
14657 -849.0000000000
14718 -848.0000000000
14734 -845.0000000000
14777 -841.0000000000
14914 -838.0000000000
14980 -836.0000000000
14994 -835.0000000000
15003 -834.0000000000
15012 -831.0000000000
15063 -830.0000000000
15134 -828.0000000000
15153 -827.0000000000
15208 -826.0000000000
15250 -825.0000000000
15298 -824.0000000000
15310 -823.0000000000
15348 -822.0000000000
15356 -820.0000000000
15371 -817.0000000000
15503 -815.0000000000
15547 -812.0000000000
15646 -810.0000000000
15677 -809.0000000000
15693 -807.0000000000
15748 -806.0000000000
15779 -805.0000000000
15809 -802.0000000000
15853 -801.0000000000
15855 -798.0000000000
15872 -796.0000000000
15940 -794.0000000000
15970 -792.0000000000
16002 -791.0000000000
16067 -790.0000000000
16076 -786.0000000000
16109 -785.0000000000
16187 -783.0000000000
16225 -782.0000000000
16252 -781.0000000000
16307 -780.0000000000
16310 -779.0000000000
16352 -777.0000000000
16429 -776.0000000000
16449 -775.0000000000
16465 -774.0000000000
16521 -771.0000000000
16603 -769.0000000000
16640 -768.0000000000
16651 -766.0000000000
16664 -765.0000000000
16710 -764.0000000000
16760 -761.0000000000
16783 -760.0000000000
16857 -758.0000000000
16887 -755.0000000000
16953 -753.0000000000
17005 -752.0000000000
17049 -751.0000000000
17055 -748.0000000000
17241 -743.0000000000
17260 -742.0000000000
17318 -740.0000000000
17436 -738.0000000000
17473 -737.0000000000
17490 -736.0000000000
17551 -735.0000000000
17554 -732.0000000000
17601 -731.0000000000
17658 -729.0000000000
17701 -726.0000000000
17774 -725.0000000000
17808 -722.0000000000
17901 -719.0000000000
17935 -716.0000000000
18003 -715.0000000000
18008 -714.0000000000
18058 -712.0000000000
18115 -711.0000000000
18168 -710.0000000000
18191 -707.0000000000
18248 -702.0000000000
18375 -701.0000000000
18380 -700.0000000000
18428 -697.0000000000
18450 -694.0000000000
18544 -692.0000000000
18586 -690.0000000000
18645 -689.0000000000
18655 -688.0000000000
18720 -687.0000000000
18751 -685.0000000000
18813 -684.0000000000
18868 -683.0000000000
18876 -682.0000000000
18889 -681.0000000000
18926 -680.0000000000
19004 -679.0000000000
19032 -677.0000000000
19060 -674.0000000000
19159 -670.0000000000
19269 -667.0000000000
19393 -665.0000000000
19415 -664.0000000000
19487 -663.0000000000
19519 -662.0000000000
19540 -660.0000000000
19553 -659.0000000000
19606 -656.0000000000
19739 -655.0000000000
19783 -654.0000000000
19860 -653.0000000000
19880 -652.0000000000
19895 -651.0000000000
19948 -650.0000000000
19961 -647.0000000000
20014 -646.0000000000
20056 -645.0000000000
20158 -644.0000000000
20176 -641.0000000000
20206 -640.0000000000
20337 -635.0000000000
20390 -634.0000000000
20406 -630.0000000000
20464 -629.0000000000
20533 -627.0000000000
20559 -625.0000000000
20703 -620.0000000000
20766 -619.0000000000
20863 -618.0000000000
20877 -616.0000000000
20990 -614.0000000000
21022 -612.0000000000
21109 -611.0000000000
21151 -610.0000000000
21163 -608.0000000000
21253 -607.0000000000
21293 -602.0000000000
21404 -601.0000000000
21452 -596.0000000000
21604 -594.0000000000
21680 -593.0000000000
21704 -588.0000000000
21834 -587.0000000000
21875 -583.0000000000
21959 -581.0000000000
22062 -580.0000000000
22110 -579.0000000000
22140 -574.0000000000
22202 -573.0000000000
22303 -572.0000000000
22332 -571.0000000000
22371 -570.0000000000
22408 -569.0000000000
22438 -568.0000000000
22480 -566.0000000000
22511 -565.0000000000
22611 -564.0000000000
22693 -561.0000000000
22757 -557.0000000000
22868 -555.0000000000
22904 -554.0000000000
22914 -553.0000000000
22968 -551.0000000000
23064 -550.0000000000
23110 -547.0000000000
23173 -546.0000000000
23185 -544.0000000000
23325 -542.0000000000
23419 -540.0000000000
23434 -538.0000000000
23517 -537.0000000000
23590 -536.0000000000
23602 -535.0000000000
23666 -534.0000000000
23706 -533.0000000000
23731 -532.0000000000
23802 -530.0000000000
23883 -529.0000000000
23901 -528.0000000000
23966 -527.0000000000
24006 -524.0000000000
24054 -521.0000000000
24114 -520.0000000000
24183 -518.0000000000
24204 -516.0000000000
24303 -515.0000000000
24328 -512.0000000000
24401 -509.0000000000
24464 -506.0000000000
24560 -502.0000000000
24666 -500.0000000000
24687 -497.0000000000
24778 -495.0000000000
24844 -493.0000000000
24870 -490.0000000000
25011 -488.0000000000
25054 -487.0000000000
25059 -485.0000000000
25114 -484.0000000000
25203 -483.0000000000
25224 -481.0000000000
25258 -478.0000000000
25308 -475.0000000000
25460 -473.0000000000
25502 -472.0000000000
25538 -471.0000000000
25573 -470.0000000000
25655 -469.0000000000
25678 -468.0000000000
25705 -465.0000000000
25766 -464.0000000000
25774 -463.0000000000
25818 -461.0000000000
25921 -460.0000000000
25953 -459.0000000000
25958 -458.0000000000
26013 -456.0000000000
26018 -455.0000000000
26059 -452.0000000000
26191 -451.0000000000
26222 -450.0000000000
26280 -447.0000000000
26406 -443.0000000000
26609 -441.0000000000
26687 -440.0000000000
26708 -438.0000000000
26743 -436.0000000000
26807 -435.0000000000
26818 -434.0000000000
26855 -432.0000000000
26910 -430.0000000000
26969 -428.0000000000
27051 -427.0000000000
27071 -426.0000000000
27106 -425.0000000000
27172 -424.0000000000
27208 -423.0000000000
27244 -419.0000000000
27344 -417.0000000000
27408 -416.0000000000
27469 -415.0000000000
27507 -414.0000000000
27592 -410.0000000000
27656 -408.0000000000
27760 -406.0000000000
27819 -405.0000000000
27856 -402.0000000000
27999 -400.0000000000
28077 -398.0000000000
28195 -395.0000000000
28309 -394.0000000000
28368 -393.0000000000
28408 -391.0000000000
28456 -389.0000000000
28553 -388.0000000000
28644 -387.0000000000
28657 -385.0000000000
28783 -384.0000000000
28801 -382.0000000000
28813 -381.0000000000
28914 -380.0000000000
28936 -379.0000000000
28937 -378.0000000000
28954 -376.0000000000
29072 -375.0000000000
29136 -373.0000000000
29205 -372.0000000000
29263 -371.0000000000
29316 -370.0000000000
29356 -367.0000000000
29467 -364.0000000000
29629 -362.0000000000
29720 -360.0000000000
29785 -358.0000000000
29860 -357.0000000000
29924 -356.0000000000
29988 -355.0000000000
30003 -354.0000000000
30058 -353.0000000000
30077 -350.0000000000
30166 -348.0000000000
30304 -346.0000000000
30381 -345.0000000000
30382 -344.0000000000
30488 -342.0000000000
30536 -340.0000000000
30684 -338.0000000000
30777 -337.0000000000
30822 -336.0000000000
30831 -334.0000000000
30955 -333.0000000000
30970 -332.0000000000
31024 -329.0000000000
31152 -326.0000000000
31319 -325.0000000000
31379 -323.0000000000
31470 -321.0000000000
31578 -320.0000000000
31669 -319.0000000000
31707 -317.0000000000
31854 -316.0000000000
31872 -315.0000000000
31956 -314.0000000000
31980 -312.0000000000
32045 -311.0000000000
32051 -310.0000000000
32175 -309.0000000000
32202 -308.0000000000
32216 -306.0000000000
32273 -305.0000000000
32414 -304.0000000000
32447 -302.0000000000
32457 -301.0000000000
32523 -299.0000000000
32539 -298.0000000000
32571 -295.0000000000
32764 -294.0000000000
32822 -293.0000000000
32878 -291.0000000000
32939 -290.0000000000
33031 -289.0000000000
33102 -288.0000000000
33119 -287.0000000000
33164 -285.0000000000
33240 -284.0000000000
33267 -283.0000000000
33276 -282.0000000000
33318 -280.0000000000
33404 -277.0000000000
33472 -276.0000000000
33557 -275.0000000000
33629 -274.0000000000
33634 -273.0000000000
33664 -271.0000000000
33710 -267.0000000000
33903 -265.0000000000
34003 -263.0000000000
34043 -260.0000000000
34118 -259.0000000000
34203 -257.0000000000
34231 -256.0000000000
34383 -252.0000000000
34553 -251.0000000000
34561 -250.0000000000
34656 -249.0000000000
34719 -247.0000000000
34920 -244.0000000000
35016 -243.0000000000
35089 -241.0000000000
35174 -240.0000000000
35202 -238.0000000000
35262 -237.0000000000
35359 -235.0000000000
35472 -234.0000000000
35563 -233.0000000000
35564 -232.0000000000
35614 -231.0000000000
35617 -229.0000000000
35770 -228.0000000000
35841 -227.0000000000
35904 -226.0000000000
35998 -225.0000000000
35999 -224.0000000000
36099 -223.0000000000
36135 -222.0000000000
36164 -221.0000000000
36251 -220.0000000000
36258 -219.0000000000
36333 -218.0000000000
36374 -217.0000000000
36422 -215.0000000000
36549 -214.0000000000
36630 -213.0000000000
36664 -212.0000000000
36702 -211.0000000000
36761 -210.0000000000
36856 -209.0000000000
36923 -208.0000000000
37019 -207.0000000000
37069 -206.0000000000
37122 -204.0000000000
37265 -203.0000000000
37293 -201.0000000000
37385 -199.0000000000
37508 -198.0000000000
37523 -197.0000000000
37545 -196.0000000000
37554 -195.0000000000
37562 -194.0000000000
37769 -192.0000000000
37796 -191.0000000000
37915 -190.0000000000
38045 -189.0000000000
38102 -188.0000000000
38203 -187.0000000000
38227 -186.0000000000
38254 -185.0000000000
38263 -182.0000000000
38510 -181.0000000000
38517 -180.0000000000
38604 -178.0000000000
38606 -177.0000000000
38851 -176.0000000000
38864 -174.0000000000
38950 -172.0000000000
39068 -171.0000000000
39108 -170.0000000000
39165 -168.0000000000
39253 -165.0000000000
39453 -164.0000000000
39520 -163.0000000000
39599 -161.0000000000
39663 -160.0000000000
39772 -158.0000000000
39853 -157.0000000000
39981 -156.0000000000
40030 -155.0000000000
40077 -154.0000000000
40081 -153.0000000000
40117 -152.0000000000
40265 -149.0000000000
40272 -148.0000000000
40373 -147.0000000000
40492 -146.0000000000
40556 -145.0000000000
40610 -143.0000000000
40767 -142.0000000000
40778 -141.0000000000
40915 -139.0000000000
40960 -138.0000000000
41029 -137.0000000000
41125 -136.0000000000
41221 -134.0000000000
41384 -133.0000000000
41426 -132.0000000000
41487 -131.0000000000
41586 -130.0000000000
41673 -129.0000000000
41716 -127.0000000000
41847 -126.0000000000
41922 -122.0000000000
42146 -121.0000000000
42261 -120.0000000000
42308 -119.0000000000
42364 -118.0000000000
42454 -117.0000000000
42520 -116.0000000000
42631 -115.0000000000
42719 -114.0000000000
42767 -113.0000000000
42864 -111.0000000000
43041 -110.0000000000
43052 -109.0000000000
43159 -108.0000000000
43169 -107.0000000000
43273 -105.0000000000
43456 -104.0000000000
43540 -103.0000000000
43700 -101.0000000000
43926 -100.0000000000
44007 -99.0000000000
44071 -98.0000000000
44113 -95.0000000000
44318 -93.0000000000
44453 -92.0000000000
44454 -91.0000000000
44562 -89.0000000000
44632 -88.0000000000
44653 -87.0000000000
44945 -86.0000000000
45073 -85.0000000000
45148 -84.0000000000
45251 -83.0000000000
45359 -81.0000000000
45498 -80.0000000000
45605 -79.0000000000
45658 -78.0000000000
45764 -77.0000000000
45841 -76.0000000000
45961 -75.0000000000
46078 -74.0000000000
46128 -73.0000000000
46230 -72.0000000000
46359 -71.0000000000
46418 -70.0000000000
46456 -69.0000000000
46621 -68.0000000000
46689 -67.0000000000
46813 -66.0000000000
46906 -65.0000000000
47000 -64.0000000000
47081 -63.0000000000
47298 -61.0000000000
47378 -60.0000000000
47517 -58.0000000000
47759 -57.0000000000
48008 -55.0000000000
48145 -54.0000000000
48433 -53.0000000000
48620 -52.0000000000
48783 -51.0000000000
48818 -50.0000000000
48921 -49.0000000000
49020 -48.0000000000
49157 -47.0000000000
49313 -46.0000000000
49315 -45.0000000000
49358 -44.0000000000
49467 -43.0000000000
49476 -42.0000000000
49609 -41.0000000000
49797 -40.0000000000
49978 -38.0000000000
50213 -37.0000000000
50422 -35.0000000000
50704 -34.0000000000
50894 -33.0000000000
50919 -31.0000000000
51267 -30.0000000000
51469 -29.0000000000
51797 -28.0000000000
51927 -27.0000000000
51995 -26.0000000000
52068 -25.0000000000
52394 -24.0000000000
52520 -23.0000000000
52645 -21.0000000000
52871 -20.0000000000
53110 -19.0000000000
53225 -18.0000000000
53374 -17.0000000000
53403 -16.0000000000
53650 -15.0000000000
53767 -14.0000000000
53933 -13.0000000000
53998 -12.0000000000
54282 -11.0000000000
54419 -10.0000000000
54476 -9.0000000000
54505 -8.0000000000
54741 -7.0000000000
54827 -6.0000000000
54846 -5.0000000000
55036 -4.0000000000
55087 -3.0000000000
55227 -2.0000000000
55361 -1.0000000000
55530 167.7400000000
55632 173.8000000000
55779 174.5100000000
55952 178.0900000000
56030 255.8200000000
56412 279.0000000000
56568 332.7200000000
56775 345.8500000000
56805 415.9700000000
56858 445.0600000000
56901 445.7100000000
57023 446.2300000000
57070 454.9200000000
57148 456.8600000000
57171 458.0300000000
57172 465.0500000000
57284 472.7400000000
57363 475.3000000000
57472 478.4100000000
57744 487.6900000000
57850 490.1700000000
57867 491.0600000000
57917 497.8600000000
58439 498.3500000000
58552 509.4800000000
58867 513.4600000000
59310 606.3000000000
59544 625.1700000000
59763 633.0300000000
60016 633.1800000000
60132 638.3800000000
60384 641.6300000000
60703 705.1000000000
60876 709.2600000000
60913 709.4900000000
60925 711.4700000000
60941 714.9100000000
61053 715.8600000000
61065 716.4300000000
61124 718.5800000000
61666 729.4500000000
61673 734.0900000000
61894 735.2000000000
62090 744.2900000000
62273 756.5000000000
62305 757.7300000000
62588 786.5800000000
62852 794.8700000000
62875 796.1400000000
62930 797.2300000000
62937 798.3000000000
62942 801.1100000000
62993 802.6100000000
63039 809.3500000000
63068 815.9200000000
63101 827.9200000000
63444 832.8600000000
63457 863.2400000000
63711 871.9700000000
63882 877.2800000000
64406 877.4300000000
64416 881.8700000000
65466 888.4600000000
65516 895.1900000000
66503 895.2700000000
66637 896.9900000000
67111 904.9000000000
68879 906.6400000000
69610 907.9900000000
69804 915.5900000000
69883 931.5900000000
73335 938.6800000000
74269 945.4900000000
74345 948.4900000000
74623 949.4000000000
74704 951.8500000000
74968 962.1100000000
75725 964.0200000000
75789 976.2400000000
79183 976.3600000000
96655 980.6100000000
100000 -2.0000000000
evaluations raw_y
1 -1974.0000000000
16 -1971.0000000000
21 -1969.0000000000
26 -1949.0000000000
54 -1922.0000000000
102 -1921.0000000000
125 -1912.0000000000
150 -1906.0000000000
161 -1903.0000000000
201 -1896.0000000000
205 -1875.0000000000
308 -1868.0000000000
323 -1859.0000000000
335 -1841.0000000000
401 -1830.0000000000
437 -1820.0000000000
468 -1806.0000000000
470 -1801.0000000000
503 -1774.0000000000
560 -1770.0000000000
590 -1762.0000000000
597 -1754.0000000000
625 -1738.0000000000
664 -1734.0000000000
671 -1728.0000000000
701 -1726.0000000000
710 -1715.0000000000
722 -1710.0000000000
753 -1708.0000000000
758 -1707.0000000000
792 -1703.0000000000
800 -1689.0000000000
813 -1681.0000000000
858 -1678.0000000000
901 -1674.0000000000
926 -1663.0000000000
944 -1662.0000000000
955 -1653.0000000000
980 -1644.0000000000
1018 -1643.0000000000
1019 -1641.0000000000
1070 -1629.0000000000
1087 -1617.0000000000
1147 -1614.0000000000
1155 -1605.0000000000
1203 -1604.0000000000
1216 -1599.0000000000
1252 -1592.0000000000
1257 -1590.0000000000
1290 -1584.0000000000
1332 -1579.0000000000
1337 -1574.0000000000
1341 -1568.0000000000
1406 -1566.0000000000
1421 -1564.0000000000
1446 -1552.0000000000
1457 -1543.0000000000
1556 -1535.0000000000
1561 -1526.0000000000
1643 -1515.0000000000
1653 -1507.0000000000
1707 -1500.0000000000
1742 -1497.0000000000
1763 -1493.0000000000
1811 -1491.0000000000
1837 -1489.0000000000
1851 -1486.0000000000
1859 -1478.0000000000
1884 -1476.0000000000
1905 -1473.0000000000
1908 -1467.0000000000
1929 -1462.0000000000
1964 -1452.0000000000
2067 -1450.0000000000
2071 -1449.0000000000
2096 -1447.0000000000
2107 -1446.0000000000
2124 -1444.0000000000
2144 -1437.0000000000
2182 -1435.0000000000
2203 -1431.0000000000
2248 -1429.0000000000
2254 -1423.0000000000
2286 -1418.0000000000
2314 -1417.0000000000
2319 -1413.0000000000
2364 -1408.0000000000
2367 -1405.0000000000
2432 -1404.0000000000
2437 -1402.0000000000
2478 -1394.0000000000
2500 -1393.0000000000
2526 -1390.0000000000
2530 -1389.0000000000
2552 -1387.0000000000
2570 -1385.0000000000
2616 -1382.0000000000
2655 -1377.0000000000
2664 -1374.0000000000
2706 -1372.0000000000
2709 -1371.0000000000
2815 -1365.0000000000
2828 -1364.0000000000
2841 -1361.0000000000
2904 -1360.0000000000
2906 -1359.0000000000
2934 -1355.0000000000
2966 -1354.0000000000
2972 -1348.0000000000
3021 -1342.0000000000
3053 -1340.0000000000
3102 -1338.0000000000
3155 -1335.0000000000
3172 -1332.0000000000
3217 -1330.0000000000
3255 -1327.0000000000
3315 -1326.0000000000
3320 -1312.0000000000
3408 -1310.0000000000
3432 -1309.0000000000
3439 -1307.0000000000
3468 -1297.0000000000
3579 -1296.0000000000
3604 -1292.0000000000
3665 -1291.0000000000
3681 -1290.0000000000
3700 -1284.0000000000
3724 -1282.0000000000
3808 -1276.0000000000
3826 -1275.0000000000
3911 -1274.0000000000
3939 -1270.0000000000
4014 -1269.0000000000
4027 -1267.0000000000
4058 -1264.0000000000
4089 -1262.0000000000
4106 -1259.0000000000
4226 -1258.0000000000
4252 -1252.0000000000
4309 -1249.0000000000
4382 -1247.0000000000
4426 -1244.0000000000
4464 -1240.0000000000
4552 -1238.0000000000
4561 -1237.0000000000
4606 -1236.0000000000
4645 -1235.0000000000
4649 -1234.0000000000
4682 -1233.0000000000
4705 -1230.0000000000
4723 -1225.0000000000
4838 -1221.0000000000
4882 -1220.0000000000
4902 -1218.0000000000
4962 -1216.0000000000
4975 -1212.0000000000
5065 -1211.0000000000
5086 -1208.0000000000
5101 -1206.0000000000
5169 -1202.0000000000
5221 -1200.0000000000
5353 -1195.0000000000
5409 -1190.0000000000
5519 -1188.0000000000
5555 -1186.0000000000
5603 -1180.0000000000
5659 -1178.0000000000
5710 -1177.0000000000
5723 -1176.0000000000
5760 -1173.0000000000
5807 -1172.0000000000
5853 -1171.0000000000
5895 -1170.0000000000
5901 -1167.0000000000
5952 -1165.0000000000
6015 -1163.0000000000
6082 -1159.0000000000
6110 -1157.0000000000
6162 -1156.0000000000
6223 -1150.0000000000
6275 -1147.0000000000
6379 -1145.0000000000
6405 -1144.0000000000
6459 -1143.0000000000
6465 -1141.0000000000
6513 -1140.0000000000
6523 -1139.0000000000
6569 -1138.0000000000
6603 -1132.0000000000
6670 -1130.0000000000
6725 -1128.0000000000
6768 -1126.0000000000
6825 -1124.0000000000
6854 -1122.0000000000
6896 -1118.0000000000
6951 -1115.0000000000
7047 -1113.0000000000
7080 -1112.0000000000
7147 -1111.0000000000
7159 -1107.0000000000
7214 -1103.0000000000
7301 -1102.0000000000
7302 -1101.0000000000
7353 -1100.0000000000
7375 -1099.0000000000
7402 -1098.0000000000
7426 -1095.0000000000
7523 -1094.0000000000
7526 -1093.0000000000
7550 -1091.0000000000
7585 -1089.0000000000
7663 -1088.0000000000
7666 -1086.0000000000
7719 -1083.0000000000
7759 -1081.0000000000
7796 -1080.0000000000
7897 -1079.0000000000
7911 -1078.0000000000
7952 -1075.0000000000
7957 -1074.0000000000
8060 -1073.0000000000
8076 -1070.0000000000
8141 -1067.0000000000
8156 -1063.0000000000
8309 -1062.0000000000
8327 -1061.0000000000
8335 -1060.0000000000
8375 -1055.0000000000
8469 -1054.0000000000
8491 -1052.0000000000
8517 -1050.0000000000
8558 -1047.0000000000
8606 -1045.0000000000
8619 -1041.0000000000
8669 -1040.0000000000
8769 -1038.0000000000
8794 -1037.0000000000
8805 -1035.0000000000
8807 -1034.0000000000
8880 -1032.0000000000
8894 -1031.0000000000
8914 -1029.0000000000
8952 -1026.0000000000
8989 -1025.0000000000
9003 -1022.0000000000
9103 -1021.0000000000
9109 -1019.0000000000
9172 -1018.0000000000
9194 -1016.0000000000
9202 -1015.0000000000
9246 -1014.0000000000
9272 -1012.0000000000
9331 -1009.0000000000
9384 -1008.0000000000
9418 -1007.0000000000
9421 -1005.0000000000
9423 -1004.0000000000
9461 -1003.0000000000
9553 -1002.0000000000
9554 -1000.0000000000
9557 -997.0000000000
9634 -996.0000000000
9663 -995.0000000000
9705 -994.0000000000
9726 -993.0000000000
9762 -990.0000000000
9828 -989.0000000000
9862 -987.0000000000
9899 -986.0000000000
9901 -984.0000000000
9952 -981.0000000000
10046 -980.0000000000
10062 -979.0000000000
10085 -977.0000000000
10104 -975.0000000000
10204 -972.0000000000
10258 -970.0000000000
10313 -968.0000000000
10344 -967.0000000000
10365 -964.0000000000
10414 -963.0000000000
10435 -959.0000000000
10527 -956.0000000000
10569 -955.0000000000
10637 -952.0000000000
10737 -951.0000000000
10766 -948.0000000000
10769 -945.0000000000
10853 -944.0000000000
10873 -943.0000000000
10937 -942.0000000000
11011 -940.0000000000
11031 -939.0000000000
11057 -938.0000000000
11110 -936.0000000000
11145 -935.0000000000
11198 -933.0000000000
11215 -931.0000000000
11284 -927.0000000000
11362 -925.0000000000
11388 -924.0000000000
11412 -922.0000000000
11512 -921.0000000000
11527 -919.0000000000
11605 -918.0000000000
11607 -917.0000000000
11618 -916.0000000000
11695 -914.0000000000
11742 -912.0000000000
11753 -910.0000000000
11823 -909.0000000000
11849 -907.0000000000
11853 -906.0000000000
11947 -904.0000000000
11948 -903.0000000000
11957 -900.0000000000
12034 -899.0000000000
12093 -897.0000000000
12144 -896.0000000000
12161 -895.0000000000
12179 -893.0000000000
12201 -890.0000000000
12256 -885.0000000000
12348 -884.0000000000
12411 -882.0000000000
12499 -881.0000000000
12519 -880.0000000000
12527 -879.0000000000
12562 -878.0000000000
12607 -877.0000000000
12616 -874.0000000000
12640 -873.0000000000
12653 -871.0000000000
12716 -869.0000000000
12809 -865.0000000000
12883 -862.0000000000
12905 -861.0000000000
12942 -860.0000000000
13056 -857.0000000000
13127 -855.0000000000
13219 -852.0000000000
13298 -850.0000000000
13349 -849.0000000000
13418 -846.0000000000
13503 -845.0000000000
13565 -842.0000000000
13604 -841.0000000000
13657 -838.0000000000
13702 -836.0000000000
13795 -835.0000000000
13807 -833.0000000000
13878 -830.0000000000
13908 -828.0000000000
14023 -827.0000000000
14027 -826.0000000000
14061 -822.0000000000
14125 -821.0000000000
14226 -820.0000000000
14266 -818.0000000000
14278 -817.0000000000
14339 -815.0000000000
14403 -813.0000000000
14477 -812.0000000000
14526 -811.0000000000
14584 -810.0000000000
14604 -806.0000000000
14708 -805.0000000000
14734 -802.0000000000
14808 -800.0000000000
14874 -799.0000000000
14910 -796.0000000000
14998 -795.0000000000
15010 -793.0000000000
15058 -792.0000000000
15078 -791.0000000000
15128 -790.0000000000
15158 -789.0000000000
15175 -788.0000000000
15212 -786.0000000000
15252 -785.0000000000
15353 -784.0000000000
15384 -783.0000000000
15400 -782.0000000000
15440 -781.0000000000
15459 -779.0000000000
15498 -777.0000000000
15516 -776.0000000000
15584 -775.0000000000
15632 -774.0000000000
15653 -773.0000000000
15654 -772.0000000000
15661 -770.0000000000
15797 -766.0000000000
15896 -764.0000000000
15958 -763.0000000000
16002 -761.0000000000
16068 -760.0000000000
16110 -759.0000000000
16140 -758.0000000000
16170 -757.0000000000
16206 -756.0000000000
16252 -755.0000000000
16265 -754.0000000000
16296 -752.0000000000
16301 -751.0000000000
16311 -750.0000000000
16394 -749.0000000000
16423 -745.0000000000
16462 -743.0000000000
16522 -742.0000000000
16562 -740.0000000000
16619 -739.0000000000
16660 -737.0000000000
16687 -736.0000000000
16718 -734.0000000000
16729 -732.0000000000
16760 -730.0000000000
16860 -727.0000000000
16877 -726.0000000000
16928 -725.0000000000
16930 -722.0000000000
17039 -721.0000000000
17127 -716.0000000000
17182 -715.0000000000
17269 -713.0000000000
17308 -712.0000000000
17355 -710.0000000000
17414 -709.0000000000
17518 -708.0000000000
17536 -707.0000000000
17588 -705.0000000000
17608 -704.0000000000
17622 -703.0000000000
17660 -701.0000000000
17702 -700.0000000000
17754 -699.0000000000
17779 -697.0000000000
17801 -695.0000000000
17881 -693.0000000000
17958 -692.0000000000
17977 -691.0000000000
18011 -689.0000000000
18126 -688.0000000000
18143 -686.0000000000
18216 -683.0000000000
18305 -681.0000000000
18314 -680.0000000000
18350 -676.0000000000
18457 -675.0000000000
18558 -673.0000000000
18608 -670.0000000000
18738 -667.0000000000
18814 -665.0000000000
18833 -663.0000000000
18906 -662.0000000000
18925 -661.0000000000
18958 -660.0000000000
18959 -659.0000000000
19009 -657.0000000000
19117 -654.0000000000
19154 -653.0000000000
19207 -650.0000000000
19240 -648.0000000000
19391 -646.0000000000
19400 -645.0000000000
19468 -644.0000000000
19498 -643.0000000000
19532 -639.0000000000
19604 -638.0000000000
19647 -637.0000000000
19673 -636.0000000000
19761 -634.0000000000
19786 -633.0000000000
19819 -632.0000000000
19862 -631.0000000000
19908 -630.0000000000
19984 -629.0000000000
19992 -627.0000000000
20055 -626.0000000000
20084 -625.0000000000
20101 -621.0000000000
20190 -619.0000000000
20259 -618.0000000000
20330 -617.0000000000
20360 -615.0000000000
20363 -613.0000000000
20522 -611.0000000000
20566 -609.0000000000
20609 -608.0000000000
20613 -606.0000000000
20671 -603.0000000000
20874 -602.0000000000
20882 -601.0000000000
20927 -600.0000000000
20954 -596.0000000000
21039 -594.0000000000
21041 -592.0000000000
21087 -591.0000000000
21145 -590.0000000000
21156 -589.0000000000
21259 -588.0000000000
21264 -583.0000000000
21376 -582.0000000000
21445 -581.0000000000
21499 -580.0000000000
21509 -579.0000000000
21549 -578.0000000000
21583 -575.0000000000
21678 -574.0000000000
21701 -571.0000000000
21813 -569.0000000000
21817 -568.0000000000
21852 -565.0000000000
21989 -564.0000000000
22067 -563.0000000000
22091 -562.0000000000
22111 -558.0000000000
22153 -557.0000000000
22185 -554.0000000000
22298 -553.0000000000
22328 -552.0000000000
22380 -548.0000000000
22409 -546.0000000000
22533 -545.0000000000
22573 -543.0000000000
22713 -542.0000000000
22715 -541.0000000000
22752 -540.0000000000
22811 -539.0000000000
22857 -538.0000000000
22911 -537.0000000000
22920 -536.0000000000
22965 -535.0000000000
23065 -534.0000000000
23088 -533.0000000000
23124 -532.0000000000
23219 -527.0000000000
23284 -523.0000000000
23496 -522.0000000000
23501 -521.0000000000
23579 -520.0000000000
23662 -518.0000000000
23786 -516.0000000000
23828 -514.0000000000
23945 -512.0000000000
24041 -510.0000000000
24065 -508.0000000000
24108 -507.0000000000
24169 -504.0000000000
24302 -503.0000000000
24333 -501.0000000000
24418 -498.0000000000
24488 -497.0000000000
24529 -496.0000000000
24564 -495.0000000000
24578 -491.0000000000
24728 -489.0000000000
24790 -488.0000000000
24796 -486.0000000000
24850 -484.0000000000
24883 -482.0000000000
25016 -481.0000000000
25022 -480.0000000000
25067 -478.0000000000
25141 -475.0000000000
25224 -474.0000000000
25279 -473.0000000000
25385 -472.0000000000
25433 -469.0000000000
25527 -466.0000000000
25571 -465.0000000000
25604 -464.0000000000
25621 -460.0000000000
25694 -459.0000000000
25725 -455.0000000000
25959 -453.0000000000
26008 -451.0000000000
26194 -449.0000000000
26211 -448.0000000000
26251 -447.0000000000
26284 -446.0000000000
26347 -443.0000000000
26452 -442.0000000000
26516 -441.0000000000
26552 -440.0000000000
26707 -439.0000000000
26727 -437.0000000000
26802 -436.0000000000
26937 -434.0000000000
26992 -432.0000000000
27067 -430.0000000000
27161 -428.0000000000
27274 -427.0000000000
27352 -425.0000000000
27358 -423.0000000000
27468 -422.0000000000
27522 -421.0000000000
27545 -420.0000000000
27596 -416.0000000000
27666 -415.0000000000
27716 -414.0000000000
27751 -412.0000000000
27811 -411.0000000000
27858 -410.0000000000
27861 -407.0000000000
27930 -406.0000000000
28005 -404.0000000000
28098 -403.0000000000
28103 -402.0000000000
28151 -400.0000000000
28167 -399.0000000000
28285 -396.0000000000
28318 -393.0000000000
28380 -391.0000000000
28501 -390.0000000000
28529 -389.0000000000
28534 -388.0000000000
28657 -387.0000000000
28673 -386.0000000000
28700 -385.0000000000
28777 -383.0000000000
28810 -382.0000000000
28930 -379.0000000000
29042 -377.0000000000
29176 -374.0000000000
29199 -373.0000000000
29290 -372.0000000000
29297 -371.0000000000
29380 -368.0000000000
29455 -367.0000000000
29540 -364.0000000000
29682 -360.0000000000
29929 -357.0000000000
30013 -355.0000000000
30083 -353.0000000000
30155 -352.0000000000
30209 -350.0000000000
30268 -348.0000000000
30387 -346.0000000000
30467 -344.0000000000
30550 -343.0000000000
30635 -340.0000000000
30713 -339.0000000000
30800 -338.0000000000
30824 -337.0000000000
30906 -336.0000000000
30967 -335.0000000000
31021 -334.0000000000
31067 -333.0000000000
31118 -331.0000000000
31252 -330.0000000000
31271 -329.0000000000
31351 -328.0000000000
31393 -327.0000000000
31515 -325.0000000000
31533 -324.0000000000
31602 -322.0000000000
31703 -321.0000000000
31707 -320.0000000000
31775 -319.0000000000
31779 -318.0000000000
31857 -316.0000000000
31876 -314.0000000000
31992 -312.0000000000
32067 -311.0000000000
32167 -310.0000000000
32237 -308.0000000000
32334 -307.0000000000
32346 -306.0000000000
32375 -304.0000000000
32474 -302.0000000000
32626 -301.0000000000
32669 -299.0000000000
32715 -298.0000000000
32802 -297.0000000000
32837 -296.0000000000
32853 -295.0000000000
32886 -294.0000000000
32981 -293.0000000000
33117 -291.0000000000
33145 -289.0000000000
33232 -288.0000000000
33265 -287.0000000000
33299 -285.0000000000
33502 -283.0000000000
33514 -282.0000000000
33668 -281.0000000000
33733 -280.0000000000
33771 -278.0000000000
33804 -277.0000000000
33865 -276.0000000000
33897 -275.0000000000
34012 -274.0000000000
34053 -273.0000000000
34119 -272.0000000000
34182 -271.0000000000
34228 -268.0000000000
34460 -267.0000000000
34467 -266.0000000000
34475 -265.0000000000
34509 -264.0000000000
34571 -263.0000000000
34638 -262.0000000000
34664 -261.0000000000
34761 -260.0000000000
34808 -259.0000000000
34880 -257.0000000000
34964 -256.0000000000
35006 -255.0000000000
35080 -252.0000000000
35174 -251.0000000000
35266 -248.0000000000
35400 -247.0000000000
35426 -244.0000000000
35580 -243.0000000000
35615 -242.0000000000
35671 -240.0000000000
35775 -239.0000000000
35819 -238.0000000000
35906 -237.0000000000
35980 -235.0000000000
36097 -234.0000000000
36119 -233.0000000000
36202 -232.0000000000
36265 -231.0000000000
36308 -229.0000000000
36507 -228.0000000000
36528 -226.0000000000
36616 -225.0000000000
36655 -224.0000000000
36733 -223.0000000000
36742 -222.0000000000
36807 -219.0000000000
36993 -218.0000000000
37041 -217.0000000000
37108 -216.0000000000
37160 -215.0000000000
37196 -214.0000000000
37219 -213.0000000000
37262 -212.0000000000
37347 -210.0000000000
37512 -209.0000000000
37620 -208.0000000000
37695 -205.0000000000
37781 -204.0000000000
37787 -203.0000000000
37878 -202.0000000000
37976 -200.0000000000
38077 -199.0000000000
38101 -198.0000000000
38270 -197.0000000000
38365 -196.0000000000
38368 -195.0000000000
38407 -192.0000000000
38602 -191.0000000000
38687 -189.0000000000
38826 -188.0000000000
38905 -187.0000000000
38975 -185.0000000000
39036 -184.0000000000
39111 -182.0000000000
39377 -181.0000000000
39385 -180.0000000000
39478 -177.0000000000
39573 -175.0000000000
39827 -174.0000000000
39923 -172.0000000000
39987 -171.0000000000
40117 -170.0000000000
40190 -169.0000000000
40254 -167.0000000000
40365 -166.0000000000
40370 -163.0000000000
40442 -161.0000000000
40690 -160.0000000000
40762 -159.0000000000
40771 -158.0000000000
40922 -156.0000000000
41066 -155.0000000000
41210 -154.0000000000
41227 -153.0000000000
41260 -150.0000000000
41462 -149.0000000000
41514 -148.0000000000
41660 -147.0000000000
41713 -146.0000000000
41742 -145.0000000000
41878 -144.0000000000
41906 -143.0000000000
41952 -142.0000000000
42052 -141.0000000000
42129 -139.0000000000
42266 -134.0000000000
42705 -131.0000000000
42712 -129.0000000000
42949 -128.0000000000
43008 -127.0000000000
43075 -126.0000000000
43192 -125.0000000000
43245 -124.0000000000
43332 -123.0000000000
43371 -122.0000000000
43544 -120.0000000000
43668 -119.0000000000
43862 -117.0000000000
43994 -116.0000000000
44175 -115.0000000000
44310 -114.0000000000
44409 -113.0000000000
44531 -112.0000000000
44551 -111.0000000000
44694 -110.0000000000
44742 -109.0000000000
44804 -107.0000000000
44956 -106.0000000000
45089 -101.0000000000
45300 -100.0000000000
45396 -99.0000000000
45412 -98.0000000000
45553 -97.0000000000
45640 -96.0000000000
45724 -95.0000000000
45862 -91.0000000000
46212 -89.0000000000
46383 -87.0000000000
46400 -85.0000000000
46643 -84.0000000000
46714 -83.0000000000
46983 -81.0000000000
47144 -79.0000000000
47227 -78.0000000000
47267 -77.0000000000
47352 -76.0000000000
47557 -75.0000000000
47756 -74.0000000000
47941 -73.0000000000
48107 -72.0000000000
48330 -71.0000000000
48335 -70.0000000000
48514 -69.0000000000
48658 -68.0000000000
48874 -65.0000000000
49106 -64.0000000000
49252 -63.0000000000
49369 -62.0000000000
49440 -60.0000000000
49661 -58.0000000000
49741 -57.0000000000
50183 -56.0000000000
50472 -55.0000000000
50542 -54.0000000000
50617 -53.0000000000
50749 -52.0000000000
50800 -51.0000000000
51022 -49.0000000000
51193 -48.0000000000
51392 -46.0000000000
51573 -45.0000000000
51715 -44.0000000000
51717 -43.0000000000
51962 -42.0000000000
51974 -41.0000000000
52112 -39.0000000000
52336 -38.0000000000
52507 -35.0000000000
52826 -34.0000000000
52983 -33.0000000000
53062 -32.0000000000
53299 -31.0000000000
53511 -30.0000000000
53678 -29.0000000000
53832 -28.0000000000
53859 -27.0000000000
54022 -26.0000000000
54245 -25.0000000000
54402 -24.0000000000
54543 -22.0000000000
54731 -20.0000000000
54966 -18.0000000000
55514 -17.0000000000
55602 -16.0000000000
55663 -15.0000000000
55822 -14.0000000000
56083 -13.0000000000
56155 -12.0000000000
56458 -11.0000000000
56615 -10.0000000000
57060 -9.0000000000
57207 -7.0000000000
57770 -6.0000000000
58105 -4.0000000000
58190 -3.0000000000
58543 -2.0000000000
58675 -1.0000000000
58957 137.2600000000
58980 150.1800000000
59222 160.9500000000
59436 161.4300000000
59478 173.2800000000
59537 174.6100000000
59693 182.2600000000
59958 189.2400000000
59990 273.9500000000
60052 281.3000000000
60107 285.6400000000
60233 290.3800000000
60244 430.1900000000
60272 442.3700000000
60518 460.1600000000
60614 465.1500000000
60861 550.7200000000
61157 574.5200000000
61420 576.0400000000
61655 582.0100000000
61711 587.0700000000
61766 595.3300000000
63373 597.5200000000
63665 608.2000000000
64372 690.3400000000
64427 692.3700000000
64480 694.4600000000
64500 712.2800000000
64596 716.9000000000
64850 725.6100000000
65652 732.3900000000
65668 734.6800000000
65937 734.7800000000
65957 794.3500000000
66087 815.0200000000
66254 817.5400000000
66320 819.4000000000
66527 821.8100000000
66565 828.4200000000
67101 830.3900000000
67149 842.7400000000
67520 848.1900000000
67806 866.3600000000
67904 866.6200000000
67976 878.2600000000
68131 887.1000000000
68405 888.4700000000
68422 892.4400000000
69952 897.9800000000
70031 900.4700000000
70542 911.7100000000
70547 927.1000000000
70593 950.7000000000
71827 951.8000000000
72232 955.6600000000
77292 957.4900000000
78430 957.5100000000
79689 967.5300000000
91343 969.9100000000
91566 973.8400000000
100000 938.0200000000
evaluations raw_y
1 -1966.0000000000
8 -1935.0000000000
44 -1931.0000000000
59 -1923.0000000000
90 -1877.0000000000
196 -1863.0000000000
242 -1860.0000000000
260 -1852.0000000000
262 -1842.0000000000
264 -1832.0000000000
321 -1829.0000000000
345 -1813.0000000000
378 -1806.0000000000
401 -1797.0000000000
464 -1787.0000000000
470 -1782.0000000000
501 -1777.0000000000
506 -1771.0000000000
554 -1769.0000000000
577 -1762.0000000000
596 -1754.0000000000
605 -1737.0000000000
639 -1727.0000000000
669 -1719.0000000000
681 -1718.0000000000
702 -1705.0000000000
784 -1697.0000000000
840 -1693.0000000000
848 -1684.0000000000
855 -1658.0000000000
982 -1642.0000000000
1083 -1635.0000000000
1109 -1633.0000000000
1158 -1622.0000000000
1182 -1616.0000000000
1193 -1612.0000000000
1231 -1609.0000000000
1245 -1606.0000000000
1252 -1604.0000000000
1262 -1599.0000000000
1301 -1589.0000000000
1305 -1580.0000000000
1397 -1579.0000000000
1406 -1577.0000000000
1409 -1576.0000000000
1420 -1575.0000000000
1444 -1572.0000000000
1447 -1571.0000000000
1448 -1568.0000000000
1456 -1560.0000000000
1504 -1552.0000000000
1544 -1549.0000000000
1549 -1548.0000000000
1566 -1545.0000000000
1582 -1536.0000000000
1663 -1535.0000000000
1664 -1532.0000000000
1678 -1528.0000000000
1695 -1525.0000000000
1709 -1524.0000000000
1711 -1522.0000000000
1746 -1513.0000000000
1757 -1510.0000000000
1801 -1509.0000000000
1855 -1499.0000000000
1904 -1490.0000000000
1931 -1487.0000000000
1959 -1484.0000000000
2011 -1482.0000000000
2021 -1479.0000000000
2026 -1477.0000000000
2055 -1473.0000000000
2101 -1462.0000000000
2134 -1459.0000000000
2178 -1458.0000000000
2217 -1454.0000000000
2218 -1452.0000000000
2253 -1450.0000000000
2274 -1446.0000000000
2332 -1439.0000000000
2360 -1438.0000000000
2373 -1434.0000000000
2420 -1433.0000000000
2433 -1429.0000000000
2485 -1428.0000000000
2493 -1427.0000000000
2512 -1424.0000000000
2551 -1410.0000000000
2657 -1405.0000000000
2752 -1399.0000000000
2820 -1397.0000000000
2822 -1391.0000000000
2894 -1390.0000000000
2906 -1385.0000000000
2966 -1384.0000000000
3012 -1382.0000000000
3015 -1377.0000000000
3059 -1375.0000000000
3061 -1374.0000000000
3063 -1368.0000000000
3172 -1366.0000000000
3202 -1365.0000000000
3219 -1364.0000000000
3265 -1361.0000000000
3282 -1360.0000000000
3291 -1356.0000000000
3300 -1354.0000000000
3334 -1351.0000000000
3358 -1348.0000000000
3379 -1342.0000000000
3402 -1341.0000000000
3513 -1338.0000000000
3517 -1337.0000000000
3541 -1332.0000000000
3606 -1331.0000000000
3610 -1330.0000000000
3656 -1329.0000000000
3675 -1325.0000000000
3704 -1320.0000000000
3792 -1318.0000000000
3840 -1317.0000000000
3850 -1311.0000000000
3858 -1310.0000000000
3911 -1308.0000000000
3956 -1306.0000000000
3996 -1304.0000000000
4025 -1301.0000000000
4055 -1298.0000000000
4067 -1296.0000000000
4173 -1295.0000000000
4186 -1292.0000000000
4216 -1291.0000000000
4251 -1290.0000000000
4305 -1289.0000000000
4315 -1286.0000000000
4384 -1284.0000000000
4405 -1283.0000000000
4425 -1282.0000000000
4449 -1281.0000000000
4468 -1280.0000000000
4495 -1277.0000000000
4551 -1276.0000000000
4591 -1273.0000000000
4701 -1271.0000000000
4727 -1267.0000000000
4755 -1266.0000000000
4784 -1264.0000000000
4801 -1263.0000000000
4854 -1261.0000000000
4904 -1258.0000000000
4964 -1257.0000000000
5005 -1254.0000000000
5040 -1251.0000000000
5118 -1249.0000000000
5162 -1248.0000000000
5169 -1247.0000000000
5174 -1246.0000000000
5223 -1243.0000000000
5259 -1240.0000000000
5326 -1239.0000000000
5356 -1238.0000000000
5372 -1235.0000000000
5406 -1234.0000000000
5441 -1230.0000000000
5469 -1229.0000000000
5501 -1228.0000000000
5521 -1226.0000000000
5588 -1225.0000000000
5603 -1224.0000000000
5606 -1222.0000000000
5669 -1220.0000000000
5718 -1219.0000000000
5727 -1218.0000000000
5731 -1217.0000000000
5740 -1214.0000000000
5805 -1212.0000000000
5860 -1211.0000000000
5894 -1210.0000000000
5906 -1209.0000000000
5911 -1206.0000000000
5956 -1204.0000000000
6010 -1202.0000000000
6090 -1201.0000000000
6101 -1200.0000000000
6102 -1199.0000000000
6147 -1198.0000000000
6155 -1196.0000000000
6189 -1194.0000000000
6214 -1192.0000000000
6268 -1191.0000000000
6318 -1187.0000000000
6392 -1183.0000000000
6424 -1182.0000000000
6486 -1181.0000000000
6502 -1178.0000000000
6503 -1176.0000000000
6597 -1175.0000000000
6631 -1173.0000000000
6662 -1171.0000000000
6690 -1169.0000000000
6701 -1167.0000000000
6822 -1165.0000000000
6869 -1164.0000000000
6883 -1163.0000000000
6917 -1162.0000000000
6927 -1159.0000000000
6965 -1158.0000000000
7015 -1157.0000000000
7023 -1156.0000000000
7033 -1155.0000000000
7107 -1154.0000000000
7117 -1151.0000000000
7159 -1150.0000000000
7195 -1149.0000000000
7208 -1148.0000000000
7230 -1147.0000000000
7250 -1145.0000000000
7282 -1143.0000000000
7303 -1141.0000000000
7322 -1140.0000000000
7374 -1139.0000000000
7378 -1138.0000000000
7421 -1137.0000000000
7446 -1136.0000000000
7503 -1134.0000000000
7561 -1128.0000000000
7680 -1127.0000000000
7694 -1125.0000000000
7725 -1122.0000000000
7757 -1121.0000000000
7770 -1120.0000000000
7815 -1115.0000000000
7934 -1113.0000000000
7972 -1112.0000000000
8029 -1110.0000000000
8052 -1107.0000000000
8101 -1106.0000000000
8127 -1105.0000000000
8169 -1104.0000000000
8203 -1102.0000000000
8258 -1101.0000000000
8274 -1100.0000000000
8278 -1099.0000000000
8364 -1098.0000000000
8393 -1095.0000000000
8402 -1094.0000000000
8433 -1089.0000000000
8513 -1088.0000000000
8627 -1087.0000000000
8634 -1086.0000000000
8656 -1082.0000000000
8704 -1075.0000000000
8829 -1074.0000000000
8867 -1071.0000000000
8905 -1069.0000000000
9004 -1067.0000000000
9101 -1064.0000000000
9119 -1062.0000000000
9157 -1060.0000000000
9253 -1058.0000000000
9284 -1057.0000000000
9302 -1054.0000000000
9409 -1050.0000000000
9451 -1047.0000000000
9495 -1043.0000000000
9534 -1042.0000000000
9609 -1041.0000000000
9613 -1040.0000000000
9652 -1039.0000000000
9707 -1038.0000000000
9721 -1035.0000000000
9732 -1031.0000000000
9801 -1030.0000000000
9858 -1029.0000000000
9872 -1026.0000000000
9928 -1024.0000000000
9954 -1022.0000000000
9985 -1020.0000000000
10051 -1017.0000000000
10120 -1016.0000000000
10156 -1015.0000000000
10174 -1014.0000000000
10227 -1013.0000000000
10263 -1012.0000000000
10304 -1011.0000000000
10351 -1007.0000000000
10367 -1004.0000000000
10404 -1003.0000000000
10504 -1001.0000000000
10521 -1000.0000000000
10532 -997.0000000000
10565 -996.0000000000
10649 -995.0000000000
10663 -994.0000000000
10708 -993.0000000000
10722 -992.0000000000
10771 -988.0000000000
10851 -987.0000000000
10874 -986.0000000000
10929 -983.0000000000
10988 -980.0000000000
11027 -977.0000000000
11159 -976.0000000000
11198 -975.0000000000
11206 -974.0000000000
11207 -973.0000000000
11234 -972.0000000000
11256 -970.0000000000
11365 -968.0000000000
11396 -967.0000000000
11398 -965.0000000000
11416 -964.0000000000
11422 -959.0000000000
11577 -958.0000000000
11578 -957.0000000000
11606 -956.0000000000
11611 -955.0000000000
11671 -953.0000000000
11702 -951.0000000000
11730 -950.0000000000
11774 -949.0000000000
11779 -948.0000000000
11807 -947.0000000000
11843 -946.0000000000
11865 -945.0000000000
11888 -943.0000000000
11946 -942.0000000000
11962 -939.0000000000
12007 -938.0000000000
12057 -937.0000000000
12083 -936.0000000000
12127 -934.0000000000
12205 -933.0000000000
12211 -932.0000000000
12217 -931.0000000000
12254 -930.0000000000
12316 -928.0000000000
12378 -927.0000000000
12409 -925.0000000000
12419 -921.0000000000
12480 -920.0000000000
12506 -919.0000000000
12524 -918.0000000000
12572 -916.0000000000
12609 -912.0000000000
12714 -911.0000000000
12749 -910.0000000000
12772 -908.0000000000
12819 -907.0000000000
12820 -905.0000000000
12894 -904.0000000000
12931 -903.0000000000
12935 -902.0000000000
12946 -899.0000000000
13054 -898.0000000000
13080 -897.0000000000
13111 -896.0000000000
13114 -895.0000000000
13121 -893.0000000000
13198 -891.0000000000
13212 -890.0000000000
13260 -888.0000000000
13333 -886.0000000000
13360 -884.0000000000
13401 -882.0000000000
13455 -880.0000000000
13499 -876.0000000000
13553 -875.0000000000
13610 -874.0000000000
13613 -873.0000000000
13665 -872.0000000000
13700 -871.0000000000
13719 -870.0000000000
13733 -867.0000000000
13770 -866.0000000000
13776 -864.0000000000
13819 -863.0000000000
13891 -862.0000000000
13902 -860.0000000000
13910 -859.0000000000
13970 -858.0000000000
14015 -854.0000000000
14051 -853.0000000000
14117 -852.0000000000
14242 -851.0000000000
14260 -850.0000000000
14298 -849.0000000000
14304 -848.0000000000
14325 -843.0000000000
14442 -842.0000000000
14458 -841.0000000000
14465 -839.0000000000
14578 -838.0000000000
14603 -836.0000000000
14652 -835.0000000000
14722 -831.0000000000
14785 -830.0000000000
14880 -829.0000000000
14903 -828.0000000000
14918 -826.0000000000
14958 -825.0000000000
14964 -824.0000000000
15017 -820.0000000000
15111 -819.0000000000
15161 -818.0000000000
15194 -814.0000000000
15308 -811.0000000000
15365 -810.0000000000
15370 -807.0000000000
15441 -802.0000000000
15557 -801.0000000000
15566 -800.0000000000
15611 -797.0000000000
15716 -796.0000000000
15717 -792.0000000000
15753 -791.0000000000
15834 -789.0000000000
15898 -788.0000000000
15954 -787.0000000000
15968 -786.0000000000
16016 -785.0000000000
16019 -784.0000000000
16076 -783.0000000000
16101 -781.0000000000
16111 -779.0000000000
16238 -778.0000000000
16244 -776.0000000000
16252 -775.0000000000
16308 -773.0000000000
16408 -769.0000000000
16459 -767.0000000000
16546 -765.0000000000
16610 -763.0000000000
16659 -761.0000000000
16665 -760.0000000000
16671 -758.0000000000
16766 -755.0000000000
16809 -754.0000000000
16866 -752.0000000000
16910 -750.0000000000
16954 -749.0000000000
17009 -743.0000000000
17103 -742.0000000000
17176 -741.0000000000
17229 -740.0000000000
17240 -739.0000000000
17255 -738.0000000000
17347 -737.0000000000
17357 -736.0000000000
17406 -735.0000000000
17414 -732.0000000000
17456 -730.0000000000
17502 -728.0000000000
17596 -727.0000000000
17607 -725.0000000000
17625 -722.0000000000
17702 -721.0000000000
17792 -720.0000000000
17836 -718.0000000000
17855 -714.0000000000
17967 -712.0000000000
18012 -711.0000000000
18081 -710.0000000000
18100 -709.0000000000
18194 -705.0000000000
18206 -704.0000000000
18307 -703.0000000000
18364 -702.0000000000
18421 -701.0000000000
18435 -700.0000000000
18455 -699.0000000000
18477 -698.0000000000
18485 -696.0000000000
18558 -693.0000000000
18616 -691.0000000000
18654 -690.0000000000
18657 -689.0000000000
18690 -688.0000000000
18760 -686.0000000000
18835 -685.0000000000
18868 -682.0000000000
18946 -681.0000000000
18993 -680.0000000000
19002 -679.0000000000
19108 -678.0000000000
19113 -677.0000000000
19136 -675.0000000000
19273 -673.0000000000
19303 -671.0000000000
19411 -669.0000000000
19460 -667.0000000000
19479 -666.0000000000
19544 -665.0000000000
19587 -664.0000000000
19606 -663.0000000000
19669 -662.0000000000
19694 -661.0000000000
19702 -660.0000000000
19757 -659.0000000000
19782 -656.0000000000
19847 -653.0000000000
19904 -652.0000000000
19998 -650.0000000000
20014 -646.0000000000
20123 -645.0000000000
20196 -644.0000000000
20254 -642.0000000000
20307 -640.0000000000
20349 -639.0000000000
20362 -638.0000000000
20434 -637.0000000000
20443 -636.0000000000
20472 -634.0000000000
20555 -632.0000000000
20654 -630.0000000000
20716 -629.0000000000
20743 -628.0000000000
20754 -625.0000000000
20865 -624.0000000000
20866 -623.0000000000
20905 -622.0000000000
20956 -621.0000000000
20984 -620.0000000000
21006 -619.0000000000
21013 -617.0000000000
21104 -616.0000000000
21120 -615.0000000000
21125 -612.0000000000
21163 -611.0000000000
21273 -607.0000000000
21370 -606.0000000000
21406 -603.0000000000
21449 -600.0000000000
21533 -597.0000000000
21648 -596.0000000000
21725 -594.0000000000
21805 -593.0000000000
21849 -588.0000000000
22029 -587.0000000000
22056 -586.0000000000
22069 -585.0000000000
22103 -584.0000000000
22166 -582.0000000000
22222 -580.0000000000
22288 -579.0000000000
22292 -577.0000000000
22360 -576.0000000000
22417 -575.0000000000
22460 -573.0000000000
22463 -572.0000000000
22518 -571.0000000000
22569 -570.0000000000
22637 -568.0000000000
22653 -567.0000000000
22676 -566.0000000000
22752 -564.0000000000
22851 -562.0000000000
22902 -559.0000000000
22962 -558.0000000000
23040 -557.0000000000
23076 -555.0000000000
23165 -554.0000000000
23175 -553.0000000000
23193 -552.0000000000
23201 -550.0000000000
23341 -549.0000000000
23399 -548.0000000000
23402 -547.0000000000
23433 -546.0000000000
23473 -545.0000000000
23485 -544.0000000000
23504 -542.0000000000
23557 -539.0000000000
23651 -538.0000000000
23720 -535.0000000000
23842 -531.0000000000
23971 -530.0000000000
23987 -529.0000000000
24019 -528.0000000000
24031 -527.0000000000
24060 -525.0000000000
24120 -524.0000000000
24122 -521.0000000000
24248 -520.0000000000
24287 -519.0000000000
24320 -518.0000000000
24410 -516.0000000000
24441 -515.0000000000
24492 -512.0000000000
24655 -510.0000000000
24701 -508.0000000000
24734 -504.0000000000
24863 -502.0000000000
25014 -501.0000000000
25034 -500.0000000000
25066 -498.0000000000
25105 -496.0000000000
25197 -494.0000000000
25230 -493.0000000000
25306 -492.0000000000
25401 -491.0000000000
25472 -490.0000000000
25502 -489.0000000000
25555 -487.0000000000
25631 -486.0000000000
25663 -485.0000000000
25730 -484.0000000000
25803 -482.0000000000
25819 -481.0000000000
25897 -480.0000000000
25912 -477.0000000000
26031 -475.0000000000
26112 -474.0000000000
26138 -473.0000000000
26194 -472.0000000000
26235 -471.0000000000
26253 -470.0000000000
26318 -468.0000000000
26373 -467.0000000000
26444 -466.0000000000
26453 -464.0000000000
26510 -460.0000000000
26615 -457.0000000000
26753 -456.0000000000
26776 -454.0000000000
26893 -453.0000000000
26910 -452.0000000000
26938 -451.0000000000
26977 -450.0000000000
27072 -449.0000000000
27087 -447.0000000000
27154 -446.0000000000
27235 -444.0000000000
27252 -443.0000000000
27347 -442.0000000000
27354 -441.0000000000
27401 -437.0000000000
27451 -436.0000000000
27488 -433.0000000000
27718 -432.0000000000
27756 -431.0000000000
27765 -430.0000000000
27775 -429.0000000000
27854 -427.0000000000
27865 -426.0000000000
27996 -423.0000000000
28056 -421.0000000000
28112 -420.0000000000
28163 -419.0000000000
28215 -417.0000000000
28292 -416.0000000000
28348 -415.0000000000
28360 -414.0000000000
28392 -413.0000000000
28477 -412.0000000000
28485 -411.0000000000
28518 -409.0000000000
28564 -408.0000000000
28615 -407.0000000000
28655 -405.0000000000
28824 -403.0000000000
28914 -399.0000000000
29111 -398.0000000000
29208 -395.0000000000
29267 -393.0000000000
29318 -391.0000000000
29353 -390.0000000000
29459 -389.0000000000
29503 -388.0000000000
29609 -387.0000000000
29673 -385.0000000000
29701 -382.0000000000
29814 -380.0000000000
29934 -379.0000000000
29955 -376.0000000000
30065 -375.0000000000
30079 -374.0000000000
30120 -373.0000000000
30125 -372.0000000000
30132 -371.0000000000
30179 -370.0000000000
30316 -369.0000000000
30328 -368.0000000000
30399 -367.0000000000
30407 -366.0000000000
30443 -363.0000000000
30570 -362.0000000000
30663 -361.0000000000
30678 -360.0000000000
30707 -359.0000000000
30745 -358.0000000000
30835 -357.0000000000
30845 -355.0000000000
30922 -353.0000000000
30945 -349.0000000000
31085 -348.0000000000
31187 -347.0000000000
31261 -345.0000000000
31311 -344.0000000000
31353 -341.0000000000
31465 -339.0000000000
31556 -337.0000000000
31558 -336.0000000000
31610 -335.0000000000
31692 -334.0000000000
31715 -333.0000000000
31760 -332.0000000000
31778 -328.0000000000
31826 -327.0000000000
31872 -326.0000000000
31971 -325.0000000000
31995 -323.0000000000
32022 -320.0000000000
32161 -319.0000000000
32276 -318.0000000000
32309 -317.0000000000
32333 -316.0000000000
32357 -315.0000000000
32404 -313.0000000000
32529 -312.0000000000
32550 -311.0000000000
32552 -309.0000000000
32559 -308.0000000000
32678 -307.0000000000
32754 -306.0000000000
32792 -305.0000000000
32807 -303.0000000000
32903 -302.0000000000
33014 -301.0000000000
33022 -300.0000000000
33054 -299.0000000000
33103 -298.0000000000
33180 -296.0000000000
33313 -295.0000000000
33372 -293.0000000000
33436 -292.0000000000
33499 -291.0000000000
33543 -290.0000000000
33651 -289.0000000000
33668 -286.0000000000
33757 -285.0000000000
33776 -284.0000000000
33826 -281.0000000000
33843 -280.0000000000
33983 -278.0000000000
34088 -276.0000000000
34134 -275.0000000000
34206 -274.0000000000
34210 -272.0000000000
34325 -270.0000000000
34379 -269.0000000000
34444 -268.0000000000
34483 -264.0000000000
34724 -262.0000000000
34803 -261.0000000000
34815 -260.0000000000
34821 -259.0000000000
34882 -258.0000000000
34953 -257.0000000000
35049 -254.0000000000
35071 -252.0000000000
35269 -251.0000000000
35301 -250.0000000000
35372 -248.0000000000
35402 -246.0000000000
35540 -245.0000000000
35557 -243.0000000000
35618 -242.0000000000
35621 -241.0000000000
35624 -240.0000000000
35676 -239.0000000000
35739 -238.0000000000
35787 -237.0000000000
35861 -235.0000000000
35964 -234.0000000000
36000 -233.0000000000
36084 -230.0000000000
36221 -229.0000000000
36256 -227.0000000000
36305 -226.0000000000
36375 -225.0000000000
36438 -224.0000000000
36538 -223.0000000000
36551 -222.0000000000
36632 -221.0000000000
36636 -219.0000000000
36758 -218.0000000000
36943 -215.0000000000
36971 -213.0000000000
37095 -212.0000000000
37114 -211.0000000000
37258 -208.0000000000
37479 -207.0000000000
37517 -202.0000000000
37745 -201.0000000000
37830 -200.0000000000
37848 -199.0000000000
38044 -198.0000000000
38071 -197.0000000000
38142 -196.0000000000
38154 -194.0000000000
38283 -193.0000000000
38316 -192.0000000000
38360 -188.0000000000
38570 -187.0000000000
38650 -186.0000000000
38693 -185.0000000000
38777 -183.0000000000
38829 -182.0000000000
38883 -180.0000000000
38934 -179.0000000000
39122 -177.0000000000
39258 -176.0000000000
39346 -175.0000000000
39393 -174.0000000000
39458 -171.0000000000
39663 -170.0000000000
39784 -167.0000000000
39859 -166.0000000000
39956 -163.0000000000
40019 -162.0000000000
40180 -161.0000000000
40343 -160.0000000000
40375 -158.0000000000
40452 -157.0000000000
40565 -156.0000000000
40593 -154.0000000000
40768 -152.0000000000
40909 -151.0000000000
41077 -150.0000000000
41125 -149.0000000000
41270 -147.0000000000
41474 -144.0000000000
41675 -142.0000000000
41835 -141.0000000000
41879 -140.0000000000
41975 -138.0000000000
42087 -137.0000000000
42163 -135.0000000000
42212 -134.0000000000
42265 -133.0000000000
42358 -132.0000000000
42401 -131.0000000000
42530 -130.0000000000
42551 -129.0000000000
42577 -128.0000000000
42726 -127.0000000000
42778 -126.0000000000
42810 -125.0000000000
42898 -124.0000000000
42932 -120.0000000000
43038 -119.0000000000
43227 -118.0000000000
43312 -117.0000000000
43366 -116.0000000000
43516 -115.0000000000
43623 -114.0000000000
43726 -113.0000000000
43814 -112.0000000000
43830 -110.0000000000
44061 -109.0000000000
44093 -108.0000000000
44202 -107.0000000000
44383 -106.0000000000
44426 -105.0000000000
44492 -104.0000000000
44803 -102.0000000000
45178 -101.0000000000
45298 -100.0000000000
45328 -99.0000000000
45530 -98.0000000000
45856 -97.0000000000
45961 -96.0000000000
46006 -95.0000000000
46073 -94.0000000000
46279 -92.0000000000
46467 -91.0000000000
46613 -89.0000000000
46639 -88.0000000000
46802 -87.0000000000
46890 -86.0000000000
46952 -85.0000000000
47024 -84.0000000000
47095 -83.0000000000
47177 -82.0000000000
47197 -81.0000000000
47354 -80.0000000000
47377 -79.0000000000
47509 -78.0000000000
47559 -77.0000000000
47580 -76.0000000000
47612 -74.0000000000
47839 -72.0000000000
47959 -70.0000000000
48003 -69.0000000000
48106 -66.0000000000
48477 -65.0000000000
48559 -64.0000000000
48604 -63.0000000000
48775 -62.0000000000
48884 -61.0000000000
48962 -60.0000000000
49141 -59.0000000000
49209 -58.0000000000
49419 -57.0000000000
49440 -56.0000000000
49541 -55.0000000000
49685 -54.0000000000
49778 -53.0000000000
49789 -52.0000000000
49965 -51.0000000000
50042 -50.0000000000
50232 -49.0000000000
50359 -48.0000000000
50401 -47.0000000000
50735 -46.0000000000
50770 -45.0000000000
51030 -44.0000000000
51335 -43.0000000000
51457 -42.0000000000
51742 -41.0000000000
51869 -40.0000000000
51919 -39.0000000000
52260 -38.0000000000
52290 -37.0000000000
52463 -36.0000000000
52623 -34.0000000000
52734 -32.0000000000
53080 -31.0000000000
53190 -30.0000000000
53206 -29.0000000000
53389 -28.0000000000
53579 -27.0000000000
53770 -25.0000000000
53951 -24.0000000000
54137 -22.0000000000
54311 -21.0000000000
54363 -20.0000000000
54588 -19.0000000000
54708 -18.0000000000
54937 -17.0000000000
55138 -16.0000000000
55548 -15.0000000000
55752 -14.0000000000
55901 -13.0000000000
56056 -12.0000000000
56110 -11.0000000000
56259 -10.0000000000
56398 -9.0000000000
56579 -8.0000000000
56699 -7.0000000000
56834 -6.0000000000
56957 -5.0000000000
57330 -4.0000000000
58126 -3.0000000000
58551 -2.0000000000
58704 -1.0000000000
59047 168.7200000000
59109 193.9200000000
59170 276.8400000000
59295 277.8300000000
59564 304.0500000000
59669 304.3500000000
59730 323.2500000000
59833 331.3100000000
60335 339.9700000000
60408 349.5600000000
60498 363.5300000000
60639 401.2700000000
60730 404.9500000000
60910 405.0700000000
60982 422.0800000000
61179 431.9800000000
61352 440.5400000000
61624 457.7800000000
61846 521.9400000000
61857 548.2800000000
61927 555.1300000000
61959 588.3100000000
62029 591.6600000000
62516 607.0800000000
62917 692.5200000000
63032 699.6300000000
63125 704.9500000000
63167 707.9600000000
63202 710.4400000000
63396 718.2200000000
63464 721.8200000000
63602 723.1800000000
63816 724.1300000000
63835 730.6100000000
63857 750.5600000000
65700 869.0100000000
66245 892.2700000000
71892 894.0200000000
73291 896.7200000000
73308 898.6200000000
74323 900.1400000000
74687 911.4900000000
79254 913.3400000000
79475 922.6200000000
81075 924.3900000000
81114 927.9500000000
81199 928.8600000000
81225 929.9800000000
81826 942.5900000000
83677 949.5500000000
91212 950.7800000000
91341 960.7900000000
92785 960.8300000000
92857 962.7400000000
93306 965.5900000000
93582 967.6900000000
94154 980.1600000000
98603 981.4400000000
99557 982.9200000000
100000 572.1000000000
