evaluations raw_y
1 -2038.0000000000
2 -1979.0000000000
4 -1977.0000000000
6 -1958.0000000000
23 -1942.0000000000
82 -1940.0000000000
102 -1925.0000000000
128 -1906.0000000000
165 -1901.0000000000
180 -1900.0000000000
209 -1899.0000000000
228 -1896.0000000000
239 -1880.0000000000
249 -1876.0000000000
253 -1864.0000000000
304 -1860.0000000000
310 -1851.0000000000
337 -1836.0000000000
377 -1822.0000000000
416 -1820.0000000000
420 -1810.0000000000
458 -1793.0000000000
551 -1789.0000000000
568 -1781.0000000000
610 -1769.0000000000
625 -1768.0000000000
633 -1765.0000000000
640 -1761.0000000000
652 -1757.0000000000
666 -1753.0000000000
681 -1741.0000000000
697 -1738.0000000000
701 -1726.0000000000
761 -1725.0000000000
762 -1722.0000000000
769 -1715.0000000000
801 -1709.0000000000
805 -1708.0000000000
811 -1696.0000000000
820 -1691.0000000000
894 -1675.0000000000
943 -1671.0000000000
954 -1668.0000000000
999 -1660.0000000000
1042 -1654.0000000000
1052 -1647.0000000000
1061 -1643.0000000000
1069 -1638.0000000000
1103 -1635.0000000000
1159 -1625.0000000000
1203 -1624.0000000000
1229 -1620.0000000000
1242 -1613.0000000000
1258 -1611.0000000000
1276 -1608.0000000000
1313 -1598.0000000000
1342 -1597.0000000000
1354 -1594.0000000000
1362 -1562.0000000000
1446 -1561.0000000000
1453 -1555.0000000000
1516 -1529.0000000000
1601 -1526.0000000000
1651 -1524.0000000000
1676 -1519.0000000000
1705 -1517.0000000000
1716 -1514.0000000000
1737 -1505.0000000000
1786 -1502.0000000000
1803 -1499.0000000000
1827 -1496.0000000000
1848 -1489.0000000000
1867 -1486.0000000000
1901 -1481.0000000000
1961 -1479.0000000000
1969 -1478.0000000000
1983 -1473.0000000000
2007 -1472.0000000000
2019 -1469.0000000000
2055 -1460.0000000000
2060 -1459.0000000000
2099 -1452.0000000000
2144 -1443.0000000000
2160 -1441.0000000000
2227 -1436.0000000000
2251 -1432.0000000000
2305 -1431.0000000000
2316 -1424.0000000000
2351 -1420.0000000000
2361 -1419.0000000000
2410 -1417.0000000000
2422 -1416.0000000000
2432 -1410.0000000000
2459 -1394.0000000000
2594 -1390.0000000000
2628 -1384.0000000000
2703 -1376.0000000000
2753 -1370.0000000000
2762 -1368.0000000000
2801 -1366.0000000000
2827 -1364.0000000000
2880 -1361.0000000000
2909 -1360.0000000000
2925 -1358.0000000000
2960 -1357.0000000000
2970 -1356.0000000000
2972 -1349.0000000000
3034 -1348.0000000000
3079 -1337.0000000000
3193 -1335.0000000000
3237 -1332.0000000000
3248 -1331.0000000000
3270 -1326.0000000000
3306 -1324.0000000000
3350 -1323.0000000000
3367 -1320.0000000000
3417 -1308.0000000000
3506 -1307.0000000000
3551 -1306.0000000000
3559 -1304.0000000000
3609 -1297.0000000000
3654 -1294.0000000000
3713 -1292.0000000000
3751 -1287.0000000000
3816 -1285.0000000000
3849 -1282.0000000000
3895 -1278.0000000000
3994 -1269.0000000000
4133 -1268.0000000000
4147 -1266.0000000000
4162 -1265.0000000000
4163 -1263.0000000000
4227 -1262.0000000000
4283 -1260.0000000000
4292 -1256.0000000000
4316 -1254.0000000000
4408 -1253.0000000000
4439 -1252.0000000000
4458 -1251.0000000000
4459 -1250.0000000000
4505 -1248.0000000000
4552 -1247.0000000000
4567 -1241.0000000000
4651 -1239.0000000000
4743 -1235.0000000000
4772 -1233.0000000000
4853 -1232.0000000000
4881 -1231.0000000000
4902 -1230.0000000000
4918 -1224.0000000000
5010 -1223.0000000000
5102 -1220.0000000000
5129 -1218.0000000000
5163 -1216.0000000000
5213 -1211.0000000000
5309 -1210.0000000000
5313 -1209.0000000000
5354 -1205.0000000000
5361 -1202.0000000000
5483 -1200.0000000000
5509 -1198.0000000000
5600 -1196.0000000000
5612 -1195.0000000000
5656 -1193.0000000000
5661 -1192.0000000000
5720 -1189.0000000000
5762 -1188.0000000000
5804 -1186.0000000000
5828 -1183.0000000000
5925 -1182.0000000000
5961 -1180.0000000000
5974 -1178.0000000000
6071 -1177.0000000000
6100 -1174.0000000000
6120 -1171.0000000000
6173 -1165.0000000000
6235 -1163.0000000000
6302 -1162.0000000000
6322 -1161.0000000000
6360 -1160.0000000000
6388 -1157.0000000000
6463 -1156.0000000000
6473 -1155.0000000000
6517 -1153.0000000000
6553 -1151.0000000000
6620 -1149.0000000000
6662 -1148.0000000000
6674 -1147.0000000000
6693 -1146.0000000000
6702 -1145.0000000000
6737 -1143.0000000000
6786 -1142.0000000000
6800 -1141.0000000000
6819 -1140.0000000000
6836 -1139.0000000000
6856 -1135.0000000000
6898 -1134.0000000000
6899 -1131.0000000000
6993 -1128.0000000000
7043 -1127.0000000000
7046 -1125.0000000000
7114 -1124.0000000000
7116 -1122.0000000000
7126 -1121.0000000000
7167 -1119.0000000000
7215 -1117.0000000000
7255 -1116.0000000000
7273 -1115.0000000000
7318 -1113.0000000000
7336 -1111.0000000000
7381 -1110.0000000000
7408 -1109.0000000000
7472 -1105.0000000000
7512 -1104.0000000000
7532 -1103.0000000000
7586 -1101.0000000000
7625 -1100.0000000000
7656 -1096.0000000000
7706 -1093.0000000000
7769 -1092.0000000000
7771 -1091.0000000000
7837 -1089.0000000000
7875 -1087.0000000000
7879 -1085.0000000000
7934 -1082.0000000000
7982 -1081.0000000000
8040 -1080.0000000000
8051 -1076.0000000000
8125 -1075.0000000000
8168 -1074.0000000000
8221 -1071.0000000000
8234 -1070.0000000000
8312 -1068.0000000000
8381 -1067.0000000000
8389 -1066.0000000000
8419 -1065.0000000000
8454 -1063.0000000000
8513 -1061.0000000000
8541 -1060.0000000000
8558 -1055.0000000000
8664 -1053.0000000000
8718 -1051.0000000000
8805 -1050.0000000000
8809 -1048.0000000000
8850 -1043.0000000000
8884 -1042.0000000000
8929 -1040.0000000000
9066 -1037.0000000000
9090 -1036.0000000000
9106 -1035.0000000000
9201 -1029.0000000000
9317 -1028.0000000000
9335 -1024.0000000000
9359 -1019.0000000000
9551 -1018.0000000000
9565 -1017.0000000000
9583 -1016.0000000000
9587 -1015.0000000000
9607 -1014.0000000000
9647 -1013.0000000000
9684 -1010.0000000000
9750 -1009.0000000000
9773 -1008.0000000000
9801 -1007.0000000000
9819 -1006.0000000000
9879 -1004.0000000000
9916 -1002.0000000000
9993 -1000.0000000000
10000 -1006.0000000000
evaluations raw_y
1 -2068.0000000000
2 -2004.0000000000
4 -2000.0000000000
8 -1999.0000000000
13 -1971.0000000000
31 -1946.0000000000
39 -1942.0000000000
94 -1941.0000000000
126 -1923.0000000000
154 -1904.0000000000
155 -1892.0000000000
224 -1880.0000000000
256 -1876.0000000000
268 -1873.0000000000
272 -1872.0000000000
317 -1866.0000000000
321 -1859.0000000000
332 -1851.0000000000
372 -1835.0000000000
377 -1833.0000000000
381 -1831.0000000000
406 -1829.0000000000
415 -1826.0000000000
421 -1822.0000000000
427 -1817.0000000000
451 -1800.0000000000
485 -1781.0000000000
509 -1770.0000000000
561 -1768.0000000000
596 -1764.0000000000
598 -1758.0000000000
609 -1715.0000000000
724 -1711.0000000000
755 -1692.0000000000
810 -1691.0000000000
844 -1685.0000000000
886 -1665.0000000000
938 -1664.0000000000
956 -1659.0000000000
1007 -1654.0000000000
1009 -1651.0000000000
1036 -1636.0000000000
1097 -1627.0000000000
1113 -1621.0000000000
1143 -1612.0000000000
1202 -1608.0000000000
1205 -1607.0000000000
1255 -1602.0000000000
1276 -1598.0000000000
1292 -1597.0000000000
1338 -1595.0000000000
1351 -1589.0000000000
1365 -1588.0000000000
1392 -1584.0000000000
1401 -1583.0000000000
1408 -1578.0000000000
1417 -1573.0000000000
1456 -1547.0000000000
1569 -1544.0000000000
1594 -1537.0000000000
1652 -1533.0000000000
1653 -1532.0000000000
1686 -1531.0000000000
1704 -1529.0000000000
1706 -1522.0000000000
1716 -1520.0000000000
1780 -1516.0000000000
1800 -1509.0000000000
1824 -1508.0000000000
1832 -1501.0000000000
1870 -1495.0000000000
1933 -1494.0000000000
1952 -1483.0000000000
2008 -1477.0000000000
2064 -1470.0000000000
2104 -1461.0000000000
2160 -1452.0000000000
2209 -1450.0000000000
2252 -1442.0000000000
2306 -1440.0000000000
2317 -1437.0000000000
2366 -1429.0000000000
2412 -1428.0000000000
2434 -1427.0000000000
2449 -1426.0000000000
2477 -1424.0000000000
2498 -1423.0000000000
2526 -1418.0000000000
2528 -1416.0000000000
2563 -1410.0000000000
2622 -1407.0000000000
2630 -1402.0000000000
2705 -1401.0000000000
2719 -1399.0000000000
2780 -1398.0000000000
2786 -1396.0000000000
2826 -1394.0000000000
2857 -1393.0000000000
2868 -1389.0000000000
2922 -1386.0000000000
2962 -1383.0000000000
3003 -1381.0000000000
3004 -1379.0000000000
3058 -1374.0000000000
3060 -1372.0000000000
3147 -1367.0000000000
3191 -1363.0000000000
3274 -1357.0000000000
3341 -1355.0000000000
3356 -1353.0000000000
3365 -1352.0000000000
3383 -1348.0000000000
3397 -1346.0000000000
3429 -1345.0000000000
3459 -1343.0000000000
3563 -1340.0000000000
3567 -1335.0000000000
3614 -1334.0000000000
3654 -1333.0000000000
3698 -1331.0000000000
3714 -1330.0000000000
3716 -1328.0000000000
3790 -1321.0000000000
3842 -1320.0000000000
3860 -1314.0000000000
3890 -1313.0000000000
3998 -1311.0000000000
4042 -1310.0000000000
4070 -1306.0000000000
4093 -1303.0000000000
4111 -1302.0000000000
4117 -1300.0000000000
4180 -1298.0000000000
4243 -1296.0000000000
4318 -1295.0000000000
4339 -1293.0000000000
4360 -1286.0000000000
4532 -1285.0000000000
4568 -1284.0000000000
4572 -1281.0000000000
4597 -1275.0000000000
4656 -1274.0000000000
4681 -1272.0000000000
4759 -1271.0000000000
4809 -1270.0000000000
4820 -1267.0000000000
4828 -1266.0000000000
4842 -1265.0000000000
4858 -1263.0000000000
4899 -1261.0000000000
4921 -1260.0000000000
4984 -1259.0000000000
5002 -1258.0000000000
5014 -1255.0000000000
5063 -1251.0000000000
5110 -1250.0000000000
5144 -1249.0000000000
5211 -1247.0000000000
5261 -1244.0000000000
5321 -1243.0000000000
5382 -1242.0000000000
5396 -1241.0000000000
5401 -1240.0000000000
5460 -1237.0000000000
5522 -1236.0000000000
5560 -1234.0000000000
5589 -1233.0000000000
5644 -1232.0000000000
5664 -1231.0000000000
5673 -1228.0000000000
5705 -1227.0000000000
5787 -1225.0000000000
5837 -1224.0000000000
5875 -1223.0000000000
5896 -1222.0000000000
5899 -1220.0000000000
5927 -1217.0000000000
5981 -1216.0000000000
6001 -1212.0000000000
6110 -1211.0000000000
6155 -1210.0000000000
6162 -1207.0000000000
6202 -1206.0000000000
6265 -1204.0000000000
6301 -1203.0000000000
6361 -1202.0000000000
6369 -1200.0000000000
6402 -1198.0000000000
6434 -1197.0000000000
6474 -1193.0000000000
6561 -1191.0000000000
6601 -1189.0000000000
6609 -1187.0000000000
6659 -1185.0000000000
6754 -1182.0000000000
6793 -1180.0000000000
6803 -1179.0000000000
6856 -1178.0000000000
6866 -1177.0000000000
6925 -1174.0000000000
6965 -1173.0000000000
7001 -1172.0000000000
7031 -1170.0000000000
7054 -1169.0000000000
7104 -1167.0000000000
7201 -1165.0000000000
7207 -1164.0000000000
7208 -1163.0000000000
7251 -1157.0000000000
7376 -1153.0000000000
7404 -1149.0000000000
7553 -1148.0000000000
7554 -1146.0000000000
7601 -1144.0000000000
7613 -1142.0000000000
7664 -1139.0000000000
7760 -1138.0000000000
7806 -1137.0000000000
7854 -1136.0000000000
7896 -1135.0000000000
7901 -1134.0000000000
7924 -1131.0000000000
8015 -1129.0000000000
8018 -1127.0000000000
8101 -1126.0000000000
8143 -1122.0000000000
8246 -1121.0000000000
8249 -1120.0000000000
8259 -1119.0000000000
8291 -1118.0000000000
8303 -1117.0000000000
8319 -1115.0000000000
8343 -1113.0000000000
8443 -1112.0000000000
8454 -1111.0000000000
8457 -1109.0000000000
8523 -1107.0000000000
8562 -1105.0000000000
8654 -1103.0000000000
8682 -1101.0000000000
8696 -1099.0000000000
8745 -1097.0000000000
8771 -1095.0000000000
8875 -1092.0000000000
8948 -1090.0000000000
8965 -1088.0000000000
9005 -1087.0000000000
9010 -1083.0000000000
9121 -1082.0000000000
9127 -1081.0000000000
9129 -1080.0000000000
9212 -1079.0000000000
9245 -1077.0000000000
9273 -1075.0000000000
9301 -1071.0000000000
9369 -1069.0000000000
9437 -1067.0000000000
9447 -1066.0000000000
9542 -1065.0000000000
9567 -1063.0000000000
9572 -1062.0000000000
9628 -1059.0000000000
9667 -1058.0000000000
9681 -1057.0000000000
9707 -1056.0000000000
9768 -1053.0000000000
9839 -1052.0000000000
9841 -1051.0000000000
9902 -1050.0000000000
9947 -1049.0000000000
9951 -1046.0000000000
9957 -1043.0000000000
10000 -1053.0000000000
evaluations raw_y
1 -2031.0000000000
2 -1954.0000000000
48 -1936.0000000000
60 -1930.0000000000
117 -1922.0000000000
124 -1917.0000000000
183 -1896.0000000000
196 -1885.0000000000
212 -1883.0000000000
232 -1862.0000000000
265 -1829.0000000000
307 -1826.0000000000
344 -1817.0000000000
367 -1810.0000000000
377 -1802.0000000000
410 -1792.0000000000
470 -1769.0000000000
554 -1747.0000000000
642 -1743.0000000000
651 -1739.0000000000
700 -1723.0000000000
712 -1718.0000000000
756 -1714.0000000000
759 -1710.0000000000
771 -1688.0000000000
801 -1677.0000000000
820 -1668.0000000000
863 -1655.0000000000
883 -1645.0000000000
969 -1644.0000000000
994 -1634.0000000000
1009 -1626.0000000000
1050 -1623.0000000000
1063 -1618.0000000000
1104 -1613.0000000000
1105 -1608.0000000000
1148 -1604.0000000000
1156 -1586.0000000000
1229 -1585.0000000000
1264 -1570.0000000000
1316 -1565.0000000000
1359 -1550.0000000000
1397 -1548.0000000000
1398 -1535.0000000000
1440 -1529.0000000000
1491 -1523.0000000000
1510 -1518.0000000000
1560 -1514.0000000000
1573 -1504.0000000000
1601 -1503.0000000000
1604 -1495.0000000000
1652 -1477.0000000000
1778 -1473.0000000000
1851 -1472.0000000000
1860 -1465.0000000000
1865 -1464.0000000000
1866 -1459.0000000000
1926 -1455.0000000000
1964 -1454.0000000000
1982 -1452.0000000000
1995 -1451.0000000000
2003 -1449.0000000000
2009 -1448.0000000000
2047 -1447.0000000000
2048 -1446.0000000000
2050 -1442.0000000000
2063 -1441.0000000000
2078 -1435.0000000000
2103 -1431.0000000000
2121 -1426.0000000000
2193 -1425.0000000000
2202 -1418.0000000000
2258 -1417.0000000000
2264 -1405.0000000000
2323 -1388.0000000000
2382 -1387.0000000000
2498 -1386.0000000000
2529 -1384.0000000000
2539 -1382.0000000000
2563 -1378.0000000000
2612 -1377.0000000000
2613 -1376.0000000000
2637 -1374.0000000000
2652 -1370.0000000000
2703 -1360.0000000000
2755 -1358.0000000000
2813 -1354.0000000000
2871 -1351.0000000000
2888 -1348.0000000000
2912 -1340.0000000000
3059 -1339.0000000000
3066 -1336.0000000000
3077 -1334.0000000000
3111 -1333.0000000000
3138 -1332.0000000000
3158 -1331.0000000000
3180 -1330.0000000000
3201 -1329.0000000000
3211 -1327.0000000000
3238 -1326.0000000000
3252 -1322.0000000000
3315 -1321.0000000000
3318 -1320.0000000000
3331 -1315.0000000000
3390 -1314.0000000000
3401 -1313.0000000000
3409 -1312.0000000000
3412 -1311.0000000000
3454 -1310.0000000000
3461 -1306.0000000000
3485 -1305.0000000000
3510 -1304.0000000000
3564 -1295.0000000000
3612 -1294.0000000000
3697 -1293.0000000000
3703 -1290.0000000000
3734 -1289.0000000000
3753 -1288.0000000000
3801 -1287.0000000000
3810 -1284.0000000000
3869 -1281.0000000000
3878 -1280.0000000000
3917 -1279.0000000000
3926 -1278.0000000000
3970 -1277.0000000000
3981 -1276.0000000000
4002 -1275.0000000000
4044 -1273.0000000000
4059 -1268.0000000000
4155 -1266.0000000000
4166 -1265.0000000000
4214 -1264.0000000000
4215 -1261.0000000000
4253 -1256.0000000000
4338 -1255.0000000000
4354 -1253.0000000000
4358 -1247.0000000000
4501 -1245.0000000000
4504 -1243.0000000000
4510 -1242.0000000000
4560 -1238.0000000000
4629 -1232.0000000000
4706 -1229.0000000000
4769 -1228.0000000000
4807 -1227.0000000000
4828 -1225.0000000000
4854 -1222.0000000000
4925 -1219.0000000000
4956 -1218.0000000000
4988 -1215.0000000000
5004 -1211.0000000000
5134 -1210.0000000000
5207 -1209.0000000000
5213 -1206.0000000000
5266 -1205.0000000000
5268 -1203.0000000000
5305 -1202.0000000000
5306 -1201.0000000000
5374 -1200.0000000000
5420 -1196.0000000000
5514 -1195.0000000000
5529 -1193.0000000000
5569 -1189.0000000000
5623 -1187.0000000000
5666 -1186.0000000000
5698 -1184.0000000000
5735 -1181.0000000000
5781 -1180.0000000000
5803 -1174.0000000000
5873 -1172.0000000000
5926 -1171.0000000000
5960 -1169.0000000000
6001 -1167.0000000000
6025 -1166.0000000000
6043 -1164.0000000000
6060 -1163.0000000000
6111 -1162.0000000000
6135 -1159.0000000000
6231 -1158.0000000000
6233 -1155.0000000000
6282 -1153.0000000000
6353 -1152.0000000000
6384 -1151.0000000000
6402 -1148.0000000000
6453 -1145.0000000000
6501 -1141.0000000000
6610 -1138.0000000000
6611 -1137.0000000000
6711 -1136.0000000000
6723 -1134.0000000000
6764 -1133.0000000000
6772 -1131.0000000000
6852 -1129.0000000000
6868 -1128.0000000000
6968 -1127.0000000000
6972 -1121.0000000000
7059 -1120.0000000000
7094 -1118.0000000000
7153 -1117.0000000000
7156 -1112.0000000000
7328 -1109.0000000000
7376 -1107.0000000000
7439 -1106.0000000000
7454 -1105.0000000000
7515 -1104.0000000000
7544 -1102.0000000000
7576 -1098.0000000000
7603 -1097.0000000000
7670 -1095.0000000000
7714 -1092.0000000000
7817 -1091.0000000000
7862 -1090.0000000000
7865 -1089.0000000000
7872 -1087.0000000000
7928 -1085.0000000000
7940 -1083.0000000000
7969 -1082.0000000000
8013 -1081.0000000000
8028 -1079.0000000000
8124 -1078.0000000000
8156 -1077.0000000000
8158 -1076.0000000000
8189 -1075.0000000000
8231 -1073.0000000000
8253 -1072.0000000000
8292 -1071.0000000000
8301 -1070.0000000000
8303 -1069.0000000000
8370 -1068.0000000000
8375 -1067.0000000000
8451 -1066.0000000000
8454 -1063.0000000000
8504 -1062.0000000000
8515 -1061.0000000000
8581 -1058.0000000000
8656 -1056.0000000000
8696 -1055.0000000000
8720 -1054.0000000000
8755 -1053.0000000000
8763 -1050.0000000000
8840 -1049.0000000000
8872 -1045.0000000000
8952 -1042.0000000000
9016 -1040.0000000000
9117 -1039.0000000000
9132 -1038.0000000000
9167 -1034.0000000000
9267 -1029.0000000000
9310 -1028.0000000000
9318 -1026.0000000000
9397 -1025.0000000000
9425 -1023.0000000000
9451 -1021.0000000000
9458 -1017.0000000000
9620 -1016.0000000000
9688 -1015.0000000000
9702 -1013.0000000000
9703 -1012.0000000000
9725 -1009.0000000000
9812 -1008.0000000000
9857 -1006.0000000000
9861 -1005.0000000000
9994 -1004.0000000000
10000 -1007.0000000000
evaluations raw_y
1 -2023.0000000000
2 -2021.0000000000
3 -1975.0000000000
5 -1966.0000000000
22 -1956.0000000000
59 -1940.0000000000
88 -1939.0000000000
109 -1937.0000000000
112 -1931.0000000000
126 -1925.0000000000
138 -1918.0000000000
147 -1903.0000000000
159 -1902.0000000000
174 -1896.0000000000
185 -1892.0000000000
213 -1888.0000000000
221 -1872.0000000000
256 -1869.0000000000
264 -1850.0000000000
337 -1842.0000000000
365 -1819.0000000000
450 -1799.0000000000
491 -1789.0000000000
510 -1760.0000000000
572 -1753.0000000000
611 -1737.0000000000
662 -1735.0000000000
731 -1726.0000000000
733 -1713.0000000000
760 -1706.0000000000
813 -1695.0000000000
853 -1680.0000000000
862 -1670.0000000000
968 -1669.0000000000
986 -1653.0000000000
995 -1649.0000000000
1064 -1648.0000000000
1074 -1646.0000000000
1091 -1642.0000000000
1101 -1635.0000000000
1152 -1631.0000000000
1177 -1628.0000000000
1189 -1626.0000000000
1210 -1625.0000000000
1215 -1618.0000000000
1232 -1615.0000000000
1242 -1611.0000000000
1253 -1604.0000000000
1277 -1591.0000000000
1383 -1581.0000000000
1435 -1580.0000000000
1436 -1579.0000000000
1462 -1577.0000000000
1472 -1568.0000000000
1525 -1556.0000000000
1596 -1550.0000000000
1620 -1546.0000000000
1659 -1543.0000000000
1672 -1540.0000000000
1678 -1537.0000000000
1686 -1535.0000000000
1705 -1534.0000000000
1720 -1518.0000000000
1799 -1514.0000000000
1821 -1513.0000000000
1858 -1509.0000000000
1862 -1505.0000000000
1901 -1498.0000000000
1913 -1494.0000000000
1983 -1488.0000000000
2008 -1484.0000000000
2019 -1483.0000000000
2058 -1480.0000000000
2077 -1479.0000000000
2088 -1478.0000000000
2105 -1477.0000000000
2144 -1468.0000000000
2172 -1464.0000000000
2217 -1462.0000000000
2219 -1456.0000000000
2257 -1452.0000000000
2293 -1451.0000000000
2298 -1440.0000000000
2388 -1433.0000000000
2405 -1431.0000000000
2406 -1430.0000000000
2462 -1427.0000000000
2464 -1420.0000000000
2511 -1417.0000000000
2535 -1416.0000000000
2561 -1409.0000000000
2599 -1407.0000000000
2622 -1406.0000000000
2673 -1405.0000000000
2684 -1404.0000000000
2700 -1403.0000000000
2701 -1401.0000000000
2702 -1399.0000000000
2708 -1397.0000000000
2792 -1393.0000000000
2793 -1391.0000000000
2820 -1386.0000000000
2876 -1383.0000000000
2925 -1382.0000000000
2938 -1380.0000000000
2963 -1378.0000000000
2987 -1372.0000000000
3005 -1371.0000000000
3053 -1358.0000000000
3152 -1357.0000000000
3207 -1352.0000000000
3262 -1348.0000000000
3306 -1347.0000000000
3351 -1345.0000000000
3357 -1340.0000000000
3458 -1337.0000000000
3502 -1334.0000000000
3526 -1329.0000000000
3611 -1328.0000000000
3615 -1324.0000000000
3616 -1323.0000000000
3665 -1319.0000000000
3746 -1318.0000000000
3753 -1317.0000000000
3779 -1313.0000000000
3799 -1309.0000000000
3811 -1307.0000000000
3865 -1304.0000000000
3906 -1303.0000000000
3951 -1299.0000000000
3954 -1296.0000000000
4046 -1295.0000000000
4065 -1293.0000000000
4073 -1291.0000000000
4078 -1289.0000000000
4109 -1287.0000000000
4163 -1285.0000000000
4173 -1282.0000000000
4186 -1280.0000000000
4238 -1279.0000000000
4255 -1278.0000000000
4261 -1277.0000000000
4320 -1275.0000000000
4338 -1274.0000000000
4364 -1273.0000000000
4371 -1271.0000000000
4378 -1270.0000000000
4382 -1269.0000000000
4416 -1268.0000000000
4420 -1267.0000000000
4426 -1262.0000000000
4532 -1261.0000000000
4552 -1257.0000000000
4600 -1255.0000000000
4654 -1253.0000000000
4686 -1252.0000000000
4731 -1249.0000000000
4756 -1247.0000000000
4774 -1246.0000000000
4791 -1245.0000000000
4829 -1244.0000000000
4858 -1243.0000000000
4887 -1241.0000000000
4909 -1237.0000000000
4943 -1233.0000000000
5034 -1232.0000000000
5075 -1231.0000000000
5124 -1230.0000000000
5163 -1229.0000000000
5201 -1227.0000000000
5236 -1226.0000000000
5251 -1221.0000000000
5306 -1220.0000000000
5334 -1216.0000000000
5352 -1215.0000000000
5454 -1214.0000000000
5455 -1212.0000000000
5505 -1207.0000000000
5563 -1204.0000000000
5615 -1200.0000000000
5739 -1199.0000000000
5784 -1198.0000000000
5805 -1196.0000000000
5808 -1192.0000000000
5919 -1189.0000000000
5962 -1188.0000000000
6004 -1185.0000000000
6026 -1182.0000000000
6103 -1180.0000000000
6263 -1178.0000000000
6303 -1177.0000000000
6307 -1175.0000000000
6325 -1174.0000000000
6367 -1171.0000000000
6389 -1164.0000000000
6501 -1159.0000000000
6607 -1157.0000000000
6633 -1156.0000000000
6682 -1155.0000000000
6719 -1152.0000000000
6826 -1151.0000000000
6829 -1150.0000000000
6854 -1149.0000000000
6887 -1148.0000000000
6890 -1147.0000000000
6917 -1146.0000000000
6946 -1145.0000000000
6981 -1144.0000000000
7004 -1143.0000000000
7058 -1142.0000000000
7065 -1141.0000000000
7101 -1139.0000000000
7137 -1138.0000000000
7175 -1137.0000000000
7202 -1135.0000000000
7209 -1132.0000000000
7287 -1131.0000000000
7292 -1130.0000000000
7363 -1128.0000000000
7364 -1127.0000000000
7404 -1126.0000000000
7475 -1125.0000000000
7477 -1122.0000000000
7511 -1121.0000000000
7513 -1118.0000000000
7606 -1116.0000000000
7708 -1115.0000000000
7709 -1113.0000000000
7758 -1112.0000000000
7810 -1110.0000000000
7820 -1109.0000000000
7853 -1108.0000000000
7916 -1105.0000000000
7962 -1104.0000000000
7963 -1101.0000000000
8055 -1100.0000000000
8059 -1099.0000000000
8134 -1098.0000000000
8172 -1097.0000000000
8201 -1096.0000000000
8213 -1095.0000000000
8254 -1094.0000000000
8279 -1093.0000000000
8303 -1089.0000000000
8357 -1087.0000000000
8408 -1086.0000000000
8417 -1085.0000000000
8436 -1083.0000000000
8485 -1082.0000000000
8505 -1080.0000000000
8563 -1079.0000000000
8617 -1078.0000000000
8653 -1074.0000000000
8679 -1073.0000000000
8761 -1072.0000000000
8787 -1069.0000000000
8815 -1068.0000000000
8857 -1063.0000000000
8930 -1062.0000000000
8962 -1059.0000000000
9020 -1058.0000000000
9097 -1057.0000000000
9101 -1056.0000000000
9157 -1054.0000000000
9170 -1052.0000000000
9258 -1049.0000000000
9314 -1047.0000000000
9349 -1046.0000000000
9388 -1044.0000000000
9460 -1043.0000000000
9475 -1040.0000000000
9553 -1037.0000000000
9586 -1034.0000000000
9603 -1031.0000000000
9673 -1030.0000000000
9762 -1029.0000000000
9789 -1026.0000000000
9856 -1025.0000000000
9884 -1023.0000000000
9886 -1022.0000000000
9935 -1018.0000000000
10000 -1024.0000000000
evaluations raw_y
1 -1996.0000000000
2 -1986.0000000000
5 -1972.0000000000
6 -1926.0000000000
159 -1897.0000000000
203 -1896.0000000000
229 -1882.0000000000
230 -1880.0000000000
269 -1869.0000000000
279 -1866.0000000000
302 -1862.0000000000
321 -1853.0000000000
352 -1851.0000000000
357 -1844.0000000000
365 -1840.0000000000
379 -1806.0000000000
464 -1795.0000000000
518 -1788.0000000000
536 -1775.0000000000
575 -1774.0000000000
616 -1773.0000000000
620 -1765.0000000000
673 -1751.0000000000
714 -1741.0000000000
737 -1736.0000000000
758 -1735.0000000000
780 -1733.0000000000
804 -1714.0000000000
838 -1709.0000000000
885 -1704.0000000000
893 -1701.0000000000
900 -1698.0000000000
933 -1695.0000000000
938 -1676.0000000000
999 -1675.0000000000
1001 -1674.0000000000
1018 -1672.0000000000
1058 -1668.0000000000
1059 -1658.0000000000
1082 -1657.0000000000
1086 -1652.0000000000
1122 -1650.0000000000
1129 -1643.0000000000
1159 -1640.0000000000
1188 -1624.0000000000
1196 -1622.0000000000
1202 -1603.0000000000
1305 -1600.0000000000
1318 -1598.0000000000
1320 -1592.0000000000
1334 -1586.0000000000
1354 -1577.0000000000
1406 -1572.0000000000
1408 -1565.0000000000
1425 -1562.0000000000
1502 -1559.0000000000
1510 -1558.0000000000
1511 -1551.0000000000
1555 -1550.0000000000
1572 -1543.0000000000
1581 -1542.0000000000
1642 -1532.0000000000
1704 -1522.0000000000
1785 -1521.0000000000
1791 -1516.0000000000
1808 -1505.0000000000
1902 -1504.0000000000
1919 -1503.0000000000
1932 -1495.0000000000
2008 -1486.0000000000
2087 -1484.0000000000
2108 -1479.0000000000
2155 -1471.0000000000
2205 -1468.0000000000
2251 -1463.0000000000
2264 -1461.0000000000
2327 -1455.0000000000
2353 -1451.0000000000
2439 -1444.0000000000
2469 -1442.0000000000
2483 -1436.0000000000
2572 -1431.0000000000
2606 -1430.0000000000
2622 -1427.0000000000
2624 -1426.0000000000
2674 -1423.0000000000
2680 -1419.0000000000
2701 -1415.0000000000
2760 -1411.0000000000
2770 -1410.0000000000
2801 -1405.0000000000
2887 -1403.0000000000
2923 -1402.0000000000
2949 -1401.0000000000
2951 -1397.0000000000
2962 -1390.0000000000
3059 -1380.0000000000
3128 -1379.0000000000
3163 -1378.0000000000
3186 -1376.0000000000
3202 -1373.0000000000
3218 -1370.0000000000
3307 -1367.0000000000
3316 -1361.0000000000
3356 -1360.0000000000
3376 -1355.0000000000
3417 -1354.0000000000
3482 -1351.0000000000
3520 -1344.0000000000
3560 -1343.0000000000
3622 -1342.0000000000
3659 -1339.0000000000
3705 -1338.0000000000
3717 -1336.0000000000
3756 -1330.0000000000
3806 -1327.0000000000
3818 -1325.0000000000
3869 -1324.0000000000
3936 -1321.0000000000
4009 -1318.0000000000
4020 -1316.0000000000
4053 -1314.0000000000
4077 -1311.0000000000
4112 -1310.0000000000
4120 -1309.0000000000
4129 -1308.0000000000
4158 -1306.0000000000
4212 -1302.0000000000
4219 -1301.0000000000
4294 -1299.0000000000
4350 -1295.0000000000
4393 -1294.0000000000
4403 -1290.0000000000
4432 -1289.0000000000
4530 -1288.0000000000
4537 -1286.0000000000
4566 -1282.0000000000
4643 -1281.0000000000
4654 -1280.0000000000
4703 -1279.0000000000
4712 -1276.0000000000
4719 -1275.0000000000
4772 -1274.0000000000
4780 -1270.0000000000
4864 -1268.0000000000
4865 -1266.0000000000
4922 -1263.0000000000
4928 -1261.0000000000
5003 -1258.0000000000
5053 -1254.0000000000
5101 -1251.0000000000
5158 -1248.0000000000
5202 -1247.0000000000
5248 -1246.0000000000
5255 -1244.0000000000
5311 -1242.0000000000
5353 -1240.0000000000
5358 -1239.0000000000
5424 -1234.0000000000
5454 -1233.0000000000
5501 -1231.0000000000
5553 -1230.0000000000
5567 -1229.0000000000
5586 -1227.0000000000
5612 -1225.0000000000
5635 -1223.0000000000
5714 -1221.0000000000
5765 -1219.0000000000
5804 -1215.0000000000
5864 -1214.0000000000
5871 -1213.0000000000
5894 -1209.0000000000
5969 -1205.0000000000
6045 -1202.0000000000
6054 -1201.0000000000
6114 -1200.0000000000
6181 -1198.0000000000
6204 -1195.0000000000
6215 -1194.0000000000
6233 -1192.0000000000
6312 -1189.0000000000
6391 -1186.0000000000
6471 -1185.0000000000
6502 -1184.0000000000
6509 -1183.0000000000
6581 -1181.0000000000
6637 -1180.0000000000
6664 -1177.0000000000
6718 -1176.0000000000
6763 -1173.0000000000
6777 -1172.0000000000
6807 -1171.0000000000
6844 -1170.0000000000
6883 -1169.0000000000
6915 -1163.0000000000
6950 -1162.0000000000
7008 -1160.0000000000
7031 -1159.0000000000
7061 -1158.0000000000
7088 -1156.0000000000
7126 -1153.0000000000
7204 -1151.0000000000
7236 -1149.0000000000
7254 -1148.0000000000
7329 -1146.0000000000
7397 -1143.0000000000
7404 -1142.0000000000
7453 -1141.0000000000
7458 -1139.0000000000
7510 -1137.0000000000
7600 -1136.0000000000
7608 -1133.0000000000
7641 -1130.0000000000
7709 -1129.0000000000
7740 -1125.0000000000
7816 -1124.0000000000
7854 -1122.0000000000
7865 -1117.0000000000
7909 -1116.0000000000
7920 -1115.0000000000
7997 -1114.0000000000
8017 -1113.0000000000
8029 -1109.0000000000
8109 -1108.0000000000
8121 -1107.0000000000
8154 -1104.0000000000
8159 -1103.0000000000
8162 -1101.0000000000
8242 -1099.0000000000
8259 -1098.0000000000
8277 -1097.0000000000
8297 -1095.0000000000
8346 -1093.0000000000
8372 -1091.0000000000
8454 -1090.0000000000
8478 -1088.0000000000
8501 -1087.0000000000
8507 -1086.0000000000
8532 -1083.0000000000
8554 -1080.0000000000
8664 -1077.0000000000
8666 -1074.0000000000
8741 -1073.0000000000
8781 -1072.0000000000
8807 -1069.0000000000
8882 -1068.0000000000
8910 -1067.0000000000
8919 -1066.0000000000
8928 -1064.0000000000
9002 -1062.0000000000
9052 -1059.0000000000
9105 -1055.0000000000
9152 -1053.0000000000
9185 -1052.0000000000
9203 -1051.0000000000
9204 -1050.0000000000
9256 -1048.0000000000
9260 -1046.0000000000
9356 -1043.0000000000
9458 -1041.0000000000
9473 -1038.0000000000
9489 -1037.0000000000
9570 -1034.0000000000
9602 -1033.0000000000
9700 -1032.0000000000
9726 -1027.0000000000
9864 -1025.0000000000
9874 -1024.0000000000
9903 -1022.0000000000
9971 -1021.0000000000
9987 -1019.0000000000
10000 -1028.0000000000
evaluations raw_y
1 -2047.0000000000
2 -2024.0000000000
5 -1969.0000000000
11 -1964.0000000000
24 -1956.0000000000
74 -1949.0000000000
84 -1939.0000000000
116 -1934.0000000000
139 -1907.0000000000
172 -1901.0000000000
200 -1889.0000000000
211 -1887.0000000000
213 -1875.0000000000
292 -1839.0000000000
357 -1838.0000000000
402 -1832.0000000000
409 -1792.0000000000
453 -1786.0000000000
457 -1781.0000000000
538 -1778.0000000000
581 -1777.0000000000
585 -1756.0000000000
607 -1755.0000000000
615 -1752.0000000000
655 -1744.0000000000
685 -1733.0000000000
704 -1718.0000000000
786 -1717.0000000000
800 -1714.0000000000
808 -1712.0000000000
812 -1708.0000000000
818 -1707.0000000000
841 -1696.0000000000
861 -1686.0000000000
870 -1681.0000000000
890 -1665.0000000000
938 -1663.0000000000
968 -1652.0000000000
1017 -1636.0000000000
1064 -1623.0000000000
1118 -1621.0000000000
1122 -1619.0000000000
1153 -1612.0000000000
1163 -1596.0000000000
1256 -1595.0000000000
1292 -1587.0000000000
1298 -1574.0000000000
1309 -1572.0000000000
1403 -1565.0000000000
1461 -1544.0000000000
1517 -1542.0000000000
1554 -1533.0000000000
1562 -1526.0000000000
1664 -1521.0000000000
1674 -1513.0000000000
1718 -1507.0000000000
1797 -1506.0000000000
1811 -1502.0000000000
1818 -1492.0000000000
1867 -1487.0000000000
1916 -1486.0000000000
1926 -1483.0000000000
1955 -1482.0000000000
1958 -1473.0000000000
2009 -1472.0000000000
2023 -1470.0000000000
2066 -1467.0000000000
2085 -1460.0000000000
2111 -1448.0000000000
2151 -1437.0000000000
2274 -1435.0000000000
2301 -1431.0000000000
2353 -1428.0000000000
2369 -1427.0000000000
2400 -1423.0000000000
2402 -1410.0000000000
2501 -1403.0000000000
2635 -1402.0000000000
2654 -1396.0000000000
2704 -1395.0000000000
2710 -1393.0000000000
2745 -1387.0000000000
2795 -1384.0000000000
2819 -1382.0000000000
2851 -1381.0000000000
2880 -1379.0000000000
2901 -1374.0000000000
2908 -1373.0000000000
2915 -1372.0000000000
3013 -1365.0000000000
3053 -1363.0000000000
3126 -1359.0000000000
3169 -1356.0000000000
3201 -1354.0000000000
3211 -1352.0000000000
3240 -1351.0000000000
3253 -1349.0000000000
3276 -1344.0000000000
3285 -1343.0000000000
3308 -1341.0000000000
3372 -1340.0000000000
3409 -1337.0000000000
3412 -1335.0000000000
3458 -1332.0000000000
3494 -1331.0000000000
3496 -1326.0000000000
3510 -1323.0000000000
3571 -1322.0000000000
3579 -1319.0000000000
3655 -1315.0000000000
3740 -1311.0000000000
3753 -1305.0000000000
3818 -1302.0000000000
3867 -1301.0000000000
3879 -1300.0000000000
3908 -1296.0000000000
3955 -1294.0000000000
4032 -1291.0000000000
4053 -1288.0000000000
4119 -1283.0000000000
4158 -1282.0000000000
4180 -1279.0000000000
4217 -1278.0000000000
4314 -1276.0000000000
4327 -1275.0000000000
4351 -1273.0000000000
4396 -1272.0000000000
4411 -1270.0000000000
4466 -1266.0000000000
4576 -1264.0000000000
4586 -1262.0000000000
4663 -1259.0000000000
4705 -1258.0000000000
4710 -1257.0000000000
4735 -1255.0000000000
4806 -1253.0000000000
4813 -1252.0000000000
4901 -1249.0000000000
4944 -1248.0000000000
4952 -1247.0000000000
4964 -1245.0000000000
4974 -1244.0000000000
5001 -1238.0000000000
5101 -1235.0000000000
5170 -1234.0000000000
5189 -1233.0000000000
5206 -1232.0000000000
5210 -1231.0000000000
5274 -1227.0000000000
5316 -1226.0000000000
5378 -1223.0000000000
5385 -1222.0000000000
5438 -1219.0000000000
5535 -1215.0000000000
5576 -1211.0000000000
5659 -1209.0000000000
5767 -1205.0000000000
5829 -1204.0000000000
5856 -1203.0000000000
5880 -1196.0000000000
6029 -1195.0000000000
6054 -1192.0000000000
6110 -1190.0000000000
6222 -1188.0000000000
6239 -1186.0000000000
6264 -1185.0000000000
6270 -1184.0000000000
6314 -1183.0000000000
6334 -1182.0000000000
6360 -1181.0000000000
6390 -1180.0000000000
6429 -1178.0000000000
6440 -1176.0000000000
6455 -1174.0000000000
6509 -1173.0000000000
6558 -1172.0000000000
6620 -1167.0000000000
6720 -1163.0000000000
6771 -1160.0000000000
6885 -1158.0000000000
6898 -1157.0000000000
6905 -1156.0000000000
6908 -1154.0000000000
6954 -1153.0000000000
6978 -1151.0000000000
7024 -1150.0000000000
7075 -1146.0000000000
7121 -1145.0000000000
7123 -1144.0000000000
7202 -1143.0000000000
7230 -1141.0000000000
7251 -1138.0000000000
7310 -1137.0000000000
7317 -1135.0000000000
7337 -1133.0000000000
7401 -1132.0000000000
7416 -1131.0000000000
7426 -1129.0000000000
7469 -1128.0000000000
7516 -1126.0000000000
7556 -1125.0000000000
7557 -1124.0000000000
7621 -1123.0000000000
7625 -1122.0000000000
7654 -1117.0000000000
7763 -1114.0000000000
7810 -1111.0000000000
7846 -1106.0000000000
7957 -1105.0000000000
8009 -1098.0000000000
8120 -1096.0000000000
8170 -1092.0000000000
8267 -1089.0000000000
8354 -1087.0000000000
8380 -1086.0000000000
8406 -1083.0000000000
8504 -1082.0000000000
8505 -1081.0000000000
8525 -1078.0000000000
8601 -1077.0000000000
8634 -1076.0000000000
8663 -1075.0000000000
8709 -1074.0000000000
8717 -1071.0000000000
8785 -1070.0000000000
8802 -1069.0000000000
8819 -1065.0000000000
8912 -1063.0000000000
8959 -1062.0000000000
9003 -1059.0000000000
9111 -1058.0000000000
9115 -1054.0000000000
9118 -1053.0000000000
9185 -1052.0000000000
9236 -1049.0000000000
9303 -1048.0000000000
9332 -1047.0000000000
9370 -1046.0000000000
9378 -1045.0000000000
9418 -1042.0000000000
9422 -1041.0000000000
9493 -1040.0000000000
9543 -1039.0000000000
9562 -1038.0000000000
9569 -1037.0000000000
9610 -1036.0000000000
9654 -1035.0000000000
9678 -1033.0000000000
9679 -1032.0000000000
9723 -1031.0000000000
9764 -1028.0000000000
9833 -1026.0000000000
9866 -1025.0000000000
9937 -1024.0000000000
9953 -1023.0000000000
9962 -1020.0000000000
10000 -1028.0000000000
evaluations raw_y
1 -2024.0000000000
2 -1953.0000000000
45 -1928.0000000000
116 -1917.0000000000
122 -1913.0000000000
138 -1911.0000000000
151 -1910.0000000000
171 -1909.0000000000
173 -1875.0000000000
202 -1840.0000000000
315 -1832.0000000000
353 -1813.0000000000
363 -1806.0000000000
441 -1778.0000000000
521 -1765.0000000000
578 -1763.0000000000
584 -1752.0000000000
662 -1738.0000000000
752 -1724.0000000000
755 -1711.0000000000
807 -1698.0000000000
844 -1696.0000000000
854 -1681.0000000000
906 -1680.0000000000
909 -1677.0000000000
935 -1656.0000000000
1003 -1654.0000000000
1023 -1647.0000000000
1031 -1638.0000000000
1058 -1635.0000000000
1107 -1631.0000000000
1110 -1627.0000000000
1155 -1623.0000000000
1167 -1622.0000000000
1192 -1613.0000000000
1237 -1612.0000000000
1252 -1607.0000000000
1275 -1594.0000000000
1295 -1584.0000000000
1324 -1581.0000000000
1359 -1572.0000000000
1409 -1571.0000000000
1421 -1564.0000000000
1476 -1561.0000000000
1511 -1558.0000000000
1534 -1557.0000000000
1551 -1554.0000000000
1584 -1547.0000000000
1601 -1546.0000000000
1604 -1543.0000000000
1652 -1538.0000000000
1667 -1531.0000000000
1704 -1527.0000000000
1733 -1520.0000000000
1789 -1518.0000000000
1793 -1515.0000000000
1805 -1514.0000000000
1825 -1513.0000000000
1830 -1512.0000000000
1859 -1498.0000000000
1915 -1490.0000000000
1953 -1483.0000000000
2032 -1482.0000000000
2058 -1481.0000000000
2059 -1475.0000000000
2084 -1474.0000000000
2087 -1472.0000000000
2103 -1468.0000000000
2157 -1465.0000000000
2203 -1463.0000000000
2221 -1453.0000000000
2301 -1446.0000000000
2357 -1445.0000000000
2384 -1444.0000000000
2388 -1443.0000000000
2428 -1441.0000000000
2455 -1440.0000000000
2464 -1435.0000000000
2476 -1433.0000000000
2510 -1432.0000000000
2522 -1427.0000000000
2526 -1426.0000000000
2558 -1425.0000000000
2572 -1416.0000000000
2629 -1413.0000000000
2637 -1409.0000000000
2667 -1407.0000000000
2723 -1401.0000000000
2781 -1398.0000000000
2807 -1393.0000000000
2824 -1388.0000000000
2872 -1387.0000000000
2873 -1384.0000000000
2938 -1382.0000000000
2957 -1381.0000000000
3004 -1380.0000000000
3013 -1379.0000000000
3064 -1378.0000000000
3067 -1373.0000000000
3079 -1371.0000000000
3144 -1368.0000000000
3152 -1362.0000000000
3195 -1359.0000000000
3238 -1356.0000000000
3303 -1354.0000000000
3319 -1352.0000000000
3372 -1350.0000000000
3381 -1344.0000000000
3462 -1342.0000000000
3468 -1341.0000000000
3469 -1337.0000000000
3603 -1333.0000000000
3667 -1332.0000000000
3721 -1330.0000000000
3739 -1329.0000000000
3782 -1327.0000000000
3806 -1325.0000000000
3846 -1323.0000000000
3864 -1322.0000000000
3901 -1320.0000000000
3903 -1319.0000000000
3918 -1316.0000000000
3958 -1315.0000000000
4036 -1311.0000000000
4097 -1310.0000000000
4107 -1308.0000000000
4163 -1305.0000000000
4220 -1303.0000000000
4265 -1298.0000000000
4311 -1294.0000000000
4371 -1293.0000000000
4411 -1291.0000000000
4509 -1289.0000000000
4531 -1288.0000000000
4556 -1284.0000000000
4602 -1283.0000000000
4625 -1280.0000000000
4681 -1278.0000000000
4725 -1275.0000000000
4754 -1271.0000000000
4762 -1269.0000000000
4865 -1266.0000000000
4941 -1265.0000000000
4947 -1263.0000000000
4979 -1259.0000000000
5023 -1258.0000000000
5051 -1257.0000000000
5107 -1254.0000000000
5139 -1253.0000000000
5163 -1250.0000000000
5216 -1245.0000000000
5331 -1244.0000000000
5334 -1243.0000000000
5357 -1238.0000000000
5418 -1236.0000000000
5501 -1235.0000000000
5507 -1233.0000000000
5601 -1231.0000000000
5631 -1229.0000000000
5660 -1227.0000000000
5730 -1226.0000000000
5744 -1224.0000000000
5804 -1221.0000000000
5850 -1218.0000000000
5906 -1217.0000000000
5954 -1216.0000000000
5998 -1215.0000000000
6013 -1209.0000000000
6116 -1203.0000000000
6269 -1201.0000000000
6287 -1200.0000000000
6302 -1199.0000000000
6327 -1198.0000000000
6362 -1197.0000000000
6365 -1196.0000000000
6383 -1195.0000000000
6411 -1193.0000000000
6455 -1192.0000000000
6501 -1191.0000000000
6514 -1190.0000000000
6548 -1188.0000000000
6559 -1187.0000000000
6581 -1184.0000000000
6677 -1183.0000000000
6704 -1181.0000000000
6705 -1179.0000000000
6800 -1178.0000000000
6810 -1174.0000000000
6877 -1173.0000000000
6928 -1172.0000000000
6982 -1171.0000000000
6983 -1170.0000000000
7005 -1168.0000000000
7054 -1164.0000000000
7112 -1162.0000000000
7173 -1161.0000000000
7180 -1159.0000000000
7221 -1158.0000000000
7259 -1157.0000000000
7305 -1154.0000000000
7383 -1153.0000000000
7394 -1151.0000000000
7422 -1150.0000000000
7431 -1148.0000000000
7511 -1147.0000000000
7526 -1146.0000000000
7527 -1145.0000000000
7569 -1143.0000000000
7667 -1139.0000000000
7722 -1135.0000000000
7821 -1134.0000000000
7824 -1131.0000000000
7880 -1130.0000000000
7904 -1127.0000000000
8013 -1125.0000000000
8112 -1122.0000000000
8201 -1119.0000000000
8225 -1117.0000000000
8253 -1113.0000000000
8385 -1112.0000000000
8430 -1111.0000000000
8433 -1108.0000000000
8488 -1105.0000000000
8587 -1103.0000000000
8636 -1102.0000000000
8656 -1099.0000000000
8665 -1098.0000000000
8698 -1096.0000000000
8765 -1095.0000000000
8821 -1093.0000000000
8828 -1092.0000000000
8865 -1089.0000000000
8931 -1085.0000000000
8933 -1084.0000000000
9054 -1083.0000000000
9060 -1080.0000000000
9065 -1079.0000000000
9109 -1077.0000000000
9197 -1076.0000000000
9247 -1072.0000000000
9322 -1071.0000000000
9341 -1068.0000000000
9354 -1067.0000000000
9366 -1066.0000000000
9451 -1065.0000000000
9492 -1064.0000000000
9527 -1063.0000000000
9544 -1062.0000000000
9602 -1060.0000000000
9614 -1059.0000000000
9664 -1055.0000000000
9702 -1052.0000000000
9790 -1051.0000000000
9820 -1049.0000000000
9886 -1047.0000000000
9907 -1045.0000000000
9953 -1043.0000000000
9960 -1038.0000000000
10000 -1049.0000000000
evaluations raw_y
1 -2008.0000000000
2 -1903.0000000000
122 -1886.0000000000
154 -1873.0000000000
206 -1872.0000000000
251 -1853.0000000000
301 -1846.0000000000
302 -1844.0000000000
303 -1833.0000000000
345 -1830.0000000000
368 -1824.0000000000
378 -1816.0000000000
398 -1791.0000000000
467 -1785.0000000000
488 -1779.0000000000
518 -1778.0000000000
525 -1763.0000000000
570 -1762.0000000000
606 -1761.0000000000
624 -1756.0000000000
639 -1748.0000000000
652 -1744.0000000000
678 -1730.0000000000
741 -1711.0000000000
812 -1707.0000000000
848 -1702.0000000000
851 -1701.0000000000
853 -1698.0000000000
906 -1684.0000000000
908 -1682.0000000000
919 -1679.0000000000
970 -1673.0000000000
994 -1661.0000000000
1062 -1651.0000000000
1119 -1644.0000000000
1132 -1640.0000000000
1144 -1628.0000000000
1155 -1624.0000000000
1200 -1620.0000000000
1267 -1619.0000000000
1275 -1610.0000000000
1281 -1608.0000000000
1322 -1605.0000000000
1351 -1591.0000000000
1370 -1580.0000000000
1401 -1579.0000000000
1409 -1568.0000000000
1469 -1554.0000000000
1573 -1538.0000000000
1608 -1536.0000000000
1662 -1532.0000000000
1723 -1530.0000000000
1747 -1522.0000000000
1805 -1520.0000000000
1806 -1512.0000000000
1855 -1510.0000000000
1874 -1505.0000000000
1894 -1503.0000000000
1906 -1502.0000000000
1924 -1501.0000000000
1935 -1498.0000000000
1952 -1497.0000000000
2001 -1488.0000000000
2003 -1485.0000000000
2043 -1483.0000000000
2051 -1473.0000000000
2118 -1470.0000000000
2121 -1467.0000000000
2124 -1462.0000000000
2166 -1458.0000000000
2211 -1457.0000000000
2255 -1454.0000000000
2270 -1446.0000000000
2281 -1444.0000000000
2314 -1440.0000000000
2321 -1439.0000000000
2353 -1435.0000000000
2354 -1431.0000000000
2365 -1429.0000000000
2406 -1428.0000000000
2427 -1423.0000000000
2453 -1420.0000000000
2517 -1416.0000000000
2535 -1415.0000000000
2554 -1407.0000000000
2615 -1406.0000000000
2652 -1399.0000000000
2681 -1390.0000000000
2764 -1389.0000000000
2792 -1388.0000000000
2803 -1387.0000000000
2814 -1384.0000000000
2830 -1383.0000000000
2855 -1381.0000000000
2859 -1379.0000000000
2873 -1378.0000000000
2900 -1375.0000000000
2903 -1365.0000000000
3043 -1363.0000000000
3130 -1362.0000000000
3132 -1357.0000000000
3179 -1355.0000000000
3225 -1354.0000000000
3243 -1353.0000000000
3249 -1350.0000000000
3300 -1349.0000000000
3304 -1348.0000000000
3355 -1346.0000000000
3371 -1345.0000000000
3377 -1344.0000000000
3405 -1341.0000000000
3450 -1338.0000000000
3478 -1336.0000000000
3505 -1332.0000000000
3552 -1330.0000000000
3592 -1329.0000000000
3625 -1323.0000000000
3697 -1321.0000000000
3708 -1320.0000000000
3751 -1317.0000000000
3770 -1315.0000000000
3794 -1313.0000000000
3918 -1310.0000000000
3933 -1307.0000000000
3963 -1306.0000000000
4003 -1302.0000000000
4058 -1301.0000000000
4067 -1299.0000000000
4152 -1295.0000000000
4209 -1291.0000000000
4271 -1286.0000000000
4400 -1283.0000000000
4433 -1282.0000000000
4434 -1280.0000000000
4464 -1279.0000000000
4504 -1278.0000000000
4536 -1277.0000000000
4553 -1276.0000000000
4566 -1275.0000000000
4611 -1271.0000000000
4638 -1270.0000000000
4658 -1268.0000000000
4696 -1267.0000000000
4729 -1266.0000000000
4742 -1265.0000000000
4757 -1260.0000000000
4865 -1257.0000000000
4875 -1255.0000000000
4881 -1254.0000000000
4955 -1253.0000000000
4988 -1251.0000000000
5013 -1249.0000000000
5027 -1248.0000000000
5102 -1246.0000000000
5141 -1244.0000000000
5171 -1240.0000000000
5184 -1238.0000000000
5317 -1237.0000000000
5336 -1236.0000000000
5352 -1235.0000000000
5353 -1233.0000000000
5419 -1229.0000000000
5441 -1223.0000000000
5565 -1221.0000000000
5571 -1220.0000000000
5630 -1218.0000000000
5672 -1217.0000000000
5697 -1216.0000000000
5703 -1215.0000000000
5754 -1214.0000000000
5771 -1209.0000000000
5846 -1206.0000000000
5955 -1200.0000000000
6019 -1199.0000000000
6067 -1197.0000000000
6104 -1195.0000000000
6154 -1191.0000000000
6235 -1190.0000000000
6259 -1188.0000000000
6264 -1186.0000000000
6326 -1185.0000000000
6351 -1183.0000000000
6445 -1182.0000000000
6457 -1178.0000000000
6509 -1170.0000000000
6633 -1169.0000000000
6678 -1168.0000000000
6693 -1167.0000000000
6719 -1164.0000000000
6852 -1160.0000000000
6917 -1159.0000000000
6988 -1158.0000000000
7002 -1157.0000000000
7020 -1156.0000000000
7029 -1153.0000000000
7103 -1151.0000000000
7154 -1149.0000000000
7216 -1148.0000000000
7244 -1145.0000000000
7306 -1144.0000000000
7352 -1141.0000000000
7399 -1140.0000000000
7408 -1138.0000000000
7455 -1137.0000000000
7460 -1135.0000000000
7467 -1133.0000000000
7528 -1131.0000000000
7596 -1129.0000000000
7654 -1126.0000000000
7715 -1125.0000000000
7726 -1124.0000000000
7772 -1121.0000000000
7866 -1120.0000000000
7873 -1119.0000000000
7886 -1118.0000000000
7941 -1116.0000000000
7955 -1115.0000000000
7984 -1114.0000000000
8014 -1111.0000000000
8076 -1110.0000000000
8081 -1106.0000000000
8185 -1102.0000000000
8220 -1100.0000000000
8265 -1099.0000000000
8267 -1097.0000000000
8333 -1095.0000000000
8354 -1094.0000000000
8486 -1092.0000000000
8527 -1091.0000000000
8535 -1090.0000000000
8552 -1089.0000000000
8605 -1088.0000000000
8625 -1084.0000000000
8720 -1082.0000000000
8733 -1081.0000000000
8751 -1080.0000000000
8770 -1077.0000000000
8812 -1076.0000000000
8858 -1074.0000000000
8920 -1071.0000000000
8981 -1070.0000000000
8983 -1069.0000000000
9008 -1066.0000000000
9052 -1065.0000000000
9058 -1064.0000000000
9111 -1062.0000000000
9114 -1060.0000000000
9153 -1059.0000000000
9167 -1058.0000000000
9217 -1057.0000000000
9283 -1055.0000000000
9311 -1054.0000000000
9354 -1052.0000000000
9381 -1049.0000000000
9427 -1046.0000000000
9503 -1045.0000000000
9555 -1044.0000000000
9592 -1042.0000000000
9640 -1041.0000000000
9650 -1040.0000000000
9654 -1038.0000000000
9738 -1037.0000000000
9748 -1036.0000000000
9753 -1035.0000000000
9806 -1034.0000000000
9827 -1033.0000000000
9844 -1032.0000000000
9861 -1030.0000000000
9903 -1028.0000000000
9962 -1026.0000000000
10000 -1027.0000000000
evaluations raw_y
1 -1987.0000000000
2 -1982.0000000000
3 -1976.0000000000
28 -1938.0000000000
62 -1931.0000000000
125 -1901.0000000000
200 -1896.0000000000
253 -1894.0000000000
255 -1891.0000000000
263 -1870.0000000000
309 -1862.0000000000
335 -1858.0000000000
349 -1857.0000000000
354 -1832.0000000000
400 -1822.0000000000
421 -1811.0000000000
476 -1807.0000000000
488 -1794.0000000000
509 -1789.0000000000
532 -1763.0000000000
573 -1758.0000000000
626 -1746.0000000000
652 -1741.0000000000
653 -1734.0000000000
679 -1730.0000000000
701 -1711.0000000000
726 -1705.0000000000
775 -1698.0000000000
804 -1688.0000000000
860 -1682.0000000000
915 -1678.0000000000
926 -1676.0000000000
958 -1675.0000000000
968 -1669.0000000000
970 -1665.0000000000
999 -1659.0000000000
1002 -1646.0000000000
1024 -1643.0000000000
1051 -1611.0000000000
1146 -1606.0000000000
1184 -1602.0000000000
1205 -1594.0000000000
1228 -1593.0000000000
1262 -1589.0000000000
1283 -1580.0000000000
1316 -1575.0000000000
1327 -1571.0000000000
1352 -1566.0000000000
1370 -1565.0000000000
1372 -1561.0000000000
1402 -1560.0000000000
1440 -1559.0000000000
1451 -1557.0000000000
1454 -1546.0000000000
1456 -1540.0000000000
1507 -1538.0000000000
1551 -1536.0000000000
1555 -1527.0000000000
1562 -1522.0000000000
1612 -1520.0000000000
1662 -1513.0000000000
1677 -1506.0000000000
1726 -1502.0000000000
1735 -1496.0000000000
1794 -1494.0000000000
1801 -1481.0000000000
1905 -1477.0000000000
1919 -1470.0000000000
1962 -1469.0000000000
1997 -1468.0000000000
2013 -1461.0000000000
2069 -1457.0000000000
2102 -1454.0000000000
2140 -1453.0000000000
2149 -1452.0000000000
2161 -1444.0000000000
2253 -1442.0000000000
2260 -1437.0000000000
2263 -1436.0000000000
2265 -1435.0000000000
2301 -1433.0000000000
2312 -1431.0000000000
2321 -1428.0000000000
2355 -1422.0000000000
2407 -1421.0000000000
2409 -1419.0000000000
2457 -1406.0000000000
2511 -1403.0000000000
2586 -1400.0000000000
2630 -1396.0000000000
2636 -1392.0000000000
2667 -1391.0000000000
2696 -1389.0000000000
2705 -1383.0000000000
2786 -1373.0000000000
2841 -1372.0000000000
2854 -1370.0000000000
2891 -1367.0000000000
2908 -1365.0000000000
2909 -1362.0000000000
2995 -1358.0000000000
3006 -1355.0000000000
3066 -1349.0000000000
3120 -1340.0000000000
3190 -1339.0000000000
3205 -1338.0000000000
3241 -1337.0000000000
3252 -1336.0000000000
3268 -1335.0000000000
3278 -1329.0000000000
3305 -1327.0000000000
3392 -1326.0000000000
3407 -1325.0000000000
3423 -1323.0000000000
3451 -1322.0000000000
3457 -1320.0000000000
3501 -1316.0000000000
3577 -1314.0000000000
3634 -1313.0000000000
3653 -1312.0000000000
3666 -1308.0000000000
3702 -1303.0000000000
3771 -1299.0000000000
3823 -1298.0000000000
3855 -1297.0000000000
3862 -1296.0000000000
3879 -1295.0000000000
3916 -1293.0000000000
3945 -1291.0000000000
3990 -1290.0000000000
4001 -1288.0000000000
4003 -1287.0000000000
4007 -1286.0000000000
4011 -1285.0000000000
4109 -1284.0000000000
4117 -1282.0000000000
4166 -1280.0000000000
4178 -1279.0000000000
4201 -1277.0000000000
4212 -1275.0000000000
4253 -1263.0000000000
4403 -1262.0000000000
4443 -1261.0000000000
4455 -1258.0000000000
4518 -1257.0000000000
4558 -1255.0000000000
4563 -1254.0000000000
4566 -1252.0000000000
4613 -1248.0000000000
4646 -1247.0000000000
4662 -1245.0000000000
4765 -1244.0000000000
4784 -1242.0000000000
4788 -1238.0000000000
4855 -1237.0000000000
4858 -1234.0000000000
4889 -1233.0000000000
4953 -1231.0000000000
4977 -1230.0000000000
5053 -1226.0000000000
5061 -1225.0000000000
5119 -1224.0000000000
5124 -1220.0000000000
5153 -1219.0000000000
5170 -1218.0000000000
5217 -1215.0000000000
5218 -1213.0000000000
5282 -1212.0000000000
5308 -1209.0000000000
5350 -1208.0000000000
5361 -1207.0000000000
5408 -1206.0000000000
5412 -1205.0000000000
5439 -1204.0000000000
5452 -1203.0000000000
5460 -1201.0000000000
5474 -1198.0000000000
5560 -1197.0000000000
5598 -1193.0000000000
5637 -1191.0000000000
5664 -1190.0000000000
5752 -1189.0000000000
5810 -1187.0000000000
5853 -1186.0000000000
5859 -1185.0000000000
5869 -1184.0000000000
5877 -1183.0000000000
5882 -1181.0000000000
5953 -1177.0000000000
6015 -1176.0000000000
6070 -1173.0000000000
6135 -1171.0000000000
6160 -1168.0000000000
6257 -1165.0000000000
6260 -1163.0000000000
6406 -1162.0000000000
6416 -1161.0000000000
6424 -1160.0000000000
6453 -1159.0000000000
6455 -1157.0000000000
6516 -1156.0000000000
6532 -1154.0000000000
6541 -1153.0000000000
6570 -1152.0000000000
6592 -1151.0000000000
6602 -1150.0000000000
6642 -1148.0000000000
6677 -1146.0000000000
6719 -1143.0000000000
6758 -1137.0000000000
6858 -1135.0000000000
6914 -1131.0000000000
6983 -1129.0000000000
7023 -1127.0000000000
7087 -1124.0000000000
7175 -1123.0000000000
7184 -1122.0000000000
7232 -1118.0000000000
7303 -1115.0000000000
7375 -1112.0000000000
7402 -1108.0000000000
7477 -1107.0000000000
7518 -1104.0000000000
7600 -1102.0000000000
7631 -1099.0000000000
7651 -1096.0000000000
7750 -1092.0000000000
7854 -1091.0000000000
7861 -1089.0000000000
7862 -1088.0000000000
7919 -1086.0000000000
7940 -1084.0000000000
8004 -1083.0000000000
8007 -1081.0000000000
8009 -1078.0000000000
8166 -1076.0000000000
8187 -1075.0000000000
8211 -1072.0000000000
8273 -1070.0000000000
8309 -1069.0000000000
8332 -1064.0000000000
8392 -1063.0000000000
8501 -1061.0000000000
8537 -1060.0000000000
8542 -1059.0000000000
8568 -1058.0000000000
8592 -1055.0000000000
8638 -1054.0000000000
8686 -1053.0000000000
8730 -1052.0000000000
8756 -1050.0000000000
8760 -1048.0000000000
8853 -1047.0000000000
8885 -1042.0000000000
8968 -1041.0000000000
9015 -1039.0000000000
9018 -1038.0000000000
9054 -1036.0000000000
9065 -1035.0000000000
9130 -1033.0000000000
9151 -1032.0000000000
9199 -1030.0000000000
9210 -1028.0000000000
9281 -1027.0000000000
9327 -1025.0000000000
9355 -1023.0000000000
9428 -1022.0000000000
9437 -1020.0000000000
9443 -1019.0000000000
9501 -1018.0000000000
9553 -1017.0000000000
9564 -1016.0000000000
9567 -1012.0000000000
9678 -1010.0000000000
9717 -1009.0000000000
9765 -1005.0000000000
9884 -1002.0000000000
9948 -1001.0000000000
9957 -998.0000000000
10000 -1007.0000000000
evaluations raw_y
1 -1980.0000000000
7 -1962.0000000000
13 -1912.0000000000
85 -1911.0000000000
167 -1907.0000000000
173 -1898.0000000000
175 -1895.0000000000
205 -1892.0000000000
210 -1865.0000000000
327 -1852.0000000000
358 -1839.0000000000
373 -1837.0000000000
403 -1825.0000000000
442 -1815.0000000000
477 -1793.0000000000
501 -1791.0000000000
541 -1786.0000000000
554 -1772.0000000000
563 -1767.0000000000
601 -1765.0000000000
651 -1762.0000000000
671 -1756.0000000000
687 -1754.0000000000
700 -1749.0000000000
701 -1730.0000000000
774 -1728.0000000000
788 -1718.0000000000
789 -1713.0000000000
813 -1704.0000000000
856 -1702.0000000000
870 -1698.0000000000
915 -1676.0000000000
955 -1660.0000000000
1012 -1653.0000000000
1067 -1651.0000000000
1083 -1650.0000000000
1089 -1638.0000000000
1114 -1627.0000000000
1161 -1620.0000000000
1218 -1605.0000000000
1253 -1597.0000000000
1302 -1593.0000000000
1354 -1587.0000000000
1360 -1585.0000000000
1388 -1581.0000000000
1417 -1567.0000000000
1460 -1543.0000000000
1583 -1541.0000000000
1609 -1536.0000000000
1664 -1533.0000000000
1678 -1528.0000000000
1687 -1513.0000000000
1738 -1512.0000000000
1771 -1511.0000000000
1798 -1496.0000000000
1854 -1495.0000000000
1860 -1490.0000000000
1883 -1486.0000000000
1911 -1483.0000000000
1915 -1477.0000000000
1999 -1467.0000000000
2001 -1465.0000000000
2062 -1461.0000000000
2111 -1460.0000000000
2115 -1459.0000000000
2117 -1458.0000000000
2160 -1451.0000000000
2201 -1448.0000000000
2238 -1447.0000000000
2240 -1446.0000000000
2247 -1429.0000000000
2291 -1426.0000000000
2358 -1425.0000000000
2361 -1424.0000000000
2417 -1422.0000000000
2438 -1418.0000000000
2476 -1414.0000000000
2486 -1409.0000000000
2512 -1408.0000000000
2538 -1407.0000000000
2610 -1405.0000000000
2612 -1398.0000000000
2637 -1397.0000000000
2672 -1392.0000000000
2707 -1389.0000000000
2720 -1386.0000000000
2803 -1384.0000000000
2847 -1377.0000000000
2907 -1376.0000000000
2934 -1375.0000000000
2949 -1370.0000000000
2968 -1368.0000000000
2978 -1367.0000000000
3006 -1364.0000000000
3053 -1363.0000000000
3062 -1361.0000000000
3096 -1357.0000000000
3146 -1353.0000000000
3206 -1352.0000000000
3207 -1347.0000000000
3253 -1341.0000000000
3353 -1340.0000000000
3368 -1338.0000000000
3405 -1336.0000000000
3425 -1334.0000000000
3483 -1332.0000000000
3496 -1330.0000000000
3528 -1329.0000000000
3542 -1328.0000000000
3598 -1327.0000000000
3609 -1321.0000000000
3715 -1320.0000000000
3718 -1316.0000000000
3803 -1313.0000000000
3897 -1309.0000000000
3906 -1306.0000000000
3970 -1304.0000000000
4038 -1303.0000000000
4055 -1299.0000000000
4078 -1298.0000000000
4139 -1297.0000000000
4193 -1295.0000000000
4206 -1291.0000000000
4286 -1289.0000000000
4319 -1286.0000000000
4403 -1285.0000000000
4406 -1282.0000000000
4415 -1281.0000000000
4459 -1280.0000000000
4506 -1277.0000000000
4565 -1273.0000000000
4632 -1272.0000000000
4680 -1270.0000000000
4706 -1263.0000000000
4759 -1262.0000000000
4820 -1261.0000000000
4860 -1260.0000000000
4913 -1258.0000000000
4956 -1256.0000000000
4958 -1254.0000000000
4990 -1253.0000000000
5022 -1252.0000000000
5028 -1250.0000000000
5090 -1246.0000000000
5119 -1245.0000000000
5166 -1244.0000000000
5174 -1242.0000000000
5221 -1237.0000000000
5326 -1231.0000000000
5421 -1230.0000000000
5453 -1229.0000000000
5518 -1227.0000000000
5561 -1223.0000000000
5666 -1221.0000000000
5674 -1219.0000000000
5754 -1217.0000000000
5789 -1216.0000000000
5830 -1214.0000000000
5837 -1213.0000000000
5854 -1210.0000000000
5899 -1209.0000000000
5902 -1208.0000000000
5982 -1206.0000000000
6058 -1205.0000000000
6069 -1203.0000000000
6121 -1202.0000000000
6155 -1201.0000000000
6163 -1199.0000000000
6184 -1197.0000000000
6234 -1194.0000000000
6264 -1192.0000000000
6311 -1191.0000000000
6320 -1185.0000000000
6408 -1183.0000000000
6465 -1181.0000000000
6510 -1176.0000000000
6517 -1175.0000000000
6615 -1174.0000000000
6653 -1173.0000000000
6658 -1172.0000000000
6666 -1169.0000000000
6726 -1166.0000000000
6801 -1163.0000000000
6881 -1162.0000000000
6885 -1158.0000000000
6958 -1155.0000000000
7032 -1154.0000000000
7069 -1153.0000000000
7091 -1150.0000000000
7146 -1149.0000000000
7193 -1146.0000000000
7256 -1145.0000000000
7304 -1139.0000000000
7370 -1136.0000000000
7423 -1134.0000000000
7470 -1127.0000000000
7668 -1125.0000000000
7714 -1124.0000000000
7722 -1123.0000000000
7733 -1120.0000000000
7804 -1117.0000000000
7879 -1116.0000000000
7907 -1112.0000000000
8024 -1110.0000000000
8041 -1109.0000000000
8063 -1107.0000000000
8106 -1106.0000000000
8155 -1102.0000000000
8210 -1101.0000000000
8218 -1100.0000000000
8253 -1094.0000000000
8377 -1092.0000000000
8427 -1090.0000000000
8460 -1088.0000000000
8493 -1086.0000000000
8501 -1085.0000000000
8556 -1083.0000000000
8605 -1080.0000000000
8607 -1079.0000000000
8655 -1077.0000000000
8695 -1073.0000000000
8761 -1072.0000000000
8806 -1070.0000000000
8914 -1063.0000000000
9005 -1060.0000000000
9012 -1059.0000000000
9109 -1058.0000000000
9119 -1056.0000000000
9167 -1054.0000000000
9182 -1052.0000000000
9232 -1051.0000000000
9290 -1046.0000000000
9406 -1044.0000000000
9432 -1042.0000000000
9455 -1040.0000000000
9502 -1038.0000000000
9560 -1034.0000000000
9616 -1033.0000000000
9666 -1030.0000000000
9678 -1029.0000000000
9786 -1028.0000000000
9801 -1024.0000000000
9853 -1021.0000000000
9951 -1020.0000000000
9968 -1017.0000000000
10000 -1025.0000000000
evaluations raw_y
1 -2027.0000000000
3 -1996.0000000000
5 -1990.0000000000
12 -1967.0000000000
30 -1943.0000000000
104 -1931.0000000000
106 -1923.0000000000
117 -1919.0000000000
154 -1905.0000000000
160 -1889.0000000000
181 -1888.0000000000
217 -1887.0000000000
218 -1877.0000000000
234 -1858.0000000000
256 -1828.0000000000
351 -1826.0000000000
366 -1820.0000000000
420 -1814.0000000000
444 -1808.0000000000
460 -1801.0000000000
473 -1800.0000000000
478 -1786.0000000000
506 -1783.0000000000
520 -1782.0000000000
537 -1764.0000000000
568 -1749.0000000000
651 -1729.0000000000
676 -1721.0000000000
719 -1718.0000000000
744 -1715.0000000000
752 -1712.0000000000
760 -1701.0000000000
802 -1697.0000000000
825 -1693.0000000000
863 -1690.0000000000
883 -1689.0000000000
893 -1671.0000000000
907 -1669.0000000000
956 -1656.0000000000
962 -1645.0000000000
998 -1639.0000000000
1053 -1633.0000000000
1102 -1618.0000000000
1118 -1600.0000000000
1155 -1599.0000000000
1173 -1591.0000000000
1211 -1573.0000000000
1283 -1566.0000000000
1349 -1564.0000000000
1389 -1558.0000000000
1392 -1553.0000000000
1399 -1550.0000000000
1418 -1540.0000000000
1439 -1534.0000000000
1513 -1522.0000000000
1558 -1521.0000000000
1585 -1519.0000000000
1591 -1515.0000000000
1629 -1514.0000000000
1657 -1511.0000000000
1658 -1504.0000000000
1675 -1500.0000000000
1754 -1494.0000000000
1793 -1488.0000000000
1796 -1487.0000000000
1879 -1486.0000000000
1886 -1479.0000000000
1902 -1478.0000000000
1906 -1475.0000000000
1908 -1474.0000000000
1913 -1470.0000000000
1920 -1465.0000000000
1958 -1464.0000000000
1974 -1462.0000000000
1991 -1461.0000000000
2014 -1454.0000000000
2069 -1449.0000000000
2107 -1442.0000000000
2144 -1427.0000000000
2198 -1426.0000000000
2258 -1419.0000000000
2273 -1411.0000000000
2335 -1410.0000000000
2422 -1400.0000000000
2462 -1397.0000000000
2467 -1396.0000000000
2475 -1395.0000000000
2506 -1391.0000000000
2573 -1386.0000000000
2606 -1381.0000000000
2653 -1380.0000000000
2712 -1374.0000000000
2720 -1371.0000000000
2725 -1370.0000000000
2758 -1361.0000000000
2867 -1360.0000000000
2883 -1358.0000000000
2904 -1357.0000000000
2906 -1352.0000000000
2955 -1351.0000000000
2991 -1350.0000000000
3008 -1347.0000000000
3027 -1344.0000000000
3086 -1343.0000000000
3108 -1337.0000000000
3168 -1333.0000000000
3224 -1332.0000000000
3253 -1331.0000000000
3281 -1324.0000000000
3325 -1323.0000000000
3373 -1322.0000000000
3383 -1320.0000000000
3429 -1314.0000000000
3466 -1311.0000000000
3503 -1304.0000000000
3552 -1301.0000000000
3593 -1298.0000000000
3612 -1295.0000000000
3674 -1289.0000000000
3708 -1287.0000000000
3753 -1286.0000000000
3855 -1283.0000000000
3879 -1281.0000000000
3891 -1279.0000000000
3925 -1278.0000000000
4002 -1276.0000000000
4053 -1275.0000000000
4065 -1272.0000000000
4069 -1269.0000000000
4176 -1266.0000000000
4211 -1261.0000000000
4287 -1260.0000000000
4324 -1259.0000000000
4355 -1258.0000000000
4376 -1257.0000000000
4399 -1255.0000000000
4426 -1254.0000000000
4451 -1253.0000000000
4452 -1251.0000000000
4453 -1250.0000000000
4485 -1246.0000000000
4551 -1243.0000000000
4563 -1241.0000000000
4604 -1238.0000000000
4658 -1237.0000000000
4685 -1231.0000000000
4813 -1230.0000000000
4842 -1229.0000000000
4856 -1224.0000000000
4953 -1222.0000000000
4995 -1221.0000000000
5026 -1220.0000000000
5066 -1215.0000000000
5129 -1213.0000000000
5133 -1211.0000000000
5182 -1208.0000000000
5257 -1204.0000000000
5320 -1203.0000000000
5352 -1202.0000000000
5411 -1198.0000000000
5428 -1197.0000000000
5460 -1196.0000000000
5468 -1194.0000000000
5508 -1191.0000000000
5551 -1190.0000000000
5562 -1189.0000000000
5651 -1186.0000000000
5677 -1184.0000000000
5786 -1182.0000000000
5861 -1180.0000000000
5937 -1177.0000000000
5941 -1176.0000000000
5946 -1175.0000000000
5982 -1174.0000000000
6040 -1173.0000000000
6055 -1171.0000000000
6113 -1169.0000000000
6154 -1168.0000000000
6231 -1165.0000000000
6260 -1163.0000000000
6318 -1162.0000000000
6330 -1161.0000000000
6362 -1160.0000000000
6365 -1158.0000000000
6404 -1157.0000000000
6454 -1153.0000000000
6558 -1152.0000000000
6592 -1151.0000000000
6601 -1149.0000000000
6652 -1147.0000000000
6673 -1146.0000000000
6704 -1145.0000000000
6718 -1144.0000000000
6767 -1142.0000000000
6802 -1138.0000000000
6841 -1135.0000000000
6924 -1134.0000000000
6963 -1132.0000000000
7004 -1131.0000000000
7012 -1128.0000000000
7053 -1127.0000000000
7080 -1126.0000000000
7128 -1122.0000000000
7129 -1121.0000000000
7236 -1119.0000000000
7264 -1118.0000000000
7297 -1117.0000000000
7306 -1116.0000000000
7355 -1115.0000000000
7363 -1112.0000000000
7437 -1111.0000000000
7468 -1110.0000000000
7502 -1104.0000000000
7593 -1103.0000000000
7682 -1099.0000000000
7813 -1097.0000000000
7817 -1095.0000000000
7877 -1093.0000000000
7902 -1092.0000000000
7951 -1086.0000000000
8058 -1084.0000000000
8104 -1083.0000000000
8147 -1082.0000000000
8157 -1080.0000000000
8212 -1075.0000000000
8362 -1067.0000000000
8479 -1065.0000000000
8501 -1064.0000000000
8571 -1062.0000000000
8578 -1059.0000000000
8686 -1057.0000000000
8702 -1056.0000000000
8708 -1055.0000000000
8747 -1054.0000000000
8775 -1053.0000000000
8784 -1050.0000000000
8871 -1049.0000000000
8903 -1048.0000000000
8916 -1047.0000000000
8959 -1046.0000000000
8967 -1045.0000000000
8996 -1044.0000000000
9015 -1043.0000000000
9021 -1041.0000000000
9046 -1038.0000000000
9142 -1036.0000000000
9186 -1035.0000000000
9235 -1032.0000000000
9273 -1030.0000000000
9275 -1027.0000000000
9321 -1026.0000000000
9401 -1023.0000000000
9504 -1022.0000000000
9515 -1019.0000000000
9534 -1018.0000000000
9551 -1015.0000000000
9602 -1014.0000000000
9647 -1013.0000000000
9682 -1012.0000000000
9701 -1007.0000000000
9804 -1006.0000000000
9827 -1005.0000000000
9832 -1003.0000000000
9901 -1001.0000000000
9965 -999.0000000000
9999 -998.0000000000
10000 -1008.0000000000
evaluations raw_y
1 -1977.0000000000
5 -1975.0000000000
8 -1954.0000000000
71 -1936.0000000000
78 -1918.0000000000
207 -1917.0000000000
217 -1876.0000000000
306 -1842.0000000000
317 -1819.0000000000
451 -1812.0000000000
461 -1783.0000000000
566 -1781.0000000000
607 -1775.0000000000
610 -1762.0000000000
669 -1756.0000000000
689 -1753.0000000000
690 -1740.0000000000
735 -1725.0000000000
756 -1715.0000000000
811 -1704.0000000000
852 -1702.0000000000
870 -1682.0000000000
943 -1680.0000000000
990 -1675.0000000000
1006 -1667.0000000000
1028 -1665.0000000000
1050 -1650.0000000000
1100 -1627.0000000000
1178 -1625.0000000000
1204 -1620.0000000000
1227 -1613.0000000000
1228 -1608.0000000000
1241 -1605.0000000000
1306 -1601.0000000000
1340 -1599.0000000000
1357 -1595.0000000000
1359 -1588.0000000000
1384 -1586.0000000000
1397 -1579.0000000000
1414 -1577.0000000000
1417 -1573.0000000000
1478 -1557.0000000000
1503 -1553.0000000000
1554 -1544.0000000000
1564 -1541.0000000000
1576 -1532.0000000000
1605 -1528.0000000000
1612 -1523.0000000000
1676 -1521.0000000000
1706 -1507.0000000000
1787 -1506.0000000000
1807 -1495.0000000000
1813 -1494.0000000000
1847 -1493.0000000000
1888 -1489.0000000000
1901 -1484.0000000000
1921 -1477.0000000000
1940 -1476.0000000000
1960 -1473.0000000000
1977 -1465.0000000000
2002 -1461.0000000000
2009 -1456.0000000000
2052 -1455.0000000000
2059 -1448.0000000000
2117 -1445.0000000000
2151 -1442.0000000000
2203 -1441.0000000000
2207 -1440.0000000000
2221 -1427.0000000000
2288 -1419.0000000000
2342 -1417.0000000000
2354 -1412.0000000000
2372 -1411.0000000000
2406 -1402.0000000000
2424 -1400.0000000000
2451 -1395.0000000000
2495 -1394.0000000000
2556 -1391.0000000000
2604 -1389.0000000000
2616 -1387.0000000000
2658 -1380.0000000000
2704 -1379.0000000000
2706 -1378.0000000000
2724 -1372.0000000000
2754 -1370.0000000000
2787 -1368.0000000000
2805 -1367.0000000000
2838 -1364.0000000000
2861 -1362.0000000000
2878 -1360.0000000000
2913 -1357.0000000000
2943 -1356.0000000000
2959 -1354.0000000000
2970 -1351.0000000000
3010 -1350.0000000000
3035 -1347.0000000000
3039 -1346.0000000000
3056 -1342.0000000000
3089 -1341.0000000000
3172 -1340.0000000000
3177 -1333.0000000000
3221 -1332.0000000000
3251 -1327.0000000000
3278 -1325.0000000000
3341 -1314.0000000000
3425 -1313.0000000000
3436 -1311.0000000000
3481 -1310.0000000000
3493 -1309.0000000000
3511 -1307.0000000000
3553 -1306.0000000000
3559 -1305.0000000000
3561 -1304.0000000000
3593 -1302.0000000000
3609 -1300.0000000000
3681 -1296.0000000000
3756 -1291.0000000000
3757 -1288.0000000000
3862 -1282.0000000000
3868 -1278.0000000000
3971 -1272.0000000000
4028 -1270.0000000000
4109 -1267.0000000000
4119 -1261.0000000000
4207 -1260.0000000000
4252 -1256.0000000000
4261 -1254.0000000000
4363 -1253.0000000000
4385 -1251.0000000000
4402 -1250.0000000000
4427 -1249.0000000000
4440 -1248.0000000000
4443 -1243.0000000000
4512 -1241.0000000000
4518 -1240.0000000000
4560 -1235.0000000000
4659 -1233.0000000000
4663 -1228.0000000000
4759 -1227.0000000000
4771 -1225.0000000000
4801 -1223.0000000000
4926 -1220.0000000000
4953 -1218.0000000000
5003 -1217.0000000000
5009 -1216.0000000000
5017 -1209.0000000000
5113 -1204.0000000000
5153 -1202.0000000000
5259 -1200.0000000000
5308 -1198.0000000000
5322 -1197.0000000000
5341 -1196.0000000000
5356 -1194.0000000000
5357 -1193.0000000000
5406 -1191.0000000000
5415 -1190.0000000000
5428 -1189.0000000000
5507 -1187.0000000000
5509 -1184.0000000000
5604 -1181.0000000000
5630 -1178.0000000000
5709 -1174.0000000000
5710 -1172.0000000000
5808 -1171.0000000000
5821 -1169.0000000000
5828 -1168.0000000000
5853 -1165.0000000000
5910 -1164.0000000000
5923 -1162.0000000000
5967 -1159.0000000000
6059 -1158.0000000000
6088 -1157.0000000000
6108 -1155.0000000000
6152 -1154.0000000000
6170 -1152.0000000000
6183 -1151.0000000000
6252 -1148.0000000000
6259 -1145.0000000000
6362 -1144.0000000000
6377 -1141.0000000000
6433 -1138.0000000000
6484 -1136.0000000000
6516 -1130.0000000000
6639 -1129.0000000000
6712 -1123.0000000000
6797 -1122.0000000000
6839 -1121.0000000000
6846 -1120.0000000000
6855 -1118.0000000000
6905 -1117.0000000000
6973 -1116.0000000000
6980 -1113.0000000000
7011 -1110.0000000000
7021 -1109.0000000000
7136 -1104.0000000000
7205 -1102.0000000000
7232 -1100.0000000000
7264 -1094.0000000000
7408 -1091.0000000000
7509 -1087.0000000000
7538 -1086.0000000000
7644 -1084.0000000000
7652 -1083.0000000000
7706 -1082.0000000000
7721 -1080.0000000000
7790 -1079.0000000000
7794 -1078.0000000000
7795 -1077.0000000000
7858 -1076.0000000000
7910 -1074.0000000000
7939 -1073.0000000000
8014 -1072.0000000000
8044 -1070.0000000000
8061 -1066.0000000000
8076 -1063.0000000000
8142 -1061.0000000000
8211 -1060.0000000000
8265 -1057.0000000000
8280 -1056.0000000000
8325 -1055.0000000000
8341 -1054.0000000000
8380 -1052.0000000000
8464 -1050.0000000000
8521 -1049.0000000000
8526 -1048.0000000000
8561 -1047.0000000000
8607 -1043.0000000000
8720 -1042.0000000000
8726 -1037.0000000000
8766 -1034.0000000000
8840 -1033.0000000000
8936 -1031.0000000000
8957 -1029.0000000000
9031 -1028.0000000000
9081 -1024.0000000000
9175 -1023.0000000000
9203 -1022.0000000000
9263 -1021.0000000000
9269 -1020.0000000000
9274 -1018.0000000000
9339 -1015.0000000000
9423 -1014.0000000000
9478 -1012.0000000000
9504 -1008.0000000000
9582 -1007.0000000000
9640 -1006.0000000000
9658 -1005.0000000000
9679 -1001.0000000000
9696 -1000.0000000000
9801 -995.0000000000
9892 -994.0000000000
9909 -992.0000000000
9984 -991.0000000000
9988 -990.0000000000
10000 -998.0000000000
evaluations raw_y
1 -2050.0000000000
2 -2024.0000000000
3 -1992.0000000000
4 -1931.0000000000
107 -1910.0000000000
119 -1903.0000000000
146 -1902.0000000000
162 -1888.0000000000
195 -1880.0000000000
196 -1867.0000000000
217 -1862.0000000000
306 -1840.0000000000
311 -1835.0000000000
386 -1814.0000000000
469 -1812.0000000000
473 -1810.0000000000
503 -1808.0000000000
514 -1800.0000000000
539 -1791.0000000000
554 -1788.0000000000
596 -1775.0000000000
603 -1768.0000000000
663 -1765.0000000000
668 -1748.0000000000
736 -1742.0000000000
752 -1741.0000000000
756 -1740.0000000000
776 -1738.0000000000
779 -1737.0000000000
802 -1735.0000000000
803 -1728.0000000000
815 -1725.0000000000
846 -1724.0000000000
855 -1714.0000000000
861 -1704.0000000000
912 -1700.0000000000
940 -1696.0000000000
951 -1686.0000000000
952 -1685.0000000000
968 -1679.0000000000
989 -1676.0000000000
1003 -1673.0000000000
1039 -1656.0000000000
1095 -1652.0000000000
1126 -1649.0000000000
1169 -1641.0000000000
1176 -1640.0000000000
1196 -1634.0000000000
1215 -1630.0000000000
1231 -1620.0000000000
1260 -1611.0000000000
1280 -1607.0000000000
1305 -1593.0000000000
1368 -1580.0000000000
1404 -1573.0000000000
1439 -1560.0000000000
1522 -1553.0000000000
1566 -1523.0000000000
1625 -1516.0000000000
1667 -1511.0000000000
1669 -1510.0000000000
1703 -1504.0000000000
1788 -1501.0000000000
1795 -1499.0000000000
1803 -1497.0000000000
1815 -1495.0000000000
1841 -1488.0000000000
1861 -1482.0000000000
1923 -1468.0000000000
1971 -1464.0000000000
1975 -1463.0000000000
2008 -1459.0000000000
2020 -1454.0000000000
2055 -1444.0000000000
2106 -1441.0000000000
2152 -1438.0000000000
2159 -1437.0000000000
2175 -1436.0000000000
2205 -1433.0000000000
2225 -1426.0000000000
2235 -1424.0000000000
2272 -1414.0000000000
2349 -1410.0000000000
2357 -1408.0000000000
2366 -1400.0000000000
2425 -1398.0000000000
2473 -1393.0000000000
2533 -1391.0000000000
2535 -1389.0000000000
2556 -1382.0000000000
2634 -1376.0000000000
2653 -1373.0000000000
2660 -1366.0000000000
2732 -1365.0000000000
2739 -1364.0000000000
2757 -1363.0000000000
2758 -1359.0000000000
2805 -1341.0000000000
2901 -1340.0000000000
2957 -1331.0000000000
3041 -1326.0000000000
3112 -1323.0000000000
3122 -1322.0000000000
3125 -1321.0000000000
3151 -1315.0000000000
3215 -1313.0000000000
3241 -1312.0000000000
3257 -1309.0000000000
3302 -1305.0000000000
3349 -1301.0000000000
3384 -1300.0000000000
3420 -1299.0000000000
3454 -1297.0000000000
3459 -1293.0000000000
3464 -1292.0000000000
3569 -1289.0000000000
3605 -1288.0000000000
3608 -1279.0000000000
3683 -1278.0000000000
3703 -1276.0000000000
3730 -1274.0000000000
3779 -1273.0000000000
3805 -1272.0000000000
3815 -1268.0000000000
3827 -1265.0000000000
3865 -1262.0000000000
3906 -1261.0000000000
3930 -1258.0000000000
3962 -1255.0000000000
4050 -1254.0000000000
4112 -1253.0000000000
4114 -1251.0000000000
4137 -1247.0000000000
4172 -1242.0000000000
4239 -1239.0000000000
4278 -1233.0000000000
4307 -1231.0000000000
4387 -1229.0000000000
4464 -1227.0000000000
4466 -1220.0000000000
4489 -1217.0000000000
4521 -1215.0000000000
4621 -1214.0000000000
4655 -1207.0000000000
4710 -1202.0000000000
4756 -1200.0000000000
4889 -1193.0000000000
5008 -1191.0000000000
5053 -1189.0000000000
5087 -1183.0000000000
5205 -1181.0000000000
5218 -1178.0000000000
5243 -1177.0000000000
5301 -1176.0000000000
5364 -1170.0000000000
5469 -1169.0000000000
5470 -1167.0000000000
5497 -1166.0000000000
5506 -1165.0000000000
5511 -1161.0000000000
5623 -1157.0000000000
5657 -1154.0000000000
5722 -1153.0000000000
5753 -1152.0000000000
5768 -1150.0000000000
5846 -1149.0000000000
5855 -1148.0000000000
5865 -1145.0000000000
5885 -1142.0000000000
5915 -1141.0000000000
5966 -1138.0000000000
6030 -1137.0000000000
6073 -1134.0000000000
6112 -1132.0000000000
6168 -1131.0000000000
6231 -1130.0000000000
6267 -1129.0000000000
6271 -1128.0000000000
6344 -1125.0000000000
6353 -1123.0000000000
6428 -1122.0000000000
6460 -1120.0000000000
6516 -1119.0000000000
6552 -1118.0000000000
6556 -1117.0000000000
6582 -1116.0000000000
6609 -1115.0000000000
6672 -1114.0000000000
6691 -1112.0000000000
6724 -1111.0000000000
6737 -1110.0000000000
6782 -1106.0000000000
6838 -1103.0000000000
6867 -1102.0000000000
6926 -1101.0000000000
6970 -1097.0000000000
7019 -1096.0000000000
7063 -1094.0000000000
7117 -1091.0000000000
7123 -1090.0000000000
7161 -1089.0000000000
7204 -1086.0000000000
7251 -1085.0000000000
7265 -1084.0000000000
7318 -1082.0000000000
7369 -1080.0000000000
7448 -1076.0000000000
7480 -1075.0000000000
7551 -1074.0000000000
7563 -1072.0000000000
7580 -1071.0000000000
7601 -1070.0000000000
7625 -1067.0000000000
7701 -1066.0000000000
7728 -1065.0000000000
7741 -1061.0000000000
7763 -1060.0000000000
7829 -1059.0000000000
7853 -1056.0000000000
7929 -1055.0000000000
7977 -1053.0000000000
8058 -1052.0000000000
8107 -1050.0000000000
8161 -1049.0000000000
8166 -1048.0000000000
8240 -1047.0000000000
8256 -1043.0000000000
8355 -1041.0000000000
8405 -1039.0000000000
8427 -1038.0000000000
8479 -1037.0000000000
8487 -1036.0000000000
8513 -1035.0000000000
8592 -1033.0000000000
8612 -1031.0000000000
8684 -1028.0000000000
8735 -1027.0000000000
8805 -1026.0000000000
8811 -1025.0000000000
8850 -1022.0000000000
8865 -1021.0000000000
8903 -1018.0000000000
8993 -1017.0000000000
9003 -1016.0000000000
9009 -1015.0000000000
9129 -1014.0000000000
9140 -1013.0000000000
9151 -1012.0000000000
9181 -1010.0000000000
9203 -1009.0000000000
9252 -1007.0000000000
9337 -1006.0000000000
9362 -1005.0000000000
9364 -1003.0000000000
9432 -1000.0000000000
9456 -999.0000000000
9507 -996.0000000000
9550 -995.0000000000
9590 -994.0000000000
9655 -992.0000000000
9671 -990.0000000000
9754 -988.0000000000
9766 -986.0000000000
9825 -985.0000000000
9859 -984.0000000000
9875 -983.0000000000
9916 -980.0000000000
9942 -979.0000000000
9980 -978.0000000000
10000 -985.0000000000
evaluations raw_y
1 -2028.0000000000
2 -2017.0000000000
4 -1966.0000000000
50 -1943.0000000000
92 -1929.0000000000
151 -1923.0000000000
168 -1893.0000000000
212 -1886.0000000000
256 -1885.0000000000
281 -1872.0000000000
305 -1871.0000000000
309 -1855.0000000000
361 -1849.0000000000
368 -1831.0000000000
385 -1830.0000000000
452 -1809.0000000000
492 -1808.0000000000
510 -1784.0000000000
567 -1763.0000000000
625 -1752.0000000000
701 -1740.0000000000
758 -1726.0000000000
780 -1725.0000000000
801 -1716.0000000000
805 -1713.0000000000
810 -1710.0000000000
852 -1698.0000000000
915 -1696.0000000000
932 -1685.0000000000
952 -1674.0000000000
995 -1671.0000000000
1008 -1659.0000000000
1022 -1654.0000000000
1068 -1650.0000000000
1113 -1628.0000000000
1177 -1626.0000000000
1179 -1624.0000000000
1202 -1617.0000000000
1231 -1613.0000000000
1246 -1612.0000000000
1254 -1599.0000000000
1316 -1591.0000000000
1366 -1586.0000000000
1378 -1583.0000000000
1405 -1573.0000000000
1430 -1572.0000000000
1455 -1568.0000000000
1470 -1561.0000000000
1505 -1554.0000000000
1545 -1553.0000000000
1564 -1552.0000000000
1569 -1544.0000000000
1586 -1524.0000000000
1610 -1519.0000000000
1656 -1518.0000000000
1668 -1504.0000000000
1781 -1503.0000000000
1798 -1502.0000000000
1803 -1501.0000000000
1816 -1498.0000000000
1822 -1493.0000000000
1832 -1486.0000000000
1860 -1473.0000000000
1947 -1467.0000000000
1965 -1463.0000000000
2006 -1461.0000000000
2030 -1459.0000000000
2052 -1455.0000000000
2094 -1450.0000000000
2132 -1448.0000000000
2142 -1439.0000000000
2158 -1430.0000000000
2217 -1421.0000000000
2265 -1414.0000000000
2302 -1413.0000000000
2355 -1409.0000000000
2411 -1392.0000000000
2475 -1390.0000000000
2575 -1387.0000000000
2580 -1385.0000000000
2620 -1379.0000000000
2654 -1375.0000000000
2670 -1374.0000000000
2745 -1372.0000000000
2772 -1371.0000000000
2783 -1364.0000000000
2884 -1363.0000000000
2892 -1360.0000000000
2920 -1357.0000000000
2924 -1356.0000000000
2948 -1352.0000000000
2951 -1350.0000000000
2963 -1349.0000000000
3038 -1347.0000000000
3057 -1342.0000000000
3104 -1340.0000000000
3157 -1332.0000000000
3195 -1329.0000000000
3211 -1326.0000000000
3257 -1321.0000000000
3370 -1319.0000000000
3410 -1312.0000000000
3442 -1311.0000000000
3500 -1306.0000000000
3518 -1300.0000000000
3576 -1295.0000000000
3653 -1291.0000000000
3706 -1289.0000000000
3753 -1284.0000000000
3829 -1283.0000000000
3859 -1280.0000000000
3898 -1279.0000000000
3918 -1278.0000000000
3929 -1274.0000000000
3969 -1270.0000000000
4004 -1269.0000000000
4023 -1266.0000000000
4104 -1265.0000000000
4106 -1258.0000000000
4168 -1257.0000000000
4203 -1254.0000000000
4205 -1250.0000000000
4291 -1245.0000000000
4309 -1244.0000000000
4394 -1243.0000000000
4422 -1241.0000000000
4451 -1236.0000000000
4577 -1234.0000000000
4613 -1230.0000000000
4657 -1226.0000000000
4701 -1224.0000000000
4734 -1222.0000000000
4807 -1219.0000000000
4884 -1216.0000000000
4930 -1215.0000000000
4952 -1214.0000000000
4989 -1212.0000000000
5005 -1211.0000000000
5011 -1210.0000000000
5048 -1209.0000000000
5086 -1208.0000000000
5102 -1207.0000000000
5109 -1205.0000000000
5183 -1203.0000000000
5190 -1201.0000000000
5204 -1199.0000000000
5254 -1198.0000000000
5264 -1192.0000000000
5365 -1191.0000000000
5417 -1190.0000000000
5440 -1189.0000000000
5457 -1186.0000000000
5544 -1184.0000000000
5548 -1181.0000000000
5553 -1180.0000000000
5648 -1176.0000000000
5676 -1175.0000000000
5691 -1171.0000000000
5779 -1170.0000000000
5803 -1168.0000000000
5862 -1165.0000000000
5909 -1164.0000000000
5980 -1160.0000000000
6053 -1158.0000000000
6150 -1157.0000000000
6160 -1156.0000000000
6208 -1152.0000000000
6216 -1149.0000000000
6274 -1148.0000000000
6315 -1147.0000000000
6316 -1145.0000000000
6391 -1143.0000000000
6430 -1141.0000000000
6457 -1137.0000000000
6517 -1136.0000000000
6561 -1135.0000000000
6584 -1134.0000000000
6601 -1133.0000000000
6622 -1129.0000000000
6658 -1128.0000000000
6677 -1125.0000000000
6787 -1124.0000000000
6805 -1122.0000000000
6866 -1121.0000000000
6875 -1120.0000000000
6890 -1117.0000000000
6967 -1114.0000000000
7036 -1112.0000000000
7038 -1111.0000000000
7068 -1110.0000000000
7124 -1109.0000000000
7153 -1106.0000000000
7162 -1105.0000000000
7254 -1101.0000000000
7319 -1099.0000000000
7367 -1098.0000000000
7423 -1097.0000000000
7424 -1095.0000000000
7458 -1094.0000000000
7516 -1092.0000000000
7531 -1090.0000000000
7565 -1089.0000000000
7604 -1087.0000000000
7653 -1085.0000000000
7752 -1082.0000000000
7806 -1080.0000000000
7853 -1079.0000000000
7888 -1078.0000000000
7902 -1076.0000000000
7912 -1075.0000000000
7931 -1074.0000000000
7971 -1073.0000000000
8006 -1070.0000000000
8047 -1069.0000000000
8105 -1068.0000000000
8148 -1067.0000000000
8153 -1064.0000000000
8162 -1061.0000000000
8163 -1058.0000000000
8311 -1057.0000000000
8339 -1056.0000000000
8357 -1053.0000000000
8403 -1051.0000000000
8446 -1050.0000000000
8499 -1047.0000000000
8565 -1044.0000000000
8603 -1043.0000000000
8659 -1042.0000000000
8667 -1038.0000000000
8763 -1034.0000000000
8809 -1033.0000000000
8850 -1032.0000000000
8851 -1029.0000000000
8952 -1027.0000000000
9001 -1024.0000000000
9104 -1017.0000000000
9162 -1016.0000000000
9232 -1014.0000000000
9280 -1012.0000000000
9334 -1011.0000000000
9360 -1010.0000000000
9400 -1009.0000000000
9413 -1008.0000000000
9462 -1007.0000000000
9473 -1006.0000000000
9477 -1003.0000000000
9516 -1002.0000000000
9536 -996.0000000000
9627 -995.0000000000
9687 -994.0000000000
9724 -992.0000000000
9828 -991.0000000000
9855 -987.0000000000
9857 -983.0000000000
9937 -982.0000000000
10000 -992.0000000000
evaluations raw_y
1 -1942.0000000000
6 -1937.0000000000
30 -1916.0000000000
76 -1904.0000000000
180 -1892.0000000000
214 -1876.0000000000
232 -1864.0000000000
244 -1861.0000000000
304 -1856.0000000000
308 -1847.0000000000
356 -1835.0000000000
366 -1831.0000000000
378 -1809.0000000000
453 -1808.0000000000
484 -1799.0000000000
486 -1786.0000000000
505 -1782.0000000000
510 -1778.0000000000
517 -1756.0000000000
602 -1723.0000000000
692 -1708.0000000000
771 -1697.0000000000
814 -1690.0000000000
825 -1674.0000000000
888 -1670.0000000000
930 -1666.0000000000
931 -1655.0000000000
990 -1654.0000000000
1002 -1651.0000000000
1018 -1641.0000000000
1080 -1634.0000000000
1092 -1633.0000000000
1101 -1620.0000000000
1141 -1614.0000000000
1166 -1606.0000000000
1222 -1596.0000000000
1269 -1593.0000000000
1285 -1587.0000000000
1316 -1579.0000000000
1356 -1578.0000000000
1371 -1571.0000000000
1416 -1568.0000000000
1436 -1564.0000000000
1447 -1548.0000000000
1456 -1546.0000000000
1556 -1543.0000000000
1561 -1536.0000000000
1631 -1529.0000000000
1665 -1528.0000000000
1683 -1525.0000000000
1695 -1524.0000000000
1703 -1521.0000000000
1723 -1512.0000000000
1791 -1505.0000000000
1806 -1497.0000000000
1828 -1491.0000000000
1900 -1490.0000000000
1911 -1480.0000000000
1958 -1477.0000000000
2060 -1474.0000000000
2073 -1464.0000000000
2095 -1460.0000000000
2114 -1455.0000000000
2174 -1451.0000000000
2215 -1449.0000000000
2224 -1445.0000000000
2253 -1443.0000000000
2306 -1433.0000000000
2361 -1431.0000000000
2392 -1421.0000000000
2445 -1420.0000000000
2466 -1417.0000000000
2477 -1414.0000000000
2548 -1410.0000000000
2552 -1408.0000000000
2578 -1406.0000000000
2637 -1404.0000000000
2638 -1398.0000000000
2718 -1394.0000000000
2738 -1393.0000000000
2739 -1378.0000000000
2790 -1377.0000000000
2824 -1376.0000000000
2875 -1373.0000000000
2932 -1372.0000000000
2949 -1367.0000000000
2989 -1364.0000000000
3027 -1360.0000000000
3049 -1358.0000000000
3060 -1354.0000000000
3088 -1352.0000000000
3132 -1347.0000000000
3204 -1344.0000000000
3215 -1343.0000000000
3263 -1340.0000000000
3302 -1339.0000000000
3317 -1336.0000000000
3321 -1335.0000000000
3350 -1334.0000000000
3372 -1333.0000000000
3412 -1330.0000000000
3413 -1325.0000000000
3466 -1322.0000000000
3504 -1321.0000000000
3507 -1319.0000000000
3555 -1316.0000000000
3578 -1313.0000000000
3619 -1310.0000000000
3673 -1309.0000000000
3675 -1308.0000000000
3706 -1307.0000000000
3709 -1305.0000000000
3736 -1304.0000000000
3755 -1303.0000000000
3777 -1302.0000000000
3795 -1301.0000000000
3797 -1297.0000000000
3844 -1294.0000000000
3922 -1292.0000000000
3923 -1291.0000000000
3979 -1290.0000000000
3988 -1286.0000000000
4020 -1285.0000000000
4053 -1283.0000000000
4068 -1281.0000000000
4105 -1279.0000000000
4162 -1276.0000000000
4218 -1275.0000000000
4240 -1274.0000000000
4242 -1273.0000000000
4278 -1271.0000000000
4323 -1270.0000000000
4356 -1268.0000000000
4381 -1265.0000000000
4413 -1264.0000000000
4434 -1263.0000000000
4457 -1262.0000000000
4466 -1259.0000000000
4516 -1256.0000000000
4581 -1255.0000000000
4606 -1254.0000000000
4626 -1253.0000000000
4653 -1250.0000000000
4661 -1249.0000000000
4713 -1247.0000000000
4715 -1245.0000000000
4754 -1244.0000000000
4803 -1242.0000000000
4808 -1241.0000000000
4840 -1240.0000000000
4860 -1239.0000000000
4881 -1238.0000000000
4882 -1237.0000000000
4917 -1234.0000000000
4979 -1233.0000000000
4980 -1232.0000000000
5053 -1231.0000000000
5054 -1227.0000000000
5056 -1226.0000000000
5152 -1224.0000000000
5167 -1222.0000000000
5232 -1220.0000000000
5253 -1217.0000000000
5314 -1216.0000000000
5342 -1215.0000000000
5369 -1213.0000000000
5447 -1211.0000000000
5449 -1210.0000000000
5453 -1209.0000000000
5482 -1207.0000000000
5519 -1205.0000000000
5548 -1201.0000000000
5633 -1200.0000000000
5664 -1194.0000000000
5710 -1193.0000000000
5792 -1192.0000000000
5836 -1191.0000000000
5853 -1190.0000000000
5858 -1189.0000000000
5891 -1186.0000000000
5906 -1185.0000000000
5915 -1184.0000000000
5977 -1183.0000000000
6021 -1181.0000000000
6082 -1178.0000000000
6091 -1177.0000000000
6113 -1174.0000000000
6192 -1172.0000000000
6199 -1171.0000000000
6238 -1170.0000000000
6254 -1169.0000000000
6277 -1168.0000000000
6308 -1166.0000000000
6314 -1164.0000000000
6353 -1163.0000000000
6362 -1159.0000000000
6405 -1158.0000000000
6467 -1152.0000000000
6561 -1150.0000000000
6668 -1149.0000000000
6702 -1146.0000000000
6713 -1145.0000000000
6775 -1139.0000000000
6844 -1137.0000000000
6871 -1136.0000000000
6878 -1134.0000000000
6976 -1131.0000000000
7004 -1130.0000000000
7075 -1128.0000000000
7089 -1127.0000000000
7105 -1126.0000000000
7109 -1121.0000000000
7186 -1120.0000000000
7231 -1118.0000000000
7303 -1117.0000000000
7308 -1116.0000000000
7309 -1115.0000000000
7375 -1114.0000000000
7400 -1113.0000000000
7411 -1111.0000000000
7512 -1108.0000000000
7532 -1106.0000000000
7563 -1105.0000000000
7572 -1104.0000000000
7602 -1103.0000000000
7603 -1101.0000000000
7673 -1099.0000000000
7713 -1098.0000000000
7720 -1097.0000000000
7728 -1096.0000000000
7756 -1089.0000000000
7914 -1088.0000000000
7920 -1087.0000000000
7924 -1085.0000000000
7977 -1082.0000000000
8030 -1081.0000000000
8110 -1074.0000000000
8216 -1073.0000000000
8237 -1072.0000000000
8278 -1071.0000000000
8340 -1068.0000000000
8380 -1067.0000000000
8422 -1066.0000000000
8425 -1064.0000000000
8491 -1063.0000000000
8529 -1061.0000000000
8562 -1060.0000000000
8601 -1059.0000000000
8617 -1058.0000000000
8669 -1056.0000000000
8729 -1055.0000000000
8754 -1053.0000000000
8793 -1051.0000000000
8872 -1050.0000000000
8905 -1049.0000000000
8911 -1048.0000000000
8912 -1046.0000000000
8945 -1045.0000000000
8961 -1042.0000000000
9052 -1040.0000000000
9089 -1038.0000000000
9157 -1037.0000000000
9164 -1036.0000000000
9176 -1033.0000000000
9208 -1032.0000000000
9261 -1027.0000000000
9381 -1025.0000000000
9401 -1024.0000000000
9432 -1023.0000000000
9453 -1021.0000000000
9523 -1020.0000000000
9538 -1017.0000000000
9640 -1016.0000000000
9662 -1014.0000000000
9708 -1013.0000000000
9727 -1009.0000000000
9752 -1008.0000000000
9805 -1007.0000000000
9901 -1006.0000000000
9919 -1004.0000000000
9930 -1003.0000000000
9959 -1001.0000000000
10000 -1005.0000000000
evaluations raw_y
1 -2015.0000000000
2 -2002.0000000000
3 -1990.0000000000
14 -1955.0000000000
25 -1945.0000000000
52 -1934.0000000000
73 -1924.0000000000
138 -1902.0000000000
180 -1898.0000000000
213 -1885.0000000000
259 -1881.0000000000
262 -1880.0000000000
269 -1867.0000000000
293 -1838.0000000000
339 -1837.0000000000
366 -1836.0000000000
369 -1819.0000000000
431 -1790.0000000000
469 -1787.0000000000
551 -1772.0000000000
576 -1763.0000000000
603 -1761.0000000000
604 -1760.0000000000
629 -1758.0000000000
661 -1741.0000000000
766 -1735.0000000000
780 -1729.0000000000
806 -1722.0000000000
824 -1702.0000000000
888 -1693.0000000000
958 -1684.0000000000
963 -1680.0000000000
1008 -1678.0000000000
1015 -1676.0000000000
1036 -1668.0000000000
1057 -1667.0000000000
1065 -1662.0000000000
1106 -1657.0000000000
1115 -1655.0000000000
1132 -1648.0000000000
1178 -1646.0000000000
1213 -1637.0000000000
1214 -1636.0000000000
1235 -1628.0000000000
1320 -1622.0000000000
1321 -1619.0000000000
1334 -1616.0000000000
1358 -1612.0000000000
1406 -1598.0000000000
1480 -1595.0000000000
1520 -1593.0000000000
1550 -1587.0000000000
1551 -1574.0000000000
1645 -1572.0000000000
1653 -1563.0000000000
1681 -1558.0000000000
1704 -1557.0000000000
1711 -1549.0000000000
1758 -1543.0000000000
1827 -1536.0000000000
1848 -1534.0000000000
1851 -1531.0000000000
1871 -1524.0000000000
1910 -1522.0000000000
1916 -1515.0000000000
2012 -1513.0000000000
2027 -1512.0000000000
2036 -1508.0000000000
2080 -1507.0000000000
2110 -1505.0000000000
2128 -1503.0000000000
2132 -1497.0000000000
2168 -1492.0000000000
2214 -1489.0000000000
2253 -1488.0000000000
2254 -1487.0000000000
2265 -1482.0000000000
2304 -1479.0000000000
2357 -1471.0000000000
2448 -1465.0000000000
2454 -1464.0000000000
2493 -1463.0000000000
2506 -1456.0000000000
2559 -1454.0000000000
2563 -1452.0000000000
2607 -1446.0000000000
2660 -1444.0000000000
2695 -1442.0000000000
2711 -1439.0000000000
2747 -1436.0000000000
2803 -1434.0000000000
2806 -1433.0000000000
2831 -1428.0000000000
2851 -1427.0000000000
2863 -1426.0000000000
2873 -1424.0000000000
2905 -1422.0000000000
2907 -1416.0000000000
3004 -1414.0000000000
3025 -1413.0000000000
3032 -1411.0000000000
3089 -1408.0000000000
3101 -1401.0000000000
3178 -1396.0000000000
3203 -1393.0000000000
3277 -1389.0000000000
3319 -1386.0000000000
3386 -1385.0000000000
3445 -1382.0000000000
3451 -1381.0000000000
3469 -1379.0000000000
3504 -1377.0000000000
3526 -1373.0000000000
3569 -1372.0000000000
3603 -1362.0000000000
3682 -1360.0000000000
3725 -1359.0000000000
3733 -1358.0000000000
3754 -1356.0000000000
3814 -1352.0000000000
3858 -1351.0000000000
3867 -1348.0000000000
3913 -1345.0000000000
4001 -1344.0000000000
4015 -1340.0000000000
4136 -1339.0000000000
4185 -1338.0000000000
4202 -1337.0000000000
4205 -1335.0000000000
4242 -1334.0000000000
4272 -1330.0000000000
4292 -1328.0000000000
4363 -1327.0000000000
4385 -1326.0000000000
4406 -1321.0000000000
4421 -1319.0000000000
4519 -1318.0000000000
4551 -1315.0000000000
4617 -1313.0000000000
4632 -1311.0000000000
4663 -1309.0000000000
4717 -1307.0000000000
4719 -1306.0000000000
4761 -1305.0000000000
4762 -1304.0000000000
4810 -1303.0000000000
4815 -1301.0000000000
4833 -1300.0000000000
4853 -1298.0000000000
4867 -1296.0000000000
4935 -1295.0000000000
4957 -1292.0000000000
4976 -1291.0000000000
5007 -1290.0000000000
5052 -1288.0000000000
5103 -1285.0000000000
5124 -1283.0000000000
5170 -1282.0000000000
5173 -1281.0000000000
5177 -1280.0000000000
5212 -1278.0000000000
5306 -1275.0000000000
5335 -1272.0000000000
5365 -1271.0000000000
5438 -1268.0000000000
5495 -1267.0000000000
5555 -1264.0000000000
5559 -1262.0000000000
5622 -1258.0000000000
5716 -1256.0000000000
5755 -1252.0000000000
5837 -1249.0000000000
5923 -1248.0000000000
5932 -1246.0000000000
5951 -1245.0000000000
5961 -1244.0000000000
5968 -1243.0000000000
6002 -1239.0000000000
6033 -1238.0000000000
6125 -1237.0000000000
6144 -1233.0000000000
6208 -1230.0000000000
6300 -1228.0000000000
6341 -1227.0000000000
6353 -1225.0000000000
6360 -1223.0000000000
6478 -1220.0000000000
6551 -1219.0000000000
6567 -1218.0000000000
6573 -1215.0000000000
6614 -1212.0000000000
6671 -1209.0000000000
6746 -1208.0000000000
6765 -1207.0000000000
6783 -1205.0000000000
6792 -1204.0000000000
6861 -1201.0000000000
6918 -1200.0000000000
6924 -1198.0000000000
6979 -1197.0000000000
7006 -1194.0000000000
7068 -1190.0000000000
7166 -1189.0000000000
7188 -1182.0000000000
7253 -1180.0000000000
7280 -1178.0000000000
7387 -1177.0000000000
7409 -1176.0000000000
7456 -1174.0000000000
7463 -1173.0000000000
7524 -1172.0000000000
7537 -1171.0000000000
7560 -1170.0000000000
7617 -1169.0000000000
7631 -1168.0000000000
7648 -1165.0000000000
7709 -1158.0000000000
7885 -1151.0000000000
7964 -1149.0000000000
7967 -1140.0000000000
8144 -1139.0000000000
8175 -1138.0000000000
8209 -1135.0000000000
8278 -1134.0000000000
8304 -1133.0000000000
8309 -1127.0000000000
8486 -1125.0000000000
8490 -1124.0000000000
8529 -1123.0000000000
8562 -1120.0000000000
8642 -1117.0000000000
8667 -1115.0000000000
8668 -1114.0000000000
8705 -1113.0000000000
8772 -1111.0000000000
8835 -1110.0000000000
8853 -1109.0000000000
8857 -1108.0000000000
8858 -1107.0000000000
8859 -1106.0000000000
8901 -1105.0000000000
8904 -1104.0000000000
8965 -1103.0000000000
9020 -1101.0000000000
9031 -1098.0000000000
9114 -1097.0000000000
9163 -1096.0000000000
9206 -1093.0000000000
9221 -1091.0000000000
9296 -1090.0000000000
9302 -1088.0000000000
9354 -1086.0000000000
9407 -1084.0000000000
9448 -1083.0000000000
9456 -1082.0000000000
9485 -1079.0000000000
9582 -1077.0000000000
9646 -1074.0000000000
9650 -1070.0000000000
9694 -1068.0000000000
9821 -1067.0000000000
9843 -1064.0000000000
9938 -1062.0000000000
9980 -1060.0000000000
10000 -1063.0000000000
evaluations raw_y
1 -2027.0000000000
2 -2001.0000000000
11 -1997.0000000000
13 -1994.0000000000
16 -1961.0000000000
29 -1951.0000000000
42 -1926.0000000000
109 -1923.0000000000
122 -1918.0000000000
133 -1914.0000000000
151 -1902.0000000000
164 -1889.0000000000
185 -1884.0000000000
190 -1870.0000000000
206 -1856.0000000000
260 -1841.0000000000
369 -1839.0000000000
381 -1823.0000000000
404 -1820.0000000000
411 -1808.0000000000
468 -1806.0000000000
514 -1780.0000000000
520 -1779.0000000000
562 -1771.0000000000
566 -1765.0000000000
601 -1764.0000000000
612 -1725.0000000000
724 -1714.0000000000
778 -1702.0000000000
812 -1701.0000000000
814 -1688.0000000000
824 -1676.0000000000
883 -1672.0000000000
901 -1667.0000000000
932 -1653.0000000000
952 -1647.0000000000
966 -1637.0000000000
1040 -1634.0000000000
1062 -1633.0000000000
1064 -1612.0000000000
1143 -1611.0000000000
1155 -1610.0000000000
1164 -1609.0000000000
1167 -1604.0000000000
1186 -1602.0000000000
1201 -1597.0000000000
1204 -1590.0000000000
1259 -1579.0000000000
1307 -1573.0000000000
1315 -1561.0000000000
1353 -1548.0000000000
1456 -1547.0000000000
1477 -1543.0000000000
1503 -1542.0000000000
1540 -1540.0000000000
1550 -1535.0000000000
1551 -1526.0000000000
1570 -1521.0000000000
1602 -1519.0000000000
1662 -1509.0000000000
1702 -1504.0000000000
1725 -1503.0000000000
1759 -1500.0000000000
1761 -1499.0000000000
1801 -1496.0000000000
1814 -1494.0000000000
1836 -1487.0000000000
1857 -1482.0000000000
1894 -1479.0000000000
1917 -1475.0000000000
1939 -1472.0000000000
1954 -1455.0000000000
2012 -1454.0000000000
2066 -1449.0000000000
2082 -1448.0000000000
2121 -1443.0000000000
2160 -1442.0000000000
2187 -1436.0000000000
2220 -1432.0000000000
2233 -1423.0000000000
2262 -1412.0000000000
2353 -1410.0000000000
2386 -1408.0000000000
2400 -1403.0000000000
2409 -1401.0000000000
2420 -1394.0000000000
2497 -1389.0000000000
2531 -1388.0000000000
2545 -1387.0000000000
2557 -1383.0000000000
2572 -1370.0000000000
2688 -1369.0000000000
2721 -1365.0000000000
2727 -1364.0000000000
2728 -1363.0000000000
2760 -1361.0000000000
2769 -1355.0000000000
2863 -1351.0000000000
2903 -1347.0000000000
2969 -1344.0000000000
3002 -1342.0000000000
3007 -1337.0000000000
3030 -1335.0000000000
3056 -1327.0000000000
3136 -1325.0000000000
3154 -1320.0000000000
3240 -1313.0000000000
3319 -1309.0000000000
3332 -1308.0000000000
3362 -1306.0000000000
3406 -1302.0000000000
3474 -1295.0000000000
3539 -1294.0000000000
3544 -1292.0000000000
3554 -1289.0000000000
3618 -1288.0000000000
3635 -1287.0000000000
3642 -1282.0000000000
3656 -1281.0000000000
3755 -1280.0000000000
3793 -1277.0000000000
3804 -1275.0000000000
3860 -1274.0000000000
3870 -1271.0000000000
3922 -1270.0000000000
3933 -1268.0000000000
3952 -1267.0000000000
4017 -1265.0000000000
4028 -1261.0000000000
4054 -1256.0000000000
4109 -1255.0000000000
4171 -1253.0000000000
4190 -1251.0000000000
4208 -1247.0000000000
4270 -1245.0000000000
4339 -1242.0000000000
4358 -1237.0000000000
4455 -1235.0000000000
4486 -1234.0000000000
4498 -1229.0000000000
4601 -1226.0000000000
4612 -1224.0000000000
4701 -1222.0000000000
4720 -1219.0000000000
4748 -1218.0000000000
4754 -1217.0000000000
4821 -1216.0000000000
4855 -1214.0000000000
4872 -1212.0000000000
4903 -1206.0000000000
4956 -1205.0000000000
5007 -1204.0000000000
5037 -1202.0000000000
5108 -1199.0000000000
5168 -1194.0000000000
5252 -1193.0000000000
5275 -1192.0000000000
5329 -1186.0000000000
5360 -1184.0000000000
5401 -1183.0000000000
5452 -1181.0000000000
5483 -1179.0000000000
5508 -1176.0000000000
5602 -1170.0000000000
5664 -1168.0000000000
5706 -1165.0000000000
5707 -1164.0000000000
5780 -1163.0000000000
5814 -1162.0000000000
5834 -1161.0000000000
5849 -1160.0000000000
5863 -1159.0000000000
5921 -1158.0000000000
5954 -1156.0000000000
5963 -1155.0000000000
6001 -1152.0000000000
6033 -1150.0000000000
6066 -1148.0000000000
6092 -1147.0000000000
6116 -1145.0000000000
6256 -1141.0000000000
6314 -1140.0000000000
6327 -1138.0000000000
6371 -1137.0000000000
6425 -1136.0000000000
6428 -1135.0000000000
6432 -1133.0000000000
6474 -1132.0000000000
6522 -1129.0000000000
6553 -1127.0000000000
6605 -1125.0000000000
6688 -1123.0000000000
6713 -1118.0000000000
6872 -1117.0000000000
6877 -1116.0000000000
6885 -1113.0000000000
6945 -1112.0000000000
6973 -1110.0000000000
7009 -1109.0000000000
7076 -1107.0000000000
7105 -1105.0000000000
7165 -1103.0000000000
7204 -1102.0000000000
7213 -1101.0000000000
7225 -1100.0000000000
7268 -1099.0000000000
7295 -1098.0000000000
7309 -1097.0000000000
7356 -1096.0000000000
7431 -1094.0000000000
7441 -1092.0000000000
7474 -1088.0000000000
7482 -1087.0000000000
7512 -1086.0000000000
7582 -1085.0000000000
7611 -1082.0000000000
7653 -1081.0000000000
7728 -1080.0000000000
7749 -1079.0000000000
7755 -1072.0000000000
7909 -1069.0000000000
7977 -1068.0000000000
8007 -1067.0000000000
8063 -1066.0000000000
8079 -1063.0000000000
8145 -1061.0000000000
8209 -1060.0000000000
8265 -1059.0000000000
8298 -1058.0000000000
8313 -1057.0000000000
8314 -1056.0000000000
8324 -1055.0000000000
8332 -1054.0000000000
8351 -1053.0000000000
8353 -1052.0000000000
8371 -1050.0000000000
8418 -1049.0000000000
8457 -1047.0000000000
8524 -1044.0000000000
8571 -1043.0000000000
8621 -1040.0000000000
8636 -1036.0000000000
8754 -1035.0000000000
8757 -1033.0000000000
8810 -1032.0000000000
8822 -1030.0000000000
8892 -1029.0000000000
8901 -1028.0000000000
8928 -1027.0000000000
8960 -1023.0000000000
9054 -1022.0000000000
9100 -1021.0000000000
9102 -1020.0000000000
9116 -1018.0000000000
9166 -1016.0000000000
9202 -1012.0000000000
9296 -1011.0000000000
9318 -1009.0000000000
9379 -1008.0000000000
9408 -1006.0000000000
9419 -1004.0000000000
9508 -1002.0000000000
9559 -998.0000000000
9655 -996.0000000000
9680 -995.0000000000
9704 -994.0000000000
9710 -991.0000000000
9853 -990.0000000000
9855 -983.0000000000
9956 -978.0000000000
10000 -990.0000000000
evaluations raw_y
1 -2025.0000000000
3 -2016.0000000000
7 -1994.0000000000
9 -1989.0000000000
14 -1943.0000000000
65 -1937.0000000000
120 -1921.0000000000
159 -1916.0000000000
201 -1904.0000000000
205 -1881.0000000000
226 -1875.0000000000
261 -1873.0000000000
276 -1864.0000000000
302 -1863.0000000000
303 -1859.0000000000
305 -1855.0000000000
323 -1845.0000000000
328 -1835.0000000000
381 -1834.0000000000
388 -1823.0000000000
420 -1803.0000000000
456 -1788.0000000000
510 -1787.0000000000
512 -1780.0000000000
560 -1775.0000000000
574 -1767.0000000000
578 -1762.0000000000
604 -1761.0000000000
616 -1754.0000000000
651 -1752.0000000000
659 -1733.0000000000
666 -1729.0000000000
723 -1728.0000000000
753 -1726.0000000000
754 -1723.0000000000
758 -1713.0000000000
776 -1710.0000000000
803 -1708.0000000000
805 -1703.0000000000
856 -1696.0000000000
868 -1691.0000000000
905 -1687.0000000000
951 -1684.0000000000
955 -1671.0000000000
957 -1650.0000000000
1001 -1637.0000000000
1064 -1636.0000000000
1123 -1629.0000000000
1154 -1618.0000000000
1214 -1616.0000000000
1221 -1609.0000000000
1260 -1596.0000000000
1262 -1595.0000000000
1318 -1594.0000000000
1330 -1589.0000000000
1355 -1587.0000000000
1365 -1576.0000000000
1374 -1575.0000000000
1387 -1567.0000000000
1465 -1560.0000000000
1472 -1549.0000000000
1555 -1544.0000000000
1599 -1539.0000000000
1602 -1537.0000000000
1651 -1536.0000000000
1653 -1533.0000000000
1683 -1526.0000000000
1694 -1520.0000000000
1729 -1519.0000000000
1733 -1516.0000000000
1756 -1509.0000000000
1770 -1502.0000000000
1812 -1501.0000000000
1826 -1500.0000000000
1867 -1499.0000000000
1899 -1495.0000000000
1900 -1492.0000000000
1912 -1489.0000000000
1926 -1487.0000000000
1962 -1482.0000000000
2002 -1481.0000000000
2011 -1477.0000000000
2021 -1475.0000000000
2025 -1471.0000000000
2054 -1470.0000000000
2066 -1463.0000000000
2093 -1461.0000000000
2141 -1457.0000000000
2163 -1451.0000000000
2211 -1447.0000000000
2226 -1442.0000000000
2272 -1436.0000000000
2310 -1426.0000000000
2436 -1416.0000000000
2502 -1411.0000000000
2554 -1407.0000000000
2597 -1400.0000000000
2644 -1398.0000000000
2714 -1394.0000000000
2775 -1390.0000000000
2829 -1389.0000000000
2855 -1387.0000000000
2866 -1383.0000000000
2907 -1381.0000000000
2939 -1373.0000000000
3055 -1371.0000000000
3065 -1370.0000000000
3075 -1368.0000000000
3082 -1365.0000000000
3155 -1363.0000000000
3201 -1361.0000000000
3240 -1360.0000000000
3248 -1357.0000000000
3271 -1354.0000000000
3322 -1353.0000000000
3328 -1351.0000000000
3394 -1348.0000000000
3410 -1346.0000000000
3423 -1339.0000000000
3467 -1338.0000000000
3496 -1337.0000000000
3563 -1334.0000000000
3601 -1333.0000000000
3616 -1332.0000000000
3654 -1330.0000000000
3706 -1328.0000000000
3737 -1327.0000000000
3769 -1325.0000000000
3804 -1321.0000000000
3844 -1318.0000000000
3866 -1317.0000000000
3870 -1315.0000000000
3960 -1313.0000000000
3967 -1311.0000000000
4012 -1310.0000000000
4051 -1309.0000000000
4061 -1308.0000000000
4082 -1306.0000000000
4093 -1304.0000000000
4149 -1303.0000000000
4164 -1301.0000000000
4174 -1300.0000000000
4192 -1299.0000000000
4236 -1298.0000000000
4261 -1297.0000000000
4275 -1292.0000000000
4406 -1291.0000000000
4419 -1286.0000000000
4469 -1285.0000000000
4499 -1282.0000000000
4569 -1281.0000000000
4579 -1280.0000000000
4658 -1279.0000000000
4688 -1278.0000000000
4701 -1277.0000000000
4716 -1276.0000000000
4760 -1274.0000000000
4794 -1272.0000000000
4837 -1271.0000000000
4844 -1268.0000000000
4912 -1267.0000000000
4930 -1265.0000000000
4971 -1263.0000000000
5004 -1262.0000000000
5016 -1261.0000000000
5074 -1258.0000000000
5155 -1257.0000000000
5230 -1256.0000000000
5257 -1255.0000000000
5264 -1253.0000000000
5297 -1248.0000000000
5367 -1245.0000000000
5452 -1244.0000000000
5488 -1242.0000000000
5504 -1240.0000000000
5580 -1239.0000000000
5607 -1237.0000000000
5624 -1235.0000000000
5625 -1233.0000000000
5729 -1230.0000000000
5796 -1228.0000000000
5819 -1226.0000000000
5862 -1224.0000000000
5879 -1223.0000000000
5922 -1221.0000000000
5954 -1218.0000000000
6021 -1216.0000000000
6057 -1213.0000000000
6153 -1211.0000000000
6170 -1210.0000000000
6175 -1208.0000000000
6190 -1202.0000000000
6322 -1200.0000000000
6334 -1199.0000000000
6361 -1196.0000000000
6402 -1193.0000000000
6464 -1191.0000000000
6470 -1189.0000000000
6519 -1188.0000000000
6540 -1185.0000000000
6640 -1184.0000000000
6651 -1183.0000000000
6661 -1180.0000000000
6726 -1178.0000000000
6748 -1177.0000000000
6762 -1176.0000000000
6800 -1174.0000000000
6802 -1173.0000000000
6851 -1172.0000000000
6877 -1171.0000000000
6904 -1169.0000000000
6914 -1168.0000000000
6961 -1167.0000000000
7006 -1164.0000000000
7052 -1162.0000000000
7124 -1160.0000000000
7137 -1159.0000000000
7190 -1158.0000000000
7199 -1157.0000000000
7204 -1156.0000000000
7208 -1153.0000000000
7274 -1152.0000000000
7303 -1150.0000000000
7335 -1149.0000000000
7384 -1145.0000000000
7405 -1144.0000000000
7481 -1143.0000000000
7520 -1142.0000000000
7548 -1141.0000000000
7587 -1140.0000000000
7602 -1133.0000000000
7729 -1127.0000000000
7815 -1126.0000000000
7826 -1125.0000000000
7856 -1124.0000000000
7890 -1123.0000000000
7907 -1122.0000000000
7923 -1121.0000000000
7979 -1120.0000000000
8011 -1119.0000000000
8013 -1117.0000000000
8063 -1114.0000000000
8132 -1109.0000000000
8209 -1107.0000000000
8232 -1104.0000000000
8309 -1100.0000000000
8405 -1099.0000000000
8460 -1097.0000000000
8491 -1096.0000000000
8518 -1094.0000000000
8564 -1092.0000000000
8612 -1091.0000000000
8625 -1090.0000000000
8637 -1088.0000000000
8651 -1087.0000000000
8702 -1084.0000000000
8810 -1083.0000000000
8813 -1080.0000000000
8875 -1079.0000000000
8919 -1077.0000000000
8945 -1072.0000000000
9059 -1070.0000000000
9137 -1069.0000000000
9144 -1067.0000000000
9154 -1064.0000000000
9251 -1062.0000000000
9305 -1057.0000000000
9412 -1055.0000000000
9491 -1052.0000000000
9523 -1048.0000000000
9571 -1047.0000000000
9618 -1045.0000000000
9697 -1043.0000000000
9733 -1042.0000000000
9758 -1039.0000000000
9807 -1037.0000000000
9823 -1036.0000000000
9863 -1035.0000000000
9902 -1033.0000000000
9935 -1032.0000000000
10000 -1037.0000000000
evaluations raw_y
1 -2012.0000000000
3 -1979.0000000000
23 -1947.0000000000
55 -1946.0000000000
57 -1942.0000000000
80 -1925.0000000000
122 -1924.0000000000
126 -1923.0000000000
157 -1916.0000000000
169 -1906.0000000000
171 -1902.0000000000
183 -1895.0000000000
206 -1875.0000000000
212 -1869.0000000000
270 -1865.0000000000
271 -1861.0000000000
306 -1850.0000000000
371 -1839.0000000000
393 -1826.0000000000
402 -1810.0000000000
461 -1794.0000000000
507 -1769.0000000000
581 -1761.0000000000
613 -1759.0000000000
655 -1752.0000000000
667 -1745.0000000000
679 -1742.0000000000
695 -1739.0000000000
718 -1720.0000000000
751 -1716.0000000000
758 -1714.0000000000
803 -1709.0000000000
804 -1699.0000000000
829 -1696.0000000000
851 -1688.0000000000
904 -1671.0000000000
915 -1666.0000000000
928 -1664.0000000000
962 -1660.0000000000
964 -1656.0000000000
1044 -1654.0000000000
1052 -1646.0000000000
1058 -1633.0000000000
1143 -1629.0000000000
1155 -1621.0000000000
1162 -1617.0000000000
1199 -1616.0000000000
1214 -1600.0000000000
1254 -1597.0000000000
1273 -1596.0000000000
1303 -1582.0000000000
1355 -1576.0000000000
1409 -1560.0000000000
1422 -1559.0000000000
1485 -1555.0000000000
1490 -1553.0000000000
1503 -1550.0000000000
1519 -1546.0000000000
1527 -1545.0000000000
1556 -1531.0000000000
1634 -1525.0000000000
1677 -1524.0000000000
1709 -1523.0000000000
1739 -1512.0000000000
1756 -1510.0000000000
1764 -1505.0000000000
1798 -1503.0000000000
1810 -1496.0000000000
1870 -1492.0000000000
1882 -1490.0000000000
1907 -1486.0000000000
1954 -1484.0000000000
1987 -1483.0000000000
2009 -1470.0000000000
2053 -1466.0000000000
2106 -1453.0000000000
2165 -1448.0000000000
2254 -1446.0000000000
2285 -1445.0000000000
2295 -1444.0000000000
2299 -1436.0000000000
2329 -1433.0000000000
2384 -1428.0000000000
2391 -1421.0000000000
2399 -1418.0000000000
2420 -1417.0000000000
2468 -1415.0000000000
2486 -1412.0000000000
2512 -1409.0000000000
2514 -1408.0000000000
2530 -1406.0000000000
2555 -1403.0000000000
2619 -1400.0000000000
2685 -1390.0000000000
2711 -1387.0000000000
2754 -1382.0000000000
2854 -1370.0000000000
2916 -1369.0000000000
2963 -1359.0000000000
3051 -1355.0000000000
3090 -1349.0000000000
3135 -1342.0000000000
3228 -1337.0000000000
3287 -1335.0000000000
3328 -1322.0000000000
3416 -1321.0000000000
3520 -1320.0000000000
3548 -1319.0000000000
3552 -1318.0000000000
3554 -1313.0000000000
3629 -1312.0000000000
3694 -1310.0000000000
3713 -1307.0000000000
3738 -1306.0000000000
3753 -1305.0000000000
3852 -1303.0000000000
3881 -1299.0000000000
3903 -1296.0000000000
3965 -1295.0000000000
3989 -1294.0000000000
4002 -1293.0000000000
4037 -1292.0000000000
4040 -1291.0000000000
4063 -1289.0000000000
4117 -1282.0000000000
4163 -1281.0000000000
4174 -1280.0000000000
4206 -1279.0000000000
4253 -1277.0000000000
4275 -1274.0000000000
4359 -1270.0000000000
4404 -1268.0000000000
4462 -1267.0000000000
4465 -1265.0000000000
4552 -1263.0000000000
4554 -1261.0000000000
4613 -1260.0000000000
4635 -1259.0000000000
4637 -1257.0000000000
4666 -1254.0000000000
4686 -1253.0000000000
4764 -1251.0000000000
4804 -1250.0000000000
4837 -1249.0000000000
4901 -1248.0000000000
4924 -1247.0000000000
4964 -1246.0000000000
4977 -1244.0000000000
4994 -1242.0000000000
5031 -1238.0000000000
5116 -1237.0000000000
5156 -1236.0000000000
5196 -1234.0000000000
5233 -1233.0000000000
5291 -1232.0000000000
5292 -1229.0000000000
5333 -1228.0000000000
5360 -1227.0000000000
5418 -1226.0000000000
5428 -1225.0000000000
5458 -1223.0000000000
5484 -1219.0000000000
5577 -1218.0000000000
5607 -1217.0000000000
5617 -1214.0000000000
5708 -1213.0000000000
5713 -1212.0000000000
5714 -1210.0000000000
5758 -1206.0000000000
5851 -1205.0000000000
5853 -1203.0000000000
5896 -1200.0000000000
5952 -1197.0000000000
5983 -1195.0000000000
6035 -1194.0000000000
6091 -1192.0000000000
6102 -1190.0000000000
6110 -1189.0000000000
6169 -1186.0000000000
6206 -1185.0000000000
6251 -1183.0000000000
6303 -1182.0000000000
6307 -1181.0000000000
6326 -1179.0000000000
6384 -1175.0000000000
6423 -1171.0000000000
6554 -1166.0000000000
6624 -1165.0000000000
6657 -1161.0000000000
6734 -1159.0000000000
6771 -1158.0000000000
6816 -1157.0000000000
6855 -1156.0000000000
6889 -1155.0000000000
6901 -1154.0000000000
6936 -1152.0000000000
6961 -1149.0000000000
7013 -1146.0000000000
7060 -1143.0000000000
7085 -1141.0000000000
7172 -1140.0000000000
7191 -1139.0000000000
7210 -1137.0000000000
7217 -1135.0000000000
7268 -1133.0000000000
7303 -1132.0000000000
7359 -1125.0000000000
7433 -1123.0000000000
7479 -1122.0000000000
7483 -1121.0000000000
7509 -1119.0000000000
7616 -1117.0000000000
7672 -1115.0000000000
7759 -1114.0000000000
7782 -1113.0000000000
7804 -1110.0000000000
7866 -1106.0000000000
7910 -1103.0000000000
7965 -1102.0000000000
8019 -1101.0000000000
8024 -1100.0000000000
8026 -1097.0000000000
8172 -1096.0000000000
8183 -1095.0000000000
8194 -1092.0000000000
8205 -1091.0000000000
8314 -1088.0000000000
8366 -1086.0000000000
8403 -1085.0000000000
8422 -1084.0000000000
8447 -1083.0000000000
8466 -1082.0000000000
8518 -1079.0000000000
8561 -1076.0000000000
8612 -1073.0000000000
8689 -1071.0000000000
8757 -1070.0000000000
8790 -1068.0000000000
8814 -1066.0000000000
8873 -1065.0000000000
8911 -1063.0000000000
8967 -1062.0000000000
9008 -1060.0000000000
9022 -1059.0000000000
9032 -1057.0000000000
9103 -1055.0000000000
9129 -1054.0000000000
9178 -1051.0000000000
9210 -1050.0000000000
9252 -1048.0000000000
9287 -1044.0000000000
9388 -1043.0000000000
9422 -1042.0000000000
9468 -1041.0000000000
9502 -1039.0000000000
9531 -1038.0000000000
9606 -1037.0000000000
9607 -1036.0000000000
9640 -1033.0000000000
9678 -1030.0000000000
9712 -1022.0000000000
9823 -1019.0000000000
9878 -1018.0000000000
9906 -1017.0000000000
9978 -1015.0000000000
10000 -1021.0000000000
evaluations raw_y
1 -2060.0000000000
2 -2006.0000000000
7 -1955.0000000000
17 -1916.0000000000
69 -1910.0000000000
159 -1878.0000000000
245 -1877.0000000000
255 -1871.0000000000
276 -1870.0000000000
301 -1858.0000000000
330 -1852.0000000000
334 -1841.0000000000
351 -1813.0000000000
432 -1812.0000000000
451 -1809.0000000000
461 -1803.0000000000
501 -1800.0000000000
505 -1793.0000000000
530 -1780.0000000000
549 -1776.0000000000
602 -1770.0000000000
615 -1755.0000000000
653 -1754.0000000000
678 -1750.0000000000
686 -1746.0000000000
710 -1745.0000000000
711 -1717.0000000000
765 -1715.0000000000
826 -1710.0000000000
833 -1699.0000000000
846 -1689.0000000000
875 -1686.0000000000
877 -1677.0000000000
916 -1669.0000000000
968 -1665.0000000000
991 -1662.0000000000
1003 -1653.0000000000
1022 -1649.0000000000
1084 -1638.0000000000
1112 -1628.0000000000
1159 -1624.0000000000
1164 -1616.0000000000
1172 -1612.0000000000
1178 -1611.0000000000
1180 -1610.0000000000
1201 -1604.0000000000
1234 -1603.0000000000
1260 -1599.0000000000
1290 -1592.0000000000
1307 -1591.0000000000
1310 -1587.0000000000
1366 -1572.0000000000
1403 -1566.0000000000
1411 -1552.0000000000
1498 -1551.0000000000
1505 -1550.0000000000
1513 -1542.0000000000
1515 -1537.0000000000
1568 -1536.0000000000
1585 -1535.0000000000
1604 -1534.0000000000
1607 -1532.0000000000
1619 -1519.0000000000
1705 -1510.0000000000
1746 -1505.0000000000
1765 -1488.0000000000
1866 -1487.0000000000
1903 -1477.0000000000
1944 -1470.0000000000
2012 -1467.0000000000
2015 -1463.0000000000
2034 -1462.0000000000
2050 -1461.0000000000
2061 -1458.0000000000
2114 -1450.0000000000
2130 -1441.0000000000
2155 -1432.0000000000
2181 -1431.0000000000
2204 -1428.0000000000
2254 -1415.0000000000
2325 -1406.0000000000
2428 -1401.0000000000
2455 -1398.0000000000
2462 -1397.0000000000
2506 -1396.0000000000
2528 -1392.0000000000
2554 -1391.0000000000
2562 -1387.0000000000
2583 -1384.0000000000
2601 -1378.0000000000
2696 -1374.0000000000
2701 -1367.0000000000
2713 -1364.0000000000
2764 -1362.0000000000
2802 -1355.0000000000
2883 -1354.0000000000
2915 -1353.0000000000
2918 -1350.0000000000
2949 -1347.0000000000
3008 -1344.0000000000
3010 -1343.0000000000
3056 -1341.0000000000
3060 -1339.0000000000
3066 -1338.0000000000
3099 -1331.0000000000
3185 -1329.0000000000
3196 -1328.0000000000
3203 -1327.0000000000
3222 -1318.0000000000
3320 -1315.0000000000
3353 -1314.0000000000
3371 -1312.0000000000
3403 -1310.0000000000
3455 -1301.0000000000
3556 -1297.0000000000
3635 -1295.0000000000
3659 -1294.0000000000
3712 -1291.0000000000
3733 -1289.0000000000
3782 -1284.0000000000
3828 -1282.0000000000
3880 -1279.0000000000
3918 -1278.0000000000
3951 -1276.0000000000
4004 -1274.0000000000
4017 -1272.0000000000
4053 -1271.0000000000
4055 -1270.0000000000
4096 -1269.0000000000
4103 -1263.0000000000
4186 -1262.0000000000
4232 -1257.0000000000
4299 -1255.0000000000
4367 -1254.0000000000
4395 -1251.0000000000
4411 -1250.0000000000
4428 -1248.0000000000
4454 -1244.0000000000
4509 -1243.0000000000
4514 -1242.0000000000
4552 -1241.0000000000
4575 -1240.0000000000
4625 -1238.0000000000
4633 -1237.0000000000
4714 -1236.0000000000
4763 -1235.0000000000
4776 -1231.0000000000
4849 -1230.0000000000
4865 -1229.0000000000
4869 -1227.0000000000
4901 -1224.0000000000
4930 -1222.0000000000
4980 -1220.0000000000
5002 -1219.0000000000
5069 -1218.0000000000
5072 -1214.0000000000
5108 -1213.0000000000
5154 -1212.0000000000
5159 -1210.0000000000
5219 -1209.0000000000
5269 -1207.0000000000
5312 -1203.0000000000
5360 -1201.0000000000
5367 -1197.0000000000
5421 -1195.0000000000
5467 -1190.0000000000
5531 -1187.0000000000
5596 -1184.0000000000
5659 -1183.0000000000
5725 -1180.0000000000
5749 -1178.0000000000
5763 -1177.0000000000
5776 -1175.0000000000
5826 -1174.0000000000
5880 -1171.0000000000
5903 -1170.0000000000
5945 -1169.0000000000
5953 -1167.0000000000
5972 -1166.0000000000
6031 -1162.0000000000
6054 -1160.0000000000
6151 -1157.0000000000
6168 -1156.0000000000
6206 -1155.0000000000
6210 -1152.0000000000
6280 -1151.0000000000
6314 -1149.0000000000
6379 -1148.0000000000
6392 -1147.0000000000
6419 -1146.0000000000
6425 -1145.0000000000
6430 -1140.0000000000
6472 -1138.0000000000
6574 -1137.0000000000
6584 -1136.0000000000
6605 -1135.0000000000
6618 -1134.0000000000
6631 -1133.0000000000
6689 -1132.0000000000
6732 -1128.0000000000
6803 -1127.0000000000
6816 -1126.0000000000
6860 -1121.0000000000
6929 -1119.0000000000
6988 -1118.0000000000
7029 -1117.0000000000
7090 -1116.0000000000
7105 -1113.0000000000
7173 -1110.0000000000
7217 -1109.0000000000
7218 -1108.0000000000
7221 -1105.0000000000
7320 -1103.0000000000
7361 -1100.0000000000
7423 -1095.0000000000
7482 -1094.0000000000
7545 -1093.0000000000
7554 -1089.0000000000
7613 -1087.0000000000
7640 -1086.0000000000
7664 -1085.0000000000
7705 -1083.0000000000
7759 -1082.0000000000
7809 -1081.0000000000
7819 -1080.0000000000
7823 -1079.0000000000
7830 -1078.0000000000
7858 -1074.0000000000
7902 -1071.0000000000
8004 -1069.0000000000
8062 -1068.0000000000
8083 -1067.0000000000
8102 -1065.0000000000
8230 -1063.0000000000
8288 -1061.0000000000
8340 -1060.0000000000
8357 -1059.0000000000
8367 -1056.0000000000
8469 -1054.0000000000
8542 -1052.0000000000
8544 -1051.0000000000
8599 -1050.0000000000
8622 -1048.0000000000
8661 -1047.0000000000
8767 -1046.0000000000
8797 -1045.0000000000
8799 -1044.0000000000
8804 -1042.0000000000
8845 -1041.0000000000
8862 -1040.0000000000
8897 -1039.0000000000
8901 -1037.0000000000
8943 -1036.0000000000
8957 -1033.0000000000
9015 -1032.0000000000
9071 -1028.0000000000
9143 -1025.0000000000
9217 -1021.0000000000
9293 -1018.0000000000
9336 -1016.0000000000
9392 -1015.0000000000
9440 -1013.0000000000
9475 -1011.0000000000
9537 -1010.0000000000
9577 -1007.0000000000
9630 -1006.0000000000
9670 -1003.0000000000
9763 -1002.0000000000
9815 -999.0000000000
9880 -998.0000000000
9906 -995.0000000000
10000 -1000.0000000000
evaluations raw_y
1 -1973.0000000000
4 -1969.0000000000
5 -1965.0000000000
14 -1925.0000000000
61 -1920.0000000000
105 -1890.0000000000
152 -1859.0000000000
180 -1853.0000000000
266 -1850.0000000000
283 -1822.0000000000
359 -1800.0000000000
387 -1799.0000000000
420 -1790.0000000000
445 -1785.0000000000
480 -1775.0000000000
494 -1765.0000000000
503 -1751.0000000000
560 -1746.0000000000
601 -1721.0000000000
691 -1712.0000000000
707 -1707.0000000000
720 -1698.0000000000
768 -1691.0000000000
825 -1678.0000000000
865 -1671.0000000000
904 -1664.0000000000
930 -1655.0000000000
951 -1632.0000000000
1006 -1628.0000000000
1052 -1627.0000000000
1063 -1621.0000000000
1094 -1616.0000000000
1102 -1596.0000000000
1173 -1595.0000000000
1177 -1593.0000000000
1206 -1592.0000000000
1210 -1588.0000000000
1213 -1584.0000000000
1219 -1577.0000000000
1257 -1552.0000000000
1331 -1551.0000000000
1370 -1543.0000000000
1432 -1534.0000000000
1451 -1531.0000000000
1458 -1524.0000000000
1490 -1521.0000000000
1553 -1520.0000000000
1559 -1519.0000000000
1574 -1516.0000000000
1596 -1513.0000000000
1617 -1510.0000000000
1618 -1504.0000000000
1668 -1502.0000000000
1703 -1499.0000000000
1721 -1494.0000000000
1789 -1490.0000000000
1796 -1487.0000000000
1816 -1484.0000000000
1853 -1461.0000000000
1904 -1458.0000000000
1997 -1450.0000000000
2057 -1448.0000000000
2066 -1443.0000000000
2102 -1434.0000000000
2131 -1432.0000000000
2154 -1428.0000000000
2160 -1422.0000000000
2220 -1420.0000000000
2247 -1415.0000000000
2272 -1414.0000000000
2275 -1409.0000000000
2325 -1404.0000000000
2365 -1400.0000000000
2388 -1398.0000000000
2455 -1396.0000000000
2462 -1392.0000000000
2465 -1384.0000000000
2527 -1383.0000000000
2581 -1382.0000000000
2588 -1370.0000000000
2613 -1368.0000000000
2630 -1365.0000000000
2753 -1364.0000000000
2756 -1350.0000000000
2831 -1348.0000000000
2889 -1347.0000000000
2915 -1346.0000000000
2916 -1344.0000000000
2958 -1343.0000000000
2959 -1339.0000000000
3016 -1335.0000000000
3064 -1334.0000000000
3081 -1331.0000000000
3114 -1330.0000000000
3170 -1326.0000000000
3204 -1324.0000000000
3240 -1322.0000000000
3256 -1320.0000000000
3281 -1318.0000000000
3301 -1317.0000000000
3314 -1315.0000000000
3364 -1311.0000000000
3407 -1310.0000000000
3421 -1306.0000000000
3488 -1305.0000000000
3511 -1301.0000000000
3599 -1300.0000000000
3642 -1296.0000000000
3652 -1291.0000000000
3702 -1290.0000000000
3760 -1285.0000000000
3803 -1282.0000000000
3860 -1280.0000000000
3913 -1278.0000000000
3960 -1277.0000000000
3995 -1274.0000000000
4053 -1273.0000000000
4055 -1271.0000000000
4149 -1267.0000000000
4178 -1264.0000000000
4241 -1263.0000000000
4269 -1260.0000000000
4320 -1259.0000000000
4322 -1258.0000000000
4362 -1257.0000000000
4404 -1255.0000000000
4436 -1252.0000000000
4465 -1250.0000000000
4558 -1249.0000000000
4559 -1243.0000000000
4698 -1242.0000000000
4708 -1240.0000000000
4762 -1237.0000000000
4810 -1234.0000000000
4826 -1233.0000000000
4868 -1231.0000000000
4956 -1229.0000000000
4972 -1224.0000000000
5108 -1221.0000000000
5190 -1220.0000000000
5205 -1218.0000000000
5206 -1216.0000000000
5302 -1215.0000000000
5335 -1214.0000000000
5352 -1213.0000000000
5387 -1211.0000000000
5424 -1208.0000000000
5487 -1205.0000000000
5557 -1203.0000000000
5579 -1201.0000000000
5619 -1200.0000000000
5624 -1199.0000000000
5662 -1197.0000000000
5664 -1196.0000000000
5675 -1195.0000000000
5723 -1194.0000000000
5750 -1193.0000000000
5802 -1192.0000000000
5809 -1191.0000000000
5827 -1190.0000000000
5828 -1189.0000000000
5912 -1187.0000000000
5962 -1186.0000000000
5989 -1185.0000000000
5996 -1184.0000000000
6009 -1181.0000000000
6052 -1180.0000000000
6063 -1178.0000000000
6073 -1177.0000000000
6121 -1176.0000000000
6202 -1175.0000000000
6212 -1174.0000000000
6216 -1171.0000000000
6291 -1170.0000000000
6310 -1168.0000000000
6360 -1167.0000000000
6361 -1166.0000000000
6382 -1165.0000000000
6392 -1164.0000000000
6415 -1159.0000000000
6490 -1156.0000000000
6561 -1155.0000000000
6576 -1154.0000000000
6630 -1153.0000000000
6657 -1151.0000000000
6691 -1148.0000000000
6714 -1144.0000000000
6797 -1143.0000000000
6809 -1140.0000000000
6916 -1138.0000000000
6924 -1137.0000000000
6925 -1136.0000000000
6974 -1135.0000000000
7003 -1133.0000000000
7023 -1132.0000000000
7056 -1130.0000000000
7079 -1129.0000000000
7107 -1128.0000000000
7154 -1125.0000000000
7207 -1124.0000000000
7234 -1123.0000000000
7281 -1120.0000000000
7332 -1119.0000000000
7334 -1117.0000000000
7355 -1116.0000000000
7433 -1114.0000000000
7474 -1112.0000000000
7512 -1111.0000000000
7551 -1110.0000000000
7562 -1106.0000000000
7566 -1105.0000000000
7658 -1104.0000000000
7674 -1103.0000000000
7702 -1100.0000000000
7743 -1098.0000000000
7793 -1097.0000000000
7809 -1095.0000000000
7848 -1094.0000000000
7882 -1092.0000000000
7905 -1089.0000000000
7972 -1088.0000000000
7973 -1085.0000000000
8038 -1080.0000000000
8086 -1079.0000000000
8151 -1076.0000000000
8243 -1072.0000000000
8340 -1068.0000000000
8395 -1066.0000000000
8438 -1065.0000000000
8491 -1064.0000000000
8505 -1063.0000000000
8558 -1062.0000000000
8580 -1061.0000000000
8607 -1059.0000000000
8649 -1057.0000000000
8671 -1055.0000000000
8771 -1054.0000000000
8773 -1053.0000000000
8827 -1051.0000000000
8859 -1050.0000000000
8869 -1049.0000000000
8902 -1046.0000000000
8952 -1042.0000000000
9083 -1041.0000000000
9108 -1040.0000000000
9111 -1039.0000000000
9120 -1038.0000000000
9179 -1037.0000000000
9190 -1036.0000000000
9236 -1033.0000000000
9272 -1032.0000000000
9326 -1031.0000000000
9380 -1030.0000000000
9422 -1027.0000000000
9504 -1026.0000000000
9515 -1025.0000000000
9565 -1022.0000000000
9631 -1021.0000000000
9684 -1019.0000000000
9735 -1017.0000000000
9758 -1016.0000000000
9790 -1014.0000000000
9821 -1013.0000000000
9877 -1007.0000000000
10000 -1016.0000000000
evaluations raw_y
1 -1996.0000000000
8 -1964.0000000000
29 -1961.0000000000
34 -1904.0000000000
130 -1891.0000000000
172 -1886.0000000000
205 -1871.0000000000
237 -1861.0000000000
251 -1853.0000000000
311 -1829.0000000000
355 -1808.0000000000
424 -1796.0000000000
454 -1792.0000000000
476 -1780.0000000000
572 -1768.0000000000
600 -1767.0000000000
601 -1757.0000000000
603 -1755.0000000000
662 -1753.0000000000
667 -1749.0000000000
698 -1747.0000000000
707 -1734.0000000000
708 -1727.0000000000
729 -1723.0000000000
755 -1703.0000000000
829 -1695.0000000000
854 -1692.0000000000
909 -1661.0000000000
981 -1656.0000000000
1036 -1652.0000000000
1052 -1646.0000000000
1083 -1631.0000000000
1143 -1614.0000000000
1220 -1604.0000000000
1291 -1592.0000000000
1333 -1590.0000000000
1344 -1586.0000000000
1351 -1585.0000000000
1359 -1579.0000000000
1442 -1575.0000000000
1454 -1572.0000000000
1464 -1561.0000000000
1501 -1556.0000000000
1575 -1550.0000000000
1596 -1548.0000000000
1597 -1539.0000000000
1641 -1527.0000000000
1730 -1513.0000000000
1808 -1510.0000000000
1826 -1507.0000000000
1840 -1498.0000000000
1902 -1496.0000000000
1913 -1492.0000000000
1953 -1488.0000000000
1956 -1487.0000000000
1958 -1477.0000000000
2051 -1472.0000000000
2089 -1470.0000000000
2109 -1465.0000000000
2114 -1464.0000000000
2115 -1463.0000000000
2155 -1456.0000000000
2174 -1455.0000000000
2176 -1451.0000000000
2216 -1449.0000000000
2249 -1447.0000000000
2269 -1444.0000000000
2279 -1438.0000000000
2318 -1425.0000000000
2438 -1424.0000000000
2454 -1411.0000000000
2508 -1406.0000000000
2603 -1398.0000000000
2688 -1394.0000000000
2728 -1393.0000000000
2752 -1391.0000000000
2754 -1383.0000000000
2818 -1379.0000000000
2861 -1378.0000000000
2881 -1377.0000000000
2912 -1376.0000000000
2935 -1374.0000000000
2954 -1370.0000000000
2966 -1364.0000000000
3001 -1363.0000000000
3020 -1360.0000000000
3114 -1359.0000000000
3116 -1357.0000000000
3120 -1353.0000000000
3143 -1349.0000000000
3166 -1347.0000000000
3207 -1345.0000000000
3221 -1343.0000000000
3251 -1340.0000000000
3302 -1330.0000000000
3409 -1324.0000000000
3451 -1321.0000000000
3543 -1318.0000000000
3552 -1316.0000000000
3573 -1313.0000000000
3651 -1309.0000000000
3687 -1307.0000000000
3744 -1306.0000000000
3767 -1305.0000000000
3791 -1303.0000000000
3815 -1298.0000000000
3884 -1297.0000000000
3891 -1296.0000000000
3901 -1295.0000000000
3906 -1293.0000000000
3965 -1291.0000000000
3998 -1290.0000000000
4001 -1289.0000000000
4006 -1288.0000000000
4046 -1287.0000000000
4063 -1285.0000000000
4112 -1284.0000000000
4118 -1280.0000000000
4199 -1279.0000000000
4208 -1278.0000000000
4209 -1277.0000000000
4240 -1275.0000000000
4259 -1271.0000000000
4276 -1267.0000000000
4302 -1266.0000000000
4399 -1261.0000000000
4422 -1260.0000000000
4450 -1257.0000000000
4550 -1254.0000000000
4560 -1249.0000000000
4669 -1247.0000000000
4685 -1243.0000000000
4731 -1241.0000000000
4783 -1239.0000000000
4831 -1238.0000000000
4871 -1235.0000000000
4916 -1234.0000000000
4945 -1231.0000000000
4957 -1229.0000000000
4968 -1228.0000000000
5085 -1225.0000000000
5103 -1219.0000000000
5203 -1217.0000000000
5256 -1215.0000000000
5273 -1214.0000000000
5301 -1209.0000000000
5372 -1208.0000000000
5414 -1201.0000000000
5533 -1197.0000000000
5542 -1195.0000000000
5564 -1194.0000000000
5655 -1193.0000000000
5657 -1192.0000000000
5698 -1188.0000000000
5707 -1185.0000000000
5753 -1183.0000000000
5813 -1181.0000000000
5824 -1180.0000000000
5864 -1179.0000000000
5865 -1177.0000000000
5894 -1176.0000000000
5958 -1173.0000000000
6003 -1168.0000000000
6101 -1166.0000000000
6132 -1165.0000000000
6171 -1163.0000000000
6253 -1161.0000000000
6295 -1159.0000000000
6330 -1158.0000000000
6353 -1157.0000000000
6403 -1156.0000000000
6473 -1155.0000000000
6478 -1154.0000000000
6508 -1153.0000000000
6510 -1152.0000000000
6556 -1149.0000000000
6596 -1147.0000000000
6655 -1146.0000000000
6667 -1145.0000000000
6704 -1144.0000000000
6732 -1143.0000000000
6742 -1142.0000000000
6801 -1141.0000000000
6840 -1140.0000000000
6851 -1139.0000000000
6874 -1136.0000000000
6947 -1134.0000000000
6956 -1132.0000000000
6995 -1130.0000000000
7018 -1129.0000000000
7101 -1128.0000000000
7127 -1126.0000000000
7166 -1125.0000000000
7220 -1124.0000000000
7234 -1121.0000000000
7301 -1117.0000000000
7391 -1116.0000000000
7406 -1114.0000000000
7506 -1112.0000000000
7532 -1111.0000000000
7562 -1109.0000000000
7604 -1107.0000000000
7617 -1105.0000000000
7656 -1102.0000000000
7729 -1100.0000000000
7811 -1099.0000000000
7824 -1095.0000000000
7872 -1093.0000000000
7940 -1092.0000000000
7972 -1089.0000000000
8051 -1088.0000000000
8074 -1086.0000000000
8115 -1082.0000000000
8170 -1080.0000000000
8259 -1076.0000000000
8264 -1073.0000000000
8354 -1072.0000000000
8425 -1071.0000000000
8463 -1069.0000000000
8524 -1064.0000000000
8572 -1062.0000000000
8630 -1059.0000000000
8740 -1055.0000000000
8814 -1054.0000000000
8890 -1053.0000000000
8906 -1049.0000000000
8965 -1048.0000000000
9005 -1045.0000000000
9034 -1043.0000000000
9045 -1042.0000000000
9060 -1041.0000000000
9109 -1040.0000000000
9158 -1039.0000000000
9200 -1037.0000000000
9210 -1036.0000000000
9251 -1035.0000000000
9295 -1032.0000000000
9329 -1029.0000000000
9352 -1027.0000000000
9409 -1026.0000000000
9420 -1023.0000000000
9516 -1022.0000000000
9566 -1020.0000000000
9611 -1016.0000000000
9643 -1015.0000000000
9672 -1014.0000000000
9724 -1012.0000000000
9765 -1011.0000000000
9773 -1010.0000000000
9808 -1008.0000000000
9831 -1004.0000000000
9903 -1003.0000000000
9961 -1001.0000000000
10000 -1004.0000000000
evaluations raw_y
1 -1966.0000000000
4 -1952.0000000000
54 -1944.0000000000
71 -1943.0000000000
108 -1940.0000000000
118 -1926.0000000000
142 -1924.0000000000
149 -1913.0000000000
172 -1894.0000000000
213 -1886.0000000000
270 -1883.0000000000
278 -1868.0000000000
311 -1856.0000000000
322 -1854.0000000000
354 -1831.0000000000
410 -1824.0000000000
419 -1819.0000000000
425 -1804.0000000000
464 -1803.0000000000
479 -1800.0000000000
503 -1797.0000000000
508 -1792.0000000000
528 -1786.0000000000
570 -1783.0000000000
579 -1779.0000000000
583 -1768.0000000000
601 -1758.0000000000
639 -1740.0000000000
691 -1727.0000000000
730 -1726.0000000000
757 -1725.0000000000
773 -1718.0000000000
793 -1690.0000000000
911 -1682.0000000000
913 -1679.0000000000
926 -1677.0000000000
1001 -1666.0000000000
1004 -1664.0000000000
1006 -1662.0000000000
1035 -1659.0000000000
1050 -1657.0000000000
1054 -1656.0000000000
1067 -1647.0000000000
1119 -1639.0000000000
1156 -1635.0000000000
1170 -1633.0000000000
1193 -1618.0000000000
1227 -1603.0000000000
1282 -1597.0000000000
1354 -1586.0000000000
1361 -1585.0000000000
1406 -1578.0000000000
1415 -1572.0000000000
1422 -1571.0000000000
1437 -1567.0000000000
1502 -1560.0000000000
1505 -1555.0000000000
1510 -1553.0000000000
1550 -1551.0000000000
1574 -1550.0000000000
1591 -1543.0000000000
1592 -1542.0000000000
1602 -1541.0000000000
1616 -1535.0000000000
1657 -1533.0000000000
1668 -1529.0000000000
1671 -1523.0000000000
1720 -1515.0000000000
1760 -1502.0000000000
1832 -1500.0000000000
1862 -1496.0000000000
1888 -1495.0000000000
1903 -1494.0000000000
1940 -1492.0000000000
1958 -1490.0000000000
1963 -1489.0000000000
1994 -1485.0000000000
2054 -1483.0000000000
2077 -1476.0000000000
2108 -1473.0000000000
2122 -1470.0000000000
2153 -1469.0000000000
2206 -1465.0000000000
2215 -1461.0000000000
2216 -1457.0000000000
2217 -1453.0000000000
2309 -1452.0000000000
2317 -1449.0000000000
2318 -1446.0000000000
2405 -1445.0000000000
2406 -1444.0000000000
2424 -1441.0000000000
2454 -1440.0000000000
2457 -1439.0000000000
2462 -1438.0000000000
2470 -1436.0000000000
2472 -1435.0000000000
2479 -1430.0000000000
2549 -1424.0000000000
2574 -1423.0000000000
2620 -1422.0000000000
2621 -1416.0000000000
2660 -1414.0000000000
2662 -1413.0000000000
2668 -1409.0000000000
2707 -1408.0000000000
2734 -1407.0000000000
2756 -1402.0000000000
2812 -1391.0000000000
2955 -1387.0000000000
2962 -1386.0000000000
3007 -1385.0000000000
3044 -1377.0000000000
3068 -1376.0000000000
3082 -1373.0000000000
3123 -1369.0000000000
3153 -1366.0000000000
3246 -1365.0000000000
3264 -1364.0000000000
3275 -1362.0000000000
3287 -1361.0000000000
3312 -1360.0000000000
3314 -1356.0000000000
3355 -1353.0000000000
3364 -1352.0000000000
3413 -1350.0000000000
3418 -1348.0000000000
3455 -1347.0000000000
3504 -1345.0000000000
3507 -1343.0000000000
3582 -1342.0000000000
3593 -1341.0000000000
3609 -1340.0000000000
3619 -1339.0000000000
3647 -1336.0000000000
3669 -1335.0000000000
3676 -1334.0000000000
3707 -1329.0000000000
3801 -1328.0000000000
3828 -1325.0000000000
3840 -1323.0000000000
3879 -1322.0000000000
3953 -1320.0000000000
3963 -1319.0000000000
4003 -1318.0000000000
4040 -1316.0000000000
4063 -1315.0000000000
4068 -1313.0000000000
4070 -1310.0000000000
4172 -1309.0000000000
4191 -1306.0000000000
4203 -1303.0000000000
4256 -1301.0000000000
4283 -1298.0000000000
4336 -1293.0000000000
4355 -1291.0000000000
4419 -1290.0000000000
4473 -1286.0000000000
4511 -1283.0000000000
4601 -1280.0000000000
4653 -1278.0000000000
4661 -1275.0000000000
4763 -1273.0000000000
4783 -1271.0000000000
4849 -1270.0000000000
4859 -1269.0000000000
4872 -1264.0000000000
4937 -1263.0000000000
4972 -1261.0000000000
5008 -1260.0000000000
5047 -1256.0000000000
5081 -1254.0000000000
5161 -1253.0000000000
5188 -1248.0000000000
5206 -1243.0000000000
5251 -1240.0000000000
5309 -1238.0000000000
5403 -1236.0000000000
5459 -1235.0000000000
5499 -1230.0000000000
5600 -1229.0000000000
5601 -1227.0000000000
5666 -1225.0000000000
5677 -1223.0000000000
5708 -1220.0000000000
5790 -1218.0000000000
5871 -1216.0000000000
5917 -1215.0000000000
5918 -1213.0000000000
5965 -1212.0000000000
5980 -1211.0000000000
6013 -1210.0000000000
6032 -1209.0000000000
6067 -1207.0000000000
6120 -1206.0000000000
6204 -1203.0000000000
6240 -1202.0000000000
6254 -1200.0000000000
6347 -1197.0000000000
6363 -1195.0000000000
6469 -1194.0000000000
6515 -1191.0000000000
6578 -1189.0000000000
6606 -1187.0000000000
6719 -1186.0000000000
6756 -1184.0000000000
6757 -1182.0000000000
6815 -1181.0000000000
6852 -1175.0000000000
6921 -1173.0000000000
6974 -1171.0000000000
6985 -1169.0000000000
6990 -1167.0000000000
7109 -1165.0000000000
7136 -1163.0000000000
7210 -1162.0000000000
7227 -1161.0000000000
7237 -1160.0000000000
7258 -1156.0000000000
7316 -1155.0000000000
7413 -1154.0000000000
7473 -1153.0000000000
7491 -1152.0000000000
7518 -1150.0000000000
7526 -1149.0000000000
7547 -1148.0000000000
7643 -1146.0000000000
7657 -1145.0000000000
7674 -1144.0000000000
7709 -1140.0000000000
7777 -1139.0000000000
7835 -1138.0000000000
7840 -1133.0000000000
7920 -1132.0000000000
7957 -1131.0000000000
7963 -1129.0000000000
8009 -1127.0000000000
8076 -1124.0000000000
8119 -1123.0000000000
8192 -1122.0000000000
8216 -1121.0000000000
8218 -1118.0000000000
8256 -1116.0000000000
8301 -1115.0000000000
8307 -1114.0000000000
8374 -1110.0000000000
8429 -1109.0000000000
8459 -1108.0000000000
8503 -1107.0000000000
8538 -1103.0000000000
8576 -1101.0000000000
8602 -1100.0000000000
8652 -1098.0000000000
8704 -1096.0000000000
8707 -1095.0000000000
8714 -1091.0000000000
8761 -1090.0000000000
8851 -1089.0000000000
8858 -1088.0000000000
8869 -1086.0000000000
8919 -1078.0000000000
9019 -1076.0000000000
9154 -1074.0000000000
9174 -1073.0000000000
9191 -1072.0000000000
9209 -1070.0000000000
9253 -1069.0000000000
9304 -1065.0000000000
9394 -1064.0000000000
9422 -1060.0000000000
9457 -1059.0000000000
9501 -1058.0000000000
9548 -1056.0000000000
9586 -1054.0000000000
9624 -1052.0000000000
9626 -1049.0000000000
9727 -1045.0000000000
9778 -1044.0000000000
9807 -1043.0000000000
9830 -1042.0000000000
9877 -1040.0000000000
9955 -1038.0000000000
10000 -1048.0000000000
evaluations raw_y
1 -2011.0000000000
2 -2004.0000000000
4 -1986.0000000000
5 -1973.0000000000
9 -1939.0000000000
44 -1933.0000000000
56 -1914.0000000000
110 -1908.0000000000
123 -1903.0000000000
151 -1900.0000000000
159 -1891.0000000000
179 -1887.0000000000
222 -1886.0000000000
225 -1875.0000000000
261 -1855.0000000000
308 -1849.0000000000
363 -1846.0000000000
369 -1825.0000000000
388 -1822.0000000000
407 -1818.0000000000
427 -1813.0000000000
441 -1805.0000000000
454 -1797.0000000000
504 -1796.0000000000
506 -1787.0000000000
525 -1785.0000000000
533 -1778.0000000000
547 -1766.0000000000
562 -1760.0000000000
576 -1756.0000000000
594 -1751.0000000000
616 -1743.0000000000
673 -1716.0000000000
780 -1706.0000000000
783 -1705.0000000000
804 -1698.0000000000
823 -1694.0000000000
830 -1682.0000000000
901 -1675.0000000000
907 -1671.0000000000
926 -1664.0000000000
952 -1650.0000000000
977 -1643.0000000000
1030 -1625.0000000000
1085 -1622.0000000000
1108 -1607.0000000000
1171 -1602.0000000000
1182 -1599.0000000000
1219 -1594.0000000000
1243 -1591.0000000000
1282 -1581.0000000000
1315 -1575.0000000000
1345 -1561.0000000000
1363 -1555.0000000000
1405 -1548.0000000000
1407 -1545.0000000000
1428 -1543.0000000000
1482 -1538.0000000000
1501 -1537.0000000000
1513 -1528.0000000000
1545 -1527.0000000000
1563 -1526.0000000000
1564 -1525.0000000000
1600 -1514.0000000000
1645 -1511.0000000000
1661 -1508.0000000000
1676 -1504.0000000000
1717 -1499.0000000000
1729 -1496.0000000000
1757 -1493.0000000000
1760 -1480.0000000000
1854 -1474.0000000000
1878 -1463.0000000000
1924 -1455.0000000000
1968 -1454.0000000000
1992 -1452.0000000000
2006 -1451.0000000000
2013 -1446.0000000000
2053 -1441.0000000000
2057 -1438.0000000000
2087 -1437.0000000000
2094 -1431.0000000000
2106 -1427.0000000000
2165 -1426.0000000000
2197 -1424.0000000000
2201 -1417.0000000000
2276 -1413.0000000000
2308 -1405.0000000000
2310 -1404.0000000000
2356 -1401.0000000000
2394 -1399.0000000000
2406 -1397.0000000000
2411 -1394.0000000000
2455 -1392.0000000000
2460 -1387.0000000000
2507 -1384.0000000000
2528 -1382.0000000000
2561 -1375.0000000000
2591 -1372.0000000000
2608 -1371.0000000000
2672 -1370.0000000000
2681 -1365.0000000000
2738 -1364.0000000000
2740 -1360.0000000000
2761 -1359.0000000000
2788 -1358.0000000000
2838 -1356.0000000000
2853 -1352.0000000000
2860 -1349.0000000000
2902 -1348.0000000000
2904 -1344.0000000000
2968 -1342.0000000000
2981 -1339.0000000000
3006 -1338.0000000000
3029 -1337.0000000000
3051 -1334.0000000000
3055 -1329.0000000000
3120 -1326.0000000000
3134 -1324.0000000000
3155 -1320.0000000000
3201 -1319.0000000000
3205 -1315.0000000000
3255 -1312.0000000000
3293 -1310.0000000000
3370 -1308.0000000000
3384 -1307.0000000000
3385 -1306.0000000000
3406 -1303.0000000000
3461 -1301.0000000000
3475 -1291.0000000000
3503 -1290.0000000000
3606 -1288.0000000000
3607 -1286.0000000000
3663 -1284.0000000000
3687 -1280.0000000000
3756 -1279.0000000000
3805 -1277.0000000000
3862 -1276.0000000000
3886 -1272.0000000000
3911 -1271.0000000000
3920 -1269.0000000000
4020 -1268.0000000000
4032 -1265.0000000000
4071 -1262.0000000000
4124 -1261.0000000000
4136 -1260.0000000000
4153 -1259.0000000000
4220 -1258.0000000000
4230 -1257.0000000000
4242 -1255.0000000000
4267 -1254.0000000000
4306 -1252.0000000000
4314 -1250.0000000000
4358 -1248.0000000000
4452 -1245.0000000000
4464 -1244.0000000000
4509 -1243.0000000000
4514 -1242.0000000000
4533 -1241.0000000000
4565 -1240.0000000000
4573 -1237.0000000000
4671 -1235.0000000000
4715 -1233.0000000000
4758 -1231.0000000000
4761 -1230.0000000000
4788 -1227.0000000000
4880 -1225.0000000000
4903 -1223.0000000000
4926 -1222.0000000000
4955 -1221.0000000000
5016 -1220.0000000000
5050 -1218.0000000000
5119 -1217.0000000000
5160 -1216.0000000000
5173 -1212.0000000000
5233 -1211.0000000000
5256 -1206.0000000000
5384 -1205.0000000000
5389 -1203.0000000000
5409 -1202.0000000000
5459 -1200.0000000000
5511 -1195.0000000000
5574 -1193.0000000000
5651 -1191.0000000000
5653 -1189.0000000000
5666 -1185.0000000000
5789 -1184.0000000000
5818 -1182.0000000000
5850 -1181.0000000000
5885 -1180.0000000000
5908 -1178.0000000000
5917 -1176.0000000000
5959 -1175.0000000000
5978 -1173.0000000000
6030 -1168.0000000000
6149 -1162.0000000000
6158 -1160.0000000000
6293 -1158.0000000000
6301 -1157.0000000000
6382 -1153.0000000000
6458 -1151.0000000000
6529 -1150.0000000000
6576 -1148.0000000000
6589 -1147.0000000000
6633 -1146.0000000000
6636 -1144.0000000000
6691 -1142.0000000000
6725 -1139.0000000000
6754 -1138.0000000000
6799 -1137.0000000000
6835 -1134.0000000000
6895 -1133.0000000000
6898 -1132.0000000000
6958 -1128.0000000000
7007 -1127.0000000000
7060 -1126.0000000000
7075 -1124.0000000000
7136 -1122.0000000000
7158 -1121.0000000000
7195 -1120.0000000000
7213 -1118.0000000000
7258 -1117.0000000000
7271 -1116.0000000000
7279 -1114.0000000000
7344 -1107.0000000000
7457 -1106.0000000000
7483 -1105.0000000000
7514 -1103.0000000000
7540 -1102.0000000000
7600 -1101.0000000000
7644 -1098.0000000000
7673 -1097.0000000000
7694 -1094.0000000000
7752 -1091.0000000000
7848 -1088.0000000000
7909 -1087.0000000000
7916 -1084.0000000000
7980 -1081.0000000000
8069 -1080.0000000000
8106 -1077.0000000000
8164 -1074.0000000000
8229 -1073.0000000000
8282 -1071.0000000000
8283 -1070.0000000000
8347 -1068.0000000000
8407 -1065.0000000000
8413 -1062.0000000000
8458 -1061.0000000000
8551 -1059.0000000000
8566 -1058.0000000000
8591 -1057.0000000000
8613 -1056.0000000000
8658 -1055.0000000000
8661 -1053.0000000000
8710 -1049.0000000000
8796 -1048.0000000000
8822 -1047.0000000000
8859 -1044.0000000000
8903 -1042.0000000000
8954 -1036.0000000000
9074 -1035.0000000000
9125 -1034.0000000000
9126 -1031.0000000000
9161 -1030.0000000000
9218 -1029.0000000000
9262 -1028.0000000000
9263 -1024.0000000000
9301 -1023.0000000000
9308 -1020.0000000000
9429 -1019.0000000000
9462 -1018.0000000000
9466 -1017.0000000000
9508 -1011.0000000000
9614 -1009.0000000000
9630 -1008.0000000000
9678 -1007.0000000000
9710 -1005.0000000000
9726 -1004.0000000000
9776 -1003.0000000000
9862 -1000.0000000000
9905 -999.0000000000
9959 -997.0000000000
9968 -996.0000000000
9997 -995.0000000000
10000 -1000.0000000000
evaluations raw_y
1 -2003.0000000000
5 -1967.0000000000
9 -1943.0000000000
37 -1934.0000000000
101 -1931.0000000000
111 -1916.0000000000
123 -1911.0000000000
173 -1893.0000000000
177 -1880.0000000000
204 -1879.0000000000
222 -1867.0000000000
259 -1849.0000000000
323 -1839.0000000000
332 -1824.0000000000
343 -1817.0000000000
378 -1807.0000000000
421 -1801.0000000000
452 -1782.0000000000
509 -1775.0000000000
512 -1772.0000000000
552 -1765.0000000000
562 -1764.0000000000
570 -1743.0000000000
613 -1739.0000000000
629 -1719.0000000000
717 -1714.0000000000
744 -1708.0000000000
775 -1684.0000000000
825 -1676.0000000000
832 -1672.0000000000
861 -1656.0000000000
907 -1655.0000000000
917 -1641.0000000000
958 -1632.0000000000
1014 -1628.0000000000
1056 -1611.0000000000
1102 -1610.0000000000
1129 -1609.0000000000
1134 -1603.0000000000
1182 -1597.0000000000
1194 -1596.0000000000
1202 -1595.0000000000
1214 -1583.0000000000
1219 -1565.0000000000
1352 -1559.0000000000
1353 -1552.0000000000
1371 -1550.0000000000
1462 -1537.0000000000
1503 -1527.0000000000
1546 -1526.0000000000
1551 -1524.0000000000
1574 -1521.0000000000
1608 -1519.0000000000
1609 -1518.0000000000
1616 -1515.0000000000
1623 -1514.0000000000
1651 -1503.0000000000
1686 -1502.0000000000
1732 -1498.0000000000
1741 -1495.0000000000
1743 -1483.0000000000
1778 -1481.0000000000
1803 -1476.0000000000
1824 -1471.0000000000
1878 -1467.0000000000
1906 -1454.0000000000
1959 -1444.0000000000
1979 -1437.0000000000
2009 -1436.0000000000
2058 -1428.0000000000
2079 -1424.0000000000
2115 -1418.0000000000
2157 -1412.0000000000
2188 -1411.0000000000
2226 -1409.0000000000
2256 -1405.0000000000
2318 -1404.0000000000
2333 -1403.0000000000
2355 -1393.0000000000
2413 -1387.0000000000
2459 -1384.0000000000
2502 -1381.0000000000
2510 -1378.0000000000
2551 -1372.0000000000
2556 -1363.0000000000
2654 -1352.0000000000
2737 -1350.0000000000
2754 -1349.0000000000
2834 -1348.0000000000
2853 -1342.0000000000
2895 -1341.0000000000
2914 -1339.0000000000
2952 -1335.0000000000
2958 -1333.0000000000
2960 -1332.0000000000
3022 -1330.0000000000
3026 -1327.0000000000
3071 -1321.0000000000
3122 -1315.0000000000
3165 -1314.0000000000
3173 -1313.0000000000
3245 -1312.0000000000
3256 -1310.0000000000
3260 -1308.0000000000
3290 -1304.0000000000
3310 -1302.0000000000
3350 -1301.0000000000
3373 -1300.0000000000
3390 -1299.0000000000
3394 -1298.0000000000
3406 -1295.0000000000
3447 -1291.0000000000
3451 -1290.0000000000
3470 -1288.0000000000
3511 -1283.0000000000
3532 -1281.0000000000
3594 -1280.0000000000
3601 -1272.0000000000
3706 -1271.0000000000
3745 -1270.0000000000
3786 -1267.0000000000
3820 -1265.0000000000
3832 -1264.0000000000
3860 -1262.0000000000
3885 -1260.0000000000
3908 -1258.0000000000
3946 -1256.0000000000
3959 -1251.0000000000
4044 -1245.0000000000
4100 -1243.0000000000
4105 -1242.0000000000
4125 -1241.0000000000
4208 -1240.0000000000
4242 -1239.0000000000
4254 -1238.0000000000
4257 -1237.0000000000
4268 -1236.0000000000
4302 -1234.0000000000
4357 -1233.0000000000
4410 -1230.0000000000
4412 -1228.0000000000
4477 -1224.0000000000
4493 -1223.0000000000
4558 -1219.0000000000
4620 -1216.0000000000
4637 -1213.0000000000
4694 -1211.0000000000
4772 -1210.0000000000
4818 -1209.0000000000
4838 -1208.0000000000
4854 -1207.0000000000
4887 -1206.0000000000
4902 -1204.0000000000
4914 -1203.0000000000
4936 -1202.0000000000
4963 -1200.0000000000
5012 -1198.0000000000
5059 -1197.0000000000
5100 -1193.0000000000
5204 -1191.0000000000
5211 -1190.0000000000
5251 -1188.0000000000
5256 -1186.0000000000
5355 -1184.0000000000
5375 -1183.0000000000
5409 -1182.0000000000
5454 -1181.0000000000
5477 -1176.0000000000
5581 -1174.0000000000
5601 -1172.0000000000
5652 -1169.0000000000
5704 -1168.0000000000
5728 -1167.0000000000
5778 -1166.0000000000
5811 -1164.0000000000
5825 -1160.0000000000
5854 -1159.0000000000
5958 -1158.0000000000
5968 -1154.0000000000
6156 -1152.0000000000
6160 -1151.0000000000
6201 -1149.0000000000
6254 -1147.0000000000
6317 -1146.0000000000
6323 -1143.0000000000
6356 -1142.0000000000
6367 -1141.0000000000
6409 -1137.0000000000
6535 -1136.0000000000
6554 -1135.0000000000
6580 -1133.0000000000
6601 -1131.0000000000
6622 -1128.0000000000
6702 -1127.0000000000
6736 -1126.0000000000
6754 -1123.0000000000
6791 -1121.0000000000
6827 -1120.0000000000
6878 -1118.0000000000
6950 -1117.0000000000
7005 -1111.0000000000
7099 -1110.0000000000
7107 -1109.0000000000
7113 -1106.0000000000
7154 -1105.0000000000
7219 -1104.0000000000
7230 -1101.0000000000
7253 -1097.0000000000
7389 -1096.0000000000
7419 -1094.0000000000
7453 -1093.0000000000
7459 -1092.0000000000
7472 -1088.0000000000
7560 -1087.0000000000
7567 -1083.0000000000
7612 -1082.0000000000
7675 -1081.0000000000
7680 -1080.0000000000
7702 -1078.0000000000
7746 -1074.0000000000
7853 -1072.0000000000
7855 -1070.0000000000
7877 -1069.0000000000
7988 -1066.0000000000
8019 -1063.0000000000
8054 -1062.0000000000
8086 -1059.0000000000
8168 -1058.0000000000
8252 -1056.0000000000
8284 -1051.0000000000
8374 -1050.0000000000
8404 -1049.0000000000
8444 -1044.0000000000
8493 -1043.0000000000
8551 -1042.0000000000
8572 -1041.0000000000
8614 -1040.0000000000
8618 -1035.0000000000
8804 -1034.0000000000
8848 -1033.0000000000
8858 -1032.0000000000
8875 -1030.0000000000
8892 -1029.0000000000
8968 -1027.0000000000
8977 -1025.0000000000
8996 -1024.0000000000
9053 -1022.0000000000
9107 -1019.0000000000
9225 -1018.0000000000
9258 -1017.0000000000
9275 -1016.0000000000
9328 -1015.0000000000
9338 -1011.0000000000
9388 -1009.0000000000
9438 -1008.0000000000
9445 -1007.0000000000
9479 -1006.0000000000
9534 -1004.0000000000
9573 -1003.0000000000
9599 -1002.0000000000
9604 -1001.0000000000
9651 -1000.0000000000
9660 -999.0000000000
9661 -998.0000000000
9668 -996.0000000000
9737 -995.0000000000
9758 -994.0000000000
9791 -992.0000000000
9825 -991.0000000000
9869 -990.0000000000
9877 -986.0000000000
9943 -984.0000000000
9974 -982.0000000000
10000 -993.0000000000
evaluations raw_y
1 -1981.0000000000
3 -1960.0000000000
7 -1946.0000000000
54 -1922.0000000000
116 -1904.0000000000
174 -1894.0000000000
212 -1890.0000000000
222 -1865.0000000000
278 -1861.0000000000
280 -1856.0000000000
328 -1844.0000000000
331 -1828.0000000000
361 -1811.0000000000
406 -1795.0000000000
472 -1786.0000000000
499 -1782.0000000000
541 -1777.0000000000
553 -1775.0000000000
555 -1774.0000000000
575 -1768.0000000000
597 -1748.0000000000
609 -1744.0000000000
677 -1736.0000000000
687 -1725.0000000000
707 -1723.0000000000
731 -1715.0000000000
739 -1705.0000000000
760 -1691.0000000000
831 -1690.0000000000
840 -1681.0000000000
907 -1670.0000000000
926 -1669.0000000000
965 -1667.0000000000
969 -1652.0000000000
1010 -1636.0000000000
1073 -1630.0000000000
1088 -1628.0000000000
1119 -1607.0000000000
1194 -1598.0000000000
1206 -1597.0000000000
1225 -1589.0000000000
1232 -1570.0000000000
1300 -1569.0000000000
1311 -1557.0000000000
1353 -1555.0000000000
1354 -1554.0000000000
1378 -1542.0000000000
1410 -1540.0000000000
1425 -1517.0000000000
1509 -1508.0000000000
1544 -1495.0000000000
1622 -1492.0000000000
1627 -1483.0000000000
1703 -1477.0000000000
1722 -1476.0000000000
1771 -1473.0000000000
1824 -1462.0000000000
1885 -1449.0000000000
1964 -1446.0000000000
2003 -1442.0000000000
2010 -1441.0000000000
2021 -1437.0000000000
2054 -1435.0000000000
2118 -1434.0000000000
2152 -1433.0000000000
2177 -1425.0000000000
2206 -1424.0000000000
2262 -1421.0000000000
2305 -1418.0000000000
2309 -1417.0000000000
2358 -1414.0000000000
2360 -1409.0000000000
2401 -1405.0000000000
2498 -1403.0000000000
2504 -1400.0000000000
2518 -1387.0000000000
2603 -1386.0000000000
2652 -1385.0000000000
2672 -1382.0000000000
2689 -1381.0000000000
2711 -1377.0000000000
2719 -1375.0000000000
2762 -1373.0000000000
2791 -1372.0000000000
2798 -1368.0000000000
2804 -1367.0000000000
2819 -1364.0000000000
2913 -1361.0000000000
2948 -1356.0000000000
3029 -1355.0000000000
3073 -1352.0000000000
3105 -1351.0000000000
3114 -1348.0000000000
3121 -1344.0000000000
3154 -1339.0000000000
3180 -1336.0000000000
3203 -1335.0000000000
3286 -1334.0000000000
3358 -1329.0000000000
3413 -1328.0000000000
3439 -1327.0000000000
3464 -1326.0000000000
3474 -1325.0000000000
3508 -1324.0000000000
3512 -1319.0000000000
3552 -1316.0000000000
3588 -1314.0000000000
3601 -1310.0000000000
3697 -1309.0000000000
3703 -1308.0000000000
3775 -1307.0000000000
3785 -1306.0000000000
3821 -1303.0000000000
3891 -1302.0000000000
3907 -1300.0000000000
3927 -1299.0000000000
3971 -1297.0000000000
3985 -1294.0000000000
4029 -1288.0000000000
4134 -1287.0000000000
4189 -1281.0000000000
4272 -1279.0000000000
4308 -1277.0000000000
4356 -1275.0000000000
4402 -1274.0000000000
4442 -1272.0000000000
4510 -1271.0000000000
4519 -1270.0000000000
4524 -1269.0000000000
4562 -1267.0000000000
4573 -1266.0000000000
4632 -1265.0000000000
4654 -1261.0000000000
4656 -1259.0000000000
4761 -1257.0000000000
4811 -1254.0000000000
4851 -1250.0000000000
4952 -1249.0000000000
4995 -1247.0000000000
5012 -1246.0000000000
5058 -1245.0000000000
5066 -1244.0000000000
5095 -1241.0000000000
5144 -1237.0000000000
5221 -1236.0000000000
5251 -1234.0000000000
5257 -1231.0000000000
5328 -1227.0000000000
5433 -1226.0000000000
5446 -1224.0000000000
5455 -1222.0000000000
5506 -1221.0000000000
5528 -1220.0000000000
5549 -1215.0000000000
5658 -1213.0000000000
5703 -1212.0000000000
5751 -1209.0000000000
5799 -1208.0000000000
5812 -1205.0000000000
5856 -1204.0000000000
5903 -1201.0000000000
5958 -1200.0000000000
6001 -1198.0000000000
6018 -1192.0000000000
6142 -1188.0000000000
6167 -1187.0000000000
6204 -1186.0000000000
6247 -1185.0000000000
6324 -1183.0000000000
6352 -1182.0000000000
6403 -1179.0000000000
6453 -1177.0000000000
6498 -1176.0000000000
6517 -1173.0000000000
6603 -1170.0000000000
6619 -1167.0000000000
6758 -1166.0000000000
6760 -1164.0000000000
6847 -1162.0000000000
6895 -1161.0000000000
6903 -1159.0000000000
6937 -1157.0000000000
6966 -1154.0000000000
7015 -1151.0000000000
7121 -1150.0000000000
7135 -1148.0000000000
7173 -1143.0000000000
7251 -1140.0000000000
7347 -1139.0000000000
7363 -1138.0000000000
7405 -1137.0000000000
7417 -1136.0000000000
7472 -1134.0000000000
7492 -1133.0000000000
7541 -1132.0000000000
7544 -1131.0000000000
7562 -1130.0000000000
7589 -1129.0000000000
7624 -1128.0000000000
7638 -1127.0000000000
7679 -1126.0000000000
7698 -1125.0000000000
7756 -1123.0000000000
7765 -1122.0000000000
7775 -1121.0000000000
7781 -1120.0000000000
7827 -1118.0000000000
7860 -1116.0000000000
7915 -1115.0000000000
7941 -1113.0000000000
7964 -1112.0000000000
7968 -1111.0000000000
7969 -1110.0000000000
8038 -1105.0000000000
8061 -1102.0000000000
8140 -1100.0000000000
8164 -1098.0000000000
8270 -1097.0000000000
8308 -1095.0000000000
8327 -1094.0000000000
8332 -1093.0000000000
8426 -1092.0000000000
8433 -1088.0000000000
8462 -1087.0000000000
8530 -1086.0000000000
8558 -1085.0000000000
8581 -1082.0000000000
8612 -1081.0000000000
8671 -1080.0000000000
8691 -1079.0000000000
8711 -1077.0000000000
8752 -1076.0000000000
8758 -1074.0000000000
8810 -1072.0000000000
8871 -1071.0000000000
8911 -1070.0000000000
8932 -1069.0000000000
8945 -1067.0000000000
8982 -1064.0000000000
9025 -1063.0000000000
9073 -1058.0000000000
9137 -1055.0000000000
9156 -1054.0000000000
9239 -1053.0000000000
9275 -1050.0000000000
9306 -1048.0000000000
9367 -1043.0000000000
9467 -1041.0000000000
9489 -1040.0000000000
9585 -1039.0000000000
9587 -1036.0000000000
9621 -1033.0000000000
9707 -1032.0000000000
9713 -1029.0000000000
9751 -1019.0000000000
9958 -1017.0000000000
9994 -1016.0000000000
10000 -1027.0000000000
evaluations raw_y
1 -1998.0000000000
3 -1994.0000000000
4 -1963.0000000000
15 -1937.0000000000
22 -1921.0000000000
97 -1920.0000000000
117 -1918.0000000000
125 -1879.0000000000
180 -1878.0000000000
256 -1847.0000000000
348 -1840.0000000000
379 -1832.0000000000
387 -1829.0000000000
395 -1826.0000000000
403 -1808.0000000000
414 -1802.0000000000
452 -1801.0000000000
453 -1796.0000000000
540 -1790.0000000000
552 -1788.0000000000
563 -1785.0000000000
571 -1778.0000000000
594 -1771.0000000000
606 -1764.0000000000
608 -1758.0000000000
643 -1735.0000000000
722 -1724.0000000000
745 -1720.0000000000
756 -1708.0000000000
820 -1706.0000000000
845 -1681.0000000000
908 -1677.0000000000
931 -1672.0000000000
954 -1667.0000000000
975 -1652.0000000000
1023 -1651.0000000000
1032 -1646.0000000000
1073 -1641.0000000000
1120 -1638.0000000000
1149 -1624.0000000000
1190 -1617.0000000000
1224 -1581.0000000000
1275 -1575.0000000000
1383 -1574.0000000000
1418 -1555.0000000000
1506 -1554.0000000000
1508 -1531.0000000000
1552 -1527.0000000000
1624 -1526.0000000000
1628 -1507.0000000000
1717 -1506.0000000000
1730 -1498.0000000000
1793 -1497.0000000000
1801 -1496.0000000000
1819 -1482.0000000000
1883 -1481.0000000000
1905 -1479.0000000000
1921 -1478.0000000000
1957 -1476.0000000000
1962 -1468.0000000000
1984 -1461.0000000000
2041 -1457.0000000000
2061 -1456.0000000000
2079 -1447.0000000000
2087 -1446.0000000000
2154 -1438.0000000000
2214 -1436.0000000000
2230 -1427.0000000000
2256 -1426.0000000000
2304 -1422.0000000000
2312 -1414.0000000000
2356 -1396.0000000000
2408 -1391.0000000000
2449 -1384.0000000000
2470 -1378.0000000000
2528 -1376.0000000000
2549 -1372.0000000000
2567 -1370.0000000000
2613 -1369.0000000000
2622 -1368.0000000000
2656 -1365.0000000000
2658 -1364.0000000000
2692 -1362.0000000000
2748 -1358.0000000000
2751 -1357.0000000000
2782 -1353.0000000000
2821 -1351.0000000000
2833 -1345.0000000000
2900 -1342.0000000000
2927 -1341.0000000000
2963 -1340.0000000000
2979 -1337.0000000000
2981 -1331.0000000000
3032 -1321.0000000000
3104 -1319.0000000000
3118 -1316.0000000000
3173 -1313.0000000000
3252 -1311.0000000000
3258 -1309.0000000000
3269 -1308.0000000000
3308 -1303.0000000000
3320 -1299.0000000000
3365 -1294.0000000000
3459 -1292.0000000000
3473 -1285.0000000000
3577 -1283.0000000000
3619 -1280.0000000000
3655 -1276.0000000000
3758 -1275.0000000000
3797 -1270.0000000000
3807 -1267.0000000000
3862 -1265.0000000000
3945 -1264.0000000000
3968 -1263.0000000000
3991 -1258.0000000000
4033 -1257.0000000000
4051 -1256.0000000000
4093 -1255.0000000000
4105 -1253.0000000000
4127 -1252.0000000000
4152 -1248.0000000000
4191 -1246.0000000000
4239 -1242.0000000000
4320 -1239.0000000000
4363 -1235.0000000000
4413 -1230.0000000000
4528 -1229.0000000000
4546 -1226.0000000000
4556 -1225.0000000000
4605 -1224.0000000000
4625 -1222.0000000000
4655 -1219.0000000000
4705 -1218.0000000000
4731 -1217.0000000000
4745 -1215.0000000000
4831 -1212.0000000000
4863 -1209.0000000000
4876 -1208.0000000000
5012 -1207.0000000000
5027 -1202.0000000000
5070 -1201.0000000000
5078 -1200.0000000000
5159 -1199.0000000000
5176 -1196.0000000000
5203 -1195.0000000000
5220 -1188.0000000000
5317 -1185.0000000000
5431 -1182.0000000000
5487 -1180.0000000000
5488 -1179.0000000000
5502 -1178.0000000000
5518 -1174.0000000000
5618 -1172.0000000000
5674 -1167.0000000000
5760 -1166.0000000000
5838 -1165.0000000000
5857 -1164.0000000000
5872 -1163.0000000000
5874 -1161.0000000000
5895 -1159.0000000000
5907 -1156.0000000000
6003 -1153.0000000000
6012 -1152.0000000000
6091 -1151.0000000000
6101 -1150.0000000000
6105 -1149.0000000000
6166 -1148.0000000000
6171 -1147.0000000000
6194 -1146.0000000000
6234 -1145.0000000000
6270 -1143.0000000000
6283 -1142.0000000000
6316 -1141.0000000000
6358 -1139.0000000000
6405 -1136.0000000000
6484 -1131.0000000000
6519 -1129.0000000000
6559 -1126.0000000000
6605 -1125.0000000000
6700 -1124.0000000000
6704 -1123.0000000000
6711 -1121.0000000000
6712 -1119.0000000000
6778 -1117.0000000000
6805 -1115.0000000000
6852 -1114.0000000000
6913 -1113.0000000000
6935 -1112.0000000000
6975 -1111.0000000000
6990 -1110.0000000000
7023 -1109.0000000000
7029 -1108.0000000000
7060 -1105.0000000000
7108 -1103.0000000000
7136 -1102.0000000000
7164 -1100.0000000000
7185 -1093.0000000000
7312 -1092.0000000000
7365 -1090.0000000000
7402 -1089.0000000000
7413 -1087.0000000000
7514 -1084.0000000000
7576 -1083.0000000000
7595 -1082.0000000000
7624 -1080.0000000000
7657 -1079.0000000000
7696 -1076.0000000000
7754 -1073.0000000000
7802 -1072.0000000000
7831 -1070.0000000000
7879 -1068.0000000000
7917 -1067.0000000000
7951 -1066.0000000000
7969 -1063.0000000000
8064 -1061.0000000000
8086 -1059.0000000000
8113 -1058.0000000000
8163 -1057.0000000000
8187 -1055.0000000000
8238 -1053.0000000000
8286 -1049.0000000000
8362 -1048.0000000000
8374 -1043.0000000000
8508 -1041.0000000000
8529 -1039.0000000000
8604 -1038.0000000000
8609 -1036.0000000000
8673 -1033.0000000000
8719 -1029.0000000000
8866 -1027.0000000000
8874 -1025.0000000000
8902 -1024.0000000000
8936 -1023.0000000000
8956 -1021.0000000000
9007 -1018.0000000000
9019 -1017.0000000000
9111 -1016.0000000000
9132 -1011.0000000000
9234 -1010.0000000000
9260 -1009.0000000000
9312 -1008.0000000000
9317 -1007.0000000000
9332 -1006.0000000000
9359 -1004.0000000000
9360 -1002.0000000000
9456 -998.0000000000
9519 -997.0000000000
9535 -996.0000000000
9560 -992.0000000000
9622 -990.0000000000
9659 -989.0000000000
9678 -988.0000000000
9714 -985.0000000000
9751 -982.0000000000
9836 -981.0000000000
9848 -980.0000000000
9856 -979.0000000000
9866 -978.0000000000
9956 -977.0000000000
9959 -973.0000000000
9976 -972.0000000000
10000 -982.0000000000
evaluations raw_y
1 -2066.0000000000
2 -2031.0000000000
4 -2013.0000000000
6 -1995.0000000000
8 -1961.0000000000
21 -1956.0000000000
51 -1945.0000000000
71 -1941.0000000000
101 -1929.0000000000
103 -1916.0000000000
144 -1872.0000000000
152 -1866.0000000000
241 -1855.0000000000
264 -1852.0000000000
269 -1847.0000000000
306 -1840.0000000000
336 -1833.0000000000
357 -1823.0000000000
371 -1822.0000000000
408 -1808.0000000000
414 -1802.0000000000
453 -1778.0000000000
560 -1775.0000000000
562 -1774.0000000000
569 -1770.0000000000
578 -1763.0000000000
607 -1762.0000000000
609 -1751.0000000000
614 -1735.0000000000
660 -1732.0000000000
702 -1718.0000000000
776 -1701.0000000000
813 -1700.0000000000
867 -1699.0000000000
879 -1690.0000000000
884 -1688.0000000000
904 -1681.0000000000
913 -1677.0000000000
925 -1676.0000000000
963 -1674.0000000000
985 -1670.0000000000
1009 -1669.0000000000
1014 -1661.0000000000
1054 -1646.0000000000
1065 -1643.0000000000
1111 -1642.0000000000
1119 -1620.0000000000
1261 -1618.0000000000
1268 -1612.0000000000
1305 -1607.0000000000
1339 -1603.0000000000
1374 -1596.0000000000
1408 -1586.0000000000
1440 -1582.0000000000
1496 -1576.0000000000
1503 -1575.0000000000
1540 -1568.0000000000
1560 -1565.0000000000
1573 -1561.0000000000
1606 -1559.0000000000
1640 -1558.0000000000
1641 -1549.0000000000
1709 -1545.0000000000
1725 -1543.0000000000
1731 -1540.0000000000
1738 -1537.0000000000
1747 -1531.0000000000
1748 -1527.0000000000
1867 -1521.0000000000
1887 -1519.0000000000
1893 -1514.0000000000
1937 -1512.0000000000
1946 -1511.0000000000
1949 -1506.0000000000
1955 -1502.0000000000
2003 -1498.0000000000
2026 -1496.0000000000
2054 -1493.0000000000
2070 -1487.0000000000
2112 -1485.0000000000
2139 -1482.0000000000
2154 -1480.0000000000
2159 -1478.0000000000
2194 -1476.0000000000
2201 -1474.0000000000
2208 -1472.0000000000
2224 -1467.0000000000
2256 -1455.0000000000
2355 -1454.0000000000
2397 -1453.0000000000
2404 -1439.0000000000
2502 -1435.0000000000
2505 -1427.0000000000
2627 -1423.0000000000
2661 -1421.0000000000
2668 -1418.0000000000
2678 -1409.0000000000
2759 -1408.0000000000
2772 -1407.0000000000
2787 -1404.0000000000
2818 -1400.0000000000
2849 -1399.0000000000
2860 -1398.0000000000
2881 -1396.0000000000
2899 -1389.0000000000
2970 -1384.0000000000
2980 -1381.0000000000
3037 -1380.0000000000
3056 -1376.0000000000
3069 -1367.0000000000
3162 -1365.0000000000
3206 -1359.0000000000
3272 -1358.0000000000
3307 -1355.0000000000
3334 -1353.0000000000
3362 -1350.0000000000
3402 -1344.0000000000
3501 -1343.0000000000
3557 -1337.0000000000
3598 -1336.0000000000
3603 -1334.0000000000
3675 -1331.0000000000
3688 -1330.0000000000
3691 -1328.0000000000
3727 -1323.0000000000
3766 -1321.0000000000
3795 -1317.0000000000
3801 -1314.0000000000
3867 -1313.0000000000
3934 -1309.0000000000
3990 -1307.0000000000
4008 -1305.0000000000
4061 -1304.0000000000
4075 -1302.0000000000
4106 -1299.0000000000
4129 -1298.0000000000
4170 -1293.0000000000
4229 -1292.0000000000
4252 -1288.0000000000
4309 -1286.0000000000
4380 -1284.0000000000
4392 -1281.0000000000
4403 -1280.0000000000
4441 -1279.0000000000
4454 -1278.0000000000
4475 -1277.0000000000
4484 -1276.0000000000
4508 -1274.0000000000
4554 -1271.0000000000
4617 -1270.0000000000
4618 -1266.0000000000
4684 -1265.0000000000
4689 -1264.0000000000
4710 -1262.0000000000
4718 -1261.0000000000
4766 -1258.0000000000
4801 -1254.0000000000
4906 -1253.0000000000
4911 -1252.0000000000
4936 -1251.0000000000
4962 -1250.0000000000
4966 -1248.0000000000
5001 -1247.0000000000
5051 -1239.0000000000
5119 -1238.0000000000
5159 -1237.0000000000
5207 -1232.0000000000
5253 -1230.0000000000
5315 -1228.0000000000
5384 -1222.0000000000
5401 -1221.0000000000
5442 -1220.0000000000
5545 -1219.0000000000
5551 -1218.0000000000
5565 -1217.0000000000
5625 -1216.0000000000
5644 -1214.0000000000
5676 -1213.0000000000
5707 -1212.0000000000
5713 -1206.0000000000
5805 -1205.0000000000
5823 -1203.0000000000
5865 -1202.0000000000
5905 -1200.0000000000
5952 -1196.0000000000
6021 -1195.0000000000
6057 -1189.0000000000
6172 -1188.0000000000
6209 -1185.0000000000
6258 -1184.0000000000
6259 -1181.0000000000
6318 -1179.0000000000
6354 -1178.0000000000
6355 -1177.0000000000
6364 -1173.0000000000
6422 -1172.0000000000
6429 -1171.0000000000
6522 -1169.0000000000
6570 -1167.0000000000
6587 -1166.0000000000
6614 -1163.0000000000
6666 -1162.0000000000
6685 -1156.0000000000
6856 -1148.0000000000
7025 -1145.0000000000
7047 -1144.0000000000
7120 -1143.0000000000
7126 -1142.0000000000
7163 -1141.0000000000
7224 -1138.0000000000
7281 -1137.0000000000
7323 -1132.0000000000
7398 -1131.0000000000
7411 -1129.0000000000
7416 -1128.0000000000
7423 -1126.0000000000
7505 -1125.0000000000
7535 -1121.0000000000
7584 -1119.0000000000
7670 -1118.0000000000
7686 -1116.0000000000
7692 -1114.0000000000
7750 -1113.0000000000
7757 -1111.0000000000
7862 -1108.0000000000
7890 -1107.0000000000
7903 -1106.0000000000
7958 -1104.0000000000
8005 -1100.0000000000
8102 -1098.0000000000
8103 -1095.0000000000
8201 -1094.0000000000
8253 -1092.0000000000
8280 -1091.0000000000
8285 -1090.0000000000
8333 -1088.0000000000
8357 -1087.0000000000
8362 -1084.0000000000
8412 -1083.0000000000
8418 -1082.0000000000
8473 -1081.0000000000
8505 -1080.0000000000
8540 -1077.0000000000
8558 -1075.0000000000
8652 -1073.0000000000
8661 -1072.0000000000
8683 -1070.0000000000
8746 -1069.0000000000
8765 -1066.0000000000
8794 -1065.0000000000
8809 -1064.0000000000
8831 -1063.0000000000
8850 -1058.0000000000
8907 -1057.0000000000
8941 -1055.0000000000
9003 -1054.0000000000
9021 -1052.0000000000
9072 -1051.0000000000
9115 -1050.0000000000
9159 -1043.0000000000
9251 -1039.0000000000
9312 -1038.0000000000
9353 -1037.0000000000
9406 -1034.0000000000
9417 -1032.0000000000
9478 -1030.0000000000
9561 -1029.0000000000
9575 -1025.0000000000
9659 -1022.0000000000
9712 -1021.0000000000
9791 -1019.0000000000
9815 -1018.0000000000
9820 -1017.0000000000
9865 -1016.0000000000
9871 -1015.0000000000
9914 -1011.0000000000
9956 -1009.0000000000
10000 -1019.0000000000
evaluations raw_y
1 -1989.0000000000
7 -1976.0000000000
19 -1955.0000000000
112 -1944.0000000000
136 -1929.0000000000
171 -1919.0000000000
172 -1918.0000000000
179 -1896.0000000000
217 -1891.0000000000
254 -1884.0000000000
260 -1873.0000000000
316 -1869.0000000000
351 -1847.0000000000
401 -1840.0000000000
402 -1836.0000000000
414 -1832.0000000000
426 -1825.0000000000
446 -1819.0000000000
453 -1815.0000000000
504 -1813.0000000000
516 -1793.0000000000
537 -1774.0000000000
614 -1765.0000000000
616 -1757.0000000000
642 -1744.0000000000
683 -1740.0000000000
743 -1737.0000000000
749 -1708.0000000000
849 -1704.0000000000
886 -1696.0000000000
904 -1695.0000000000
932 -1693.0000000000
937 -1682.0000000000
1001 -1680.0000000000
1003 -1678.0000000000
1007 -1675.0000000000
1033 -1670.0000000000
1048 -1668.0000000000
1065 -1662.0000000000
1087 -1653.0000000000
1156 -1651.0000000000
1165 -1647.0000000000
1167 -1637.0000000000
1223 -1634.0000000000
1229 -1622.0000000000
1303 -1605.0000000000
1412 -1604.0000000000
1417 -1603.0000000000
1445 -1598.0000000000
1463 -1589.0000000000
1502 -1584.0000000000
1508 -1576.0000000000
1583 -1574.0000000000
1584 -1570.0000000000
1627 -1559.0000000000
1666 -1553.0000000000
1688 -1547.0000000000
1713 -1540.0000000000
1768 -1536.0000000000
1791 -1532.0000000000
1818 -1528.0000000000
1896 -1525.0000000000
1904 -1524.0000000000
1905 -1515.0000000000
1962 -1508.0000000000
2034 -1506.0000000000
2049 -1505.0000000000
2057 -1503.0000000000
2086 -1500.0000000000
2095 -1498.0000000000
2114 -1489.0000000000
2117 -1486.0000000000
2171 -1481.0000000000
2178 -1476.0000000000
2211 -1475.0000000000
2250 -1474.0000000000
2257 -1473.0000000000
2258 -1469.0000000000
2315 -1468.0000000000
2328 -1467.0000000000
2355 -1466.0000000000
2361 -1464.0000000000
2385 -1460.0000000000
2401 -1458.0000000000
2410 -1456.0000000000
2427 -1455.0000000000
2435 -1454.0000000000
2451 -1453.0000000000
2465 -1450.0000000000
2474 -1449.0000000000
2492 -1448.0000000000
2511 -1447.0000000000
2512 -1444.0000000000
2554 -1442.0000000000
2556 -1438.0000000000
2570 -1437.0000000000
2593 -1436.0000000000
2613 -1435.0000000000
2627 -1434.0000000000
2649 -1433.0000000000
2655 -1432.0000000000
2658 -1422.0000000000
2754 -1420.0000000000
2780 -1419.0000000000
2804 -1418.0000000000
2815 -1413.0000000000
2818 -1406.0000000000
2955 -1404.0000000000
2977 -1401.0000000000
3024 -1400.0000000000
3034 -1399.0000000000
3055 -1398.0000000000
3062 -1390.0000000000
3144 -1386.0000000000
3173 -1385.0000000000
3223 -1384.0000000000
3238 -1383.0000000000
3251 -1379.0000000000
3265 -1377.0000000000
3299 -1376.0000000000
3304 -1375.0000000000
3325 -1374.0000000000
3352 -1370.0000000000
3408 -1369.0000000000
3413 -1367.0000000000
3434 -1365.0000000000
3471 -1362.0000000000
3511 -1361.0000000000
3535 -1359.0000000000
3564 -1356.0000000000
3592 -1353.0000000000
3703 -1344.0000000000
3785 -1339.0000000000
3858 -1337.0000000000
3861 -1335.0000000000
3882 -1329.0000000000
3902 -1328.0000000000
3979 -1326.0000000000
4055 -1321.0000000000
4080 -1319.0000000000
4101 -1313.0000000000
4192 -1310.0000000000
4243 -1309.0000000000
4268 -1308.0000000000
4303 -1303.0000000000
4368 -1297.0000000000
4463 -1295.0000000000
4566 -1292.0000000000
4624 -1286.0000000000
4656 -1285.0000000000
4776 -1283.0000000000
4820 -1281.0000000000
4845 -1277.0000000000
4887 -1276.0000000000
4919 -1274.0000000000
4968 -1272.0000000000
5006 -1271.0000000000
5019 -1268.0000000000
5065 -1266.0000000000
5156 -1265.0000000000
5157 -1264.0000000000
5201 -1261.0000000000
5208 -1260.0000000000
5257 -1259.0000000000
5285 -1258.0000000000
5353 -1254.0000000000
5393 -1253.0000000000
5417 -1251.0000000000
5463 -1247.0000000000
5512 -1246.0000000000
5530 -1245.0000000000
5583 -1240.0000000000
5640 -1237.0000000000
5658 -1236.0000000000
5724 -1235.0000000000
5798 -1233.0000000000
5830 -1231.0000000000
5866 -1229.0000000000
5883 -1227.0000000000
5903 -1223.0000000000
6025 -1221.0000000000
6073 -1220.0000000000
6077 -1219.0000000000
6088 -1215.0000000000
6191 -1214.0000000000
6203 -1213.0000000000
6228 -1212.0000000000
6264 -1209.0000000000
6307 -1207.0000000000
6357 -1206.0000000000
6418 -1204.0000000000
6423 -1203.0000000000
6501 -1201.0000000000
6502 -1195.0000000000
6618 -1192.0000000000
6653 -1190.0000000000
6689 -1189.0000000000
6724 -1186.0000000000
6797 -1183.0000000000
6817 -1182.0000000000
6871 -1181.0000000000
6931 -1178.0000000000
6974 -1176.0000000000
7033 -1174.0000000000
7073 -1172.0000000000
7118 -1169.0000000000
7202 -1165.0000000000
7310 -1164.0000000000
7333 -1163.0000000000
7370 -1162.0000000000
7409 -1161.0000000000
7417 -1160.0000000000
7419 -1157.0000000000
7541 -1156.0000000000
7553 -1151.0000000000
7554 -1150.0000000000
7631 -1149.0000000000
7651 -1148.0000000000
7716 -1145.0000000000
7762 -1141.0000000000
7862 -1138.0000000000
7904 -1136.0000000000
7954 -1131.0000000000
8101 -1130.0000000000
8110 -1128.0000000000
8125 -1124.0000000000
8211 -1121.0000000000
8263 -1120.0000000000
8270 -1118.0000000000
8328 -1117.0000000000
8341 -1113.0000000000
8472 -1111.0000000000
8505 -1110.0000000000
8532 -1108.0000000000
8559 -1106.0000000000
8597 -1102.0000000000
8747 -1096.0000000000
8802 -1095.0000000000
8857 -1092.0000000000
8884 -1090.0000000000
8947 -1089.0000000000
8965 -1087.0000000000
9035 -1086.0000000000
9061 -1081.0000000000
9109 -1080.0000000000
9169 -1079.0000000000
9199 -1078.0000000000
9200 -1077.0000000000
9209 -1076.0000000000
9288 -1075.0000000000
9326 -1073.0000000000
9382 -1072.0000000000
9414 -1071.0000000000
9421 -1070.0000000000
9460 -1069.0000000000
9486 -1067.0000000000
9510 -1065.0000000000
9559 -1064.0000000000
9646 -1059.0000000000
9723 -1058.0000000000
9737 -1057.0000000000
9804 -1056.0000000000
9832 -1054.0000000000
9839 -1051.0000000000
9907 -1050.0000000000
9933 -1047.0000000000
10000 -1057.0000000000
evaluations raw_y
1 -1976.0000000000
4 -1972.0000000000
30 -1971.0000000000
39 -1953.0000000000
48 -1952.0000000000
54 -1944.0000000000
91 -1934.0000000000
101 -1911.0000000000
166 -1908.0000000000
207 -1886.0000000000
249 -1884.0000000000
251 -1874.0000000000
255 -1873.0000000000
301 -1872.0000000000
303 -1863.0000000000
328 -1854.0000000000
374 -1845.0000000000
405 -1835.0000000000
408 -1827.0000000000
446 -1826.0000000000
471 -1825.0000000000
488 -1813.0000000000
492 -1812.0000000000
524 -1795.0000000000
546 -1791.0000000000
577 -1774.0000000000
639 -1763.0000000000
672 -1753.0000000000
705 -1734.0000000000
797 -1717.0000000000
880 -1715.0000000000
907 -1709.0000000000
944 -1702.0000000000
962 -1673.0000000000
1082 -1669.0000000000
1130 -1668.0000000000
1142 -1664.0000000000
1151 -1661.0000000000
1168 -1656.0000000000
1233 -1655.0000000000
1237 -1651.0000000000
1238 -1637.0000000000
1314 -1633.0000000000
1321 -1629.0000000000
1351 -1619.0000000000
1408 -1604.0000000000
1461 -1599.0000000000
1480 -1598.0000000000
1526 -1591.0000000000
1539 -1588.0000000000
1557 -1586.0000000000
1584 -1581.0000000000
1623 -1572.0000000000
1654 -1571.0000000000
1667 -1567.0000000000
1720 -1558.0000000000
1758 -1553.0000000000
1829 -1551.0000000000
1832 -1549.0000000000
1835 -1548.0000000000
1861 -1546.0000000000
1909 -1530.0000000000
1996 -1529.0000000000
2001 -1526.0000000000
2020 -1521.0000000000
2062 -1517.0000000000
2102 -1516.0000000000
2112 -1510.0000000000
2189 -1503.0000000000
2209 -1502.0000000000
2301 -1495.0000000000
2334 -1491.0000000000
2383 -1481.0000000000
2428 -1480.0000000000
2478 -1478.0000000000
2501 -1476.0000000000
2504 -1471.0000000000
2557 -1470.0000000000
2558 -1469.0000000000
2562 -1466.0000000000
2633 -1465.0000000000
2643 -1463.0000000000
2652 -1461.0000000000
2717 -1456.0000000000
2730 -1452.0000000000
2752 -1450.0000000000
2810 -1445.0000000000
2869 -1444.0000000000
2878 -1442.0000000000
2931 -1441.0000000000
2941 -1440.0000000000
2956 -1435.0000000000
3016 -1433.0000000000
3023 -1431.0000000000
3049 -1428.0000000000
3073 -1424.0000000000
3111 -1418.0000000000
3178 -1417.0000000000
3207 -1411.0000000000
3318 -1410.0000000000
3319 -1408.0000000000
3332 -1405.0000000000
3387 -1402.0000000000
3392 -1400.0000000000
3442 -1398.0000000000
3456 -1397.0000000000
3478 -1396.0000000000
3480 -1392.0000000000
3558 -1390.0000000000
3576 -1388.0000000000
3618 -1385.0000000000
3663 -1384.0000000000
3705 -1383.0000000000
3709 -1382.0000000000
3723 -1381.0000000000
3770 -1377.0000000000
3795 -1375.0000000000
3885 -1372.0000000000
3904 -1371.0000000000
3955 -1370.0000000000
3962 -1367.0000000000
4002 -1366.0000000000
4010 -1365.0000000000
4028 -1362.0000000000
4085 -1361.0000000000
4107 -1357.0000000000
4205 -1354.0000000000
4233 -1353.0000000000
4256 -1352.0000000000
4260 -1351.0000000000
4283 -1350.0000000000
4312 -1349.0000000000
4324 -1348.0000000000
4363 -1347.0000000000
4370 -1345.0000000000
4406 -1344.0000000000
4433 -1343.0000000000
4466 -1340.0000000000
4519 -1339.0000000000
4561 -1337.0000000000
4601 -1336.0000000000
4602 -1334.0000000000
4671 -1331.0000000000
4722 -1327.0000000000
4765 -1326.0000000000
4819 -1325.0000000000
4857 -1324.0000000000
4865 -1321.0000000000
4911 -1320.0000000000
4931 -1319.0000000000
4993 -1318.0000000000
5001 -1311.0000000000
5124 -1308.0000000000
5199 -1306.0000000000
5203 -1305.0000000000
5266 -1304.0000000000
5279 -1302.0000000000
5313 -1300.0000000000
5340 -1296.0000000000
5433 -1294.0000000000
5491 -1293.0000000000
5508 -1290.0000000000
5568 -1289.0000000000
5576 -1286.0000000000
5581 -1283.0000000000
5668 -1278.0000000000
5753 -1277.0000000000
5817 -1271.0000000000
5902 -1269.0000000000
5958 -1268.0000000000
6003 -1264.0000000000
6057 -1262.0000000000
6100 -1261.0000000000
6132 -1259.0000000000
6187 -1257.0000000000
6193 -1256.0000000000
6258 -1253.0000000000
6320 -1252.0000000000
6351 -1251.0000000000
6353 -1249.0000000000
6354 -1247.0000000000
6418 -1246.0000000000
6429 -1245.0000000000
6432 -1242.0000000000
6495 -1240.0000000000
6515 -1238.0000000000
6570 -1237.0000000000
6572 -1235.0000000000
6601 -1233.0000000000
6633 -1230.0000000000
6701 -1228.0000000000
6707 -1226.0000000000
6721 -1225.0000000000
6724 -1224.0000000000
6781 -1222.0000000000
6811 -1220.0000000000
6866 -1216.0000000000
6875 -1215.0000000000
6951 -1214.0000000000
7007 -1213.0000000000
7013 -1212.0000000000
7036 -1210.0000000000
7062 -1207.0000000000
7103 -1206.0000000000
7150 -1205.0000000000
7167 -1204.0000000000
7173 -1203.0000000000
7203 -1202.0000000000
7212 -1200.0000000000
7247 -1193.0000000000
7299 -1189.0000000000
7433 -1188.0000000000
7465 -1184.0000000000
7485 -1182.0000000000
7592 -1181.0000000000
7615 -1180.0000000000
7652 -1178.0000000000
7668 -1177.0000000000
7709 -1176.0000000000
7713 -1175.0000000000
7715 -1173.0000000000
7793 -1169.0000000000
7821 -1168.0000000000
7908 -1163.0000000000
7957 -1162.0000000000
8017 -1161.0000000000
8051 -1160.0000000000
8064 -1158.0000000000
8085 -1157.0000000000
8117 -1155.0000000000
8141 -1151.0000000000
8217 -1146.0000000000
8333 -1145.0000000000
8355 -1144.0000000000
8357 -1142.0000000000
8435 -1141.0000000000
8466 -1140.0000000000
8486 -1139.0000000000
8501 -1137.0000000000
8534 -1135.0000000000
8553 -1131.0000000000
8639 -1125.0000000000
8752 -1122.0000000000
8805 -1121.0000000000
8817 -1118.0000000000
8896 -1117.0000000000
8959 -1111.0000000000
9105 -1110.0000000000
9150 -1108.0000000000
9180 -1103.0000000000
9260 -1102.0000000000
9291 -1100.0000000000
9321 -1097.0000000000
9413 -1094.0000000000
9424 -1091.0000000000
9478 -1089.0000000000
9515 -1087.0000000000
9566 -1085.0000000000
9662 -1083.0000000000
9707 -1081.0000000000
9747 -1079.0000000000
9807 -1078.0000000000
9830 -1075.0000000000
9909 -1073.0000000000
9941 -1071.0000000000
10000 -1075.0000000000
