evaluations raw_y
1 -1948.0000000000
2 -1889.0000000000
4 -1887.0000000000
6 -1868.0000000000
44 -1860.0000000000
71 -1834.0000000000
82 -1827.0000000000
103 -1826.0000000000
116 -1802.0000000000
143 -1787.0000000000
165 -1783.0000000000
190 -1782.0000000000
195 -1771.0000000000
209 -1763.0000000000
218 -1758.0000000000
230 -1757.0000000000
236 -1751.0000000000
240 -1749.0000000000
244 -1738.0000000000
255 -1735.0000000000
262 -1725.0000000000
267 -1723.0000000000
290 -1717.0000000000
311 -1711.0000000000
325 -1708.0000000000
343 -1704.0000000000
346 -1689.0000000000
385 -1686.0000000000
393 -1684.0000000000
402 -1683.0000000000
406 -1681.0000000000
410 -1671.0000000000
411 -1669.0000000000
430 -1664.0000000000
443 -1656.0000000000
472 -1655.0000000000
499 -1649.0000000000
505 -1646.0000000000
521 -1630.0000000000
566 -1627.0000000000
584 -1620.0000000000
637 -1619.0000000000
641 -1618.0000000000
666 -1617.0000000000
674 -1615.0000000000
705 -1614.0000000000
708 -1613.0000000000
725 -1611.0000000000
741 -1610.0000000000
753 -1609.0000000000
766 -1608.0000000000
776 -1607.0000000000
811 -1606.0000000000
818 -1604.0000000000
830 -1603.0000000000
833 -1602.0000000000
843 -1601.0000000000
880 -1596.0000000000
920 -1595.0000000000
936 -1594.0000000000
954 -1592.0000000000
985 -1588.0000000000
1005 -1585.0000000000
1046 -1580.0000000000
1081 -1579.0000000000
1090 -1578.0000000000
1118 -1577.0000000000
1122 -1576.0000000000
1142 -1575.0000000000
1149 -1572.0000000000
1163 -1571.0000000000
1182 -1569.0000000000
1206 -1568.0000000000
1209 -1566.0000000000
1225 -1565.0000000000
1231 -1564.0000000000
1258 -1563.0000000000
1260 -1561.0000000000
1282 -1559.0000000000
1286 -1557.0000000000
1345 -1556.0000000000
1348 -1554.0000000000
1365 -1552.0000000000
1384 -1550.0000000000
1412 -1549.0000000000
1426 -1548.0000000000
1443 -1544.0000000000
1483 -1542.0000000000
1506 -1539.0000000000
1543 -1538.0000000000
1556 -1537.0000000000
1565 -1536.0000000000
1591 -1534.0000000000
1603 -1532.0000000000
1625 -1531.0000000000
1631 -1530.0000000000
1641 -1528.0000000000
1670 -1525.0000000000
1708 -1524.0000000000
1722 -1523.0000000000
1735 -1522.0000000000
1737 -1521.0000000000
1769 -1520.0000000000
1786 -1519.0000000000
1801 -1518.0000000000
1807 -1517.0000000000
1830 -1515.0000000000
1842 -1514.0000000000
1855 -1512.0000000000
1876 -1508.0000000000
1904 -1507.0000000000
1923 -1503.0000000000
1946 -1502.0000000000
1978 -1499.0000000000
1983 -1498.0000000000
2006 -1497.0000000000
2033 -1496.0000000000
2041 -1494.0000000000
2047 -1493.0000000000
2068 -1492.0000000000
2089 -1490.0000000000
2104 -1488.0000000000
2124 -1487.0000000000
2152 -1486.0000000000
2163 -1485.0000000000
2187 -1483.0000000000
2215 -1482.0000000000
2232 -1480.0000000000
2246 -1478.0000000000
2269 -1476.0000000000
2291 -1475.0000000000
2292 -1474.0000000000
2328 -1472.0000000000
2339 -1471.0000000000
2341 -1470.0000000000
2343 -1467.0000000000
2382 -1464.0000000000
2413 -1463.0000000000
2422 -1461.0000000000
2444 -1457.0000000000
2497 -1456.0000000000
2505 -1455.0000000000
2541 -1451.0000000000
2596 -1449.0000000000
2612 -1446.0000000000
2632 -1443.0000000000
2661 -1442.0000000000
2688 -1440.0000000000
2713 -1438.0000000000
2731 -1437.0000000000
2746 -1436.0000000000
2761 -1435.0000000000
2770 -1433.0000000000
2783 -1432.0000000000
2812 -1431.0000000000
2816 -1430.0000000000
2833 -1429.0000000000
2843 -1428.0000000000
2851 -1427.0000000000
2862 -1426.0000000000
2891 -1425.0000000000
2923 -1421.0000000000
2926 -1420.0000000000
2953 -1419.0000000000
2976 -1418.0000000000
3007 -1416.0000000000
3016 -1415.0000000000
3047 -1414.0000000000
3055 -1413.0000000000
3060 -1412.0000000000
3067 -1411.0000000000
3071 -1407.0000000000
3085 -1406.0000000000
3110 -1405.0000000000
3128 -1404.0000000000
3150 -1403.0000000000
3151 -1402.0000000000
3177 -1401.0000000000
3181 -1400.0000000000
3188 -1398.0000000000
3203 -1397.0000000000
3221 -1396.0000000000
3242 -1395.0000000000
3255 -1394.0000000000
3261 -1389.0000000000
3304 -1388.0000000000
3329 -1386.0000000000
3350 -1382.0000000000
3370 -1380.0000000000
3420 -1379.0000000000
3422 -1375.0000000000
3465 -1373.0000000000
3483 -1372.0000000000
3508 -1369.0000000000
3545 -1368.0000000000
3550 -1366.0000000000
3575 -1365.0000000000
3594 -1364.0000000000
3613 -1363.0000000000
3622 -1361.0000000000
3634 -1359.0000000000
3655 -1357.0000000000
3666 -1354.0000000000
3722 -1353.0000000000
3749 -1351.0000000000
3759 -1350.0000000000
3777 -1348.0000000000
3797 -1346.0000000000
3843 -1345.0000000000
3866 -1343.0000000000
3895 -1342.0000000000
3898 -1339.0000000000
3929 -1337.0000000000
3956 -1336.0000000000
3977 -1335.0000000000
3997 -1332.0000000000
4020 -1331.0000000000
4038 -1330.0000000000
4044 -1329.0000000000
4048 -1328.0000000000
4081 -1324.0000000000
4091 -1323.0000000000
4121 -1321.0000000000
4132 -1317.0000000000
4164 -1316.0000000000
4197 -1314.0000000000
4204 -1313.0000000000
4260 -1312.0000000000
4277 -1311.0000000000
4292 -1310.0000000000
4297 -1309.0000000000
4309 -1306.0000000000
4321 -1302.0000000000
4364 -1301.0000000000
4383 -1299.0000000000
4395 -1298.0000000000
4427 -1296.0000000000
4440 -1295.0000000000
4446 -1294.0000000000
4459 -1293.0000000000
4466 -1292.0000000000
4480 -1291.0000000000
4486 -1290.0000000000
4508 -1289.0000000000
4511 -1288.0000000000
4524 -1286.0000000000
4531 -1285.0000000000
4563 -1282.0000000000
4586 -1281.0000000000
4599 -1279.0000000000
4619 -1278.0000000000
4634 -1277.0000000000
4646 -1276.0000000000
4660 -1275.0000000000
4681 -1273.0000000000
4693 -1272.0000000000
4709 -1271.0000000000
4712 -1270.0000000000
4741 -1269.0000000000
4749 -1268.0000000000
4752 -1267.0000000000
4761 -1266.0000000000
4774 -1265.0000000000
4789 -1264.0000000000
4816 -1261.0000000000
4839 -1260.0000000000
4863 -1259.0000000000
4893 -1258.0000000000
4894 -1257.0000000000
4922 -1255.0000000000
4942 -1254.0000000000
4944 -1251.0000000000
5015 -1249.0000000000
5043 -1248.0000000000
5046 -1247.0000000000
5061 -1246.0000000000
5064 -1245.0000000000
5096 -1241.0000000000
5143 -1240.0000000000
5163 -1237.0000000000
5200 -1236.0000000000
5209 -1234.0000000000
5223 -1233.0000000000
5229 -1232.0000000000
5241 -1229.0000000000
5245 -1226.0000000000
5295 -1225.0000000000
5307 -1223.0000000000
5323 -1222.0000000000
5336 -1221.0000000000
5348 -1218.0000000000
5382 -1217.0000000000
5391 -1216.0000000000
5394 -1214.0000000000
5436 -1213.0000000000
5451 -1212.0000000000
5462 -1211.0000000000
5496 -1208.0000000000
5527 -1205.0000000000
5539 -1203.0000000000
5575 -1199.0000000000
5632 -1197.0000000000
5647 -1196.0000000000
5662 -1195.0000000000
5667 -1194.0000000000
5698 -1191.0000000000
5744 -1190.0000000000
5749 -1189.0000000000
5764 -1186.0000000000
5770 -1185.0000000000
5808 -1184.0000000000
5824 -1183.0000000000
5828 -1181.0000000000
5855 -1180.0000000000
5864 -1179.0000000000
5867 -1177.0000000000
5881 -1176.0000000000
5929 -1173.0000000000
5931 -1172.0000000000
5934 -1171.0000000000
5944 -1169.0000000000
5965 -1168.0000000000
5966 -1167.0000000000
5999 -1165.0000000000
6026 -1163.0000000000
6035 -1162.0000000000
6043 -1161.0000000000
6066 -1159.0000000000
6083 -1158.0000000000
6105 -1157.0000000000
6116 -1156.0000000000
6121 -1155.0000000000
6155 -1153.0000000000
6158 -1152.0000000000
6192 -1150.0000000000
6201 -1149.0000000000
6222 -1148.0000000000
6226 -1147.0000000000
6243 -1144.0000000000
6282 -1143.0000000000
6304 -1140.0000000000
6331 -1139.0000000000
6378 -1137.0000000000
6381 -1136.0000000000
6395 -1134.0000000000
6443 -1133.0000000000
6445 -1132.0000000000
6472 -1130.0000000000
6502 -1129.0000000000
6504 -1128.0000000000
6510 -1127.0000000000
6529 -1126.0000000000
6550 -1124.0000000000
6578 -1123.0000000000
6580 -1119.0000000000
6592 -1118.0000000000
6623 -1117.0000000000
6644 -1116.0000000000
6663 -1113.0000000000
6692 -1112.0000000000
6704 -1111.0000000000
6711 -1110.0000000000
6745 -1109.0000000000
6767 -1108.0000000000
6801 -1107.0000000000
6830 -1106.0000000000
6836 -1105.0000000000
6843 -1104.0000000000
6879 -1102.0000000000
6916 -1101.0000000000
6942 -1098.0000000000
6947 -1096.0000000000
6986 -1094.0000000000
6989 -1093.0000000000
7003 -1091.0000000000
7029 -1090.0000000000
7057 -1089.0000000000
7067 -1086.0000000000
7079 -1081.0000000000
7152 -1080.0000000000
7170 -1079.0000000000
7172 -1078.0000000000
7175 -1074.0000000000
7230 -1073.0000000000
7241 -1071.0000000000
7297 -1070.0000000000
7304 -1068.0000000000
7327 -1067.0000000000
7374 -1066.0000000000
7381 -1065.0000000000
7386 -1062.0000000000
7393 -1061.0000000000
7413 -1060.0000000000
7446 -1057.0000000000
7497 -1056.0000000000
7500 -1055.0000000000
7522 -1052.0000000000
7552 -1051.0000000000
7553 -1050.0000000000
7557 -1048.0000000000
7577 -1046.0000000000
7584 -1044.0000000000
7621 -1042.0000000000
7631 -1040.0000000000
7645 -1038.0000000000
7660 -1037.0000000000
7686 -1036.0000000000
7706 -1035.0000000000
7735 -1034.0000000000
7765 -1032.0000000000
7771 -1031.0000000000
7793 -1029.0000000000
7826 -1028.0000000000
7839 -1027.0000000000
7865 -1026.0000000000
7889 -1025.0000000000
7912 -1022.0000000000
7952 -1021.0000000000
7962 -1019.0000000000
7984 -1016.0000000000
8026 -1015.0000000000
8045 -1014.0000000000
8051 -1012.0000000000
8091 -1011.0000000000
8129 -1009.0000000000
8177 -1008.0000000000
8194 -1006.0000000000
8216 -1005.0000000000
8225 -1004.0000000000
8244 -1002.0000000000
8284 -1001.0000000000
8305 -999.0000000000
8312 -998.0000000000
8342 -997.0000000000
8366 -996.0000000000
8368 -995.0000000000
8408 -994.0000000000
8409 -992.0000000000
8440 -990.0000000000
8468 -989.0000000000
8485 -986.0000000000
8532 -984.0000000000
8578 -983.0000000000
8582 -980.0000000000
8608 -979.0000000000
8629 -978.0000000000
8631 -976.0000000000
8649 -975.0000000000
8684 -974.0000000000
8707 -970.0000000000
8731 -968.0000000000
8748 -967.0000000000
8774 -964.0000000000
8804 -963.0000000000
8818 -960.0000000000
8836 -957.0000000000
8851 -956.0000000000
8856 -955.0000000000
8860 -953.0000000000
8905 -951.0000000000
8920 -950.0000000000
8929 -948.0000000000
8981 -947.0000000000
9000 -946.0000000000
9012 -944.0000000000
9029 -943.0000000000
9039 -942.0000000000
9051 -939.0000000000
9086 -938.0000000000
9091 -935.0000000000
9138 -933.0000000000
9175 -930.0000000000
9233 -929.0000000000
9257 -928.0000000000
9263 -927.0000000000
9291 -925.0000000000
9315 -922.0000000000
9364 -921.0000000000
9369 -920.0000000000
9384 -919.0000000000
9397 -918.0000000000
9415 -917.0000000000
9426 -916.0000000000
9457 -915.0000000000
9474 -913.0000000000
9495 -912.0000000000
9541 -911.0000000000
9550 -910.0000000000
9584 -906.0000000000
9616 -905.0000000000
9648 -904.0000000000
9665 -903.0000000000
9681 -902.0000000000
9682 -900.0000000000
9709 -898.0000000000
9756 -896.0000000000
9774 -893.0000000000
9819 -891.0000000000
9851 -890.0000000000
9861 -889.0000000000
9898 -888.0000000000
9906 -887.0000000000
9926 -886.0000000000
9940 -884.0000000000
9950 -883.0000000000
9957 -882.0000000000
10000 -881.0000000000
10011 -879.0000000000
10043 -878.0000000000
10069 -874.0000000000
10114 -873.0000000000
10125 -872.0000000000
10176 -870.0000000000
10183 -869.0000000000
10226 -868.0000000000
10246 -866.0000000000
10272 -865.0000000000
10290 -863.0000000000
10312 -862.0000000000
10353 -861.0000000000
10361 -860.0000000000
10396 -859.0000000000
10426 -857.0000000000
10431 -856.0000000000
10456 -853.0000000000
10489 -851.0000000000
10507 -850.0000000000
10532 -849.0000000000
10544 -848.0000000000
10564 -847.0000000000
10569 -846.0000000000
10582 -845.0000000000
10597 -844.0000000000
10651 -843.0000000000
10664 -842.0000000000
10680 -841.0000000000
10688 -840.0000000000
10690 -839.0000000000
10714 -838.0000000000
10766 -837.0000000000
10781 -836.0000000000
10803 -833.0000000000
10864 -832.0000000000
10888 -830.0000000000
10892 -828.0000000000
10920 -826.0000000000
10922 -825.0000000000
10948 -823.0000000000
10994 -821.0000000000
10997 -820.0000000000
11031 -819.0000000000
11060 -818.0000000000
11066 -816.0000000000
11079 -815.0000000000
11103 -811.0000000000
11121 -809.0000000000
11162 -808.0000000000
11164 -806.0000000000
11206 -805.0000000000
11226 -804.0000000000
11247 -803.0000000000
11271 -802.0000000000
11283 -800.0000000000
11299 -799.0000000000
11315 -798.0000000000
11323 -794.0000000000
11372 -792.0000000000
11434 -790.0000000000
11449 -789.0000000000
11458 -788.0000000000
11500 -787.0000000000
11518 -785.0000000000
11550 -782.0000000000
11582 -780.0000000000
11595 -779.0000000000
11635 -778.0000000000
11653 -777.0000000000
11692 -776.0000000000
11696 -775.0000000000
11715 -772.0000000000
11721 -769.0000000000
11803 -767.0000000000
11818 -765.0000000000
11885 -764.0000000000
11903 -763.0000000000
11909 -762.0000000000
11936 -760.0000000000
11982 -757.0000000000
12015 -754.0000000000
12053 -753.0000000000
12068 -749.0000000000
12098 -748.0000000000
12115 -744.0000000000
12140 -743.0000000000
12162 -741.0000000000
12186 -740.0000000000
12209 -738.0000000000
12212 -737.0000000000
12250 -736.0000000000
12283 -734.0000000000
12326 -732.0000000000
12334 -731.0000000000
12355 -729.0000000000
12420 -728.0000000000
12462 -727.0000000000
12502 -723.0000000000
12527 -722.0000000000
12564 -720.0000000000
12616 -718.0000000000
12650 -717.0000000000
12676 -716.0000000000
12683 -714.0000000000
12728 -713.0000000000
12759 -710.0000000000
12763 -709.0000000000
12780 -707.0000000000
12825 -706.0000000000
12869 -704.0000000000
12870 -702.0000000000
12898 -700.0000000000
12934 -697.0000000000
12963 -696.0000000000
12967 -695.0000000000
13006 -694.0000000000
13014 -693.0000000000
13025 -690.0000000000
13083 -689.0000000000
13093 -687.0000000000
13107 -685.0000000000
13154 -684.0000000000
13183 -683.0000000000
13200 -681.0000000000
13242 -680.0000000000
13251 -679.0000000000
13288 -678.0000000000
13304 -677.0000000000
13325 -676.0000000000
13332 -674.0000000000
13363 -673.0000000000
13408 -672.0000000000
13430 -671.0000000000
13460 -670.0000000000
13510 -669.0000000000
13536 -668.0000000000
13538 -667.0000000000
13558 -666.0000000000
13572 -665.0000000000
13628 -663.0000000000
13680 -662.0000000000
13681 -661.0000000000
13696 -660.0000000000
13710 -659.0000000000
13726 -657.0000000000
13744 -656.0000000000
13756 -655.0000000000
13784 -651.0000000000
13835 -650.0000000000
13855 -648.0000000000
13876 -646.0000000000
13910 -644.0000000000
13949 -641.0000000000
14019 -638.0000000000
14021 -637.0000000000
14041 -636.0000000000
14102 -635.0000000000
14132 -634.0000000000
14150 -633.0000000000
14192 -632.0000000000
14196 -631.0000000000
14235 -630.0000000000
14258 -626.0000000000
14286 -625.0000000000
14342 -623.0000000000
14378 -622.0000000000
14426 -621.0000000000
14453 -620.0000000000
14454 -619.0000000000
14466 -618.0000000000
14502 -617.0000000000
14521 -615.0000000000
14552 -612.0000000000
14592 -611.0000000000
14617 -610.0000000000
14639 -608.0000000000
14701 -607.0000000000
14723 -605.0000000000
14757 -603.0000000000
14774 -602.0000000000
14778 -600.0000000000
14810 -599.0000000000
14845 -595.0000000000
14885 -592.0000000000
14907 -591.0000000000
14942 -587.0000000000
14993 -586.0000000000
15015 -584.0000000000
15021 -583.0000000000
15026 -582.0000000000
15084 -581.0000000000
15100 -579.0000000000
15128 -576.0000000000
15201 -575.0000000000
15228 -572.0000000000
15269 -571.0000000000
15274 -569.0000000000
15288 -568.0000000000
15354 -566.0000000000
15417 -564.0000000000
15473 -563.0000000000
15488 -562.0000000000
15504 -560.0000000000
15561 -559.0000000000
15581 -558.0000000000
15588 -556.0000000000
15646 -555.0000000000
15673 -552.0000000000
15698 -551.0000000000
15717 -550.0000000000
15745 -547.0000000000
15812 -545.0000000000
15828 -544.0000000000
15893 -543.0000000000
15916 -542.0000000000
15934 -541.0000000000
15935 -538.0000000000
15983 -537.0000000000
16031 -536.0000000000
16043 -535.0000000000
16057 -534.0000000000
16103 -531.0000000000
16139 -530.0000000000
16160 -529.0000000000
16203 -526.0000000000
16276 -525.0000000000
16278 -524.0000000000
16300 -522.0000000000
16313 -520.0000000000
16390 -519.0000000000
16394 -516.0000000000
16463 -515.0000000000
16486 -514.0000000000
16526 -513.0000000000
16549 -512.0000000000
16560 -511.0000000000
16581 -509.0000000000
16602 -507.0000000000
16693 -506.0000000000
16700 -504.0000000000
16749 -503.0000000000
16795 -502.0000000000
16820 -500.0000000000
16864 -498.0000000000
16878 -497.0000000000
16924 -496.0000000000
16945 -495.0000000000
16985 -494.0000000000
16986 -491.0000000000
17026 -490.0000000000
17051 -489.0000000000
17092 -487.0000000000
17124 -485.0000000000
17201 -484.0000000000
17237 -483.0000000000
17246 -482.0000000000
17261 -481.0000000000
17262 -480.0000000000
17311 -479.0000000000
17325 -478.0000000000
17353 -476.0000000000
17372 -475.0000000000
17411 -474.0000000000
17438 -473.0000000000
17459 -472.0000000000
17504 -470.0000000000
17542 -469.0000000000
17565 -468.0000000000
17570 -467.0000000000
17606 -466.0000000000
17632 -463.0000000000
17692 -462.0000000000
17713 -461.0000000000
17740 -459.0000000000
17789 -457.0000000000
17836 -455.0000000000
17841 -453.0000000000
17865 -452.0000000000
17936 -450.0000000000
18025 -449.0000000000
18027 -448.0000000000
18082 -447.0000000000
18088 -444.0000000000
18149 -443.0000000000
18176 -442.0000000000
18193 -441.0000000000
18244 -440.0000000000
18245 -439.0000000000
18303 -438.0000000000
18326 -437.0000000000
18354 -436.0000000000
18410 -435.0000000000
18412 -434.0000000000
18444 -433.0000000000
18465 -432.0000000000
18481 -431.0000000000
18539 -429.0000000000
18588 -426.0000000000
18656 -425.0000000000
18663 -423.0000000000
18714 -421.0000000000
18759 -420.0000000000
18772 -419.0000000000
18789 -418.0000000000
18817 -416.0000000000
18882 -415.0000000000
18909 -414.0000000000
18933 -413.0000000000
18968 -411.0000000000
18986 -410.0000000000
19037 -409.0000000000
19048 -408.0000000000
19067 -407.0000000000
19092 -405.0000000000
19129 -404.0000000000
19178 -403.0000000000
19222 -402.0000000000
19268 -401.0000000000
19291 -400.0000000000
19339 -398.0000000000
19398 -397.0000000000
19454 -396.0000000000
19473 -395.0000000000
19505 -394.0000000000
19519 -393.0000000000
19548 -392.0000000000
19594 -389.0000000000
19633 -388.0000000000
19672 -387.0000000000
19727 -386.0000000000
19751 -385.0000000000
19788 -383.0000000000
19803 -379.0000000000
19827 -378.0000000000
19876 -377.0000000000
19900 -376.0000000000
19913 -374.0000000000
19928 -373.0000000000
19992 -372.0000000000
20014 -371.0000000000
20015 -369.0000000000
20032 -367.0000000000
20096 -366.0000000000
20108 -365.0000000000
20120 -364.0000000000
20129 -363.0000000000
20158 -362.0000000000
20183 -361.0000000000
20257 -360.0000000000
20268 -359.0000000000
20278 -358.0000000000
20371 -357.0000000000
20397 -356.0000000000
20398 -355.0000000000
20452 -354.0000000000
20478 -353.0000000000
20488 -352.0000000000
20497 -351.0000000000
20509 -350.0000000000
20544 -349.0000000000
20549 -347.0000000000
20625 -345.0000000000
20666 -341.0000000000
20750 -340.0000000000
20806 -339.0000000000
20846 -338.0000000000
20903 -335.0000000000
20934 -334.0000000000
20973 -333.0000000000
21015 -331.0000000000
21066 -330.0000000000
21091 -327.0000000000
21160 -326.0000000000
21170 -324.0000000000
21187 -323.0000000000
21229 -322.0000000000
21250 -321.0000000000
21275 -320.0000000000
21290 -319.0000000000
21296 -318.0000000000
21330 -316.0000000000
21410 -315.0000000000
21454 -314.0000000000
21459 -312.0000000000
21533 -311.0000000000
21587 -310.0000000000
21616 -309.0000000000
21682 -308.0000000000
21688 -307.0000000000
21708 -305.0000000000
21718 -303.0000000000
21807 -302.0000000000
21832 -301.0000000000
21880 -299.0000000000
21887 -297.0000000000
21932 -296.0000000000
21988 -295.0000000000
22028 -294.0000000000
22048 -293.0000000000
22122 -292.0000000000
22129 -291.0000000000
22152 -290.0000000000
22181 -289.0000000000
22249 -288.0000000000
22290 -287.0000000000
22353 -286.0000000000
22382 -285.0000000000
22401 -284.0000000000
22433 -282.0000000000
22472 -281.0000000000
22491 -280.0000000000
22498 -279.0000000000
22532 -278.0000000000
22574 -275.0000000000
22636 -274.0000000000
22682 -273.0000000000
22728 -272.0000000000
22736 -271.0000000000
22762 -270.0000000000
22813 -269.0000000000
22831 -266.0000000000
22876 -265.0000000000
22906 -263.0000000000
22982 -262.0000000000
22994 -261.0000000000
23042 -260.0000000000
23057 -258.0000000000
23091 -256.0000000000
23126 -254.0000000000
23194 -252.0000000000
23229 -249.0000000000
23288 -247.0000000000
23312 -246.0000000000
23337 -245.0000000000
23456 -244.0000000000
23471 -243.0000000000
23490 -242.0000000000
23506 -241.0000000000
23564 -240.0000000000
23649 -239.0000000000
23697 -238.0000000000
23748 -237.0000000000
23776 -236.0000000000
23843 -235.0000000000
23896 -234.0000000000
23912 -233.0000000000
23985 -231.0000000000
24042 -230.0000000000
24061 -229.0000000000
24095 -228.0000000000
24120 -227.0000000000
24141 -226.0000000000
24161 -225.0000000000
24192 -223.0000000000
24308 -222.0000000000
24322 -221.0000000000
24343 -220.0000000000
24376 -218.0000000000
24399 -217.0000000000
24476 -216.0000000000
24493 -214.0000000000
24572 -213.0000000000
24655 -211.0000000000
24728 -210.0000000000
24816 -209.0000000000
24818 -208.0000000000
24866 -206.0000000000
24973 -205.0000000000
24991 -203.0000000000
25045 -200.0000000000
25131 -199.0000000000
25203 -196.0000000000
25249 -195.0000000000
25342 -194.0000000000
25369 -193.0000000000
25406 -192.0000000000
25428 -190.0000000000
25492 -189.0000000000
25514 -188.0000000000
25581 -187.0000000000
25589 -186.0000000000
25652 -185.0000000000
25693 -184.0000000000
25714 -182.0000000000
25743 -181.0000000000
25794 -180.0000000000
25835 -179.0000000000
25864 -178.0000000000
25882 -176.0000000000
25941 -175.0000000000
25976 -174.0000000000
26057 -171.0000000000
26121 -169.0000000000
26168 -168.0000000000
26187 -165.0000000000
26281 -164.0000000000
26288 -163.0000000000
26343 -162.0000000000
26387 -161.0000000000
26414 -160.0000000000
26421 -159.0000000000
26504 -158.0000000000
26548 -157.0000000000
26569 -154.0000000000
26734 -153.0000000000
26768 -152.0000000000
26797 -150.0000000000
26878 -148.0000000000
26946 -147.0000000000
26956 -146.0000000000
27064 -145.0000000000
27082 -144.0000000000
27111 -143.0000000000
27128 -142.0000000000
27185 -141.0000000000
27223 -139.0000000000
27270 -138.0000000000
27335 -137.0000000000
27358 -136.0000000000
27362 -133.0000000000
27487 -131.0000000000
27517 -130.0000000000
27608 -129.0000000000
27618 -128.0000000000
27723 -127.0000000000
27752 -126.0000000000
27806 -125.0000000000
27884 -124.0000000000
27975 -123.0000000000
28049 -121.0000000000
28101 -120.0000000000
28126 -119.0000000000
28156 -117.0000000000
28256 -116.0000000000
28267 -115.0000000000
28373 -114.0000000000
28381 -113.0000000000
28427 -111.0000000000
28484 -109.0000000000
28571 -108.0000000000
28576 -106.0000000000
28660 -105.0000000000
28705 -104.0000000000
28797 -103.0000000000
28801 -101.0000000000
28839 -100.0000000000
28914 -99.0000000000
28939 -98.0000000000
28975 -97.0000000000
29072 -95.0000000000
29098 -94.0000000000
29124 -93.0000000000
29229 -91.0000000000
29310 -90.0000000000
29323 -89.0000000000
29439 -88.0000000000
29463 -87.0000000000
29483 -86.0000000000
29509 -84.0000000000
29636 -81.0000000000
29641 -80.0000000000
29692 -79.0000000000
29797 -77.0000000000
29931 -76.0000000000
29948 -75.0000000000
30027 -73.0000000000
30092 -71.0000000000
30149 -68.0000000000
30308 -67.0000000000
30385 -66.0000000000
30386 -65.0000000000
30509 -64.0000000000
30560 -63.0000000000
30627 -62.0000000000
30668 -61.0000000000
30682 -59.0000000000
30738 -57.0000000000
30823 -56.0000000000
30848 -55.0000000000
30920 -54.0000000000
30961 -52.0000000000
31073 -51.0000000000
31089 -50.0000000000
31170 -49.0000000000
31192 -48.0000000000
31287 -47.0000000000
31329 -45.0000000000
31378 -44.0000000000
31412 -43.0000000000
31501 -40.0000000000
31636 -39.0000000000
31785 -38.0000000000
31902 -37.0000000000
31966 -36.0000000000
32001 -35.0000000000
32002 -34.0000000000
32024 -33.0000000000
32053 -32.0000000000
32122 -30.0000000000
32246 -29.0000000000
32298 -28.0000000000
32346 -27.0000000000
32401 -26.0000000000
32402 -25.0000000000
32468 -24.0000000000
32586 -23.0000000000
32635 -22.0000000000
32673 -21.0000000000
32701 -19.0000000000
32810 -18.0000000000
32811 -17.0000000000
32889 -16.0000000000
32937 -14.0000000000
33040 -13.0000000000
33183 -12.0000000000
33307 -11.0000000000
33315 -10.0000000000
33399 -6.0000000000
33431 -5.0000000000
33648 -4.0000000000
33779 -3.0000000000
33800 -2.0000000000
33898 -1.0000000000
33968 722.1000000000
34002 747.6000000000
34006 755.8200000000
34029 758.5400000000
34091 759.6100000000
34345 765.8500000000
34411 777.8900000000
34575 781.8000000000
34817 786.5500000000
35614 822.3300000000
35686 828.5600000000
35754 851.7800000000
36062 852.9700000000
36103 913.0600000000
36148 919.3400000000
36253 920.5200000000
36283 921.5200000000
36286 923.6400000000
36294 928.2600000000
36308 928.8600000000
36319 931.8800000000
36509 932.6900000000
36862 934.8700000000
36972 942.5400000000
37011 949.5000000000
37080 954.3700000000
37125 956.3000000000
37150 958.2400000000
37307 973.8100000000
38397 978.9400000000
39327 983.0000000000
39401 983.7000000000
39504 994.5500000000
39825 1035.1000000000
39956 1042.6000000000
40211 1043.5500000000
40476 1064.4100000000
41785 1067.8600000000
42435 1102.6800000000
42462 1113.3000000000
42485 1139.6200000000
42585 1145.5300000000
42586 1153.0300000000
42654 1155.2500000000
42758 1155.6800000000
42807 1158.5500000000
42844 1161.7200000000
42848 1164.0700000000
42877 1180.5100000000
43719 1181.7900000000
43777 1184.4900000000
44565 1188.5400000000
44733 1204.0400000000
44746 1207.0500000000
44802 1208.7900000000
45068 1211.2500000000
45092 1218.1600000000
45176 1218.1800000000
45199 1221.2800000000
45485 1222.5300000000
45699 1227.1000000000
47994 1234.4700000000
51308 1236.6700000000
53874 1240.9800000000
53880 1243.1400000000
55843 1245.2500000000
60134 1247.7900000000
64321 1252.8200000000
78646 1256.3800000000
79841 1258.5900000000
80539 1265.2200000000
91408 1268.1600000000
91632 1270.2400000000
96326 1270.7000000000
96442 1275.6200000000
96834 1278.6200000000
97131 1281.2900000000
97796 1283.0100000000
100000 1178.3400000000
evaluations raw_y
1 -1932.0000000000
2 -1926.0000000000
4 -1896.0000000000
20 -1885.0000000000
36 -1876.0000000000
42 -1873.0000000000
50 -1855.0000000000
81 -1849.0000000000
82 -1837.0000000000
91 -1835.0000000000
92 -1813.0000000000
122 -1806.0000000000
127 -1787.0000000000
160 -1772.0000000000
168 -1764.0000000000
187 -1759.0000000000
219 -1755.0000000000
224 -1724.0000000000
272 -1720.0000000000
283 -1707.0000000000
305 -1702.0000000000
324 -1700.0000000000
326 -1697.0000000000
345 -1691.0000000000
380 -1677.0000000000
406 -1663.0000000000
438 -1658.0000000000
445 -1657.0000000000
448 -1651.0000000000
469 -1650.0000000000
484 -1642.0000000000
508 -1639.0000000000
542 -1632.0000000000
553 -1628.0000000000
584 -1622.0000000000
608 -1617.0000000000
643 -1614.0000000000
650 -1609.0000000000
675 -1606.0000000000
685 -1602.0000000000
706 -1597.0000000000
739 -1596.0000000000
742 -1594.0000000000
769 -1592.0000000000
773 -1587.0000000000
822 -1586.0000000000
849 -1584.0000000000
853 -1583.0000000000
863 -1580.0000000000
881 -1579.0000000000
903 -1576.0000000000
930 -1575.0000000000
945 -1573.0000000000
972 -1572.0000000000
993 -1571.0000000000
1007 -1570.0000000000
1027 -1568.0000000000
1043 -1566.0000000000
1045 -1565.0000000000
1065 -1562.0000000000
1105 -1561.0000000000
1127 -1560.0000000000
1141 -1559.0000000000
1161 -1558.0000000000
1163 -1556.0000000000
1183 -1555.0000000000
1196 -1553.0000000000
1207 -1552.0000000000
1222 -1551.0000000000
1237 -1550.0000000000
1252 -1549.0000000000
1255 -1548.0000000000
1261 -1546.0000000000
1283 -1545.0000000000
1289 -1542.0000000000
1319 -1541.0000000000
1343 -1540.0000000000
1353 -1539.0000000000
1370 -1534.0000000000
1381 -1532.0000000000
1404 -1531.0000000000
1448 -1530.0000000000
1466 -1528.0000000000
1483 -1526.0000000000
1517 -1525.0000000000
1526 -1524.0000000000
1529 -1523.0000000000
1553 -1522.0000000000
1577 -1521.0000000000
1581 -1518.0000000000
1618 -1516.0000000000
1644 -1514.0000000000
1648 -1510.0000000000
1668 -1509.0000000000
1685 -1505.0000000000
1729 -1504.0000000000
1745 -1502.0000000000
1764 -1500.0000000000
1781 -1498.0000000000
1797 -1497.0000000000
1803 -1493.0000000000
1877 -1491.0000000000
1890 -1489.0000000000
1903 -1488.0000000000
1928 -1487.0000000000
1941 -1486.0000000000
1950 -1484.0000000000
1966 -1483.0000000000
1981 -1482.0000000000
1986 -1481.0000000000
2016 -1480.0000000000
2036 -1479.0000000000
2044 -1477.0000000000
2065 -1476.0000000000
2086 -1475.0000000000
2097 -1473.0000000000
2103 -1472.0000000000
2125 -1471.0000000000
2145 -1470.0000000000
2160 -1469.0000000000
2188 -1468.0000000000
2214 -1465.0000000000
2223 -1462.0000000000
2232 -1460.0000000000
2274 -1459.0000000000
2284 -1456.0000000000
2345 -1455.0000000000
2364 -1454.0000000000
2376 -1451.0000000000
2406 -1450.0000000000
2424 -1449.0000000000
2436 -1448.0000000000
2439 -1446.0000000000
2452 -1445.0000000000
2454 -1444.0000000000
2456 -1442.0000000000
2471 -1441.0000000000
2486 -1440.0000000000
2488 -1439.0000000000
2507 -1438.0000000000
2508 -1437.0000000000
2528 -1435.0000000000
2545 -1432.0000000000
2568 -1431.0000000000
2595 -1429.0000000000
2605 -1427.0000000000
2630 -1426.0000000000
2634 -1424.0000000000
2664 -1423.0000000000
2696 -1418.0000000000
2710 -1417.0000000000
2768 -1415.0000000000
2782 -1414.0000000000
2792 -1411.0000000000
2833 -1410.0000000000
2841 -1409.0000000000
2857 -1408.0000000000
2872 -1406.0000000000
2899 -1404.0000000000
2929 -1403.0000000000
2941 -1401.0000000000
2961 -1399.0000000000
2965 -1396.0000000000
2988 -1395.0000000000
3033 -1389.0000000000
3054 -1388.0000000000
3114 -1387.0000000000
3134 -1386.0000000000
3135 -1385.0000000000
3145 -1383.0000000000
3164 -1381.0000000000
3194 -1380.0000000000
3202 -1377.0000000000
3232 -1376.0000000000
3278 -1375.0000000000
3297 -1373.0000000000
3315 -1372.0000000000
3323 -1369.0000000000
3372 -1368.0000000000
3378 -1367.0000000000
3413 -1366.0000000000
3415 -1365.0000000000
3423 -1364.0000000000
3429 -1363.0000000000
3435 -1362.0000000000
3448 -1359.0000000000
3486 -1358.0000000000
3506 -1357.0000000000
3524 -1355.0000000000
3550 -1354.0000000000
3559 -1352.0000000000
3567 -1349.0000000000
3602 -1347.0000000000
3623 -1345.0000000000
3649 -1344.0000000000
3653 -1343.0000000000
3654 -1342.0000000000
3677 -1341.0000000000
3705 -1340.0000000000
3721 -1338.0000000000
3762 -1337.0000000000
3781 -1335.0000000000
3807 -1334.0000000000
3808 -1333.0000000000
3817 -1331.0000000000
3853 -1330.0000000000
3859 -1329.0000000000
3873 -1328.0000000000
3874 -1324.0000000000
3908 -1323.0000000000
3962 -1318.0000000000
3985 -1316.0000000000
4030 -1312.0000000000
4094 -1309.0000000000
4123 -1306.0000000000
4160 -1304.0000000000
4188 -1303.0000000000
4207 -1301.0000000000
4225 -1300.0000000000
4268 -1298.0000000000
4305 -1297.0000000000
4332 -1296.0000000000
4363 -1294.0000000000
4394 -1293.0000000000
4401 -1289.0000000000
4461 -1288.0000000000
4471 -1287.0000000000
4478 -1286.0000000000
4482 -1285.0000000000
4483 -1284.0000000000
4506 -1283.0000000000
4526 -1282.0000000000
4559 -1281.0000000000
4568 -1279.0000000000
4587 -1277.0000000000
4608 -1276.0000000000
4615 -1274.0000000000
4642 -1273.0000000000
4656 -1272.0000000000
4686 -1271.0000000000
4690 -1269.0000000000
4712 -1267.0000000000
4714 -1266.0000000000
4726 -1265.0000000000
4741 -1264.0000000000
4794 -1263.0000000000
4802 -1262.0000000000
4848 -1260.0000000000
4853 -1259.0000000000
4886 -1258.0000000000
4890 -1257.0000000000
4903 -1254.0000000000
4936 -1251.0000000000
4943 -1250.0000000000
4963 -1249.0000000000
4987 -1248.0000000000
4998 -1247.0000000000
5014 -1244.0000000000
5028 -1243.0000000000
5048 -1242.0000000000
5064 -1240.0000000000
5103 -1239.0000000000
5115 -1238.0000000000
5138 -1237.0000000000
5145 -1236.0000000000
5147 -1234.0000000000
5167 -1233.0000000000
5178 -1231.0000000000
5222 -1227.0000000000
5265 -1226.0000000000
5293 -1224.0000000000
5307 -1223.0000000000
5326 -1222.0000000000
5342 -1221.0000000000
5354 -1220.0000000000
5374 -1219.0000000000
5404 -1218.0000000000
5405 -1216.0000000000
5429 -1213.0000000000
5466 -1212.0000000000
5486 -1210.0000000000
5496 -1209.0000000000
5524 -1208.0000000000
5548 -1207.0000000000
5571 -1205.0000000000
5602 -1204.0000000000
5627 -1200.0000000000
5683 -1199.0000000000
5698 -1198.0000000000
5703 -1196.0000000000
5726 -1195.0000000000
5728 -1194.0000000000
5763 -1191.0000000000
5768 -1190.0000000000
5789 -1189.0000000000
5809 -1188.0000000000
5819 -1187.0000000000
5830 -1186.0000000000
5854 -1185.0000000000
5870 -1184.0000000000
5884 -1183.0000000000
5886 -1180.0000000000
5926 -1179.0000000000
5948 -1178.0000000000
5956 -1176.0000000000
5985 -1175.0000000000
6008 -1173.0000000000
6028 -1169.0000000000
6045 -1168.0000000000
6084 -1167.0000000000
6088 -1165.0000000000
6124 -1164.0000000000
6144 -1162.0000000000
6161 -1160.0000000000
6173 -1156.0000000000
6204 -1155.0000000000
6210 -1151.0000000000
6250 -1149.0000000000
6252 -1147.0000000000
6268 -1146.0000000000
6287 -1145.0000000000
6304 -1144.0000000000
6306 -1143.0000000000
6323 -1142.0000000000
6347 -1141.0000000000
6364 -1139.0000000000
6368 -1138.0000000000
6395 -1137.0000000000
6403 -1135.0000000000
6428 -1133.0000000000
6442 -1132.0000000000
6471 -1129.0000000000
6484 -1128.0000000000
6493 -1125.0000000000
6548 -1124.0000000000
6567 -1122.0000000000
6585 -1120.0000000000
6598 -1118.0000000000
6614 -1117.0000000000
6628 -1115.0000000000
6653 -1114.0000000000
6664 -1112.0000000000
6682 -1110.0000000000
6694 -1108.0000000000
6727 -1107.0000000000
6742 -1106.0000000000
6765 -1104.0000000000
6774 -1103.0000000000
6785 -1100.0000000000
6814 -1098.0000000000
6839 -1096.0000000000
6840 -1095.0000000000
6868 -1094.0000000000
6904 -1093.0000000000
6913 -1092.0000000000
6939 -1090.0000000000
6975 -1089.0000000000
6996 -1088.0000000000
7021 -1086.0000000000
7034 -1083.0000000000
7044 -1082.0000000000
7073 -1081.0000000000
7081 -1080.0000000000
7105 -1078.0000000000
7146 -1077.0000000000
7150 -1074.0000000000
7187 -1073.0000000000
7201 -1072.0000000000
7227 -1070.0000000000
7245 -1067.0000000000
7267 -1066.0000000000
7290 -1065.0000000000
7302 -1062.0000000000
7342 -1061.0000000000
7364 -1060.0000000000
7384 -1058.0000000000
7416 -1057.0000000000
7431 -1056.0000000000
7444 -1053.0000000000
7462 -1052.0000000000
7474 -1051.0000000000
7488 -1050.0000000000
7517 -1049.0000000000
7523 -1047.0000000000
7575 -1046.0000000000
7591 -1045.0000000000
7605 -1043.0000000000
7635 -1042.0000000000
7651 -1038.0000000000
7683 -1036.0000000000
7736 -1035.0000000000
7742 -1034.0000000000
7749 -1032.0000000000
7809 -1031.0000000000
7821 -1029.0000000000
7838 -1027.0000000000
7849 -1026.0000000000
7862 -1025.0000000000
7872 -1024.0000000000
7895 -1022.0000000000
7904 -1020.0000000000
7927 -1018.0000000000
7932 -1017.0000000000
7966 -1016.0000000000
8007 -1014.0000000000
8033 -1012.0000000000
8061 -1008.0000000000
8122 -1006.0000000000
8131 -1005.0000000000
8149 -1004.0000000000
8167 -1002.0000000000
8182 -1001.0000000000
8227 -997.0000000000
8267 -996.0000000000
8312 -994.0000000000
8330 -991.0000000000
8383 -990.0000000000
8401 -989.0000000000
8404 -987.0000000000
8457 -986.0000000000
8466 -985.0000000000
8487 -984.0000000000
8530 -983.0000000000
8535 -981.0000000000
8545 -980.0000000000
8573 -978.0000000000
8601 -977.0000000000
8621 -974.0000000000
8641 -973.0000000000
8666 -969.0000000000
8703 -967.0000000000
8709 -966.0000000000
8723 -965.0000000000
8731 -964.0000000000
8742 -963.0000000000
8759 -961.0000000000
8782 -960.0000000000
8786 -958.0000000000
8804 -954.0000000000
8841 -952.0000000000
8868 -950.0000000000
8885 -949.0000000000
8901 -945.0000000000
8945 -944.0000000000
8964 -942.0000000000
8968 -941.0000000000
9011 -940.0000000000
9034 -938.0000000000
9062 -937.0000000000
9063 -935.0000000000
9125 -934.0000000000
9131 -932.0000000000
9162 -929.0000000000
9225 -926.0000000000
9249 -925.0000000000
9265 -924.0000000000
9285 -923.0000000000
9317 -919.0000000000
9374 -918.0000000000
9383 -917.0000000000
9402 -915.0000000000
9407 -914.0000000000
9441 -913.0000000000
9473 -910.0000000000
9476 -908.0000000000
9520 -905.0000000000
9564 -904.0000000000
9576 -903.0000000000
9587 -902.0000000000
9611 -900.0000000000
9626 -898.0000000000
9685 -897.0000000000
9702 -895.0000000000
9718 -894.0000000000
9748 -893.0000000000
9763 -892.0000000000
9769 -891.0000000000
9797 -888.0000000000
9807 -885.0000000000
9857 -884.0000000000
9867 -883.0000000000
9868 -882.0000000000
9881 -881.0000000000
9892 -880.0000000000
9919 -876.0000000000
9940 -875.0000000000
9971 -874.0000000000
9987 -873.0000000000
9992 -869.0000000000
10060 -868.0000000000
10111 -867.0000000000
10116 -866.0000000000
10136 -864.0000000000
10152 -862.0000000000
10181 -856.0000000000
10236 -855.0000000000
10261 -853.0000000000
10313 -852.0000000000
10336 -851.0000000000
10341 -850.0000000000
10350 -848.0000000000
10402 -847.0000000000
10436 -846.0000000000
10447 -845.0000000000
10456 -842.0000000000
10482 -841.0000000000
10484 -840.0000000000
10486 -839.0000000000
10501 -833.0000000000
10610 -831.0000000000
10625 -830.0000000000
10637 -829.0000000000
10642 -828.0000000000
10648 -827.0000000000
10680 -824.0000000000
10684 -823.0000000000
10744 -822.0000000000
10752 -820.0000000000
10783 -819.0000000000
10793 -818.0000000000
10806 -817.0000000000
10840 -816.0000000000
10855 -815.0000000000
10869 -814.0000000000
10883 -811.0000000000
10915 -810.0000000000
10935 -809.0000000000
10965 -808.0000000000
10968 -807.0000000000
10975 -805.0000000000
11027 -804.0000000000
11048 -803.0000000000
11061 -802.0000000000
11067 -801.0000000000
11090 -800.0000000000
11105 -799.0000000000
11120 -798.0000000000
11136 -795.0000000000
11146 -793.0000000000
11181 -789.0000000000
11233 -787.0000000000
11280 -786.0000000000
11281 -783.0000000000
11314 -782.0000000000
11361 -780.0000000000
11383 -779.0000000000
11401 -778.0000000000
11434 -776.0000000000
11441 -774.0000000000
11502 -773.0000000000
11541 -772.0000000000
11583 -771.0000000000
11601 -769.0000000000
11626 -768.0000000000
11648 -767.0000000000
11666 -766.0000000000
11689 -765.0000000000
11710 -763.0000000000
11735 -762.0000000000
11742 -761.0000000000
11767 -760.0000000000
11780 -756.0000000000
11833 -755.0000000000
11857 -754.0000000000
11881 -753.0000000000
11906 -751.0000000000
11908 -750.0000000000
11939 -749.0000000000
11963 -748.0000000000
11997 -747.0000000000
12023 -746.0000000000
12043 -745.0000000000
12076 -744.0000000000
12111 -742.0000000000
12140 -741.0000000000
12158 -740.0000000000
12167 -738.0000000000
12213 -736.0000000000
12260 -735.0000000000
12274 -732.0000000000
12317 -729.0000000000
12324 -728.0000000000
12344 -727.0000000000
12354 -726.0000000000
12391 -724.0000000000
12422 -723.0000000000
12454 -721.0000000000
12498 -720.0000000000
12503 -719.0000000000
12520 -718.0000000000
12524 -717.0000000000
12526 -715.0000000000
12569 -714.0000000000
12589 -711.0000000000
12625 -710.0000000000
12649 -709.0000000000
12685 -708.0000000000
12686 -707.0000000000
12691 -706.0000000000
12706 -704.0000000000
12747 -703.0000000000
12765 -701.0000000000
12807 -700.0000000000
12822 -699.0000000000
12828 -697.0000000000
12866 -696.0000000000
12891 -693.0000000000
12902 -692.0000000000
12937 -691.0000000000
12950 -690.0000000000
12970 -689.0000000000
12972 -688.0000000000
13003 -685.0000000000
13044 -683.0000000000
13060 -682.0000000000
13087 -679.0000000000
13106 -678.0000000000
13149 -676.0000000000
13182 -673.0000000000
13225 -672.0000000000
13248 -670.0000000000
13261 -669.0000000000
13282 -668.0000000000
13324 -667.0000000000
13346 -666.0000000000
13352 -665.0000000000
13374 -664.0000000000
13401 -663.0000000000
13415 -662.0000000000
13443 -661.0000000000
13446 -659.0000000000
13479 -657.0000000000
13507 -655.0000000000
13542 -654.0000000000
13576 -652.0000000000
13587 -650.0000000000
13663 -649.0000000000
13665 -647.0000000000
13717 -646.0000000000
13729 -645.0000000000
13741 -644.0000000000
13764 -643.0000000000
13790 -639.0000000000
13813 -638.0000000000
13840 -637.0000000000
13842 -633.0000000000
13919 -631.0000000000
14018 -629.0000000000
14044 -627.0000000000
14067 -626.0000000000
14094 -625.0000000000
14101 -624.0000000000
14132 -623.0000000000
14141 -621.0000000000
14163 -620.0000000000
14217 -619.0000000000
14253 -618.0000000000
14284 -616.0000000000
14288 -615.0000000000
14344 -612.0000000000
14385 -611.0000000000
14404 -610.0000000000
14414 -607.0000000000
14433 -606.0000000000
14475 -605.0000000000
14495 -603.0000000000
14545 -602.0000000000
14556 -601.0000000000
14624 -600.0000000000
14626 -599.0000000000
14645 -598.0000000000
14713 -595.0000000000
14773 -594.0000000000
14797 -593.0000000000
14826 -592.0000000000
14843 -591.0000000000
14846 -589.0000000000
14918 -586.0000000000
14979 -585.0000000000
14981 -584.0000000000
15004 -583.0000000000
15041 -577.0000000000
15124 -575.0000000000
15182 -574.0000000000
15210 -571.0000000000
15236 -570.0000000000
15253 -569.0000000000
15265 -562.0000000000
15294 -561.0000000000
15344 -560.0000000000
15349 -557.0000000000
15418 -556.0000000000
15424 -554.0000000000
15479 -553.0000000000
15501 -552.0000000000
15537 -551.0000000000
15549 -550.0000000000
15597 -547.0000000000
15651 -546.0000000000
15667 -545.0000000000
15687 -544.0000000000
15708 -543.0000000000
15712 -542.0000000000
15750 -541.0000000000
15787 -540.0000000000
15805 -539.0000000000
15862 -538.0000000000
15870 -537.0000000000
15896 -536.0000000000
15914 -535.0000000000
15924 -534.0000000000
15962 -533.0000000000
15973 -532.0000000000
16005 -530.0000000000
16013 -529.0000000000
16028 -528.0000000000
16095 -525.0000000000
16107 -524.0000000000
16126 -523.0000000000
16147 -522.0000000000
16197 -521.0000000000
16207 -519.0000000000
16247 -518.0000000000
16268 -517.0000000000
16307 -515.0000000000
16345 -514.0000000000
16346 -512.0000000000
16385 -510.0000000000
16432 -509.0000000000
16472 -508.0000000000
16505 -506.0000000000
16538 -504.0000000000
16581 -502.0000000000
16629 -501.0000000000
16641 -500.0000000000
16663 -499.0000000000
16672 -498.0000000000
16682 -497.0000000000
16701 -495.0000000000
16745 -492.0000000000
16761 -491.0000000000
16766 -490.0000000000
16781 -489.0000000000
16822 -487.0000000000
16848 -483.0000000000
16853 -482.0000000000
16881 -481.0000000000
16913 -480.0000000000
16927 -479.0000000000
16967 -478.0000000000
16975 -477.0000000000
16980 -476.0000000000
16985 -474.0000000000
17051 -473.0000000000
17054 -472.0000000000
17083 -471.0000000000
17120 -470.0000000000
17133 -469.0000000000
17173 -468.0000000000
17176 -465.0000000000
17224 -464.0000000000
17273 -463.0000000000
17274 -462.0000000000
17285 -461.0000000000
17313 -460.0000000000
17348 -458.0000000000
17377 -456.0000000000
17395 -455.0000000000
17422 -454.0000000000
17469 -453.0000000000
17518 -452.0000000000
17519 -451.0000000000
17528 -450.0000000000
17563 -449.0000000000
17566 -448.0000000000
17644 -445.0000000000
17685 -444.0000000000
17694 -443.0000000000
17710 -441.0000000000
17757 -440.0000000000
17782 -439.0000000000
17818 -437.0000000000
17900 -436.0000000000
17907 -435.0000000000
17934 -434.0000000000
17974 -433.0000000000
17988 -432.0000000000
18000 -431.0000000000
18015 -430.0000000000
18026 -429.0000000000
18048 -427.0000000000
18069 -425.0000000000
18128 -422.0000000000
18178 -421.0000000000
18212 -420.0000000000
18213 -419.0000000000
18243 -416.0000000000
18286 -415.0000000000
18304 -413.0000000000
18370 -409.0000000000
18413 -408.0000000000
18470 -407.0000000000
18508 -406.0000000000
18545 -405.0000000000
18597 -402.0000000000
18622 -401.0000000000
18642 -400.0000000000
18709 -399.0000000000
18725 -398.0000000000
18751 -397.0000000000
18787 -396.0000000000
18853 -395.0000000000
18889 -392.0000000000
18923 -391.0000000000
18997 -390.0000000000
19034 -388.0000000000
19069 -385.0000000000
19160 -384.0000000000
19183 -383.0000000000
19215 -382.0000000000
19246 -380.0000000000
19275 -378.0000000000
19318 -377.0000000000
19363 -376.0000000000
19387 -375.0000000000
19419 -373.0000000000
19466 -372.0000000000
19482 -371.0000000000
19548 -368.0000000000
19578 -367.0000000000
19616 -365.0000000000
19679 -364.0000000000
19681 -363.0000000000
19717 -362.0000000000
19723 -359.0000000000
19747 -358.0000000000
19803 -357.0000000000
19824 -355.0000000000
19903 -354.0000000000
19948 -353.0000000000
19962 -351.0000000000
20005 -350.0000000000
20035 -348.0000000000
20105 -347.0000000000
20121 -346.0000000000
20180 -345.0000000000
20191 -344.0000000000
20243 -343.0000000000
20289 -342.0000000000
20314 -341.0000000000
20322 -338.0000000000
20406 -336.0000000000
20470 -334.0000000000
20527 -333.0000000000
20549 -332.0000000000
20593 -331.0000000000
20606 -329.0000000000
20665 -327.0000000000
20730 -325.0000000000
20766 -323.0000000000
20859 -322.0000000000
20876 -321.0000000000
20909 -320.0000000000
20936 -318.0000000000
21009 -317.0000000000
21062 -316.0000000000
21067 -315.0000000000
21136 -314.0000000000
21154 -311.0000000000
21198 -310.0000000000
21227 -309.0000000000
21311 -308.0000000000
21318 -306.0000000000
21393 -304.0000000000
21447 -301.0000000000
21476 -300.0000000000
21491 -299.0000000000
21509 -298.0000000000
21544 -296.0000000000
21591 -295.0000000000
21629 -294.0000000000
21677 -293.0000000000
21698 -291.0000000000
21721 -290.0000000000
21774 -287.0000000000
21819 -286.0000000000
21876 -285.0000000000
21922 -284.0000000000
21928 -283.0000000000
21993 -281.0000000000
22034 -279.0000000000
22066 -278.0000000000
22139 -277.0000000000
22142 -276.0000000000
22175 -275.0000000000
22214 -273.0000000000
22245 -272.0000000000
22281 -271.0000000000
22316 -270.0000000000
22329 -268.0000000000
22398 -267.0000000000
22413 -265.0000000000
22465 -263.0000000000
22527 -262.0000000000
22602 -260.0000000000
22638 -259.0000000000
22664 -256.0000000000
22697 -255.0000000000
22722 -253.0000000000
22742 -252.0000000000
22763 -251.0000000000
22785 -250.0000000000
22787 -249.0000000000
22806 -247.0000000000
22822 -245.0000000000
22903 -241.0000000000
22964 -240.0000000000
22979 -239.0000000000
23010 -238.0000000000
23036 -236.0000000000
23044 -234.0000000000
23130 -233.0000000000
23197 -232.0000000000
23235 -231.0000000000
23252 -230.0000000000
23286 -229.0000000000
23316 -228.0000000000
23322 -227.0000000000
23380 -223.0000000000
23461 -222.0000000000
23513 -221.0000000000
23555 -220.0000000000
23612 -219.0000000000
23615 -218.0000000000
23627 -217.0000000000
23658 -216.0000000000
23704 -215.0000000000
23707 -214.0000000000
23739 -213.0000000000
23784 -212.0000000000
23847 -210.0000000000
23922 -209.0000000000
23955 -208.0000000000
23984 -206.0000000000
24086 -205.0000000000
24088 -204.0000000000
24129 -203.0000000000
24177 -202.0000000000
24211 -201.0000000000
24227 -200.0000000000
24276 -199.0000000000
24297 -198.0000000000
24307 -197.0000000000
24347 -196.0000000000
24376 -195.0000000000
24453 -194.0000000000
24464 -192.0000000000
24542 -191.0000000000
24565 -190.0000000000
24603 -189.0000000000
24633 -185.0000000000
24663 -184.0000000000
24706 -182.0000000000
24806 -181.0000000000
24819 -180.0000000000
24880 -179.0000000000
24928 -178.0000000000
24972 -176.0000000000
25063 -175.0000000000
25112 -174.0000000000
25118 -173.0000000000
25190 -171.0000000000
25262 -170.0000000000
25355 -168.0000000000
25411 -167.0000000000
25525 -166.0000000000
25581 -165.0000000000
25620 -164.0000000000
25654 -163.0000000000
25755 -162.0000000000
25810 -161.0000000000
25864 -160.0000000000
25889 -159.0000000000
25902 -158.0000000000
25957 -157.0000000000
26012 -156.0000000000
26022 -155.0000000000
26054 -154.0000000000
26090 -152.0000000000
26126 -151.0000000000
26166 -149.0000000000
26290 -148.0000000000
26359 -147.0000000000
26389 -145.0000000000
26445 -144.0000000000
26482 -143.0000000000
26530 -142.0000000000
26562 -141.0000000000
26622 -140.0000000000
26647 -139.0000000000
26727 -138.0000000000
26729 -137.0000000000
26775 -135.0000000000
26825 -134.0000000000
26910 -133.0000000000
26966 -132.0000000000
27017 -131.0000000000
27054 -130.0000000000
27065 -129.0000000000
27110 -127.0000000000
27137 -124.0000000000
27244 -123.0000000000
27298 -122.0000000000
27317 -121.0000000000
27361 -120.0000000000
27418 -119.0000000000
27431 -118.0000000000
27463 -116.0000000000
27543 -115.0000000000
27546 -114.0000000000
27599 -113.0000000000
27606 -112.0000000000
27635 -111.0000000000
27712 -110.0000000000
27732 -108.0000000000
27814 -106.0000000000
27877 -105.0000000000
27893 -104.0000000000
27955 -103.0000000000
27981 -102.0000000000
28054 -101.0000000000
28063 -100.0000000000
28143 -99.0000000000
28210 -97.0000000000
28278 -96.0000000000
28369 -95.0000000000
28478 -94.0000000000
28525 -93.0000000000
28558 -92.0000000000
28590 -91.0000000000
28623 -90.0000000000
28657 -89.0000000000
28705 -88.0000000000
28724 -87.0000000000
28808 -84.0000000000
28933 -82.0000000000
28979 -81.0000000000
29051 -79.0000000000
29142 -78.0000000000
29211 -77.0000000000
29245 -76.0000000000
29305 -74.0000000000
29374 -72.0000000000
29526 -71.0000000000
29639 -70.0000000000
29641 -68.0000000000
29712 -66.0000000000
29764 -65.0000000000
29806 -64.0000000000
29824 -63.0000000000
29846 -61.0000000000
29901 -60.0000000000
29941 -59.0000000000
30050 -58.0000000000
30104 -57.0000000000
30131 -55.0000000000
30171 -54.0000000000
30213 -52.0000000000
30403 -51.0000000000
30417 -50.0000000000
30515 -49.0000000000
30516 -48.0000000000
30521 -47.0000000000
30586 -46.0000000000
30597 -45.0000000000
30706 -44.0000000000
30765 -42.0000000000
30835 -41.0000000000
30878 -40.0000000000
31031 -39.0000000000
31076 -38.0000000000
31135 -36.0000000000
31168 -34.0000000000
31259 -33.0000000000
31271 -32.0000000000
31306 -31.0000000000
31381 -29.0000000000
31588 -28.0000000000
31608 -27.0000000000
31617 -26.0000000000
31712 -23.0000000000
31805 -22.0000000000
31867 -20.0000000000
32103 -19.0000000000
32173 -18.0000000000
32176 -17.0000000000
32281 -16.0000000000
32333 -15.0000000000
32397 -14.0000000000
32549 -13.0000000000
32606 -12.0000000000
32615 -10.0000000000
32780 -9.0000000000
32908 -8.0000000000
32979 -7.0000000000
33015 -6.0000000000
33137 -5.0000000000
33201 -4.0000000000
33236 -1.0000000000
33272 613.2400000000
33346 632.0600000000
33548 658.1700000000
33617 708.6500000000
33658 714.8700000000
33891 717.3600000000
34004 718.6500000000
34047 727.6900000000
34200 786.7000000000
34204 792.7500000000
34213 811.2900000000
34239 814.3800000000
34248 817.0400000000
34279 820.8500000000
34306 822.3300000000
34341 828.0700000000
34353 838.7700000000
34760 842.6300000000
35473 843.1400000000
35543 844.7600000000
35658 846.3600000000
35977 846.9900000000
36077 851.8300000000
36482 856.9900000000
37015 857.3600000000
37125 859.0400000000
38185 864.2300000000
38826 864.6800000000
38933 867.0100000000
38945 867.7700000000
38973 890.3900000000
39336 895.6600000000
39402 900.3400000000
39424 937.9400000000
39439 949.1500000000
39456 949.9600000000
39473 954.1600000000
39491 961.7100000000
39506 965.4100000000
39508 972.5400000000
39535 977.8800000000
39536 981.4800000000
39593 986.1600000000
39635 989.0700000000
39737 997.9500000000
40258 1001.9500000000
40413 1004.9400000000
40490 1006.5000000000
40712 1006.8800000000
41075 1010.1200000000
41205 1020.1200000000
41391 1021.7100000000
41626 1033.9900000000
41874 1035.3100000000
42045 1036.6400000000
42407 1062.0800000000
42435 1076.4600000000
42442 1085.4100000000
42570 1085.8800000000
42650 1092.8500000000
42887 1105.4800000000
43234 1120.6500000000
43280 1135.5400000000
43375 1141.4600000000
44036 1148.2400000000
44059 1154.4100000000
44085 1161.0600000000
44335 1161.8300000000
44340 1169.5200000000
48678 1181.7600000000
49349 1187.4700000000
49800 1193.9900000000
51728 1195.2400000000
51800 1197.9400000000
51859 1200.2900000000
51910 1204.1500000000
52445 1204.3800000000
52593 1206.9200000000
52595 1210.7900000000
52974 1215.3200000000
53066 1219.2800000000
53069 1220.9700000000
53661 1221.0400000000
53783 1223.9500000000
54392 1228.0900000000
58527 1242.8700000000
59729 1255.9400000000
60073 1258.8900000000
60755 1260.6800000000
61322 1263.1900000000
64875 1268.5000000000
69856 1268.8600000000
70176 1269.6600000000
70416 1277.8000000000
71280 1277.8700000000
73182 1278.0700000000
96244 1279.5100000000
100000 1208.6400000000
evaluations raw_y
1 -1936.0000000000
2 -1895.0000000000
4 -1876.0000000000
16 -1853.0000000000
44 -1852.0000000000
55 -1844.0000000000
61 -1834.0000000000
66 -1814.0000000000
95 -1804.0000000000
107 -1796.0000000000
141 -1795.0000000000
142 -1792.0000000000
165 -1784.0000000000
167 -1775.0000000000
184 -1771.0000000000
186 -1760.0000000000
209 -1759.0000000000
213 -1752.0000000000
214 -1747.0000000000
215 -1746.0000000000
226 -1740.0000000000
242 -1734.0000000000
262 -1723.0000000000
298 -1722.0000000000
307 -1721.0000000000
311 -1711.0000000000
322 -1698.0000000000
338 -1691.0000000000
343 -1690.0000000000
366 -1689.0000000000
385 -1688.0000000000
389 -1682.0000000000
407 -1679.0000000000
419 -1674.0000000000
429 -1669.0000000000
466 -1665.0000000000
487 -1662.0000000000
503 -1661.0000000000
512 -1660.0000000000
518 -1658.0000000000
521 -1655.0000000000
530 -1652.0000000000
567 -1651.0000000000
569 -1648.0000000000
597 -1644.0000000000
601 -1643.0000000000
622 -1642.0000000000
648 -1641.0000000000
649 -1634.0000000000
675 -1631.0000000000
702 -1629.0000000000
725 -1627.0000000000
742 -1625.0000000000
770 -1624.0000000000
778 -1621.0000000000
798 -1619.0000000000
817 -1616.0000000000
826 -1615.0000000000
839 -1613.0000000000
843 -1611.0000000000
853 -1608.0000000000
884 -1604.0000000000
923 -1602.0000000000
928 -1600.0000000000
952 -1599.0000000000
967 -1598.0000000000
981 -1595.0000000000
983 -1591.0000000000
1021 -1589.0000000000
1062 -1586.0000000000
1075 -1585.0000000000
1101 -1584.0000000000
1110 -1582.0000000000
1128 -1578.0000000000
1142 -1577.0000000000
1187 -1574.0000000000
1209 -1569.0000000000
1221 -1565.0000000000
1242 -1563.0000000000
1277 -1562.0000000000
1318 -1561.0000000000
1323 -1560.0000000000
1324 -1559.0000000000
1345 -1556.0000000000
1378 -1555.0000000000
1390 -1554.0000000000
1420 -1553.0000000000
1428 -1552.0000000000
1430 -1551.0000000000
1449 -1550.0000000000
1473 -1549.0000000000
1479 -1547.0000000000
1488 -1546.0000000000
1493 -1542.0000000000
1506 -1541.0000000000
1543 -1539.0000000000
1561 -1535.0000000000
1592 -1534.0000000000
1606 -1533.0000000000
1621 -1532.0000000000
1632 -1531.0000000000
1645 -1528.0000000000
1674 -1526.0000000000
1700 -1524.0000000000
1731 -1522.0000000000
1741 -1521.0000000000
1770 -1520.0000000000
1802 -1518.0000000000
1803 -1517.0000000000
1805 -1515.0000000000
1823 -1514.0000000000
1856 -1511.0000000000
1867 -1510.0000000000
1890 -1507.0000000000
1925 -1503.0000000000
1948 -1502.0000000000
1973 -1501.0000000000
1974 -1499.0000000000
1996 -1498.0000000000
2009 -1497.0000000000
2017 -1496.0000000000
2021 -1495.0000000000
2043 -1493.0000000000
2085 -1491.0000000000
2094 -1489.0000000000
2110 -1488.0000000000
2128 -1485.0000000000
2169 -1484.0000000000
2171 -1482.0000000000
2182 -1480.0000000000
2200 -1479.0000000000
2202 -1477.0000000000
2255 -1476.0000000000
2262 -1475.0000000000
2264 -1474.0000000000
2276 -1469.0000000000
2281 -1468.0000000000
2306 -1464.0000000000
2356 -1460.0000000000
2371 -1459.0000000000
2381 -1458.0000000000
2409 -1457.0000000000
2435 -1456.0000000000
2436 -1455.0000000000
2471 -1450.0000000000
2526 -1449.0000000000
2534 -1448.0000000000
2541 -1445.0000000000
2588 -1444.0000000000
2599 -1443.0000000000
2613 -1442.0000000000
2631 -1440.0000000000
2641 -1439.0000000000
2643 -1437.0000000000
2659 -1436.0000000000
2696 -1433.0000000000
2722 -1432.0000000000
2726 -1431.0000000000
2745 -1430.0000000000
2746 -1429.0000000000
2777 -1428.0000000000
2786 -1427.0000000000
2791 -1425.0000000000
2814 -1424.0000000000
2822 -1423.0000000000
2845 -1417.0000000000
2890 -1416.0000000000
2921 -1415.0000000000
2948 -1414.0000000000
2953 -1412.0000000000
2971 -1411.0000000000
2981 -1410.0000000000
3001 -1409.0000000000
3032 -1408.0000000000
3039 -1407.0000000000
3044 -1405.0000000000
3058 -1404.0000000000
3066 -1403.0000000000
3089 -1397.0000000000
3160 -1395.0000000000
3161 -1392.0000000000
3202 -1391.0000000000
3220 -1389.0000000000
3248 -1387.0000000000
3270 -1385.0000000000
3284 -1384.0000000000
3307 -1383.0000000000
3323 -1381.0000000000
3340 -1379.0000000000
3364 -1378.0000000000
3383 -1377.0000000000
3387 -1376.0000000000
3389 -1375.0000000000
3402 -1373.0000000000
3426 -1371.0000000000
3431 -1370.0000000000
3435 -1369.0000000000
3467 -1366.0000000000
3475 -1364.0000000000
3486 -1362.0000000000
3539 -1361.0000000000
3549 -1360.0000000000
3588 -1358.0000000000
3608 -1356.0000000000
3627 -1355.0000000000
3636 -1351.0000000000
3664 -1347.0000000000
3702 -1346.0000000000
3722 -1343.0000000000
3767 -1340.0000000000
3800 -1338.0000000000
3816 -1337.0000000000
3818 -1334.0000000000
3828 -1333.0000000000
3864 -1331.0000000000
3871 -1330.0000000000
3887 -1329.0000000000
3908 -1325.0000000000
3924 -1324.0000000000
3968 -1322.0000000000
3992 -1319.0000000000
4015 -1318.0000000000
4056 -1317.0000000000
4062 -1316.0000000000
4086 -1313.0000000000
4109 -1307.0000000000
4149 -1306.0000000000
4157 -1305.0000000000
4161 -1304.0000000000
4164 -1303.0000000000
4168 -1302.0000000000
4206 -1301.0000000000
4223 -1300.0000000000
4238 -1298.0000000000
4261 -1297.0000000000
4299 -1296.0000000000
4301 -1294.0000000000
4308 -1293.0000000000
4330 -1291.0000000000
4349 -1290.0000000000
4368 -1287.0000000000
4407 -1283.0000000000
4436 -1282.0000000000
4441 -1281.0000000000
4461 -1280.0000000000
4472 -1279.0000000000
4482 -1278.0000000000
4501 -1277.0000000000
4507 -1276.0000000000
4548 -1275.0000000000
4567 -1273.0000000000
4584 -1272.0000000000
4586 -1271.0000000000
4621 -1265.0000000000
4687 -1262.0000000000
4724 -1260.0000000000
4757 -1259.0000000000
4771 -1257.0000000000
4798 -1255.0000000000
4825 -1254.0000000000
4831 -1253.0000000000
4846 -1251.0000000000
4852 -1249.0000000000
4880 -1248.0000000000
4889 -1245.0000000000
4912 -1244.0000000000
4945 -1242.0000000000
4955 -1239.0000000000
4977 -1238.0000000000
4983 -1236.0000000000
5004 -1231.0000000000
5054 -1226.0000000000
5069 -1225.0000000000
5087 -1224.0000000000
5115 -1223.0000000000
5163 -1222.0000000000
5195 -1221.0000000000
5217 -1220.0000000000
5221 -1219.0000000000
5229 -1217.0000000000
5244 -1215.0000000000
5276 -1213.0000000000
5306 -1211.0000000000
5355 -1210.0000000000
5361 -1209.0000000000
5396 -1206.0000000000
5425 -1201.0000000000
5482 -1200.0000000000
5497 -1199.0000000000
5516 -1198.0000000000
5534 -1196.0000000000
5553 -1194.0000000000
5565 -1193.0000000000
5566 -1192.0000000000
5577 -1191.0000000000
5585 -1189.0000000000
5618 -1187.0000000000
5631 -1186.0000000000
5649 -1185.0000000000
5653 -1183.0000000000
5688 -1182.0000000000
5711 -1181.0000000000
5720 -1180.0000000000
5725 -1179.0000000000
5731 -1178.0000000000
5739 -1175.0000000000
5776 -1174.0000000000
5785 -1171.0000000000
5826 -1168.0000000000
5864 -1163.0000000000
5888 -1162.0000000000
5909 -1161.0000000000
5920 -1160.0000000000
5947 -1158.0000000000
5961 -1157.0000000000
5963 -1154.0000000000
5998 -1153.0000000000
6011 -1151.0000000000
6063 -1148.0000000000
6069 -1147.0000000000
6102 -1144.0000000000
6125 -1143.0000000000
6145 -1140.0000000000
6167 -1139.0000000000
6184 -1138.0000000000
6227 -1136.0000000000
6246 -1135.0000000000
6268 -1132.0000000000
6302 -1131.0000000000
6314 -1124.0000000000
6381 -1122.0000000000
6395 -1120.0000000000
6416 -1117.0000000000
6462 -1116.0000000000
6502 -1115.0000000000
6511 -1114.0000000000
6535 -1113.0000000000
6538 -1112.0000000000
6561 -1106.0000000000
6604 -1104.0000000000
6605 -1103.0000000000
6666 -1101.0000000000
6671 -1100.0000000000
6681 -1099.0000000000
6724 -1098.0000000000
6729 -1096.0000000000
6750 -1094.0000000000
6768 -1093.0000000000
6775 -1092.0000000000
6792 -1091.0000000000
6812 -1090.0000000000
6816 -1089.0000000000
6833 -1088.0000000000
6854 -1087.0000000000
6885 -1085.0000000000
6904 -1084.0000000000
6911 -1083.0000000000
6941 -1081.0000000000
6955 -1078.0000000000
6981 -1077.0000000000
7017 -1076.0000000000
7025 -1075.0000000000
7045 -1073.0000000000
7074 -1069.0000000000
7143 -1067.0000000000
7164 -1066.0000000000
7187 -1065.0000000000
7203 -1063.0000000000
7211 -1062.0000000000
7230 -1061.0000000000
7241 -1058.0000000000
7293 -1057.0000000000
7313 -1056.0000000000
7323 -1055.0000000000
7341 -1054.0000000000
7363 -1051.0000000000
7398 -1050.0000000000
7412 -1045.0000000000
7469 -1044.0000000000
7481 -1040.0000000000
7533 -1039.0000000000
7550 -1038.0000000000
7566 -1034.0000000000
7597 -1032.0000000000
7625 -1031.0000000000
7649 -1030.0000000000
7663 -1027.0000000000
7713 -1025.0000000000
7725 -1023.0000000000
7780 -1022.0000000000
7784 -1021.0000000000
7804 -1019.0000000000
7867 -1018.0000000000
7885 -1017.0000000000
7910 -1016.0000000000
7934 -1015.0000000000
7935 -1014.0000000000
7967 -1012.0000000000
7976 -1011.0000000000
7994 -1008.0000000000
8033 -1005.0000000000
8050 -1004.0000000000
8073 -1003.0000000000
8097 -1002.0000000000
8102 -1000.0000000000
8144 -999.0000000000
8171 -995.0000000000
8198 -993.0000000000
8208 -992.0000000000
8212 -991.0000000000
8247 -989.0000000000
8264 -988.0000000000
8283 -986.0000000000
8309 -984.0000000000
8341 -983.0000000000
8352 -982.0000000000
8386 -981.0000000000
8402 -980.0000000000
8420 -978.0000000000
8450 -977.0000000000
8454 -975.0000000000
8481 -974.0000000000
8490 -973.0000000000
8498 -972.0000000000
8507 -970.0000000000
8550 -968.0000000000
8577 -966.0000000000
8591 -965.0000000000
8651 -964.0000000000
8673 -963.0000000000
8682 -962.0000000000
8701 -961.0000000000
8750 -959.0000000000
8758 -958.0000000000
8772 -955.0000000000
8825 -954.0000000000
8826 -953.0000000000
8852 -952.0000000000
8866 -951.0000000000
8895 -950.0000000000
8902 -947.0000000000
8942 -946.0000000000
8980 -945.0000000000
8991 -943.0000000000
9008 -942.0000000000
9026 -940.0000000000
9029 -938.0000000000
9043 -937.0000000000
9074 -936.0000000000
9091 -935.0000000000
9105 -934.0000000000
9126 -931.0000000000
9195 -930.0000000000
9213 -926.0000000000
9270 -925.0000000000
9271 -924.0000000000
9274 -922.0000000000
9288 -921.0000000000
9342 -919.0000000000
9384 -917.0000000000
9416 -915.0000000000
9440 -914.0000000000
9441 -910.0000000000
9470 -908.0000000000
9510 -906.0000000000
9535 -904.0000000000
9564 -903.0000000000
9590 -902.0000000000
9616 -899.0000000000
9655 -898.0000000000
9661 -897.0000000000
9682 -896.0000000000
9694 -895.0000000000
9720 -892.0000000000
9722 -890.0000000000
9797 -889.0000000000
9826 -888.0000000000
9830 -887.0000000000
9855 -884.0000000000
9904 -881.0000000000
9972 -880.0000000000
9978 -877.0000000000
10002 -875.0000000000
10032 -874.0000000000
10057 -870.0000000000
10098 -868.0000000000
10146 -866.0000000000
10196 -865.0000000000
10206 -864.0000000000
10221 -863.0000000000
10252 -862.0000000000
10264 -860.0000000000
10275 -859.0000000000
10306 -858.0000000000
10333 -856.0000000000
10344 -855.0000000000
10385 -854.0000000000
10393 -851.0000000000
10404 -850.0000000000
10423 -849.0000000000
10427 -848.0000000000
10453 -847.0000000000
10466 -845.0000000000
10520 -843.0000000000
10544 -842.0000000000
10546 -841.0000000000
10561 -840.0000000000
10589 -839.0000000000
10604 -838.0000000000
10606 -837.0000000000
10609 -836.0000000000
10621 -835.0000000000
10681 -833.0000000000
10759 -832.0000000000
10780 -831.0000000000
10786 -830.0000000000
10823 -829.0000000000
10849 -827.0000000000
10866 -826.0000000000
10880 -824.0000000000
10889 -822.0000000000
10927 -821.0000000000
10949 -818.0000000000
10980 -817.0000000000
11005 -816.0000000000
11064 -815.0000000000
11087 -814.0000000000
11102 -812.0000000000
11130 -809.0000000000
11187 -808.0000000000
11189 -805.0000000000
11261 -804.0000000000
11286 -800.0000000000
11349 -798.0000000000
11361 -797.0000000000
11423 -796.0000000000
11425 -795.0000000000
11448 -793.0000000000
11475 -792.0000000000
11492 -788.0000000000
11552 -787.0000000000
11569 -785.0000000000
11574 -784.0000000000
11577 -783.0000000000
11605 -781.0000000000
11622 -780.0000000000
11654 -779.0000000000
11673 -776.0000000000
11722 -774.0000000000
11742 -773.0000000000
11781 -772.0000000000
11783 -771.0000000000
11793 -770.0000000000
11807 -769.0000000000
11823 -768.0000000000
11841 -767.0000000000
11863 -765.0000000000
11913 -764.0000000000
11927 -763.0000000000
11956 -761.0000000000
11967 -760.0000000000
11981 -756.0000000000
12063 -755.0000000000
12095 -754.0000000000
12143 -753.0000000000
12163 -751.0000000000
12189 -750.0000000000
12238 -748.0000000000
12259 -746.0000000000
12281 -745.0000000000
12313 -744.0000000000
12321 -743.0000000000
12356 -742.0000000000
12377 -741.0000000000
12383 -739.0000000000
12423 -738.0000000000
12444 -737.0000000000
12461 -735.0000000000
12501 -733.0000000000
12554 -730.0000000000
12585 -729.0000000000
12605 -728.0000000000
12641 -727.0000000000
12656 -725.0000000000
12702 -724.0000000000
12724 -723.0000000000
12728 -722.0000000000
12750 -721.0000000000
12762 -720.0000000000
12803 -719.0000000000
12808 -717.0000000000
12847 -716.0000000000
12883 -715.0000000000
12891 -714.0000000000
12919 -713.0000000000
12954 -712.0000000000
12974 -709.0000000000
13058 -708.0000000000
13064 -706.0000000000
13068 -705.0000000000
13118 -704.0000000000
13125 -703.0000000000
13150 -702.0000000000
13186 -701.0000000000
13201 -698.0000000000
13244 -697.0000000000
13258 -695.0000000000
13265 -693.0000000000
13308 -690.0000000000
13409 -688.0000000000
13425 -687.0000000000
13454 -686.0000000000
13471 -684.0000000000
13504 -681.0000000000
13537 -680.0000000000
13590 -679.0000000000
13612 -678.0000000000
13653 -675.0000000000
13709 -673.0000000000
13741 -669.0000000000
13777 -668.0000000000
13838 -666.0000000000
13866 -665.0000000000
13884 -664.0000000000
13937 -663.0000000000
13942 -661.0000000000
13996 -660.0000000000
14015 -659.0000000000
14029 -657.0000000000
14067 -656.0000000000
14101 -655.0000000000
14103 -654.0000000000
14123 -653.0000000000
14130 -652.0000000000
14173 -651.0000000000
14181 -650.0000000000
14199 -647.0000000000
14213 -645.0000000000
14281 -643.0000000000
14320 -641.0000000000
14370 -640.0000000000
14372 -639.0000000000
14381 -638.0000000000
14390 -637.0000000000
14404 -636.0000000000
14431 -635.0000000000
14445 -634.0000000000
14488 -633.0000000000
14495 -632.0000000000
14516 -631.0000000000
14543 -630.0000000000
14556 -629.0000000000
14588 -628.0000000000
14607 -627.0000000000
14632 -626.0000000000
14650 -625.0000000000
14657 -624.0000000000
14663 -622.0000000000
14717 -621.0000000000
14727 -619.0000000000
14733 -618.0000000000
14770 -617.0000000000
14786 -616.0000000000
14803 -614.0000000000
14807 -613.0000000000
14825 -612.0000000000
14885 -611.0000000000
14907 -610.0000000000
14908 -609.0000000000
14944 -607.0000000000
14995 -605.0000000000
15008 -604.0000000000
15037 -603.0000000000
15047 -601.0000000000
15102 -600.0000000000
15115 -599.0000000000
15129 -598.0000000000
15178 -597.0000000000
15192 -596.0000000000
15212 -594.0000000000
15246 -593.0000000000
15250 -591.0000000000
15276 -590.0000000000
15318 -589.0000000000
15325 -587.0000000000
15349 -586.0000000000
15382 -585.0000000000
15410 -584.0000000000
15444 -583.0000000000
15475 -580.0000000000
15488 -579.0000000000
15554 -577.0000000000
15573 -576.0000000000
15593 -575.0000000000
15630 -573.0000000000
15649 -572.0000000000
15668 -571.0000000000
15699 -569.0000000000
15721 -567.0000000000
15775 -566.0000000000
15808 -563.0000000000
15877 -562.0000000000
15883 -561.0000000000
15924 -560.0000000000
15970 -559.0000000000
16013 -558.0000000000
16042 -556.0000000000
16072 -555.0000000000
16081 -554.0000000000
16112 -553.0000000000
16120 -552.0000000000
16141 -551.0000000000
16161 -550.0000000000
16232 -547.0000000000
16281 -546.0000000000
16289 -544.0000000000
16338 -543.0000000000
16360 -542.0000000000
16370 -541.0000000000
16417 -540.0000000000
16424 -538.0000000000
16468 -537.0000000000
16471 -535.0000000000
16489 -534.0000000000
16525 -533.0000000000
16569 -532.0000000000
16600 -531.0000000000
16627 -529.0000000000
16649 -527.0000000000
16722 -526.0000000000
16751 -524.0000000000
16786 -520.0000000000
16827 -519.0000000000
16861 -516.0000000000
16923 -515.0000000000
16939 -513.0000000000
16959 -512.0000000000
16973 -511.0000000000
16983 -509.0000000000
17008 -508.0000000000
17038 -507.0000000000
17109 -506.0000000000
17111 -505.0000000000
17130 -504.0000000000
17180 -502.0000000000
17183 -501.0000000000
17289 -500.0000000000
17294 -499.0000000000
17324 -498.0000000000
17360 -497.0000000000
17372 -495.0000000000
17407 -493.0000000000
17428 -491.0000000000
17461 -490.0000000000
17503 -489.0000000000
17521 -488.0000000000
17543 -485.0000000000
17577 -484.0000000000
17633 -483.0000000000
17642 -482.0000000000
17686 -481.0000000000
17742 -480.0000000000
17756 -479.0000000000
17776 -478.0000000000
17809 -477.0000000000
17877 -476.0000000000
17884 -474.0000000000
17964 -472.0000000000
17999 -470.0000000000
18034 -469.0000000000
18093 -467.0000000000
18121 -466.0000000000
18158 -465.0000000000
18162 -464.0000000000
18204 -463.0000000000
18221 -459.0000000000
18283 -458.0000000000
18349 -456.0000000000
18410 -455.0000000000
18418 -454.0000000000
18455 -453.0000000000
18548 -452.0000000000
18598 -451.0000000000
18625 -449.0000000000
18696 -447.0000000000
18783 -446.0000000000
18796 -445.0000000000
18814 -442.0000000000
18842 -441.0000000000
18857 -439.0000000000
18937 -437.0000000000
18961 -436.0000000000
19011 -435.0000000000
19058 -434.0000000000
19088 -433.0000000000
19107 -429.0000000000
19212 -428.0000000000
19225 -426.0000000000
19263 -425.0000000000
19296 -424.0000000000
19300 -423.0000000000
19323 -422.0000000000
19328 -421.0000000000
19341 -420.0000000000
19367 -418.0000000000
19428 -417.0000000000
19465 -414.0000000000
19489 -410.0000000000
19569 -409.0000000000
19633 -408.0000000000
19652 -407.0000000000
19677 -405.0000000000
19760 -404.0000000000
19788 -403.0000000000
19814 -402.0000000000
19844 -401.0000000000
19879 -400.0000000000
19881 -398.0000000000
19926 -396.0000000000
19980 -394.0000000000
20007 -390.0000000000
20063 -389.0000000000
20120 -388.0000000000
20138 -387.0000000000
20149 -386.0000000000
20213 -385.0000000000
20243 -384.0000000000
20304 -382.0000000000
20358 -381.0000000000
20387 -379.0000000000
20428 -378.0000000000
20448 -377.0000000000
20469 -375.0000000000
20481 -371.0000000000
20537 -370.0000000000
20587 -366.0000000000
20643 -365.0000000000
20678 -362.0000000000
20738 -359.0000000000
20806 -358.0000000000
20876 -357.0000000000
20916 -355.0000000000
20949 -354.0000000000
21003 -353.0000000000
21018 -352.0000000000
21046 -350.0000000000
21052 -349.0000000000
21104 -347.0000000000
21149 -346.0000000000
21219 -345.0000000000
21234 -344.0000000000
21262 -342.0000000000
21263 -339.0000000000
21303 -338.0000000000
21344 -337.0000000000
21373 -336.0000000000
21423 -333.0000000000
21483 -332.0000000000
21521 -329.0000000000
21589 -328.0000000000
21624 -327.0000000000
21643 -326.0000000000
21718 -323.0000000000
21788 -320.0000000000
21826 -318.0000000000
21844 -317.0000000000
21901 -316.0000000000
21930 -315.0000000000
21949 -313.0000000000
22030 -311.0000000000
22114 -310.0000000000
22115 -309.0000000000
22159 -307.0000000000
22223 -305.0000000000
22251 -303.0000000000
22312 -302.0000000000
22332 -301.0000000000
22368 -299.0000000000
22375 -298.0000000000
22421 -297.0000000000
22443 -294.0000000000
22531 -293.0000000000
22574 -292.0000000000
22631 -291.0000000000
22679 -290.0000000000
22707 -288.0000000000
22743 -287.0000000000
22778 -286.0000000000
22817 -285.0000000000
22822 -284.0000000000
22887 -283.0000000000
22909 -282.0000000000
22921 -281.0000000000
22954 -280.0000000000
23004 -279.0000000000
23028 -277.0000000000
23057 -276.0000000000
23079 -275.0000000000
23128 -274.0000000000
23151 -273.0000000000
23160 -271.0000000000
23244 -270.0000000000
23291 -268.0000000000
23366 -267.0000000000
23399 -266.0000000000
23405 -262.0000000000
23584 -260.0000000000
23625 -259.0000000000
23648 -258.0000000000
23690 -257.0000000000
23706 -256.0000000000
23743 -255.0000000000
23781 -254.0000000000
23838 -252.0000000000
23867 -251.0000000000
23918 -250.0000000000
23923 -249.0000000000
23945 -248.0000000000
23951 -246.0000000000
23970 -245.0000000000
24005 -244.0000000000
24065 -242.0000000000
24130 -240.0000000000
24177 -239.0000000000
24223 -238.0000000000
24243 -236.0000000000
24316 -235.0000000000
24362 -234.0000000000
24405 -232.0000000000
24438 -231.0000000000
24523 -230.0000000000
24532 -229.0000000000
24584 -228.0000000000
24620 -227.0000000000
24672 -226.0000000000
24695 -225.0000000000
24730 -224.0000000000
24745 -223.0000000000
24749 -220.0000000000
24771 -218.0000000000
24836 -216.0000000000
24909 -215.0000000000
24922 -213.0000000000
24949 -212.0000000000
25003 -211.0000000000
25046 -209.0000000000
25108 -208.0000000000
25136 -207.0000000000
25195 -205.0000000000
25199 -203.0000000000
25260 -202.0000000000
25311 -201.0000000000
25336 -200.0000000000
25369 -198.0000000000
25406 -196.0000000000
25461 -195.0000000000
25502 -194.0000000000
25542 -192.0000000000
25570 -191.0000000000
25636 -190.0000000000
25646 -189.0000000000
25659 -188.0000000000
25709 -187.0000000000
25776 -186.0000000000
25789 -185.0000000000
25809 -182.0000000000
25910 -181.0000000000
25971 -180.0000000000
25988 -179.0000000000
26054 -178.0000000000
26113 -176.0000000000
26133 -175.0000000000
26205 -174.0000000000
26305 -172.0000000000
26311 -171.0000000000
26392 -170.0000000000
26445 -169.0000000000
26503 -168.0000000000
26516 -167.0000000000
26529 -166.0000000000
26564 -165.0000000000
26573 -164.0000000000
26596 -163.0000000000
26639 -162.0000000000
26683 -161.0000000000
26728 -160.0000000000
26736 -158.0000000000
26847 -157.0000000000
26881 -156.0000000000
26903 -153.0000000000
27039 -152.0000000000
27048 -151.0000000000
27171 -150.0000000000
27237 -149.0000000000
27274 -147.0000000000
27337 -146.0000000000
27375 -145.0000000000
27417 -144.0000000000
27470 -143.0000000000
27507 -142.0000000000
27563 -141.0000000000
27568 -140.0000000000
27655 -139.0000000000
27657 -138.0000000000
27675 -137.0000000000
27767 -135.0000000000
27824 -134.0000000000
27917 -133.0000000000
28018 -132.0000000000
28049 -131.0000000000
28100 -130.0000000000
28159 -127.0000000000
28218 -125.0000000000
28294 -124.0000000000
28384 -123.0000000000
28441 -122.0000000000
28473 -121.0000000000
28520 -119.0000000000
28610 -118.0000000000
28632 -117.0000000000
28665 -116.0000000000
28760 -115.0000000000
28774 -114.0000000000
28812 -113.0000000000
28848 -112.0000000000
28851 -110.0000000000
28869 -109.0000000000
28956 -108.0000000000
29049 -107.0000000000
29063 -106.0000000000
29130 -105.0000000000
29182 -104.0000000000
29255 -103.0000000000
29279 -102.0000000000
29328 -101.0000000000
29348 -99.0000000000
29394 -98.0000000000
29468 -97.0000000000
29556 -96.0000000000
29631 -95.0000000000
29671 -94.0000000000
29689 -93.0000000000
29739 -90.0000000000
29896 -89.0000000000
29954 -87.0000000000
30060 -86.0000000000
30119 -85.0000000000
30180 -84.0000000000
30244 -83.0000000000
30278 -82.0000000000
30339 -81.0000000000
30384 -80.0000000000
30407 -78.0000000000
30496 -74.0000000000
30569 -73.0000000000
30689 -72.0000000000
30752 -70.0000000000
30876 -69.0000000000
30923 -68.0000000000
30977 -67.0000000000
31030 -66.0000000000
31047 -65.0000000000
31097 -63.0000000000
31184 -62.0000000000
31253 -61.0000000000
31355 -60.0000000000
31412 -59.0000000000
31419 -58.0000000000
31428 -57.0000000000
31477 -56.0000000000
31517 -55.0000000000
31541 -54.0000000000
31589 -53.0000000000
31634 -52.0000000000
31753 -51.0000000000
31756 -50.0000000000
31787 -49.0000000000
31815 -48.0000000000
31929 -47.0000000000
31941 -46.0000000000
31991 -45.0000000000
32037 -43.0000000000
32172 -42.0000000000
32233 -41.0000000000
32276 -40.0000000000
32353 -39.0000000000
32363 -38.0000000000
32421 -37.0000000000
32433 -36.0000000000
32514 -34.0000000000
32579 -32.0000000000
32591 -31.0000000000
32664 -30.0000000000
32743 -29.0000000000
32781 -28.0000000000
32818 -26.0000000000
32921 -25.0000000000
33051 -24.0000000000
33207 -22.0000000000
33295 -21.0000000000
33372 -20.0000000000
33375 -19.0000000000
33412 -18.0000000000
33428 -17.0000000000
33459 -16.0000000000
33464 -15.0000000000
33507 -14.0000000000
33643 -13.0000000000
33671 -12.0000000000
33724 -11.0000000000
33842 -10.0000000000
33907 -9.0000000000
34049 -6.0000000000
34154 -5.0000000000
34216 -4.0000000000
34303 -3.0000000000
34391 -2.0000000000
34409 -1.0000000000
34440 618.2100000000
35265 630.2100000000
36083 645.1700000000
36226 647.6700000000
36245 649.5900000000
36264 655.3300000000
36284 658.7600000000
36303 687.0800000000
36383 688.1000000000
36391 699.2400000000
36395 699.4100000000
36405 706.9000000000
36427 716.5900000000
36444 719.5200000000
36576 723.4900000000
36577 731.4500000000
36588 755.2300000000
36600 768.1700000000
36619 776.4200000000
36665 786.9500000000
36676 794.8400000000
36748 802.1300000000
37013 805.9500000000
37266 813.1500000000
37296 815.0300000000
37321 827.0000000000
37360 841.6200000000
37525 841.6400000000
37615 843.3700000000
37638 853.0400000000
37644 867.6200000000
37662 924.1200000000
37728 927.2700000000
37764 937.3800000000
37852 940.9400000000
37888 949.6600000000
37903 951.9400000000
38096 952.6400000000
38162 997.8200000000
38206 998.4400000000
38214 1007.1700000000
38223 1014.3300000000
38294 1019.7000000000
38316 1020.9100000000
38450 1023.6300000000
38468 1025.3300000000
38674 1032.6700000000
38697 1038.1600000000
38811 1041.3900000000
38839 1057.0200000000
38848 1059.1100000000
38963 1074.5000000000
39499 1074.8500000000
40553 1082.4100000000
41193 1084.9100000000
41217 1088.7100000000
41875 1097.7800000000
44835 1097.8500000000
45240 1102.7200000000
45416 1106.0000000000
45537 1107.5000000000
45669 1114.5200000000
45683 1120.3300000000
45794 1129.7100000000
45818 1134.2000000000
46043 1136.2800000000
47176 1166.4200000000
47196 1188.2200000000
47316 1196.8400000000
47356 1198.1200000000
47391 1199.4100000000
47622 1199.4300000000
47745 1215.1800000000
47782 1216.4300000000
48546 1217.7600000000
48758 1218.6200000000
48937 1224.1000000000
49055 1224.1900000000
49474 1226.9600000000
49509 1227.3000000000
49886 1231.3200000000
50028 1235.1600000000
50223 1244.0300000000
54876 1247.9500000000
55197 1253.6100000000
55960 1254.6900000000
56121 1257.3400000000
56409 1263.5200000000
58462 1265.0800000000
59678 1270.0300000000
60140 1276.7600000000
61128 1279.7100000000
70969 1280.2300000000
71031 1282.7100000000
72159 1284.2700000000
76296 1285.2600000000
77019 1287.9600000000
77366 1288.5700000000
77784 1302.2800000000
86255 1303.9800000000
86488 1304.4500000000
87611 1316.5800000000
100000 1099.8300000000
evaluations raw_y
1 -1933.0000000000
7 -1880.0000000000
44 -1877.0000000000
49 -1876.0000000000
51 -1863.0000000000
78 -1860.0000000000
86 -1859.0000000000
87 -1855.0000000000
109 -1842.0000000000
114 -1835.0000000000
129 -1823.0000000000
141 -1822.0000000000
162 -1819.0000000000
164 -1810.0000000000
188 -1797.0000000000
192 -1788.0000000000
240 -1785.0000000000
241 -1783.0000000000
244 -1777.0000000000
264 -1771.0000000000
268 -1761.0000000000
284 -1758.0000000000
288 -1749.0000000000
306 -1722.0000000000
324 -1718.0000000000
347 -1716.0000000000
368 -1715.0000000000
381 -1708.0000000000
399 -1707.0000000000
406 -1700.0000000000
416 -1694.0000000000
424 -1693.0000000000
429 -1676.0000000000
488 -1675.0000000000
496 -1665.0000000000
500 -1664.0000000000
510 -1662.0000000000
522 -1660.0000000000
529 -1659.0000000000
543 -1654.0000000000
561 -1650.0000000000
577 -1647.0000000000
599 -1646.0000000000
613 -1644.0000000000
616 -1640.0000000000
625 -1638.0000000000
641 -1635.0000000000
661 -1630.0000000000
699 -1628.0000000000
706 -1627.0000000000
736 -1625.0000000000
743 -1623.0000000000
747 -1622.0000000000
756 -1621.0000000000
765 -1618.0000000000
787 -1617.0000000000
788 -1615.0000000000
818 -1614.0000000000
827 -1613.0000000000
828 -1611.0000000000
833 -1610.0000000000
836 -1607.0000000000
853 -1605.0000000000
873 -1604.0000000000
886 -1603.0000000000
891 -1602.0000000000
895 -1597.0000000000
902 -1596.0000000000
922 -1593.0000000000
941 -1589.0000000000
976 -1587.0000000000
983 -1585.0000000000
1015 -1582.0000000000
1023 -1581.0000000000
1035 -1579.0000000000
1062 -1578.0000000000
1082 -1575.0000000000
1104 -1573.0000000000
1124 -1572.0000000000
1138 -1571.0000000000
1145 -1568.0000000000
1185 -1567.0000000000
1202 -1566.0000000000
1204 -1565.0000000000
1223 -1563.0000000000
1241 -1559.0000000000
1273 -1557.0000000000
1303 -1555.0000000000
1322 -1554.0000000000
1347 -1553.0000000000
1355 -1551.0000000000
1368 -1550.0000000000
1390 -1548.0000000000
1418 -1547.0000000000
1441 -1546.0000000000
1446 -1545.0000000000
1462 -1544.0000000000
1468 -1543.0000000000
1483 -1542.0000000000
1498 -1541.0000000000
1519 -1540.0000000000
1520 -1539.0000000000
1526 -1538.0000000000
1551 -1537.0000000000
1552 -1534.0000000000
1592 -1533.0000000000
1601 -1528.0000000000
1679 -1527.0000000000
1681 -1526.0000000000
1698 -1525.0000000000
1703 -1524.0000000000
1705 -1523.0000000000
1732 -1522.0000000000
1735 -1520.0000000000
1761 -1517.0000000000
1779 -1514.0000000000
1801 -1513.0000000000
1807 -1512.0000000000
1825 -1510.0000000000
1864 -1509.0000000000
1880 -1508.0000000000
1913 -1507.0000000000
1922 -1506.0000000000
1951 -1505.0000000000
1960 -1502.0000000000
1982 -1500.0000000000
1993 -1499.0000000000
2007 -1498.0000000000
2021 -1497.0000000000
2055 -1496.0000000000
2057 -1495.0000000000
2066 -1494.0000000000
2082 -1493.0000000000
2089 -1492.0000000000
2097 -1489.0000000000
2106 -1488.0000000000
2144 -1486.0000000000
2147 -1484.0000000000
2183 -1483.0000000000
2200 -1482.0000000000
2227 -1479.0000000000
2267 -1475.0000000000
2310 -1473.0000000000
2348 -1471.0000000000
2370 -1470.0000000000
2388 -1469.0000000000
2402 -1468.0000000000
2405 -1465.0000000000
2439 -1464.0000000000
2444 -1461.0000000000
2472 -1459.0000000000
2523 -1454.0000000000
2561 -1453.0000000000
2569 -1452.0000000000
2625 -1451.0000000000
2628 -1448.0000000000
2684 -1447.0000000000
2691 -1444.0000000000
2727 -1441.0000000000
2729 -1440.0000000000
2743 -1437.0000000000
2765 -1435.0000000000
2790 -1433.0000000000
2812 -1432.0000000000
2829 -1430.0000000000
2843 -1428.0000000000
2860 -1427.0000000000
2875 -1426.0000000000
2879 -1424.0000000000
2880 -1423.0000000000
2901 -1421.0000000000
2921 -1420.0000000000
2926 -1419.0000000000
2961 -1418.0000000000
2962 -1416.0000000000
2969 -1413.0000000000
3001 -1410.0000000000
3042 -1405.0000000000
3092 -1404.0000000000
3110 -1403.0000000000
3125 -1401.0000000000
3146 -1398.0000000000
3171 -1397.0000000000
3185 -1394.0000000000
3195 -1393.0000000000
3211 -1391.0000000000
3245 -1388.0000000000
3258 -1386.0000000000
3284 -1385.0000000000
3297 -1383.0000000000
3332 -1382.0000000000
3337 -1381.0000000000
3353 -1380.0000000000
3356 -1379.0000000000
3366 -1377.0000000000
3381 -1374.0000000000
3443 -1373.0000000000
3460 -1371.0000000000
3521 -1368.0000000000
3537 -1367.0000000000
3567 -1366.0000000000
3595 -1365.0000000000
3604 -1364.0000000000
3608 -1362.0000000000
3640 -1361.0000000000
3663 -1358.0000000000
3701 -1357.0000000000
3712 -1354.0000000000
3739 -1352.0000000000
3764 -1351.0000000000
3766 -1349.0000000000
3770 -1348.0000000000
3806 -1347.0000000000
3823 -1346.0000000000
3824 -1345.0000000000
3856 -1341.0000000000
3905 -1340.0000000000
3906 -1339.0000000000
3922 -1338.0000000000
3933 -1336.0000000000
3944 -1334.0000000000
3961 -1332.0000000000
3967 -1331.0000000000
3985 -1330.0000000000
3997 -1328.0000000000
3999 -1327.0000000000
4010 -1326.0000000000
4038 -1322.0000000000
4055 -1321.0000000000
4067 -1320.0000000000
4071 -1319.0000000000
4100 -1318.0000000000
4103 -1317.0000000000
4130 -1315.0000000000
4150 -1314.0000000000
4165 -1313.0000000000
4186 -1312.0000000000
4216 -1311.0000000000
4222 -1308.0000000000
4254 -1307.0000000000
4283 -1306.0000000000
4284 -1304.0000000000
4322 -1302.0000000000
4326 -1300.0000000000
4366 -1298.0000000000
4385 -1297.0000000000
4393 -1292.0000000000
4419 -1290.0000000000
4421 -1288.0000000000
4465 -1285.0000000000
4493 -1282.0000000000
4515 -1280.0000000000
4523 -1278.0000000000
4581 -1275.0000000000
4600 -1274.0000000000
4605 -1273.0000000000
4628 -1272.0000000000
4644 -1271.0000000000
4671 -1267.0000000000
4703 -1266.0000000000
4704 -1264.0000000000
4755 -1263.0000000000
4762 -1259.0000000000
4812 -1258.0000000000
4822 -1257.0000000000
4843 -1256.0000000000
4869 -1255.0000000000
4876 -1254.0000000000
4890 -1253.0000000000
4901 -1249.0000000000
4951 -1246.0000000000
4972 -1244.0000000000
4992 -1243.0000000000
5021 -1242.0000000000
5041 -1241.0000000000
5049 -1239.0000000000
5052 -1238.0000000000
5073 -1236.0000000000
5085 -1234.0000000000
5124 -1233.0000000000
5150 -1232.0000000000
5158 -1231.0000000000
5170 -1230.0000000000
5190 -1229.0000000000
5209 -1228.0000000000
5221 -1226.0000000000
5237 -1225.0000000000
5262 -1224.0000000000
5274 -1223.0000000000
5298 -1222.0000000000
5325 -1221.0000000000
5333 -1219.0000000000
5365 -1218.0000000000
5387 -1217.0000000000
5404 -1214.0000000000
5425 -1213.0000000000
5432 -1211.0000000000
5448 -1209.0000000000
5461 -1208.0000000000
5494 -1207.0000000000
5506 -1203.0000000000
5541 -1200.0000000000
5594 -1199.0000000000
5636 -1198.0000000000
5644 -1197.0000000000
5660 -1196.0000000000
5662 -1195.0000000000
5683 -1194.0000000000
5686 -1192.0000000000
5724 -1189.0000000000
5783 -1188.0000000000
5786 -1187.0000000000
5812 -1185.0000000000
5824 -1184.0000000000
5833 -1182.0000000000
5862 -1181.0000000000
5882 -1178.0000000000
5924 -1177.0000000000
5930 -1176.0000000000
5938 -1175.0000000000
5956 -1173.0000000000
6009 -1169.0000000000
6046 -1167.0000000000
6061 -1166.0000000000
6084 -1165.0000000000
6103 -1164.0000000000
6135 -1163.0000000000
6152 -1161.0000000000
6189 -1159.0000000000
6213 -1158.0000000000
6241 -1157.0000000000
6242 -1155.0000000000
6254 -1154.0000000000
6274 -1152.0000000000
6303 -1151.0000000000
6327 -1148.0000000000
6345 -1147.0000000000
6391 -1146.0000000000
6402 -1144.0000000000
6421 -1142.0000000000
6456 -1141.0000000000
6457 -1140.0000000000
6468 -1139.0000000000
6485 -1138.0000000000
6521 -1135.0000000000
6557 -1134.0000000000
6572 -1133.0000000000
6586 -1132.0000000000
6587 -1128.0000000000
6656 -1127.0000000000
6681 -1126.0000000000
6694 -1125.0000000000
6705 -1122.0000000000
6750 -1121.0000000000
6771 -1119.0000000000
6785 -1117.0000000000
6806 -1116.0000000000
6821 -1114.0000000000
6850 -1113.0000000000
6875 -1112.0000000000
6878 -1111.0000000000
6929 -1110.0000000000
6943 -1106.0000000000
7006 -1105.0000000000
7011 -1104.0000000000
7027 -1103.0000000000
7044 -1102.0000000000
7063 -1100.0000000000
7079 -1098.0000000000
7104 -1097.0000000000
7131 -1096.0000000000
7146 -1094.0000000000
7192 -1092.0000000000
7226 -1091.0000000000
7233 -1089.0000000000
7266 -1088.0000000000
7267 -1087.0000000000
7287 -1086.0000000000
7301 -1085.0000000000
7305 -1083.0000000000
7331 -1082.0000000000
7365 -1081.0000000000
7368 -1080.0000000000
7382 -1079.0000000000
7411 -1078.0000000000
7439 -1077.0000000000
7451 -1074.0000000000
7477 -1073.0000000000
7483 -1072.0000000000
7519 -1071.0000000000
7534 -1070.0000000000
7563 -1069.0000000000
7578 -1068.0000000000
7608 -1067.0000000000
7614 -1065.0000000000
7621 -1064.0000000000
7647 -1063.0000000000
7667 -1062.0000000000
7701 -1061.0000000000
7705 -1060.0000000000
7728 -1058.0000000000
7762 -1055.0000000000
7787 -1054.0000000000
7790 -1051.0000000000
7841 -1050.0000000000
7843 -1049.0000000000
7864 -1048.0000000000
7867 -1047.0000000000
7887 -1046.0000000000
7907 -1044.0000000000
7909 -1040.0000000000
7945 -1038.0000000000
7971 -1037.0000000000
8003 -1036.0000000000
8022 -1035.0000000000
8024 -1034.0000000000
8040 -1033.0000000000
8052 -1031.0000000000
8075 -1030.0000000000
8107 -1029.0000000000
8108 -1026.0000000000
8144 -1025.0000000000
8161 -1024.0000000000
8185 -1022.0000000000
8202 -1021.0000000000
8243 -1019.0000000000
8261 -1016.0000000000
8297 -1015.0000000000
8331 -1014.0000000000
8342 -1012.0000000000
8363 -1011.0000000000
8398 -1009.0000000000
8422 -1007.0000000000
8445 -1006.0000000000
8447 -1005.0000000000
8464 -1004.0000000000
8465 -1000.0000000000
8490 -999.0000000000
8519 -995.0000000000
8528 -993.0000000000
8578 -992.0000000000
8612 -991.0000000000
8645 -989.0000000000
8671 -988.0000000000
8692 -987.0000000000
8709 -985.0000000000
8736 -983.0000000000
8788 -982.0000000000
8789 -981.0000000000
8834 -979.0000000000
8869 -978.0000000000
8883 -973.0000000000
8942 -972.0000000000
8981 -971.0000000000
8999 -970.0000000000
9030 -969.0000000000
9031 -967.0000000000
9067 -965.0000000000
9090 -964.0000000000
9103 -963.0000000000
9121 -960.0000000000
9137 -959.0000000000
9149 -954.0000000000
9189 -953.0000000000
9222 -951.0000000000
9236 -950.0000000000
9255 -949.0000000000
9263 -946.0000000000
9275 -944.0000000000
9313 -943.0000000000
9321 -942.0000000000
9343 -941.0000000000
9365 -940.0000000000
9367 -938.0000000000
9388 -937.0000000000
9390 -936.0000000000
9424 -935.0000000000
9451 -933.0000000000
9479 -932.0000000000
9492 -930.0000000000
9522 -929.0000000000
9533 -927.0000000000
9549 -926.0000000000
9584 -924.0000000000
9602 -919.0000000000
9638 -917.0000000000
9661 -916.0000000000
9682 -915.0000000000
9704 -914.0000000000
9723 -913.0000000000
9742 -912.0000000000
9761 -910.0000000000
9787 -909.0000000000
9800 -908.0000000000
9802 -907.0000000000
9842 -904.0000000000
9889 -899.0000000000
9947 -898.0000000000
9971 -897.0000000000
9997 -893.0000000000
10018 -892.0000000000
10025 -891.0000000000
10039 -890.0000000000
10041 -889.0000000000
10063 -887.0000000000
10097 -885.0000000000
10142 -883.0000000000
10219 -882.0000000000
10227 -881.0000000000
10247 -879.0000000000
10290 -878.0000000000
10303 -877.0000000000
10335 -876.0000000000
10347 -875.0000000000
10367 -873.0000000000
10401 -872.0000000000
10407 -871.0000000000
10426 -870.0000000000
10483 -869.0000000000
10502 -866.0000000000
10530 -865.0000000000
10577 -864.0000000000
10602 -863.0000000000
10606 -862.0000000000
10631 -861.0000000000
10646 -859.0000000000
10704 -856.0000000000
10804 -854.0000000000
10809 -853.0000000000
10849 -851.0000000000
10880 -850.0000000000
10888 -849.0000000000
10941 -847.0000000000
10959 -845.0000000000
10984 -844.0000000000
11002 -843.0000000000
11005 -842.0000000000
11019 -839.0000000000
11047 -837.0000000000
11089 -832.0000000000
11146 -830.0000000000
11172 -827.0000000000
11216 -825.0000000000
11247 -823.0000000000
11297 -822.0000000000
11311 -821.0000000000
11313 -820.0000000000
11324 -817.0000000000
11353 -816.0000000000
11389 -815.0000000000
11404 -814.0000000000
11418 -812.0000000000
11432 -811.0000000000
11467 -808.0000000000
11522 -807.0000000000
11565 -806.0000000000
11567 -805.0000000000
11594 -804.0000000000
11627 -803.0000000000
11634 -802.0000000000
11648 -801.0000000000
11684 -799.0000000000
11706 -798.0000000000
11743 -797.0000000000
11744 -794.0000000000
11783 -793.0000000000
11793 -792.0000000000
11825 -791.0000000000
11883 -790.0000000000
11885 -789.0000000000
11901 -788.0000000000
11924 -787.0000000000
11953 -786.0000000000
11955 -785.0000000000
11984 -784.0000000000
12010 -783.0000000000
12023 -781.0000000000
12030 -780.0000000000
12050 -779.0000000000
12109 -777.0000000000
12165 -776.0000000000
12186 -775.0000000000
12201 -774.0000000000
12202 -773.0000000000
12225 -770.0000000000
12273 -769.0000000000
12286 -767.0000000000
12313 -765.0000000000
12338 -764.0000000000
12341 -762.0000000000
12384 -761.0000000000
12408 -760.0000000000
12423 -758.0000000000
12463 -756.0000000000
12509 -754.0000000000
12550 -753.0000000000
12592 -752.0000000000
12595 -750.0000000000
12601 -749.0000000000
12629 -747.0000000000
12651 -746.0000000000
12684 -745.0000000000
12720 -742.0000000000
12755 -739.0000000000
12790 -738.0000000000
12822 -736.0000000000
12848 -733.0000000000
12930 -731.0000000000
12933 -730.0000000000
12962 -729.0000000000
12998 -728.0000000000
13055 -726.0000000000
13062 -725.0000000000
13101 -724.0000000000
13103 -720.0000000000
13203 -719.0000000000
13214 -718.0000000000
13257 -714.0000000000
13299 -713.0000000000
13302 -712.0000000000
13321 -708.0000000000
13370 -707.0000000000
13393 -706.0000000000
13405 -705.0000000000
13421 -704.0000000000
13472 -703.0000000000
13473 -702.0000000000
13485 -701.0000000000
13543 -700.0000000000
13564 -699.0000000000
13588 -697.0000000000
13611 -695.0000000000
13641 -694.0000000000
13664 -693.0000000000
13707 -692.0000000000
13736 -691.0000000000
13768 -689.0000000000
13788 -686.0000000000
13830 -685.0000000000
13861 -683.0000000000
13896 -682.0000000000
13901 -680.0000000000
14003 -679.0000000000
14042 -677.0000000000
14085 -676.0000000000
14091 -675.0000000000
14106 -674.0000000000
14139 -673.0000000000
14165 -672.0000000000
14166 -670.0000000000
14189 -668.0000000000
14244 -667.0000000000
14265 -666.0000000000
14292 -665.0000000000
14316 -664.0000000000
14354 -663.0000000000
14378 -661.0000000000
14382 -660.0000000000
14412 -659.0000000000
14413 -658.0000000000
14429 -656.0000000000
14448 -655.0000000000
14480 -654.0000000000
14483 -652.0000000000
14535 -650.0000000000
14539 -649.0000000000
14550 -647.0000000000
14579 -645.0000000000
14592 -644.0000000000
14604 -643.0000000000
14643 -642.0000000000
14661 -641.0000000000
14677 -640.0000000000
14707 -638.0000000000
14747 -636.0000000000
14797 -634.0000000000
14807 -632.0000000000
14850 -630.0000000000
14869 -629.0000000000
14889 -628.0000000000
14894 -627.0000000000
14916 -626.0000000000
14964 -625.0000000000
14980 -623.0000000000
15003 -621.0000000000
15030 -620.0000000000
15049 -616.0000000000
15158 -615.0000000000
15189 -614.0000000000
15203 -613.0000000000
15236 -611.0000000000
15266 -609.0000000000
15279 -608.0000000000
15302 -605.0000000000
15321 -603.0000000000
15344 -602.0000000000
15383 -601.0000000000
15421 -599.0000000000
15470 -598.0000000000
15498 -593.0000000000
15526 -591.0000000000
15582 -588.0000000000
15612 -587.0000000000
15641 -586.0000000000
15698 -585.0000000000
15722 -583.0000000000
15773 -581.0000000000
15777 -580.0000000000
15780 -578.0000000000
15837 -577.0000000000
15847 -575.0000000000
15854 -574.0000000000
15889 -573.0000000000
15939 -570.0000000000
15985 -568.0000000000
16009 -567.0000000000
16053 -565.0000000000
16121 -564.0000000000
16159 -563.0000000000
16162 -562.0000000000
16174 -560.0000000000
16197 -559.0000000000
16208 -558.0000000000
16248 -557.0000000000
16277 -556.0000000000
16283 -555.0000000000
16304 -554.0000000000
16347 -553.0000000000
16366 -552.0000000000
16436 -551.0000000000
16458 -550.0000000000
16468 -548.0000000000
16504 -547.0000000000
16522 -546.0000000000
16555 -543.0000000000
16591 -542.0000000000
16613 -541.0000000000
16630 -540.0000000000
16647 -538.0000000000
16705 -537.0000000000
16725 -536.0000000000
16755 -534.0000000000
16787 -533.0000000000
16812 -531.0000000000
16853 -530.0000000000
16854 -529.0000000000
16891 -528.0000000000
16921 -527.0000000000
16946 -524.0000000000
16986 -522.0000000000
17028 -521.0000000000
17042 -518.0000000000
17123 -517.0000000000
17138 -516.0000000000
17185 -513.0000000000
17236 -512.0000000000
17246 -510.0000000000
17266 -508.0000000000
17307 -507.0000000000
17336 -506.0000000000
17362 -503.0000000000
17371 -502.0000000000
17387 -501.0000000000
17434 -500.0000000000
17463 -498.0000000000
17521 -497.0000000000
17531 -495.0000000000
17565 -494.0000000000
17609 -493.0000000000
17642 -491.0000000000
17649 -490.0000000000
17665 -488.0000000000
17701 -487.0000000000
17724 -486.0000000000
17748 -485.0000000000
17763 -483.0000000000
17809 -482.0000000000
17815 -481.0000000000
17817 -479.0000000000
17834 -478.0000000000
17854 -477.0000000000
17883 -476.0000000000
17925 -475.0000000000
17950 -474.0000000000
17975 -473.0000000000
17992 -472.0000000000
18001 -471.0000000000
18039 -470.0000000000
18070 -468.0000000000
18073 -467.0000000000
18136 -466.0000000000
18137 -465.0000000000
18164 -464.0000000000
18183 -463.0000000000
18242 -462.0000000000
18255 -460.0000000000
18274 -458.0000000000
18349 -457.0000000000
18387 -456.0000000000
18431 -454.0000000000
18512 -453.0000000000
18513 -451.0000000000
18552 -449.0000000000
18579 -448.0000000000
18606 -445.0000000000
18654 -444.0000000000
18682 -443.0000000000
18694 -442.0000000000
18728 -441.0000000000
18759 -440.0000000000
18832 -439.0000000000
18848 -438.0000000000
18905 -437.0000000000
18939 -435.0000000000
18990 -434.0000000000
19020 -433.0000000000
19078 -432.0000000000
19094 -431.0000000000
19107 -430.0000000000
19125 -428.0000000000
19189 -427.0000000000
19203 -426.0000000000
19220 -423.0000000000
19262 -421.0000000000
19310 -420.0000000000
19324 -419.0000000000
19365 -418.0000000000
19386 -417.0000000000
19405 -415.0000000000
19425 -413.0000000000
19473 -412.0000000000
19480 -410.0000000000
19511 -409.0000000000
19557 -408.0000000000
19572 -406.0000000000
19596 -403.0000000000
19607 -402.0000000000
19663 -401.0000000000
19692 -399.0000000000
19725 -398.0000000000
19743 -396.0000000000
19767 -394.0000000000
19801 -393.0000000000
19826 -392.0000000000
19848 -391.0000000000
19920 -390.0000000000
20004 -388.0000000000
20041 -386.0000000000
20057 -384.0000000000
20083 -381.0000000000
20133 -380.0000000000
20150 -379.0000000000
20167 -378.0000000000
20192 -377.0000000000
20210 -374.0000000000
20286 -373.0000000000
20345 -371.0000000000
20412 -370.0000000000
20428 -369.0000000000
20433 -367.0000000000
20481 -366.0000000000
20519 -365.0000000000
20544 -364.0000000000
20555 -363.0000000000
20581 -362.0000000000
20611 -360.0000000000
20680 -358.0000000000
20742 -357.0000000000
20758 -356.0000000000
20803 -355.0000000000
20816 -354.0000000000
20845 -353.0000000000
20871 -352.0000000000
20897 -351.0000000000
20931 -350.0000000000
20965 -349.0000000000
20975 -348.0000000000
20994 -347.0000000000
21030 -346.0000000000
21060 -345.0000000000
21072 -343.0000000000
21083 -341.0000000000
21105 -340.0000000000
21165 -338.0000000000
21203 -337.0000000000
21242 -336.0000000000
21309 -335.0000000000
21326 -331.0000000000
21443 -329.0000000000
21470 -327.0000000000
21506 -326.0000000000
21560 -325.0000000000
21581 -324.0000000000
21635 -323.0000000000
21656 -322.0000000000
21683 -321.0000000000
21711 -320.0000000000
21714 -319.0000000000
21725 -318.0000000000
21753 -317.0000000000
21773 -313.0000000000
21829 -311.0000000000
21921 -309.0000000000
21996 -307.0000000000
22055 -306.0000000000
22062 -305.0000000000
22077 -304.0000000000
22165 -303.0000000000
22183 -302.0000000000
22222 -300.0000000000
22269 -299.0000000000
22299 -298.0000000000
22313 -297.0000000000
22351 -296.0000000000
22384 -295.0000000000
22424 -294.0000000000
22462 -293.0000000000
22465 -292.0000000000
22469 -291.0000000000
22472 -290.0000000000
22531 -289.0000000000
22537 -287.0000000000
22578 -286.0000000000
22604 -284.0000000000
22635 -283.0000000000
22700 -281.0000000000
22752 -280.0000000000
22757 -279.0000000000
22817 -278.0000000000
22834 -277.0000000000
22875 -276.0000000000
22899 -275.0000000000
22910 -274.0000000000
22978 -273.0000000000
22991 -272.0000000000
23030 -271.0000000000
23044 -270.0000000000
23072 -269.0000000000
23105 -268.0000000000
23125 -266.0000000000
23164 -264.0000000000
23260 -261.0000000000
23332 -260.0000000000
23380 -259.0000000000
23403 -258.0000000000
23448 -256.0000000000
23478 -255.0000000000
23502 -253.0000000000
23543 -252.0000000000
23566 -251.0000000000
23578 -250.0000000000
23629 -249.0000000000
23647 -248.0000000000
23680 -247.0000000000
23693 -245.0000000000
23788 -243.0000000000
23841 -242.0000000000
23872 -241.0000000000
23931 -240.0000000000
23952 -239.0000000000
23986 -238.0000000000
24027 -237.0000000000
24028 -236.0000000000
24071 -235.0000000000
24091 -234.0000000000
24104 -233.0000000000
24122 -230.0000000000
24189 -228.0000000000
24234 -227.0000000000
24280 -226.0000000000
24294 -225.0000000000
24361 -224.0000000000
24364 -223.0000000000
24466 -222.0000000000
24472 -221.0000000000
24484 -220.0000000000
24545 -219.0000000000
24586 -217.0000000000
24627 -215.0000000000
24652 -213.0000000000
24771 -212.0000000000
24790 -211.0000000000
24822 -210.0000000000
24865 -209.0000000000
24879 -208.0000000000
24927 -206.0000000000
24974 -203.0000000000
25017 -202.0000000000
25024 -201.0000000000
25096 -200.0000000000
25103 -199.0000000000
25168 -198.0000000000
25182 -197.0000000000
25225 -196.0000000000
25267 -193.0000000000
25364 -192.0000000000
25403 -190.0000000000
25440 -189.0000000000
25482 -187.0000000000
25563 -185.0000000000
25643 -184.0000000000
25703 -182.0000000000
25710 -181.0000000000
25813 -180.0000000000
25840 -179.0000000000
25850 -178.0000000000
25903 -177.0000000000
25946 -176.0000000000
26004 -173.0000000000
26100 -172.0000000000
26112 -171.0000000000
26157 -170.0000000000
26197 -169.0000000000
26249 -168.0000000000
26269 -167.0000000000
26294 -166.0000000000
26329 -164.0000000000
26409 -163.0000000000
26444 -162.0000000000
26491 -161.0000000000
26515 -159.0000000000
26601 -158.0000000000
26647 -157.0000000000
26717 -152.0000000000
26835 -151.0000000000
26862 -149.0000000000
26866 -148.0000000000
26935 -147.0000000000
26990 -145.0000000000
27033 -144.0000000000
27110 -141.0000000000
27240 -140.0000000000
27273 -139.0000000000
27309 -138.0000000000
27321 -136.0000000000
27441 -135.0000000000
27488 -134.0000000000
27495 -133.0000000000
27503 -132.0000000000
27564 -131.0000000000
27586 -129.0000000000
27607 -127.0000000000
27665 -126.0000000000
27816 -125.0000000000
27859 -124.0000000000
27941 -123.0000000000
28024 -122.0000000000
28041 -120.0000000000
28122 -119.0000000000
28205 -118.0000000000
28234 -117.0000000000
28261 -115.0000000000
28358 -114.0000000000
28407 -113.0000000000
28514 -112.0000000000
28587 -111.0000000000
28640 -110.0000000000
28671 -109.0000000000
28748 -108.0000000000
28821 -107.0000000000
28830 -105.0000000000
28887 -103.0000000000
28950 -102.0000000000
28977 -101.0000000000
28992 -100.0000000000
29108 -99.0000000000
29141 -98.0000000000
29203 -97.0000000000
29272 -96.0000000000
29308 -95.0000000000
29333 -93.0000000000
29398 -92.0000000000
29406 -91.0000000000
29442 -90.0000000000
29511 -88.0000000000
29543 -87.0000000000
29636 -86.0000000000
29639 -85.0000000000
29704 -84.0000000000
29789 -82.0000000000
29882 -81.0000000000
29927 -80.0000000000
30044 -79.0000000000
30066 -76.0000000000
30182 -75.0000000000
30245 -74.0000000000
30301 -72.0000000000
30309 -71.0000000000
30352 -70.0000000000
30382 -69.0000000000
30399 -68.0000000000
30481 -67.0000000000
30503 -66.0000000000
30547 -65.0000000000
30578 -63.0000000000
30715 -62.0000000000
30747 -61.0000000000
30768 -60.0000000000
30842 -58.0000000000
30925 -57.0000000000
30978 -56.0000000000
31027 -54.0000000000
31133 -53.0000000000
31231 -52.0000000000
31240 -51.0000000000
31342 -50.0000000000
31361 -49.0000000000
31440 -48.0000000000
31523 -47.0000000000
31545 -45.0000000000
31580 -44.0000000000
31687 -43.0000000000
31707 -42.0000000000
31789 -41.0000000000
31823 -40.0000000000
31896 -39.0000000000
31924 -38.0000000000
31961 -37.0000000000
31997 -36.0000000000
32104 -35.0000000000
32120 -34.0000000000
32272 -33.0000000000
32327 -32.0000000000
32425 -31.0000000000
32466 -30.0000000000
32503 -29.0000000000
32521 -28.0000000000
32585 -27.0000000000
32606 -26.0000000000
32677 -25.0000000000
32714 -23.0000000000
32821 -22.0000000000
32926 -21.0000000000
33002 -20.0000000000
33007 -19.0000000000
33100 -18.0000000000
33177 -17.0000000000
33253 -16.0000000000
33414 -15.0000000000
33507 -14.0000000000
33572 -13.0000000000
33629 -12.0000000000
33721 -11.0000000000
33842 -10.0000000000
33879 -9.0000000000
33899 -8.0000000000
34121 -6.0000000000
34232 -3.0000000000
34335 -2.0000000000
34428 -1.0000000000
34520 603.9300000000
34552 620.1500000000
34642 620.3500000000
34715 621.5000000000
34770 623.1700000000
34942 624.3500000000
35154 625.0500000000
35263 627.5400000000
35309 703.5600000000
35330 707.5500000000
35346 716.8400000000
35355 725.8000000000
35371 743.8700000000
35414 745.1100000000
35457 747.5500000000
35488 760.9300000000
35532 761.8900000000
35857 761.9500000000
35958 763.5600000000
36010 779.9800000000
36295 786.5300000000
37613 787.6500000000
37684 842.9400000000
37737 844.2600000000
37763 847.5800000000
37767 855.9800000000
37804 871.3800000000
37996 877.4100000000
38254 878.4800000000
38276 888.6100000000
38292 896.5300000000
38361 908.1300000000
38552 918.3500000000
38598 927.9200000000
38761 927.9800000000
39252 932.6100000000
39461 967.9700000000
39560 971.1000000000
39561 982.5300000000
39581 1001.1600000000
39691 1001.7800000000
39768 1001.9800000000
39777 1003.3500000000
39828 1004.9300000000
39874 1018.8500000000
40013 1019.5100000000
40079 1028.8800000000
40217 1029.7400000000
40868 1032.2100000000
41070 1040.0300000000
42231 1063.6800000000
42260 1089.2100000000
42314 1096.2600000000
42868 1096.7700000000
42991 1097.9500000000
43062 1098.3400000000
43066 1104.8200000000
43194 1105.1800000000
43286 1108.6700000000
44223 1109.9400000000
44284 1113.2700000000
44594 1151.0200000000
44602 1154.0300000000
44679 1155.0200000000
45319 1160.0300000000
45702 1160.9800000000
45891 1161.9200000000
45983 1173.8700000000
46592 1175.3900000000
47167 1179.3600000000
47195 1181.4900000000
47365 1185.4400000000
47579 1188.6400000000
48519 1189.9900000000
50415 1206.0700000000
50489 1207.2400000000
50512 1208.9100000000
50599 1210.8500000000
50626 1220.1200000000
50953 1223.8000000000
51816 1225.2300000000
55249 1225.5100000000
55336 1225.5300000000
55490 1226.2700000000
58608 1231.3800000000
65848 1233.8300000000
66280 1236.7900000000
66419 1241.5500000000
67080 1248.6500000000
67513 1255.2700000000
68725 1261.0100000000
69953 1261.0800000000
70240 1266.8500000000
73462 1273.4800000000
74079 1279.0600000000
79502 1279.5400000000
79724 1282.7400000000
85829 1286.3800000000
89942 1287.9200000000
90224 1291.9400000000
92544 1299.5100000000
93256 1300.2800000000
93756 1308.4800000000
93924 1309.6100000000
94883 1309.7800000000
100000 1216.8300000000
evaluations raw_y
1 -1955.0000000000
2 -1944.0000000000
3 -1903.0000000000
4 -1881.0000000000
8 -1836.0000000000
44 -1827.0000000000
47 -1801.0000000000
90 -1800.0000000000
95 -1791.0000000000
102 -1787.0000000000
111 -1785.0000000000
124 -1778.0000000000
132 -1761.0000000000
141 -1758.0000000000
155 -1756.0000000000
159 -1749.0000000000
161 -1742.0000000000
178 -1719.0000000000
224 -1706.0000000000
246 -1704.0000000000
265 -1703.0000000000
281 -1699.0000000000
294 -1692.0000000000
305 -1678.0000000000
350 -1668.0000000000
372 -1667.0000000000
384 -1664.0000000000
401 -1663.0000000000
410 -1662.0000000000
421 -1651.0000000000
466 -1650.0000000000
480 -1647.0000000000
488 -1634.0000000000
522 -1632.0000000000
546 -1630.0000000000
564 -1629.0000000000
566 -1627.0000000000
583 -1626.0000000000
588 -1621.0000000000
615 -1618.0000000000
642 -1617.0000000000
662 -1616.0000000000
669 -1609.0000000000
699 -1608.0000000000
723 -1607.0000000000
751 -1606.0000000000
759 -1605.0000000000
770 -1602.0000000000
794 -1601.0000000000
807 -1600.0000000000
823 -1597.0000000000
849 -1596.0000000000
855 -1593.0000000000
888 -1592.0000000000
889 -1590.0000000000
906 -1588.0000000000
912 -1587.0000000000
926 -1586.0000000000
929 -1582.0000000000
986 -1580.0000000000
988 -1577.0000000000
1009 -1576.0000000000
1046 -1575.0000000000
1061 -1573.0000000000
1092 -1571.0000000000
1103 -1566.0000000000
1122 -1565.0000000000
1152 -1564.0000000000
1167 -1562.0000000000
1186 -1561.0000000000
1219 -1560.0000000000
1222 -1559.0000000000
1225 -1558.0000000000
1233 -1556.0000000000
1248 -1554.0000000000
1270 -1551.0000000000
1327 -1548.0000000000
1350 -1547.0000000000
1376 -1544.0000000000
1388 -1543.0000000000
1415 -1539.0000000000
1449 -1538.0000000000
1452 -1536.0000000000
1489 -1533.0000000000
1505 -1530.0000000000
1529 -1529.0000000000
1556 -1526.0000000000
1562 -1524.0000000000
1599 -1521.0000000000
1625 -1519.0000000000
1661 -1518.0000000000
1664 -1517.0000000000
1667 -1512.0000000000
1702 -1511.0000000000
1711 -1509.0000000000
1726 -1506.0000000000
1749 -1505.0000000000
1785 -1504.0000000000
1794 -1502.0000000000
1802 -1501.0000000000
1821 -1499.0000000000
1852 -1495.0000000000
1869 -1494.0000000000
1889 -1493.0000000000
1905 -1491.0000000000
1921 -1489.0000000000
1943 -1488.0000000000
1964 -1487.0000000000
1975 -1484.0000000000
1983 -1480.0000000000
2021 -1478.0000000000
2044 -1475.0000000000
2057 -1474.0000000000
2065 -1472.0000000000
2087 -1470.0000000000
2089 -1469.0000000000
2125 -1467.0000000000
2143 -1464.0000000000
2161 -1461.0000000000
2208 -1460.0000000000
2210 -1458.0000000000
2226 -1456.0000000000
2239 -1455.0000000000
2246 -1453.0000000000
2276 -1450.0000000000
2288 -1449.0000000000
2295 -1448.0000000000
2304 -1447.0000000000
2321 -1444.0000000000
2355 -1443.0000000000
2361 -1442.0000000000
2371 -1441.0000000000
2382 -1439.0000000000
2402 -1436.0000000000
2439 -1435.0000000000
2444 -1433.0000000000
2465 -1432.0000000000
2468 -1429.0000000000
2502 -1425.0000000000
2528 -1423.0000000000
2551 -1422.0000000000
2565 -1419.0000000000
2601 -1418.0000000000
2602 -1416.0000000000
2638 -1415.0000000000
2642 -1414.0000000000
2648 -1412.0000000000
2670 -1410.0000000000
2688 -1409.0000000000
2713 -1408.0000000000
2723 -1407.0000000000
2724 -1406.0000000000
2753 -1405.0000000000
2756 -1400.0000000000
2776 -1399.0000000000
2781 -1397.0000000000
2801 -1395.0000000000
2806 -1394.0000000000
2838 -1391.0000000000
2850 -1390.0000000000
2862 -1387.0000000000
2882 -1386.0000000000
2911 -1384.0000000000
2921 -1383.0000000000
2931 -1382.0000000000
2949 -1378.0000000000
3001 -1376.0000000000
3008 -1375.0000000000
3028 -1373.0000000000
3041 -1371.0000000000
3077 -1370.0000000000
3104 -1369.0000000000
3123 -1367.0000000000
3143 -1366.0000000000
3161 -1365.0000000000
3166 -1364.0000000000
3201 -1362.0000000000
3225 -1361.0000000000
3244 -1360.0000000000
3260 -1359.0000000000
3275 -1357.0000000000
3282 -1356.0000000000
3284 -1355.0000000000
3309 -1353.0000000000
3337 -1352.0000000000
3348 -1349.0000000000
3361 -1348.0000000000
3398 -1344.0000000000
3441 -1343.0000000000
3447 -1341.0000000000
3453 -1339.0000000000
3492 -1338.0000000000
3505 -1335.0000000000
3562 -1334.0000000000
3570 -1333.0000000000
3595 -1332.0000000000
3603 -1331.0000000000
3623 -1327.0000000000
3650 -1326.0000000000
3682 -1325.0000000000
3683 -1324.0000000000
3703 -1322.0000000000
3743 -1321.0000000000
3758 -1320.0000000000
3761 -1318.0000000000
3790 -1316.0000000000
3804 -1315.0000000000
3807 -1314.0000000000
3837 -1313.0000000000
3843 -1312.0000000000
3879 -1310.0000000000
3891 -1306.0000000000
3913 -1305.0000000000
3924 -1302.0000000000
3953 -1301.0000000000
3984 -1300.0000000000
3987 -1299.0000000000
3999 -1297.0000000000
4024 -1292.0000000000
4081 -1290.0000000000
4089 -1289.0000000000
4122 -1288.0000000000
4139 -1287.0000000000
4141 -1286.0000000000
4148 -1285.0000000000
4180 -1284.0000000000
4188 -1282.0000000000
4200 -1281.0000000000
4205 -1280.0000000000
4226 -1277.0000000000
4267 -1274.0000000000
4302 -1272.0000000000
4308 -1271.0000000000
4309 -1269.0000000000
4344 -1267.0000000000
4372 -1266.0000000000
4380 -1265.0000000000
4385 -1263.0000000000
4431 -1262.0000000000
4447 -1260.0000000000
4479 -1259.0000000000
4504 -1258.0000000000
4513 -1257.0000000000
4516 -1255.0000000000
4552 -1252.0000000000
4572 -1251.0000000000
4575 -1250.0000000000
4595 -1248.0000000000
4626 -1246.0000000000
4661 -1245.0000000000
4691 -1244.0000000000
4703 -1243.0000000000
4713 -1240.0000000000
4726 -1239.0000000000
4762 -1237.0000000000
4780 -1236.0000000000
4798 -1234.0000000000
4816 -1233.0000000000
4832 -1232.0000000000
4852 -1230.0000000000
4904 -1227.0000000000
4944 -1226.0000000000
4981 -1225.0000000000
4997 -1224.0000000000
5008 -1223.0000000000
5012 -1221.0000000000
5042 -1219.0000000000
5056 -1216.0000000000
5087 -1213.0000000000
5127 -1210.0000000000
5144 -1209.0000000000
5162 -1203.0000000000
5189 -1202.0000000000
5203 -1201.0000000000
5214 -1200.0000000000
5234 -1199.0000000000
5254 -1197.0000000000
5266 -1196.0000000000
5299 -1194.0000000000
5306 -1192.0000000000
5342 -1191.0000000000
5366 -1190.0000000000
5370 -1187.0000000000
5424 -1186.0000000000
5441 -1184.0000000000
5464 -1182.0000000000
5496 -1180.0000000000
5499 -1179.0000000000
5541 -1178.0000000000
5542 -1176.0000000000
5543 -1175.0000000000
5577 -1172.0000000000
5610 -1171.0000000000
5641 -1170.0000000000
5648 -1168.0000000000
5649 -1167.0000000000
5667 -1164.0000000000
5690 -1162.0000000000
5716 -1160.0000000000
5742 -1159.0000000000
5748 -1158.0000000000
5762 -1155.0000000000
5777 -1154.0000000000
5789 -1153.0000000000
5804 -1152.0000000000
5823 -1151.0000000000
5831 -1150.0000000000
5858 -1149.0000000000
5868 -1148.0000000000
5885 -1145.0000000000
5910 -1142.0000000000
5946 -1141.0000000000
5977 -1140.0000000000
5981 -1138.0000000000
6009 -1136.0000000000
6032 -1135.0000000000
6037 -1134.0000000000
6050 -1132.0000000000
6068 -1131.0000000000
6079 -1130.0000000000
6091 -1127.0000000000
6137 -1126.0000000000
6147 -1123.0000000000
6185 -1122.0000000000
6197 -1121.0000000000
6229 -1120.0000000000
6234 -1119.0000000000
6242 -1118.0000000000
6262 -1117.0000000000
6263 -1116.0000000000
6275 -1115.0000000000
6277 -1113.0000000000
6282 -1112.0000000000
6293 -1111.0000000000
6323 -1110.0000000000
6343 -1108.0000000000
6345 -1106.0000000000
6421 -1105.0000000000
6438 -1104.0000000000
6442 -1102.0000000000
6482 -1099.0000000000
6527 -1097.0000000000
6546 -1096.0000000000
6565 -1092.0000000000
6614 -1090.0000000000
6662 -1087.0000000000
6688 -1086.0000000000
6709 -1085.0000000000
6719 -1083.0000000000
6741 -1081.0000000000
6750 -1080.0000000000
6763 -1079.0000000000
6794 -1078.0000000000
6810 -1076.0000000000
6855 -1074.0000000000
6863 -1072.0000000000
6904 -1070.0000000000
6946 -1069.0000000000
6948 -1068.0000000000
6962 -1067.0000000000
6985 -1064.0000000000
7012 -1063.0000000000
7015 -1062.0000000000
7025 -1061.0000000000
7051 -1060.0000000000
7061 -1058.0000000000
7120 -1057.0000000000
7126 -1056.0000000000
7141 -1055.0000000000
7146 -1054.0000000000
7162 -1051.0000000000
7196 -1050.0000000000
7200 -1049.0000000000
7208 -1048.0000000000
7241 -1047.0000000000
7272 -1044.0000000000
7287 -1042.0000000000
7324 -1040.0000000000
7331 -1037.0000000000
7388 -1036.0000000000
7403 -1035.0000000000
7421 -1034.0000000000
7438 -1032.0000000000
7445 -1031.0000000000
7451 -1030.0000000000
7469 -1029.0000000000
7480 -1027.0000000000
7500 -1026.0000000000
7511 -1025.0000000000
7514 -1022.0000000000
7549 -1021.0000000000
7578 -1020.0000000000
7587 -1019.0000000000
7601 -1017.0000000000
7620 -1016.0000000000
7626 -1013.0000000000
7655 -1012.0000000000
7699 -1011.0000000000
7701 -1009.0000000000
7728 -1008.0000000000
7754 -1007.0000000000
7771 -1004.0000000000
7839 -1003.0000000000
7860 -1001.0000000000
7880 -1000.0000000000
7894 -997.0000000000
7924 -996.0000000000
7946 -995.0000000000
7950 -994.0000000000
7973 -991.0000000000
7989 -990.0000000000
8029 -989.0000000000
8033 -988.0000000000
8046 -987.0000000000
8065 -986.0000000000
8098 -984.0000000000
8131 -982.0000000000
8174 -980.0000000000
8194 -979.0000000000
8217 -978.0000000000
8228 -977.0000000000
8247 -976.0000000000
8277 -975.0000000000
8290 -974.0000000000
8295 -973.0000000000
8325 -970.0000000000
8343 -969.0000000000
8347 -968.0000000000
8410 -966.0000000000
8430 -965.0000000000
8448 -964.0000000000
8449 -961.0000000000
8468 -960.0000000000
8484 -958.0000000000
8511 -957.0000000000
8528 -956.0000000000
8530 -955.0000000000
8542 -954.0000000000
8543 -953.0000000000
8574 -950.0000000000
8616 -949.0000000000
8622 -948.0000000000
8627 -947.0000000000
8631 -946.0000000000
8681 -945.0000000000
8692 -944.0000000000
8712 -942.0000000000
8724 -941.0000000000
8745 -940.0000000000
8783 -939.0000000000
8788 -938.0000000000
8806 -937.0000000000
8825 -936.0000000000
8843 -933.0000000000
8882 -932.0000000000
8895 -930.0000000000
8935 -928.0000000000
8964 -925.0000000000
9000 -923.0000000000
9050 -922.0000000000
9056 -921.0000000000
9098 -920.0000000000
9099 -918.0000000000
9116 -915.0000000000
9189 -914.0000000000
9198 -912.0000000000
9206 -911.0000000000
9235 -909.0000000000
9283 -908.0000000000
9284 -907.0000000000
9295 -906.0000000000
9325 -904.0000000000
9370 -902.0000000000
9386 -900.0000000000
9401 -896.0000000000
9437 -895.0000000000
9470 -893.0000000000
9516 -892.0000000000
9562 -890.0000000000
9594 -888.0000000000
9618 -887.0000000000
9637 -884.0000000000
9661 -883.0000000000
9681 -882.0000000000
9743 -879.0000000000
9764 -878.0000000000
9802 -877.0000000000
9814 -876.0000000000
9826 -875.0000000000
9827 -873.0000000000
9867 -871.0000000000
9926 -869.0000000000
9950 -868.0000000000
9953 -864.0000000000
9982 -862.0000000000
10026 -860.0000000000
10045 -859.0000000000
10051 -858.0000000000
10074 -857.0000000000
10082 -855.0000000000
10166 -854.0000000000
10169 -853.0000000000
10176 -851.0000000000
10207 -848.0000000000
10249 -846.0000000000
10264 -845.0000000000
10282 -843.0000000000
10298 -842.0000000000
10304 -841.0000000000
10321 -840.0000000000
10328 -839.0000000000
10363 -838.0000000000
10395 -835.0000000000
10402 -834.0000000000
10421 -832.0000000000
10471 -831.0000000000
10507 -829.0000000000
10523 -826.0000000000
10562 -824.0000000000
10584 -823.0000000000
10595 -820.0000000000
10646 -819.0000000000
10663 -818.0000000000
10700 -816.0000000000
10705 -814.0000000000
10721 -807.0000000000
10779 -806.0000000000
10813 -804.0000000000
10865 -801.0000000000
10883 -800.0000000000
10913 -799.0000000000
10944 -797.0000000000
10962 -796.0000000000
10987 -795.0000000000
10998 -794.0000000000
11024 -793.0000000000
11051 -792.0000000000
11055 -791.0000000000
11080 -790.0000000000
11090 -789.0000000000
11113 -787.0000000000
11126 -786.0000000000
11141 -784.0000000000
11167 -783.0000000000
11221 -782.0000000000
11248 -780.0000000000
11283 -779.0000000000
11321 -777.0000000000
11371 -776.0000000000
11377 -774.0000000000
11389 -773.0000000000
11417 -768.0000000000
11485 -767.0000000000
11508 -766.0000000000
11525 -765.0000000000
11541 -763.0000000000
11585 -762.0000000000
11602 -761.0000000000
11645 -759.0000000000
11702 -758.0000000000
11711 -757.0000000000
11723 -754.0000000000
11767 -753.0000000000
11771 -752.0000000000
11790 -751.0000000000
11800 -750.0000000000
11820 -749.0000000000
11827 -748.0000000000
11862 -747.0000000000
11913 -746.0000000000
11926 -744.0000000000
11948 -741.0000000000
12008 -740.0000000000
12027 -739.0000000000
12043 -738.0000000000
12069 -736.0000000000
12082 -735.0000000000
12111 -734.0000000000
12119 -733.0000000000
12143 -732.0000000000
12205 -728.0000000000
12272 -725.0000000000
12312 -723.0000000000
12343 -721.0000000000
12381 -720.0000000000
12399 -719.0000000000
12401 -718.0000000000
12444 -717.0000000000
12445 -715.0000000000
12486 -714.0000000000
12502 -713.0000000000
12511 -712.0000000000
12562 -711.0000000000
12587 -707.0000000000
12624 -705.0000000000
12690 -704.0000000000
12706 -702.0000000000
12737 -701.0000000000
12784 -700.0000000000
12803 -698.0000000000
12841 -696.0000000000
12850 -694.0000000000
12876 -693.0000000000
12897 -692.0000000000
12899 -690.0000000000
12906 -689.0000000000
12914 -688.0000000000
12942 -687.0000000000
12943 -686.0000000000
12970 -684.0000000000
13000 -683.0000000000
13010 -682.0000000000
13051 -678.0000000000
13096 -677.0000000000
13165 -675.0000000000
13188 -673.0000000000
13189 -672.0000000000
13223 -671.0000000000
13244 -668.0000000000
13296 -666.0000000000
13321 -665.0000000000
13355 -663.0000000000
13397 -662.0000000000
13405 -661.0000000000
13433 -659.0000000000
13439 -658.0000000000
13467 -656.0000000000
13510 -655.0000000000
13518 -654.0000000000
13530 -653.0000000000
13556 -652.0000000000
13562 -651.0000000000
13584 -650.0000000000
13586 -649.0000000000
13641 -648.0000000000
13659 -646.0000000000
13671 -645.0000000000
13715 -644.0000000000
13737 -643.0000000000
13761 -641.0000000000
13763 -639.0000000000
13815 -637.0000000000
13822 -635.0000000000
13845 -634.0000000000
13871 -633.0000000000
13876 -631.0000000000
13891 -630.0000000000
13908 -629.0000000000
13928 -627.0000000000
13964 -624.0000000000
13982 -623.0000000000
14008 -621.0000000000
14033 -620.0000000000
14040 -619.0000000000
14068 -618.0000000000
14074 -617.0000000000
14108 -616.0000000000
14120 -615.0000000000
14152 -614.0000000000
14162 -613.0000000000
14190 -611.0000000000
14220 -610.0000000000
14222 -609.0000000000
14241 -607.0000000000
14307 -605.0000000000
14322 -604.0000000000
14334 -603.0000000000
14364 -602.0000000000
14390 -601.0000000000
14410 -599.0000000000
14448 -597.0000000000
14476 -595.0000000000
14518 -594.0000000000
14551 -592.0000000000
14588 -591.0000000000
14621 -590.0000000000
14641 -589.0000000000
14668 -588.0000000000
14688 -587.0000000000
14751 -584.0000000000
14762 -583.0000000000
14798 -581.0000000000
14823 -580.0000000000
14842 -579.0000000000
14863 -578.0000000000
14867 -577.0000000000
14881 -576.0000000000
14915 -575.0000000000
14921 -574.0000000000
14924 -572.0000000000
14966 -570.0000000000
14978 -569.0000000000
14986 -567.0000000000
15027 -566.0000000000
15039 -565.0000000000
15068 -562.0000000000
15113 -561.0000000000
15158 -560.0000000000
15183 -559.0000000000
15201 -556.0000000000
15222 -555.0000000000
15285 -553.0000000000
15314 -552.0000000000
15355 -550.0000000000
15394 -547.0000000000
15401 -546.0000000000
15452 -545.0000000000
15482 -544.0000000000
15554 -541.0000000000
15601 -540.0000000000
15634 -539.0000000000
15639 -537.0000000000
15752 -536.0000000000
15768 -534.0000000000
15819 -533.0000000000
15836 -532.0000000000
15849 -530.0000000000
15869 -527.0000000000
15925 -526.0000000000
15927 -525.0000000000
15952 -524.0000000000
15996 -523.0000000000
16042 -522.0000000000
16063 -521.0000000000
16082 -520.0000000000
16117 -519.0000000000
16153 -517.0000000000
16177 -515.0000000000
16231 -514.0000000000
16237 -511.0000000000
16254 -510.0000000000
16329 -509.0000000000
16337 -507.0000000000
16359 -505.0000000000
16419 -503.0000000000
16495 -502.0000000000
16503 -501.0000000000
16539 -500.0000000000
16555 -499.0000000000
16557 -498.0000000000
16626 -495.0000000000
16664 -494.0000000000
16727 -492.0000000000
16781 -491.0000000000
16803 -490.0000000000
16829 -487.0000000000
16891 -485.0000000000
16916 -484.0000000000
17001 -483.0000000000
17033 -482.0000000000
17049 -481.0000000000
17068 -480.0000000000
17072 -479.0000000000
17102 -478.0000000000
17147 -476.0000000000
17191 -475.0000000000
17216 -474.0000000000
17264 -470.0000000000
17309 -468.0000000000
17339 -467.0000000000
17363 -465.0000000000
17391 -464.0000000000
17402 -463.0000000000
17405 -461.0000000000
17479 -459.0000000000
17511 -458.0000000000
17545 -457.0000000000
17562 -456.0000000000
17574 -455.0000000000
17596 -454.0000000000
17615 -453.0000000000
17639 -452.0000000000
17652 -449.0000000000
17667 -448.0000000000
17761 -447.0000000000
17785 -446.0000000000
17790 -445.0000000000
17791 -444.0000000000
17830 -442.0000000000
17885 -439.0000000000
17958 -438.0000000000
17978 -436.0000000000
18024 -435.0000000000
18045 -433.0000000000
18087 -432.0000000000
18093 -431.0000000000
18119 -430.0000000000
18150 -428.0000000000
18164 -427.0000000000
18198 -426.0000000000
18218 -425.0000000000
18226 -424.0000000000
18265 -422.0000000000
18288 -420.0000000000
18360 -418.0000000000
18367 -417.0000000000
18382 -416.0000000000
18424 -415.0000000000
18459 -414.0000000000
18479 -409.0000000000
18495 -408.0000000000
18531 -407.0000000000
18583 -406.0000000000
18599 -405.0000000000
18655 -404.0000000000
18685 -403.0000000000
18704 -401.0000000000
18712 -400.0000000000
18787 -398.0000000000
18815 -396.0000000000
18858 -395.0000000000
18877 -394.0000000000
18892 -393.0000000000
18970 -392.0000000000
19002 -391.0000000000
19062 -390.0000000000
19079 -389.0000000000
19108 -388.0000000000
19144 -387.0000000000
19164 -385.0000000000
19212 -381.0000000000
19296 -380.0000000000
19311 -379.0000000000
19342 -375.0000000000
19412 -374.0000000000
19450 -373.0000000000
19483 -372.0000000000
19524 -371.0000000000
19546 -369.0000000000
19565 -367.0000000000
19567 -366.0000000000
19604 -358.0000000000
19670 -357.0000000000
19749 -356.0000000000
19762 -354.0000000000
19817 -352.0000000000
19854 -350.0000000000
19883 -349.0000000000
19904 -348.0000000000
19944 -346.0000000000
19972 -345.0000000000
19996 -343.0000000000
20059 -342.0000000000
20076 -341.0000000000
20124 -339.0000000000
20159 -338.0000000000
20182 -337.0000000000
20237 -336.0000000000
20258 -335.0000000000
20285 -333.0000000000
20338 -331.0000000000
20360 -329.0000000000
20386 -328.0000000000
20443 -326.0000000000
20474 -325.0000000000
20521 -323.0000000000
20608 -322.0000000000
20638 -321.0000000000
20645 -320.0000000000
20677 -318.0000000000
20705 -316.0000000000
20743 -313.0000000000
20819 -311.0000000000
20846 -310.0000000000
20867 -308.0000000000
20944 -305.0000000000
20985 -304.0000000000
21022 -303.0000000000
21063 -300.0000000000
21110 -299.0000000000
21121 -298.0000000000
21161 -297.0000000000
21168 -296.0000000000
21243 -294.0000000000
21249 -292.0000000000
21304 -291.0000000000
21310 -290.0000000000
21331 -289.0000000000
21369 -288.0000000000
21385 -287.0000000000
21422 -286.0000000000
21453 -284.0000000000
21483 -283.0000000000
21541 -282.0000000000
21574 -281.0000000000
21611 -280.0000000000
21616 -279.0000000000
21630 -278.0000000000
21685 -276.0000000000
21713 -275.0000000000
21721 -274.0000000000
21769 -273.0000000000
21818 -272.0000000000
21848 -271.0000000000
21855 -268.0000000000
21935 -267.0000000000
21987 -266.0000000000
22078 -265.0000000000
22101 -264.0000000000
22132 -263.0000000000
22141 -261.0000000000
22201 -258.0000000000
22267 -257.0000000000
22339 -256.0000000000
22363 -254.0000000000
22415 -251.0000000000
22540 -250.0000000000
22561 -249.0000000000
22593 -248.0000000000
22602 -247.0000000000
22618 -246.0000000000
22663 -244.0000000000
22708 -243.0000000000
22744 -241.0000000000
22755 -240.0000000000
22764 -239.0000000000
22808 -238.0000000000
22839 -237.0000000000
22842 -235.0000000000
22913 -234.0000000000
22953 -233.0000000000
22955 -231.0000000000
23003 -230.0000000000
23037 -229.0000000000
23042 -228.0000000000
23096 -227.0000000000
23131 -226.0000000000
23144 -225.0000000000
23223 -224.0000000000
23229 -223.0000000000
23277 -222.0000000000
23293 -221.0000000000
23310 -219.0000000000
23365 -217.0000000000
23411 -215.0000000000
23469 -214.0000000000
23522 -212.0000000000
23593 -211.0000000000
23631 -208.0000000000
23772 -206.0000000000
23828 -205.0000000000
23854 -204.0000000000
23894 -203.0000000000
23910 -202.0000000000
23941 -199.0000000000
23965 -198.0000000000
24005 -197.0000000000
24049 -196.0000000000
24078 -195.0000000000
24152 -194.0000000000
24160 -192.0000000000
24218 -191.0000000000
24257 -189.0000000000
24381 -188.0000000000
24418 -187.0000000000
24430 -186.0000000000
24541 -185.0000000000
24564 -184.0000000000
24592 -183.0000000000
24605 -182.0000000000
24652 -181.0000000000
24682 -180.0000000000
24748 -178.0000000000
24778 -177.0000000000
24806 -176.0000000000
24861 -174.0000000000
24914 -172.0000000000
24984 -170.0000000000
25073 -168.0000000000
25186 -167.0000000000
25202 -166.0000000000
25204 -164.0000000000
25261 -163.0000000000
25340 -162.0000000000
25384 -161.0000000000
25411 -160.0000000000
25430 -159.0000000000
25431 -158.0000000000
25523 -157.0000000000
25565 -154.0000000000
25611 -152.0000000000
25651 -148.0000000000
25815 -147.0000000000
25864 -146.0000000000
25886 -145.0000000000
25902 -143.0000000000
25997 -142.0000000000
26034 -139.0000000000
26188 -138.0000000000
26287 -137.0000000000
26293 -136.0000000000
26337 -135.0000000000
26347 -134.0000000000
26416 -133.0000000000
26422 -132.0000000000
26443 -131.0000000000
26537 -130.0000000000
26542 -129.0000000000
26560 -128.0000000000
26580 -127.0000000000
26675 -126.0000000000
26721 -125.0000000000
26787 -124.0000000000
26825 -123.0000000000
26913 -122.0000000000
26968 -121.0000000000
27020 -120.0000000000
27073 -118.0000000000
27088 -117.0000000000
27165 -116.0000000000
27181 -115.0000000000
27272 -114.0000000000
27292 -113.0000000000
27315 -111.0000000000
27361 -110.0000000000
27410 -109.0000000000
27434 -106.0000000000
27525 -105.0000000000
27586 -104.0000000000
27636 -103.0000000000
27675 -101.0000000000
27762 -100.0000000000
27765 -99.0000000000
27831 -98.0000000000
27871 -97.0000000000
27988 -94.0000000000
28027 -93.0000000000
28124 -92.0000000000
28160 -91.0000000000
28200 -90.0000000000
28222 -89.0000000000
28325 -88.0000000000
28370 -87.0000000000
28497 -85.0000000000
28523 -84.0000000000
28686 -82.0000000000
28741 -81.0000000000
28812 -79.0000000000
28822 -78.0000000000
28897 -77.0000000000
28962 -76.0000000000
29050 -74.0000000000
29144 -73.0000000000
29152 -72.0000000000
29184 -70.0000000000
29275 -69.0000000000
29333 -67.0000000000
29388 -66.0000000000
29410 -65.0000000000
29510 -64.0000000000
29555 -63.0000000000
29567 -62.0000000000
29640 -60.0000000000
29701 -59.0000000000
29702 -58.0000000000
29794 -56.0000000000
29817 -55.0000000000
29884 -54.0000000000
29963 -53.0000000000
30006 -52.0000000000
30037 -51.0000000000
30064 -50.0000000000
30128 -48.0000000000
30200 -47.0000000000
30316 -46.0000000000
30361 -44.0000000000
30541 -42.0000000000
30732 -41.0000000000
30822 -40.0000000000
30876 -39.0000000000
30891 -38.0000000000
31055 -37.0000000000
31124 -35.0000000000
31213 -34.0000000000
31257 -32.0000000000
31317 -31.0000000000
31367 -30.0000000000
31421 -29.0000000000
31462 -28.0000000000
31516 -26.0000000000
31585 -25.0000000000
31679 -23.0000000000
31749 -22.0000000000
31814 -21.0000000000
31838 -19.0000000000
31861 -18.0000000000
31881 -17.0000000000
31883 -16.0000000000
32004 -15.0000000000
32013 -14.0000000000
32030 -13.0000000000
32133 -12.0000000000
32177 -11.0000000000
32199 -10.0000000000
32310 -9.0000000000
32330 -8.0000000000
32362 -7.0000000000
32444 -6.0000000000
32504 -5.0000000000
32565 -4.0000000000
32739 -3.0000000000
32840 -2.0000000000
32942 -1.0000000000
33025 624.5800000000
33265 648.6600000000
33808 666.0500000000
33850 696.5300000000
33947 699.9900000000
34011 705.0400000000
34046 783.3000000000
34064 785.6600000000
34143 786.8100000000
34153 794.6900000000
34198 800.9400000000
34211 802.5200000000
34220 802.7600000000
34275 807.6100000000
34344 816.1600000000
34565 823.5700000000
34769 896.5700000000
34816 913.8000000000
34928 917.1000000000
34983 922.0900000000
35285 931.5600000000
35306 932.2800000000
35317 932.4100000000
35371 936.4400000000
35385 939.9200000000
35493 947.3300000000
35914 955.9100000000
37050 977.6700000000
37071 985.7500000000
37081 994.3500000000
37089 1002.0500000000
37096 1014.2800000000
37125 1022.0400000000
37129 1023.9100000000
37167 1032.2500000000
37368 1032.8100000000
37500 1033.6000000000
37615 1037.1100000000
37623 1046.8900000000
38086 1065.5800000000
39816 1067.6700000000
39913 1068.9500000000
39966 1074.2900000000
39974 1077.8300000000
39989 1081.3200000000
40246 1095.7400000000
41456 1096.5000000000
43222 1108.7200000000
43228 1117.5200000000
43274 1128.3900000000
43341 1136.6100000000
43393 1143.4300000000
43403 1156.3100000000
43548 1161.9400000000
43647 1173.9700000000
43813 1176.8400000000
44947 1181.5000000000
44967 1185.2800000000
45147 1187.4300000000
45424 1187.8100000000
45426 1195.2300000000
45549 1197.7700000000
45925 1198.7800000000
45936 1204.1600000000
46362 1218.8100000000
46840 1225.0700000000
47057 1226.8000000000
47266 1227.8400000000
47682 1228.6800000000
47815 1229.2400000000
47816 1229.7700000000
48115 1230.4800000000
48282 1234.2500000000
48436 1235.4600000000
48577 1235.5200000000
50124 1236.9100000000
50406 1240.2000000000
50606 1240.3200000000
50650 1255.7400000000
53894 1257.7500000000
54187 1259.4200000000
56014 1261.5300000000
57691 1263.0700000000
58450 1268.2000000000
61870 1272.8300000000
62328 1273.5200000000
63631 1276.3500000000
64316 1277.5600000000
66642 1279.5600000000
75001 1284.6600000000
76882 1287.2000000000
79302 1290.3400000000
80575 1291.6300000000
83564 1292.4200000000
87757 1294.8400000000
90005 1295.8300000000
93889 1298.9900000000
93992 1301.1400000000
100000 1270.3400000000
evaluations raw_y
1 -1922.0000000000
3 -1910.0000000000
5 -1860.0000000000
55 -1834.0000000000
61 -1823.0000000000
72 -1818.0000000000
87 -1812.0000000000
94 -1808.0000000000
108 -1794.0000000000
133 -1771.0000000000
174 -1759.0000000000
191 -1755.0000000000
192 -1743.0000000000
210 -1735.0000000000
246 -1725.0000000000
265 -1720.0000000000
278 -1710.0000000000
323 -1697.0000000000
349 -1685.0000000000
363 -1683.0000000000
376 -1682.0000000000
382 -1672.0000000000
409 -1667.0000000000
434 -1666.0000000000
437 -1653.0000000000
471 -1646.0000000000
481 -1645.0000000000
487 -1643.0000000000
527 -1642.0000000000
528 -1635.0000000000
564 -1632.0000000000
578 -1630.0000000000
585 -1629.0000000000
621 -1628.0000000000
636 -1627.0000000000
640 -1626.0000000000
642 -1625.0000000000
648 -1624.0000000000
654 -1623.0000000000
664 -1620.0000000000
685 -1619.0000000000
704 -1615.0000000000
730 -1613.0000000000
759 -1608.0000000000
772 -1606.0000000000
786 -1603.0000000000
812 -1600.0000000000
847 -1599.0000000000
852 -1598.0000000000
859 -1595.0000000000
862 -1594.0000000000
886 -1591.0000000000
892 -1589.0000000000
915 -1587.0000000000
944 -1585.0000000000
969 -1580.0000000000
983 -1579.0000000000
1027 -1577.0000000000
1034 -1576.0000000000
1055 -1573.0000000000
1070 -1572.0000000000
1107 -1569.0000000000
1144 -1566.0000000000
1162 -1565.0000000000
1190 -1563.0000000000
1212 -1560.0000000000
1246 -1558.0000000000
1269 -1553.0000000000
1287 -1552.0000000000
1306 -1549.0000000000
1336 -1548.0000000000
1347 -1547.0000000000
1359 -1546.0000000000
1361 -1542.0000000000
1410 -1540.0000000000
1424 -1539.0000000000
1453 -1536.0000000000
1474 -1535.0000000000
1484 -1534.0000000000
1505 -1531.0000000000
1534 -1530.0000000000
1538 -1528.0000000000
1543 -1525.0000000000
1565 -1522.0000000000
1589 -1519.0000000000
1612 -1517.0000000000
1633 -1516.0000000000
1641 -1515.0000000000
1663 -1514.0000000000
1681 -1513.0000000000
1704 -1512.0000000000
1710 -1509.0000000000
1743 -1508.0000000000
1744 -1507.0000000000
1756 -1506.0000000000
1772 -1505.0000000000
1775 -1504.0000000000
1797 -1499.0000000000
1809 -1498.0000000000
1843 -1494.0000000000
1864 -1493.0000000000
1880 -1491.0000000000
1886 -1490.0000000000
1889 -1488.0000000000
1919 -1487.0000000000
1946 -1486.0000000000
1962 -1485.0000000000
1969 -1482.0000000000
1983 -1481.0000000000
2001 -1480.0000000000
2034 -1479.0000000000
2041 -1477.0000000000
2066 -1475.0000000000
2085 -1473.0000000000
2093 -1471.0000000000
2142 -1470.0000000000
2150 -1469.0000000000
2169 -1468.0000000000
2175 -1465.0000000000
2194 -1464.0000000000
2208 -1459.0000000000
2256 -1456.0000000000
2263 -1455.0000000000
2267 -1454.0000000000
2312 -1453.0000000000
2321 -1452.0000000000
2323 -1450.0000000000
2355 -1448.0000000000
2364 -1445.0000000000
2400 -1444.0000000000
2408 -1441.0000000000
2447 -1439.0000000000
2461 -1438.0000000000
2481 -1435.0000000000
2505 -1432.0000000000
2521 -1431.0000000000
2536 -1430.0000000000
2545 -1428.0000000000
2584 -1427.0000000000
2595 -1425.0000000000
2623 -1420.0000000000
2666 -1417.0000000000
2711 -1415.0000000000
2732 -1414.0000000000
2735 -1409.0000000000
2758 -1407.0000000000
2775 -1406.0000000000
2793 -1404.0000000000
2802 -1402.0000000000
2829 -1401.0000000000
2877 -1400.0000000000
2881 -1396.0000000000
2908 -1394.0000000000
2941 -1392.0000000000
2970 -1391.0000000000
2998 -1388.0000000000
3025 -1383.0000000000
3081 -1382.0000000000
3094 -1380.0000000000
3108 -1379.0000000000
3116 -1378.0000000000
3123 -1377.0000000000
3152 -1374.0000000000
3170 -1371.0000000000
3190 -1370.0000000000
3203 -1369.0000000000
3207 -1368.0000000000
3231 -1367.0000000000
3269 -1364.0000000000
3304 -1363.0000000000
3305 -1360.0000000000
3341 -1358.0000000000
3364 -1354.0000000000
3419 -1351.0000000000
3432 -1350.0000000000
3457 -1349.0000000000
3460 -1348.0000000000
3466 -1347.0000000000
3487 -1343.0000000000
3518 -1342.0000000000
3527 -1341.0000000000
3548 -1340.0000000000
3551 -1339.0000000000
3587 -1338.0000000000
3598 -1337.0000000000
3606 -1336.0000000000
3611 -1335.0000000000
3621 -1333.0000000000
3677 -1331.0000000000
3681 -1328.0000000000
3725 -1327.0000000000
3745 -1325.0000000000
3754 -1324.0000000000
3760 -1323.0000000000
3772 -1322.0000000000
3783 -1319.0000000000
3825 -1318.0000000000
3857 -1316.0000000000
3862 -1315.0000000000
3865 -1314.0000000000
3887 -1313.0000000000
3910 -1312.0000000000
3913 -1311.0000000000
3925 -1308.0000000000
3949 -1307.0000000000
3969 -1306.0000000000
3991 -1305.0000000000
3999 -1303.0000000000
4022 -1300.0000000000
4071 -1297.0000000000
4099 -1291.0000000000
4159 -1289.0000000000
4187 -1288.0000000000
4191 -1287.0000000000
4206 -1285.0000000000
4223 -1284.0000000000
4239 -1283.0000000000
4253 -1281.0000000000
4261 -1279.0000000000
4284 -1278.0000000000
4288 -1277.0000000000
4299 -1276.0000000000
4303 -1275.0000000000
4334 -1274.0000000000
4348 -1273.0000000000
4349 -1272.0000000000
4351 -1271.0000000000
4362 -1269.0000000000
4381 -1265.0000000000
4424 -1264.0000000000
4441 -1263.0000000000
4443 -1262.0000000000
4467 -1259.0000000000
4475 -1258.0000000000
4503 -1257.0000000000
4509 -1255.0000000000
4551 -1253.0000000000
4556 -1252.0000000000
4580 -1250.0000000000
4589 -1248.0000000000
4624 -1247.0000000000
4657 -1246.0000000000
4662 -1245.0000000000
4682 -1244.0000000000
4687 -1243.0000000000
4706 -1242.0000000000
4719 -1241.0000000000
4733 -1239.0000000000
4738 -1237.0000000000
4765 -1234.0000000000
4768 -1232.0000000000
4792 -1229.0000000000
4826 -1226.0000000000
4848 -1225.0000000000
4873 -1223.0000000000
4883 -1222.0000000000
4890 -1220.0000000000
4901 -1216.0000000000
4944 -1215.0000000000
4949 -1213.0000000000
4979 -1212.0000000000
5001 -1210.0000000000
5013 -1209.0000000000
5019 -1207.0000000000
5041 -1206.0000000000
5046 -1205.0000000000
5050 -1204.0000000000
5060 -1202.0000000000
5063 -1200.0000000000
5086 -1199.0000000000
5089 -1198.0000000000
5113 -1196.0000000000
5128 -1194.0000000000
5150 -1192.0000000000
5161 -1191.0000000000
5169 -1190.0000000000
5175 -1189.0000000000
5210 -1185.0000000000
5243 -1180.0000000000
5285 -1177.0000000000
5324 -1176.0000000000
5349 -1175.0000000000
5362 -1173.0000000000
5363 -1172.0000000000
5394 -1169.0000000000
5403 -1168.0000000000
5436 -1166.0000000000
5445 -1163.0000000000
5466 -1162.0000000000
5483 -1160.0000000000
5519 -1159.0000000000
5521 -1157.0000000000
5524 -1156.0000000000
5561 -1154.0000000000
5588 -1153.0000000000
5593 -1150.0000000000
5632 -1149.0000000000
5652 -1148.0000000000
5664 -1146.0000000000
5668 -1145.0000000000
5691 -1142.0000000000
5717 -1140.0000000000
5751 -1137.0000000000
5752 -1136.0000000000
5810 -1135.0000000000
5829 -1133.0000000000
5854 -1132.0000000000
5892 -1131.0000000000
5899 -1130.0000000000
5917 -1128.0000000000
5939 -1127.0000000000
5946 -1126.0000000000
5982 -1125.0000000000
5995 -1124.0000000000
6004 -1122.0000000000
6022 -1120.0000000000
6067 -1119.0000000000
6073 -1118.0000000000
6111 -1117.0000000000
6129 -1116.0000000000
6144 -1111.0000000000
6192 -1110.0000000000
6202 -1109.0000000000
6207 -1107.0000000000
6225 -1105.0000000000
6259 -1104.0000000000
6283 -1101.0000000000
6318 -1100.0000000000
6343 -1097.0000000000
6371 -1094.0000000000
6385 -1093.0000000000
6423 -1092.0000000000
6455 -1091.0000000000
6472 -1089.0000000000
6490 -1087.0000000000
6507 -1086.0000000000
6525 -1085.0000000000
6549 -1084.0000000000
6550 -1080.0000000000
6564 -1079.0000000000
6579 -1077.0000000000
6606 -1076.0000000000
6610 -1075.0000000000
6639 -1074.0000000000
6665 -1069.0000000000
6703 -1068.0000000000
6724 -1066.0000000000
6762 -1065.0000000000
6780 -1064.0000000000
6792 -1063.0000000000
6805 -1062.0000000000
6835 -1061.0000000000
6851 -1060.0000000000
6863 -1059.0000000000
6867 -1058.0000000000
6897 -1057.0000000000
6901 -1056.0000000000
6926 -1055.0000000000
6941 -1054.0000000000
6964 -1052.0000000000
6976 -1050.0000000000
6986 -1049.0000000000
6987 -1047.0000000000
7028 -1046.0000000000
7040 -1041.0000000000
7079 -1039.0000000000
7090 -1038.0000000000
7111 -1036.0000000000
7141 -1035.0000000000
7166 -1032.0000000000
7208 -1031.0000000000
7226 -1030.0000000000
7232 -1029.0000000000
7252 -1027.0000000000
7282 -1026.0000000000
7284 -1025.0000000000
7306 -1024.0000000000
7323 -1023.0000000000
7365 -1022.0000000000
7375 -1020.0000000000
7424 -1018.0000000000
7451 -1015.0000000000
7479 -1014.0000000000
7503 -1013.0000000000
7521 -1011.0000000000
7537 -1010.0000000000
7569 -1008.0000000000
7589 -1004.0000000000
7615 -1002.0000000000
7659 -1001.0000000000
7664 -999.0000000000
7703 -997.0000000000
7711 -996.0000000000
7747 -994.0000000000
7752 -993.0000000000
7774 -990.0000000000
7809 -989.0000000000
7810 -988.0000000000
7839 -986.0000000000
7882 -983.0000000000
7924 -981.0000000000
7941 -976.0000000000
7962 -975.0000000000
8023 -974.0000000000
8045 -973.0000000000
8073 -972.0000000000
8085 -971.0000000000
8106 -970.0000000000
8109 -967.0000000000
8166 -962.0000000000
8257 -960.0000000000
8279 -959.0000000000
8293 -958.0000000000
8305 -957.0000000000
8343 -954.0000000000
8376 -952.0000000000
8382 -950.0000000000
8407 -947.0000000000
8446 -946.0000000000
8463 -945.0000000000
8482 -942.0000000000
8522 -941.0000000000
8524 -939.0000000000
8546 -937.0000000000
8589 -936.0000000000
8602 -935.0000000000
8616 -934.0000000000
8617 -933.0000000000
8634 -930.0000000000
8657 -929.0000000000
8673 -926.0000000000
8721 -925.0000000000
8749 -924.0000000000
8751 -922.0000000000
8772 -921.0000000000
8779 -920.0000000000
8844 -919.0000000000
8846 -918.0000000000
8863 -917.0000000000
8883 -915.0000000000
8901 -914.0000000000
8915 -913.0000000000
8960 -912.0000000000
8967 -911.0000000000
8987 -909.0000000000
9019 -908.0000000000
9021 -907.0000000000
9029 -906.0000000000
9064 -905.0000000000
9071 -904.0000000000
9084 -903.0000000000
9097 -902.0000000000
9127 -901.0000000000
9134 -899.0000000000
9156 -896.0000000000
9214 -894.0000000000
9234 -891.0000000000
9261 -890.0000000000
9309 -889.0000000000
9324 -888.0000000000
9355 -887.0000000000
9383 -885.0000000000
9406 -884.0000000000
9426 -881.0000000000
9467 -880.0000000000
9481 -879.0000000000
9510 -878.0000000000
9513 -875.0000000000
9555 -872.0000000000
9581 -871.0000000000
9585 -869.0000000000
9646 -865.0000000000
9672 -863.0000000000
9715 -862.0000000000
9730 -860.0000000000
9746 -859.0000000000
9761 -858.0000000000
9768 -857.0000000000
9794 -855.0000000000
9812 -854.0000000000
9830 -851.0000000000
9879 -850.0000000000
9882 -849.0000000000
9903 -847.0000000000
9919 -846.0000000000
9942 -844.0000000000
9963 -843.0000000000
9989 -842.0000000000
10019 -840.0000000000
10063 -836.0000000000
10081 -834.0000000000
10117 -833.0000000000
10120 -830.0000000000
10141 -828.0000000000
10147 -827.0000000000
10173 -823.0000000000
10223 -822.0000000000
10236 -820.0000000000
10261 -819.0000000000
10287 -818.0000000000
10301 -816.0000000000
10330 -815.0000000000
10356 -813.0000000000
10408 -812.0000000000
10426 -811.0000000000
10437 -809.0000000000
10496 -808.0000000000
10502 -807.0000000000
10503 -805.0000000000
10545 -803.0000000000
10561 -800.0000000000
10609 -797.0000000000
10675 -796.0000000000
10683 -795.0000000000
10709 -794.0000000000
10721 -793.0000000000
10751 -792.0000000000
10769 -791.0000000000
10797 -789.0000000000
10822 -784.0000000000
10882 -781.0000000000
10906 -780.0000000000
10921 -779.0000000000
10941 -778.0000000000
10958 -776.0000000000
10988 -775.0000000000
11008 -774.0000000000
11029 -773.0000000000
11043 -771.0000000000
11067 -770.0000000000
11075 -768.0000000000
11126 -766.0000000000
11164 -764.0000000000
11197 -762.0000000000
11250 -761.0000000000
11262 -759.0000000000
11290 -757.0000000000
11329 -756.0000000000
11361 -755.0000000000
11404 -754.0000000000
11421 -752.0000000000
11450 -751.0000000000
11462 -750.0000000000
11468 -748.0000000000
11481 -747.0000000000
11545 -746.0000000000
11549 -744.0000000000
11580 -743.0000000000
11581 -742.0000000000
11596 -741.0000000000
11601 -738.0000000000
11612 -736.0000000000
11666 -735.0000000000
11687 -732.0000000000
11744 -731.0000000000
11779 -730.0000000000
11783 -729.0000000000
11790 -728.0000000000
11804 -727.0000000000
11807 -726.0000000000
11849 -724.0000000000
11858 -723.0000000000
11889 -720.0000000000
11924 -719.0000000000
11948 -717.0000000000
11965 -716.0000000000
12007 -715.0000000000
12023 -714.0000000000
12053 -713.0000000000
12081 -712.0000000000
12111 -711.0000000000
12147 -709.0000000000
12171 -708.0000000000
12195 -707.0000000000
12199 -704.0000000000
12205 -703.0000000000
12241 -702.0000000000
12279 -701.0000000000
12290 -700.0000000000
12315 -698.0000000000
12321 -697.0000000000
12353 -696.0000000000
12367 -695.0000000000
12382 -693.0000000000
12405 -691.0000000000
12472 -690.0000000000
12487 -688.0000000000
12539 -687.0000000000
12541 -686.0000000000
12587 -685.0000000000
12607 -683.0000000000
12662 -679.0000000000
12666 -677.0000000000
12706 -675.0000000000
12772 -674.0000000000
12784 -673.0000000000
12817 -672.0000000000
12845 -671.0000000000
12858 -669.0000000000
12870 -665.0000000000
12919 -663.0000000000
12963 -661.0000000000
12985 -659.0000000000
13056 -658.0000000000
13062 -657.0000000000
13076 -656.0000000000
13079 -655.0000000000
13102 -653.0000000000
13111 -651.0000000000
13141 -649.0000000000
13215 -647.0000000000
13249 -646.0000000000
13269 -645.0000000000
13287 -644.0000000000
13305 -643.0000000000
13324 -642.0000000000
13327 -641.0000000000
13374 -639.0000000000
13382 -637.0000000000
13407 -636.0000000000
13419 -635.0000000000
13457 -632.0000000000
13508 -631.0000000000
13524 -629.0000000000
13580 -628.0000000000
13607 -626.0000000000
13616 -625.0000000000
13640 -624.0000000000
13649 -623.0000000000
13676 -622.0000000000
13715 -621.0000000000
13749 -619.0000000000
13761 -618.0000000000
13801 -617.0000000000
13831 -616.0000000000
13856 -615.0000000000
13869 -614.0000000000
13917 -613.0000000000
13925 -612.0000000000
13933 -611.0000000000
13963 -610.0000000000
13996 -608.0000000000
14021 -607.0000000000
14045 -602.0000000000
14106 -601.0000000000
14122 -599.0000000000
14178 -598.0000000000
14205 -597.0000000000
14211 -596.0000000000
14250 -592.0000000000
14306 -590.0000000000
14315 -589.0000000000
14379 -588.0000000000
14385 -587.0000000000
14414 -586.0000000000
14467 -585.0000000000
14518 -584.0000000000
14523 -583.0000000000
14549 -582.0000000000
14569 -581.0000000000
14585 -580.0000000000
14604 -579.0000000000
14627 -577.0000000000
14658 -576.0000000000
14677 -575.0000000000
14683 -574.0000000000
14705 -573.0000000000
14744 -571.0000000000
14782 -570.0000000000
14791 -568.0000000000
14844 -565.0000000000
14934 -563.0000000000
14946 -562.0000000000
14961 -560.0000000000
15033 -558.0000000000
15095 -557.0000000000
15113 -556.0000000000
15161 -555.0000000000
15190 -554.0000000000
15213 -553.0000000000
15221 -551.0000000000
15222 -550.0000000000
15249 -549.0000000000
15266 -547.0000000000
15303 -546.0000000000
15334 -545.0000000000
15359 -544.0000000000
15399 -542.0000000000
15424 -541.0000000000
15482 -540.0000000000
15484 -537.0000000000
15514 -535.0000000000
15557 -534.0000000000
15597 -532.0000000000
15633 -531.0000000000
15636 -528.0000000000
15694 -527.0000000000
15769 -526.0000000000
15775 -525.0000000000
15786 -523.0000000000
15802 -522.0000000000
15854 -521.0000000000
15899 -520.0000000000
15955 -517.0000000000
16013 -515.0000000000
16088 -514.0000000000
16104 -513.0000000000
16112 -512.0000000000
16173 -510.0000000000
16188 -508.0000000000
16261 -507.0000000000
16281 -504.0000000000
16345 -503.0000000000
16372 -502.0000000000
16389 -497.0000000000
16419 -496.0000000000
16455 -495.0000000000
16471 -494.0000000000
16508 -492.0000000000
16546 -491.0000000000
16550 -490.0000000000
16608 -489.0000000000
16618 -488.0000000000
16641 -486.0000000000
16667 -485.0000000000
16691 -484.0000000000
16703 -483.0000000000
16763 -482.0000000000
16770 -481.0000000000
16815 -478.0000000000
16862 -477.0000000000
16890 -476.0000000000
16905 -475.0000000000
16952 -474.0000000000
16961 -473.0000000000
16980 -472.0000000000
17038 -470.0000000000
17075 -469.0000000000
17093 -467.0000000000
17137 -466.0000000000
17152 -465.0000000000
17193 -464.0000000000
17203 -463.0000000000
17222 -462.0000000000
17253 -461.0000000000
17263 -460.0000000000
17277 -458.0000000000
17364 -457.0000000000
17384 -456.0000000000
17444 -454.0000000000
17483 -453.0000000000
17507 -450.0000000000
17548 -449.0000000000
17565 -448.0000000000
17617 -446.0000000000
17629 -445.0000000000
17673 -444.0000000000
17679 -443.0000000000
17697 -441.0000000000
17725 -440.0000000000
17747 -439.0000000000
17771 -438.0000000000
17794 -437.0000000000
17815 -436.0000000000
17823 -432.0000000000
17847 -431.0000000000
17865 -430.0000000000
17905 -429.0000000000
17943 -428.0000000000
17984 -427.0000000000
18000 -425.0000000000
18023 -424.0000000000
18056 -421.0000000000
18142 -418.0000000000
18191 -417.0000000000
18241 -416.0000000000
18270 -415.0000000000
18275 -414.0000000000
18321 -412.0000000000
18345 -411.0000000000
18366 -410.0000000000
18390 -409.0000000000
18423 -408.0000000000
18425 -407.0000000000
18483 -406.0000000000
18516 -405.0000000000
18532 -404.0000000000
18572 -403.0000000000
18624 -402.0000000000
18647 -400.0000000000
18650 -398.0000000000
18682 -397.0000000000
18694 -396.0000000000
18703 -395.0000000000
18706 -394.0000000000
18721 -393.0000000000
18753 -392.0000000000
18777 -391.0000000000
18784 -388.0000000000
18845 -387.0000000000
18889 -386.0000000000
18911 -385.0000000000
18953 -383.0000000000
18977 -382.0000000000
19025 -380.0000000000
19047 -379.0000000000
19062 -378.0000000000
19067 -377.0000000000
19084 -375.0000000000
19174 -374.0000000000
19187 -372.0000000000
19264 -368.0000000000
19284 -367.0000000000
19390 -366.0000000000
19410 -365.0000000000
19425 -364.0000000000
19477 -361.0000000000
19509 -360.0000000000
19550 -359.0000000000
19594 -358.0000000000
19657 -356.0000000000
19716 -353.0000000000
19816 -352.0000000000
19828 -350.0000000000
19859 -349.0000000000
19901 -348.0000000000
19945 -347.0000000000
19985 -346.0000000000
20001 -344.0000000000
20070 -343.0000000000
20103 -342.0000000000
20124 -340.0000000000
20161 -339.0000000000
20211 -338.0000000000
20244 -337.0000000000
20247 -335.0000000000
20340 -334.0000000000
20347 -332.0000000000
20395 -331.0000000000
20432 -327.0000000000
20461 -324.0000000000
20513 -323.0000000000
20563 -322.0000000000
20601 -321.0000000000
20646 -320.0000000000
20670 -318.0000000000
20712 -316.0000000000
20785 -315.0000000000
20832 -314.0000000000
20902 -312.0000000000
20951 -311.0000000000
20955 -310.0000000000
20988 -309.0000000000
21000 -308.0000000000
21016 -307.0000000000
21036 -306.0000000000
21098 -305.0000000000
21122 -304.0000000000
21145 -302.0000000000
21187 -300.0000000000
21239 -299.0000000000
21242 -298.0000000000
21317 -297.0000000000
21403 -296.0000000000
21435 -295.0000000000
21467 -293.0000000000
21477 -292.0000000000
21578 -290.0000000000
21625 -288.0000000000
21675 -286.0000000000
21749 -285.0000000000
21791 -284.0000000000
21802 -283.0000000000
21830 -280.0000000000
21902 -279.0000000000
21966 -278.0000000000
21968 -277.0000000000
22031 -276.0000000000
22068 -274.0000000000
22136 -273.0000000000
22202 -272.0000000000
22212 -270.0000000000
22268 -269.0000000000
22330 -268.0000000000
22337 -267.0000000000
22379 -266.0000000000
22390 -265.0000000000
22410 -264.0000000000
22455 -263.0000000000
22508 -261.0000000000
22542 -260.0000000000
22547 -259.0000000000
22580 -258.0000000000
22600 -257.0000000000
22644 -256.0000000000
22655 -254.0000000000
22705 -253.0000000000
22738 -251.0000000000
22801 -250.0000000000
22850 -248.0000000000
22875 -247.0000000000
22913 -246.0000000000
22969 -245.0000000000
23005 -244.0000000000
23017 -243.0000000000
23055 -242.0000000000
23092 -240.0000000000
23178 -237.0000000000
23277 -236.0000000000
23290 -235.0000000000
23295 -234.0000000000
23301 -233.0000000000
23336 -232.0000000000
23363 -229.0000000000
23448 -228.0000000000
23490 -226.0000000000
23505 -224.0000000000
23615 -223.0000000000
23622 -222.0000000000
23667 -221.0000000000
23701 -220.0000000000
23758 -217.0000000000
23804 -216.0000000000
23883 -214.0000000000
23926 -213.0000000000
23928 -212.0000000000
23963 -211.0000000000
23970 -209.0000000000
24065 -207.0000000000
24107 -206.0000000000
24125 -205.0000000000
24160 -202.0000000000
24230 -201.0000000000
24290 -200.0000000000
24313 -199.0000000000
24383 -198.0000000000
24402 -197.0000000000
24424 -196.0000000000
24453 -195.0000000000
24469 -194.0000000000
24496 -193.0000000000
24552 -190.0000000000
24717 -189.0000000000
24719 -188.0000000000
24744 -187.0000000000
24825 -186.0000000000
24932 -185.0000000000
24985 -184.0000000000
25009 -183.0000000000
25032 -182.0000000000
25085 -181.0000000000
25116 -180.0000000000
25125 -179.0000000000
25133 -177.0000000000
25206 -176.0000000000
25222 -175.0000000000
25226 -172.0000000000
25308 -171.0000000000
25374 -168.0000000000
25393 -167.0000000000
25447 -166.0000000000
25545 -164.0000000000
25597 -163.0000000000
25634 -161.0000000000
25763 -160.0000000000
25904 -158.0000000000
25977 -157.0000000000
26008 -156.0000000000
26075 -155.0000000000
26123 -154.0000000000
26147 -153.0000000000
26204 -151.0000000000
26282 -149.0000000000
26397 -148.0000000000
26437 -146.0000000000
26476 -145.0000000000
26516 -144.0000000000
26566 -143.0000000000
26572 -142.0000000000
26592 -141.0000000000
26627 -139.0000000000
26750 -138.0000000000
26761 -136.0000000000
26805 -135.0000000000
26851 -134.0000000000
26916 -133.0000000000
26967 -132.0000000000
26987 -131.0000000000
27063 -130.0000000000
27081 -129.0000000000
27167 -128.0000000000
27249 -127.0000000000
27277 -126.0000000000
27300 -124.0000000000
27327 -123.0000000000
27338 -122.0000000000
27377 -119.0000000000
27539 -118.0000000000
27552 -116.0000000000
27628 -115.0000000000
27695 -113.0000000000
27784 -112.0000000000
27809 -111.0000000000
27924 -110.0000000000
28004 -109.0000000000
28026 -108.0000000000
28038 -107.0000000000
28108 -106.0000000000
28122 -105.0000000000
28195 -104.0000000000
28237 -103.0000000000
28269 -102.0000000000
28284 -101.0000000000
28410 -100.0000000000
28447 -98.0000000000
28499 -97.0000000000
28606 -96.0000000000
28636 -94.0000000000
28728 -93.0000000000
28751 -92.0000000000
28868 -91.0000000000
28881 -90.0000000000
28965 -89.0000000000
29022 -88.0000000000
29076 -87.0000000000
29152 -86.0000000000
29291 -85.0000000000
29325 -84.0000000000
29345 -82.0000000000
29456 -81.0000000000
29482 -80.0000000000
29559 -79.0000000000
29562 -78.0000000000
29619 -77.0000000000
29661 -76.0000000000
29735 -75.0000000000
29777 -74.0000000000
29813 -73.0000000000
29853 -72.0000000000
29934 -71.0000000000
29976 -70.0000000000
29996 -69.0000000000
30120 -68.0000000000
30266 -67.0000000000
30314 -66.0000000000
30410 -65.0000000000
30461 -64.0000000000
30547 -63.0000000000
30556 -62.0000000000
30609 -61.0000000000
30623 -59.0000000000
30722 -57.0000000000
30820 -56.0000000000
30878 -54.0000000000
30978 -53.0000000000
30985 -52.0000000000
31049 -51.0000000000
31145 -50.0000000000
31186 -47.0000000000
31264 -46.0000000000
31338 -45.0000000000
31376 -44.0000000000
31582 -43.0000000000
31634 -42.0000000000
31763 -41.0000000000
31789 -40.0000000000
31812 -39.0000000000
31936 -38.0000000000
31961 -36.0000000000
32100 -35.0000000000
32155 -34.0000000000
32260 -33.0000000000
32289 -32.0000000000
32401 -31.0000000000
32470 -30.0000000000
32489 -29.0000000000
32572 -27.0000000000
32605 -25.0000000000
32710 -24.0000000000
32824 -23.0000000000
32879 -22.0000000000
32969 -21.0000000000
33068 -20.0000000000
33071 -19.0000000000
33148 -17.0000000000
33261 -16.0000000000
33374 -14.0000000000
33536 -13.0000000000
33555 -12.0000000000
33697 -11.0000000000
33736 -10.0000000000
33865 -9.0000000000
33904 -8.0000000000
33984 -7.0000000000
34050 -6.0000000000
34142 -5.0000000000
34283 -3.0000000000
34345 -2.0000000000
34471 -1.0000000000
34593 622.7700000000
34650 628.3800000000
34656 639.7400000000
34727 642.7800000000
35261 651.3500000000
35601 674.1500000000
35614 676.3900000000
35616 700.4900000000
35639 703.7600000000
35646 709.7200000000
35696 716.3400000000
35711 751.0400000000
35728 754.4200000000
35750 756.2200000000
35764 781.9800000000
35838 790.6400000000
35885 790.8700000000
35892 797.7400000000
36187 798.2100000000
36448 802.9400000000
36477 816.3300000000
36632 821.2200000000
36755 824.8600000000
36799 895.2300000000
36837 906.7300000000
36849 909.4600000000
36870 913.2900000000
36899 919.3200000000
36972 929.2500000000
37132 934.3900000000
37168 938.7700000000
37236 948.2400000000
37773 949.4200000000
37945 1033.1300000000
38066 1034.2500000000
38079 1034.4300000000
38094 1052.8400000000
38326 1053.9200000000
38340 1054.8000000000
38372 1059.3300000000
38381 1069.7200000000
38401 1070.0800000000
38425 1076.0800000000
38486 1076.5400000000
38533 1102.6200000000
38556 1156.0200000000
38585 1160.7100000000
38609 1169.4900000000
38692 1174.6600000000
38759 1177.9400000000
38772 1184.4400000000
39402 1188.7200000000
42255 1188.8100000000
42260 1193.8900000000
42330 1193.9000000000
42668 1198.9700000000
43444 1202.8100000000
43995 1203.3600000000
44347 1206.9500000000
46182 1210.8700000000
47227 1215.8100000000
48804 1219.3400000000
48900 1220.7400000000
49612 1223.3000000000
49995 1223.4100000000
51992 1224.2700000000
52942 1226.7300000000
53175 1227.4100000000
56130 1228.8300000000
57420 1228.9700000000
57655 1237.8800000000
57966 1250.1700000000
63623 1251.3400000000
65893 1259.7800000000
67683 1264.4100000000
84657 1269.6500000000
84842 1273.9000000000
88069 1276.4000000000
89358 1283.1300000000
89549 1286.6200000000
90782 1291.6000000000
100000 1111.9700000000
evaluations raw_y
1 -1984.0000000000
2 -1916.0000000000
3 -1886.0000000000
5 -1872.0000000000
14 -1855.0000000000
23 -1854.0000000000
35 -1842.0000000000
56 -1841.0000000000
62 -1827.0000000000
68 -1790.0000000000
101 -1789.0000000000
106 -1781.0000000000
121 -1740.0000000000
141 -1739.0000000000
181 -1728.0000000000
203 -1717.0000000000
231 -1710.0000000000
242 -1702.0000000000
276 -1697.0000000000
281 -1692.0000000000
298 -1685.0000000000
309 -1684.0000000000
318 -1682.0000000000
350 -1681.0000000000
356 -1679.0000000000
368 -1674.0000000000
381 -1672.0000000000
390 -1670.0000000000
398 -1669.0000000000
401 -1664.0000000000
425 -1659.0000000000
443 -1655.0000000000
467 -1652.0000000000
470 -1651.0000000000
494 -1640.0000000000
523 -1638.0000000000
548 -1636.0000000000
561 -1633.0000000000
581 -1630.0000000000
582 -1627.0000000000
617 -1622.0000000000
643 -1621.0000000000
649 -1620.0000000000
662 -1619.0000000000
668 -1618.0000000000
680 -1615.0000000000
690 -1613.0000000000
692 -1611.0000000000
721 -1604.0000000000
771 -1603.0000000000
774 -1602.0000000000
779 -1601.0000000000
786 -1600.0000000000
793 -1594.0000000000
816 -1593.0000000000
820 -1592.0000000000
848 -1591.0000000000
885 -1586.0000000000
909 -1585.0000000000
926 -1583.0000000000
933 -1580.0000000000
945 -1579.0000000000
980 -1578.0000000000
990 -1577.0000000000
1002 -1576.0000000000
1005 -1575.0000000000
1011 -1574.0000000000
1033 -1571.0000000000
1061 -1570.0000000000
1082 -1565.0000000000
1104 -1563.0000000000
1141 -1562.0000000000
1153 -1561.0000000000
1163 -1558.0000000000
1182 -1556.0000000000
1213 -1555.0000000000
1223 -1554.0000000000
1225 -1552.0000000000
1250 -1551.0000000000
1269 -1550.0000000000
1271 -1547.0000000000
1301 -1545.0000000000
1335 -1543.0000000000
1351 -1542.0000000000
1365 -1541.0000000000
1387 -1536.0000000000
1407 -1535.0000000000
1432 -1533.0000000000
1448 -1532.0000000000
1462 -1528.0000000000
1482 -1523.0000000000
1503 -1519.0000000000
1542 -1517.0000000000
1566 -1515.0000000000
1585 -1513.0000000000
1613 -1512.0000000000
1616 -1511.0000000000
1638 -1510.0000000000
1639 -1509.0000000000
1641 -1508.0000000000
1651 -1506.0000000000
1677 -1505.0000000000
1682 -1504.0000000000
1708 -1503.0000000000
1715 -1501.0000000000
1732 -1500.0000000000
1735 -1499.0000000000
1760 -1494.0000000000
1807 -1489.0000000000
1851 -1488.0000000000
1865 -1485.0000000000
1920 -1484.0000000000
1924 -1482.0000000000
1925 -1480.0000000000
1948 -1478.0000000000
1961 -1477.0000000000
2005 -1476.0000000000
2006 -1474.0000000000
2032 -1473.0000000000
2033 -1472.0000000000
2045 -1471.0000000000
2082 -1470.0000000000
2090 -1468.0000000000
2107 -1467.0000000000
2122 -1466.0000000000
2127 -1463.0000000000
2157 -1458.0000000000
2189 -1456.0000000000
2203 -1455.0000000000
2212 -1454.0000000000
2214 -1453.0000000000
2239 -1451.0000000000
2251 -1450.0000000000
2261 -1448.0000000000
2283 -1447.0000000000
2305 -1445.0000000000
2326 -1444.0000000000
2347 -1443.0000000000
2362 -1439.0000000000
2392 -1436.0000000000
2414 -1435.0000000000
2430 -1432.0000000000
2445 -1430.0000000000
2472 -1429.0000000000
2517 -1428.0000000000
2526 -1424.0000000000
2549 -1421.0000000000
2567 -1420.0000000000
2601 -1419.0000000000
2608 -1418.0000000000
2622 -1417.0000000000
2632 -1415.0000000000
2656 -1411.0000000000
2681 -1410.0000000000
2703 -1409.0000000000
2726 -1408.0000000000
2727 -1406.0000000000
2749 -1404.0000000000
2767 -1403.0000000000
2792 -1401.0000000000
2801 -1400.0000000000
2829 -1399.0000000000
2860 -1397.0000000000
2870 -1396.0000000000
2877 -1395.0000000000
2883 -1393.0000000000
2891 -1392.0000000000
2923 -1390.0000000000
2929 -1389.0000000000
2960 -1388.0000000000
2969 -1387.0000000000
2970 -1385.0000000000
2988 -1384.0000000000
3004 -1379.0000000000
3063 -1378.0000000000
3084 -1377.0000000000
3091 -1376.0000000000
3103 -1374.0000000000
3109 -1373.0000000000
3123 -1371.0000000000
3126 -1369.0000000000
3149 -1366.0000000000
3196 -1364.0000000000
3230 -1363.0000000000
3241 -1361.0000000000
3265 -1358.0000000000
3289 -1356.0000000000
3325 -1355.0000000000
3348 -1354.0000000000
3381 -1353.0000000000
3386 -1352.0000000000
3408 -1348.0000000000
3452 -1346.0000000000
3472 -1344.0000000000
3504 -1343.0000000000
3520 -1341.0000000000
3541 -1339.0000000000
3566 -1338.0000000000
3585 -1336.0000000000
3604 -1335.0000000000
3636 -1334.0000000000
3643 -1333.0000000000
3645 -1332.0000000000
3677 -1329.0000000000
3709 -1328.0000000000
3711 -1327.0000000000
3712 -1326.0000000000
3746 -1325.0000000000
3751 -1322.0000000000
3783 -1319.0000000000
3804 -1318.0000000000
3836 -1317.0000000000
3841 -1314.0000000000
3867 -1313.0000000000
3913 -1311.0000000000
3922 -1309.0000000000
3929 -1308.0000000000
3948 -1307.0000000000
3967 -1306.0000000000
3998 -1305.0000000000
4000 -1304.0000000000
4010 -1303.0000000000
4018 -1301.0000000000
4042 -1299.0000000000
4066 -1298.0000000000
4070 -1296.0000000000
4100 -1293.0000000000
4143 -1292.0000000000
4145 -1290.0000000000
4172 -1287.0000000000
4183 -1286.0000000000
4239 -1283.0000000000
4245 -1281.0000000000
4274 -1280.0000000000
4289 -1279.0000000000
4306 -1278.0000000000
4327 -1274.0000000000
4352 -1272.0000000000
4359 -1271.0000000000
4390 -1269.0000000000
4403 -1268.0000000000
4407 -1266.0000000000
4432 -1264.0000000000
4462 -1263.0000000000
4471 -1261.0000000000
4487 -1260.0000000000
4523 -1259.0000000000
4527 -1258.0000000000
4561 -1257.0000000000
4582 -1255.0000000000
4594 -1254.0000000000
4619 -1253.0000000000
4622 -1250.0000000000
4661 -1248.0000000000
4672 -1246.0000000000
4706 -1245.0000000000
4715 -1244.0000000000
4723 -1243.0000000000
4751 -1242.0000000000
4767 -1241.0000000000
4773 -1240.0000000000
4798 -1239.0000000000
4816 -1237.0000000000
4825 -1234.0000000000
4841 -1233.0000000000
4869 -1232.0000000000
4883 -1230.0000000000
4927 -1228.0000000000
4931 -1226.0000000000
4959 -1225.0000000000
4981 -1220.0000000000
5016 -1219.0000000000
5022 -1217.0000000000
5055 -1215.0000000000
5092 -1213.0000000000
5118 -1212.0000000000
5125 -1210.0000000000
5174 -1209.0000000000
5195 -1208.0000000000
5197 -1205.0000000000
5222 -1204.0000000000
5262 -1203.0000000000
5282 -1202.0000000000
5294 -1201.0000000000
5307 -1199.0000000000
5325 -1198.0000000000
5336 -1194.0000000000
5404 -1192.0000000000
5411 -1191.0000000000
5428 -1190.0000000000
5441 -1188.0000000000
5484 -1187.0000000000
5485 -1185.0000000000
5522 -1183.0000000000
5556 -1180.0000000000
5582 -1178.0000000000
5590 -1176.0000000000
5621 -1175.0000000000
5627 -1174.0000000000
5642 -1173.0000000000
5666 -1170.0000000000
5702 -1169.0000000000
5748 -1166.0000000000
5760 -1165.0000000000
5766 -1164.0000000000
5781 -1163.0000000000
5810 -1162.0000000000
5813 -1160.0000000000
5829 -1159.0000000000
5841 -1158.0000000000
5854 -1157.0000000000
5859 -1156.0000000000
5870 -1152.0000000000
5892 -1151.0000000000
5902 -1150.0000000000
5922 -1149.0000000000
5926 -1147.0000000000
5945 -1146.0000000000
5970 -1144.0000000000
6033 -1143.0000000000
6039 -1142.0000000000
6045 -1141.0000000000
6055 -1139.0000000000
6088 -1138.0000000000
6113 -1137.0000000000
6118 -1133.0000000000
6131 -1131.0000000000
6152 -1129.0000000000
6203 -1128.0000000000
6204 -1127.0000000000
6223 -1126.0000000000
6244 -1125.0000000000
6245 -1122.0000000000
6253 -1121.0000000000
6300 -1120.0000000000
6308 -1119.0000000000
6312 -1118.0000000000
6320 -1116.0000000000
6329 -1115.0000000000
6343 -1113.0000000000
6361 -1112.0000000000
6363 -1111.0000000000
6389 -1110.0000000000
6407 -1109.0000000000
6416 -1108.0000000000
6423 -1106.0000000000
6444 -1104.0000000000
6478 -1103.0000000000
6500 -1099.0000000000
6548 -1096.0000000000
6552 -1095.0000000000
6568 -1094.0000000000
6586 -1093.0000000000
6603 -1092.0000000000
6605 -1091.0000000000
6613 -1090.0000000000
6644 -1088.0000000000
6679 -1087.0000000000
6690 -1086.0000000000
6708 -1085.0000000000
6726 -1083.0000000000
6732 -1081.0000000000
6773 -1077.0000000000
6806 -1076.0000000000
6824 -1075.0000000000
6851 -1073.0000000000
6862 -1070.0000000000
6901 -1069.0000000000
6927 -1067.0000000000
6932 -1066.0000000000
6962 -1065.0000000000
6979 -1064.0000000000
7003 -1062.0000000000
7024 -1059.0000000000
7044 -1058.0000000000
7077 -1056.0000000000
7101 -1054.0000000000
7135 -1053.0000000000
7179 -1052.0000000000
7207 -1051.0000000000
7220 -1049.0000000000
7233 -1048.0000000000
7242 -1046.0000000000
7302 -1045.0000000000
7321 -1043.0000000000
7343 -1041.0000000000
7367 -1040.0000000000
7381 -1039.0000000000
7416 -1037.0000000000
7428 -1036.0000000000
7448 -1033.0000000000
7471 -1031.0000000000
7493 -1028.0000000000
7503 -1027.0000000000
7552 -1025.0000000000
7576 -1024.0000000000
7587 -1022.0000000000
7623 -1020.0000000000
7653 -1019.0000000000
7661 -1018.0000000000
7672 -1016.0000000000
7734 -1015.0000000000
7749 -1014.0000000000
7761 -1012.0000000000
7800 -1010.0000000000
7826 -1007.0000000000
7889 -1006.0000000000
7906 -1003.0000000000
7966 -1002.0000000000
7975 -999.0000000000
7986 -997.0000000000
8021 -996.0000000000
8035 -993.0000000000
8093 -991.0000000000
8174 -990.0000000000
8178 -989.0000000000
8184 -988.0000000000
8204 -987.0000000000
8234 -985.0000000000
8247 -984.0000000000
8265 -979.0000000000
8343 -978.0000000000
8347 -975.0000000000
8396 -974.0000000000
8437 -970.0000000000
8462 -969.0000000000
8490 -968.0000000000
8511 -967.0000000000
8515 -966.0000000000
8516 -964.0000000000
8539 -963.0000000000
8561 -957.0000000000
8606 -956.0000000000
8641 -954.0000000000
8661 -951.0000000000
8691 -948.0000000000
8728 -947.0000000000
8789 -946.0000000000
8801 -945.0000000000
8833 -942.0000000000
8865 -941.0000000000
8883 -940.0000000000
8887 -939.0000000000
8941 -938.0000000000
8954 -937.0000000000
8961 -936.0000000000
8986 -935.0000000000
9011 -934.0000000000
9012 -931.0000000000
9055 -930.0000000000
9056 -928.0000000000
9083 -927.0000000000
9117 -926.0000000000
9130 -922.0000000000
9164 -921.0000000000
9180 -920.0000000000
9209 -919.0000000000
9222 -918.0000000000
9244 -917.0000000000
9253 -915.0000000000
9256 -912.0000000000
9286 -911.0000000000
9314 -910.0000000000
9333 -909.0000000000
9385 -908.0000000000
9387 -907.0000000000
9405 -904.0000000000
9454 -903.0000000000
9475 -901.0000000000
9485 -900.0000000000
9490 -897.0000000000
9510 -895.0000000000
9559 -894.0000000000
9564 -892.0000000000
9606 -891.0000000000
9607 -889.0000000000
9663 -888.0000000000
9682 -887.0000000000
9709 -886.0000000000
9721 -885.0000000000
9722 -884.0000000000
9729 -883.0000000000
9772 -882.0000000000
9778 -879.0000000000
9792 -876.0000000000
9824 -875.0000000000
9853 -874.0000000000
9864 -873.0000000000
9886 -872.0000000000
9926 -869.0000000000
9942 -868.0000000000
9966 -867.0000000000
9987 -866.0000000000
10010 -864.0000000000
10023 -863.0000000000
10036 -861.0000000000
10102 -860.0000000000
10105 -859.0000000000
10129 -858.0000000000
10142 -856.0000000000
10143 -855.0000000000
10162 -853.0000000000
10189 -852.0000000000
10204 -851.0000000000
10246 -850.0000000000
10254 -849.0000000000
10294 -847.0000000000
10308 -845.0000000000
10348 -843.0000000000
10384 -842.0000000000
10398 -841.0000000000
10429 -840.0000000000
10467 -839.0000000000
10468 -838.0000000000
10532 -837.0000000000
10550 -835.0000000000
10588 -834.0000000000
10589 -832.0000000000
10643 -831.0000000000
10651 -830.0000000000
10661 -829.0000000000
10662 -828.0000000000
10703 -825.0000000000
10745 -824.0000000000
10764 -821.0000000000
10773 -820.0000000000
10789 -819.0000000000
10803 -818.0000000000
10807 -817.0000000000
10828 -816.0000000000
10855 -813.0000000000
10884 -812.0000000000
10889 -811.0000000000
10903 -810.0000000000
10919 -809.0000000000
10927 -808.0000000000
10929 -807.0000000000
10953 -805.0000000000
10972 -801.0000000000
11018 -800.0000000000
11025 -799.0000000000
11077 -797.0000000000
11096 -796.0000000000
11138 -794.0000000000
11143 -793.0000000000
11174 -792.0000000000
11199 -791.0000000000
11205 -790.0000000000
11221 -789.0000000000
11262 -788.0000000000
11274 -786.0000000000
11295 -785.0000000000
11321 -783.0000000000
11356 -782.0000000000
11360 -781.0000000000
11363 -780.0000000000
11376 -779.0000000000
11389 -778.0000000000
11410 -776.0000000000
11421 -775.0000000000
11448 -774.0000000000
11466 -773.0000000000
11478 -772.0000000000
11486 -771.0000000000
11522 -768.0000000000
11566 -767.0000000000
11591 -766.0000000000
11613 -763.0000000000
11660 -762.0000000000
11682 -761.0000000000
11706 -760.0000000000
11738 -759.0000000000
11743 -758.0000000000
11756 -757.0000000000
11761 -755.0000000000
11789 -753.0000000000
11806 -752.0000000000
11835 -751.0000000000
11849 -750.0000000000
11870 -749.0000000000
11919 -745.0000000000
11960 -744.0000000000
11961 -743.0000000000
11987 -742.0000000000
12028 -740.0000000000
12045 -739.0000000000
12098 -738.0000000000
12121 -736.0000000000
12146 -735.0000000000
12185 -730.0000000000
12229 -729.0000000000
12247 -728.0000000000
12259 -727.0000000000
12292 -725.0000000000
12318 -722.0000000000
12340 -720.0000000000
12353 -718.0000000000
12405 -716.0000000000
12430 -715.0000000000
12439 -713.0000000000
12477 -709.0000000000
12489 -706.0000000000
12622 -704.0000000000
12640 -702.0000000000
12654 -701.0000000000
12700 -700.0000000000
12701 -699.0000000000
12710 -698.0000000000
12761 -697.0000000000
12762 -696.0000000000
12776 -694.0000000000
12803 -691.0000000000
12821 -690.0000000000
12855 -688.0000000000
12861 -687.0000000000
12887 -686.0000000000
12892 -685.0000000000
12895 -683.0000000000
12922 -681.0000000000
12947 -680.0000000000
12961 -679.0000000000
13003 -678.0000000000
13007 -677.0000000000
13021 -676.0000000000
13041 -675.0000000000
13077 -674.0000000000
13105 -671.0000000000
13137 -669.0000000000
13142 -667.0000000000
13162 -666.0000000000
13186 -665.0000000000
13222 -664.0000000000
13227 -663.0000000000
13236 -662.0000000000
13261 -661.0000000000
13263 -660.0000000000
13307 -659.0000000000
13327 -657.0000000000
13380 -655.0000000000
13386 -654.0000000000
13411 -653.0000000000
13440 -651.0000000000
13487 -648.0000000000
13537 -647.0000000000
13564 -643.0000000000
13609 -642.0000000000
13641 -641.0000000000
13661 -640.0000000000
13676 -639.0000000000
13690 -638.0000000000
13702 -637.0000000000
13725 -636.0000000000
13740 -632.0000000000
13774 -630.0000000000
13814 -627.0000000000
13884 -626.0000000000
13916 -625.0000000000
13935 -624.0000000000
13941 -623.0000000000
13969 -622.0000000000
13981 -621.0000000000
14008 -620.0000000000
14023 -618.0000000000
14044 -616.0000000000
14101 -615.0000000000
14132 -613.0000000000
14148 -612.0000000000
14170 -611.0000000000
14185 -610.0000000000
14207 -608.0000000000
14224 -607.0000000000
14269 -606.0000000000
14281 -604.0000000000
14323 -602.0000000000
14325 -601.0000000000
14396 -598.0000000000
14466 -597.0000000000
14502 -596.0000000000
14529 -595.0000000000
14548 -593.0000000000
14585 -591.0000000000
14603 -590.0000000000
14651 -589.0000000000
14689 -588.0000000000
14716 -587.0000000000
14739 -586.0000000000
14751 -584.0000000000
14765 -583.0000000000
14802 -582.0000000000
14811 -581.0000000000
14846 -580.0000000000
14874 -578.0000000000
14932 -577.0000000000
14942 -576.0000000000
14977 -575.0000000000
14981 -574.0000000000
15010 -572.0000000000
15020 -571.0000000000
15024 -570.0000000000
15061 -568.0000000000
15113 -566.0000000000
15140 -564.0000000000
15141 -561.0000000000
15187 -560.0000000000
15191 -559.0000000000
15216 -558.0000000000
15221 -556.0000000000
15294 -555.0000000000
15303 -554.0000000000
15306 -552.0000000000
15401 -550.0000000000
15428 -549.0000000000
15463 -546.0000000000
15505 -544.0000000000
15591 -542.0000000000
15604 -541.0000000000
15614 -540.0000000000
15631 -538.0000000000
15683 -536.0000000000
15722 -535.0000000000
15749 -534.0000000000
15771 -533.0000000000
15801 -532.0000000000
15806 -530.0000000000
15865 -529.0000000000
15884 -527.0000000000
15906 -526.0000000000
15974 -525.0000000000
16003 -523.0000000000
16081 -522.0000000000
16097 -520.0000000000
16111 -519.0000000000
16121 -518.0000000000
16174 -516.0000000000
16179 -515.0000000000
16213 -514.0000000000
16262 -513.0000000000
16296 -512.0000000000
16300 -510.0000000000
16318 -509.0000000000
16354 -507.0000000000
16362 -506.0000000000
16406 -505.0000000000
16424 -504.0000000000
16459 -501.0000000000
16484 -500.0000000000
16516 -499.0000000000
16541 -497.0000000000
16577 -496.0000000000
16621 -495.0000000000
16627 -494.0000000000
16670 -493.0000000000
16675 -491.0000000000
16740 -489.0000000000
16744 -487.0000000000
16839 -485.0000000000
16885 -484.0000000000
16905 -483.0000000000
16924 -482.0000000000
16951 -481.0000000000
17044 -480.0000000000
17053 -479.0000000000
17102 -478.0000000000
17117 -477.0000000000
17148 -476.0000000000
17158 -474.0000000000
17253 -473.0000000000
17271 -470.0000000000
17358 -468.0000000000
17405 -467.0000000000
17434 -466.0000000000
17474 -465.0000000000
17491 -464.0000000000
17514 -461.0000000000
17607 -460.0000000000
17619 -459.0000000000
17629 -457.0000000000
17687 -455.0000000000
17750 -454.0000000000
17765 -453.0000000000
17766 -452.0000000000
17785 -451.0000000000
17824 -448.0000000000
17843 -446.0000000000
17902 -445.0000000000
17945 -444.0000000000
17974 -443.0000000000
17980 -441.0000000000
18027 -440.0000000000
18033 -438.0000000000
18068 -437.0000000000
18078 -436.0000000000
18101 -435.0000000000
18121 -434.0000000000
18146 -433.0000000000
18182 -432.0000000000
18192 -431.0000000000
18226 -430.0000000000
18236 -428.0000000000
18308 -425.0000000000
18382 -424.0000000000
18385 -421.0000000000
18468 -420.0000000000
18516 -419.0000000000
18546 -418.0000000000
18562 -416.0000000000
18617 -415.0000000000
18634 -414.0000000000
18651 -412.0000000000
18684 -411.0000000000
18701 -410.0000000000
18737 -409.0000000000
18776 -408.0000000000
18806 -406.0000000000
18855 -403.0000000000
18877 -401.0000000000
18926 -398.0000000000
19023 -397.0000000000
19036 -396.0000000000
19082 -395.0000000000
19101 -394.0000000000
19118 -393.0000000000
19128 -392.0000000000
19146 -391.0000000000
19148 -389.0000000000
19215 -388.0000000000
19230 -387.0000000000
19239 -386.0000000000
19287 -383.0000000000
19329 -382.0000000000
19354 -380.0000000000
19383 -378.0000000000
19449 -377.0000000000
19471 -376.0000000000
19516 -375.0000000000
19523 -374.0000000000
19548 -373.0000000000
19561 -372.0000000000
19609 -371.0000000000
19628 -370.0000000000
19669 -368.0000000000
19704 -367.0000000000
19721 -365.0000000000
19787 -362.0000000000
19833 -361.0000000000
19871 -358.0000000000
19925 -356.0000000000
19995 -355.0000000000
20033 -354.0000000000
20054 -353.0000000000
20083 -352.0000000000
20088 -351.0000000000
20141 -350.0000000000
20160 -349.0000000000
20177 -348.0000000000
20206 -347.0000000000
20244 -346.0000000000
20273 -344.0000000000
20292 -342.0000000000
20321 -340.0000000000
20410 -339.0000000000
20456 -338.0000000000
20465 -337.0000000000
20493 -336.0000000000
20513 -335.0000000000
20518 -334.0000000000
20541 -333.0000000000
20570 -332.0000000000
20577 -330.0000000000
20623 -327.0000000000
20670 -326.0000000000
20712 -325.0000000000
20741 -324.0000000000
20787 -323.0000000000
20836 -321.0000000000
20862 -319.0000000000
20927 -318.0000000000
20950 -317.0000000000
20965 -316.0000000000
20989 -315.0000000000
21034 -314.0000000000
21105 -313.0000000000
21129 -310.0000000000
21151 -309.0000000000
21204 -306.0000000000
21281 -305.0000000000
21289 -304.0000000000
21316 -303.0000000000
21359 -302.0000000000
21363 -301.0000000000
21420 -299.0000000000
21493 -298.0000000000
21511 -297.0000000000
21537 -296.0000000000
21550 -295.0000000000
21566 -294.0000000000
21651 -293.0000000000
21666 -292.0000000000
21686 -291.0000000000
21723 -290.0000000000
21739 -289.0000000000
21750 -287.0000000000
21867 -285.0000000000
21934 -283.0000000000
22001 -281.0000000000
22008 -280.0000000000
22077 -279.0000000000
22087 -278.0000000000
22123 -277.0000000000
22146 -276.0000000000
22164 -275.0000000000
22186 -273.0000000000
22227 -271.0000000000
22289 -270.0000000000
22342 -269.0000000000
22361 -268.0000000000
22418 -267.0000000000
22487 -266.0000000000
22555 -265.0000000000
22576 -264.0000000000
22642 -263.0000000000
22679 -261.0000000000
22803 -260.0000000000
22812 -259.0000000000
22832 -258.0000000000
22846 -257.0000000000
22894 -256.0000000000
22975 -255.0000000000
22999 -254.0000000000
23001 -253.0000000000
23061 -251.0000000000
23134 -250.0000000000
23163 -249.0000000000
23187 -247.0000000000
23243 -245.0000000000
23310 -244.0000000000
23336 -243.0000000000
23386 -242.0000000000
23406 -241.0000000000
23448 -240.0000000000
23506 -239.0000000000
23523 -238.0000000000
23580 -237.0000000000
23636 -234.0000000000
23725 -233.0000000000
23728 -232.0000000000
23780 -231.0000000000
23784 -230.0000000000
23822 -229.0000000000
23849 -228.0000000000
23857 -227.0000000000
23886 -225.0000000000
23986 -224.0000000000
23987 -223.0000000000
24041 -222.0000000000
24074 -220.0000000000
24110 -219.0000000000
24123 -218.0000000000
24124 -216.0000000000
24209 -213.0000000000
24243 -212.0000000000
24318 -210.0000000000
24381 -209.0000000000
24405 -207.0000000000
24449 -204.0000000000
24487 -203.0000000000
24587 -202.0000000000
24603 -201.0000000000
24623 -200.0000000000
24630 -199.0000000000
24645 -198.0000000000
24663 -197.0000000000
24681 -196.0000000000
24715 -194.0000000000
24771 -193.0000000000
24804 -192.0000000000
24828 -191.0000000000
24863 -189.0000000000
24920 -188.0000000000
24944 -185.0000000000
24999 -184.0000000000
25032 -183.0000000000
25042 -182.0000000000
25061 -180.0000000000
25158 -179.0000000000
25184 -178.0000000000
25249 -177.0000000000
25263 -176.0000000000
25293 -174.0000000000
25340 -173.0000000000
25420 -171.0000000000
25430 -170.0000000000
25512 -169.0000000000
25562 -168.0000000000
25638 -167.0000000000
25640 -164.0000000000
25740 -162.0000000000
25775 -161.0000000000
25846 -160.0000000000
25891 -159.0000000000
25917 -158.0000000000
25945 -155.0000000000
26108 -154.0000000000
26131 -152.0000000000
26163 -151.0000000000
26250 -150.0000000000
26285 -149.0000000000
26358 -148.0000000000
26420 -147.0000000000
26425 -146.0000000000
26466 -145.0000000000
26533 -144.0000000000
26551 -143.0000000000
26576 -140.0000000000
26604 -139.0000000000
26651 -138.0000000000
26693 -137.0000000000
26727 -136.0000000000
26760 -135.0000000000
26788 -132.0000000000
26863 -131.0000000000
26978 -130.0000000000
27003 -129.0000000000
27034 -128.0000000000
27106 -127.0000000000
27144 -126.0000000000
27231 -125.0000000000
27256 -123.0000000000
27331 -122.0000000000
27395 -121.0000000000
27403 -120.0000000000
27421 -119.0000000000
27463 -117.0000000000
27651 -116.0000000000
27687 -115.0000000000
27812 -114.0000000000
27833 -113.0000000000
27906 -112.0000000000
27948 -111.0000000000
28064 -110.0000000000
28068 -109.0000000000
28111 -108.0000000000
28272 -107.0000000000
28301 -106.0000000000
28352 -105.0000000000
28412 -104.0000000000
28423 -103.0000000000
28578 -101.0000000000
28630 -100.0000000000
28671 -99.0000000000
28688 -98.0000000000
28742 -97.0000000000
28768 -94.0000000000
28816 -93.0000000000
28911 -92.0000000000
28943 -91.0000000000
29020 -90.0000000000
29052 -88.0000000000
29080 -87.0000000000
29185 -86.0000000000
29189 -85.0000000000
29245 -84.0000000000
29290 -82.0000000000
29438 -80.0000000000
29476 -79.0000000000
29553 -78.0000000000
29588 -77.0000000000
29602 -76.0000000000
29644 -74.0000000000
29715 -72.0000000000
29736 -71.0000000000
29801 -70.0000000000
29877 -69.0000000000
29995 -68.0000000000
30012 -67.0000000000
30034 -66.0000000000
30045 -65.0000000000
30087 -64.0000000000
30121 -63.0000000000
30184 -62.0000000000
30244 -61.0000000000
30282 -60.0000000000
30285 -59.0000000000
30353 -58.0000000000
30355 -57.0000000000
30383 -56.0000000000
30424 -55.0000000000
30430 -53.0000000000
30508 -52.0000000000
30565 -51.0000000000
30620 -50.0000000000
30680 -49.0000000000
30742 -48.0000000000
30786 -47.0000000000
30822 -46.0000000000
30871 -43.0000000000
31085 -42.0000000000
31146 -41.0000000000
31312 -40.0000000000
31361 -38.0000000000
31561 -37.0000000000
31597 -36.0000000000
31638 -35.0000000000
31664 -34.0000000000
31701 -33.0000000000
31762 -32.0000000000
31860 -31.0000000000
31861 -30.0000000000
31888 -29.0000000000
31902 -28.0000000000
31946 -27.0000000000
31997 -26.0000000000
32031 -25.0000000000
32071 -24.0000000000
32134 -23.0000000000
32232 -22.0000000000
32333 -21.0000000000
32363 -20.0000000000
32427 -19.0000000000
32467 -18.0000000000
32552 -16.0000000000
32754 -15.0000000000
32763 -14.0000000000
32884 -13.0000000000
32914 -12.0000000000
33044 -11.0000000000
33191 -10.0000000000
33238 -9.0000000000
33283 -8.0000000000
33434 -6.0000000000
33440 -5.0000000000
33586 -4.0000000000
33642 -3.0000000000
33775 -2.0000000000
33813 -1.0000000000
33888 556.3300000000
33898 573.8400000000
33917 577.4000000000
33932 585.1500000000
34010 591.4100000000
34018 596.5100000000
34128 604.8900000000
34170 606.9100000000
34196 610.2900000000
34494 612.7300000000
34738 617.4400000000
35044 618.0000000000
35128 640.4700000000
35130 646.6700000000
35142 662.5800000000
35181 671.0600000000
35208 677.6300000000
35229 686.4000000000
35269 688.9700000000
35460 706.0800000000
35472 716.7900000000
35474 721.8800000000
35475 722.9100000000
35482 752.9900000000
35500 757.9400000000
36064 764.6100000000
36102 773.1400000000
36189 773.8400000000
36272 793.6900000000
36291 858.0200000000
36411 863.2000000000
36568 872.1700000000
36642 902.9200000000
37071 914.6200000000
37094 949.5500000000
37118 950.0300000000
37141 954.2300000000
37163 969.7400000000
37215 973.7700000000
37452 992.4000000000
38188 995.8700000000
38274 998.0900000000
38309 1017.6600000000
39072 1022.1400000000
39184 1030.3000000000
39217 1031.3600000000
39222 1034.9900000000
39254 1043.2500000000
39398 1054.5900000000
39547 1054.6900000000
39596 1055.6900000000
39674 1056.6700000000
39741 1063.8400000000
39950 1069.3400000000
40601 1081.7500000000
40689 1089.4300000000
40771 1098.9700000000
40783 1099.0600000000
40804 1112.1500000000
40912 1116.2700000000
40960 1120.9800000000
42393 1152.7700000000
42415 1164.4400000000
42448 1166.8200000000
42453 1169.9600000000
42470 1174.2400000000
42492 1177.0200000000
42518 1177.6400000000
42533 1181.4800000000
42553 1185.2500000000
42581 1190.3900000000
43156 1199.5400000000
43214 1212.6800000000
46776 1212.9300000000
47023 1215.6100000000
47992 1225.5700000000
48231 1226.1300000000
48429 1229.4500000000
48443 1231.5300000000
49205 1234.8000000000
50358 1240.0100000000
53332 1240.6100000000
54634 1241.2400000000
54764 1246.0100000000
58118 1247.9000000000
58203 1249.6000000000
58301 1251.8600000000
58573 1254.9800000000
58645 1258.7800000000
60032 1262.1200000000
65114 1264.3700000000
66470 1266.1100000000
69618 1271.3000000000
70466 1271.7300000000
70467 1275.7500000000
72300 1278.2400000000
72508 1283.6900000000
73210 1288.7700000000
73498 1290.9000000000
73828 1291.6800000000
74236 1301.0800000000
74637 1302.1100000000
77910 1307.6300000000
93329 1312.9100000000
100000 1248.5300000000
evaluations raw_y
1 -1950.0000000000
2 -1920.0000000000
3 -1856.0000000000
35 -1855.0000000000
41 -1850.0000000000
61 -1834.0000000000
67 -1821.0000000000
69 -1815.0000000000
101 -1792.0000000000
123 -1791.0000000000
132 -1787.0000000000
134 -1773.0000000000
168 -1757.0000000000
196 -1735.0000000000
202 -1734.0000000000
222 -1727.0000000000
251 -1722.0000000000
279 -1719.0000000000
284 -1714.0000000000
285 -1707.0000000000
325 -1705.0000000000
330 -1700.0000000000
348 -1699.0000000000
354 -1696.0000000000
355 -1689.0000000000
362 -1680.0000000000
389 -1679.0000000000
413 -1677.0000000000
415 -1675.0000000000
430 -1674.0000000000
436 -1669.0000000000
444 -1661.0000000000
487 -1660.0000000000
509 -1658.0000000000
528 -1653.0000000000
543 -1652.0000000000
561 -1649.0000000000
590 -1648.0000000000
601 -1646.0000000000
614 -1642.0000000000
621 -1640.0000000000
624 -1639.0000000000
648 -1636.0000000000
681 -1635.0000000000
687 -1632.0000000000
696 -1630.0000000000
701 -1629.0000000000
718 -1628.0000000000
721 -1626.0000000000
744 -1622.0000000000
789 -1619.0000000000
806 -1618.0000000000
810 -1617.0000000000
850 -1615.0000000000
865 -1611.0000000000
902 -1609.0000000000
905 -1608.0000000000
922 -1607.0000000000
942 -1606.0000000000
945 -1604.0000000000
980 -1602.0000000000
984 -1601.0000000000
998 -1599.0000000000
1020 -1598.0000000000
1035 -1597.0000000000
1054 -1596.0000000000
1070 -1595.0000000000
1084 -1593.0000000000
1107 -1592.0000000000
1142 -1591.0000000000
1144 -1588.0000000000
1186 -1587.0000000000
1201 -1586.0000000000
1202 -1584.0000000000
1250 -1583.0000000000
1258 -1582.0000000000
1265 -1579.0000000000
1312 -1578.0000000000
1324 -1577.0000000000
1330 -1573.0000000000
1375 -1572.0000000000
1396 -1569.0000000000
1397 -1567.0000000000
1427 -1564.0000000000
1453 -1562.0000000000
1502 -1561.0000000000
1504 -1560.0000000000
1521 -1557.0000000000
1545 -1556.0000000000
1558 -1555.0000000000
1563 -1554.0000000000
1575 -1551.0000000000
1586 -1550.0000000000
1622 -1548.0000000000
1656 -1546.0000000000
1661 -1543.0000000000
1719 -1542.0000000000
1723 -1541.0000000000
1733 -1540.0000000000
1736 -1539.0000000000
1741 -1535.0000000000
1794 -1534.0000000000
1804 -1533.0000000000
1814 -1532.0000000000
1843 -1530.0000000000
1850 -1529.0000000000
1872 -1528.0000000000
1883 -1527.0000000000
1907 -1524.0000000000
1921 -1523.0000000000
1935 -1522.0000000000
1960 -1521.0000000000
1963 -1520.0000000000
1987 -1519.0000000000
1988 -1518.0000000000
1993 -1517.0000000000
2034 -1515.0000000000
2045 -1513.0000000000
2073 -1512.0000000000
2079 -1510.0000000000
2102 -1508.0000000000
2134 -1507.0000000000
2135 -1506.0000000000
2146 -1505.0000000000
2163 -1502.0000000000
2166 -1500.0000000000
2202 -1499.0000000000
2236 -1495.0000000000
2242 -1494.0000000000
2261 -1491.0000000000
2307 -1490.0000000000
2321 -1488.0000000000
2345 -1487.0000000000
2359 -1485.0000000000
2383 -1484.0000000000
2391 -1481.0000000000
2429 -1480.0000000000
2438 -1479.0000000000
2452 -1478.0000000000
2486 -1477.0000000000
2492 -1475.0000000000
2512 -1472.0000000000
2523 -1471.0000000000
2575 -1470.0000000000
2592 -1467.0000000000
2607 -1464.0000000000
2650 -1463.0000000000
2653 -1461.0000000000
2666 -1459.0000000000
2681 -1458.0000000000
2690 -1457.0000000000
2701 -1456.0000000000
2714 -1455.0000000000
2746 -1453.0000000000
2761 -1452.0000000000
2767 -1449.0000000000
2809 -1448.0000000000
2811 -1442.0000000000
2841 -1440.0000000000
2863 -1439.0000000000
2869 -1437.0000000000
2893 -1435.0000000000
2918 -1434.0000000000
2928 -1432.0000000000
2930 -1431.0000000000
2949 -1429.0000000000
2971 -1428.0000000000
2976 -1427.0000000000
2981 -1425.0000000000
3001 -1423.0000000000
3003 -1422.0000000000
3024 -1421.0000000000
3040 -1420.0000000000
3073 -1419.0000000000
3077 -1417.0000000000
3090 -1411.0000000000
3120 -1410.0000000000
3141 -1406.0000000000
3192 -1402.0000000000
3233 -1401.0000000000
3261 -1400.0000000000
3262 -1399.0000000000
3267 -1398.0000000000
3272 -1397.0000000000
3303 -1395.0000000000
3333 -1393.0000000000
3366 -1391.0000000000
3383 -1390.0000000000
3409 -1388.0000000000
3422 -1387.0000000000
3441 -1384.0000000000
3446 -1383.0000000000
3486 -1382.0000000000
3501 -1381.0000000000
3528 -1380.0000000000
3532 -1379.0000000000
3535 -1377.0000000000
3551 -1376.0000000000
3582 -1374.0000000000
3593 -1372.0000000000
3605 -1371.0000000000
3649 -1370.0000000000
3654 -1367.0000000000
3683 -1365.0000000000
3723 -1362.0000000000
3767 -1361.0000000000
3775 -1358.0000000000
3823 -1357.0000000000
3846 -1355.0000000000
3863 -1354.0000000000
3904 -1352.0000000000
3928 -1350.0000000000
3945 -1349.0000000000
3952 -1347.0000000000
3964 -1345.0000000000
3994 -1344.0000000000
4026 -1343.0000000000
4031 -1342.0000000000
4036 -1341.0000000000
4070 -1339.0000000000
4089 -1338.0000000000
4105 -1337.0000000000
4117 -1336.0000000000
4121 -1335.0000000000
4153 -1334.0000000000
4157 -1333.0000000000
4175 -1332.0000000000
4184 -1331.0000000000
4213 -1330.0000000000
4227 -1329.0000000000
4229 -1328.0000000000
4261 -1323.0000000000
4292 -1322.0000000000
4312 -1319.0000000000
4326 -1317.0000000000
4351 -1316.0000000000
4373 -1315.0000000000
4389 -1313.0000000000
4418 -1309.0000000000
4444 -1308.0000000000
4451 -1306.0000000000
4485 -1303.0000000000
4514 -1301.0000000000
4541 -1299.0000000000
4569 -1297.0000000000
4575 -1296.0000000000
4605 -1294.0000000000
4623 -1292.0000000000
4634 -1291.0000000000
4653 -1290.0000000000
4668 -1288.0000000000
4723 -1286.0000000000
4733 -1285.0000000000
4764 -1284.0000000000
4766 -1283.0000000000
4767 -1282.0000000000
4802 -1280.0000000000
4823 -1278.0000000000
4856 -1276.0000000000
4875 -1275.0000000000
4892 -1274.0000000000
4903 -1273.0000000000
4918 -1272.0000000000
4922 -1271.0000000000
4946 -1267.0000000000
4970 -1266.0000000000
4991 -1265.0000000000
5004 -1264.0000000000
5008 -1263.0000000000
5046 -1260.0000000000
5074 -1255.0000000000
5113 -1254.0000000000
5159 -1253.0000000000
5165 -1250.0000000000
5204 -1249.0000000000
5241 -1246.0000000000
5250 -1245.0000000000
5295 -1244.0000000000
5310 -1243.0000000000
5319 -1241.0000000000
5321 -1240.0000000000
5365 -1239.0000000000
5375 -1238.0000000000
5378 -1237.0000000000
5382 -1236.0000000000
5396 -1235.0000000000
5408 -1234.0000000000
5429 -1233.0000000000
5449 -1232.0000000000
5460 -1231.0000000000
5487 -1230.0000000000
5493 -1228.0000000000
5504 -1225.0000000000
5595 -1224.0000000000
5596 -1223.0000000000
5604 -1222.0000000000
5626 -1220.0000000000
5645 -1217.0000000000
5665 -1215.0000000000
5702 -1214.0000000000
5711 -1213.0000000000
5724 -1211.0000000000
5739 -1210.0000000000
5749 -1208.0000000000
5770 -1205.0000000000
5795 -1204.0000000000
5801 -1203.0000000000
5839 -1201.0000000000
5880 -1199.0000000000
5905 -1198.0000000000
5923 -1197.0000000000
5927 -1195.0000000000
5952 -1194.0000000000
5961 -1192.0000000000
5987 -1191.0000000000
6020 -1190.0000000000
6026 -1189.0000000000
6035 -1187.0000000000
6054 -1186.0000000000
6058 -1185.0000000000
6078 -1184.0000000000
6080 -1183.0000000000
6088 -1182.0000000000
6121 -1181.0000000000
6124 -1180.0000000000
6159 -1179.0000000000
6174 -1178.0000000000
6182 -1177.0000000000
6205 -1176.0000000000
6209 -1172.0000000000
6238 -1170.0000000000
6257 -1169.0000000000
6277 -1167.0000000000
6294 -1166.0000000000
6313 -1165.0000000000
6331 -1163.0000000000
6361 -1162.0000000000
6383 -1161.0000000000
6388 -1160.0000000000
6408 -1159.0000000000
6410 -1158.0000000000
6432 -1157.0000000000
6438 -1156.0000000000
6453 -1155.0000000000
6480 -1154.0000000000
6516 -1153.0000000000
6553 -1149.0000000000
6604 -1146.0000000000
6608 -1145.0000000000
6640 -1143.0000000000
6684 -1141.0000000000
6700 -1140.0000000000
6741 -1136.0000000000
6774 -1135.0000000000
6784 -1134.0000000000
6802 -1133.0000000000
6835 -1132.0000000000
6852 -1131.0000000000
6864 -1130.0000000000
6884 -1127.0000000000
6917 -1125.0000000000
6918 -1123.0000000000
6952 -1122.0000000000
6963 -1117.0000000000
7001 -1116.0000000000
7028 -1112.0000000000
7031 -1109.0000000000
7048 -1106.0000000000
7082 -1105.0000000000
7100 -1104.0000000000
7132 -1101.0000000000
7166 -1100.0000000000
7193 -1096.0000000000
7227 -1095.0000000000
7251 -1092.0000000000
7260 -1091.0000000000
7275 -1090.0000000000
7302 -1088.0000000000
7309 -1086.0000000000
7354 -1084.0000000000
7379 -1082.0000000000
7429 -1081.0000000000
7441 -1077.0000000000
7461 -1076.0000000000
7497 -1075.0000000000
7501 -1074.0000000000
7525 -1073.0000000000
7528 -1071.0000000000
7550 -1069.0000000000
7558 -1068.0000000000
7561 -1067.0000000000
7565 -1066.0000000000
7598 -1065.0000000000
7609 -1063.0000000000
7618 -1061.0000000000
7676 -1058.0000000000
7707 -1056.0000000000
7736 -1054.0000000000
7763 -1052.0000000000
7775 -1050.0000000000
7811 -1049.0000000000
7815 -1048.0000000000
7834 -1045.0000000000
7869 -1044.0000000000
7886 -1042.0000000000
7915 -1041.0000000000
7927 -1038.0000000000
7950 -1033.0000000000
7975 -1032.0000000000
8002 -1031.0000000000
8025 -1029.0000000000
8093 -1028.0000000000
8101 -1026.0000000000
8110 -1025.0000000000
8121 -1024.0000000000
8163 -1023.0000000000
8170 -1021.0000000000
8193 -1018.0000000000
8201 -1017.0000000000
8264 -1015.0000000000
8291 -1014.0000000000
8311 -1013.0000000000
8342 -1012.0000000000
8359 -1010.0000000000
8373 -1009.0000000000
8406 -1006.0000000000
8429 -1005.0000000000
8444 -1004.0000000000
8458 -1003.0000000000
8493 -1001.0000000000
8542 -999.0000000000
8568 -998.0000000000
8584 -997.0000000000
8591 -996.0000000000
8628 -995.0000000000
8632 -994.0000000000
8666 -992.0000000000
8682 -990.0000000000
8691 -989.0000000000
8724 -987.0000000000
8751 -986.0000000000
8788 -985.0000000000
8821 -984.0000000000
8862 -982.0000000000
8868 -981.0000000000
8911 -978.0000000000
8922 -977.0000000000
8946 -976.0000000000
8969 -974.0000000000
8996 -973.0000000000
9004 -972.0000000000
9009 -971.0000000000
9023 -970.0000000000
9045 -968.0000000000
9088 -966.0000000000
9116 -965.0000000000
9123 -962.0000000000
9168 -961.0000000000
9192 -960.0000000000
9227 -959.0000000000
9255 -957.0000000000
9264 -955.0000000000
9288 -953.0000000000
9307 -951.0000000000
9342 -950.0000000000
9363 -949.0000000000
9385 -948.0000000000
9404 -945.0000000000
9459 -943.0000000000
9517 -942.0000000000
9529 -941.0000000000
9541 -940.0000000000
9564 -939.0000000000
9581 -938.0000000000
9587 -937.0000000000
9604 -932.0000000000
9636 -930.0000000000
9681 -929.0000000000
9683 -926.0000000000
9721 -925.0000000000
9743 -923.0000000000
9761 -922.0000000000
9783 -920.0000000000
9832 -919.0000000000
9835 -918.0000000000
9867 -917.0000000000
9870 -914.0000000000
9891 -913.0000000000
9918 -912.0000000000
9947 -909.0000000000
9964 -908.0000000000
9997 -907.0000000000
10001 -906.0000000000
10017 -905.0000000000
10023 -904.0000000000
10052 -902.0000000000
10058 -900.0000000000
10090 -899.0000000000
10105 -897.0000000000
10146 -896.0000000000
10150 -894.0000000000
10183 -893.0000000000
10185 -891.0000000000
10203 -890.0000000000
10264 -887.0000000000
10302 -886.0000000000
10341 -882.0000000000
10383 -880.0000000000
10420 -879.0000000000
10451 -878.0000000000
10454 -877.0000000000
10461 -876.0000000000
10476 -875.0000000000
10508 -874.0000000000
10514 -870.0000000000
10561 -868.0000000000
10570 -867.0000000000
10593 -864.0000000000
10625 -863.0000000000
10653 -862.0000000000
10656 -861.0000000000
10675 -860.0000000000
10726 -859.0000000000
10740 -857.0000000000
10743 -856.0000000000
10789 -855.0000000000
10796 -854.0000000000
10807 -853.0000000000
10808 -850.0000000000
10839 -849.0000000000
10865 -847.0000000000
10910 -846.0000000000
10916 -845.0000000000
10936 -844.0000000000
10951 -843.0000000000
10975 -842.0000000000
10976 -841.0000000000
10985 -838.0000000000
11038 -837.0000000000
11042 -836.0000000000
11084 -835.0000000000
11102 -834.0000000000
11128 -833.0000000000
11165 -832.0000000000
11184 -829.0000000000
11223 -828.0000000000
11265 -826.0000000000
11272 -825.0000000000
11303 -824.0000000000
11340 -823.0000000000
11359 -822.0000000000
11372 -819.0000000000
11381 -818.0000000000
11441 -817.0000000000
11476 -816.0000000000
11499 -814.0000000000
11522 -812.0000000000
11545 -811.0000000000
11565 -809.0000000000
11639 -808.0000000000
11647 -807.0000000000
11650 -805.0000000000
11689 -803.0000000000
11706 -801.0000000000
11746 -800.0000000000
11750 -798.0000000000
11774 -797.0000000000
11787 -795.0000000000
11803 -794.0000000000
11821 -793.0000000000
11854 -791.0000000000
11882 -790.0000000000
11905 -789.0000000000
11907 -788.0000000000
11937 -787.0000000000
11944 -784.0000000000
11971 -783.0000000000
12006 -780.0000000000
12046 -779.0000000000
12052 -777.0000000000
12087 -775.0000000000
12090 -774.0000000000
12126 -772.0000000000
12141 -771.0000000000
12143 -770.0000000000
12176 -768.0000000000
12211 -766.0000000000
12245 -764.0000000000
12264 -763.0000000000
12287 -762.0000000000
12303 -761.0000000000
12310 -759.0000000000
12345 -757.0000000000
12361 -756.0000000000
12364 -751.0000000000
12436 -749.0000000000
12455 -747.0000000000
12489 -746.0000000000
12514 -745.0000000000
12557 -744.0000000000
12562 -743.0000000000
12598 -741.0000000000
12605 -740.0000000000
12633 -739.0000000000
12650 -737.0000000000
12667 -736.0000000000
12682 -735.0000000000
12692 -734.0000000000
12729 -733.0000000000
12734 -732.0000000000
12761 -729.0000000000
12815 -728.0000000000
12834 -727.0000000000
12844 -726.0000000000
12872 -724.0000000000
12896 -723.0000000000
12911 -722.0000000000
12921 -720.0000000000
12965 -718.0000000000
13020 -717.0000000000
13070 -716.0000000000
13080 -715.0000000000
13110 -714.0000000000
13131 -709.0000000000
13173 -708.0000000000
13207 -707.0000000000
13230 -706.0000000000
13266 -703.0000000000
13290 -700.0000000000
13311 -699.0000000000
13330 -698.0000000000
13381 -697.0000000000
13403 -695.0000000000
13407 -694.0000000000
13446 -693.0000000000
13449 -692.0000000000
13459 -690.0000000000
13472 -689.0000000000
13517 -688.0000000000
13528 -687.0000000000
13554 -686.0000000000
13586 -685.0000000000
13597 -684.0000000000
13633 -682.0000000000
13681 -681.0000000000
13719 -679.0000000000
13736 -678.0000000000
13763 -677.0000000000
13796 -676.0000000000
13822 -673.0000000000
13856 -672.0000000000
13863 -670.0000000000
13886 -669.0000000000
13903 -668.0000000000
13923 -667.0000000000
13955 -664.0000000000
13992 -663.0000000000
14007 -661.0000000000
14021 -658.0000000000
14074 -657.0000000000
14078 -656.0000000000
14109 -655.0000000000
14145 -654.0000000000
14158 -653.0000000000
14185 -650.0000000000
14220 -649.0000000000
14241 -648.0000000000
14270 -645.0000000000
14321 -644.0000000000
14329 -643.0000000000
14341 -642.0000000000
14344 -640.0000000000
14346 -637.0000000000
14362 -636.0000000000
14424 -634.0000000000
14471 -630.0000000000
14499 -628.0000000000
14533 -627.0000000000
14568 -626.0000000000
14569 -625.0000000000
14605 -624.0000000000
14627 -622.0000000000
14641 -621.0000000000
14662 -620.0000000000
14678 -619.0000000000
14719 -617.0000000000
14723 -616.0000000000
14745 -615.0000000000
14767 -614.0000000000
14789 -613.0000000000
14808 -612.0000000000
14825 -611.0000000000
14861 -610.0000000000
14881 -608.0000000000
14897 -607.0000000000
14955 -604.0000000000
14986 -600.0000000000
15041 -597.0000000000
15112 -595.0000000000
15135 -594.0000000000
15166 -593.0000000000
15227 -592.0000000000
15234 -590.0000000000
15246 -589.0000000000
15265 -588.0000000000
15285 -587.0000000000
15303 -586.0000000000
15321 -585.0000000000
15333 -584.0000000000
15345 -583.0000000000
15360 -581.0000000000
15374 -579.0000000000
15429 -577.0000000000
15465 -575.0000000000
15488 -573.0000000000
15569 -572.0000000000
15582 -571.0000000000
15585 -569.0000000000
15637 -568.0000000000
15645 -566.0000000000
15673 -564.0000000000
15712 -563.0000000000
15741 -562.0000000000
15770 -561.0000000000
15787 -560.0000000000
15824 -559.0000000000
15829 -557.0000000000
15907 -556.0000000000
15951 -555.0000000000
15974 -554.0000000000
15996 -553.0000000000
16021 -550.0000000000
16061 -549.0000000000
16101 -548.0000000000
16148 -547.0000000000
16152 -545.0000000000
16179 -544.0000000000
16205 -543.0000000000
16228 -541.0000000000
16253 -540.0000000000
16289 -539.0000000000
16323 -537.0000000000
16326 -535.0000000000
16390 -534.0000000000
16408 -533.0000000000
16425 -532.0000000000
16434 -531.0000000000
16461 -530.0000000000
16473 -529.0000000000
16498 -527.0000000000
16532 -526.0000000000
16559 -525.0000000000
16566 -524.0000000000
16584 -523.0000000000
16627 -521.0000000000
16663 -520.0000000000
16704 -518.0000000000
16707 -517.0000000000
16754 -516.0000000000
16762 -515.0000000000
16769 -514.0000000000
16806 -513.0000000000
16829 -512.0000000000
16844 -511.0000000000
16848 -510.0000000000
16901 -509.0000000000
16914 -508.0000000000
16941 -507.0000000000
16952 -504.0000000000
16997 -503.0000000000
17003 -502.0000000000
17005 -501.0000000000
17027 -500.0000000000
17056 -499.0000000000
17074 -498.0000000000
17094 -497.0000000000
17116 -496.0000000000
17149 -495.0000000000
17166 -494.0000000000
17172 -492.0000000000
17202 -491.0000000000
17228 -490.0000000000
17273 -488.0000000000
17302 -486.0000000000
17361 -485.0000000000
17396 -484.0000000000
17419 -483.0000000000
17447 -480.0000000000
17503 -478.0000000000
17552 -477.0000000000
17562 -476.0000000000
17598 -474.0000000000
17635 -472.0000000000
17658 -471.0000000000
17676 -470.0000000000
17683 -469.0000000000
17764 -468.0000000000
17766 -467.0000000000
17814 -466.0000000000
17822 -464.0000000000
17884 -462.0000000000
17910 -460.0000000000
17949 -459.0000000000
17993 -458.0000000000
18011 -457.0000000000
18058 -456.0000000000
18075 -454.0000000000
18082 -453.0000000000
18122 -452.0000000000
18153 -451.0000000000
18161 -450.0000000000
18202 -448.0000000000
18246 -446.0000000000
18287 -443.0000000000
18330 -442.0000000000
18355 -440.0000000000
18366 -437.0000000000
18421 -436.0000000000
18450 -435.0000000000
18492 -434.0000000000
18527 -433.0000000000
18562 -432.0000000000
18586 -431.0000000000
18608 -430.0000000000
18626 -428.0000000000
18657 -427.0000000000
18709 -426.0000000000
18723 -425.0000000000
18731 -424.0000000000
18742 -423.0000000000
18743 -421.0000000000
18791 -419.0000000000
18810 -416.0000000000
18821 -413.0000000000
18900 -410.0000000000
18975 -409.0000000000
19014 -408.0000000000
19029 -406.0000000000
19047 -404.0000000000
19097 -403.0000000000
19128 -402.0000000000
19134 -401.0000000000
19175 -400.0000000000
19178 -399.0000000000
19216 -397.0000000000
19245 -396.0000000000
19280 -395.0000000000
19314 -394.0000000000
19348 -393.0000000000
19368 -392.0000000000
19428 -391.0000000000
19470 -390.0000000000
19473 -389.0000000000
19487 -388.0000000000
19529 -386.0000000000
19567 -384.0000000000
19591 -383.0000000000
19670 -382.0000000000
19678 -381.0000000000
19708 -380.0000000000
19767 -379.0000000000
19795 -377.0000000000
19806 -376.0000000000
19824 -375.0000000000
19842 -374.0000000000
19872 -372.0000000000
19894 -371.0000000000
19911 -368.0000000000
19942 -365.0000000000
20002 -364.0000000000
20023 -361.0000000000
20046 -360.0000000000
20120 -358.0000000000
20230 -357.0000000000
20256 -355.0000000000
20283 -354.0000000000
20301 -353.0000000000
20380 -352.0000000000
20438 -350.0000000000
20476 -349.0000000000
20485 -347.0000000000
20514 -344.0000000000
20544 -342.0000000000
20561 -341.0000000000
20581 -340.0000000000
20646 -338.0000000000
20701 -335.0000000000
20738 -334.0000000000
20788 -333.0000000000
20816 -330.0000000000
20874 -329.0000000000
20932 -328.0000000000
20950 -326.0000000000
20992 -325.0000000000
21000 -322.0000000000
21046 -321.0000000000
21097 -319.0000000000
21185 -315.0000000000
21283 -314.0000000000
21353 -313.0000000000
21419 -312.0000000000
21454 -311.0000000000
21518 -310.0000000000
21521 -309.0000000000
21534 -308.0000000000
21563 -307.0000000000
21617 -306.0000000000
21621 -304.0000000000
21675 -303.0000000000
21696 -302.0000000000
21737 -298.0000000000
21754 -296.0000000000
21804 -295.0000000000
21890 -294.0000000000
21945 -292.0000000000
21979 -290.0000000000
21994 -289.0000000000
22042 -288.0000000000
22104 -287.0000000000
22108 -286.0000000000
22147 -284.0000000000
22197 -282.0000000000
22216 -280.0000000000
22280 -279.0000000000
22350 -278.0000000000
22364 -276.0000000000
22425 -275.0000000000
22443 -274.0000000000
22531 -273.0000000000
22581 -272.0000000000
22622 -271.0000000000
22633 -270.0000000000
22679 -269.0000000000
22728 -268.0000000000
22782 -267.0000000000
22820 -265.0000000000
22883 -264.0000000000
22941 -263.0000000000
23022 -262.0000000000
23041 -259.0000000000
23103 -258.0000000000
23152 -257.0000000000
23191 -255.0000000000
23225 -254.0000000000
23242 -253.0000000000
23304 -252.0000000000
23397 -251.0000000000
23409 -250.0000000000
23448 -248.0000000000
23517 -245.0000000000
23587 -244.0000000000
23596 -243.0000000000
23700 -242.0000000000
23722 -241.0000000000
23763 -239.0000000000
23817 -237.0000000000
23895 -236.0000000000
23896 -235.0000000000
23927 -234.0000000000
23990 -232.0000000000
24007 -230.0000000000
24053 -229.0000000000
24082 -228.0000000000
24101 -226.0000000000
24129 -223.0000000000
24222 -222.0000000000
24241 -220.0000000000
24324 -219.0000000000
24383 -218.0000000000
24385 -216.0000000000
24442 -215.0000000000
24512 -214.0000000000
24558 -213.0000000000
24578 -211.0000000000
24665 -209.0000000000
24684 -208.0000000000
24707 -206.0000000000
24726 -205.0000000000
24772 -204.0000000000
24807 -203.0000000000
24828 -202.0000000000
24885 -201.0000000000
25015 -200.0000000000
25047 -199.0000000000
25086 -198.0000000000
25107 -197.0000000000
25141 -196.0000000000
25182 -195.0000000000
25235 -194.0000000000
25264 -193.0000000000
25306 -190.0000000000
25366 -189.0000000000
25497 -188.0000000000
25505 -186.0000000000
25547 -185.0000000000
25578 -182.0000000000
25687 -180.0000000000
25763 -178.0000000000
25801 -176.0000000000
25890 -174.0000000000
25937 -173.0000000000
25981 -172.0000000000
26045 -171.0000000000
26075 -170.0000000000
26123 -169.0000000000
26192 -168.0000000000
26200 -167.0000000000
26228 -166.0000000000
26270 -165.0000000000
26301 -164.0000000000
26329 -163.0000000000
26351 -161.0000000000
26422 -159.0000000000
26505 -158.0000000000
26534 -157.0000000000
26542 -156.0000000000
26634 -155.0000000000
26699 -154.0000000000
26712 -153.0000000000
26757 -152.0000000000
26765 -151.0000000000
26853 -150.0000000000
26901 -148.0000000000
27016 -147.0000000000
27053 -146.0000000000
27089 -145.0000000000
27165 -144.0000000000
27211 -143.0000000000
27232 -142.0000000000
27252 -141.0000000000
27283 -140.0000000000
27348 -139.0000000000
27387 -138.0000000000
27431 -137.0000000000
27506 -136.0000000000
27517 -135.0000000000
27635 -133.0000000000
27657 -132.0000000000
27733 -131.0000000000
27780 -130.0000000000
27837 -129.0000000000
27891 -128.0000000000
27928 -127.0000000000
27933 -126.0000000000
28003 -123.0000000000
28057 -121.0000000000
28152 -120.0000000000
28158 -119.0000000000
28167 -118.0000000000
28251 -117.0000000000
28362 -116.0000000000
28409 -115.0000000000
28436 -112.0000000000
28518 -111.0000000000
28577 -110.0000000000
28604 -109.0000000000
28629 -108.0000000000
28671 -107.0000000000
28722 -106.0000000000
28738 -105.0000000000
28785 -104.0000000000
28828 -103.0000000000
28844 -102.0000000000
28883 -101.0000000000
28923 -99.0000000000
28958 -98.0000000000
28986 -97.0000000000
29036 -96.0000000000
29051 -95.0000000000
29082 -94.0000000000
29084 -93.0000000000
29144 -91.0000000000
29163 -90.0000000000
29225 -89.0000000000
29276 -88.0000000000
29357 -87.0000000000
29406 -86.0000000000
29434 -85.0000000000
29521 -84.0000000000
29548 -83.0000000000
29580 -82.0000000000
29664 -81.0000000000
29698 -80.0000000000
29752 -79.0000000000
29788 -78.0000000000
29791 -77.0000000000
29849 -76.0000000000
29868 -75.0000000000
29875 -74.0000000000
29917 -71.0000000000
30089 -70.0000000000
30175 -69.0000000000
30208 -68.0000000000
30295 -67.0000000000
30319 -66.0000000000
30341 -64.0000000000
30416 -63.0000000000
30445 -61.0000000000
30464 -60.0000000000
30530 -59.0000000000
30550 -58.0000000000
30636 -57.0000000000
30702 -55.0000000000
30752 -54.0000000000
30775 -53.0000000000
30857 -51.0000000000
30969 -50.0000000000
31005 -49.0000000000
31078 -48.0000000000
31175 -47.0000000000
31250 -46.0000000000
31320 -45.0000000000
31376 -44.0000000000
31423 -43.0000000000
31439 -40.0000000000
31481 -39.0000000000
31522 -38.0000000000
31687 -37.0000000000
31770 -36.0000000000
31812 -35.0000000000
31903 -34.0000000000
31945 -32.0000000000
32049 -31.0000000000
32109 -30.0000000000
32165 -29.0000000000
32236 -28.0000000000
32261 -27.0000000000
32366 -26.0000000000
32443 -25.0000000000
32466 -24.0000000000
32614 -23.0000000000
32704 -22.0000000000
32773 -21.0000000000
32969 -20.0000000000
33055 -18.0000000000
33265 -17.0000000000
33351 -15.0000000000
33436 -14.0000000000
33524 -11.0000000000
33649 -10.0000000000
33732 -9.0000000000
33853 -8.0000000000
34061 -6.0000000000
34172 -5.0000000000
34227 -4.0000000000
34309 -3.0000000000
34387 -2.0000000000
34409 -1.0000000000
34423 588.9500000000
34526 599.1700000000
34533 601.9500000000
34618 602.9900000000
34698 618.4100000000
34860 645.2700000000
34861 659.4700000000
34966 675.2900000000
34993 681.4900000000
35147 685.1900000000
35211 713.7400000000
35320 727.1000000000
35606 729.5400000000
35684 779.7200000000
35728 790.2000000000
35827 793.5200000000
36151 799.6800000000
36384 803.5700000000
36526 804.2700000000
36661 855.9700000000
36695 866.6900000000
36708 878.7200000000
36739 879.1700000000
36751 891.5900000000
36839 898.1700000000
36905 900.3800000000
36911 910.7500000000
36968 925.1500000000
36995 961.6400000000
37012 1014.6800000000
37034 1020.3900000000
37052 1031.0500000000
37082 1037.6400000000
37271 1047.6100000000
37446 1050.1800000000
37518 1050.3200000000
37960 1052.1000000000
38366 1052.7200000000
38395 1053.9700000000
38409 1058.9300000000
38437 1060.1200000000
38457 1062.5300000000
38514 1064.6900000000
38518 1065.6200000000
38776 1066.0900000000
38856 1080.8000000000
38881 1084.6100000000
38927 1085.7000000000
39218 1087.9300000000
39274 1090.0100000000
39291 1091.2800000000
39338 1098.9200000000
39566 1101.1700000000
40167 1101.7500000000
40435 1102.3900000000
40711 1108.3000000000
41065 1108.4400000000
42164 1109.6900000000
42208 1112.4400000000
42270 1124.7100000000
42748 1130.1400000000
42776 1136.1700000000
42792 1138.8700000000
43362 1148.9000000000
45883 1150.7800000000
46812 1213.0100000000
46874 1217.9200000000
46903 1221.9800000000
47034 1226.1700000000
47052 1233.5000000000
47923 1238.6500000000
48091 1249.5700000000
55969 1252.9300000000
64707 1254.8200000000
65153 1255.5200000000
65328 1265.7300000000
67752 1271.9300000000
70094 1275.0900000000
72100 1277.5600000000
72944 1284.7100000000
91885 1286.7300000000
94899 1288.4700000000
95949 1290.9600000000
96545 1316.1500000000
100000 1174.2000000000
evaluations raw_y
1 -1941.0000000000
2 -1923.0000000000
3 -1917.0000000000
5 -1914.0000000000
6 -1893.0000000000
7 -1889.0000000000
9 -1883.0000000000
19 -1862.0000000000
38 -1861.0000000000
43 -1850.0000000000
54 -1830.0000000000
73 -1812.0000000000
104 -1788.0000000000
133 -1780.0000000000
150 -1774.0000000000
167 -1769.0000000000
172 -1755.0000000000
198 -1748.0000000000
203 -1734.0000000000
225 -1724.0000000000
248 -1716.0000000000
295 -1707.0000000000
328 -1702.0000000000
345 -1700.0000000000
354 -1697.0000000000
382 -1688.0000000000
402 -1685.0000000000
408 -1683.0000000000
411 -1681.0000000000
443 -1679.0000000000
445 -1675.0000000000
468 -1673.0000000000
481 -1665.0000000000
501 -1652.0000000000
561 -1648.0000000000
584 -1647.0000000000
587 -1643.0000000000
601 -1641.0000000000
643 -1636.0000000000
702 -1635.0000000000
707 -1634.0000000000
714 -1631.0000000000
720 -1628.0000000000
727 -1622.0000000000
787 -1621.0000000000
797 -1619.0000000000
829 -1617.0000000000
844 -1613.0000000000
863 -1612.0000000000
871 -1610.0000000000
900 -1605.0000000000
939 -1602.0000000000
979 -1600.0000000000
1006 -1598.0000000000
1007 -1596.0000000000
1028 -1595.0000000000
1041 -1592.0000000000
1086 -1591.0000000000
1102 -1589.0000000000
1122 -1587.0000000000
1148 -1584.0000000000
1171 -1583.0000000000
1187 -1580.0000000000
1206 -1578.0000000000
1231 -1577.0000000000
1243 -1576.0000000000
1271 -1574.0000000000
1287 -1572.0000000000
1309 -1571.0000000000
1322 -1570.0000000000
1330 -1568.0000000000
1346 -1565.0000000000
1366 -1563.0000000000
1408 -1562.0000000000
1421 -1560.0000000000
1430 -1559.0000000000
1444 -1557.0000000000
1475 -1556.0000000000
1493 -1555.0000000000
1501 -1554.0000000000
1504 -1553.0000000000
1521 -1551.0000000000
1555 -1548.0000000000
1572 -1547.0000000000
1589 -1546.0000000000
1603 -1543.0000000000
1631 -1541.0000000000
1650 -1539.0000000000
1675 -1537.0000000000
1683 -1536.0000000000
1702 -1535.0000000000
1721 -1533.0000000000
1729 -1531.0000000000
1752 -1530.0000000000
1772 -1528.0000000000
1800 -1526.0000000000
1819 -1525.0000000000
1841 -1523.0000000000
1861 -1519.0000000000
1934 -1518.0000000000
1946 -1517.0000000000
1947 -1514.0000000000
2010 -1512.0000000000
2042 -1511.0000000000
2044 -1510.0000000000
2063 -1508.0000000000
2086 -1507.0000000000
2104 -1505.0000000000
2131 -1503.0000000000
2141 -1502.0000000000
2165 -1500.0000000000
2190 -1499.0000000000
2207 -1497.0000000000
2230 -1495.0000000000
2248 -1494.0000000000
2281 -1492.0000000000
2291 -1490.0000000000
2343 -1489.0000000000
2344 -1488.0000000000
2365 -1486.0000000000
2390 -1485.0000000000
2404 -1484.0000000000
2405 -1481.0000000000
2444 -1480.0000000000
2463 -1478.0000000000
2473 -1476.0000000000
2485 -1472.0000000000
2527 -1471.0000000000
2528 -1470.0000000000
2546 -1468.0000000000
2574 -1466.0000000000
2599 -1465.0000000000
2601 -1464.0000000000
2638 -1461.0000000000
2642 -1459.0000000000
2674 -1458.0000000000
2688 -1455.0000000000
2742 -1454.0000000000
2752 -1452.0000000000
2764 -1451.0000000000
2766 -1450.0000000000
2785 -1449.0000000000
2791 -1445.0000000000
2822 -1444.0000000000
2845 -1443.0000000000
2862 -1441.0000000000
2875 -1439.0000000000
2881 -1437.0000000000
2908 -1434.0000000000
2939 -1431.0000000000
2972 -1429.0000000000
2981 -1427.0000000000
3001 -1426.0000000000
3013 -1420.0000000000
3054 -1417.0000000000
3083 -1414.0000000000
3121 -1412.0000000000
3167 -1411.0000000000
3184 -1409.0000000000
3195 -1406.0000000000
3230 -1403.0000000000
3284 -1402.0000000000
3286 -1399.0000000000
3293 -1398.0000000000
3305 -1396.0000000000
3322 -1394.0000000000
3352 -1391.0000000000
3373 -1390.0000000000
3421 -1389.0000000000
3422 -1388.0000000000
3462 -1387.0000000000
3486 -1386.0000000000
3487 -1385.0000000000
3511 -1384.0000000000
3522 -1379.0000000000
3539 -1378.0000000000
3556 -1377.0000000000
3561 -1376.0000000000
3581 -1375.0000000000
3601 -1373.0000000000
3628 -1371.0000000000
3637 -1370.0000000000
3657 -1369.0000000000
3693 -1367.0000000000
3703 -1366.0000000000
3727 -1365.0000000000
3751 -1363.0000000000
3756 -1361.0000000000
3791 -1360.0000000000
3823 -1359.0000000000
3833 -1356.0000000000
3841 -1355.0000000000
3847 -1353.0000000000
3891 -1352.0000000000
3895 -1350.0000000000
3899 -1349.0000000000
3901 -1347.0000000000
3925 -1346.0000000000
3959 -1345.0000000000
3993 -1344.0000000000
4007 -1343.0000000000
4012 -1342.0000000000
4017 -1340.0000000000
4042 -1336.0000000000
4088 -1335.0000000000
4090 -1334.0000000000
4103 -1333.0000000000
4113 -1331.0000000000
4153 -1330.0000000000
4168 -1329.0000000000
4189 -1328.0000000000
4193 -1327.0000000000
4201 -1323.0000000000
4246 -1322.0000000000
4255 -1321.0000000000
4271 -1317.0000000000
4286 -1316.0000000000
4316 -1315.0000000000
4341 -1314.0000000000
4370 -1313.0000000000
4378 -1312.0000000000
4382 -1310.0000000000
4426 -1309.0000000000
4444 -1308.0000000000
4455 -1307.0000000000
4461 -1306.0000000000
4466 -1305.0000000000
4487 -1303.0000000000
4509 -1302.0000000000
4519 -1300.0000000000
4540 -1298.0000000000
4567 -1296.0000000000
4589 -1295.0000000000
4605 -1293.0000000000
4621 -1292.0000000000
4649 -1288.0000000000
4689 -1287.0000000000
4719 -1286.0000000000
4727 -1284.0000000000
4761 -1283.0000000000
4764 -1282.0000000000
4778 -1281.0000000000
4779 -1279.0000000000
4808 -1278.0000000000
4818 -1276.0000000000
4842 -1275.0000000000
4877 -1274.0000000000
4878 -1273.0000000000
4883 -1272.0000000000
4902 -1268.0000000000
4925 -1267.0000000000
4930 -1263.0000000000
4955 -1261.0000000000
4964 -1259.0000000000
4989 -1258.0000000000
5021 -1256.0000000000
5046 -1255.0000000000
5089 -1254.0000000000
5105 -1253.0000000000
5111 -1252.0000000000
5132 -1251.0000000000
5157 -1248.0000000000
5164 -1246.0000000000
5193 -1245.0000000000
5205 -1241.0000000000
5261 -1239.0000000000
5304 -1237.0000000000
5331 -1236.0000000000
5359 -1235.0000000000
5382 -1233.0000000000
5416 -1232.0000000000
5425 -1230.0000000000
5486 -1226.0000000000
5502 -1225.0000000000
5527 -1222.0000000000
5552 -1221.0000000000
5567 -1220.0000000000
5578 -1219.0000000000
5591 -1216.0000000000
5622 -1213.0000000000
5641 -1212.0000000000
5689 -1211.0000000000
5693 -1210.0000000000
5702 -1208.0000000000
5723 -1207.0000000000
5734 -1206.0000000000
5781 -1205.0000000000
5787 -1203.0000000000
5828 -1200.0000000000
5846 -1199.0000000000
5848 -1197.0000000000
5874 -1196.0000000000
5900 -1194.0000000000
5915 -1190.0000000000
5931 -1189.0000000000
5963 -1188.0000000000
5997 -1187.0000000000
6017 -1185.0000000000
6052 -1184.0000000000
6058 -1182.0000000000
6070 -1181.0000000000
6090 -1180.0000000000
6093 -1178.0000000000
6112 -1175.0000000000
6186 -1174.0000000000
6197 -1173.0000000000
6212 -1170.0000000000
6233 -1168.0000000000
6258 -1165.0000000000
6266 -1164.0000000000
6281 -1161.0000000000
6304 -1158.0000000000
6399 -1157.0000000000
6404 -1156.0000000000
6438 -1155.0000000000
6443 -1153.0000000000
6470 -1152.0000000000
6505 -1149.0000000000
6541 -1148.0000000000
6564 -1147.0000000000
6596 -1146.0000000000
6629 -1144.0000000000
6685 -1143.0000000000
6698 -1142.0000000000
6707 -1141.0000000000
6732 -1140.0000000000
6746 -1139.0000000000
6749 -1138.0000000000
6761 -1134.0000000000
6823 -1129.0000000000
6849 -1128.0000000000
6885 -1126.0000000000
6904 -1125.0000000000
6921 -1123.0000000000
6923 -1122.0000000000
6950 -1118.0000000000
7021 -1114.0000000000
7029 -1113.0000000000
7084 -1111.0000000000
7109 -1110.0000000000
7126 -1108.0000000000
7145 -1107.0000000000
7168 -1106.0000000000
7191 -1105.0000000000
7208 -1103.0000000000
7210 -1101.0000000000
7239 -1099.0000000000
7252 -1098.0000000000
7263 -1097.0000000000
7271 -1096.0000000000
7294 -1094.0000000000
7327 -1092.0000000000
7370 -1091.0000000000
7387 -1089.0000000000
7422 -1088.0000000000
7444 -1087.0000000000
7465 -1085.0000000000
7483 -1084.0000000000
7501 -1083.0000000000
7503 -1081.0000000000
7535 -1079.0000000000
7540 -1075.0000000000
7575 -1074.0000000000
7603 -1072.0000000000
7606 -1071.0000000000
7662 -1070.0000000000
7677 -1069.0000000000
7691 -1068.0000000000
7695 -1067.0000000000
7739 -1066.0000000000
7749 -1063.0000000000
7800 -1061.0000000000
7826 -1060.0000000000
7846 -1059.0000000000
7868 -1056.0000000000
7881 -1054.0000000000
7907 -1053.0000000000
7953 -1052.0000000000
7969 -1049.0000000000
8005 -1048.0000000000
8028 -1047.0000000000
8067 -1046.0000000000
8074 -1044.0000000000
8077 -1043.0000000000
8142 -1042.0000000000
8158 -1041.0000000000
8163 -1040.0000000000
8168 -1039.0000000000
8173 -1035.0000000000
8230 -1034.0000000000
8263 -1033.0000000000
8279 -1031.0000000000
8315 -1028.0000000000
8327 -1027.0000000000
8349 -1025.0000000000
8353 -1024.0000000000
8373 -1020.0000000000
8423 -1019.0000000000
8427 -1016.0000000000
8477 -1014.0000000000
8494 -1012.0000000000
8528 -1011.0000000000
8531 -1010.0000000000
8545 -1009.0000000000
8572 -1008.0000000000
8576 -1007.0000000000
8583 -1006.0000000000
8609 -1004.0000000000
8646 -1003.0000000000
8678 -1002.0000000000
8688 -1001.0000000000
8712 -1000.0000000000
8727 -997.0000000000
8783 -996.0000000000
8810 -995.0000000000
8844 -993.0000000000
8851 -991.0000000000
8903 -990.0000000000
8915 -989.0000000000
8925 -988.0000000000
8935 -987.0000000000
8964 -985.0000000000
8967 -984.0000000000
9001 -983.0000000000
9022 -981.0000000000
9025 -979.0000000000
9049 -976.0000000000
9079 -975.0000000000
9091 -974.0000000000
9114 -973.0000000000
9149 -972.0000000000
9196 -971.0000000000
9203 -970.0000000000
9244 -969.0000000000
9247 -968.0000000000
9279 -966.0000000000
9286 -964.0000000000
9312 -963.0000000000
9346 -962.0000000000
9364 -959.0000000000
9381 -958.0000000000
9407 -956.0000000000
9426 -955.0000000000
9478 -954.0000000000
9503 -953.0000000000
9506 -952.0000000000
9516 -949.0000000000
9583 -948.0000000000
9592 -947.0000000000
9613 -945.0000000000
9638 -944.0000000000
9648 -943.0000000000
9667 -942.0000000000
9681 -941.0000000000
9687 -940.0000000000
9720 -939.0000000000
9724 -938.0000000000
9767 -936.0000000000
9783 -935.0000000000
9811 -932.0000000000
9855 -929.0000000000
9887 -928.0000000000
9920 -927.0000000000
9921 -925.0000000000
9945 -924.0000000000
9966 -920.0000000000
10002 -918.0000000000
10054 -916.0000000000
10072 -914.0000000000
10106 -911.0000000000
10134 -910.0000000000
10147 -909.0000000000
10177 -907.0000000000
10203 -906.0000000000
10210 -905.0000000000
10230 -904.0000000000
10237 -903.0000000000
10272 -901.0000000000
10281 -899.0000000000
10342 -897.0000000000
10364 -895.0000000000
10378 -894.0000000000
10397 -892.0000000000
10429 -891.0000000000
10456 -890.0000000000
10465 -887.0000000000
10502 -886.0000000000
10531 -885.0000000000
10542 -884.0000000000
10575 -883.0000000000
10582 -881.0000000000
10591 -880.0000000000
10604 -879.0000000000
10621 -878.0000000000
10646 -877.0000000000
10678 -874.0000000000
10730 -872.0000000000
10762 -869.0000000000
10807 -867.0000000000
10825 -866.0000000000
10834 -865.0000000000
10880 -864.0000000000
10900 -863.0000000000
10940 -862.0000000000
10951 -861.0000000000
10966 -860.0000000000
10987 -859.0000000000
11006 -857.0000000000
11038 -856.0000000000
11047 -853.0000000000
11080 -852.0000000000
11085 -851.0000000000
11096 -850.0000000000
11107 -849.0000000000
11160 -847.0000000000
11174 -846.0000000000
11189 -845.0000000000
11190 -844.0000000000
11199 -843.0000000000
11232 -841.0000000000
11244 -840.0000000000
11284 -839.0000000000
11300 -838.0000000000
11329 -834.0000000000
11365 -830.0000000000
11418 -828.0000000000
11450 -824.0000000000
11531 -822.0000000000
11583 -819.0000000000
11626 -818.0000000000
11641 -815.0000000000
11665 -813.0000000000
11685 -812.0000000000
11703 -811.0000000000
11721 -809.0000000000
11744 -807.0000000000
11748 -806.0000000000
11776 -804.0000000000
11823 -803.0000000000
11860 -800.0000000000
11896 -798.0000000000
11937 -797.0000000000
11949 -795.0000000000
11979 -793.0000000000
11994 -790.0000000000
12001 -789.0000000000
12073 -788.0000000000
12085 -787.0000000000
12111 -786.0000000000
12139 -785.0000000000
12170 -784.0000000000
12189 -783.0000000000
12191 -782.0000000000
12252 -780.0000000000
12282 -779.0000000000
12290 -778.0000000000
12293 -777.0000000000
12305 -775.0000000000
12341 -774.0000000000
12362 -772.0000000000
12368 -771.0000000000
12402 -768.0000000000
12426 -767.0000000000
12427 -765.0000000000
12463 -760.0000000000
12529 -759.0000000000
12562 -758.0000000000
12576 -756.0000000000
12585 -755.0000000000
12619 -753.0000000000
12643 -751.0000000000
12656 -749.0000000000
12685 -748.0000000000
12734 -747.0000000000
12743 -746.0000000000
12787 -745.0000000000
12798 -743.0000000000
12841 -741.0000000000
12912 -737.0000000000
12967 -736.0000000000
12968 -734.0000000000
13030 -733.0000000000
13033 -732.0000000000
13041 -730.0000000000
13043 -729.0000000000
13088 -726.0000000000
13138 -725.0000000000
13145 -724.0000000000
13150 -723.0000000000
13170 -721.0000000000
13184 -720.0000000000
13194 -718.0000000000
13214 -717.0000000000
13226 -716.0000000000
13262 -715.0000000000
13302 -714.0000000000
13307 -712.0000000000
13343 -711.0000000000
13374 -707.0000000000
13403 -704.0000000000
13435 -703.0000000000
13479 -702.0000000000
13492 -700.0000000000
13532 -699.0000000000
13533 -698.0000000000
13577 -697.0000000000
13597 -696.0000000000
13601 -695.0000000000
13640 -693.0000000000
13666 -692.0000000000
13712 -691.0000000000
13737 -688.0000000000
13792 -687.0000000000
13793 -685.0000000000
13836 -684.0000000000
13845 -683.0000000000
13886 -682.0000000000
13902 -681.0000000000
13940 -678.0000000000
13989 -677.0000000000
14022 -676.0000000000
14031 -675.0000000000
14050 -674.0000000000
14063 -673.0000000000
14092 -672.0000000000
14111 -669.0000000000
14136 -668.0000000000
14157 -666.0000000000
14179 -664.0000000000
14216 -662.0000000000
14266 -660.0000000000
14289 -659.0000000000
14302 -658.0000000000
14310 -656.0000000000
14334 -653.0000000000
14370 -652.0000000000
14371 -651.0000000000
14381 -647.0000000000
14421 -646.0000000000
14472 -645.0000000000
14492 -643.0000000000
14526 -642.0000000000
14547 -641.0000000000
14582 -640.0000000000
14583 -639.0000000000
14591 -638.0000000000
14611 -637.0000000000
14661 -634.0000000000
14705 -633.0000000000
14722 -631.0000000000
14755 -629.0000000000
14800 -628.0000000000
14818 -626.0000000000
14861 -625.0000000000
14862 -624.0000000000
14887 -623.0000000000
14935 -620.0000000000
14937 -619.0000000000
14985 -618.0000000000
15017 -617.0000000000
15021 -616.0000000000
15039 -614.0000000000
15123 -613.0000000000
15135 -612.0000000000
15165 -611.0000000000
15193 -610.0000000000
15223 -609.0000000000
15243 -608.0000000000
15251 -607.0000000000
15281 -606.0000000000
15289 -604.0000000000
15332 -602.0000000000
15376 -600.0000000000
15402 -598.0000000000
15420 -597.0000000000
15454 -596.0000000000
15455 -593.0000000000
15484 -590.0000000000
15592 -588.0000000000
15628 -587.0000000000
15631 -586.0000000000
15681 -585.0000000000
15706 -584.0000000000
15745 -583.0000000000
15766 -582.0000000000
15775 -581.0000000000
15776 -578.0000000000
15832 -577.0000000000
15834 -576.0000000000
15849 -573.0000000000
15874 -572.0000000000
15881 -570.0000000000
15931 -569.0000000000
15966 -568.0000000000
15996 -567.0000000000
16011 -566.0000000000
16047 -565.0000000000
16051 -563.0000000000
16063 -562.0000000000
16105 -561.0000000000
16129 -559.0000000000
16163 -557.0000000000
16216 -554.0000000000
16268 -552.0000000000
16306 -551.0000000000
16344 -549.0000000000
16371 -548.0000000000
16409 -547.0000000000
16419 -546.0000000000
16427 -545.0000000000
16460 -544.0000000000
16471 -543.0000000000
16506 -541.0000000000
16587 -539.0000000000
16611 -537.0000000000
16650 -536.0000000000
16667 -535.0000000000
16685 -534.0000000000
16713 -531.0000000000
16752 -529.0000000000
16794 -528.0000000000
16828 -527.0000000000
16861 -525.0000000000
16874 -524.0000000000
16918 -523.0000000000
16945 -521.0000000000
16989 -520.0000000000
17010 -519.0000000000
17033 -516.0000000000
17083 -515.0000000000
17098 -512.0000000000
17121 -511.0000000000
17150 -510.0000000000
17158 -509.0000000000
17175 -507.0000000000
17184 -506.0000000000
17203 -505.0000000000
17208 -503.0000000000
17249 -502.0000000000
17281 -501.0000000000
17324 -498.0000000000
17380 -496.0000000000
17425 -495.0000000000
17441 -494.0000000000
17446 -493.0000000000
17450 -492.0000000000
17526 -491.0000000000
17533 -490.0000000000
17537 -488.0000000000
17588 -487.0000000000
17617 -486.0000000000
17625 -484.0000000000
17653 -481.0000000000
17707 -479.0000000000
17725 -478.0000000000
17776 -477.0000000000
17807 -475.0000000000
17825 -474.0000000000
17844 -473.0000000000
17846 -472.0000000000
17887 -471.0000000000
17907 -469.0000000000
17943 -467.0000000000
18015 -463.0000000000
18031 -460.0000000000
18104 -459.0000000000
18117 -457.0000000000
18194 -456.0000000000
18209 -455.0000000000
18242 -452.0000000000
18309 -451.0000000000
18353 -450.0000000000
18385 -449.0000000000
18389 -446.0000000000
18471 -445.0000000000
18478 -444.0000000000
18539 -443.0000000000
18554 -442.0000000000
18624 -441.0000000000
18671 -440.0000000000
18692 -439.0000000000
18697 -438.0000000000
18728 -437.0000000000
18747 -436.0000000000
18772 -435.0000000000
18784 -434.0000000000
18803 -432.0000000000
18854 -431.0000000000
18875 -430.0000000000
18899 -428.0000000000
18947 -427.0000000000
18981 -425.0000000000
18985 -424.0000000000
19005 -423.0000000000
19078 -422.0000000000
19138 -419.0000000000
19172 -418.0000000000
19177 -416.0000000000
19225 -414.0000000000
19279 -413.0000000000
19301 -411.0000000000
19365 -410.0000000000
19413 -408.0000000000
19469 -407.0000000000
19481 -404.0000000000
19527 -403.0000000000
19550 -402.0000000000
19574 -401.0000000000
19597 -400.0000000000
19666 -399.0000000000
19682 -397.0000000000
19699 -396.0000000000
19701 -395.0000000000
19773 -393.0000000000
19785 -392.0000000000
19811 -391.0000000000
19845 -389.0000000000
19882 -387.0000000000
19925 -386.0000000000
19966 -385.0000000000
19973 -384.0000000000
20020 -383.0000000000
20060 -381.0000000000
20078 -379.0000000000
20098 -376.0000000000
20176 -375.0000000000
20197 -373.0000000000
20229 -372.0000000000
20267 -371.0000000000
20291 -369.0000000000
20324 -367.0000000000
20362 -366.0000000000
20390 -365.0000000000
20405 -364.0000000000
20461 -363.0000000000
20531 -362.0000000000
20543 -361.0000000000
20558 -360.0000000000
20569 -357.0000000000
20621 -356.0000000000
20662 -354.0000000000
20752 -352.0000000000
20768 -350.0000000000
20814 -349.0000000000
20890 -348.0000000000
20916 -347.0000000000
20923 -345.0000000000
20968 -344.0000000000
20992 -343.0000000000
21002 -342.0000000000
21085 -340.0000000000
21152 -339.0000000000
21167 -338.0000000000
21171 -337.0000000000
21189 -335.0000000000
21296 -334.0000000000
21302 -333.0000000000
21338 -330.0000000000
21371 -328.0000000000
21422 -327.0000000000
21465 -326.0000000000
21484 -325.0000000000
21513 -324.0000000000
21557 -323.0000000000
21580 -322.0000000000
21591 -321.0000000000
21604 -318.0000000000
21752 -317.0000000000
21799 -315.0000000000
21821 -314.0000000000
21880 -313.0000000000
21904 -312.0000000000
21919 -311.0000000000
21996 -310.0000000000
22017 -309.0000000000
22025 -308.0000000000
22041 -306.0000000000
22124 -302.0000000000
22205 -300.0000000000
22286 -298.0000000000
22345 -296.0000000000
22421 -294.0000000000
22436 -293.0000000000
22463 -291.0000000000
22568 -290.0000000000
22572 -289.0000000000
22589 -288.0000000000
22622 -287.0000000000
22628 -286.0000000000
22645 -284.0000000000
22651 -283.0000000000
22764 -282.0000000000
22786 -281.0000000000
22843 -280.0000000000
22879 -279.0000000000
22896 -278.0000000000
22956 -277.0000000000
23034 -276.0000000000
23054 -275.0000000000
23082 -274.0000000000
23127 -272.0000000000
23156 -270.0000000000
23184 -267.0000000000
23267 -266.0000000000
23324 -260.0000000000
23346 -259.0000000000
23420 -258.0000000000
23472 -257.0000000000
23589 -256.0000000000
23634 -254.0000000000
23664 -252.0000000000
23727 -250.0000000000
23746 -249.0000000000
23825 -247.0000000000
23882 -246.0000000000
23926 -245.0000000000
23950 -244.0000000000
23963 -243.0000000000
24007 -242.0000000000
24062 -241.0000000000
24099 -240.0000000000
24105 -237.0000000000
24235 -236.0000000000
24253 -234.0000000000
24351 -233.0000000000
24393 -232.0000000000
24445 -231.0000000000
24464 -229.0000000000
24529 -228.0000000000
24593 -227.0000000000
24668 -226.0000000000
24678 -224.0000000000
24757 -223.0000000000
24801 -222.0000000000
24852 -221.0000000000
24861 -220.0000000000
24894 -219.0000000000
24915 -218.0000000000
24961 -216.0000000000
24991 -215.0000000000
25051 -214.0000000000
25077 -213.0000000000
25107 -212.0000000000
25124 -211.0000000000
25163 -210.0000000000
25233 -209.0000000000
25278 -207.0000000000
25347 -206.0000000000
25409 -205.0000000000
25425 -204.0000000000
25468 -202.0000000000
25493 -201.0000000000
25593 -200.0000000000
25663 -198.0000000000
25712 -196.0000000000
25746 -195.0000000000
25809 -193.0000000000
25873 -192.0000000000
25925 -191.0000000000
25987 -190.0000000000
26001 -189.0000000000
26003 -188.0000000000
26069 -187.0000000000
26090 -186.0000000000
26176 -185.0000000000
26200 -184.0000000000
26216 -183.0000000000
26265 -181.0000000000
26300 -180.0000000000
26350 -179.0000000000
26418 -177.0000000000
26458 -176.0000000000
26522 -175.0000000000
26556 -173.0000000000
26601 -172.0000000000
26722 -171.0000000000
26762 -170.0000000000
26850 -169.0000000000
26917 -168.0000000000
26966 -166.0000000000
27005 -165.0000000000
27037 -162.0000000000
27068 -161.0000000000
27099 -160.0000000000
27135 -159.0000000000
27164 -158.0000000000
27184 -155.0000000000
27291 -154.0000000000
27350 -152.0000000000
27404 -151.0000000000
27439 -149.0000000000
27547 -147.0000000000
27591 -146.0000000000
27680 -145.0000000000
27701 -144.0000000000
27707 -143.0000000000
27807 -142.0000000000
27812 -141.0000000000
27838 -140.0000000000
27902 -139.0000000000
27955 -138.0000000000
28022 -137.0000000000
28073 -136.0000000000
28107 -135.0000000000
28161 -133.0000000000
28259 -130.0000000000
28478 -128.0000000000
28521 -127.0000000000
28569 -126.0000000000
28661 -125.0000000000
28681 -124.0000000000
28716 -123.0000000000
28761 -122.0000000000
28795 -120.0000000000
28886 -119.0000000000
28942 -118.0000000000
28950 -117.0000000000
29006 -116.0000000000
29012 -115.0000000000
29060 -114.0000000000
29087 -112.0000000000
29125 -111.0000000000
29193 -110.0000000000
29293 -108.0000000000
29373 -106.0000000000
29429 -105.0000000000
29498 -103.0000000000
29581 -101.0000000000
29648 -100.0000000000
29724 -98.0000000000
29738 -96.0000000000
29801 -95.0000000000
29813 -94.0000000000
29886 -92.0000000000
29975 -91.0000000000
30045 -88.0000000000
30125 -86.0000000000
30157 -84.0000000000
30278 -83.0000000000
30346 -82.0000000000
30430 -81.0000000000
30431 -80.0000000000
30467 -79.0000000000
30507 -78.0000000000
30553 -76.0000000000
30571 -75.0000000000
30638 -73.0000000000
30729 -71.0000000000
30731 -70.0000000000
30830 -69.0000000000
30892 -68.0000000000
30925 -67.0000000000
31052 -66.0000000000
31094 -65.0000000000
31141 -64.0000000000
31246 -63.0000000000
31329 -62.0000000000
31382 -61.0000000000
31424 -60.0000000000
31481 -59.0000000000
31525 -58.0000000000
31572 -57.0000000000
31619 -56.0000000000
31630 -55.0000000000
31673 -53.0000000000
31823 -52.0000000000
31867 -50.0000000000
31984 -49.0000000000
32042 -48.0000000000
32101 -47.0000000000
32123 -46.0000000000
32268 -45.0000000000
32441 -44.0000000000
32461 -43.0000000000
32497 -42.0000000000
32575 -39.0000000000
32739 -38.0000000000
32826 -37.0000000000
32845 -36.0000000000
32934 -33.0000000000
33070 -31.0000000000
33127 -30.0000000000
33196 -29.0000000000
33258 -28.0000000000
33311 -27.0000000000
33342 -26.0000000000
33461 -25.0000000000
33488 -23.0000000000
33515 -22.0000000000
33656 -21.0000000000
33733 -20.0000000000
33768 -19.0000000000
33833 -18.0000000000
33887 -15.0000000000
34016 -14.0000000000
34050 -13.0000000000
34120 -12.0000000000
34195 -11.0000000000
34295 -10.0000000000
34389 -9.0000000000
34528 -8.0000000000
34671 -7.0000000000
34730 -6.0000000000
34743 -5.0000000000
34773 -4.0000000000
34864 -3.0000000000
34977 -1.0000000000
34994 611.4200000000
35049 613.4800000000
35096 633.0700000000
35200 642.6100000000
35251 645.2000000000
35525 648.4500000000
35606 650.8900000000
35674 652.5900000000
35675 654.3600000000
35803 656.2000000000
35882 668.3700000000
35978 674.5600000000
36016 740.7000000000
36095 744.1700000000
36144 754.5700000000
36183 759.7700000000
36684 760.5700000000
36817 763.2100000000
36825 765.9300000000
36849 781.4200000000
36865 796.8500000000
36867 800.5500000000
36874 802.7900000000
36881 808.1900000000
36882 820.0900000000
36883 839.6200000000
36935 845.9900000000
36951 849.5200000000
36988 853.5800000000
37005 863.6300000000
37013 876.7900000000
37042 879.2300000000
37464 884.4100000000
37702 889.3700000000
37878 922.1600000000
37913 930.9800000000
37918 948.7400000000
37962 961.1000000000
38111 964.1300000000
38200 966.8900000000
38411 986.6900000000
38422 1007.7500000000
38482 1010.2400000000
38576 1020.6100000000
38822 1053.1500000000
38878 1073.0100000000
38883 1083.2100000000
38910 1093.2500000000
38974 1102.0300000000
39012 1103.8900000000
39080 1106.5200000000
39115 1112.1700000000
39122 1117.7000000000
39380 1121.8600000000
40258 1125.8500000000
40943 1139.3000000000
40956 1139.4900000000
40974 1139.8400000000
41013 1150.4000000000
41021 1154.1200000000
41366 1165.9200000000
41459 1171.9400000000
41607 1173.1000000000
41642 1179.3500000000
41676 1181.3100000000
42043 1189.9500000000
42711 1195.7200000000
42750 1199.3500000000
42828 1207.8400000000
42873 1226.7900000000
42910 1229.4900000000
43127 1229.6700000000
43188 1232.1900000000
43248 1237.5200000000
43262 1241.5100000000
43446 1242.1500000000
43782 1244.1000000000
43877 1244.2300000000
44724 1245.4800000000
44953 1257.5900000000
45701 1260.4500000000
56332 1264.2000000000
63667 1265.3200000000
66520 1267.7600000000
68062 1268.5900000000
68860 1269.2200000000
73994 1271.9200000000
74161 1276.2400000000
74447 1276.3700000000
79858 1276.8500000000
81707 1278.2000000000
84053 1279.5400000000
86065 1279.6800000000
87041 1285.6900000000
89176 1286.2000000000
91564 1286.9800000000
99071 1287.4300000000
99959 1289.6600000000
100000 1129.3800000000
evaluations raw_y
1 -1862.0000000000
18 -1857.0000000000
50 -1833.0000000000
68 -1832.0000000000
93 -1830.0000000000
95 -1815.0000000000
103 -1807.0000000000
124 -1796.0000000000
129 -1793.0000000000
146 -1791.0000000000
150 -1784.0000000000
163 -1782.0000000000
164 -1781.0000000000
169 -1776.0000000000
178 -1770.0000000000
183 -1768.0000000000
189 -1758.0000000000
215 -1757.0000000000
223 -1736.0000000000
233 -1730.0000000000
253 -1729.0000000000
263 -1728.0000000000
285 -1722.0000000000
287 -1719.0000000000
302 -1714.0000000000
316 -1713.0000000000
322 -1702.0000000000
341 -1699.0000000000
358 -1697.0000000000
363 -1689.0000000000
399 -1688.0000000000
400 -1686.0000000000
407 -1677.0000000000
417 -1672.0000000000
422 -1669.0000000000
440 -1666.0000000000
469 -1665.0000000000
484 -1660.0000000000
493 -1657.0000000000
507 -1650.0000000000
525 -1644.0000000000
581 -1642.0000000000
588 -1639.0000000000
615 -1637.0000000000
621 -1635.0000000000
625 -1634.0000000000
643 -1632.0000000000
660 -1628.0000000000
670 -1627.0000000000
701 -1624.0000000000
710 -1623.0000000000
728 -1619.0000000000
743 -1618.0000000000
748 -1614.0000000000
776 -1611.0000000000
784 -1610.0000000000
799 -1608.0000000000
812 -1606.0000000000
847 -1605.0000000000
857 -1604.0000000000
866 -1602.0000000000
885 -1600.0000000000
901 -1599.0000000000
909 -1598.0000000000
938 -1597.0000000000
946 -1596.0000000000
963 -1589.0000000000
1022 -1588.0000000000
1042 -1584.0000000000
1085 -1582.0000000000
1111 -1581.0000000000
1139 -1580.0000000000
1162 -1579.0000000000
1185 -1578.0000000000
1188 -1577.0000000000
1201 -1576.0000000000
1203 -1574.0000000000
1238 -1572.0000000000
1244 -1571.0000000000
1267 -1569.0000000000
1290 -1566.0000000000
1328 -1565.0000000000
1338 -1564.0000000000
1352 -1561.0000000000
1374 -1558.0000000000
1401 -1557.0000000000
1403 -1552.0000000000
1451 -1551.0000000000
1454 -1550.0000000000
1461 -1546.0000000000
1509 -1545.0000000000
1525 -1544.0000000000
1558 -1542.0000000000
1567 -1541.0000000000
1568 -1540.0000000000
1582 -1539.0000000000
1621 -1538.0000000000
1625 -1536.0000000000
1657 -1534.0000000000
1662 -1532.0000000000
1687 -1531.0000000000
1690 -1530.0000000000
1702 -1526.0000000000
1765 -1525.0000000000
1766 -1522.0000000000
1768 -1520.0000000000
1805 -1518.0000000000
1807 -1517.0000000000
1831 -1516.0000000000
1846 -1515.0000000000
1848 -1514.0000000000
1851 -1513.0000000000
1863 -1512.0000000000
1865 -1511.0000000000
1870 -1510.0000000000
1877 -1509.0000000000
1891 -1508.0000000000
1906 -1507.0000000000
1930 -1506.0000000000
1934 -1503.0000000000
1963 -1498.0000000000
2011 -1497.0000000000
2024 -1496.0000000000
2028 -1495.0000000000
2043 -1494.0000000000
2061 -1493.0000000000
2087 -1491.0000000000
2097 -1484.0000000000
2130 -1483.0000000000
2142 -1482.0000000000
2145 -1481.0000000000
2155 -1480.0000000000
2176 -1478.0000000000
2177 -1476.0000000000
2188 -1475.0000000000
2214 -1474.0000000000
2228 -1473.0000000000
2231 -1472.0000000000
2232 -1471.0000000000
2243 -1470.0000000000
2282 -1469.0000000000
2289 -1468.0000000000
2304 -1467.0000000000
2312 -1465.0000000000
2330 -1464.0000000000
2350 -1463.0000000000
2363 -1461.0000000000
2414 -1460.0000000000
2418 -1458.0000000000
2419 -1457.0000000000
2433 -1456.0000000000
2442 -1454.0000000000
2444 -1453.0000000000
2454 -1452.0000000000
2467 -1451.0000000000
2484 -1450.0000000000
2499 -1449.0000000000
2519 -1448.0000000000
2520 -1447.0000000000
2527 -1446.0000000000
2557 -1445.0000000000
2562 -1444.0000000000
2578 -1443.0000000000
2604 -1438.0000000000
2642 -1437.0000000000
2650 -1436.0000000000
2690 -1434.0000000000
2722 -1432.0000000000
2730 -1430.0000000000
2738 -1429.0000000000
2762 -1428.0000000000
2782 -1426.0000000000
2809 -1425.0000000000
2811 -1424.0000000000
2840 -1423.0000000000
2842 -1418.0000000000
2873 -1417.0000000000
2900 -1416.0000000000
2909 -1414.0000000000
2944 -1413.0000000000
2964 -1411.0000000000
2977 -1408.0000000000
2994 -1407.0000000000
2995 -1405.0000000000
3002 -1404.0000000000
3023 -1403.0000000000
3056 -1402.0000000000
3079 -1400.0000000000
3103 -1399.0000000000
3122 -1398.0000000000
3127 -1396.0000000000
3148 -1395.0000000000
3166 -1394.0000000000
3171 -1393.0000000000
3193 -1392.0000000000
3194 -1391.0000000000
3208 -1390.0000000000
3218 -1389.0000000000
3224 -1387.0000000000
3246 -1385.0000000000
3247 -1383.0000000000
3292 -1382.0000000000
3305 -1381.0000000000
3312 -1380.0000000000
3326 -1374.0000000000
3366 -1372.0000000000
3402 -1371.0000000000
3406 -1369.0000000000
3441 -1366.0000000000
3481 -1364.0000000000
3501 -1363.0000000000
3510 -1362.0000000000
3540 -1360.0000000000
3566 -1359.0000000000
3585 -1358.0000000000
3597 -1355.0000000000
3605 -1354.0000000000
3652 -1352.0000000000
3674 -1350.0000000000
3681 -1349.0000000000
3685 -1348.0000000000
3722 -1346.0000000000
3730 -1343.0000000000
3745 -1342.0000000000
3780 -1340.0000000000
3785 -1339.0000000000
3794 -1338.0000000000
3815 -1335.0000000000
3861 -1332.0000000000
3881 -1331.0000000000
3904 -1330.0000000000
3932 -1329.0000000000
3947 -1327.0000000000
3950 -1325.0000000000
3984 -1321.0000000000
4030 -1318.0000000000
4046 -1317.0000000000
4089 -1316.0000000000
4104 -1315.0000000000
4134 -1314.0000000000
4151 -1313.0000000000
4181 -1312.0000000000
4184 -1311.0000000000
4188 -1308.0000000000
4218 -1307.0000000000
4252 -1305.0000000000
4265 -1304.0000000000
4277 -1301.0000000000
4303 -1300.0000000000
4313 -1298.0000000000
4354 -1295.0000000000
4381 -1293.0000000000
4396 -1292.0000000000
4411 -1291.0000000000
4442 -1290.0000000000
4447 -1289.0000000000
4466 -1286.0000000000
4505 -1285.0000000000
4515 -1284.0000000000
4522 -1283.0000000000
4529 -1282.0000000000
4533 -1281.0000000000
4563 -1279.0000000000
4571 -1278.0000000000
4572 -1277.0000000000
4584 -1275.0000000000
4587 -1272.0000000000
4605 -1271.0000000000
4616 -1268.0000000000
4632 -1267.0000000000
4669 -1266.0000000000
4689 -1264.0000000000
4752 -1262.0000000000
4757 -1260.0000000000
4787 -1258.0000000000
4794 -1257.0000000000
4805 -1256.0000000000
4831 -1254.0000000000
4849 -1253.0000000000
4851 -1252.0000000000
4886 -1251.0000000000
4899 -1248.0000000000
4915 -1246.0000000000
4944 -1243.0000000000
4972 -1237.0000000000
5027 -1234.0000000000
5060 -1233.0000000000
5089 -1232.0000000000
5118 -1229.0000000000
5141 -1228.0000000000
5164 -1226.0000000000
5183 -1225.0000000000
5202 -1223.0000000000
5231 -1221.0000000000
5247 -1219.0000000000
5254 -1217.0000000000
5292 -1215.0000000000
5305 -1214.0000000000
5314 -1211.0000000000
5330 -1210.0000000000
5369 -1208.0000000000
5382 -1207.0000000000
5402 -1206.0000000000
5421 -1205.0000000000
5432 -1203.0000000000
5461 -1201.0000000000
5509 -1200.0000000000
5513 -1199.0000000000
5519 -1198.0000000000
5522 -1197.0000000000
5570 -1195.0000000000
5584 -1193.0000000000
5607 -1191.0000000000
5653 -1188.0000000000
5685 -1187.0000000000
5707 -1185.0000000000
5738 -1184.0000000000
5763 -1181.0000000000
5783 -1179.0000000000
5809 -1177.0000000000
5835 -1176.0000000000
5874 -1175.0000000000
5887 -1168.0000000000
5925 -1167.0000000000
5934 -1166.0000000000
5962 -1164.0000000000
5990 -1163.0000000000
6003 -1158.0000000000
6051 -1157.0000000000
6053 -1155.0000000000
6071 -1154.0000000000
6090 -1153.0000000000
6099 -1152.0000000000
6108 -1151.0000000000
6132 -1149.0000000000
6144 -1148.0000000000
6163 -1147.0000000000
6188 -1146.0000000000
6200 -1143.0000000000
6258 -1142.0000000000
6264 -1139.0000000000
6291 -1138.0000000000
6312 -1134.0000000000
6343 -1133.0000000000
6383 -1132.0000000000
6387 -1130.0000000000
6408 -1129.0000000000
6474 -1126.0000000000
6523 -1124.0000000000
6533 -1122.0000000000
6542 -1119.0000000000
6583 -1116.0000000000
6601 -1113.0000000000
6645 -1109.0000000000
6716 -1107.0000000000
6754 -1106.0000000000
6763 -1105.0000000000
6781 -1104.0000000000
6789 -1103.0000000000
6816 -1100.0000000000
6836 -1099.0000000000
6869 -1098.0000000000
6894 -1097.0000000000
6901 -1096.0000000000
6925 -1094.0000000000
6967 -1092.0000000000
6993 -1090.0000000000
7014 -1089.0000000000
7062 -1086.0000000000
7103 -1084.0000000000
7120 -1082.0000000000
7133 -1081.0000000000
7147 -1078.0000000000
7222 -1077.0000000000
7226 -1074.0000000000
7229 -1072.0000000000
7263 -1069.0000000000
7305 -1068.0000000000
7309 -1067.0000000000
7327 -1065.0000000000
7358 -1064.0000000000
7364 -1063.0000000000
7384 -1062.0000000000
7395 -1061.0000000000
7428 -1060.0000000000
7442 -1059.0000000000
7477 -1057.0000000000
7484 -1056.0000000000
7485 -1054.0000000000
7515 -1053.0000000000
7522 -1052.0000000000
7546 -1051.0000000000
7558 -1048.0000000000
7598 -1045.0000000000
7649 -1044.0000000000
7662 -1043.0000000000
7670 -1042.0000000000
7675 -1041.0000000000
7699 -1039.0000000000
7702 -1038.0000000000
7710 -1037.0000000000
7744 -1035.0000000000
7753 -1034.0000000000
7758 -1032.0000000000
7805 -1030.0000000000
7840 -1028.0000000000
7849 -1024.0000000000
7872 -1022.0000000000
7894 -1021.0000000000
7950 -1019.0000000000
7982 -1018.0000000000
7998 -1016.0000000000
8030 -1013.0000000000
8083 -1012.0000000000
8090 -1011.0000000000
8102 -1010.0000000000
8134 -1009.0000000000
8145 -1008.0000000000
8155 -1006.0000000000
8205 -1005.0000000000
8212 -1003.0000000000
8220 -1002.0000000000
8254 -1000.0000000000
8265 -999.0000000000
8297 -998.0000000000
8322 -997.0000000000
8329 -995.0000000000
8363 -994.0000000000
8401 -993.0000000000
8405 -991.0000000000
8424 -988.0000000000
8466 -987.0000000000
8467 -985.0000000000
8486 -984.0000000000
8501 -983.0000000000
8539 -980.0000000000
8557 -979.0000000000
8589 -977.0000000000
8635 -976.0000000000
8641 -974.0000000000
8661 -972.0000000000
8682 -971.0000000000
8710 -970.0000000000
8711 -969.0000000000
8743 -968.0000000000
8752 -967.0000000000
8787 -965.0000000000
8827 -964.0000000000
8830 -962.0000000000
8866 -959.0000000000
8884 -957.0000000000
8963 -955.0000000000
9004 -953.0000000000
9006 -952.0000000000
9042 -950.0000000000
9083 -948.0000000000
9105 -947.0000000000
9135 -945.0000000000
9159 -944.0000000000
9178 -943.0000000000
9201 -940.0000000000
9255 -939.0000000000
9257 -938.0000000000
9285 -935.0000000000
9321 -933.0000000000
9342 -932.0000000000
9355 -931.0000000000
9364 -930.0000000000
9378 -928.0000000000
9399 -925.0000000000
9430 -923.0000000000
9465 -922.0000000000
9468 -921.0000000000
9485 -920.0000000000
9501 -919.0000000000
9512 -918.0000000000
9529 -915.0000000000
9541 -914.0000000000
9544 -912.0000000000
9583 -911.0000000000
9608 -910.0000000000
9621 -909.0000000000
9649 -908.0000000000
9661 -907.0000000000
9681 -906.0000000000
9703 -905.0000000000
9705 -904.0000000000
9709 -903.0000000000
9728 -902.0000000000
9746 -901.0000000000
9801 -899.0000000000
9821 -898.0000000000
9853 -896.0000000000
9857 -895.0000000000
9863 -894.0000000000
9870 -893.0000000000
9916 -892.0000000000
9924 -889.0000000000
9947 -888.0000000000
9966 -886.0000000000
10015 -885.0000000000
10034 -882.0000000000
10078 -880.0000000000
10126 -879.0000000000
10146 -878.0000000000
10161 -876.0000000000
10188 -874.0000000000
10189 -871.0000000000
10215 -868.0000000000
10234 -867.0000000000
10253 -866.0000000000
10273 -865.0000000000
10292 -861.0000000000
10383 -857.0000000000
10430 -856.0000000000
10447 -855.0000000000
10465 -854.0000000000
10504 -852.0000000000
10527 -851.0000000000
10533 -849.0000000000
10593 -845.0000000000
10630 -844.0000000000
10641 -843.0000000000
10663 -840.0000000000
10681 -839.0000000000
10702 -838.0000000000
10717 -834.0000000000
10743 -833.0000000000
10781 -832.0000000000
10800 -831.0000000000
10801 -830.0000000000
10825 -826.0000000000
10871 -825.0000000000
10902 -824.0000000000
10931 -823.0000000000
10934 -822.0000000000
10941 -820.0000000000
10961 -819.0000000000
10981 -818.0000000000
10997 -816.0000000000
11026 -815.0000000000
11062 -814.0000000000
11063 -812.0000000000
11109 -811.0000000000
11114 -809.0000000000
11168 -808.0000000000
11189 -807.0000000000
11204 -806.0000000000
11207 -805.0000000000
11242 -804.0000000000
11249 -803.0000000000
11264 -802.0000000000
11289 -800.0000000000
11306 -796.0000000000
11330 -795.0000000000
11429 -794.0000000000
11430 -792.0000000000
11456 -791.0000000000
11479 -790.0000000000
11488 -789.0000000000
11511 -788.0000000000
11521 -786.0000000000
11529 -785.0000000000
11568 -784.0000000000
11574 -783.0000000000
11602 -782.0000000000
11628 -781.0000000000
11635 -780.0000000000
11664 -778.0000000000
11695 -777.0000000000
11725 -776.0000000000
11731 -774.0000000000
11755 -772.0000000000
11788 -771.0000000000
11812 -770.0000000000
11818 -768.0000000000
11891 -767.0000000000
11893 -766.0000000000
11905 -765.0000000000
11943 -764.0000000000
11948 -763.0000000000
12003 -762.0000000000
12021 -761.0000000000
12030 -759.0000000000
12041 -758.0000000000
12094 -757.0000000000
12103 -756.0000000000
12135 -755.0000000000
12145 -753.0000000000
12221 -752.0000000000
12237 -750.0000000000
12262 -746.0000000000
12304 -744.0000000000
12361 -741.0000000000
12385 -740.0000000000
12401 -739.0000000000
12433 -738.0000000000
12457 -736.0000000000
12523 -734.0000000000
12536 -733.0000000000
12561 -732.0000000000
12580 -730.0000000000
12591 -729.0000000000
12651 -728.0000000000
12673 -726.0000000000
12681 -724.0000000000
12692 -722.0000000000
12722 -721.0000000000
12763 -720.0000000000
12788 -718.0000000000
12811 -717.0000000000
12843 -716.0000000000
12863 -713.0000000000
12882 -712.0000000000
12903 -709.0000000000
12952 -707.0000000000
12976 -706.0000000000
12994 -705.0000000000
13012 -704.0000000000
13020 -703.0000000000
13031 -702.0000000000
13044 -701.0000000000
13077 -695.0000000000
13158 -693.0000000000
13177 -691.0000000000
13211 -690.0000000000
13226 -689.0000000000
13272 -688.0000000000
13296 -687.0000000000
13312 -685.0000000000
13343 -683.0000000000
13403 -682.0000000000
13408 -681.0000000000
13424 -679.0000000000
13450 -678.0000000000
13459 -677.0000000000
13478 -675.0000000000
13489 -674.0000000000
13523 -671.0000000000
13567 -670.0000000000
13584 -667.0000000000
13610 -666.0000000000
13623 -665.0000000000
13690 -660.0000000000
13748 -659.0000000000
13773 -658.0000000000
13798 -657.0000000000
13824 -655.0000000000
13878 -652.0000000000
13929 -651.0000000000
13945 -650.0000000000
13961 -649.0000000000
13969 -648.0000000000
14000 -647.0000000000
14007 -646.0000000000
14022 -642.0000000000
14082 -639.0000000000
14126 -636.0000000000
14148 -635.0000000000
14181 -634.0000000000
14241 -632.0000000000
14243 -631.0000000000
14275 -630.0000000000
14305 -629.0000000000
14313 -628.0000000000
14356 -627.0000000000
14390 -625.0000000000
14392 -624.0000000000
14425 -623.0000000000
14428 -622.0000000000
14463 -620.0000000000
14503 -618.0000000000
14541 -616.0000000000
14584 -615.0000000000
14609 -614.0000000000
14657 -612.0000000000
14711 -611.0000000000
14719 -610.0000000000
14724 -609.0000000000
14782 -608.0000000000
14807 -606.0000000000
14875 -605.0000000000
14905 -604.0000000000
14922 -603.0000000000
14932 -601.0000000000
14942 -600.0000000000
14992 -597.0000000000
15021 -596.0000000000
15058 -595.0000000000
15092 -594.0000000000
15109 -593.0000000000
15129 -592.0000000000
15146 -591.0000000000
15162 -590.0000000000
15214 -586.0000000000
15316 -584.0000000000
15338 -583.0000000000
15341 -582.0000000000
15362 -581.0000000000
15397 -578.0000000000
15445 -576.0000000000
15503 -575.0000000000
15526 -574.0000000000
15546 -573.0000000000
15568 -572.0000000000
15606 -571.0000000000
15623 -569.0000000000
15677 -568.0000000000
15693 -567.0000000000
15728 -566.0000000000
15785 -564.0000000000
15834 -563.0000000000
15859 -562.0000000000
15867 -561.0000000000
15886 -558.0000000000
15921 -556.0000000000
15932 -554.0000000000
16009 -553.0000000000
16061 -552.0000000000
16071 -551.0000000000
16103 -550.0000000000
16109 -549.0000000000
16116 -548.0000000000
16136 -546.0000000000
16164 -543.0000000000
16209 -542.0000000000
16271 -539.0000000000
16281 -537.0000000000
16335 -536.0000000000
16363 -535.0000000000
16392 -533.0000000000
16433 -531.0000000000
16481 -530.0000000000
16511 -528.0000000000
16541 -526.0000000000
16577 -524.0000000000
16629 -523.0000000000
16642 -521.0000000000
16661 -520.0000000000
16704 -519.0000000000
16723 -518.0000000000
16745 -516.0000000000
16768 -515.0000000000
16786 -514.0000000000
16807 -513.0000000000
16833 -512.0000000000
16847 -511.0000000000
16862 -510.0000000000
16863 -508.0000000000
16881 -506.0000000000
16948 -504.0000000000
16988 -503.0000000000
17000 -502.0000000000
17006 -501.0000000000
17017 -500.0000000000
17089 -499.0000000000
17111 -498.0000000000
17124 -497.0000000000
17163 -496.0000000000
17178 -495.0000000000
17181 -494.0000000000
17207 -491.0000000000
17228 -489.0000000000
17285 -488.0000000000
17291 -487.0000000000
17352 -485.0000000000
17402 -483.0000000000
17431 -481.0000000000
17488 -480.0000000000
17519 -479.0000000000
17541 -476.0000000000
17625 -475.0000000000
17647 -474.0000000000
17668 -473.0000000000
17705 -471.0000000000
17714 -468.0000000000
17743 -466.0000000000
17799 -464.0000000000
17832 -463.0000000000
17871 -462.0000000000
17888 -461.0000000000
17902 -460.0000000000
17919 -459.0000000000
17941 -458.0000000000
17962 -457.0000000000
18006 -456.0000000000
18037 -454.0000000000
18074 -452.0000000000
18082 -451.0000000000
18113 -450.0000000000
18129 -449.0000000000
18164 -448.0000000000
18184 -446.0000000000
18197 -445.0000000000
18209 -444.0000000000
18226 -442.0000000000
18250 -441.0000000000
18303 -440.0000000000
18321 -439.0000000000
18350 -438.0000000000
18385 -435.0000000000
18411 -432.0000000000
18465 -431.0000000000
18507 -430.0000000000
18535 -428.0000000000
18547 -427.0000000000
18661 -426.0000000000
18683 -425.0000000000
18749 -424.0000000000
18754 -422.0000000000
18829 -421.0000000000
18866 -420.0000000000
18881 -419.0000000000
18909 -417.0000000000
18916 -416.0000000000
18923 -415.0000000000
18982 -409.0000000000
19082 -408.0000000000
19123 -407.0000000000
19139 -406.0000000000
19153 -405.0000000000
19205 -402.0000000000
19264 -401.0000000000
19293 -400.0000000000
19347 -399.0000000000
19355 -396.0000000000
19432 -395.0000000000
19451 -394.0000000000
19463 -393.0000000000
19489 -392.0000000000
19534 -389.0000000000
19581 -388.0000000000
19609 -387.0000000000
19628 -386.0000000000
19650 -385.0000000000
19671 -384.0000000000
19684 -382.0000000000
19736 -381.0000000000
19800 -379.0000000000
19821 -378.0000000000
19878 -377.0000000000
19895 -376.0000000000
19913 -373.0000000000
19956 -372.0000000000
19985 -371.0000000000
20016 -369.0000000000
20028 -367.0000000000
20077 -366.0000000000
20143 -365.0000000000
20193 -363.0000000000
20225 -362.0000000000
20246 -361.0000000000
20273 -360.0000000000
20285 -359.0000000000
20302 -358.0000000000
20367 -357.0000000000
20389 -356.0000000000
20399 -354.0000000000
20466 -353.0000000000
20480 -352.0000000000
20543 -350.0000000000
20552 -349.0000000000
20614 -348.0000000000
20620 -347.0000000000
20648 -345.0000000000
20677 -344.0000000000
20712 -340.0000000000
20773 -339.0000000000
20781 -337.0000000000
20824 -336.0000000000
20841 -333.0000000000
20883 -331.0000000000
20903 -330.0000000000
20925 -329.0000000000
20941 -328.0000000000
20982 -327.0000000000
21027 -325.0000000000
21041 -324.0000000000
21085 -323.0000000000
21098 -322.0000000000
21162 -320.0000000000
21225 -318.0000000000
21332 -317.0000000000
21333 -316.0000000000
21357 -315.0000000000
21382 -313.0000000000
21404 -312.0000000000
21434 -311.0000000000
21457 -310.0000000000
21506 -309.0000000000
21532 -308.0000000000
21565 -306.0000000000
21582 -304.0000000000
21642 -303.0000000000
21659 -301.0000000000
21692 -299.0000000000
21724 -298.0000000000
21741 -297.0000000000
21839 -296.0000000000
21844 -294.0000000000
21892 -291.0000000000
21923 -290.0000000000
22048 -288.0000000000
22114 -287.0000000000
22144 -285.0000000000
22217 -284.0000000000
22232 -283.0000000000
22347 -281.0000000000
22354 -280.0000000000
22463 -278.0000000000
22481 -276.0000000000
22508 -275.0000000000
22537 -274.0000000000
22551 -273.0000000000
22574 -271.0000000000
22615 -270.0000000000
22658 -268.0000000000
22710 -266.0000000000
22781 -265.0000000000
22791 -264.0000000000
22840 -263.0000000000
22859 -261.0000000000
22894 -260.0000000000
22907 -259.0000000000
22952 -258.0000000000
23012 -257.0000000000
23044 -255.0000000000
23098 -254.0000000000
23138 -253.0000000000
23165 -252.0000000000
23193 -250.0000000000
23267 -249.0000000000
23277 -248.0000000000
23288 -247.0000000000
23291 -246.0000000000
23341 -245.0000000000
23364 -243.0000000000
23409 -242.0000000000
23421 -241.0000000000
23441 -239.0000000000
23465 -237.0000000000
23490 -236.0000000000
23525 -234.0000000000
23550 -233.0000000000
23579 -232.0000000000
23607 -231.0000000000
23639 -228.0000000000
23732 -227.0000000000
23744 -226.0000000000
23763 -225.0000000000
23831 -224.0000000000
23881 -221.0000000000
23929 -218.0000000000
23987 -216.0000000000
24023 -214.0000000000
24044 -213.0000000000
24072 -212.0000000000
24098 -211.0000000000
24115 -210.0000000000
24137 -209.0000000000
24171 -207.0000000000
24203 -205.0000000000
24241 -203.0000000000
24293 -202.0000000000
24328 -201.0000000000
24348 -198.0000000000
24410 -197.0000000000
24415 -196.0000000000
24427 -193.0000000000
24524 -191.0000000000
24607 -190.0000000000
24618 -189.0000000000
24632 -188.0000000000
24642 -187.0000000000
24702 -185.0000000000
24748 -184.0000000000
24777 -183.0000000000
24800 -182.0000000000
24818 -181.0000000000
24849 -180.0000000000
24881 -178.0000000000
24944 -176.0000000000
25031 -175.0000000000
25094 -174.0000000000
25127 -172.0000000000
25182 -171.0000000000
25271 -170.0000000000
25293 -169.0000000000
25359 -168.0000000000
25367 -167.0000000000
25405 -164.0000000000
25453 -163.0000000000
25539 -162.0000000000
25546 -158.0000000000
25681 -157.0000000000
25734 -156.0000000000
25755 -155.0000000000
25813 -154.0000000000
25815 -153.0000000000
25833 -152.0000000000
25874 -150.0000000000
25944 -149.0000000000
25945 -147.0000000000
26025 -145.0000000000
26120 -143.0000000000
26164 -142.0000000000
26197 -141.0000000000
26235 -140.0000000000
26321 -139.0000000000
26333 -138.0000000000
26421 -137.0000000000
26455 -136.0000000000
26489 -135.0000000000
26570 -134.0000000000
26604 -133.0000000000
26634 -129.0000000000
26722 -128.0000000000
26755 -126.0000000000
26813 -125.0000000000
26858 -124.0000000000
26916 -123.0000000000
26956 -122.0000000000
27006 -121.0000000000
27086 -119.0000000000
27161 -117.0000000000
27181 -116.0000000000
27232 -113.0000000000
27281 -112.0000000000
27303 -110.0000000000
27376 -108.0000000000
27439 -107.0000000000
27459 -104.0000000000
27567 -103.0000000000
27572 -102.0000000000
27573 -101.0000000000
27642 -100.0000000000
27661 -99.0000000000
27698 -96.0000000000
27803 -95.0000000000
27813 -94.0000000000
27869 -93.0000000000
27885 -92.0000000000
27928 -91.0000000000
27981 -90.0000000000
28019 -88.0000000000
28038 -87.0000000000
28058 -86.0000000000
28123 -85.0000000000
28143 -84.0000000000
28174 -83.0000000000
28189 -82.0000000000
28259 -80.0000000000
28298 -79.0000000000
28309 -76.0000000000
28408 -75.0000000000
28480 -74.0000000000
28507 -73.0000000000
28528 -72.0000000000
28601 -71.0000000000
28654 -70.0000000000
28724 -69.0000000000
28789 -68.0000000000
28819 -67.0000000000
28825 -66.0000000000
28861 -65.0000000000
28929 -63.0000000000
28981 -61.0000000000
29112 -60.0000000000
29139 -59.0000000000
29205 -58.0000000000
29234 -56.0000000000
29369 -55.0000000000
29523 -54.0000000000
29569 -53.0000000000
29647 -51.0000000000
29719 -49.0000000000
29766 -48.0000000000
29922 -47.0000000000
29960 -46.0000000000
30035 -45.0000000000
30040 -44.0000000000
30143 -42.0000000000
30169 -41.0000000000
30217 -40.0000000000
30294 -39.0000000000
30332 -38.0000000000
30456 -37.0000000000
30519 -36.0000000000
30563 -35.0000000000
30595 -34.0000000000
30626 -32.0000000000
30685 -31.0000000000
30726 -30.0000000000
30761 -29.0000000000
30785 -28.0000000000
30829 -26.0000000000
30875 -25.0000000000
30903 -23.0000000000
31030 -22.0000000000
31036 -21.0000000000
31199 -20.0000000000
31240 -19.0000000000
31287 -17.0000000000
31386 -16.0000000000
31479 -15.0000000000
31487 -14.0000000000
31559 -13.0000000000
31571 -12.0000000000
31667 -10.0000000000
31719 -8.0000000000
31866 -7.0000000000
31982 -6.0000000000
32108 -4.0000000000
32338 -3.0000000000
32404 -2.0000000000
32429 -1.0000000000
32501 579.7800000000
32510 630.1200000000
32761 698.6800000000
32786 713.1000000000
32885 719.5500000000
32971 720.8100000000
33031 721.9400000000
33044 727.2700000000
33136 727.8700000000
33169 728.8700000000
33277 733.1400000000
33477 734.9900000000
33556 736.5300000000
33881 766.6300000000
33907 776.7700000000
33911 777.8600000000
33934 808.7200000000
33968 878.8800000000
34014 893.9600000000
34266 920.1900000000
34307 941.6400000000
34334 954.5400000000
34342 956.6700000000
34363 963.7200000000
34382 973.0300000000
34384 978.8000000000
34454 992.4000000000
35344 1001.7600000000
35375 1006.9300000000
35387 1007.3300000000
35418 1015.0600000000
35519 1016.7400000000
36358 1018.0500000000
36686 1088.1100000000
36746 1093.4900000000
36771 1097.5200000000
36774 1100.8500000000
36782 1107.2900000000
36819 1108.2500000000
36841 1109.0000000000
36842 1114.5700000000
36880 1125.5100000000
36942 1128.9400000000
37098 1130.2000000000
37216 1131.9600000000
38144 1132.9700000000
38569 1148.0400000000
42041 1153.7700000000
42134 1156.0000000000
42579 1159.4300000000
42727 1166.8400000000
43504 1167.2800000000
43647 1171.8700000000
43648 1175.1100000000
43700 1189.9400000000
48857 1190.1500000000
50786 1191.8800000000
51253 1198.3900000000
51464 1199.8300000000
51484 1202.3100000000
51555 1206.9600000000
51677 1226.1000000000
54893 1228.7700000000
55293 1229.3900000000
55351 1231.2700000000
56179 1233.0400000000
58345 1237.5600000000
60464 1240.1000000000
63426 1242.9000000000
78781 1251.1000000000
81489 1258.2200000000
84682 1263.1200000000
85092 1263.9700000000
86156 1264.6200000000
87745 1267.8400000000
87932 1270.8100000000
89831 1276.8300000000
90572 1277.7700000000
92680 1283.1500000000
92697 1284.7900000000
97543 1285.0000000000
99272 1285.8200000000
100000 1176.2100000000
evaluations raw_y
1 -1953.0000000000
2 -1880.0000000000
7 -1844.0000000000
36 -1842.0000000000
43 -1832.0000000000
54 -1831.0000000000
61 -1825.0000000000
65 -1808.0000000000
72 -1807.0000000000
99 -1802.0000000000
101 -1788.0000000000
120 -1783.0000000000
125 -1780.0000000000
145 -1769.0000000000
166 -1763.0000000000
172 -1761.0000000000
178 -1760.0000000000
183 -1755.0000000000
195 -1736.0000000000
221 -1735.0000000000
225 -1734.0000000000
232 -1731.0000000000
235 -1720.0000000000
248 -1714.0000000000
269 -1695.0000000000
272 -1690.0000000000
305 -1686.0000000000
313 -1681.0000000000
327 -1674.0000000000
336 -1669.0000000000
362 -1665.0000000000
365 -1661.0000000000
381 -1657.0000000000
403 -1649.0000000000
424 -1646.0000000000
441 -1645.0000000000
443 -1631.0000000000
463 -1629.0000000000
501 -1628.0000000000
504 -1627.0000000000
507 -1622.0000000000
524 -1619.0000000000
541 -1615.0000000000
543 -1613.0000000000
563 -1608.0000000000
575 -1604.0000000000
588 -1591.0000000000
652 -1590.0000000000
668 -1586.0000000000
685 -1584.0000000000
693 -1578.0000000000
724 -1573.0000000000
752 -1572.0000000000
758 -1563.0000000000
801 -1558.0000000000
809 -1557.0000000000
814 -1556.0000000000
829 -1555.0000000000
835 -1554.0000000000
836 -1553.0000000000
847 -1551.0000000000
852 -1549.0000000000
867 -1548.0000000000
878 -1547.0000000000
896 -1546.0000000000
919 -1544.0000000000
941 -1541.0000000000
964 -1540.0000000000
967 -1539.0000000000
981 -1537.0000000000
988 -1535.0000000000
1015 -1534.0000000000
1024 -1531.0000000000
1047 -1530.0000000000
1090 -1529.0000000000
1094 -1528.0000000000
1102 -1524.0000000000
1126 -1523.0000000000
1139 -1522.0000000000
1154 -1519.0000000000
1170 -1518.0000000000
1184 -1517.0000000000
1191 -1515.0000000000
1211 -1509.0000000000
1263 -1508.0000000000
1264 -1502.0000000000
1324 -1501.0000000000
1363 -1500.0000000000
1364 -1497.0000000000
1388 -1496.0000000000
1406 -1495.0000000000
1440 -1490.0000000000
1484 -1489.0000000000
1490 -1486.0000000000
1525 -1485.0000000000
1544 -1482.0000000000
1563 -1479.0000000000
1581 -1478.0000000000
1588 -1477.0000000000
1615 -1475.0000000000
1640 -1473.0000000000
1647 -1471.0000000000
1666 -1470.0000000000
1672 -1469.0000000000
1689 -1468.0000000000
1714 -1467.0000000000
1738 -1464.0000000000
1747 -1463.0000000000
1783 -1461.0000000000
1808 -1459.0000000000
1828 -1457.0000000000
1843 -1456.0000000000
1854 -1453.0000000000
1894 -1452.0000000000
1908 -1451.0000000000
1928 -1450.0000000000
1935 -1449.0000000000
1947 -1446.0000000000
1963 -1443.0000000000
2013 -1441.0000000000
2044 -1438.0000000000
2046 -1437.0000000000
2065 -1436.0000000000
2068 -1435.0000000000
2088 -1434.0000000000
2109 -1429.0000000000
2166 -1428.0000000000
2184 -1427.0000000000
2191 -1426.0000000000
2227 -1424.0000000000
2235 -1423.0000000000
2244 -1422.0000000000
2261 -1421.0000000000
2262 -1419.0000000000
2299 -1417.0000000000
2305 -1416.0000000000
2322 -1415.0000000000
2331 -1414.0000000000
2343 -1413.0000000000
2356 -1412.0000000000
2364 -1410.0000000000
2366 -1408.0000000000
2388 -1407.0000000000
2425 -1404.0000000000
2464 -1403.0000000000
2485 -1402.0000000000
2494 -1400.0000000000
2500 -1398.0000000000
2510 -1397.0000000000
2562 -1396.0000000000
2574 -1393.0000000000
2589 -1389.0000000000
2648 -1387.0000000000
2667 -1385.0000000000
2681 -1382.0000000000
2716 -1377.0000000000
2761 -1375.0000000000
2785 -1372.0000000000
2804 -1371.0000000000
2805 -1369.0000000000
2834 -1368.0000000000
2849 -1367.0000000000
2868 -1364.0000000000
2892 -1363.0000000000
2902 -1360.0000000000
2932 -1357.0000000000
2949 -1355.0000000000
2989 -1353.0000000000
3028 -1352.0000000000
3042 -1350.0000000000
3066 -1346.0000000000
3116 -1345.0000000000
3129 -1344.0000000000
3153 -1341.0000000000
3180 -1340.0000000000
3191 -1336.0000000000
3207 -1334.0000000000
3278 -1333.0000000000
3280 -1330.0000000000
3333 -1329.0000000000
3339 -1327.0000000000
3349 -1326.0000000000
3363 -1325.0000000000
3370 -1324.0000000000
3379 -1323.0000000000
3382 -1322.0000000000
3416 -1320.0000000000
3427 -1316.0000000000
3477 -1315.0000000000
3485 -1314.0000000000
3488 -1313.0000000000
3508 -1311.0000000000
3522 -1310.0000000000
3526 -1309.0000000000
3569 -1308.0000000000
3572 -1306.0000000000
3582 -1303.0000000000
3605 -1302.0000000000
3640 -1301.0000000000
3645 -1300.0000000000
3661 -1299.0000000000
3664 -1297.0000000000
3702 -1293.0000000000
3722 -1292.0000000000
3763 -1291.0000000000
3782 -1289.0000000000
3801 -1288.0000000000
3831 -1287.0000000000
3849 -1286.0000000000
3852 -1285.0000000000
3865 -1284.0000000000
3899 -1283.0000000000
3907 -1282.0000000000
3924 -1281.0000000000
3944 -1280.0000000000
3950 -1279.0000000000
3975 -1276.0000000000
3995 -1273.0000000000
4015 -1272.0000000000
4063 -1270.0000000000
4073 -1267.0000000000
4081 -1265.0000000000
4129 -1264.0000000000
4134 -1263.0000000000
4154 -1262.0000000000
4169 -1260.0000000000
4187 -1255.0000000000
4202 -1254.0000000000
4221 -1253.0000000000
4229 -1251.0000000000
4245 -1250.0000000000
4247 -1249.0000000000
4265 -1245.0000000000
4295 -1244.0000000000
4301 -1243.0000000000
4352 -1242.0000000000
4365 -1241.0000000000
4389 -1240.0000000000
4391 -1239.0000000000
4404 -1238.0000000000
4424 -1237.0000000000
4446 -1235.0000000000
4465 -1232.0000000000
4513 -1231.0000000000
4521 -1230.0000000000
4525 -1229.0000000000
4543 -1228.0000000000
4544 -1225.0000000000
4602 -1224.0000000000
4607 -1223.0000000000
4611 -1222.0000000000
4614 -1221.0000000000
4633 -1220.0000000000
4642 -1217.0000000000
4695 -1216.0000000000
4723 -1211.0000000000
4782 -1209.0000000000
4809 -1207.0000000000
4831 -1206.0000000000
4844 -1203.0000000000
4861 -1202.0000000000
4895 -1201.0000000000
4913 -1200.0000000000
4927 -1198.0000000000
4930 -1197.0000000000
4938 -1195.0000000000
4947 -1194.0000000000
4977 -1193.0000000000
4981 -1192.0000000000
5022 -1191.0000000000
5033 -1190.0000000000
5047 -1189.0000000000
5055 -1188.0000000000
5079 -1187.0000000000
5086 -1186.0000000000
5104 -1185.0000000000
5106 -1184.0000000000
5122 -1183.0000000000
5138 -1182.0000000000
5146 -1181.0000000000
5165 -1180.0000000000
5173 -1178.0000000000
5200 -1176.0000000000
5207 -1174.0000000000
5245 -1172.0000000000
5265 -1171.0000000000
5282 -1170.0000000000
5284 -1169.0000000000
5302 -1167.0000000000
5345 -1166.0000000000
5366 -1165.0000000000
5368 -1164.0000000000
5382 -1161.0000000000
5404 -1160.0000000000
5421 -1159.0000000000
5426 -1158.0000000000
5460 -1157.0000000000
5468 -1156.0000000000
5481 -1154.0000000000
5503 -1152.0000000000
5526 -1151.0000000000
5555 -1148.0000000000
5591 -1147.0000000000
5599 -1146.0000000000
5606 -1145.0000000000
5648 -1143.0000000000
5661 -1141.0000000000
5679 -1140.0000000000
5688 -1138.0000000000
5715 -1137.0000000000
5722 -1133.0000000000
5805 -1132.0000000000
5809 -1130.0000000000
5824 -1129.0000000000
5833 -1127.0000000000
5836 -1122.0000000000
5874 -1121.0000000000
5889 -1120.0000000000
5922 -1118.0000000000
5953 -1117.0000000000
5973 -1116.0000000000
5984 -1114.0000000000
6001 -1113.0000000000
6019 -1112.0000000000
6025 -1110.0000000000
6066 -1109.0000000000
6084 -1107.0000000000
6120 -1105.0000000000
6122 -1101.0000000000
6152 -1100.0000000000
6186 -1098.0000000000
6236 -1097.0000000000
6242 -1096.0000000000
6247 -1093.0000000000
6266 -1091.0000000000
6282 -1090.0000000000
6308 -1089.0000000000
6322 -1087.0000000000
6335 -1086.0000000000
6343 -1084.0000000000
6365 -1083.0000000000
6385 -1082.0000000000
6401 -1080.0000000000
6429 -1079.0000000000
6435 -1078.0000000000
6437 -1076.0000000000
6489 -1075.0000000000
6498 -1074.0000000000
6505 -1073.0000000000
6510 -1072.0000000000
6548 -1070.0000000000
6585 -1069.0000000000
6600 -1068.0000000000
6606 -1066.0000000000
6627 -1064.0000000000
6653 -1063.0000000000
6679 -1059.0000000000
6684 -1057.0000000000
6724 -1056.0000000000
6728 -1053.0000000000
6784 -1052.0000000000
6788 -1051.0000000000
6805 -1050.0000000000
6823 -1049.0000000000
6828 -1048.0000000000
6850 -1046.0000000000
6889 -1044.0000000000
6894 -1043.0000000000
6902 -1041.0000000000
6929 -1039.0000000000
6957 -1036.0000000000
6968 -1034.0000000000
7001 -1033.0000000000
7008 -1032.0000000000
7029 -1031.0000000000
7041 -1030.0000000000
7068 -1027.0000000000
7081 -1026.0000000000
7108 -1025.0000000000
7126 -1023.0000000000
7161 -1022.0000000000
7165 -1020.0000000000
7203 -1018.0000000000
7221 -1017.0000000000
7253 -1016.0000000000
7260 -1015.0000000000
7278 -1012.0000000000
7326 -1011.0000000000
7350 -1010.0000000000
7354 -1009.0000000000
7382 -1007.0000000000
7395 -1005.0000000000
7422 -1004.0000000000
7424 -1003.0000000000
7466 -1002.0000000000
7489 -1000.0000000000
7500 -997.0000000000
7502 -996.0000000000
7541 -995.0000000000
7553 -994.0000000000
7582 -993.0000000000
7587 -989.0000000000
7652 -987.0000000000
7656 -985.0000000000
7693 -982.0000000000
7724 -979.0000000000
7764 -977.0000000000
7795 -976.0000000000
7824 -975.0000000000
7852 -974.0000000000
7872 -973.0000000000
7874 -972.0000000000
7915 -970.0000000000
7926 -969.0000000000
7947 -967.0000000000
7980 -965.0000000000
7994 -964.0000000000
8020 -963.0000000000
8023 -959.0000000000
8079 -957.0000000000
8138 -955.0000000000
8147 -954.0000000000
8177 -953.0000000000
8187 -952.0000000000
8209 -948.0000000000
8248 -947.0000000000
8263 -945.0000000000
8296 -944.0000000000
8311 -943.0000000000
8312 -942.0000000000
8343 -941.0000000000
8361 -938.0000000000
8392 -936.0000000000
8442 -935.0000000000
8466 -933.0000000000
8506 -932.0000000000
8526 -931.0000000000
8541 -928.0000000000
8577 -927.0000000000
8586 -926.0000000000
8594 -925.0000000000
8631 -924.0000000000
8646 -922.0000000000
8661 -921.0000000000
8686 -920.0000000000
8689 -919.0000000000
8726 -918.0000000000
8738 -916.0000000000
8761 -914.0000000000
8810 -913.0000000000
8816 -912.0000000000
8824 -909.0000000000
8889 -908.0000000000
8912 -907.0000000000
8916 -906.0000000000
8922 -905.0000000000
8943 -904.0000000000
8962 -903.0000000000
8997 -900.0000000000
9013 -899.0000000000
9043 -898.0000000000
9061 -897.0000000000
9106 -892.0000000000
9162 -891.0000000000
9178 -890.0000000000
9186 -889.0000000000
9226 -888.0000000000
9236 -887.0000000000
9271 -885.0000000000
9308 -883.0000000000
9325 -880.0000000000
9372 -877.0000000000
9422 -875.0000000000
9441 -874.0000000000
9445 -872.0000000000
9471 -871.0000000000
9502 -869.0000000000
9517 -868.0000000000
9526 -867.0000000000
9557 -865.0000000000
9596 -864.0000000000
9608 -863.0000000000
9624 -862.0000000000
9626 -860.0000000000
9646 -859.0000000000
9691 -858.0000000000
9724 -857.0000000000
9738 -856.0000000000
9754 -854.0000000000
9801 -853.0000000000
9818 -851.0000000000
9834 -850.0000000000
9877 -848.0000000000
9886 -847.0000000000
9919 -845.0000000000
9955 -844.0000000000
9970 -843.0000000000
9978 -842.0000000000
9982 -840.0000000000
10042 -839.0000000000
10072 -838.0000000000
10096 -836.0000000000
10098 -835.0000000000
10152 -834.0000000000
10161 -833.0000000000
10183 -832.0000000000
10191 -831.0000000000
10205 -830.0000000000
10212 -829.0000000000
10213 -825.0000000000
10258 -824.0000000000
10282 -821.0000000000
10312 -819.0000000000
10316 -815.0000000000
10344 -814.0000000000
10363 -813.0000000000
10404 -811.0000000000
10431 -810.0000000000
10450 -809.0000000000
10468 -808.0000000000
10476 -807.0000000000
10485 -806.0000000000
10505 -804.0000000000
10545 -802.0000000000
10567 -800.0000000000
10619 -798.0000000000
10635 -797.0000000000
10670 -796.0000000000
10728 -795.0000000000
10743 -794.0000000000
10765 -792.0000000000
10804 -791.0000000000
10822 -788.0000000000
10861 -786.0000000000
10894 -785.0000000000
10901 -783.0000000000
10946 -782.0000000000
10971 -779.0000000000
11007 -778.0000000000
11023 -774.0000000000
11098 -768.0000000000
11165 -766.0000000000
11182 -765.0000000000
11234 -762.0000000000
11247 -760.0000000000
11269 -759.0000000000
11300 -758.0000000000
11307 -757.0000000000
11321 -756.0000000000
11351 -755.0000000000
11367 -754.0000000000
11374 -751.0000000000
11422 -749.0000000000
11456 -748.0000000000
11460 -747.0000000000
11471 -746.0000000000
11488 -744.0000000000
11496 -742.0000000000
11503 -740.0000000000
11550 -739.0000000000
11553 -736.0000000000
11623 -732.0000000000
11700 -731.0000000000
11712 -728.0000000000
11723 -725.0000000000
11778 -724.0000000000
11782 -723.0000000000
11808 -722.0000000000
11811 -720.0000000000
11873 -719.0000000000
11878 -715.0000000000
11908 -714.0000000000
11922 -713.0000000000
11966 -712.0000000000
11988 -709.0000000000
12023 -707.0000000000
12031 -706.0000000000
12071 -705.0000000000
12100 -702.0000000000
12113 -699.0000000000
12210 -696.0000000000
12240 -693.0000000000
12271 -692.0000000000
12286 -691.0000000000
12304 -687.0000000000
12369 -685.0000000000
12386 -683.0000000000
12422 -682.0000000000
12439 -680.0000000000
12450 -678.0000000000
12483 -675.0000000000
12525 -674.0000000000
12552 -673.0000000000
12567 -672.0000000000
12578 -671.0000000000
12584 -670.0000000000
12624 -669.0000000000
12643 -667.0000000000
12725 -665.0000000000
12762 -663.0000000000
12780 -662.0000000000
12802 -661.0000000000
12819 -659.0000000000
12841 -658.0000000000
12870 -657.0000000000
12885 -655.0000000000
12905 -652.0000000000
12941 -651.0000000000
12973 -650.0000000000
13007 -649.0000000000
13020 -648.0000000000
13102 -647.0000000000
13121 -646.0000000000
13127 -645.0000000000
13170 -644.0000000000
13191 -643.0000000000
13201 -641.0000000000
13210 -639.0000000000
13224 -638.0000000000
13291 -637.0000000000
13324 -634.0000000000
13370 -631.0000000000
13403 -629.0000000000
13451 -628.0000000000
13479 -627.0000000000
13503 -626.0000000000
13536 -625.0000000000
13549 -620.0000000000
13584 -619.0000000000
13613 -617.0000000000
13644 -616.0000000000
13716 -614.0000000000
13769 -613.0000000000
13771 -610.0000000000
13783 -607.0000000000
13867 -606.0000000000
13869 -605.0000000000
13896 -604.0000000000
13911 -603.0000000000
13923 -602.0000000000
13943 -600.0000000000
13972 -599.0000000000
14002 -598.0000000000
14014 -597.0000000000
14080 -596.0000000000
14102 -592.0000000000
14137 -591.0000000000
14170 -589.0000000000
14198 -588.0000000000
14230 -586.0000000000
14283 -582.0000000000
14328 -581.0000000000
14344 -580.0000000000
14365 -577.0000000000
14472 -576.0000000000
14481 -575.0000000000
14486 -574.0000000000
14501 -573.0000000000
14517 -572.0000000000
14541 -571.0000000000
14561 -570.0000000000
14571 -569.0000000000
14595 -568.0000000000
14627 -565.0000000000
14683 -564.0000000000
14725 -562.0000000000
14730 -561.0000000000
14781 -559.0000000000
14828 -557.0000000000
14850 -555.0000000000
14867 -553.0000000000
14890 -552.0000000000
14914 -551.0000000000
14921 -550.0000000000
14963 -549.0000000000
14987 -548.0000000000
15019 -543.0000000000
15054 -542.0000000000
15108 -541.0000000000
15112 -539.0000000000
15156 -537.0000000000
15181 -536.0000000000
15222 -535.0000000000
15241 -533.0000000000
15269 -532.0000000000
15292 -530.0000000000
15362 -529.0000000000
15374 -528.0000000000
15383 -526.0000000000
15407 -524.0000000000
15464 -523.0000000000
15474 -521.0000000000
15490 -518.0000000000
15566 -517.0000000000
15572 -516.0000000000
15635 -515.0000000000
15642 -513.0000000000
15683 -512.0000000000
15687 -511.0000000000
15693 -510.0000000000
15721 -509.0000000000
15735 -508.0000000000
15783 -507.0000000000
15786 -506.0000000000
15802 -504.0000000000
15867 -503.0000000000
15881 -502.0000000000
15943 -500.0000000000
15954 -499.0000000000
15987 -498.0000000000
16013 -497.0000000000
16018 -496.0000000000
16035 -495.0000000000
16078 -494.0000000000
16095 -492.0000000000
16150 -490.0000000000
16185 -489.0000000000
16232 -488.0000000000
16266 -487.0000000000
16283 -485.0000000000
16342 -484.0000000000
16359 -481.0000000000
16373 -480.0000000000
16413 -479.0000000000
16445 -478.0000000000
16470 -477.0000000000
16503 -476.0000000000
16534 -474.0000000000
16555 -473.0000000000
16600 -470.0000000000
16635 -469.0000000000
16643 -468.0000000000
16644 -467.0000000000
16668 -466.0000000000
16705 -465.0000000000
16742 -464.0000000000
16759 -463.0000000000
16767 -462.0000000000
16803 -460.0000000000
16848 -459.0000000000
16879 -456.0000000000
16960 -455.0000000000
16997 -451.0000000000
17060 -448.0000000000
17127 -447.0000000000
17138 -445.0000000000
17170 -442.0000000000
17222 -441.0000000000
17248 -440.0000000000
17290 -439.0000000000
17312 -438.0000000000
17360 -437.0000000000
17363 -436.0000000000
17410 -434.0000000000
17425 -433.0000000000
17442 -432.0000000000
17463 -431.0000000000
17501 -429.0000000000
17526 -428.0000000000
17549 -427.0000000000
17565 -424.0000000000
17671 -421.0000000000
17730 -419.0000000000
17817 -418.0000000000
17837 -416.0000000000
17851 -415.0000000000
17888 -412.0000000000
17922 -411.0000000000
17942 -408.0000000000
18007 -407.0000000000
18026 -406.0000000000
18092 -405.0000000000
18111 -404.0000000000
18127 -400.0000000000
18195 -399.0000000000
18250 -398.0000000000
18286 -397.0000000000
18314 -394.0000000000
18354 -393.0000000000
18423 -389.0000000000
18484 -387.0000000000
18513 -385.0000000000
18526 -383.0000000000
18613 -382.0000000000
18631 -381.0000000000
18673 -380.0000000000
18711 -379.0000000000
18723 -377.0000000000
18753 -376.0000000000
18767 -375.0000000000
18805 -374.0000000000
18877 -372.0000000000
18957 -371.0000000000
18987 -369.0000000000
19007 -368.0000000000
19033 -367.0000000000
19081 -366.0000000000
19087 -364.0000000000
19111 -363.0000000000
19160 -361.0000000000
19181 -360.0000000000
19187 -359.0000000000
19227 -357.0000000000
19243 -356.0000000000
19282 -355.0000000000
19295 -354.0000000000
19312 -353.0000000000
19348 -351.0000000000
19365 -350.0000000000
19373 -347.0000000000
19472 -345.0000000000
19494 -343.0000000000
19524 -342.0000000000
19551 -340.0000000000
19625 -337.0000000000
19707 -335.0000000000
19811 -334.0000000000
19816 -333.0000000000
19849 -332.0000000000
19862 -331.0000000000
19963 -330.0000000000
19972 -329.0000000000
19999 -328.0000000000
20009 -326.0000000000
20063 -325.0000000000
20094 -324.0000000000
20120 -323.0000000000
20137 -321.0000000000
20166 -319.0000000000
20201 -318.0000000000
20211 -317.0000000000
20247 -316.0000000000
20281 -315.0000000000
20286 -313.0000000000
20389 -312.0000000000
20395 -311.0000000000
20429 -310.0000000000
20484 -308.0000000000
20492 -307.0000000000
20505 -306.0000000000
20534 -304.0000000000
20599 -303.0000000000
20648 -298.0000000000
20730 -297.0000000000
20788 -295.0000000000
20855 -294.0000000000
20863 -293.0000000000
20906 -292.0000000000
20970 -288.0000000000
21024 -287.0000000000
21037 -286.0000000000
21073 -285.0000000000
21123 -283.0000000000
21206 -282.0000000000
21245 -279.0000000000
21281 -278.0000000000
21323 -277.0000000000
21338 -275.0000000000
21355 -274.0000000000
21365 -273.0000000000
21395 -270.0000000000
21448 -267.0000000000
21551 -266.0000000000
21597 -265.0000000000
21655 -264.0000000000
21717 -261.0000000000
21781 -259.0000000000
21808 -257.0000000000
21885 -255.0000000000
21922 -253.0000000000
22000 -252.0000000000
22070 -251.0000000000
22097 -250.0000000000
22105 -249.0000000000
22133 -248.0000000000
22146 -247.0000000000
22161 -246.0000000000
22194 -245.0000000000
22262 -244.0000000000
22279 -243.0000000000
22311 -242.0000000000
22333 -241.0000000000
22451 -240.0000000000
22469 -239.0000000000
22518 -237.0000000000
22522 -236.0000000000
22563 -235.0000000000
22630 -234.0000000000
22655 -233.0000000000
22673 -232.0000000000
22734 -229.0000000000
22816 -228.0000000000
22863 -227.0000000000
22913 -226.0000000000
22932 -225.0000000000
22967 -224.0000000000
23047 -223.0000000000
23072 -222.0000000000
23121 -221.0000000000
23128 -219.0000000000
23165 -218.0000000000
23167 -216.0000000000
23244 -213.0000000000
23327 -212.0000000000
23358 -210.0000000000
23405 -208.0000000000
23465 -207.0000000000
23492 -204.0000000000
23560 -203.0000000000
23591 -202.0000000000
23595 -201.0000000000
23669 -200.0000000000
23702 -199.0000000000
23763 -198.0000000000
23769 -197.0000000000
23848 -195.0000000000
23862 -194.0000000000
23937 -193.0000000000
23946 -191.0000000000
24031 -190.0000000000
24086 -188.0000000000
24104 -186.0000000000
24158 -185.0000000000
24186 -184.0000000000
24223 -182.0000000000
24322 -181.0000000000
24425 -180.0000000000
24531 -179.0000000000
24582 -178.0000000000
24591 -177.0000000000
24646 -175.0000000000
24684 -174.0000000000
24739 -173.0000000000
24776 -172.0000000000
24822 -171.0000000000
24823 -170.0000000000
24881 -169.0000000000
24898 -168.0000000000
24917 -166.0000000000
25008 -165.0000000000
25040 -163.0000000000
25120 -162.0000000000
25165 -160.0000000000
25236 -159.0000000000
25250 -157.0000000000
25364 -156.0000000000
25406 -155.0000000000
25421 -154.0000000000
25500 -153.0000000000
25542 -151.0000000000
25627 -150.0000000000
25695 -148.0000000000
25721 -147.0000000000
25747 -146.0000000000
25828 -144.0000000000
25889 -143.0000000000
25944 -142.0000000000
25967 -141.0000000000
26002 -140.0000000000
26033 -139.0000000000
26081 -138.0000000000
26126 -136.0000000000
26212 -135.0000000000
26217 -134.0000000000
26330 -133.0000000000
26342 -131.0000000000
26432 -130.0000000000
26463 -129.0000000000
26468 -128.0000000000
26490 -127.0000000000
26527 -126.0000000000
26574 -125.0000000000
26639 -122.0000000000
26684 -121.0000000000
26705 -120.0000000000
26721 -119.0000000000
26758 -118.0000000000
26814 -114.0000000000
26958 -113.0000000000
27038 -112.0000000000
27179 -111.0000000000
27215 -109.0000000000
27374 -108.0000000000
27394 -107.0000000000
27400 -105.0000000000
27491 -104.0000000000
27526 -103.0000000000
27573 -102.0000000000
27575 -101.0000000000
27694 -100.0000000000
27792 -99.0000000000
27843 -98.0000000000
27855 -96.0000000000
27904 -95.0000000000
27970 -94.0000000000
28039 -93.0000000000
28090 -92.0000000000
28113 -91.0000000000
28131 -90.0000000000
28242 -87.0000000000
28300 -86.0000000000
28330 -85.0000000000
28412 -84.0000000000
28441 -83.0000000000
28475 -82.0000000000
28486 -81.0000000000
28521 -80.0000000000
28563 -79.0000000000
28642 -78.0000000000
28666 -77.0000000000
28668 -76.0000000000
28720 -75.0000000000
28754 -74.0000000000
28781 -73.0000000000
28784 -72.0000000000
28793 -71.0000000000
28885 -69.0000000000
28911 -68.0000000000
28947 -67.0000000000
29002 -65.0000000000
29090 -64.0000000000
29177 -63.0000000000
29267 -62.0000000000
29284 -61.0000000000
29302 -60.0000000000
29369 -59.0000000000
29462 -58.0000000000
29536 -56.0000000000
29638 -55.0000000000
29737 -54.0000000000
29781 -53.0000000000
29896 -52.0000000000
29950 -50.0000000000
29988 -49.0000000000
30011 -48.0000000000
30069 -46.0000000000
30095 -45.0000000000
30285 -43.0000000000
30392 -42.0000000000
30443 -41.0000000000
30486 -40.0000000000
30584 -39.0000000000
30624 -37.0000000000
30776 -36.0000000000
30890 -35.0000000000
30929 -34.0000000000
31116 -33.0000000000
31170 -32.0000000000
31269 -31.0000000000
31316 -30.0000000000
31396 -29.0000000000
31438 -28.0000000000
31503 -27.0000000000
31562 -26.0000000000
31669 -25.0000000000
31793 -24.0000000000
31843 -21.0000000000
31925 -20.0000000000
31989 -19.0000000000
32138 -18.0000000000
32272 -17.0000000000
32273 -16.0000000000
32344 -15.0000000000
32373 -14.0000000000
32398 -13.0000000000
32500 -12.0000000000
32535 -11.0000000000
32584 -10.0000000000
32644 -8.0000000000
32753 -7.0000000000
32806 -5.0000000000
32920 -4.0000000000
33182 -3.0000000000
33191 -2.0000000000
33279 -1.0000000000
33336 580.4000000000
33401 600.1000000000
33404 628.4900000000
33504 635.4500000000
33654 638.7000000000
33703 639.4000000000
33903 639.4900000000
34369 642.6800000000
34448 645.1700000000
34737 646.6400000000
34811 701.0400000000
34839 701.8300000000
34845 726.8400000000
35082 789.2200000000
35162 805.0000000000
35180 807.3200000000
35198 812.6200000000
35225 815.0500000000
35522 815.1400000000
35646 894.1200000000
35669 919.8500000000
35902 921.1400000000
36264 934.3400000000
36641 936.3700000000
36733 938.3400000000
37095 944.8400000000
37184 970.0300000000
37572 970.7400000000
37596 975.5400000000
37992 995.1600000000
38007 1033.9800000000
38063 1038.5400000000
38078 1041.8400000000
38088 1043.5500000000
38108 1045.5800000000
38111 1047.8500000000
38303 1047.8700000000
38359 1048.2600000000
38431 1050.0400000000
38441 1060.3500000000
38939 1064.1200000000
39127 1067.4600000000
39823 1073.9600000000
39880 1074.5400000000
39881 1077.1100000000
39941 1078.5300000000
39993 1089.6400000000
40008 1125.7100000000
40121 1141.7900000000
40181 1143.9700000000
40249 1145.8900000000
40615 1151.5300000000
40689 1154.6100000000
40816 1158.1700000000
40863 1161.1200000000
41083 1163.1800000000
41206 1163.9500000000
41942 1168.9800000000
42382 1176.8800000000
43427 1178.9100000000
49276 1179.3900000000
49507 1182.2500000000
49573 1183.3800000000
49731 1190.4900000000
49844 1198.6400000000
50046 1205.0400000000
51417 1209.8300000000
54303 1211.4600000000
55747 1213.3500000000
58432 1223.0200000000
64622 1227.8500000000
65599 1229.9900000000
65669 1231.1800000000
66201 1234.8500000000
66271 1240.1800000000
66346 1251.4700000000
67798 1255.9500000000
