evaluations raw_y
1 -1948.0000000000
2 -1889.0000000000
4 -1887.0000000000
6 -1868.0000000000
57 -1864.0000000000
63 -1844.0000000000
67 -1837.0000000000
84 -1829.0000000000
91 -1816.0000000000
111 -1805.0000000000
135 -1804.0000000000
147 -1800.0000000000
157 -1799.0000000000
162 -1798.0000000000
172 -1781.0000000000
206 -1779.0000000000
208 -1777.0000000000
210 -1771.0000000000
222 -1769.0000000000
232 -1768.0000000000
244 -1767.0000000000
245 -1758.0000000000
259 -1754.0000000000
260 -1748.0000000000
270 -1744.0000000000
292 -1740.0000000000
301 -1723.0000000000
350 -1715.0000000000
365 -1714.0000000000
382 -1711.0000000000
399 -1710.0000000000
403 -1707.0000000000
422 -1699.0000000000
433 -1698.0000000000
446 -1683.0000000000
498 -1672.0000000000
511 -1666.0000000000
538 -1665.0000000000
561 -1664.0000000000
585 -1657.0000000000
609 -1653.0000000000
623 -1652.0000000000
643 -1651.0000000000
644 -1650.0000000000
661 -1647.0000000000
685 -1646.0000000000
704 -1641.0000000000
731 -1637.0000000000
746 -1636.0000000000
763 -1635.0000000000
777 -1629.0000000000
793 -1628.0000000000
807 -1625.0000000000
840 -1623.0000000000
847 -1622.0000000000
870 -1621.0000000000
878 -1619.0000000000
891 -1618.0000000000
901 -1617.0000000000
923 -1615.0000000000
951 -1614.0000000000
964 -1613.0000000000
985 -1612.0000000000
987 -1611.0000000000
1002 -1610.0000000000
1033 -1609.0000000000
1039 -1606.0000000000
1076 -1605.0000000000
1084 -1603.0000000000
1103 -1601.0000000000
1121 -1600.0000000000
1146 -1599.0000000000
1171 -1598.0000000000
1175 -1597.0000000000
1194 -1595.0000000000
1207 -1594.0000000000
1224 -1593.0000000000
1225 -1590.0000000000
1272 -1589.0000000000
1282 -1588.0000000000
1288 -1587.0000000000
1316 -1586.0000000000
1317 -1582.0000000000
1356 -1577.0000000000
1393 -1576.0000000000
1426 -1573.0000000000
1439 -1572.0000000000
1444 -1571.0000000000
1488 -1569.0000000000
1498 -1567.0000000000
1514 -1565.0000000000
1553 -1563.0000000000
1555 -1562.0000000000
1581 -1561.0000000000
1598 -1559.0000000000
1603 -1558.0000000000
1626 -1557.0000000000
1639 -1556.0000000000
1641 -1554.0000000000
1665 -1553.0000000000
1674 -1552.0000000000
1679 -1551.0000000000
1698 -1550.0000000000
1702 -1549.0000000000
1728 -1546.0000000000
1744 -1545.0000000000
1755 -1544.0000000000
1783 -1543.0000000000
1792 -1542.0000000000
1804 -1541.0000000000
1829 -1540.0000000000
1843 -1539.0000000000
1875 -1538.0000000000
1892 -1537.0000000000
1900 -1535.0000000000
1905 -1534.0000000000
1933 -1532.0000000000
1958 -1531.0000000000
1963 -1530.0000000000
1990 -1529.0000000000
2020 -1528.0000000000
2021 -1527.0000000000
2023 -1526.0000000000
2050 -1525.0000000000
2055 -1524.0000000000
2084 -1521.0000000000
2090 -1519.0000000000
2101 -1518.0000000000
2133 -1516.0000000000
2149 -1515.0000000000
2151 -1514.0000000000
2170 -1513.0000000000
2192 -1512.0000000000
2197 -1510.0000000000
2201 -1505.0000000000
2247 -1504.0000000000
2250 -1503.0000000000
2273 -1501.0000000000
2286 -1500.0000000000
2308 -1499.0000000000
2322 -1498.0000000000
2335 -1497.0000000000
2343 -1494.0000000000
2386 -1493.0000000000
2403 -1488.0000000000
2446 -1484.0000000000
2486 -1483.0000000000
2488 -1482.0000000000
2502 -1481.0000000000
2526 -1480.0000000000
2535 -1478.0000000000
2563 -1477.0000000000
2581 -1476.0000000000
2582 -1474.0000000000
2605 -1472.0000000000
2629 -1469.0000000000
2651 -1468.0000000000
2664 -1465.0000000000
2703 -1463.0000000000
2709 -1461.0000000000
2722 -1460.0000000000
2745 -1459.0000000000
2758 -1458.0000000000
2772 -1457.0000000000
2783 -1456.0000000000
2786 -1453.0000000000
2793 -1452.0000000000
2838 -1449.0000000000
2848 -1448.0000000000
2865 -1443.0000000000
2893 -1442.0000000000
2924 -1440.0000000000
2933 -1438.0000000000
2975 -1436.0000000000
3001 -1435.0000000000
3006 -1434.0000000000
3021 -1427.0000000000
3072 -1425.0000000000
3075 -1423.0000000000
3102 -1421.0000000000
3138 -1419.0000000000
3182 -1417.0000000000
3194 -1416.0000000000
3200 -1415.0000000000
3216 -1412.0000000000
3232 -1410.0000000000
3233 -1409.0000000000
3265 -1407.0000000000
3321 -1406.0000000000
3328 -1404.0000000000
3341 -1402.0000000000
3373 -1401.0000000000
3401 -1399.0000000000
3403 -1397.0000000000
3412 -1395.0000000000
3442 -1394.0000000000
3456 -1393.0000000000
3473 -1392.0000000000
3474 -1389.0000000000
3512 -1388.0000000000
3530 -1387.0000000000
3544 -1386.0000000000
3562 -1385.0000000000
3564 -1384.0000000000
3596 -1382.0000000000
3621 -1381.0000000000
3629 -1380.0000000000
3666 -1379.0000000000
3680 -1378.0000000000
3707 -1374.0000000000
3748 -1373.0000000000
3767 -1372.0000000000
3782 -1371.0000000000
3785 -1370.0000000000
3801 -1365.0000000000
3845 -1364.0000000000
3871 -1363.0000000000
3878 -1362.0000000000
3891 -1361.0000000000
3902 -1360.0000000000
3918 -1356.0000000000
3946 -1352.0000000000
3966 -1351.0000000000
3988 -1348.0000000000
4001 -1347.0000000000
4033 -1344.0000000000
4045 -1343.0000000000
4065 -1341.0000000000
4082 -1340.0000000000
4085 -1337.0000000000
4113 -1335.0000000000
4130 -1334.0000000000
4131 -1333.0000000000
4142 -1332.0000000000
4174 -1327.0000000000
4210 -1324.0000000000
4232 -1322.0000000000
4249 -1321.0000000000
4258 -1319.0000000000
4281 -1317.0000000000
4307 -1315.0000000000
4354 -1313.0000000000
4392 -1312.0000000000
4401 -1309.0000000000
4428 -1308.0000000000
4441 -1306.0000000000
4478 -1305.0000000000
4480 -1304.0000000000
4484 -1302.0000000000
4511 -1300.0000000000
4536 -1299.0000000000
4585 -1297.0000000000
4604 -1296.0000000000
4622 -1295.0000000000
4624 -1293.0000000000
4650 -1292.0000000000
4685 -1291.0000000000
4713 -1290.0000000000
4721 -1288.0000000000
4746 -1287.0000000000
4759 -1286.0000000000
4763 -1285.0000000000
4784 -1283.0000000000
4803 -1282.0000000000
4808 -1280.0000000000
4836 -1279.0000000000
4844 -1278.0000000000
4865 -1277.0000000000
4881 -1272.0000000000
4903 -1271.0000000000
4925 -1270.0000000000
4960 -1269.0000000000
4963 -1266.0000000000
4985 -1263.0000000000
5008 -1261.0000000000
5027 -1258.0000000000
5062 -1255.0000000000
5103 -1253.0000000000
5147 -1252.0000000000
5162 -1249.0000000000
5178 -1248.0000000000
5194 -1247.0000000000
5210 -1244.0000000000
5224 -1242.0000000000
5253 -1241.0000000000
5268 -1240.0000000000
5294 -1239.0000000000
5312 -1238.0000000000
5334 -1237.0000000000
5336 -1236.0000000000
5344 -1235.0000000000
5382 -1233.0000000000
5387 -1230.0000000000
5409 -1229.0000000000
5425 -1227.0000000000
5439 -1225.0000000000
5461 -1223.0000000000
5481 -1222.0000000000
5501 -1221.0000000000
5503 -1220.0000000000
5513 -1219.0000000000
5519 -1218.0000000000
5527 -1217.0000000000
5541 -1213.0000000000
5581 -1212.0000000000
5586 -1210.0000000000
5610 -1209.0000000000
5631 -1207.0000000000
5638 -1206.0000000000
5651 -1204.0000000000
5676 -1202.0000000000
5703 -1200.0000000000
5721 -1199.0000000000
5747 -1197.0000000000
5769 -1196.0000000000
5786 -1195.0000000000
5791 -1193.0000000000
5808 -1192.0000000000
5831 -1191.0000000000
5861 -1189.0000000000
5893 -1188.0000000000
5905 -1187.0000000000
5908 -1186.0000000000
5925 -1185.0000000000
5943 -1183.0000000000
5983 -1182.0000000000
6004 -1181.0000000000
6008 -1180.0000000000
6042 -1178.0000000000
6063 -1176.0000000000
6091 -1175.0000000000
6104 -1174.0000000000
6120 -1173.0000000000
6139 -1172.0000000000
6165 -1170.0000000000
6183 -1169.0000000000
6206 -1168.0000000000
6226 -1167.0000000000
6229 -1166.0000000000
6243 -1165.0000000000
6265 -1164.0000000000
6295 -1162.0000000000
6309 -1161.0000000000
6327 -1160.0000000000
6340 -1154.0000000000
6421 -1152.0000000000
6437 -1150.0000000000
6455 -1149.0000000000
6499 -1147.0000000000
6526 -1146.0000000000
6542 -1144.0000000000
6573 -1143.0000000000
6599 -1142.0000000000
6600 -1141.0000000000
6632 -1138.0000000000
6652 -1137.0000000000
6670 -1134.0000000000
6688 -1132.0000000000
6725 -1131.0000000000
6726 -1129.0000000000
6757 -1128.0000000000
6770 -1127.0000000000
6786 -1126.0000000000
6793 -1125.0000000000
6806 -1124.0000000000
6817 -1120.0000000000
6833 -1118.0000000000
6848 -1117.0000000000
6886 -1116.0000000000
6888 -1113.0000000000
6922 -1112.0000000000
6963 -1110.0000000000
6974 -1108.0000000000
6998 -1107.0000000000
7052 -1104.0000000000
7061 -1101.0000000000
7121 -1100.0000000000
7127 -1099.0000000000
7146 -1098.0000000000
7161 -1097.0000000000
7217 -1096.0000000000
7224 -1095.0000000000
7225 -1091.0000000000
7246 -1090.0000000000
7268 -1088.0000000000
7309 -1087.0000000000
7329 -1086.0000000000
7344 -1085.0000000000
7358 -1084.0000000000
7367 -1082.0000000000
7386 -1081.0000000000
7404 -1080.0000000000
7428 -1079.0000000000
7446 -1076.0000000000
7450 -1074.0000000000
7464 -1072.0000000000
7508 -1071.0000000000
7537 -1070.0000000000
7543 -1069.0000000000
7584 -1068.0000000000
7591 -1067.0000000000
7611 -1066.0000000000
7622 -1064.0000000000
7627 -1063.0000000000
7643 -1060.0000000000
7668 -1059.0000000000
7687 -1057.0000000000
7710 -1055.0000000000
7715 -1053.0000000000
7736 -1052.0000000000
7752 -1050.0000000000
7769 -1048.0000000000
7776 -1047.0000000000
7789 -1046.0000000000
7804 -1045.0000000000
7809 -1043.0000000000
7821 -1042.0000000000
7839 -1041.0000000000
7864 -1039.0000000000
7873 -1038.0000000000
7908 -1037.0000000000
7910 -1036.0000000000
7916 -1031.0000000000
7968 -1030.0000000000
7971 -1028.0000000000
7981 -1027.0000000000
8001 -1026.0000000000
8058 -1022.0000000000
8106 -1019.0000000000
8148 -1017.0000000000
8194 -1016.0000000000
8234 -1015.0000000000
8240 -1014.0000000000
8266 -1012.0000000000
8282 -1011.0000000000
8294 -1009.0000000000
8309 -1008.0000000000
8324 -1007.0000000000
8380 -1006.0000000000
8381 -1002.0000000000
8427 -999.0000000000
8441 -998.0000000000
8464 -997.0000000000
8519 -996.0000000000
8528 -995.0000000000
8537 -994.0000000000
8538 -993.0000000000
8558 -992.0000000000
8579 -991.0000000000
8581 -990.0000000000
8617 -987.0000000000
8630 -986.0000000000
8650 -985.0000000000
8657 -981.0000000000
8703 -980.0000000000
8723 -979.0000000000
8745 -977.0000000000
8758 -975.0000000000
8796 -974.0000000000
8804 -973.0000000000
8815 -970.0000000000
8871 -969.0000000000
8905 -967.0000000000
8927 -965.0000000000
8964 -964.0000000000
9014 -962.0000000000
9017 -959.0000000000
9038 -958.0000000000
9055 -957.0000000000
9057 -956.0000000000
9063 -955.0000000000
9085 -954.0000000000
9089 -952.0000000000
9102 -951.0000000000
9135 -949.0000000000
9137 -948.0000000000
9167 -946.0000000000
9183 -945.0000000000
9222 -944.0000000000
9236 -943.0000000000
9252 -942.0000000000
9273 -941.0000000000
9302 -940.0000000000
9329 -939.0000000000
9335 -938.0000000000
9367 -937.0000000000
9387 -935.0000000000
9417 -934.0000000000
9435 -933.0000000000
9467 -932.0000000000
9491 -931.0000000000
9511 -928.0000000000
9564 -927.0000000000
9566 -926.0000000000
9597 -925.0000000000
9602 -924.0000000000
9639 -923.0000000000
9646 -921.0000000000
9661 -920.0000000000
9680 -917.0000000000
9714 -916.0000000000
9736 -915.0000000000
9761 -913.0000000000
9785 -912.0000000000
9812 -911.0000000000
9830 -909.0000000000
9854 -908.0000000000
9856 -907.0000000000
9888 -906.0000000000
9906 -905.0000000000
9935 -904.0000000000
9950 -902.0000000000
9986 -901.0000000000
10009 -897.0000000000
10032 -895.0000000000
10098 -894.0000000000
10104 -893.0000000000
10112 -891.0000000000
10132 -890.0000000000
10168 -888.0000000000
10171 -886.0000000000
10187 -885.0000000000
10210 -884.0000000000
10214 -883.0000000000
10217 -882.0000000000
10248 -881.0000000000
10263 -876.0000000000
10295 -875.0000000000
10332 -874.0000000000
10342 -873.0000000000
10373 -871.0000000000
10407 -870.0000000000
10444 -867.0000000000
10466 -866.0000000000
10475 -865.0000000000
10496 -863.0000000000
10537 -862.0000000000
10550 -861.0000000000
10573 -860.0000000000
10607 -859.0000000000
10635 -858.0000000000
10655 -856.0000000000
10681 -853.0000000000
10709 -852.0000000000
10723 -849.0000000000
10760 -847.0000000000
10822 -846.0000000000
10857 -845.0000000000
10874 -844.0000000000
10884 -843.0000000000
10914 -842.0000000000
10942 -840.0000000000
10964 -837.0000000000
10993 -836.0000000000
11020 -835.0000000000
11024 -833.0000000000
11071 -832.0000000000
11079 -831.0000000000
11083 -830.0000000000
11112 -829.0000000000
11141 -828.0000000000
11162 -827.0000000000
11166 -826.0000000000
11186 -824.0000000000
11203 -822.0000000000
11246 -820.0000000000
11267 -819.0000000000
11289 -816.0000000000
11345 -814.0000000000
11412 -813.0000000000
11415 -811.0000000000
11429 -809.0000000000
11453 -808.0000000000
11484 -807.0000000000
11500 -806.0000000000
11504 -804.0000000000
11553 -802.0000000000
11569 -801.0000000000
11587 -800.0000000000
11609 -799.0000000000
11622 -797.0000000000
11658 -796.0000000000
11659 -794.0000000000
11667 -793.0000000000
11681 -790.0000000000
11704 -789.0000000000
11731 -788.0000000000
11782 -786.0000000000
11801 -783.0000000000
11825 -782.0000000000
11850 -781.0000000000
11853 -780.0000000000
11869 -779.0000000000
11888 -778.0000000000
11930 -777.0000000000
11958 -776.0000000000
11964 -775.0000000000
11977 -774.0000000000
11984 -771.0000000000
12007 -770.0000000000
12024 -769.0000000000
12051 -768.0000000000
12097 -767.0000000000
12109 -765.0000000000
12121 -764.0000000000
12150 -762.0000000000
12154 -760.0000000000
12193 -758.0000000000
12219 -757.0000000000
12224 -756.0000000000
12271 -755.0000000000
12281 -754.0000000000
12286 -753.0000000000
12316 -752.0000000000
12321 -751.0000000000
12350 -750.0000000000
12388 -749.0000000000
12393 -747.0000000000
12415 -746.0000000000
12444 -745.0000000000
12453 -744.0000000000
12476 -742.0000000000
12526 -741.0000000000
12546 -739.0000000000
12563 -737.0000000000
12620 -736.0000000000
12648 -735.0000000000
12661 -734.0000000000
12665 -733.0000000000
12686 -732.0000000000
12704 -730.0000000000
12726 -728.0000000000
12754 -727.0000000000
12779 -726.0000000000
12809 -724.0000000000
12838 -723.0000000000
12887 -722.0000000000
12908 -721.0000000000
12910 -720.0000000000
12916 -719.0000000000
12921 -718.0000000000
12943 -716.0000000000
12950 -715.0000000000
12961 -713.0000000000
12976 -711.0000000000
13050 -710.0000000000
13075 -709.0000000000
13091 -708.0000000000
13097 -707.0000000000
13112 -705.0000000000
13168 -704.0000000000
13198 -703.0000000000
13215 -702.0000000000
13247 -701.0000000000
13257 -700.0000000000
13268 -699.0000000000
13295 -697.0000000000
13332 -696.0000000000
13344 -695.0000000000
13397 -694.0000000000
13402 -693.0000000000
13409 -692.0000000000
13424 -691.0000000000
13429 -689.0000000000
13460 -688.0000000000
13473 -687.0000000000
13513 -685.0000000000
13548 -683.0000000000
13607 -682.0000000000
13610 -680.0000000000
13662 -678.0000000000
13685 -677.0000000000
13690 -675.0000000000
13706 -674.0000000000
13718 -671.0000000000
13747 -670.0000000000
13766 -669.0000000000
13768 -668.0000000000
13822 -666.0000000000
13863 -665.0000000000
13879 -663.0000000000
13929 -661.0000000000
13931 -660.0000000000
13948 -659.0000000000
13981 -658.0000000000
14003 -657.0000000000
14022 -654.0000000000
14100 -652.0000000000
14106 -651.0000000000
14159 -650.0000000000
14186 -649.0000000000
14191 -644.0000000000
14224 -641.0000000000
14261 -639.0000000000
14321 -638.0000000000
14329 -636.0000000000
14343 -635.0000000000
14379 -633.0000000000
14411 -632.0000000000
14437 -631.0000000000
14442 -630.0000000000
14464 -629.0000000000
14487 -628.0000000000
14513 -627.0000000000
14541 -624.0000000000
14589 -623.0000000000
14612 -622.0000000000
14615 -621.0000000000
14639 -619.0000000000
14666 -618.0000000000
14686 -617.0000000000
14694 -616.0000000000
14710 -615.0000000000
14714 -613.0000000000
14721 -610.0000000000
14786 -607.0000000000
14817 -606.0000000000
14846 -604.0000000000
14869 -602.0000000000
14925 -601.0000000000
14945 -600.0000000000
14963 -599.0000000000
14984 -598.0000000000
15032 -596.0000000000
15082 -594.0000000000
15120 -593.0000000000
15155 -591.0000000000
15179 -590.0000000000
15182 -588.0000000000
15254 -587.0000000000
15261 -584.0000000000
15309 -583.0000000000
15328 -580.0000000000
15341 -578.0000000000
15379 -576.0000000000
15382 -573.0000000000
15470 -570.0000000000
15485 -569.0000000000
15533 -567.0000000000
15562 -563.0000000000
15642 -562.0000000000
15721 -561.0000000000
15725 -559.0000000000
15766 -558.0000000000
15767 -557.0000000000
15803 -555.0000000000
15887 -552.0000000000
15924 -551.0000000000
15931 -550.0000000000
15943 -548.0000000000
15969 -547.0000000000
16014 -545.0000000000
16042 -543.0000000000
16075 -542.0000000000
16104 -537.0000000000
16159 -536.0000000000
16223 -535.0000000000
16226 -534.0000000000
16237 -533.0000000000
16247 -530.0000000000
16272 -529.0000000000
16325 -528.0000000000
16334 -527.0000000000
16404 -525.0000000000
16442 -523.0000000000
16463 -522.0000000000
16507 -521.0000000000
16521 -520.0000000000
16528 -519.0000000000
16549 -518.0000000000
16594 -516.0000000000
16602 -515.0000000000
16635 -514.0000000000
16641 -513.0000000000
16650 -511.0000000000
16692 -510.0000000000
16713 -509.0000000000
16721 -507.0000000000
16735 -506.0000000000
16765 -504.0000000000
16867 -503.0000000000
16890 -502.0000000000
16895 -501.0000000000
16901 -500.0000000000
16969 -499.0000000000
16971 -498.0000000000
16983 -497.0000000000
17029 -496.0000000000
17057 -494.0000000000
17063 -493.0000000000
17086 -492.0000000000
17104 -491.0000000000
17164 -490.0000000000
17198 -489.0000000000
17202 -484.0000000000
17285 -483.0000000000
17313 -482.0000000000
17351 -481.0000000000
17363 -479.0000000000
17384 -476.0000000000
17445 -475.0000000000
17454 -474.0000000000
17456 -473.0000000000
17484 -472.0000000000
17489 -470.0000000000
17593 -469.0000000000
17603 -468.0000000000
17617 -467.0000000000
17669 -466.0000000000
17688 -465.0000000000
17729 -464.0000000000
17735 -463.0000000000
17749 -462.0000000000
17785 -461.0000000000
17819 -460.0000000000
17822 -458.0000000000
17843 -457.0000000000
17905 -455.0000000000
17922 -454.0000000000
17959 -453.0000000000
17967 -452.0000000000
18012 -450.0000000000
18036 -449.0000000000
18051 -448.0000000000
18102 -447.0000000000
18139 -444.0000000000
18181 -443.0000000000
18203 -442.0000000000
18257 -441.0000000000
18265 -440.0000000000
18340 -438.0000000000
18404 -436.0000000000
18437 -434.0000000000
18503 -433.0000000000
18520 -431.0000000000
18525 -430.0000000000
18581 -429.0000000000
18626 -428.0000000000
18645 -427.0000000000
18667 -426.0000000000
18710 -425.0000000000
18718 -424.0000000000
18751 -423.0000000000
18767 -422.0000000000
18787 -421.0000000000
18832 -418.0000000000
18907 -416.0000000000
18944 -415.0000000000
18961 -414.0000000000
18975 -413.0000000000
18984 -412.0000000000
18990 -411.0000000000
19046 -410.0000000000
19074 -409.0000000000
19091 -408.0000000000
19105 -407.0000000000
19151 -406.0000000000
19161 -402.0000000000
19203 -401.0000000000
19262 -400.0000000000
19284 -399.0000000000
19299 -398.0000000000
19305 -395.0000000000
19382 -392.0000000000
19394 -391.0000000000
19468 -390.0000000000
19485 -388.0000000000
19546 -385.0000000000
19569 -384.0000000000
19629 -383.0000000000
19630 -382.0000000000
19656 -380.0000000000
19725 -379.0000000000
19731 -377.0000000000
19764 -376.0000000000
19770 -375.0000000000
19840 -374.0000000000
19853 -372.0000000000
19884 -371.0000000000
19911 -370.0000000000
19947 -368.0000000000
19962 -367.0000000000
20033 -366.0000000000
20036 -364.0000000000
20045 -363.0000000000
20069 -362.0000000000
20081 -361.0000000000
20139 -360.0000000000
20157 -358.0000000000
20171 -357.0000000000
20224 -355.0000000000
20246 -354.0000000000
20288 -353.0000000000
20300 -352.0000000000
20348 -351.0000000000
20361 -350.0000000000
20405 -347.0000000000
20446 -346.0000000000
20482 -345.0000000000
20506 -344.0000000000
20519 -342.0000000000
20555 -341.0000000000
20583 -340.0000000000
20599 -338.0000000000
20665 -334.0000000000
20727 -331.0000000000
20756 -330.0000000000
20768 -329.0000000000
20822 -328.0000000000
20899 -327.0000000000
20938 -326.0000000000
20951 -325.0000000000
20979 -324.0000000000
20987 -323.0000000000
21029 -322.0000000000
21094 -321.0000000000
21100 -320.0000000000
21136 -319.0000000000
21165 -318.0000000000
21187 -317.0000000000
21220 -316.0000000000
21231 -315.0000000000
21242 -314.0000000000
21277 -313.0000000000
21302 -312.0000000000
21324 -310.0000000000
21342 -309.0000000000
21388 -308.0000000000
21413 -305.0000000000
21484 -304.0000000000
21526 -303.0000000000
21542 -302.0000000000
21576 -300.0000000000
21618 -299.0000000000
21632 -298.0000000000
21651 -297.0000000000
21720 -296.0000000000
21721 -295.0000000000
21779 -294.0000000000
21783 -292.0000000000
21812 -291.0000000000
21863 -290.0000000000
21875 -288.0000000000
21953 -287.0000000000
21998 -285.0000000000
22029 -284.0000000000
22039 -283.0000000000
22065 -282.0000000000
22075 -281.0000000000
22122 -280.0000000000
22156 -279.0000000000
22202 -278.0000000000
22231 -277.0000000000
22244 -276.0000000000
22287 -273.0000000000
22344 -272.0000000000
22372 -270.0000000000
22387 -269.0000000000
22465 -268.0000000000
22485 -267.0000000000
22500 -266.0000000000
22522 -265.0000000000
22566 -262.0000000000
22621 -261.0000000000
22661 -260.0000000000
22688 -259.0000000000
22691 -258.0000000000
22708 -257.0000000000
22749 -256.0000000000
22787 -255.0000000000
22808 -254.0000000000
22858 -253.0000000000
22885 -252.0000000000
22951 -250.0000000000
22970 -249.0000000000
22993 -248.0000000000
23012 -246.0000000000
23073 -245.0000000000
23113 -243.0000000000
23174 -242.0000000000
23204 -240.0000000000
23255 -239.0000000000
23311 -238.0000000000
23344 -236.0000000000
23374 -235.0000000000
23401 -234.0000000000
23428 -232.0000000000
23443 -231.0000000000
23540 -230.0000000000
23541 -228.0000000000
23584 -227.0000000000
23609 -226.0000000000
23649 -225.0000000000
23672 -223.0000000000
23765 -220.0000000000
23844 -219.0000000000
23890 -218.0000000000
23918 -217.0000000000
23942 -215.0000000000
23993 -213.0000000000
24075 -212.0000000000
24150 -210.0000000000
24185 -209.0000000000
24201 -208.0000000000
24229 -207.0000000000
24301 -206.0000000000
24370 -205.0000000000
24404 -204.0000000000
24407 -203.0000000000
24483 -202.0000000000
24493 -201.0000000000
24501 -200.0000000000
24516 -199.0000000000
24564 -197.0000000000
24586 -196.0000000000
24611 -195.0000000000
24624 -194.0000000000
24682 -192.0000000000
24702 -191.0000000000
24762 -188.0000000000
24827 -187.0000000000
24848 -185.0000000000
24927 -184.0000000000
24956 -182.0000000000
25039 -180.0000000000
25081 -178.0000000000
25149 -176.0000000000
25264 -175.0000000000
25312 -174.0000000000
25360 -172.0000000000
25410 -170.0000000000
25457 -168.0000000000
25510 -167.0000000000
25597 -166.0000000000
25622 -165.0000000000
25695 -163.0000000000
25744 -162.0000000000
25747 -161.0000000000
25765 -160.0000000000
25783 -159.0000000000
25858 -158.0000000000
25901 -157.0000000000
25983 -155.0000000000
26049 -154.0000000000
26101 -153.0000000000
26125 -152.0000000000
26160 -151.0000000000
26198 -150.0000000000
26241 -149.0000000000
26245 -148.0000000000
26282 -146.0000000000
26349 -145.0000000000
26355 -144.0000000000
26383 -143.0000000000
26421 -142.0000000000
26455 -140.0000000000
26561 -139.0000000000
26576 -138.0000000000
26614 -137.0000000000
26682 -136.0000000000
26692 -135.0000000000
26773 -133.0000000000
26813 -132.0000000000
26828 -131.0000000000
26882 -129.0000000000
26955 -128.0000000000
26981 -127.0000000000
27012 -126.0000000000
27042 -125.0000000000
27094 -123.0000000000
27185 -121.0000000000
27261 -119.0000000000
27293 -118.0000000000
27349 -117.0000000000
27391 -114.0000000000
27519 -113.0000000000
27558 -112.0000000000
27561 -111.0000000000
27606 -110.0000000000
27700 -109.0000000000
27705 -108.0000000000
27790 -106.0000000000
27848 -105.0000000000
27876 -104.0000000000
27944 -102.0000000000
27975 -101.0000000000
28062 -100.0000000000
28149 -99.0000000000
28201 -98.0000000000
28240 -97.0000000000
28287 -95.0000000000
28315 -94.0000000000
28361 -93.0000000000
28381 -92.0000000000
28416 -91.0000000000
28433 -89.0000000000
28490 -87.0000000000
28502 -86.0000000000
28568 -85.0000000000
28610 -84.0000000000
28647 -83.0000000000
28744 -82.0000000000
28774 -81.0000000000
28830 -80.0000000000
28907 -79.0000000000
28971 -78.0000000000
28997 -77.0000000000
29024 -75.0000000000
29118 -74.0000000000
29309 -72.0000000000
29389 -71.0000000000
29464 -70.0000000000
29499 -69.0000000000
29527 -68.0000000000
29546 -67.0000000000
29571 -66.0000000000
29625 -64.0000000000
29642 -63.0000000000
29758 -62.0000000000
29791 -61.0000000000
29870 -60.0000000000
29940 -59.0000000000
29943 -58.0000000000
30001 -56.0000000000
30127 -55.0000000000
30161 -54.0000000000
30183 -51.0000000000
30231 -48.0000000000
30321 -47.0000000000
30370 -46.0000000000
30395 -45.0000000000
30424 -44.0000000000
30514 -43.0000000000
30620 -42.0000000000
30625 -41.0000000000
30786 -40.0000000000
30895 -39.0000000000
30965 -38.0000000000
31091 -36.0000000000
31234 -35.0000000000
31271 -34.0000000000
31321 -33.0000000000
31365 -32.0000000000
31422 -31.0000000000
31449 -30.0000000000
31524 -29.0000000000
31616 -28.0000000000
31662 -27.0000000000
31764 -26.0000000000
31841 -25.0000000000
31842 -24.0000000000
31910 -23.0000000000
31958 -22.0000000000
32061 -21.0000000000
32081 -20.0000000000
32108 -18.0000000000
32243 -17.0000000000
32249 -16.0000000000
32295 -15.0000000000
32383 -14.0000000000
32465 -13.0000000000
32479 -12.0000000000
32534 -11.0000000000
32635 -10.0000000000
32729 -8.0000000000
32849 -6.0000000000
32935 -4.0000000000
33088 -2.0000000000
33201 614.0400000000
33301 618.4200000000
33304 653.2700000000
33654 660.6500000000
33801 663.7600000000
33860 675.1600000000
34046 677.8100000000
34052 681.7000000000
34096 686.9300000000
34432 689.1000000000
34710 691.0500000000
34984 692.0600000000
35022 695.6300000000
35049 696.6900000000
35467 697.1100000000
36059 762.6500000000
36067 763.8600000000
36122 765.4100000000
36124 773.2600000000
36140 781.8600000000
36196 795.1900000000
36643 798.9100000000
36782 808.7800000000
36794 810.5100000000
37123 813.3800000000
37248 829.7500000000
40148 881.5000000000
40294 898.9000000000
41080 900.3700000000
41144 903.9000000000
41512 904.5000000000
42063 918.8900000000
42113 950.6700000000
42226 954.7200000000
42233 956.2100000000
42262 961.5000000000
42517 965.3400000000
42521 981.2000000000
42719 1031.7800000000
42879 1043.5500000000
42995 1048.2000000000
43250 1053.7400000000
43748 1055.5900000000
44327 1058.0400000000
44610 1062.9500000000
44632 1063.6400000000
44655 1065.1100000000
44783 1068.1300000000
44811 1070.2000000000
45542 1073.2500000000
45712 1076.4800000000
47028 1076.9000000000
47162 1077.8900000000
47204 1083.7800000000
47599 1088.3000000000
47970 1091.6800000000
48357 1099.4600000000
48788 1100.6300000000
52728 1106.1200000000
56147 1106.4200000000
61057 1162.4000000000
61124 1164.7400000000
61132 1171.7000000000
61164 1184.8600000000
61205 1185.2300000000
61293 1185.3900000000
61294 1186.7600000000
61333 1189.9400000000
62401 1192.1600000000
62432 1192.7500000000
62466 1194.1500000000
62559 1195.9000000000
62569 1199.4500000000
62624 1202.8500000000
62766 1204.0200000000
62930 1205.4600000000
62931 1205.9300000000
63169 1213.3400000000
63257 1214.3800000000
63832 1217.9900000000
64476 1223.2200000000
75855 1225.4700000000
77797 1225.8800000000
79504 1228.6900000000
82235 1235.8600000000
83817 1241.4800000000
84988 1241.9100000000
85730 1245.0200000000
87968 1249.8400000000
95475 1250.3700000000
97407 1253.5400000000
100000 -1.0000000000
evaluations raw_y
1 -1937.0000000000
2 -1862.0000000000
29 -1861.0000000000
36 -1852.0000000000
41 -1833.0000000000
56 -1804.0000000000
91 -1801.0000000000
96 -1800.0000000000
106 -1790.0000000000
111 -1770.0000000000
159 -1755.0000000000
165 -1748.0000000000
181 -1733.0000000000
242 -1725.0000000000
260 -1717.0000000000
289 -1711.0000000000
305 -1696.0000000000
351 -1693.0000000000
365 -1691.0000000000
373 -1688.0000000000
386 -1687.0000000000
388 -1684.0000000000
390 -1672.0000000000
426 -1671.0000000000
448 -1669.0000000000
469 -1666.0000000000
488 -1665.0000000000
509 -1663.0000000000
510 -1662.0000000000
512 -1657.0000000000
536 -1654.0000000000
559 -1653.0000000000
581 -1651.0000000000
595 -1649.0000000000
607 -1648.0000000000
613 -1647.0000000000
621 -1645.0000000000
623 -1643.0000000000
641 -1641.0000000000
683 -1632.0000000000
767 -1630.0000000000
771 -1628.0000000000
790 -1627.0000000000
802 -1626.0000000000
807 -1624.0000000000
819 -1623.0000000000
843 -1621.0000000000
848 -1619.0000000000
867 -1618.0000000000
883 -1616.0000000000
910 -1614.0000000000
922 -1613.0000000000
943 -1611.0000000000
947 -1610.0000000000
964 -1609.0000000000
979 -1606.0000000000
1010 -1605.0000000000
1030 -1603.0000000000
1043 -1601.0000000000
1070 -1599.0000000000
1091 -1595.0000000000
1102 -1594.0000000000
1146 -1592.0000000000
1147 -1591.0000000000
1150 -1590.0000000000
1163 -1587.0000000000
1219 -1584.0000000000
1230 -1583.0000000000
1267 -1582.0000000000
1272 -1578.0000000000
1293 -1576.0000000000
1322 -1574.0000000000
1341 -1573.0000000000
1353 -1572.0000000000
1365 -1571.0000000000
1393 -1570.0000000000
1404 -1567.0000000000
1442 -1565.0000000000
1461 -1563.0000000000
1477 -1562.0000000000
1489 -1561.0000000000
1496 -1560.0000000000
1502 -1558.0000000000
1556 -1557.0000000000
1561 -1556.0000000000
1567 -1548.0000000000
1622 -1547.0000000000
1631 -1546.0000000000
1641 -1544.0000000000
1668 -1543.0000000000
1689 -1541.0000000000
1700 -1540.0000000000
1702 -1539.0000000000
1742 -1536.0000000000
1743 -1535.0000000000
1766 -1532.0000000000
1793 -1529.0000000000
1814 -1527.0000000000
1824 -1525.0000000000
1854 -1524.0000000000
1884 -1523.0000000000
1913 -1517.0000000000
1948 -1516.0000000000
1970 -1515.0000000000
1993 -1511.0000000000
2011 -1510.0000000000
2014 -1507.0000000000
2042 -1504.0000000000
2064 -1502.0000000000
2124 -1501.0000000000
2126 -1497.0000000000
2163 -1494.0000000000
2204 -1493.0000000000
2225 -1492.0000000000
2230 -1490.0000000000
2232 -1489.0000000000
2289 -1484.0000000000
2312 -1480.0000000000
2375 -1478.0000000000
2418 -1477.0000000000
2421 -1476.0000000000
2447 -1475.0000000000
2466 -1474.0000000000
2468 -1473.0000000000
2496 -1470.0000000000
2503 -1467.0000000000
2528 -1464.0000000000
2544 -1462.0000000000
2572 -1460.0000000000
2622 -1457.0000000000
2641 -1456.0000000000
2645 -1455.0000000000
2646 -1454.0000000000
2673 -1452.0000000000
2703 -1451.0000000000
2722 -1450.0000000000
2723 -1449.0000000000
2725 -1448.0000000000
2741 -1446.0000000000
2742 -1443.0000000000
2764 -1442.0000000000
2778 -1441.0000000000
2809 -1440.0000000000
2826 -1437.0000000000
2841 -1435.0000000000
2866 -1433.0000000000
2879 -1432.0000000000
2895 -1430.0000000000
2907 -1429.0000000000
2942 -1427.0000000000
2956 -1426.0000000000
2975 -1425.0000000000
2976 -1422.0000000000
3004 -1421.0000000000
3007 -1420.0000000000
3009 -1418.0000000000
3027 -1417.0000000000
3038 -1415.0000000000
3041 -1414.0000000000
3048 -1413.0000000000
3051 -1412.0000000000
3074 -1411.0000000000
3081 -1410.0000000000
3103 -1409.0000000000
3125 -1405.0000000000
3163 -1404.0000000000
3186 -1403.0000000000
3225 -1399.0000000000
3251 -1396.0000000000
3263 -1394.0000000000
3313 -1393.0000000000
3331 -1392.0000000000
3347 -1391.0000000000
3370 -1390.0000000000
3373 -1389.0000000000
3392 -1388.0000000000
3395 -1386.0000000000
3425 -1382.0000000000
3469 -1381.0000000000
3503 -1379.0000000000
3505 -1378.0000000000
3526 -1377.0000000000
3550 -1376.0000000000
3562 -1375.0000000000
3566 -1373.0000000000
3582 -1371.0000000000
3603 -1368.0000000000
3608 -1367.0000000000
3628 -1365.0000000000
3630 -1363.0000000000
3672 -1361.0000000000
3687 -1355.0000000000
3711 -1354.0000000000
3727 -1353.0000000000
3745 -1352.0000000000
3749 -1351.0000000000
3770 -1350.0000000000
3784 -1349.0000000000
3807 -1348.0000000000
3810 -1347.0000000000
3824 -1345.0000000000
3828 -1343.0000000000
3854 -1342.0000000000
3868 -1341.0000000000
3882 -1337.0000000000
3906 -1336.0000000000
3914 -1334.0000000000
3957 -1333.0000000000
3993 -1332.0000000000
4014 -1329.0000000000
4032 -1327.0000000000
4058 -1326.0000000000
4068 -1325.0000000000
4085 -1324.0000000000
4087 -1323.0000000000
4126 -1322.0000000000
4139 -1319.0000000000
4144 -1317.0000000000
4196 -1315.0000000000
4221 -1313.0000000000
4231 -1311.0000000000
4255 -1310.0000000000
4259 -1309.0000000000
4262 -1307.0000000000
4278 -1306.0000000000
4306 -1305.0000000000
4315 -1304.0000000000
4322 -1302.0000000000
4363 -1301.0000000000
4376 -1299.0000000000
4381 -1298.0000000000
4400 -1296.0000000000
4416 -1295.0000000000
4419 -1294.0000000000
4432 -1293.0000000000
4436 -1291.0000000000
4475 -1289.0000000000
4479 -1288.0000000000
4482 -1287.0000000000
4497 -1286.0000000000
4510 -1285.0000000000
4535 -1284.0000000000
4541 -1283.0000000000
4542 -1282.0000000000
4546 -1281.0000000000
4581 -1280.0000000000
4593 -1277.0000000000
4597 -1275.0000000000
4625 -1273.0000000000
4650 -1271.0000000000
4654 -1269.0000000000
4678 -1268.0000000000
4682 -1267.0000000000
4725 -1266.0000000000
4734 -1265.0000000000
4735 -1264.0000000000
4739 -1262.0000000000
4763 -1260.0000000000
4784 -1258.0000000000
4814 -1257.0000000000
4828 -1256.0000000000
4856 -1255.0000000000
4861 -1254.0000000000
4885 -1253.0000000000
4907 -1250.0000000000
4942 -1249.0000000000
4949 -1248.0000000000
4969 -1247.0000000000
4984 -1246.0000000000
5003 -1245.0000000000
5014 -1243.0000000000
5041 -1242.0000000000
5060 -1240.0000000000
5072 -1239.0000000000
5105 -1238.0000000000
5106 -1236.0000000000
5108 -1235.0000000000
5149 -1232.0000000000
5173 -1231.0000000000
5177 -1230.0000000000
5194 -1227.0000000000
5215 -1224.0000000000
5303 -1223.0000000000
5318 -1222.0000000000
5325 -1221.0000000000
5331 -1220.0000000000
5348 -1218.0000000000
5378 -1214.0000000000
5421 -1213.0000000000
5446 -1211.0000000000
5461 -1210.0000000000
5474 -1209.0000000000
5495 -1208.0000000000
5504 -1206.0000000000
5531 -1205.0000000000
5554 -1204.0000000000
5573 -1203.0000000000
5606 -1202.0000000000
5629 -1197.0000000000
5674 -1196.0000000000
5681 -1195.0000000000
5714 -1194.0000000000
5742 -1192.0000000000
5777 -1191.0000000000
5792 -1190.0000000000
5813 -1187.0000000000
5841 -1186.0000000000
5858 -1185.0000000000
5872 -1184.0000000000
5916 -1183.0000000000
5922 -1179.0000000000
5968 -1178.0000000000
5989 -1175.0000000000
6013 -1173.0000000000
6066 -1172.0000000000
6074 -1171.0000000000
6082 -1168.0000000000
6124 -1167.0000000000
6146 -1166.0000000000
6162 -1162.0000000000
6243 -1161.0000000000
6245 -1159.0000000000
6264 -1158.0000000000
6275 -1157.0000000000
6290 -1156.0000000000
6324 -1152.0000000000
6385 -1151.0000000000
6426 -1148.0000000000
6458 -1146.0000000000
6463 -1145.0000000000
6499 -1142.0000000000
6506 -1141.0000000000
6524 -1140.0000000000
6555 -1139.0000000000
6582 -1135.0000000000
6621 -1134.0000000000
6630 -1132.0000000000
6647 -1131.0000000000
6661 -1129.0000000000
6702 -1124.0000000000
6715 -1123.0000000000
6749 -1122.0000000000
6772 -1120.0000000000
6799 -1117.0000000000
6811 -1115.0000000000
6844 -1114.0000000000
6861 -1112.0000000000
6897 -1111.0000000000
6906 -1110.0000000000
6937 -1108.0000000000
6942 -1106.0000000000
6965 -1105.0000000000
6973 -1104.0000000000
7018 -1100.0000000000
7042 -1099.0000000000
7069 -1098.0000000000
7096 -1097.0000000000
7100 -1094.0000000000
7124 -1093.0000000000
7141 -1092.0000000000
7148 -1090.0000000000
7182 -1088.0000000000
7226 -1086.0000000000
7255 -1085.0000000000
7296 -1084.0000000000
7302 -1082.0000000000
7341 -1080.0000000000
7386 -1079.0000000000
7405 -1076.0000000000
7434 -1075.0000000000
7443 -1071.0000000000
7480 -1070.0000000000
7484 -1069.0000000000
7501 -1068.0000000000
7530 -1066.0000000000
7534 -1065.0000000000
7541 -1064.0000000000
7567 -1062.0000000000
7589 -1059.0000000000
7631 -1058.0000000000
7642 -1057.0000000000
7645 -1056.0000000000
7682 -1055.0000000000
7725 -1054.0000000000
7745 -1053.0000000000
7748 -1052.0000000000
7762 -1051.0000000000
7801 -1049.0000000000
7815 -1048.0000000000
7855 -1047.0000000000
7858 -1046.0000000000
7881 -1045.0000000000
7894 -1044.0000000000
7898 -1043.0000000000
7911 -1042.0000000000
7921 -1038.0000000000
7969 -1036.0000000000
7977 -1035.0000000000
7988 -1033.0000000000
8026 -1032.0000000000
8027 -1029.0000000000
8043 -1026.0000000000
8082 -1024.0000000000
8106 -1023.0000000000
8122 -1020.0000000000
8157 -1018.0000000000
8181 -1017.0000000000
8201 -1013.0000000000
8261 -1012.0000000000
8286 -1010.0000000000
8315 -1009.0000000000
8324 -1008.0000000000
8341 -1006.0000000000
8374 -1005.0000000000
8396 -1004.0000000000
8415 -1003.0000000000
8425 -1002.0000000000
8430 -1000.0000000000
8446 -999.0000000000
8469 -997.0000000000
8499 -996.0000000000
8514 -994.0000000000
8522 -993.0000000000
8554 -991.0000000000
8555 -989.0000000000
8584 -988.0000000000
8601 -987.0000000000
8602 -985.0000000000
8663 -982.0000000000
8686 -979.0000000000
8704 -977.0000000000
8742 -976.0000000000
8784 -975.0000000000
8788 -974.0000000000
8803 -972.0000000000
8837 -970.0000000000
8873 -969.0000000000
8891 -966.0000000000
8912 -965.0000000000
8923 -964.0000000000
8944 -962.0000000000
8967 -961.0000000000
9002 -960.0000000000
9024 -959.0000000000
9048 -957.0000000000
9079 -956.0000000000
9082 -952.0000000000
9122 -951.0000000000
9173 -949.0000000000
9181 -947.0000000000
9210 -946.0000000000
9223 -941.0000000000
9291 -940.0000000000
9309 -939.0000000000
9310 -938.0000000000
9340 -937.0000000000
9386 -935.0000000000
9404 -934.0000000000
9428 -931.0000000000
9447 -930.0000000000
9475 -928.0000000000
9516 -927.0000000000
9528 -926.0000000000
9543 -923.0000000000
9552 -921.0000000000
9585 -920.0000000000
9606 -919.0000000000
9626 -918.0000000000
9657 -917.0000000000
9675 -916.0000000000
9704 -915.0000000000
9719 -914.0000000000
9727 -913.0000000000
9745 -912.0000000000
9756 -910.0000000000
9764 -909.0000000000
9785 -908.0000000000
9806 -907.0000000000
9832 -906.0000000000
9850 -905.0000000000
9877 -904.0000000000
9882 -903.0000000000
9894 -902.0000000000
9924 -901.0000000000
9942 -899.0000000000
9986 -898.0000000000
10003 -896.0000000000
10031 -895.0000000000
10041 -893.0000000000
10079 -892.0000000000
10084 -891.0000000000
10108 -890.0000000000
10113 -889.0000000000
10129 -888.0000000000
10155 -887.0000000000
10166 -886.0000000000
10181 -885.0000000000
10203 -883.0000000000
10225 -882.0000000000
10268 -881.0000000000
10286 -880.0000000000
10303 -879.0000000000
10330 -878.0000000000
10337 -876.0000000000
10364 -875.0000000000
10381 -872.0000000000
10402 -871.0000000000
10423 -869.0000000000
10427 -867.0000000000
10464 -865.0000000000
10483 -863.0000000000
10502 -862.0000000000
10520 -861.0000000000
10521 -860.0000000000
10541 -858.0000000000
10580 -855.0000000000
10609 -854.0000000000
10637 -853.0000000000
10646 -852.0000000000
10656 -851.0000000000
10672 -850.0000000000
10679 -849.0000000000
10705 -848.0000000000
10743 -846.0000000000
10747 -845.0000000000
10766 -842.0000000000
10806 -841.0000000000
10842 -840.0000000000
10849 -839.0000000000
10869 -836.0000000000
10906 -835.0000000000
10915 -834.0000000000
10933 -833.0000000000
10953 -831.0000000000
10971 -830.0000000000
10992 -829.0000000000
11009 -825.0000000000
11035 -824.0000000000
11042 -823.0000000000
11097 -822.0000000000
11106 -819.0000000000
11122 -818.0000000000
11165 -816.0000000000
11198 -815.0000000000
11211 -814.0000000000
11238 -813.0000000000
11248 -812.0000000000
11273 -811.0000000000
11304 -809.0000000000
11358 -808.0000000000
11384 -807.0000000000
11402 -806.0000000000
11424 -805.0000000000
11438 -804.0000000000
11484 -803.0000000000
11504 -802.0000000000
11532 -800.0000000000
11557 -798.0000000000
11589 -797.0000000000
11658 -796.0000000000
11660 -795.0000000000
11700 -792.0000000000
11721 -791.0000000000
11763 -788.0000000000
11799 -787.0000000000
11807 -786.0000000000
11837 -784.0000000000
11841 -782.0000000000
11928 -781.0000000000
11935 -780.0000000000
11959 -779.0000000000
11965 -778.0000000000
11987 -777.0000000000
12008 -776.0000000000
12015 -775.0000000000
12050 -773.0000000000
12090 -771.0000000000
12119 -770.0000000000
12130 -769.0000000000
12165 -765.0000000000
12212 -763.0000000000
12225 -761.0000000000
12269 -760.0000000000
12308 -759.0000000000
12325 -758.0000000000
12335 -757.0000000000
12357 -756.0000000000
12370 -751.0000000000
12425 -749.0000000000
12446 -748.0000000000
12464 -747.0000000000
12487 -745.0000000000
12510 -744.0000000000
12525 -742.0000000000
12547 -741.0000000000
12589 -740.0000000000
12620 -739.0000000000
12625 -737.0000000000
12665 -736.0000000000
12706 -735.0000000000
12729 -733.0000000000
12759 -731.0000000000
12787 -730.0000000000
12812 -728.0000000000
12851 -726.0000000000
12867 -725.0000000000
12913 -724.0000000000
12915 -723.0000000000
12925 -721.0000000000
12952 -720.0000000000
12988 -719.0000000000
13002 -718.0000000000
13022 -717.0000000000
13051 -715.0000000000
13052 -713.0000000000
13102 -712.0000000000
13114 -709.0000000000
13190 -706.0000000000
13238 -705.0000000000
13264 -704.0000000000
13310 -703.0000000000
13318 -700.0000000000
13364 -698.0000000000
13421 -696.0000000000
13460 -695.0000000000
13463 -694.0000000000
13473 -693.0000000000
13486 -692.0000000000
13505 -691.0000000000
13554 -689.0000000000
13571 -688.0000000000
13601 -685.0000000000
13611 -683.0000000000
13663 -682.0000000000
13696 -681.0000000000
13701 -680.0000000000
13721 -679.0000000000
13736 -675.0000000000
13793 -674.0000000000
13795 -672.0000000000
13868 -669.0000000000
13876 -668.0000000000
13910 -667.0000000000
13921 -666.0000000000
13923 -664.0000000000
13946 -662.0000000000
13974 -660.0000000000
14015 -658.0000000000
14040 -657.0000000000
14054 -654.0000000000
14076 -653.0000000000
14081 -652.0000000000
14094 -651.0000000000
14114 -650.0000000000
14125 -649.0000000000
14147 -648.0000000000
14194 -646.0000000000
14201 -645.0000000000
14225 -643.0000000000
14282 -640.0000000000
14310 -639.0000000000
14329 -638.0000000000
14361 -637.0000000000
14393 -635.0000000000
14410 -634.0000000000
14414 -633.0000000000
14442 -632.0000000000
14475 -631.0000000000
14498 -630.0000000000
14540 -625.0000000000
14588 -623.0000000000
14661 -622.0000000000
14669 -621.0000000000
14681 -618.0000000000
14722 -617.0000000000
14749 -616.0000000000
14792 -615.0000000000
14829 -611.0000000000
14845 -610.0000000000
14875 -609.0000000000
14884 -608.0000000000
14913 -607.0000000000
14947 -606.0000000000
14983 -605.0000000000
15013 -603.0000000000
15040 -600.0000000000
15068 -598.0000000000
15126 -597.0000000000
15161 -596.0000000000
15193 -595.0000000000
15203 -593.0000000000
15253 -591.0000000000
15288 -590.0000000000
15324 -589.0000000000
15346 -587.0000000000
15361 -583.0000000000
15407 -582.0000000000
15458 -581.0000000000
15468 -580.0000000000
15471 -578.0000000000
15497 -574.0000000000
15534 -573.0000000000
15555 -572.0000000000
15626 -570.0000000000
15650 -569.0000000000
15663 -567.0000000000
15684 -564.0000000000
15724 -562.0000000000
15763 -561.0000000000
15786 -559.0000000000
15853 -558.0000000000
15863 -557.0000000000
15871 -556.0000000000
15888 -555.0000000000
15922 -554.0000000000
15930 -553.0000000000
15946 -551.0000000000
15992 -548.0000000000
16057 -547.0000000000
16060 -546.0000000000
16069 -545.0000000000
16112 -543.0000000000
16138 -542.0000000000
16179 -541.0000000000
16186 -540.0000000000
16221 -539.0000000000
16235 -538.0000000000
16292 -537.0000000000
16299 -536.0000000000
16311 -534.0000000000
16348 -533.0000000000
16363 -531.0000000000
16402 -530.0000000000
16403 -529.0000000000
16438 -528.0000000000
16446 -525.0000000000
16461 -524.0000000000
16527 -522.0000000000
16562 -521.0000000000
16568 -519.0000000000
16589 -518.0000000000
16596 -515.0000000000
16626 -514.0000000000
16653 -513.0000000000
16660 -512.0000000000
16704 -511.0000000000
16710 -510.0000000000
16762 -509.0000000000
16779 -508.0000000000
16801 -506.0000000000
16822 -505.0000000000
16843 -503.0000000000
16878 -502.0000000000
16887 -500.0000000000
16919 -499.0000000000
16933 -498.0000000000
16955 -496.0000000000
17031 -495.0000000000
17066 -494.0000000000
17081 -492.0000000000
17106 -491.0000000000
17124 -489.0000000000
17191 -487.0000000000
17215 -486.0000000000
17241 -485.0000000000
17262 -484.0000000000
17271 -483.0000000000
17313 -482.0000000000
17352 -481.0000000000
17357 -480.0000000000
17398 -477.0000000000
17444 -474.0000000000
17483 -471.0000000000
17522 -470.0000000000
17570 -469.0000000000
17586 -468.0000000000
17599 -467.0000000000
17604 -463.0000000000
17702 -462.0000000000
17715 -460.0000000000
17779 -459.0000000000
17826 -458.0000000000
17831 -457.0000000000
17841 -456.0000000000
17872 -454.0000000000
17921 -453.0000000000
17924 -452.0000000000
17945 -450.0000000000
17970 -449.0000000000
18023 -448.0000000000
18069 -446.0000000000
18104 -445.0000000000
18121 -444.0000000000
18166 -443.0000000000
18167 -442.0000000000
18194 -440.0000000000
18220 -439.0000000000
18270 -437.0000000000
18295 -436.0000000000
18313 -434.0000000000
18330 -432.0000000000
18384 -430.0000000000
18421 -429.0000000000
18430 -427.0000000000
18463 -426.0000000000
18478 -425.0000000000
18502 -424.0000000000
18505 -422.0000000000
18576 -421.0000000000
18580 -418.0000000000
18587 -413.0000000000
18698 -411.0000000000
18752 -410.0000000000
18759 -408.0000000000
18803 -407.0000000000
18818 -406.0000000000
18888 -404.0000000000
18913 -403.0000000000
18923 -401.0000000000
18982 -400.0000000000
19006 -399.0000000000
19018 -397.0000000000
19077 -395.0000000000
19103 -394.0000000000
19130 -393.0000000000
19170 -391.0000000000
19195 -390.0000000000
19222 -388.0000000000
19265 -385.0000000000
19346 -383.0000000000
19376 -381.0000000000
19402 -379.0000000000
19416 -378.0000000000
19436 -377.0000000000
19464 -376.0000000000
19483 -375.0000000000
19546 -374.0000000000
19566 -372.0000000000
19605 -371.0000000000
19624 -370.0000000000
19643 -369.0000000000
19706 -368.0000000000
19714 -367.0000000000
19778 -366.0000000000
19796 -365.0000000000
19802 -362.0000000000
19813 -361.0000000000
19871 -360.0000000000
19908 -357.0000000000
19942 -356.0000000000
19996 -355.0000000000
20013 -353.0000000000
20065 -350.0000000000
20123 -348.0000000000
20167 -345.0000000000
20199 -344.0000000000
20276 -343.0000000000
20280 -342.0000000000
20295 -341.0000000000
20324 -340.0000000000
20352 -339.0000000000
20389 -338.0000000000
20414 -337.0000000000
20448 -335.0000000000
20523 -333.0000000000
20570 -332.0000000000
20608 -331.0000000000
20659 -328.0000000000
20707 -327.0000000000
20734 -326.0000000000
20773 -324.0000000000
20854 -323.0000000000
20883 -319.0000000000
20927 -317.0000000000
21108 -316.0000000000
21148 -315.0000000000
21150 -313.0000000000
21243 -312.0000000000
21245 -311.0000000000
21299 -307.0000000000
21336 -306.0000000000
21350 -305.0000000000
21407 -304.0000000000
21409 -303.0000000000
21473 -302.0000000000
21510 -301.0000000000
21524 -300.0000000000
21582 -298.0000000000
21610 -297.0000000000
21635 -295.0000000000
21664 -294.0000000000
21699 -293.0000000000
21713 -292.0000000000
21777 -291.0000000000
21803 -290.0000000000
21832 -288.0000000000
21881 -287.0000000000
21915 -285.0000000000
21929 -284.0000000000
21963 -283.0000000000
22033 -280.0000000000
22060 -279.0000000000
22062 -278.0000000000
22121 -276.0000000000
22161 -275.0000000000
22170 -272.0000000000
22254 -271.0000000000
22294 -270.0000000000
22321 -269.0000000000
22417 -268.0000000000
22432 -267.0000000000
22446 -266.0000000000
22476 -265.0000000000
22493 -264.0000000000
22546 -263.0000000000
22549 -260.0000000000
22605 -258.0000000000
22691 -256.0000000000
22723 -255.0000000000
22735 -254.0000000000
22745 -253.0000000000
22781 -252.0000000000
22783 -251.0000000000
22806 -250.0000000000
22834 -249.0000000000
22862 -247.0000000000
22978 -246.0000000000
23004 -245.0000000000
23023 -244.0000000000
23034 -243.0000000000
23148 -242.0000000000
23206 -241.0000000000
23266 -240.0000000000
23288 -239.0000000000
23305 -234.0000000000
23432 -233.0000000000
23450 -232.0000000000
23538 -231.0000000000
23585 -230.0000000000
23631 -229.0000000000
23687 -227.0000000000
23701 -226.0000000000
23737 -225.0000000000
23755 -224.0000000000
23804 -223.0000000000
23851 -222.0000000000
23858 -221.0000000000
23859 -220.0000000000
23861 -219.0000000000
23944 -217.0000000000
23960 -216.0000000000
24004 -215.0000000000
24016 -214.0000000000
24062 -213.0000000000
24084 -212.0000000000
24111 -211.0000000000
24201 -210.0000000000
24231 -208.0000000000
24255 -207.0000000000
24315 -206.0000000000
24338 -205.0000000000
24380 -204.0000000000
24393 -203.0000000000
24419 -202.0000000000
24485 -200.0000000000
24498 -199.0000000000
24530 -197.0000000000
24617 -196.0000000000
24675 -195.0000000000
24720 -194.0000000000
24742 -193.0000000000
24765 -192.0000000000
24830 -191.0000000000
24860 -190.0000000000
24924 -187.0000000000
24959 -186.0000000000
25070 -185.0000000000
25098 -184.0000000000
25131 -183.0000000000
25183 -181.0000000000
25217 -180.0000000000
25279 -179.0000000000
25283 -178.0000000000
25312 -177.0000000000
25319 -175.0000000000
25327 -174.0000000000
25385 -173.0000000000
25432 -172.0000000000
25488 -171.0000000000
25504 -170.0000000000
25524 -168.0000000000
25564 -167.0000000000
25622 -166.0000000000
25675 -165.0000000000
25683 -164.0000000000
25728 -162.0000000000
25858 -161.0000000000
25871 -160.0000000000
25919 -159.0000000000
25947 -157.0000000000
26026 -156.0000000000
26082 -155.0000000000
26122 -153.0000000000
26220 -152.0000000000
26227 -151.0000000000
26296 -150.0000000000
26340 -148.0000000000
26430 -147.0000000000
26453 -146.0000000000
26503 -145.0000000000
26546 -143.0000000000
26607 -142.0000000000
26661 -141.0000000000
26727 -140.0000000000
26732 -138.0000000000
26778 -136.0000000000
26880 -135.0000000000
26892 -134.0000000000
27013 -132.0000000000
27048 -131.0000000000
27054 -130.0000000000
27072 -129.0000000000
27164 -128.0000000000
27223 -127.0000000000
27224 -126.0000000000
27287 -125.0000000000
27363 -124.0000000000
27382 -123.0000000000
27428 -122.0000000000
27480 -121.0000000000
27520 -120.0000000000
27617 -118.0000000000
27669 -116.0000000000
27805 -115.0000000000
27845 -114.0000000000
27894 -112.0000000000
27968 -110.0000000000
28048 -109.0000000000
28113 -107.0000000000
28162 -105.0000000000
28213 -104.0000000000
28277 -103.0000000000
28307 -102.0000000000
28370 -101.0000000000
28423 -100.0000000000
28473 -99.0000000000
28520 -98.0000000000
28546 -97.0000000000
28563 -96.0000000000
28623 -95.0000000000
28644 -94.0000000000
28681 -93.0000000000
28689 -92.0000000000
28746 -91.0000000000
28813 -90.0000000000
28850 -89.0000000000
28900 -88.0000000000
28961 -87.0000000000
29050 -86.0000000000
29112 -85.0000000000
29164 -84.0000000000
29192 -81.0000000000
29303 -80.0000000000
29350 -79.0000000000
29375 -78.0000000000
29479 -77.0000000000
29552 -75.0000000000
29580 -74.0000000000
29752 -72.0000000000
29944 -71.0000000000
29968 -70.0000000000
30026 -68.0000000000
30155 -67.0000000000
30233 -66.0000000000
30250 -65.0000000000
30307 -64.0000000000
30318 -63.0000000000
30369 -61.0000000000
30469 -60.0000000000
30493 -59.0000000000
30537 -58.0000000000
30623 -57.0000000000
30742 -56.0000000000
30749 -55.0000000000
30846 -54.0000000000
30848 -53.0000000000
30868 -51.0000000000
31011 -50.0000000000
31085 -49.0000000000
31191 -47.0000000000
31245 -46.0000000000
31303 -45.0000000000
31336 -44.0000000000
31359 -41.0000000000
31393 -40.0000000000
31427 -39.0000000000
31535 -37.0000000000
31617 -35.0000000000
31686 -34.0000000000
31735 -33.0000000000
31778 -31.0000000000
31881 -30.0000000000
31903 -29.0000000000
31983 -28.0000000000
32001 -27.0000000000
32093 -26.0000000000
32220 -25.0000000000
32340 -24.0000000000
32409 -23.0000000000
32490 -21.0000000000
32548 -19.0000000000
32739 -17.0000000000
32880 -16.0000000000
32932 -15.0000000000
33065 -13.0000000000
33178 -12.0000000000
33246 -11.0000000000
33344 -10.0000000000
33346 -8.0000000000
33405 -7.0000000000
33471 -5.0000000000
33551 -4.0000000000
33578 -3.0000000000
33662 -2.0000000000
33687 -1.0000000000
33758 576.5500000000
33784 602.7900000000
33856 608.1200000000
33892 613.6200000000
34038 633.4900000000
34392 642.7900000000
35455 666.5600000000
35464 671.0400000000
35726 672.2000000000
35760 672.2400000000
35796 695.6400000000
35805 698.6700000000
35880 700.4500000000
35910 710.6900000000
35919 715.4600000000
35987 716.2700000000
36006 717.5300000000
36082 721.4500000000
36192 728.1000000000
36212 729.5800000000
36326 738.1200000000
36626 741.5400000000
37761 743.8600000000
37822 744.3300000000
37928 746.8400000000
37951 754.6000000000
38143 775.5900000000
39602 836.3500000000
39638 845.9400000000
39703 853.6300000000
39713 853.9800000000
39738 858.6600000000
39744 861.7900000000
39765 872.4900000000
40065 873.5300000000
40068 874.6800000000
40094 942.1500000000
40114 946.8500000000
40282 952.2900000000
40287 955.8700000000
40349 957.3200000000
40398 960.3200000000
40721 966.3400000000
41184 976.8300000000
42344 977.2600000000
42488 981.2700000000
42612 1054.4200000000
42745 1058.4800000000
42761 1069.9000000000
43291 1070.5600000000
43394 1073.7100000000
44733 1136.7800000000
44982 1142.9300000000
45208 1150.0400000000
46040 1151.3800000000
46573 1151.6500000000
46879 1154.9500000000
47094 1156.3000000000
47144 1157.2700000000
47595 1160.9200000000
49382 1161.4600000000
49394 1162.5500000000
49524 1177.8900000000
49960 1178.5800000000
51074 1179.8600000000
51192 1181.3500000000
51448 1182.4700000000
51490 1187.4300000000
51602 1193.5500000000
52574 1194.2100000000
55863 1194.2500000000
56576 1195.2100000000
57081 1199.9100000000
62120 1209.2300000000
82872 1217.5500000000
83156 1221.3000000000
83178 1227.1100000000
90141 1228.4900000000
91476 1229.0400000000
95411 1229.5900000000
97021 1229.8700000000
97440 1230.0200000000
99250 1231.1900000000
99278 1233.5800000000
99407 1235.3100000000
99515 1239.3600000000
99557 1241.4300000000
99918 1241.5900000000
100000 -1.0000000000
evaluations raw_y
1 -1886.0000000000
6 -1876.0000000000
10 -1826.0000000000
32 -1809.0000000000
60 -1796.0000000000
62 -1789.0000000000
85 -1788.0000000000
95 -1785.0000000000
116 -1767.0000000000
122 -1761.0000000000
162 -1757.0000000000
165 -1750.0000000000
176 -1742.0000000000
186 -1738.0000000000
202 -1736.0000000000
203 -1722.0000000000
235 -1720.0000000000
241 -1711.0000000000
258 -1703.0000000000
262 -1699.0000000000
281 -1688.0000000000
302 -1681.0000000000
322 -1675.0000000000
363 -1674.0000000000
372 -1672.0000000000
373 -1665.0000000000
381 -1657.0000000000
403 -1654.0000000000
422 -1653.0000000000
427 -1645.0000000000
469 -1638.0000000000
507 -1637.0000000000
515 -1635.0000000000
520 -1634.0000000000
534 -1633.0000000000
543 -1632.0000000000
547 -1628.0000000000
554 -1627.0000000000
561 -1624.0000000000
581 -1619.0000000000
616 -1617.0000000000
621 -1612.0000000000
644 -1609.0000000000
670 -1608.0000000000
699 -1606.0000000000
726 -1604.0000000000
766 -1601.0000000000
787 -1599.0000000000
792 -1598.0000000000
807 -1597.0000000000
836 -1596.0000000000
853 -1595.0000000000
867 -1593.0000000000
893 -1592.0000000000
894 -1591.0000000000
903 -1590.0000000000
931 -1585.0000000000
967 -1584.0000000000
973 -1583.0000000000
987 -1581.0000000000
1010 -1580.0000000000
1023 -1579.0000000000
1025 -1576.0000000000
1054 -1574.0000000000
1059 -1573.0000000000
1068 -1572.0000000000
1085 -1569.0000000000
1102 -1568.0000000000
1141 -1567.0000000000
1152 -1565.0000000000
1191 -1563.0000000000
1210 -1559.0000000000
1238 -1558.0000000000
1246 -1557.0000000000
1267 -1555.0000000000
1285 -1554.0000000000
1287 -1552.0000000000
1301 -1551.0000000000
1310 -1550.0000000000
1334 -1548.0000000000
1350 -1544.0000000000
1361 -1543.0000000000
1381 -1542.0000000000
1413 -1540.0000000000
1416 -1538.0000000000
1446 -1536.0000000000
1466 -1534.0000000000
1503 -1533.0000000000
1509 -1531.0000000000
1534 -1530.0000000000
1573 -1527.0000000000
1610 -1526.0000000000
1616 -1524.0000000000
1625 -1523.0000000000
1647 -1520.0000000000
1674 -1514.0000000000
1728 -1511.0000000000
1743 -1510.0000000000
1763 -1509.0000000000
1767 -1508.0000000000
1792 -1506.0000000000
1831 -1505.0000000000
1843 -1504.0000000000
1871 -1503.0000000000
1899 -1500.0000000000
1905 -1498.0000000000
1921 -1496.0000000000
1953 -1495.0000000000
1968 -1494.0000000000
1990 -1493.0000000000
2010 -1490.0000000000
2030 -1489.0000000000
2062 -1488.0000000000
2065 -1486.0000000000
2094 -1485.0000000000
2096 -1483.0000000000
2111 -1482.0000000000
2130 -1476.0000000000
2192 -1475.0000000000
2202 -1474.0000000000
2227 -1473.0000000000
2232 -1472.0000000000
2249 -1470.0000000000
2262 -1469.0000000000
2282 -1467.0000000000
2297 -1466.0000000000
2326 -1463.0000000000
2359 -1461.0000000000
2361 -1459.0000000000
2403 -1457.0000000000
2433 -1454.0000000000
2436 -1453.0000000000
2441 -1451.0000000000
2472 -1448.0000000000
2481 -1446.0000000000
2531 -1441.0000000000
2565 -1440.0000000000
2590 -1439.0000000000
2626 -1438.0000000000
2646 -1435.0000000000
2682 -1434.0000000000
2693 -1432.0000000000
2706 -1431.0000000000
2739 -1430.0000000000
2741 -1423.0000000000
2796 -1421.0000000000
2822 -1420.0000000000
2842 -1418.0000000000
2854 -1417.0000000000
2868 -1416.0000000000
2886 -1414.0000000000
2902 -1410.0000000000
2926 -1409.0000000000
2945 -1408.0000000000
2954 -1407.0000000000
2989 -1406.0000000000
3020 -1405.0000000000
3024 -1404.0000000000
3064 -1402.0000000000
3091 -1400.0000000000
3116 -1399.0000000000
3120 -1396.0000000000
3160 -1395.0000000000
3162 -1392.0000000000
3186 -1390.0000000000
3202 -1389.0000000000
3219 -1388.0000000000
3232 -1386.0000000000
3257 -1384.0000000000
3261 -1383.0000000000
3293 -1382.0000000000
3303 -1381.0000000000
3335 -1378.0000000000
3368 -1375.0000000000
3383 -1374.0000000000
3403 -1373.0000000000
3437 -1372.0000000000
3442 -1370.0000000000
3448 -1369.0000000000
3470 -1365.0000000000
3500 -1364.0000000000
3504 -1363.0000000000
3515 -1362.0000000000
3557 -1360.0000000000
3578 -1358.0000000000
3588 -1357.0000000000
3614 -1356.0000000000
3619 -1355.0000000000
3646 -1354.0000000000
3669 -1352.0000000000
3701 -1350.0000000000
3750 -1349.0000000000
3756 -1347.0000000000
3772 -1341.0000000000
3844 -1340.0000000000
3865 -1339.0000000000
3867 -1336.0000000000
3891 -1335.0000000000
3908 -1332.0000000000
3945 -1331.0000000000
3958 -1328.0000000000
3982 -1325.0000000000
4024 -1323.0000000000
4047 -1320.0000000000
4072 -1319.0000000000
4097 -1318.0000000000
4102 -1316.0000000000
4134 -1315.0000000000
4136 -1314.0000000000
4150 -1313.0000000000
4157 -1312.0000000000
4169 -1310.0000000000
4178 -1309.0000000000
4183 -1308.0000000000
4197 -1307.0000000000
4204 -1306.0000000000
4228 -1301.0000000000
4286 -1300.0000000000
4287 -1299.0000000000
4289 -1298.0000000000
4308 -1294.0000000000
4360 -1293.0000000000
4367 -1291.0000000000
4392 -1289.0000000000
4423 -1287.0000000000
4436 -1286.0000000000
4452 -1285.0000000000
4458 -1284.0000000000
4482 -1283.0000000000
4497 -1281.0000000000
4503 -1277.0000000000
4561 -1276.0000000000
4577 -1274.0000000000
4582 -1271.0000000000
4602 -1270.0000000000
4627 -1268.0000000000
4644 -1267.0000000000
4646 -1266.0000000000
4666 -1265.0000000000
4682 -1264.0000000000
4702 -1263.0000000000
4709 -1262.0000000000
4747 -1259.0000000000
4755 -1256.0000000000
4783 -1254.0000000000
4822 -1252.0000000000
4845 -1251.0000000000
4871 -1250.0000000000
4882 -1249.0000000000
4888 -1247.0000000000
4903 -1246.0000000000
4922 -1245.0000000000
4970 -1244.0000000000
4971 -1242.0000000000
5002 -1240.0000000000
5010 -1239.0000000000
5014 -1237.0000000000
5035 -1232.0000000000
5071 -1231.0000000000
5077 -1229.0000000000
5129 -1226.0000000000
5145 -1225.0000000000
5166 -1224.0000000000
5167 -1223.0000000000
5203 -1222.0000000000
5225 -1216.0000000000
5266 -1215.0000000000
5281 -1212.0000000000
5287 -1210.0000000000
5303 -1209.0000000000
5321 -1208.0000000000
5334 -1207.0000000000
5350 -1204.0000000000
5371 -1200.0000000000
5409 -1199.0000000000
5424 -1198.0000000000
5453 -1197.0000000000
5461 -1193.0000000000
5485 -1190.0000000000
5496 -1189.0000000000
5507 -1186.0000000000
5537 -1185.0000000000
5542 -1184.0000000000
5563 -1182.0000000000
5594 -1181.0000000000
5603 -1180.0000000000
5608 -1179.0000000000
5629 -1178.0000000000
5633 -1176.0000000000
5682 -1175.0000000000
5688 -1174.0000000000
5702 -1171.0000000000
5732 -1170.0000000000
5737 -1169.0000000000
5744 -1167.0000000000
5765 -1166.0000000000
5783 -1164.0000000000
5810 -1161.0000000000
5840 -1160.0000000000
5850 -1158.0000000000
5869 -1157.0000000000
5882 -1155.0000000000
5895 -1154.0000000000
5927 -1152.0000000000
5951 -1151.0000000000
5972 -1150.0000000000
5985 -1148.0000000000
6033 -1147.0000000000
6049 -1146.0000000000
6058 -1144.0000000000
6065 -1143.0000000000
6087 -1140.0000000000
6128 -1138.0000000000
6170 -1136.0000000000
6194 -1134.0000000000
6213 -1133.0000000000
6235 -1132.0000000000
6244 -1131.0000000000
6245 -1129.0000000000
6271 -1125.0000000000
6321 -1123.0000000000
6348 -1122.0000000000
6359 -1121.0000000000
6363 -1118.0000000000
6443 -1115.0000000000
6496 -1114.0000000000
6523 -1113.0000000000
6524 -1112.0000000000
6539 -1110.0000000000
6569 -1109.0000000000
6587 -1108.0000000000
6623 -1106.0000000000
6632 -1104.0000000000
6649 -1100.0000000000
6664 -1094.0000000000
6730 -1092.0000000000
6744 -1091.0000000000
6778 -1090.0000000000
6782 -1089.0000000000
6785 -1088.0000000000
6809 -1087.0000000000
6822 -1086.0000000000
6857 -1085.0000000000
6867 -1084.0000000000
6874 -1083.0000000000
6881 -1082.0000000000
6901 -1079.0000000000
6923 -1077.0000000000
6938 -1076.0000000000
6970 -1075.0000000000
6988 -1072.0000000000
7012 -1071.0000000000
7041 -1069.0000000000
7072 -1068.0000000000
7089 -1066.0000000000
7133 -1065.0000000000
7141 -1062.0000000000
7194 -1060.0000000000
7207 -1057.0000000000
7245 -1055.0000000000
7292 -1054.0000000000
7295 -1052.0000000000
7312 -1050.0000000000
7337 -1047.0000000000
7346 -1046.0000000000
7379 -1045.0000000000
7384 -1044.0000000000
7407 -1042.0000000000
7462 -1041.0000000000
7463 -1040.0000000000
7488 -1038.0000000000
7516 -1037.0000000000
7541 -1036.0000000000
7565 -1034.0000000000
7584 -1033.0000000000
7586 -1032.0000000000
7607 -1029.0000000000
7635 -1028.0000000000
7652 -1027.0000000000
7666 -1026.0000000000
7703 -1023.0000000000
7704 -1022.0000000000
7747 -1019.0000000000
7778 -1017.0000000000
7789 -1016.0000000000
7801 -1014.0000000000
7818 -1013.0000000000
7838 -1011.0000000000
7865 -1010.0000000000
7884 -1009.0000000000
7885 -1003.0000000000
7937 -1001.0000000000
7981 -1000.0000000000
7984 -999.0000000000
8023 -998.0000000000
8026 -996.0000000000
8048 -993.0000000000
8082 -991.0000000000
8108 -990.0000000000
8116 -989.0000000000
8123 -988.0000000000
8127 -987.0000000000
8170 -986.0000000000
8181 -985.0000000000
8203 -984.0000000000
8217 -983.0000000000
8247 -979.0000000000
8273 -975.0000000000
8368 -974.0000000000
8390 -971.0000000000
8439 -970.0000000000
8472 -968.0000000000
8498 -967.0000000000
8502 -966.0000000000
8531 -963.0000000000
8595 -962.0000000000
8602 -961.0000000000
8609 -960.0000000000
8662 -957.0000000000
8689 -956.0000000000
8740 -955.0000000000
8751 -952.0000000000
8786 -949.0000000000
8800 -947.0000000000
8838 -946.0000000000
8848 -945.0000000000
8856 -944.0000000000
8873 -942.0000000000
8902 -941.0000000000
8909 -940.0000000000
8914 -939.0000000000
8938 -937.0000000000
8968 -936.0000000000
8991 -935.0000000000
9001 -933.0000000000
9003 -932.0000000000
9058 -929.0000000000
9110 -928.0000000000
9117 -927.0000000000
9141 -926.0000000000
9154 -925.0000000000
9155 -924.0000000000
9162 -923.0000000000
9183 -922.0000000000
9190 -919.0000000000
9214 -918.0000000000
9223 -917.0000000000
9234 -916.0000000000
9238 -915.0000000000
9261 -914.0000000000
9276 -913.0000000000
9284 -911.0000000000
9338 -909.0000000000
9366 -908.0000000000
9375 -906.0000000000
9382 -905.0000000000
9406 -904.0000000000
9445 -902.0000000000
9479 -901.0000000000
9521 -899.0000000000
9529 -898.0000000000
9561 -896.0000000000
9603 -895.0000000000
9606 -894.0000000000
9613 -893.0000000000
9641 -891.0000000000
9686 -890.0000000000
9702 -888.0000000000
9760 -884.0000000000
9788 -883.0000000000
9805 -880.0000000000
9843 -878.0000000000
9862 -877.0000000000
9888 -876.0000000000
9936 -875.0000000000
9938 -874.0000000000
9947 -873.0000000000
9982 -872.0000000000
9993 -869.0000000000
10046 -867.0000000000
10061 -865.0000000000
10073 -862.0000000000
10116 -861.0000000000
10149 -859.0000000000
10166 -858.0000000000
10195 -857.0000000000
10213 -856.0000000000
10245 -855.0000000000
10268 -854.0000000000
10283 -852.0000000000
10306 -851.0000000000
10338 -850.0000000000
10343 -848.0000000000
10408 -846.0000000000
10441 -845.0000000000
10462 -844.0000000000
10501 -843.0000000000
10502 -842.0000000000
10506 -841.0000000000
10522 -839.0000000000
10528 -838.0000000000
10571 -836.0000000000
10613 -835.0000000000
10621 -834.0000000000
10649 -833.0000000000
10656 -832.0000000000
10665 -830.0000000000
10700 -828.0000000000
10747 -827.0000000000
10748 -826.0000000000
10786 -823.0000000000
10823 -822.0000000000
10844 -821.0000000000
10848 -820.0000000000
10881 -819.0000000000
10905 -818.0000000000
10920 -817.0000000000
10922 -814.0000000000
10965 -813.0000000000
10968 -810.0000000000
11000 -808.0000000000
11020 -807.0000000000
11061 -806.0000000000
11081 -805.0000000000
11119 -804.0000000000
11145 -802.0000000000
11160 -800.0000000000
11177 -799.0000000000
11187 -796.0000000000
11227 -791.0000000000
11283 -789.0000000000
11321 -788.0000000000
11349 -786.0000000000
11363 -785.0000000000
11384 -784.0000000000
11404 -783.0000000000
11417 -781.0000000000
11426 -779.0000000000
11448 -778.0000000000
11466 -777.0000000000
11501 -776.0000000000
11520 -775.0000000000
11528 -774.0000000000
11544 -772.0000000000
11569 -771.0000000000
11591 -770.0000000000
11632 -769.0000000000
11638 -767.0000000000
11643 -765.0000000000
11668 -764.0000000000
11729 -762.0000000000
11740 -760.0000000000
11746 -758.0000000000
11838 -755.0000000000
11866 -754.0000000000
11889 -753.0000000000
11904 -752.0000000000
11950 -751.0000000000
11972 -748.0000000000
12007 -747.0000000000
12051 -746.0000000000
12057 -745.0000000000
12058 -744.0000000000
12080 -743.0000000000
12102 -740.0000000000
12121 -737.0000000000
12144 -734.0000000000
12189 -733.0000000000
12228 -731.0000000000
12283 -729.0000000000
12313 -724.0000000000
12339 -722.0000000000
12397 -721.0000000000
12426 -719.0000000000
12480 -717.0000000000
12481 -716.0000000000
12484 -715.0000000000
12523 -713.0000000000
12544 -712.0000000000
12564 -711.0000000000
12597 -710.0000000000
12602 -709.0000000000
12628 -708.0000000000
12646 -707.0000000000
12676 -706.0000000000
12710 -704.0000000000
12726 -703.0000000000
12741 -701.0000000000
12778 -700.0000000000
12841 -698.0000000000
12865 -696.0000000000
12867 -695.0000000000
12904 -694.0000000000
12933 -693.0000000000
12949 -691.0000000000
12981 -690.0000000000
12996 -689.0000000000
13026 -687.0000000000
13055 -685.0000000000
13111 -683.0000000000
13113 -682.0000000000
13149 -679.0000000000
13189 -677.0000000000
13221 -676.0000000000
13229 -675.0000000000
13263 -674.0000000000
13269 -672.0000000000
13297 -670.0000000000
13303 -668.0000000000
13341 -667.0000000000
13366 -666.0000000000
13381 -664.0000000000
13403 -662.0000000000
13441 -660.0000000000
13461 -659.0000000000
13468 -658.0000000000
13493 -657.0000000000
13522 -656.0000000000
13550 -655.0000000000
13553 -654.0000000000
13609 -652.0000000000
13621 -651.0000000000
13646 -650.0000000000
13681 -648.0000000000
13729 -646.0000000000
13775 -644.0000000000
13789 -643.0000000000
13814 -641.0000000000
13858 -639.0000000000
13885 -636.0000000000
13924 -634.0000000000
13971 -631.0000000000
14050 -629.0000000000
14052 -627.0000000000
14101 -626.0000000000
14132 -625.0000000000
14135 -623.0000000000
14191 -620.0000000000
14207 -619.0000000000
14260 -617.0000000000
14307 -616.0000000000
14353 -614.0000000000
14368 -613.0000000000
14389 -612.0000000000
14444 -610.0000000000
14500 -607.0000000000
14534 -606.0000000000
14564 -605.0000000000
14575 -603.0000000000
14623 -602.0000000000
14662 -601.0000000000
14669 -600.0000000000
14696 -599.0000000000
14717 -598.0000000000
14721 -596.0000000000
14764 -595.0000000000
14785 -594.0000000000
14794 -593.0000000000
14821 -592.0000000000
14831 -590.0000000000
14879 -589.0000000000
14885 -587.0000000000
14963 -586.0000000000
14964 -585.0000000000
14966 -583.0000000000
15039 -582.0000000000
15043 -581.0000000000
15068 -579.0000000000
15113 -578.0000000000
15141 -577.0000000000
15189 -576.0000000000
15228 -573.0000000000
15254 -571.0000000000
15285 -570.0000000000
15341 -569.0000000000
15364 -568.0000000000
15416 -565.0000000000
15459 -564.0000000000
15486 -561.0000000000
15548 -560.0000000000
15578 -558.0000000000
15609 -556.0000000000
15613 -555.0000000000
15663 -553.0000000000
15684 -550.0000000000
15745 -549.0000000000
15760 -548.0000000000
15781 -547.0000000000
15802 -545.0000000000
15865 -543.0000000000
15889 -540.0000000000
15922 -539.0000000000
15963 -537.0000000000
15994 -532.0000000000
16062 -531.0000000000
16092 -530.0000000000
16109 -529.0000000000
16113 -528.0000000000
16121 -527.0000000000
16164 -525.0000000000
16208 -524.0000000000
16223 -523.0000000000
16310 -522.0000000000
16332 -521.0000000000
16361 -519.0000000000
16398 -518.0000000000
16400 -517.0000000000
16416 -515.0000000000
16476 -514.0000000000
16502 -513.0000000000
16521 -510.0000000000
16582 -507.0000000000
16633 -506.0000000000
16664 -505.0000000000
16684 -503.0000000000
16701 -502.0000000000
16741 -499.0000000000
16772 -498.0000000000
16789 -496.0000000000
16829 -495.0000000000
16872 -494.0000000000
16884 -492.0000000000
16931 -491.0000000000
16967 -489.0000000000
16985 -488.0000000000
16994 -487.0000000000
17009 -486.0000000000
17025 -485.0000000000
17082 -483.0000000000
17102 -481.0000000000
17141 -480.0000000000
17177 -479.0000000000
17196 -476.0000000000
17241 -474.0000000000
17276 -473.0000000000
17303 -472.0000000000
17326 -471.0000000000
17346 -470.0000000000
17393 -467.0000000000
17401 -466.0000000000
17435 -464.0000000000
17453 -463.0000000000
17458 -462.0000000000
17511 -461.0000000000
17514 -460.0000000000
17564 -459.0000000000
17565 -458.0000000000
17608 -457.0000000000
17651 -455.0000000000
17671 -454.0000000000
17678 -453.0000000000
17712 -451.0000000000
17746 -450.0000000000
17784 -449.0000000000
17792 -447.0000000000
17861 -446.0000000000
17876 -445.0000000000
17895 -444.0000000000
17917 -443.0000000000
17936 -442.0000000000
18018 -441.0000000000
18023 -440.0000000000
18047 -439.0000000000
18081 -436.0000000000
18146 -435.0000000000
18150 -434.0000000000
18192 -433.0000000000
18209 -431.0000000000
18301 -430.0000000000
18328 -429.0000000000
18363 -428.0000000000
18387 -426.0000000000
18422 -425.0000000000
18423 -424.0000000000
18428 -423.0000000000
18508 -421.0000000000
18582 -419.0000000000
18609 -418.0000000000
18624 -417.0000000000
18658 -416.0000000000
18678 -415.0000000000
18689 -414.0000000000
18715 -412.0000000000
18765 -411.0000000000
18792 -410.0000000000
18822 -408.0000000000
18837 -405.0000000000
18870 -404.0000000000
18875 -403.0000000000
18927 -401.0000000000
18942 -399.0000000000
18980 -398.0000000000
19008 -397.0000000000
19046 -393.0000000000
19097 -392.0000000000
19115 -391.0000000000
19141 -390.0000000000
19148 -389.0000000000
19191 -387.0000000000
19219 -386.0000000000
19237 -385.0000000000
19262 -384.0000000000
19324 -382.0000000000
19367 -381.0000000000
19387 -379.0000000000
19446 -378.0000000000
19459 -377.0000000000
19462 -376.0000000000
19509 -375.0000000000
19554 -374.0000000000
19581 -372.0000000000
19593 -371.0000000000
19604 -370.0000000000
19611 -368.0000000000
19653 -366.0000000000
19665 -365.0000000000
19716 -364.0000000000
19753 -363.0000000000
19796 -361.0000000000
19804 -360.0000000000
19843 -358.0000000000
19870 -357.0000000000
19916 -354.0000000000
19968 -353.0000000000
19987 -351.0000000000
20009 -350.0000000000
20036 -347.0000000000
20084 -346.0000000000
20127 -345.0000000000
20144 -344.0000000000
20149 -343.0000000000
20214 -341.0000000000
20231 -340.0000000000
20263 -339.0000000000
20311 -338.0000000000
20322 -337.0000000000
20352 -336.0000000000
20365 -335.0000000000
20430 -334.0000000000
20492 -333.0000000000
20517 -332.0000000000
20551 -331.0000000000
20556 -330.0000000000
20618 -328.0000000000
20645 -327.0000000000
20712 -326.0000000000
20780 -325.0000000000
20820 -324.0000000000
20824 -323.0000000000
20871 -319.0000000000
20959 -317.0000000000
20993 -316.0000000000
21053 -314.0000000000
21110 -313.0000000000
21123 -312.0000000000
21190 -310.0000000000
21263 -309.0000000000
21291 -308.0000000000
21306 -306.0000000000
21342 -305.0000000000
21352 -304.0000000000
21373 -303.0000000000
21398 -302.0000000000
21436 -301.0000000000
21450 -300.0000000000
21452 -299.0000000000
21453 -298.0000000000
21491 -297.0000000000
21571 -296.0000000000
21576 -294.0000000000
21622 -291.0000000000
21691 -290.0000000000
21727 -288.0000000000
21766 -287.0000000000
21814 -286.0000000000
21831 -284.0000000000
21884 -283.0000000000
21927 -282.0000000000
21948 -281.0000000000
21952 -280.0000000000
21969 -279.0000000000
22010 -278.0000000000
22055 -275.0000000000
22101 -273.0000000000
22129 -272.0000000000
22167 -271.0000000000
22180 -269.0000000000
22206 -268.0000000000
22241 -267.0000000000
22290 -266.0000000000
22314 -264.0000000000
22330 -263.0000000000
22333 -262.0000000000
22341 -260.0000000000
22408 -259.0000000000
22429 -257.0000000000
22512 -256.0000000000
22542 -255.0000000000
22550 -254.0000000000
22592 -253.0000000000
22625 -252.0000000000
22663 -251.0000000000
22679 -250.0000000000
22711 -249.0000000000
22747 -247.0000000000
22766 -245.0000000000
22866 -242.0000000000
22928 -240.0000000000
23001 -239.0000000000
23020 -238.0000000000
23035 -237.0000000000
23043 -236.0000000000
23047 -235.0000000000
23050 -234.0000000000
23156 -233.0000000000
23233 -232.0000000000
23255 -231.0000000000
23281 -230.0000000000
23342 -228.0000000000
23470 -227.0000000000
23506 -226.0000000000
23529 -225.0000000000
23533 -223.0000000000
23655 -221.0000000000
23691 -220.0000000000
23708 -219.0000000000
23761 -217.0000000000
23823 -216.0000000000
23850 -215.0000000000
23943 -214.0000000000
24021 -212.0000000000
24070 -211.0000000000
24121 -210.0000000000
24181 -208.0000000000
24245 -206.0000000000
24306 -204.0000000000
24349 -203.0000000000
24447 -201.0000000000
24463 -200.0000000000
24533 -198.0000000000
24578 -196.0000000000
24664 -195.0000000000
24665 -193.0000000000
24717 -191.0000000000
24730 -190.0000000000
24775 -189.0000000000
24826 -188.0000000000
24884 -187.0000000000
24928 -186.0000000000
24957 -185.0000000000
25023 -184.0000000000
25045 -183.0000000000
25061 -181.0000000000
25175 -180.0000000000
25203 -178.0000000000
25244 -176.0000000000
25276 -175.0000000000
25294 -174.0000000000
25324 -173.0000000000
25364 -172.0000000000
25432 -171.0000000000
25445 -170.0000000000
25466 -169.0000000000
25489 -168.0000000000
25520 -167.0000000000
25532 -166.0000000000
25560 -165.0000000000
25611 -164.0000000000
25636 -161.0000000000
25708 -160.0000000000
25820 -159.0000000000
25844 -158.0000000000
25865 -157.0000000000
25972 -156.0000000000
25979 -155.0000000000
26008 -154.0000000000
26064 -153.0000000000
26092 -151.0000000000
26111 -149.0000000000
26206 -148.0000000000
26241 -147.0000000000
26256 -146.0000000000
26288 -145.0000000000
26336 -144.0000000000
26374 -143.0000000000
26399 -142.0000000000
26492 -140.0000000000
26529 -138.0000000000
26606 -137.0000000000
26712 -136.0000000000
26732 -135.0000000000
26803 -132.0000000000
26874 -129.0000000000
27005 -128.0000000000
27074 -127.0000000000
27107 -123.0000000000
27214 -121.0000000000
27221 -120.0000000000
27296 -119.0000000000
27314 -118.0000000000
27338 -117.0000000000
27382 -116.0000000000
27392 -115.0000000000
27421 -113.0000000000
27452 -111.0000000000
27491 -108.0000000000
27639 -107.0000000000
27705 -106.0000000000
27742 -105.0000000000
27796 -104.0000000000
27839 -103.0000000000
27883 -102.0000000000
27962 -101.0000000000
27965 -99.0000000000
28045 -98.0000000000
28062 -97.0000000000
28092 -96.0000000000
28140 -95.0000000000
28208 -94.0000000000
28252 -92.0000000000
28283 -91.0000000000
28333 -90.0000000000
28429 -89.0000000000
28445 -88.0000000000
28511 -87.0000000000
28546 -86.0000000000
28611 -84.0000000000
28715 -83.0000000000
28798 -82.0000000000
28843 -81.0000000000
28917 -79.0000000000
29014 -77.0000000000
29086 -76.0000000000
29223 -75.0000000000
29274 -74.0000000000
29318 -73.0000000000
29349 -72.0000000000
29359 -70.0000000000
29406 -69.0000000000
29440 -68.0000000000
29472 -67.0000000000
29565 -66.0000000000
29651 -65.0000000000
29653 -64.0000000000
29664 -63.0000000000
29694 -62.0000000000
29719 -61.0000000000
29722 -60.0000000000
29780 -59.0000000000
29784 -58.0000000000
29877 -55.0000000000
30010 -54.0000000000
30060 -53.0000000000
30135 -52.0000000000
30226 -51.0000000000
30247 -50.0000000000
30361 -49.0000000000
30403 -48.0000000000
30437 -47.0000000000
30460 -46.0000000000
30499 -45.0000000000
30563 -44.0000000000
30596 -43.0000000000
30603 -42.0000000000
30641 -41.0000000000
30717 -40.0000000000
30754 -39.0000000000
30826 -38.0000000000
30910 -37.0000000000
30962 -36.0000000000
31028 -35.0000000000
31177 -33.0000000000
31261 -31.0000000000
31382 -30.0000000000
31474 -29.0000000000
31548 -28.0000000000
31576 -27.0000000000
31589 -25.0000000000
31725 -24.0000000000
31793 -23.0000000000
31799 -22.0000000000
31891 -20.0000000000
32033 -19.0000000000
32065 -18.0000000000
32111 -17.0000000000
32237 -16.0000000000
32276 -15.0000000000
32343 -14.0000000000
32359 -13.0000000000
32516 -12.0000000000
32642 -11.0000000000
32687 -10.0000000000
32747 -9.0000000000
32889 -8.0000000000
33023 -7.0000000000
33087 -6.0000000000
33153 -4.0000000000
33191 -3.0000000000
33348 -2.0000000000
33483 -1.0000000000
33548 591.3400000000
33615 598.7700000000
33638 601.2300000000
33681 606.2700000000
33759 623.0000000000
33794 623.4200000000
34034 668.4200000000
34114 677.5400000000
34163 686.8100000000
34180 693.8800000000
34220 703.8600000000
34273 709.6100000000
34277 713.5400000000
34926 728.3100000000
35617 729.0200000000
35618 729.2100000000
35800 740.7800000000
35973 743.0300000000
35986 746.7900000000
36167 748.2400000000
36366 751.3600000000
36390 753.8900000000
36461 755.7700000000
36822 756.0300000000
36890 759.2600000000
37013 761.2900000000
37760 772.9300000000
37822 773.5900000000
37911 777.5400000000
37916 785.6500000000
37926 786.6800000000
37957 793.3700000000
37967 800.2500000000
37989 868.1800000000
38161 899.5300000000
38505 902.6200000000
39268 917.1700000000
41631 918.5400000000
43382 926.8600000000
44220 931.0900000000
44766 944.5100000000
44950 945.9700000000
45009 958.1000000000
45052 959.9000000000
45198 967.3200000000
45413 969.6400000000
45589 977.4400000000
46183 977.8800000000
46960 993.0600000000
47107 1001.1300000000
47921 1007.9400000000
48191 1011.6800000000
48338 1012.2200000000
48385 1015.8100000000
48439 1028.3200000000
48560 1074.3600000000
48669 1098.8400000000
48810 1099.8100000000
49211 1102.9100000000
49702 1104.0300000000
50706 1112.2900000000
64099 1114.4600000000
64849 1115.3600000000
65494 1118.6300000000
67696 1126.1800000000
70259 1185.9000000000
70343 1188.7700000000
70348 1190.6600000000
70455 1192.7200000000
70459 1193.5500000000
70557 1201.2200000000
70572 1203.2200000000
70978 1207.0900000000
76036 1218.6700000000
76044 1227.9500000000
76161 1232.9000000000
76183 1250.2500000000
76267 1252.9200000000
76400 1253.0000000000
78145 1257.6900000000
79497 1257.8700000000
79526 1262.3100000000
79724 1267.1900000000
82105 1270.7100000000
87500 1272.6100000000
92364 1278.1200000000
95134 1281.0700000000
100000 -2.0000000000
evaluations raw_y
1 -1920.0000000000
2 -1903.0000000000
13 -1890.0000000000
16 -1884.0000000000
26 -1858.0000000000
64 -1832.0000000000
82 -1830.0000000000
101 -1828.0000000000
118 -1822.0000000000
142 -1816.0000000000
143 -1812.0000000000
152 -1806.0000000000
155 -1805.0000000000
160 -1792.0000000000
175 -1791.0000000000
181 -1782.0000000000
185 -1781.0000000000
201 -1779.0000000000
202 -1774.0000000000
205 -1761.0000000000
209 -1750.0000000000
245 -1740.0000000000
269 -1739.0000000000
272 -1735.0000000000
277 -1732.0000000000
303 -1715.0000000000
330 -1711.0000000000
353 -1703.0000000000
365 -1701.0000000000
366 -1693.0000000000
387 -1692.0000000000
405 -1691.0000000000
406 -1690.0000000000
411 -1689.0000000000
415 -1685.0000000000
436 -1677.0000000000
457 -1673.0000000000
466 -1671.0000000000
497 -1667.0000000000
511 -1662.0000000000
524 -1661.0000000000
532 -1659.0000000000
539 -1654.0000000000
542 -1650.0000000000
565 -1638.0000000000
585 -1636.0000000000
599 -1624.0000000000
601 -1623.0000000000
625 -1621.0000000000
656 -1619.0000000000
671 -1617.0000000000
681 -1616.0000000000
682 -1613.0000000000
710 -1611.0000000000
717 -1607.0000000000
764 -1606.0000000000
767 -1604.0000000000
803 -1596.0000000000
833 -1594.0000000000
850 -1593.0000000000
862 -1592.0000000000
872 -1591.0000000000
887 -1589.0000000000
904 -1586.0000000000
910 -1585.0000000000
921 -1580.0000000000
965 -1577.0000000000
1000 -1575.0000000000
1006 -1574.0000000000
1036 -1573.0000000000
1040 -1572.0000000000
1042 -1571.0000000000
1063 -1564.0000000000
1114 -1560.0000000000
1166 -1559.0000000000
1171 -1557.0000000000
1175 -1556.0000000000
1200 -1554.0000000000
1220 -1553.0000000000
1222 -1551.0000000000
1263 -1548.0000000000
1284 -1544.0000000000
1341 -1543.0000000000
1351 -1542.0000000000
1378 -1541.0000000000
1379 -1537.0000000000
1405 -1534.0000000000
1435 -1533.0000000000
1447 -1530.0000000000
1469 -1529.0000000000
1503 -1526.0000000000
1546 -1524.0000000000
1560 -1523.0000000000
1578 -1521.0000000000
1584 -1520.0000000000
1587 -1519.0000000000
1609 -1518.0000000000
1621 -1517.0000000000
1624 -1516.0000000000
1646 -1514.0000000000
1689 -1511.0000000000
1700 -1510.0000000000
1717 -1509.0000000000
1735 -1507.0000000000
1741 -1505.0000000000
1762 -1504.0000000000
1768 -1502.0000000000
1791 -1497.0000000000
1839 -1496.0000000000
1855 -1495.0000000000
1865 -1493.0000000000
1870 -1492.0000000000
1891 -1490.0000000000
1913 -1488.0000000000
1940 -1486.0000000000
1966 -1484.0000000000
1981 -1483.0000000000
1982 -1482.0000000000
2015 -1478.0000000000
2028 -1477.0000000000
2041 -1474.0000000000
2061 -1472.0000000000
2063 -1470.0000000000
2135 -1469.0000000000
2138 -1468.0000000000
2139 -1467.0000000000
2141 -1465.0000000000
2166 -1464.0000000000
2180 -1463.0000000000
2188 -1462.0000000000
2203 -1461.0000000000
2213 -1460.0000000000
2221 -1459.0000000000
2235 -1458.0000000000
2242 -1457.0000000000
2261 -1450.0000000000
2321 -1449.0000000000
2335 -1447.0000000000
2365 -1446.0000000000
2369 -1445.0000000000
2384 -1439.0000000000
2417 -1437.0000000000
2465 -1436.0000000000
2478 -1434.0000000000
2481 -1432.0000000000
2520 -1430.0000000000
2525 -1426.0000000000
2570 -1424.0000000000
2588 -1422.0000000000
2606 -1421.0000000000
2627 -1419.0000000000
2669 -1416.0000000000
2701 -1415.0000000000
2703 -1413.0000000000
2704 -1412.0000000000
2715 -1410.0000000000
2734 -1407.0000000000
2759 -1406.0000000000
2788 -1405.0000000000
2801 -1403.0000000000
2826 -1401.0000000000
2841 -1400.0000000000
2867 -1399.0000000000
2886 -1397.0000000000
2912 -1396.0000000000
2930 -1394.0000000000
2946 -1393.0000000000
2970 -1392.0000000000
2971 -1391.0000000000
2991 -1390.0000000000
3029 -1389.0000000000
3034 -1388.0000000000
3049 -1387.0000000000
3070 -1385.0000000000
3080 -1384.0000000000
3099 -1380.0000000000
3136 -1379.0000000000
3151 -1378.0000000000
3152 -1376.0000000000
3182 -1375.0000000000
3202 -1374.0000000000
3222 -1373.0000000000
3245 -1372.0000000000
3247 -1367.0000000000
3275 -1366.0000000000
3301 -1364.0000000000
3327 -1359.0000000000
3363 -1358.0000000000
3380 -1356.0000000000
3402 -1353.0000000000
3452 -1348.0000000000
3485 -1345.0000000000
3525 -1344.0000000000
3557 -1343.0000000000
3567 -1341.0000000000
3601 -1338.0000000000
3627 -1337.0000000000
3651 -1334.0000000000
3663 -1333.0000000000
3682 -1332.0000000000
3720 -1331.0000000000
3724 -1330.0000000000
3737 -1328.0000000000
3766 -1325.0000000000
3808 -1324.0000000000
3821 -1323.0000000000
3851 -1320.0000000000
3874 -1319.0000000000
3885 -1318.0000000000
3906 -1316.0000000000
3930 -1315.0000000000
3944 -1314.0000000000
3962 -1313.0000000000
3986 -1312.0000000000
3988 -1311.0000000000
4006 -1310.0000000000
4009 -1308.0000000000
4036 -1305.0000000000
4043 -1304.0000000000
4061 -1303.0000000000
4077 -1302.0000000000
4081 -1301.0000000000
4106 -1300.0000000000
4121 -1296.0000000000
4161 -1293.0000000000
4208 -1292.0000000000
4221 -1291.0000000000
4223 -1290.0000000000
4224 -1289.0000000000
4230 -1288.0000000000
4246 -1287.0000000000
4295 -1286.0000000000
4306 -1283.0000000000
4326 -1282.0000000000
4338 -1281.0000000000
4362 -1280.0000000000
4384 -1279.0000000000
4407 -1278.0000000000
4421 -1275.0000000000
4433 -1274.0000000000
4441 -1273.0000000000
4483 -1268.0000000000
4527 -1267.0000000000
4545 -1266.0000000000
4576 -1262.0000000000
4610 -1258.0000000000
4631 -1257.0000000000
4652 -1256.0000000000
4681 -1255.0000000000
4684 -1254.0000000000
4697 -1253.0000000000
4703 -1252.0000000000
4710 -1251.0000000000
4728 -1250.0000000000
4741 -1249.0000000000
4750 -1248.0000000000
4763 -1247.0000000000
4782 -1244.0000000000
4816 -1243.0000000000
4843 -1242.0000000000
4850 -1240.0000000000
4861 -1238.0000000000
4885 -1235.0000000000
4907 -1234.0000000000
4936 -1232.0000000000
4958 -1230.0000000000
4990 -1227.0000000000
5017 -1226.0000000000
5040 -1224.0000000000
5068 -1223.0000000000
5083 -1222.0000000000
5089 -1217.0000000000
5144 -1216.0000000000
5164 -1215.0000000000
5169 -1214.0000000000
5182 -1213.0000000000
5184 -1209.0000000000
5230 -1208.0000000000
5275 -1204.0000000000
5312 -1203.0000000000
5320 -1200.0000000000
5336 -1199.0000000000
5362 -1197.0000000000
5393 -1196.0000000000
5426 -1195.0000000000
5437 -1194.0000000000
5466 -1193.0000000000
5471 -1192.0000000000
5481 -1191.0000000000
5502 -1190.0000000000
5515 -1188.0000000000
5523 -1187.0000000000
5561 -1183.0000000000
5579 -1181.0000000000
5587 -1180.0000000000
5621 -1179.0000000000
5649 -1177.0000000000
5669 -1176.0000000000
5704 -1175.0000000000
5721 -1174.0000000000
5738 -1172.0000000000
5748 -1169.0000000000
5762 -1168.0000000000
5795 -1167.0000000000
5809 -1165.0000000000
5821 -1162.0000000000
5841 -1161.0000000000
5875 -1160.0000000000
5905 -1158.0000000000
5909 -1157.0000000000
5938 -1155.0000000000
5954 -1154.0000000000
5961 -1152.0000000000
5996 -1151.0000000000
6014 -1150.0000000000
6039 -1148.0000000000
6051 -1147.0000000000
6061 -1144.0000000000
6134 -1142.0000000000
6142 -1141.0000000000
6166 -1138.0000000000
6199 -1137.0000000000
6214 -1136.0000000000
6230 -1134.0000000000
6255 -1132.0000000000
6262 -1129.0000000000
6307 -1128.0000000000
6324 -1126.0000000000
6350 -1125.0000000000
6364 -1123.0000000000
6415 -1122.0000000000
6425 -1121.0000000000
6433 -1116.0000000000
6452 -1115.0000000000
6453 -1114.0000000000
6494 -1112.0000000000
6522 -1111.0000000000
6531 -1109.0000000000
6548 -1107.0000000000
6566 -1105.0000000000
6582 -1104.0000000000
6611 -1103.0000000000
6632 -1102.0000000000
6653 -1101.0000000000
6673 -1100.0000000000
6690 -1098.0000000000
6733 -1094.0000000000
6775 -1092.0000000000
6815 -1090.0000000000
6829 -1089.0000000000
6850 -1088.0000000000
6885 -1087.0000000000
6895 -1085.0000000000
6949 -1083.0000000000
6964 -1081.0000000000
6989 -1080.0000000000
7008 -1079.0000000000
7017 -1078.0000000000
7024 -1077.0000000000
7045 -1074.0000000000
7075 -1072.0000000000
7092 -1071.0000000000
7101 -1070.0000000000
7119 -1069.0000000000
7136 -1068.0000000000
7142 -1065.0000000000
7185 -1064.0000000000
7203 -1063.0000000000
7212 -1062.0000000000
7220 -1061.0000000000
7243 -1059.0000000000
7261 -1057.0000000000
7282 -1056.0000000000
7304 -1055.0000000000
7315 -1054.0000000000
7321 -1053.0000000000
7338 -1050.0000000000
7343 -1048.0000000000
7375 -1045.0000000000
7386 -1044.0000000000
7415 -1042.0000000000
7449 -1041.0000000000
7482 -1039.0000000000
7483 -1038.0000000000
7519 -1037.0000000000
7549 -1036.0000000000
7573 -1033.0000000000
7586 -1032.0000000000
7604 -1031.0000000000
7629 -1030.0000000000
7649 -1029.0000000000
7653 -1027.0000000000
7670 -1026.0000000000
7698 -1025.0000000000
7720 -1024.0000000000
7725 -1023.0000000000
7729 -1021.0000000000
7733 -1020.0000000000
7743 -1019.0000000000
7764 -1018.0000000000
7797 -1016.0000000000
7798 -1015.0000000000
7803 -1014.0000000000
7838 -1011.0000000000
7879 -1010.0000000000
7882 -1009.0000000000
7937 -1008.0000000000
7967 -1007.0000000000
7982 -1006.0000000000
8019 -1005.0000000000
8022 -1004.0000000000
8038 -1003.0000000000
8063 -1002.0000000000
8068 -1001.0000000000
8083 -1000.0000000000
8103 -996.0000000000
8134 -994.0000000000
8142 -993.0000000000
8154 -991.0000000000
8179 -990.0000000000
8189 -986.0000000000
8241 -985.0000000000
8280 -984.0000000000
8284 -982.0000000000
8292 -980.0000000000
8302 -979.0000000000
8350 -977.0000000000
8365 -976.0000000000
8422 -974.0000000000
8424 -970.0000000000
8475 -969.0000000000
8501 -968.0000000000
8526 -966.0000000000
8534 -964.0000000000
8561 -962.0000000000
8603 -960.0000000000
8636 -959.0000000000
8638 -958.0000000000
8670 -956.0000000000
8671 -954.0000000000
8695 -953.0000000000
8710 -952.0000000000
8745 -950.0000000000
8776 -948.0000000000
8785 -947.0000000000
8813 -946.0000000000
8838 -945.0000000000
8866 -944.0000000000
8895 -943.0000000000
8902 -941.0000000000
8921 -940.0000000000
8943 -939.0000000000
8963 -936.0000000000
8987 -935.0000000000
9013 -934.0000000000
9027 -932.0000000000
9067 -931.0000000000
9073 -930.0000000000
9095 -927.0000000000
9123 -925.0000000000
9161 -922.0000000000
9205 -921.0000000000
9224 -919.0000000000
9269 -918.0000000000
9295 -916.0000000000
9321 -912.0000000000
9392 -911.0000000000
9397 -910.0000000000
9435 -909.0000000000
9446 -908.0000000000
9458 -907.0000000000
9470 -906.0000000000
9499 -903.0000000000
9521 -902.0000000000
9565 -900.0000000000
9605 -899.0000000000
9652 -898.0000000000
9660 -894.0000000000
9690 -893.0000000000
9708 -892.0000000000
9752 -890.0000000000
9766 -889.0000000000
9832 -888.0000000000
9834 -887.0000000000
9857 -885.0000000000
9861 -884.0000000000
9886 -882.0000000000
9933 -880.0000000000
9949 -879.0000000000
9973 -877.0000000000
9984 -872.0000000000
10025 -871.0000000000
10057 -870.0000000000
10060 -869.0000000000
10071 -863.0000000000
10135 -862.0000000000
10137 -857.0000000000
10181 -856.0000000000
10195 -854.0000000000
10209 -853.0000000000
10249 -852.0000000000
10265 -851.0000000000
10283 -850.0000000000
10289 -849.0000000000
10304 -847.0000000000
10322 -846.0000000000
10356 -845.0000000000
10379 -842.0000000000
10402 -841.0000000000
10425 -840.0000000000
10431 -837.0000000000
10455 -836.0000000000
10497 -835.0000000000
10515 -834.0000000000
10552 -832.0000000000
10554 -831.0000000000
10573 -830.0000000000
10587 -829.0000000000
10617 -827.0000000000
10621 -824.0000000000
10689 -823.0000000000
10690 -820.0000000000
10727 -817.0000000000
10761 -815.0000000000
10801 -814.0000000000
10804 -813.0000000000
10818 -812.0000000000
10828 -811.0000000000
10843 -808.0000000000
10871 -807.0000000000
10900 -806.0000000000
10911 -805.0000000000
10956 -804.0000000000
10963 -802.0000000000
10997 -801.0000000000
11002 -800.0000000000
11006 -799.0000000000
11043 -798.0000000000
11073 -796.0000000000
11081 -795.0000000000
11082 -793.0000000000
11105 -792.0000000000
11106 -791.0000000000
11128 -790.0000000000
11150 -787.0000000000
11196 -785.0000000000
11201 -784.0000000000
11238 -783.0000000000
11254 -782.0000000000
11264 -781.0000000000
11302 -776.0000000000
11329 -775.0000000000
11348 -772.0000000000
11410 -771.0000000000
11446 -770.0000000000
11448 -769.0000000000
11472 -768.0000000000
11473 -767.0000000000
11480 -765.0000000000
11537 -764.0000000000
11539 -763.0000000000
11568 -761.0000000000
11594 -760.0000000000
11625 -759.0000000000
11650 -758.0000000000
11686 -757.0000000000
11699 -756.0000000000
11737 -755.0000000000
11758 -754.0000000000
11774 -753.0000000000
11805 -752.0000000000
11829 -750.0000000000
11856 -749.0000000000
11876 -748.0000000000
11894 -747.0000000000
11900 -746.0000000000
11915 -742.0000000000
11923 -741.0000000000
11962 -739.0000000000
11989 -738.0000000000
12033 -737.0000000000
12051 -734.0000000000
12086 -733.0000000000
12121 -732.0000000000
12132 -731.0000000000
12153 -730.0000000000
12164 -729.0000000000
12194 -727.0000000000
12209 -726.0000000000
12246 -725.0000000000
12286 -723.0000000000
12301 -721.0000000000
12333 -720.0000000000
12349 -719.0000000000
12381 -717.0000000000
12385 -716.0000000000
12428 -714.0000000000
12459 -713.0000000000
12478 -712.0000000000
12503 -711.0000000000
12516 -708.0000000000
12561 -707.0000000000
12574 -704.0000000000
12622 -703.0000000000
12654 -702.0000000000
12659 -700.0000000000
12682 -699.0000000000
12703 -698.0000000000
12734 -697.0000000000
12748 -696.0000000000
12755 -695.0000000000
12783 -694.0000000000
12789 -693.0000000000
12836 -692.0000000000
12841 -691.0000000000
12860 -690.0000000000
12884 -688.0000000000
12911 -685.0000000000
12934 -684.0000000000
12942 -683.0000000000
12974 -681.0000000000
12992 -679.0000000000
12997 -678.0000000000
13028 -677.0000000000
13046 -676.0000000000
13062 -675.0000000000
13071 -674.0000000000
13082 -673.0000000000
13089 -670.0000000000
13144 -669.0000000000
13158 -667.0000000000
13209 -666.0000000000
13210 -665.0000000000
13247 -664.0000000000
13288 -663.0000000000
13290 -662.0000000000
13304 -660.0000000000
13348 -659.0000000000
13375 -657.0000000000
13409 -656.0000000000
13422 -655.0000000000
13443 -654.0000000000
13459 -652.0000000000
13469 -651.0000000000
13496 -650.0000000000
13515 -649.0000000000
13517 -648.0000000000
13558 -646.0000000000
13633 -645.0000000000
13659 -644.0000000000
13689 -642.0000000000
13712 -640.0000000000
13737 -639.0000000000
13743 -637.0000000000
13790 -636.0000000000
13837 -635.0000000000
13847 -634.0000000000
13901 -633.0000000000
13903 -632.0000000000
13937 -631.0000000000
13968 -629.0000000000
14029 -628.0000000000
14055 -627.0000000000
14070 -626.0000000000
14092 -625.0000000000
14112 -624.0000000000
14138 -623.0000000000
14149 -622.0000000000
14168 -621.0000000000
14213 -620.0000000000
14224 -619.0000000000
14247 -617.0000000000
14261 -616.0000000000
14309 -615.0000000000
14334 -613.0000000000
14370 -612.0000000000
14392 -611.0000000000
14409 -610.0000000000
14413 -609.0000000000
14426 -607.0000000000
14512 -605.0000000000
14548 -604.0000000000
14562 -603.0000000000
14579 -601.0000000000
14608 -598.0000000000
14656 -597.0000000000
14665 -596.0000000000
14681 -595.0000000000
14705 -594.0000000000
14706 -593.0000000000
14729 -592.0000000000
14756 -589.0000000000
14804 -587.0000000000
14835 -585.0000000000
14843 -584.0000000000
14889 -583.0000000000
14902 -582.0000000000
14926 -580.0000000000
14989 -579.0000000000
15013 -577.0000000000
15057 -576.0000000000
15112 -572.0000000000
15188 -570.0000000000
15230 -567.0000000000
15301 -566.0000000000
15306 -565.0000000000
15364 -564.0000000000
15366 -563.0000000000
15394 -562.0000000000
15402 -560.0000000000
15478 -559.0000000000
15482 -558.0000000000
15504 -557.0000000000
15523 -556.0000000000
15549 -554.0000000000
15574 -553.0000000000
15604 -552.0000000000
15625 -550.0000000000
15649 -549.0000000000
15669 -548.0000000000
15711 -547.0000000000
15747 -544.0000000000
15794 -543.0000000000
15822 -542.0000000000
15828 -540.0000000000
15879 -537.0000000000
15915 -536.0000000000
15963 -535.0000000000
15977 -533.0000000000
16044 -532.0000000000
16100 -531.0000000000
16117 -529.0000000000
16178 -527.0000000000
16192 -525.0000000000
16205 -524.0000000000
16244 -523.0000000000
16278 -522.0000000000
16316 -521.0000000000
16326 -520.0000000000
16366 -519.0000000000
16367 -517.0000000000
16379 -516.0000000000
16409 -515.0000000000
16436 -514.0000000000
16448 -513.0000000000
16483 -512.0000000000
16485 -509.0000000000
16558 -508.0000000000
16611 -506.0000000000
16642 -505.0000000000
16660 -504.0000000000
16661 -503.0000000000
16662 -501.0000000000
16683 -500.0000000000
16719 -499.0000000000
16738 -496.0000000000
16810 -495.0000000000
16834 -493.0000000000
16896 -492.0000000000
16910 -491.0000000000
16922 -488.0000000000
17012 -487.0000000000
17027 -485.0000000000
17051 -484.0000000000
17064 -483.0000000000
17112 -482.0000000000
17129 -481.0000000000
17173 -479.0000000000
17200 -478.0000000000
17211 -477.0000000000
17234 -476.0000000000
17264 -475.0000000000
17325 -474.0000000000
17327 -473.0000000000
17334 -472.0000000000
17380 -470.0000000000
17402 -468.0000000000
17444 -462.0000000000
17565 -461.0000000000
17595 -460.0000000000
17605 -459.0000000000
17625 -457.0000000000
17631 -454.0000000000
17673 -453.0000000000
17703 -451.0000000000
17743 -449.0000000000
17815 -448.0000000000
17826 -447.0000000000
17849 -446.0000000000
17864 -445.0000000000
17903 -444.0000000000
17908 -443.0000000000
17930 -441.0000000000
17931 -439.0000000000
18001 -437.0000000000
18054 -436.0000000000
18081 -435.0000000000
18119 -432.0000000000
18245 -431.0000000000
18254 -430.0000000000
18289 -429.0000000000
18332 -428.0000000000
18338 -426.0000000000
18430 -423.0000000000
18469 -421.0000000000
18486 -419.0000000000
18543 -418.0000000000
18576 -416.0000000000
18598 -415.0000000000
18657 -414.0000000000
18668 -413.0000000000
18683 -412.0000000000
18713 -411.0000000000
18762 -410.0000000000
18798 -408.0000000000
18823 -407.0000000000
18861 -406.0000000000
18886 -403.0000000000
18911 -401.0000000000
18925 -399.0000000000
19006 -398.0000000000
19025 -396.0000000000
19059 -395.0000000000
19109 -393.0000000000
19145 -392.0000000000
19161 -391.0000000000
19187 -390.0000000000
19197 -388.0000000000
19230 -387.0000000000
19231 -385.0000000000
19266 -384.0000000000
19298 -383.0000000000
19342 -382.0000000000
19379 -381.0000000000
19415 -380.0000000000
19421 -379.0000000000
19451 -378.0000000000
19457 -376.0000000000
19497 -375.0000000000
19505 -374.0000000000
19534 -373.0000000000
19561 -372.0000000000
19610 -371.0000000000
19631 -369.0000000000
19632 -368.0000000000
19643 -367.0000000000
19670 -366.0000000000
19677 -365.0000000000
19704 -364.0000000000
19739 -362.0000000000
19771 -361.0000000000
19811 -360.0000000000
19823 -358.0000000000
19876 -356.0000000000
19915 -355.0000000000
19930 -354.0000000000
19942 -353.0000000000
19994 -352.0000000000
20008 -351.0000000000
20042 -350.0000000000
20048 -348.0000000000
20065 -347.0000000000
20121 -346.0000000000
20143 -345.0000000000
20180 -344.0000000000
20210 -343.0000000000
20219 -342.0000000000
20243 -341.0000000000
20288 -338.0000000000
20353 -337.0000000000
20383 -335.0000000000
20446 -334.0000000000
20462 -332.0000000000
20486 -331.0000000000
20533 -330.0000000000
20534 -329.0000000000
20544 -328.0000000000
20565 -326.0000000000
20622 -325.0000000000
20660 -324.0000000000
20665 -323.0000000000
20705 -321.0000000000
20759 -319.0000000000
20801 -318.0000000000
20842 -317.0000000000
20868 -316.0000000000
20901 -315.0000000000
20944 -314.0000000000
20948 -313.0000000000
20961 -312.0000000000
21019 -310.0000000000
21068 -309.0000000000
21083 -308.0000000000
21146 -307.0000000000
21199 -306.0000000000
21217 -305.0000000000
21266 -304.0000000000
21280 -303.0000000000
21318 -302.0000000000
21370 -301.0000000000
21384 -299.0000000000
21447 -298.0000000000
21448 -295.0000000000
21498 -294.0000000000
21533 -293.0000000000
21544 -292.0000000000
21590 -290.0000000000
21721 -289.0000000000
21761 -287.0000000000
21764 -286.0000000000
21815 -283.0000000000
21892 -281.0000000000
21948 -279.0000000000
22052 -276.0000000000
22062 -275.0000000000
22101 -274.0000000000
22123 -273.0000000000
22155 -272.0000000000
22178 -271.0000000000
22225 -270.0000000000
22277 -268.0000000000
22286 -266.0000000000
22366 -264.0000000000
22431 -263.0000000000
22506 -262.0000000000
22543 -261.0000000000
22605 -259.0000000000
22675 -258.0000000000
22702 -257.0000000000
22704 -256.0000000000
22710 -255.0000000000
22774 -254.0000000000
22839 -253.0000000000
22902 -252.0000000000
22920 -251.0000000000
22936 -250.0000000000
22983 -249.0000000000
22997 -248.0000000000
23002 -247.0000000000
23038 -246.0000000000
23074 -245.0000000000
23108 -244.0000000000
23139 -242.0000000000
23192 -241.0000000000
23231 -240.0000000000
23288 -239.0000000000
23335 -238.0000000000
23337 -237.0000000000
23350 -236.0000000000
23357 -235.0000000000
23446 -234.0000000000
23466 -233.0000000000
23469 -232.0000000000
23484 -231.0000000000
23545 -230.0000000000
23592 -229.0000000000
23594 -226.0000000000
23629 -225.0000000000
23643 -224.0000000000
23686 -223.0000000000
23772 -221.0000000000
23826 -220.0000000000
23879 -219.0000000000
23888 -217.0000000000
23962 -216.0000000000
24016 -215.0000000000
24036 -214.0000000000
24053 -213.0000000000
24086 -212.0000000000
24118 -211.0000000000
24133 -210.0000000000
24146 -209.0000000000
24193 -208.0000000000
24207 -207.0000000000
24227 -206.0000000000
24286 -204.0000000000
24395 -203.0000000000
24440 -200.0000000000
24472 -199.0000000000
24505 -198.0000000000
24583 -195.0000000000
24644 -193.0000000000
24695 -192.0000000000
24760 -191.0000000000
24764 -190.0000000000
24770 -189.0000000000
24852 -187.0000000000
24888 -186.0000000000
24929 -185.0000000000
24955 -184.0000000000
25002 -183.0000000000
25072 -181.0000000000
25114 -180.0000000000
25123 -177.0000000000
25191 -176.0000000000
25203 -174.0000000000
25281 -173.0000000000
25326 -171.0000000000
25461 -170.0000000000
25529 -169.0000000000
25545 -168.0000000000
25563 -167.0000000000
25613 -166.0000000000
25624 -165.0000000000
25628 -164.0000000000
25702 -163.0000000000
25708 -162.0000000000
25762 -161.0000000000
25846 -160.0000000000
25862 -159.0000000000
25910 -158.0000000000
25931 -157.0000000000
25975 -156.0000000000
26011 -155.0000000000
26046 -153.0000000000
26115 -152.0000000000
26220 -151.0000000000
26248 -150.0000000000
26254 -149.0000000000
26285 -148.0000000000
26323 -147.0000000000
26344 -146.0000000000
26365 -145.0000000000
26452 -144.0000000000
26485 -143.0000000000
26538 -142.0000000000
26569 -140.0000000000
26679 -139.0000000000
26704 -138.0000000000
26710 -137.0000000000
26724 -136.0000000000
26765 -135.0000000000
26837 -132.0000000000
26891 -131.0000000000
26927 -130.0000000000
27002 -129.0000000000
27063 -128.0000000000
27133 -127.0000000000
27154 -126.0000000000
27201 -124.0000000000
27298 -123.0000000000
27340 -122.0000000000
27413 -121.0000000000
27482 -120.0000000000
27495 -119.0000000000
27541 -117.0000000000
27574 -116.0000000000
27615 -115.0000000000
27681 -113.0000000000
27747 -112.0000000000
27751 -109.0000000000
27820 -108.0000000000
27835 -107.0000000000
27871 -106.0000000000
27899 -104.0000000000
27994 -103.0000000000
28049 -102.0000000000
28057 -98.0000000000
28250 -97.0000000000
28286 -96.0000000000
28323 -95.0000000000
28360 -94.0000000000
28375 -93.0000000000
28455 -92.0000000000
28478 -91.0000000000
28507 -89.0000000000
28627 -88.0000000000
28632 -87.0000000000
28681 -86.0000000000
28722 -85.0000000000
28781 -84.0000000000
28803 -83.0000000000
28915 -81.0000000000
28948 -79.0000000000
29041 -78.0000000000
29123 -77.0000000000
29164 -76.0000000000
29211 -75.0000000000
29288 -74.0000000000
29316 -72.0000000000
29412 -71.0000000000
29456 -70.0000000000
29501 -69.0000000000
29579 -68.0000000000
29586 -67.0000000000
29587 -66.0000000000
29670 -65.0000000000
29705 -64.0000000000
29761 -63.0000000000
29783 -62.0000000000
29835 -61.0000000000
29897 -60.0000000000
29919 -59.0000000000
29978 -58.0000000000
30001 -55.0000000000
30167 -54.0000000000
30245 -53.0000000000
30376 -52.0000000000
30385 -51.0000000000
30411 -50.0000000000
30469 -48.0000000000
30625 -47.0000000000
30703 -46.0000000000
30735 -45.0000000000
30830 -44.0000000000
30844 -41.0000000000
30933 -40.0000000000
30956 -39.0000000000
30987 -38.0000000000
31019 -37.0000000000
31111 -35.0000000000
31185 -34.0000000000
31247 -33.0000000000
31362 -32.0000000000
31462 -31.0000000000
31511 -30.0000000000
31602 -28.0000000000
31705 -27.0000000000
31791 -25.0000000000
31871 -24.0000000000
31935 -23.0000000000
31997 -21.0000000000
32084 -20.0000000000
32208 -19.0000000000
32289 -18.0000000000
32299 -17.0000000000
32383 -16.0000000000
32455 -14.0000000000
32495 -13.0000000000
32569 -12.0000000000
32575 -11.0000000000
32768 -10.0000000000
32769 -9.0000000000
32828 -8.0000000000
32890 -7.0000000000
33016 -6.0000000000
33136 -4.0000000000
33267 -2.0000000000
33562 -1.0000000000
33603 598.6700000000
33764 614.4600000000
34075 642.6400000000
34561 642.7500000000
34569 645.1000000000
34607 658.4400000000
34634 666.9100000000
35279 667.0900000000
35633 754.4700000000
35746 757.1700000000
35784 765.8100000000
35810 773.1800000000
36161 788.3400000000
36351 788.6800000000
36471 798.5200000000
36623 798.8400000000
36685 801.5900000000
36809 803.3100000000
36829 803.7500000000
37160 807.0400000000
37290 807.1300000000
37341 810.3900000000
37458 825.0200000000
38118 869.1600000000
38124 881.6000000000
38203 905.2900000000
38250 905.5200000000
38452 906.4800000000
38542 913.9300000000
38603 937.7800000000
38645 941.2000000000
38713 944.2100000000
38758 959.3800000000
38937 965.0600000000
39244 965.3800000000
39608 965.4900000000
39708 965.8300000000
39711 967.9900000000
41471 968.5600000000
41677 1024.8100000000
41913 1032.8000000000
41914 1046.8100000000
41956 1052.7500000000
42122 1054.4100000000
42215 1054.7900000000
42225 1071.3900000000
42264 1102.0300000000
42341 1108.4900000000
42441 1109.7600000000
42453 1113.5100000000
42457 1114.9200000000
42474 1118.0600000000
42477 1131.3600000000
42609 1131.3800000000
42739 1147.2900000000
51708 1152.0500000000
52007 1161.1700000000
52041 1164.4800000000
52165 1167.8000000000
52288 1189.2700000000
52761 1190.6100000000
52859 1193.5500000000
53107 1194.0900000000
53220 1206.1500000000
54356 1207.9000000000
54835 1208.8100000000
54853 1210.2300000000
56774 1212.3400000000
57060 1214.1800000000
57333 1215.4100000000
57992 1216.7800000000
58433 1223.7100000000
59163 1226.1800000000
64995 1228.1400000000
65289 1229.2000000000
67028 1229.5700000000
72122 1234.2500000000
77829 1234.8300000000
89113 1237.0000000000
93634 1238.5700000000
100000 -1.0000000000
evaluations raw_y
1 -1966.0000000000
2 -1911.0000000000
3 -1902.0000000000
4 -1876.0000000000
25 -1874.0000000000
26 -1861.0000000000
42 -1853.0000000000
52 -1820.0000000000
68 -1819.0000000000
81 -1815.0000000000
85 -1795.0000000000
118 -1789.0000000000
148 -1760.0000000000
170 -1748.0000000000
207 -1744.0000000000
223 -1742.0000000000
228 -1721.0000000000
243 -1705.0000000000
302 -1700.0000000000
339 -1693.0000000000
369 -1690.0000000000
381 -1685.0000000000
424 -1684.0000000000
451 -1681.0000000000
466 -1680.0000000000
468 -1677.0000000000
479 -1675.0000000000
511 -1672.0000000000
521 -1670.0000000000
532 -1669.0000000000
545 -1662.0000000000
567 -1661.0000000000
573 -1660.0000000000
582 -1656.0000000000
617 -1655.0000000000
621 -1654.0000000000
631 -1653.0000000000
634 -1649.0000000000
665 -1648.0000000000
684 -1643.0000000000
731 -1641.0000000000
781 -1640.0000000000
783 -1639.0000000000
792 -1638.0000000000
812 -1637.0000000000
813 -1635.0000000000
844 -1634.0000000000
864 -1633.0000000000
867 -1631.0000000000
880 -1630.0000000000
908 -1629.0000000000
924 -1626.0000000000
962 -1622.0000000000
1003 -1621.0000000000
1011 -1620.0000000000
1024 -1616.0000000000
1062 -1615.0000000000
1082 -1614.0000000000
1093 -1613.0000000000
1105 -1611.0000000000
1139 -1610.0000000000
1143 -1609.0000000000
1152 -1607.0000000000
1183 -1602.0000000000
1205 -1600.0000000000
1238 -1599.0000000000
1261 -1598.0000000000
1262 -1597.0000000000
1285 -1594.0000000000
1296 -1592.0000000000
1305 -1589.0000000000
1359 -1588.0000000000
1363 -1587.0000000000
1375 -1586.0000000000
1381 -1584.0000000000
1402 -1583.0000000000
1412 -1581.0000000000
1442 -1580.0000000000
1456 -1577.0000000000
1467 -1574.0000000000
1504 -1573.0000000000
1529 -1572.0000000000
1558 -1571.0000000000
1559 -1570.0000000000
1565 -1569.0000000000
1569 -1568.0000000000
1571 -1567.0000000000
1594 -1566.0000000000
1619 -1565.0000000000
1632 -1564.0000000000
1664 -1560.0000000000
1689 -1557.0000000000
1726 -1555.0000000000
1729 -1554.0000000000
1764 -1552.0000000000
1768 -1549.0000000000
1826 -1548.0000000000
1833 -1546.0000000000
1870 -1545.0000000000
1882 -1544.0000000000
1900 -1542.0000000000
1911 -1541.0000000000
1948 -1539.0000000000
1960 -1538.0000000000
1970 -1537.0000000000
1995 -1536.0000000000
1996 -1535.0000000000
2006 -1530.0000000000
2056 -1527.0000000000
2075 -1526.0000000000
2092 -1525.0000000000
2108 -1524.0000000000
2113 -1523.0000000000
2126 -1520.0000000000
2167 -1519.0000000000
2171 -1516.0000000000
2208 -1514.0000000000
2221 -1512.0000000000
2246 -1511.0000000000
2254 -1509.0000000000
2286 -1508.0000000000
2300 -1507.0000000000
2325 -1506.0000000000
2334 -1505.0000000000
2366 -1503.0000000000
2396 -1501.0000000000
2409 -1500.0000000000
2424 -1499.0000000000
2432 -1496.0000000000
2447 -1495.0000000000
2466 -1494.0000000000
2482 -1493.0000000000
2487 -1491.0000000000
2507 -1489.0000000000
2540 -1487.0000000000
2561 -1486.0000000000
2581 -1485.0000000000
2590 -1483.0000000000
2598 -1482.0000000000
2622 -1481.0000000000
2652 -1479.0000000000
2677 -1476.0000000000
2702 -1475.0000000000
2716 -1474.0000000000
2725 -1473.0000000000
2741 -1471.0000000000
2770 -1469.0000000000
2781 -1468.0000000000
2783 -1467.0000000000
2799 -1466.0000000000
2801 -1464.0000000000
2809 -1462.0000000000
2856 -1459.0000000000
2881 -1458.0000000000
2905 -1457.0000000000
2910 -1455.0000000000
2937 -1453.0000000000
2947 -1452.0000000000
2962 -1451.0000000000
2986 -1449.0000000000
3003 -1445.0000000000
3006 -1444.0000000000
3048 -1443.0000000000
3051 -1442.0000000000
3059 -1441.0000000000
3068 -1440.0000000000
3101 -1435.0000000000
3121 -1434.0000000000
3141 -1433.0000000000
3147 -1431.0000000000
3177 -1429.0000000000
3185 -1428.0000000000
3215 -1426.0000000000
3244 -1424.0000000000
3252 -1423.0000000000
3265 -1422.0000000000
3292 -1420.0000000000
3300 -1418.0000000000
3342 -1417.0000000000
3355 -1416.0000000000
3360 -1415.0000000000
3374 -1414.0000000000
3375 -1413.0000000000
3381 -1412.0000000000
3407 -1411.0000000000
3444 -1410.0000000000
3445 -1409.0000000000
3449 -1408.0000000000
3472 -1406.0000000000
3487 -1403.0000000000
3543 -1402.0000000000
3556 -1401.0000000000
3574 -1400.0000000000
3581 -1398.0000000000
3612 -1397.0000000000
3620 -1396.0000000000
3621 -1394.0000000000
3648 -1393.0000000000
3652 -1392.0000000000
3663 -1390.0000000000
3681 -1389.0000000000
3699 -1388.0000000000
3722 -1387.0000000000
3741 -1385.0000000000
3742 -1383.0000000000
3745 -1382.0000000000
3783 -1381.0000000000
3788 -1379.0000000000
3824 -1378.0000000000
3832 -1373.0000000000
3863 -1372.0000000000
3890 -1371.0000000000
3906 -1369.0000000000
3937 -1367.0000000000
3955 -1366.0000000000
3956 -1364.0000000000
3968 -1361.0000000000
4024 -1360.0000000000
4031 -1359.0000000000
4042 -1358.0000000000
4052 -1354.0000000000
4085 -1353.0000000000
4090 -1351.0000000000
4102 -1350.0000000000
4132 -1349.0000000000
4142 -1348.0000000000
4143 -1347.0000000000
4160 -1346.0000000000
4163 -1345.0000000000
4187 -1343.0000000000
4204 -1342.0000000000
4216 -1341.0000000000
4221 -1337.0000000000
4253 -1336.0000000000
4284 -1334.0000000000
4306 -1333.0000000000
4329 -1331.0000000000
4367 -1330.0000000000
4378 -1329.0000000000
4383 -1326.0000000000
4422 -1325.0000000000
4431 -1324.0000000000
4461 -1322.0000000000
4505 -1321.0000000000
4511 -1320.0000000000
4530 -1317.0000000000
4574 -1314.0000000000
4577 -1313.0000000000
4590 -1312.0000000000
4610 -1310.0000000000
4636 -1309.0000000000
4658 -1308.0000000000
4681 -1305.0000000000
4725 -1302.0000000000
4789 -1301.0000000000
4794 -1297.0000000000
4838 -1296.0000000000
4840 -1294.0000000000
4854 -1293.0000000000
4869 -1291.0000000000
4881 -1290.0000000000
4902 -1288.0000000000
4915 -1287.0000000000
4924 -1285.0000000000
4962 -1284.0000000000
4972 -1283.0000000000
5004 -1282.0000000000
5014 -1280.0000000000
5043 -1279.0000000000
5054 -1278.0000000000
5072 -1277.0000000000
5082 -1276.0000000000
5095 -1272.0000000000
5107 -1271.0000000000
5129 -1270.0000000000
5155 -1269.0000000000
5164 -1266.0000000000
5169 -1265.0000000000
5184 -1264.0000000000
5205 -1262.0000000000
5240 -1261.0000000000
5242 -1258.0000000000
5286 -1257.0000000000
5300 -1254.0000000000
5309 -1253.0000000000
5318 -1252.0000000000
5341 -1251.0000000000
5362 -1248.0000000000
5395 -1245.0000000000
5432 -1244.0000000000
5441 -1243.0000000000
5470 -1242.0000000000
5474 -1241.0000000000
5489 -1240.0000000000
5527 -1239.0000000000
5530 -1234.0000000000
5597 -1233.0000000000
5604 -1231.0000000000
5614 -1230.0000000000
5626 -1229.0000000000
5645 -1226.0000000000
5653 -1225.0000000000
5691 -1222.0000000000
5722 -1220.0000000000
5759 -1219.0000000000
5779 -1218.0000000000
5790 -1213.0000000000
5838 -1212.0000000000
5842 -1211.0000000000
5861 -1210.0000000000
5863 -1209.0000000000
5879 -1208.0000000000
5885 -1207.0000000000
5901 -1206.0000000000
5905 -1204.0000000000
5926 -1202.0000000000
5963 -1201.0000000000
5983 -1199.0000000000
5985 -1198.0000000000
6001 -1197.0000000000
6020 -1195.0000000000
6021 -1191.0000000000
6074 -1190.0000000000
6092 -1189.0000000000
6104 -1187.0000000000
6125 -1186.0000000000
6157 -1184.0000000000
6174 -1183.0000000000
6177 -1182.0000000000
6184 -1181.0000000000
6195 -1177.0000000000
6244 -1175.0000000000
6246 -1174.0000000000
6275 -1171.0000000000
6305 -1170.0000000000
6316 -1169.0000000000
6322 -1168.0000000000
6335 -1167.0000000000
6360 -1162.0000000000
6405 -1158.0000000000
6434 -1157.0000000000
6474 -1156.0000000000
6477 -1153.0000000000
6486 -1151.0000000000
6542 -1150.0000000000
6543 -1149.0000000000
6561 -1147.0000000000
6581 -1145.0000000000
6604 -1144.0000000000
6642 -1143.0000000000
6665 -1141.0000000000
6675 -1138.0000000000
6682 -1134.0000000000
6704 -1132.0000000000
6722 -1130.0000000000
6785 -1129.0000000000
6794 -1128.0000000000
6801 -1127.0000000000
6810 -1126.0000000000
6815 -1125.0000000000
6822 -1123.0000000000
6847 -1120.0000000000
6883 -1115.0000000000
6919 -1114.0000000000
6939 -1113.0000000000
6953 -1112.0000000000
6962 -1110.0000000000
6970 -1107.0000000000
7006 -1105.0000000000
7026 -1102.0000000000
7063 -1101.0000000000
7121 -1098.0000000000
7135 -1097.0000000000
7164 -1094.0000000000
7187 -1092.0000000000
7215 -1090.0000000000
7234 -1088.0000000000
7242 -1086.0000000000
7271 -1083.0000000000
7285 -1082.0000000000
7338 -1081.0000000000
7347 -1080.0000000000
7349 -1077.0000000000
7393 -1076.0000000000
7403 -1073.0000000000
7468 -1072.0000000000
7469 -1070.0000000000
7540 -1068.0000000000
7554 -1067.0000000000
7590 -1065.0000000000
7614 -1064.0000000000
7638 -1063.0000000000
7643 -1059.0000000000
7693 -1057.0000000000
7708 -1053.0000000000
7769 -1052.0000000000
7788 -1051.0000000000
7794 -1050.0000000000
7804 -1049.0000000000
7810 -1048.0000000000
7823 -1045.0000000000
7868 -1044.0000000000
7896 -1040.0000000000
7939 -1039.0000000000
7955 -1037.0000000000
7967 -1036.0000000000
7994 -1035.0000000000
8014 -1034.0000000000
8024 -1032.0000000000
8035 -1031.0000000000
8082 -1030.0000000000
8106 -1029.0000000000
8139 -1025.0000000000
8183 -1024.0000000000
8191 -1023.0000000000
8205 -1020.0000000000
8247 -1019.0000000000
8265 -1018.0000000000
8268 -1017.0000000000
8278 -1014.0000000000
8326 -1012.0000000000
8356 -1011.0000000000
8364 -1009.0000000000
8411 -1008.0000000000
8412 -1007.0000000000
8435 -1006.0000000000
8438 -1004.0000000000
8448 -1003.0000000000
8463 -1002.0000000000
8476 -1001.0000000000
8488 -1000.0000000000
8508 -996.0000000000
8535 -995.0000000000
8565 -994.0000000000
8571 -992.0000000000
8583 -991.0000000000
8633 -990.0000000000
8641 -988.0000000000
8692 -987.0000000000
8702 -986.0000000000
8722 -984.0000000000
8749 -983.0000000000
8770 -982.0000000000
8793 -981.0000000000
8811 -980.0000000000
8814 -978.0000000000
8839 -977.0000000000
8852 -976.0000000000
8865 -974.0000000000
8922 -973.0000000000
8951 -972.0000000000
8961 -971.0000000000
8962 -968.0000000000
8996 -967.0000000000
9059 -965.0000000000
9087 -964.0000000000
9091 -963.0000000000
9125 -962.0000000000
9142 -960.0000000000
9163 -958.0000000000
9171 -957.0000000000
9186 -956.0000000000
9218 -955.0000000000
9231 -954.0000000000
9239 -953.0000000000
9253 -949.0000000000
9305 -947.0000000000
9338 -946.0000000000
9352 -945.0000000000
9364 -943.0000000000
9378 -941.0000000000
9412 -940.0000000000
9428 -937.0000000000
9448 -936.0000000000
9474 -935.0000000000
9504 -934.0000000000
9522 -931.0000000000
9534 -930.0000000000
9546 -929.0000000000
9585 -928.0000000000
9628 -927.0000000000
9630 -926.0000000000
9654 -923.0000000000
9674 -922.0000000000
9693 -921.0000000000
9710 -920.0000000000
9742 -918.0000000000
9781 -917.0000000000
9785 -915.0000000000
9802 -914.0000000000
9823 -912.0000000000
9860 -910.0000000000
9863 -908.0000000000
9905 -906.0000000000
9943 -905.0000000000
9951 -904.0000000000
9995 -902.0000000000
10009 -900.0000000000
10064 -899.0000000000
10074 -897.0000000000
10086 -896.0000000000
10118 -895.0000000000
10136 -894.0000000000
10161 -893.0000000000
10162 -892.0000000000
10187 -890.0000000000
10189 -889.0000000000
10217 -888.0000000000
10244 -887.0000000000
10259 -886.0000000000
10294 -884.0000000000
10303 -880.0000000000
10351 -877.0000000000
10356 -872.0000000000
10405 -871.0000000000
10410 -870.0000000000
10428 -869.0000000000
10436 -868.0000000000
10438 -867.0000000000
10451 -866.0000000000
10485 -861.0000000000
10527 -859.0000000000
10534 -858.0000000000
10541 -856.0000000000
10571 -851.0000000000
10621 -850.0000000000
10659 -849.0000000000
10667 -848.0000000000
10685 -847.0000000000
10701 -846.0000000000
10721 -845.0000000000
10741 -843.0000000000
10783 -842.0000000000
10806 -839.0000000000
10850 -838.0000000000
10862 -836.0000000000
10883 -835.0000000000
10907 -833.0000000000
10942 -831.0000000000
11001 -830.0000000000
11018 -828.0000000000
11050 -826.0000000000
11067 -823.0000000000
11106 -821.0000000000
11127 -820.0000000000
11185 -818.0000000000
11214 -814.0000000000
11257 -812.0000000000
11281 -811.0000000000
11303 -810.0000000000
11339 -809.0000000000
11347 -808.0000000000
11385 -807.0000000000
11393 -806.0000000000
11404 -805.0000000000
11429 -803.0000000000
11464 -802.0000000000
11481 -800.0000000000
11528 -799.0000000000
11533 -798.0000000000
11561 -797.0000000000
11582 -796.0000000000
11615 -794.0000000000
11632 -790.0000000000
11690 -789.0000000000
11719 -786.0000000000
11744 -785.0000000000
11779 -784.0000000000
11801 -782.0000000000
11860 -781.0000000000
11870 -780.0000000000
11888 -778.0000000000
11899 -777.0000000000
11946 -776.0000000000
11967 -774.0000000000
11980 -773.0000000000
12018 -771.0000000000
12027 -769.0000000000
12063 -768.0000000000
12072 -767.0000000000
12090 -765.0000000000
12107 -764.0000000000
12129 -763.0000000000
12140 -762.0000000000
12206 -761.0000000000
12221 -758.0000000000
12248 -756.0000000000
12287 -753.0000000000
12353 -752.0000000000
12356 -750.0000000000
12378 -749.0000000000
12408 -748.0000000000
12432 -745.0000000000
12442 -744.0000000000
12492 -743.0000000000
12547 -740.0000000000
12595 -739.0000000000
12615 -738.0000000000
12641 -737.0000000000
12657 -736.0000000000
12675 -734.0000000000
12702 -732.0000000000
12732 -730.0000000000
12742 -729.0000000000
12765 -728.0000000000
12781 -727.0000000000
12793 -725.0000000000
12829 -724.0000000000
12864 -723.0000000000
12885 -722.0000000000
12898 -721.0000000000
12945 -720.0000000000
12959 -719.0000000000
12984 -717.0000000000
13024 -715.0000000000
13082 -713.0000000000
13106 -712.0000000000
13124 -710.0000000000
13150 -709.0000000000
13162 -707.0000000000
13215 -706.0000000000
13232 -705.0000000000
13271 -704.0000000000
13289 -702.0000000000
13324 -699.0000000000
13343 -698.0000000000
13376 -696.0000000000
13395 -694.0000000000
13426 -692.0000000000
13447 -691.0000000000
13460 -690.0000000000
13470 -689.0000000000
13499 -688.0000000000
13503 -686.0000000000
13551 -685.0000000000
13562 -682.0000000000
13594 -680.0000000000
13635 -679.0000000000
13646 -678.0000000000
13649 -677.0000000000
13689 -675.0000000000
13699 -674.0000000000
13718 -673.0000000000
13739 -671.0000000000
13785 -667.0000000000
13827 -664.0000000000
13901 -663.0000000000
13903 -662.0000000000
13932 -659.0000000000
13969 -657.0000000000
13997 -655.0000000000
14042 -654.0000000000
14062 -653.0000000000
14064 -652.0000000000
14086 -651.0000000000
14101 -649.0000000000
14125 -648.0000000000
14145 -647.0000000000
14193 -646.0000000000
14200 -645.0000000000
14204 -644.0000000000
14244 -643.0000000000
14268 -639.0000000000
14331 -637.0000000000
14381 -636.0000000000
14402 -632.0000000000
14470 -631.0000000000
14484 -628.0000000000
14519 -627.0000000000
14558 -626.0000000000
14593 -625.0000000000
14598 -624.0000000000
14612 -622.0000000000
14635 -621.0000000000
14688 -620.0000000000
14731 -619.0000000000
14780 -618.0000000000
14794 -617.0000000000
14822 -616.0000000000
14858 -615.0000000000
14872 -613.0000000000
14885 -612.0000000000
14903 -611.0000000000
14934 -610.0000000000
14974 -609.0000000000
14978 -607.0000000000
15022 -606.0000000000
15023 -605.0000000000
15040 -603.0000000000
15078 -602.0000000000
15089 -601.0000000000
15105 -599.0000000000
15132 -597.0000000000
15151 -596.0000000000
15163 -595.0000000000
15184 -594.0000000000
15189 -592.0000000000
15242 -588.0000000000
15283 -587.0000000000
15284 -586.0000000000
15322 -585.0000000000
15333 -584.0000000000
15344 -583.0000000000
15360 -582.0000000000
15369 -581.0000000000
15426 -580.0000000000
15427 -579.0000000000
15487 -577.0000000000
15492 -576.0000000000
15517 -574.0000000000
15545 -571.0000000000
15579 -570.0000000000
15604 -568.0000000000
15630 -566.0000000000
15680 -563.0000000000
15745 -561.0000000000
15748 -560.0000000000
15808 -558.0000000000
15833 -555.0000000000
15903 -553.0000000000
15949 -552.0000000000
15976 -551.0000000000
15994 -549.0000000000
16029 -547.0000000000
16052 -546.0000000000
16063 -544.0000000000
16082 -542.0000000000
16091 -539.0000000000
16169 -538.0000000000
16223 -537.0000000000
16231 -534.0000000000
16268 -533.0000000000
16285 -532.0000000000
16317 -529.0000000000
16358 -527.0000000000
16405 -526.0000000000
16422 -525.0000000000
16427 -524.0000000000
16482 -523.0000000000
16484 -522.0000000000
16502 -520.0000000000
16573 -517.0000000000
16632 -516.0000000000
16644 -515.0000000000
16654 -514.0000000000
16687 -511.0000000000
16701 -510.0000000000
16733 -508.0000000000
16783 -506.0000000000
16801 -505.0000000000
16822 -503.0000000000
16858 -501.0000000000
16878 -499.0000000000
16915 -497.0000000000
16938 -495.0000000000
16966 -494.0000000000
16991 -493.0000000000
17029 -492.0000000000
17063 -491.0000000000
17070 -490.0000000000
17095 -489.0000000000
17113 -484.0000000000
17152 -482.0000000000
17201 -481.0000000000
17241 -480.0000000000
17269 -479.0000000000
17281 -478.0000000000
17328 -475.0000000000
17367 -473.0000000000
17386 -472.0000000000
17436 -471.0000000000
17444 -470.0000000000
17469 -469.0000000000
17512 -468.0000000000
17526 -464.0000000000
17544 -463.0000000000
17609 -461.0000000000
17633 -460.0000000000
17643 -459.0000000000
17648 -458.0000000000
17667 -457.0000000000
17715 -456.0000000000
17731 -454.0000000000
17743 -451.0000000000
17817 -448.0000000000
17830 -447.0000000000
17866 -446.0000000000
17911 -445.0000000000
17922 -444.0000000000
17964 -441.0000000000
18008 -440.0000000000
18030 -437.0000000000
18098 -436.0000000000
18124 -435.0000000000
18150 -434.0000000000
18179 -433.0000000000
18197 -432.0000000000
18206 -431.0000000000
18231 -430.0000000000
18262 -429.0000000000
18304 -427.0000000000
18413 -425.0000000000
18435 -424.0000000000
18459 -423.0000000000
18478 -422.0000000000
18509 -421.0000000000
18575 -419.0000000000
18580 -418.0000000000
18598 -417.0000000000
18606 -415.0000000000
18639 -414.0000000000
18703 -413.0000000000
18706 -412.0000000000
18727 -411.0000000000
18759 -410.0000000000
18762 -407.0000000000
18848 -405.0000000000
18851 -404.0000000000
18861 -403.0000000000
18918 -402.0000000000
18948 -401.0000000000
18988 -400.0000000000
19001 -398.0000000000
19021 -397.0000000000
19031 -396.0000000000
19063 -392.0000000000
19123 -391.0000000000
19143 -388.0000000000
19196 -387.0000000000
19262 -386.0000000000
19293 -385.0000000000
19302 -384.0000000000
19345 -383.0000000000
19363 -382.0000000000
19388 -381.0000000000
19395 -380.0000000000
19428 -379.0000000000
19470 -378.0000000000
19524 -377.0000000000
19584 -376.0000000000
19589 -375.0000000000
19642 -371.0000000000
19722 -370.0000000000
19750 -369.0000000000
19784 -368.0000000000
19834 -366.0000000000
19848 -365.0000000000
19862 -364.0000000000
19901 -363.0000000000
19914 -360.0000000000
19983 -359.0000000000
19987 -357.0000000000
20009 -355.0000000000
20064 -353.0000000000
20121 -352.0000000000
20143 -350.0000000000
20228 -349.0000000000
20229 -345.0000000000
20318 -343.0000000000
20346 -342.0000000000
20372 -341.0000000000
20412 -340.0000000000
20433 -338.0000000000
20487 -337.0000000000
20569 -335.0000000000
20612 -334.0000000000
20617 -333.0000000000
20635 -331.0000000000
20717 -329.0000000000
20729 -328.0000000000
20781 -327.0000000000
20844 -325.0000000000
20886 -324.0000000000
20956 -321.0000000000
20970 -318.0000000000
21024 -317.0000000000
21061 -316.0000000000
21079 -315.0000000000
21122 -314.0000000000
21142 -312.0000000000
21203 -311.0000000000
21246 -310.0000000000
21285 -309.0000000000
21359 -307.0000000000
21381 -305.0000000000
21407 -304.0000000000
21440 -303.0000000000
21506 -302.0000000000
21534 -300.0000000000
21543 -299.0000000000
21584 -298.0000000000
21633 -296.0000000000
21663 -294.0000000000
21692 -293.0000000000
21706 -292.0000000000
21773 -291.0000000000
21808 -288.0000000000
21871 -287.0000000000
21988 -286.0000000000
21994 -284.0000000000
22009 -283.0000000000
22049 -282.0000000000
22089 -281.0000000000
22130 -280.0000000000
22141 -279.0000000000
22184 -278.0000000000
22209 -275.0000000000
22228 -274.0000000000
22266 -273.0000000000
22267 -272.0000000000
22341 -271.0000000000
22371 -269.0000000000
22417 -268.0000000000
22447 -267.0000000000
22472 -265.0000000000
22505 -264.0000000000
22544 -263.0000000000
22613 -262.0000000000
22617 -261.0000000000
22657 -260.0000000000
22663 -259.0000000000
22732 -258.0000000000
22776 -257.0000000000
22786 -255.0000000000
22893 -252.0000000000
22941 -251.0000000000
22996 -250.0000000000
23021 -249.0000000000
23062 -248.0000000000
23129 -247.0000000000
23164 -246.0000000000
23222 -245.0000000000
23232 -244.0000000000
23247 -243.0000000000
23325 -240.0000000000
23409 -239.0000000000
23469 -237.0000000000
23508 -235.0000000000
23530 -234.0000000000
23555 -233.0000000000
23620 -232.0000000000
23633 -231.0000000000
23664 -230.0000000000
23720 -229.0000000000
23726 -228.0000000000
23817 -225.0000000000
23845 -224.0000000000
23904 -223.0000000000
23955 -220.0000000000
24001 -218.0000000000
24062 -216.0000000000
24128 -214.0000000000
24177 -213.0000000000
24183 -212.0000000000
24204 -209.0000000000
24243 -208.0000000000
24321 -205.0000000000
24407 -204.0000000000
24418 -203.0000000000
24468 -202.0000000000
24504 -200.0000000000
24563 -199.0000000000
24607 -198.0000000000
24665 -197.0000000000
24704 -196.0000000000
24723 -195.0000000000
24748 -194.0000000000
24785 -193.0000000000
24786 -192.0000000000
24811 -190.0000000000
24873 -188.0000000000
24921 -187.0000000000
24924 -186.0000000000
24972 -185.0000000000
25021 -184.0000000000
25044 -183.0000000000
25082 -182.0000000000
25147 -181.0000000000
25180 -180.0000000000
25208 -179.0000000000
25246 -178.0000000000
25274 -177.0000000000
25399 -176.0000000000
25436 -174.0000000000
25464 -173.0000000000
25506 -172.0000000000
25570 -171.0000000000
25590 -170.0000000000
25633 -168.0000000000
25721 -167.0000000000
25750 -166.0000000000
25752 -165.0000000000
25757 -164.0000000000
25807 -163.0000000000
25811 -162.0000000000
25926 -161.0000000000
25953 -159.0000000000
25980 -158.0000000000
26002 -157.0000000000
26052 -155.0000000000
26087 -153.0000000000
26132 -152.0000000000
26185 -150.0000000000
26348 -148.0000000000
26393 -147.0000000000
26448 -146.0000000000
26456 -145.0000000000
26519 -142.0000000000
26569 -141.0000000000
26642 -139.0000000000
26717 -138.0000000000
26768 -137.0000000000
26803 -135.0000000000
26877 -134.0000000000
26883 -133.0000000000
26903 -132.0000000000
26920 -131.0000000000
27003 -130.0000000000
27029 -129.0000000000
27043 -128.0000000000
27113 -127.0000000000
27175 -126.0000000000
27180 -125.0000000000
27266 -124.0000000000
27285 -123.0000000000
27336 -122.0000000000
27397 -120.0000000000
27434 -119.0000000000
27492 -118.0000000000
27535 -117.0000000000
27557 -116.0000000000
27573 -115.0000000000
27644 -112.0000000000
27746 -111.0000000000
27782 -110.0000000000
27802 -109.0000000000
27807 -107.0000000000
27871 -106.0000000000
27888 -105.0000000000
27925 -104.0000000000
27966 -101.0000000000
27997 -100.0000000000
28028 -99.0000000000
28085 -98.0000000000
28110 -94.0000000000
28147 -93.0000000000
28162 -92.0000000000
28213 -91.0000000000
28294 -89.0000000000
28321 -88.0000000000
28401 -86.0000000000
28564 -84.0000000000
28608 -83.0000000000
28620 -82.0000000000
28623 -81.0000000000
28665 -80.0000000000
28680 -79.0000000000
28684 -78.0000000000
28837 -77.0000000000
28867 -76.0000000000
28872 -75.0000000000
28936 -74.0000000000
28961 -71.0000000000
29014 -70.0000000000
29029 -68.0000000000
29139 -67.0000000000
29181 -64.0000000000
29271 -63.0000000000
29313 -61.0000000000
29472 -60.0000000000
29637 -59.0000000000
29712 -57.0000000000
29861 -56.0000000000
29889 -54.0000000000
29989 -52.0000000000
30039 -50.0000000000
30167 -49.0000000000
30229 -48.0000000000
30285 -47.0000000000
30303 -46.0000000000
30345 -44.0000000000
30425 -43.0000000000
30482 -42.0000000000
30627 -41.0000000000
30689 -40.0000000000
30820 -39.0000000000
30847 -38.0000000000
30894 -37.0000000000
30958 -36.0000000000
31012 -35.0000000000
31015 -34.0000000000
31077 -33.0000000000
31255 -32.0000000000
31325 -31.0000000000
31348 -30.0000000000
31438 -29.0000000000
31486 -28.0000000000
31581 -27.0000000000
31665 -26.0000000000
31688 -23.0000000000
31816 -22.0000000000
31955 -21.0000000000
31971 -20.0000000000
32042 -19.0000000000
32120 -18.0000000000
32209 -17.0000000000
32265 -16.0000000000
32351 -15.0000000000
32516 -14.0000000000
32542 -13.0000000000
32586 -12.0000000000
32630 -11.0000000000
32725 -10.0000000000
32871 -9.0000000000
32985 -8.0000000000
33067 -7.0000000000
33148 -5.0000000000
33254 -4.0000000000
33337 -3.0000000000
33404 -2.0000000000
33486 -1.0000000000
33569 578.8400000000
33662 585.8300000000
33671 592.7900000000
33746 594.3800000000
33776 596.0100000000
33811 605.8500000000
33850 606.8600000000
33969 692.7600000000
33988 711.2400000000
34010 719.8900000000
34028 720.8800000000
34107 791.7600000000
34313 809.6400000000
34334 812.3800000000
34387 815.5100000000
34411 826.4100000000
34482 828.5400000000
34604 834.4700000000
35168 845.5300000000
36051 849.9700000000
36381 850.6000000000
36559 852.8300000000
36796 856.6700000000
37009 856.8400000000
37021 872.3100000000
37407 875.2800000000
37919 883.5000000000
39321 905.5300000000
39333 945.9700000000
39347 952.9600000000
39350 956.8100000000
39368 962.1900000000
39440 1017.4300000000
39543 1018.6400000000
39579 1026.0400000000
39703 1032.9000000000
39894 1035.3600000000
40318 1037.3100000000
41199 1040.4800000000
41497 1042.6800000000
42054 1045.0100000000
42386 1046.6000000000
42657 1079.9300000000
42741 1081.0100000000
42769 1092.2000000000
42905 1094.7400000000
43070 1096.6100000000
43094 1096.9700000000
43295 1102.5500000000
43352 1113.7500000000
44580 1115.9500000000
45002 1118.7400000000
45035 1125.8200000000
45257 1128.3700000000
45367 1132.4900000000
46344 1132.6500000000
46600 1133.8200000000
46632 1134.8700000000
46664 1139.3500000000
46698 1140.4500000000
46883 1140.4800000000
46948 1146.2800000000
47000 1150.0600000000
47758 1150.1300000000
48386 1152.9200000000
48693 1156.9200000000
48737 1170.7500000000
49226 1175.5000000000
49597 1177.6300000000
49723 1177.8700000000
49730 1191.7100000000
49790 1192.8700000000
49886 1195.4600000000
49906 1206.9700000000
52339 1208.5600000000
52348 1217.4100000000
52457 1219.4400000000
52482 1222.3400000000
52544 1223.4900000000
52743 1224.7100000000
52769 1224.7800000000
53209 1225.6800000000
53304 1229.6800000000
53562 1234.4700000000
55288 1235.6400000000
55619 1236.2900000000
55707 1236.6400000000
56255 1239.3400000000
56743 1239.5000000000
56835 1247.3000000000
59108 1250.3800000000
61212 1251.8400000000
62293 1253.3900000000
62684 1254.5300000000
64204 1255.1300000000
68031 1255.4900000000
68309 1257.5700000000
70163 1258.8600000000
70240 1261.6300000000
71461 1264.9800000000
80750 1266.3600000000
83146 1271.9500000000
100000 -1.0000000000
evaluations raw_y
1 -1890.0000000000
10 -1883.0000000000
14 -1858.0000000000
23 -1857.0000000000
29 -1812.0000000000
64 -1811.0000000000
81 -1802.0000000000
82 -1800.0000000000
102 -1784.0000000000
124 -1778.0000000000
138 -1772.0000000000
149 -1768.0000000000
181 -1765.0000000000
187 -1755.0000000000
204 -1745.0000000000
211 -1741.0000000000
238 -1738.0000000000
261 -1733.0000000000
292 -1732.0000000000
294 -1711.0000000000
317 -1709.0000000000
326 -1701.0000000000
350 -1695.0000000000
361 -1694.0000000000
364 -1691.0000000000
395 -1687.0000000000
402 -1686.0000000000
404 -1682.0000000000
417 -1678.0000000000
428 -1677.0000000000
438 -1675.0000000000
443 -1656.0000000000
505 -1652.0000000000
516 -1649.0000000000
542 -1648.0000000000
548 -1646.0000000000
550 -1641.0000000000
575 -1639.0000000000
578 -1637.0000000000
587 -1634.0000000000
607 -1630.0000000000
621 -1628.0000000000
624 -1626.0000000000
629 -1622.0000000000
650 -1618.0000000000
672 -1613.0000000000
740 -1611.0000000000
746 -1609.0000000000
749 -1608.0000000000
751 -1606.0000000000
786 -1601.0000000000
809 -1600.0000000000
850 -1598.0000000000
851 -1597.0000000000
864 -1596.0000000000
867 -1595.0000000000
879 -1594.0000000000
882 -1593.0000000000
891 -1589.0000000000
938 -1587.0000000000
949 -1586.0000000000
968 -1585.0000000000
969 -1583.0000000000
991 -1582.0000000000
1002 -1581.0000000000
1004 -1579.0000000000
1040 -1576.0000000000
1061 -1575.0000000000
1083 -1574.0000000000
1097 -1573.0000000000
1109 -1572.0000000000
1120 -1570.0000000000
1125 -1567.0000000000
1154 -1564.0000000000
1194 -1562.0000000000
1222 -1561.0000000000
1248 -1559.0000000000
1263 -1557.0000000000
1284 -1556.0000000000
1305 -1551.0000000000
1330 -1550.0000000000
1366 -1549.0000000000
1367 -1546.0000000000
1385 -1545.0000000000
1406 -1544.0000000000
1423 -1542.0000000000
1448 -1541.0000000000
1471 -1538.0000000000
1506 -1536.0000000000
1521 -1535.0000000000
1522 -1534.0000000000
1525 -1532.0000000000
1564 -1531.0000000000
1581 -1527.0000000000
1627 -1526.0000000000
1632 -1523.0000000000
1647 -1520.0000000000
1663 -1519.0000000000
1693 -1516.0000000000
1703 -1515.0000000000
1721 -1514.0000000000
1750 -1513.0000000000
1761 -1511.0000000000
1762 -1510.0000000000
1786 -1508.0000000000
1829 -1507.0000000000
1832 -1506.0000000000
1851 -1505.0000000000
1874 -1504.0000000000
1878 -1503.0000000000
1904 -1502.0000000000
1907 -1500.0000000000
1921 -1499.0000000000
1949 -1496.0000000000
1961 -1495.0000000000
1982 -1494.0000000000
2001 -1493.0000000000
2002 -1491.0000000000
2008 -1487.0000000000
2066 -1483.0000000000
2120 -1482.0000000000
2130 -1481.0000000000
2134 -1480.0000000000
2143 -1479.0000000000
2166 -1477.0000000000
2183 -1476.0000000000
2209 -1474.0000000000
2224 -1472.0000000000
2252 -1471.0000000000
2264 -1468.0000000000
2283 -1467.0000000000
2311 -1466.0000000000
2329 -1464.0000000000
2355 -1463.0000000000
2356 -1462.0000000000
2379 -1461.0000000000
2413 -1459.0000000000
2424 -1458.0000000000
2438 -1456.0000000000
2459 -1452.0000000000
2487 -1450.0000000000
2490 -1449.0000000000
2502 -1448.0000000000
2524 -1447.0000000000
2543 -1446.0000000000
2557 -1442.0000000000
2583 -1441.0000000000
2602 -1438.0000000000
2632 -1437.0000000000
2645 -1436.0000000000
2665 -1434.0000000000
2690 -1433.0000000000
2727 -1431.0000000000
2731 -1429.0000000000
2743 -1428.0000000000
2754 -1426.0000000000
2767 -1423.0000000000
2800 -1422.0000000000
2840 -1421.0000000000
2842 -1420.0000000000
2845 -1417.0000000000
2883 -1416.0000000000
2895 -1414.0000000000
2923 -1410.0000000000
2947 -1409.0000000000
2963 -1406.0000000000
2994 -1405.0000000000
3004 -1402.0000000000
3030 -1400.0000000000
3063 -1399.0000000000
3072 -1398.0000000000
3109 -1397.0000000000
3120 -1396.0000000000
3125 -1395.0000000000
3146 -1394.0000000000
3150 -1389.0000000000
3165 -1388.0000000000
3170 -1387.0000000000
3208 -1386.0000000000
3221 -1385.0000000000
3257 -1383.0000000000
3266 -1381.0000000000
3286 -1380.0000000000
3308 -1378.0000000000
3309 -1377.0000000000
3321 -1372.0000000000
3381 -1371.0000000000
3382 -1368.0000000000
3418 -1367.0000000000
3427 -1364.0000000000
3472 -1360.0000000000
3503 -1358.0000000000
3526 -1357.0000000000
3528 -1356.0000000000
3534 -1355.0000000000
3561 -1354.0000000000
3564 -1353.0000000000
3568 -1352.0000000000
3587 -1350.0000000000
3609 -1349.0000000000
3628 -1347.0000000000
3641 -1346.0000000000
3650 -1345.0000000000
3662 -1344.0000000000
3682 -1343.0000000000
3701 -1342.0000000000
3714 -1340.0000000000
3734 -1338.0000000000
3762 -1337.0000000000
3769 -1336.0000000000
3790 -1333.0000000000
3806 -1332.0000000000
3846 -1331.0000000000
3875 -1329.0000000000
3884 -1327.0000000000
3929 -1326.0000000000
3937 -1325.0000000000
3941 -1323.0000000000
3970 -1320.0000000000
3981 -1319.0000000000
4001 -1315.0000000000
4042 -1314.0000000000
4058 -1311.0000000000
4106 -1306.0000000000
4162 -1305.0000000000
4182 -1302.0000000000
4184 -1301.0000000000
4208 -1300.0000000000
4219 -1299.0000000000
4239 -1297.0000000000
4242 -1294.0000000000
4322 -1293.0000000000
4324 -1291.0000000000
4327 -1290.0000000000
4364 -1288.0000000000
4416 -1284.0000000000
4472 -1283.0000000000
4484 -1281.0000000000
4502 -1279.0000000000
4511 -1278.0000000000
4521 -1272.0000000000
4598 -1270.0000000000
4606 -1268.0000000000
4627 -1267.0000000000
4636 -1266.0000000000
4661 -1265.0000000000
4667 -1264.0000000000
4687 -1263.0000000000
4694 -1262.0000000000
4698 -1259.0000000000
4712 -1258.0000000000
4741 -1256.0000000000
4761 -1254.0000000000
4777 -1253.0000000000
4794 -1252.0000000000
4805 -1251.0000000000
4829 -1250.0000000000
4841 -1248.0000000000
4866 -1246.0000000000
4883 -1244.0000000000
4904 -1243.0000000000
4910 -1242.0000000000
4933 -1239.0000000000
4964 -1236.0000000000
5002 -1234.0000000000
5007 -1233.0000000000
5034 -1232.0000000000
5062 -1231.0000000000
5076 -1230.0000000000
5087 -1228.0000000000
5102 -1227.0000000000
5125 -1226.0000000000
5129 -1225.0000000000
5148 -1224.0000000000
5166 -1222.0000000000
5192 -1220.0000000000
5202 -1216.0000000000
5224 -1215.0000000000
5243 -1214.0000000000
5283 -1212.0000000000
5288 -1210.0000000000
5306 -1208.0000000000
5354 -1207.0000000000
5377 -1202.0000000000
5393 -1201.0000000000
5433 -1200.0000000000
5446 -1197.0000000000
5462 -1196.0000000000
5463 -1195.0000000000
5512 -1193.0000000000
5544 -1192.0000000000
5563 -1191.0000000000
5573 -1189.0000000000
5581 -1188.0000000000
5601 -1186.0000000000
5622 -1184.0000000000
5663 -1179.0000000000
5716 -1176.0000000000
5737 -1174.0000000000
5765 -1173.0000000000
5771 -1172.0000000000
5786 -1171.0000000000
5796 -1169.0000000000
5823 -1167.0000000000
5859 -1164.0000000000
5871 -1159.0000000000
5910 -1158.0000000000
5929 -1157.0000000000
5963 -1154.0000000000
5970 -1153.0000000000
6004 -1152.0000000000
6007 -1148.0000000000
6045 -1147.0000000000
6064 -1145.0000000000
6095 -1144.0000000000
6102 -1143.0000000000
6110 -1141.0000000000
6122 -1139.0000000000
6180 -1137.0000000000
6183 -1135.0000000000
6202 -1134.0000000000
6211 -1133.0000000000
6256 -1131.0000000000
6283 -1129.0000000000
6307 -1128.0000000000
6319 -1127.0000000000
6341 -1126.0000000000
6348 -1125.0000000000
6375 -1124.0000000000
6386 -1123.0000000000
6403 -1122.0000000000
6416 -1121.0000000000
6418 -1120.0000000000
6423 -1118.0000000000
6482 -1116.0000000000
6507 -1114.0000000000
6536 -1113.0000000000
6542 -1112.0000000000
6543 -1110.0000000000
6571 -1109.0000000000
6576 -1108.0000000000
6591 -1106.0000000000
6594 -1105.0000000000
6628 -1104.0000000000
6647 -1100.0000000000
6681 -1099.0000000000
6701 -1098.0000000000
6705 -1097.0000000000
6741 -1094.0000000000
6762 -1092.0000000000
6801 -1090.0000000000
6848 -1084.0000000000
6908 -1083.0000000000
6925 -1081.0000000000
6941 -1078.0000000000
6974 -1077.0000000000
6981 -1073.0000000000
7029 -1071.0000000000
7072 -1070.0000000000
7099 -1069.0000000000
7116 -1068.0000000000
7138 -1067.0000000000
7164 -1066.0000000000
7176 -1065.0000000000
7185 -1064.0000000000
7195 -1061.0000000000
7223 -1060.0000000000
7242 -1058.0000000000
7262 -1057.0000000000
7293 -1056.0000000000
7328 -1055.0000000000
7333 -1053.0000000000
7335 -1052.0000000000
7359 -1051.0000000000
7382 -1049.0000000000
7404 -1046.0000000000
7437 -1045.0000000000
7464 -1044.0000000000
7466 -1043.0000000000
7481 -1039.0000000000
7541 -1038.0000000000
7551 -1037.0000000000
7565 -1036.0000000000
7583 -1035.0000000000
7587 -1033.0000000000
7600 -1031.0000000000
7620 -1030.0000000000
7644 -1028.0000000000
7694 -1026.0000000000
7728 -1025.0000000000
7738 -1024.0000000000
7755 -1022.0000000000
7770 -1021.0000000000
7780 -1020.0000000000
7822 -1018.0000000000
7853 -1017.0000000000
7888 -1016.0000000000
7901 -1014.0000000000
7902 -1013.0000000000
7968 -1012.0000000000
7979 -1008.0000000000
8028 -1006.0000000000
8046 -1005.0000000000
8047 -1002.0000000000
8073 -1001.0000000000
8093 -1000.0000000000
8098 -998.0000000000
8106 -995.0000000000
8154 -994.0000000000
8166 -988.0000000000
8215 -986.0000000000
8243 -985.0000000000
8277 -984.0000000000
8295 -983.0000000000
8302 -982.0000000000
8347 -981.0000000000
8388 -980.0000000000
8389 -979.0000000000
8421 -978.0000000000
8425 -977.0000000000
8454 -976.0000000000
8490 -975.0000000000
8512 -974.0000000000
8525 -973.0000000000
8534 -971.0000000000
8562 -970.0000000000
8581 -967.0000000000
8628 -966.0000000000
8654 -964.0000000000
8667 -963.0000000000
8691 -959.0000000000
8723 -957.0000000000
8728 -956.0000000000
8752 -955.0000000000
8772 -953.0000000000
8801 -952.0000000000
8805 -950.0000000000
8841 -948.0000000000
8861 -945.0000000000
8901 -944.0000000000
8927 -943.0000000000
8932 -942.0000000000
8947 -941.0000000000
8976 -940.0000000000
8981 -938.0000000000
9007 -937.0000000000
9026 -935.0000000000
9051 -933.0000000000
9103 -930.0000000000
9110 -928.0000000000
9124 -925.0000000000
9142 -924.0000000000
9176 -922.0000000000
9212 -919.0000000000
9252 -917.0000000000
9278 -915.0000000000
9297 -914.0000000000
9306 -913.0000000000
9338 -912.0000000000
9356 -911.0000000000
9383 -908.0000000000
9442 -907.0000000000
9443 -903.0000000000
9499 -901.0000000000
9503 -899.0000000000
9523 -897.0000000000
9576 -896.0000000000
9590 -894.0000000000
9619 -893.0000000000
9642 -892.0000000000
9672 -891.0000000000
9707 -890.0000000000
9724 -889.0000000000
9749 -888.0000000000
9764 -887.0000000000
9786 -886.0000000000
9806 -885.0000000000
9810 -884.0000000000
9825 -882.0000000000
9848 -881.0000000000
9870 -880.0000000000
9897 -879.0000000000
9915 -878.0000000000
9929 -877.0000000000
9961 -875.0000000000
9982 -873.0000000000
9989 -872.0000000000
10028 -871.0000000000
10036 -870.0000000000
10062 -869.0000000000
10071 -868.0000000000
10078 -867.0000000000
10091 -866.0000000000
10101 -865.0000000000
10111 -863.0000000000
10153 -861.0000000000
10181 -860.0000000000
10201 -859.0000000000
10220 -858.0000000000
10262 -855.0000000000
10296 -853.0000000000
10316 -852.0000000000
10353 -850.0000000000
10365 -849.0000000000
10393 -846.0000000000
10406 -845.0000000000
10421 -844.0000000000
10447 -843.0000000000
10461 -842.0000000000
10486 -840.0000000000
10510 -839.0000000000
10528 -838.0000000000
10533 -836.0000000000
10541 -834.0000000000
10603 -833.0000000000
10637 -831.0000000000
10643 -830.0000000000
10662 -829.0000000000
10696 -828.0000000000
10698 -827.0000000000
10733 -826.0000000000
10740 -825.0000000000
10780 -823.0000000000
10781 -822.0000000000
10813 -820.0000000000
10845 -819.0000000000
10862 -816.0000000000
10891 -815.0000000000
10923 -810.0000000000
10987 -808.0000000000
10997 -807.0000000000
11031 -806.0000000000
11046 -805.0000000000
11064 -803.0000000000
11104 -802.0000000000
11109 -801.0000000000
11131 -800.0000000000
11144 -799.0000000000
11152 -798.0000000000
11180 -796.0000000000
11205 -795.0000000000
11207 -794.0000000000
11246 -793.0000000000
11260 -792.0000000000
11282 -790.0000000000
11308 -789.0000000000
11311 -788.0000000000
11343 -787.0000000000
11359 -786.0000000000
11374 -785.0000000000
11403 -783.0000000000
11410 -782.0000000000
11423 -781.0000000000
11444 -780.0000000000
11457 -778.0000000000
11475 -777.0000000000
11522 -776.0000000000
11542 -775.0000000000
11545 -774.0000000000
11553 -773.0000000000
11562 -769.0000000000
11563 -768.0000000000
11584 -766.0000000000
11650 -761.0000000000
11691 -758.0000000000
11772 -757.0000000000
11787 -756.0000000000
11822 -755.0000000000
11825 -754.0000000000
11842 -752.0000000000
11871 -751.0000000000
11890 -748.0000000000
11943 -747.0000000000
11956 -745.0000000000
11971 -744.0000000000
12024 -743.0000000000
12034 -741.0000000000
12050 -739.0000000000
12071 -738.0000000000
12086 -737.0000000000
12127 -736.0000000000
12136 -735.0000000000
12146 -733.0000000000
12154 -730.0000000000
12186 -728.0000000000
12190 -727.0000000000
12238 -726.0000000000
12258 -724.0000000000
12281 -723.0000000000
12306 -721.0000000000
12345 -718.0000000000
12404 -716.0000000000
12421 -715.0000000000
12445 -713.0000000000
12462 -712.0000000000
12465 -711.0000000000
12498 -709.0000000000
12506 -706.0000000000
12561 -705.0000000000
12598 -703.0000000000
12607 -702.0000000000
12666 -701.0000000000
12684 -700.0000000000
12686 -699.0000000000
12699 -697.0000000000
12726 -695.0000000000
12775 -691.0000000000
12836 -689.0000000000
12864 -688.0000000000
12914 -687.0000000000
12935 -683.0000000000
12968 -681.0000000000
13020 -680.0000000000
13042 -679.0000000000
13049 -678.0000000000
13085 -677.0000000000
13104 -676.0000000000
13147 -675.0000000000
13166 -672.0000000000
13206 -671.0000000000
13240 -670.0000000000
13250 -667.0000000000
13308 -666.0000000000
13321 -665.0000000000
13362 -664.0000000000
13376 -663.0000000000
13382 -662.0000000000
13390 -660.0000000000
13434 -659.0000000000
13443 -656.0000000000
13531 -655.0000000000
13543 -653.0000000000
13607 -652.0000000000
13622 -651.0000000000
13628 -650.0000000000
13661 -649.0000000000
13689 -647.0000000000
13701 -644.0000000000
13747 -642.0000000000
13763 -640.0000000000
13814 -638.0000000000
13844 -637.0000000000
13877 -636.0000000000
13904 -635.0000000000
13934 -634.0000000000
13952 -631.0000000000
13991 -629.0000000000
14012 -628.0000000000
14035 -627.0000000000
14054 -626.0000000000
14076 -625.0000000000
14101 -621.0000000000
14162 -619.0000000000
14197 -618.0000000000
14238 -617.0000000000
14279 -615.0000000000
14288 -614.0000000000
14334 -612.0000000000
14357 -610.0000000000
14421 -609.0000000000
14428 -608.0000000000
14451 -607.0000000000
14480 -606.0000000000
14501 -604.0000000000
14512 -603.0000000000
14552 -600.0000000000
14586 -598.0000000000
14625 -596.0000000000
14641 -595.0000000000
14687 -592.0000000000
14736 -590.0000000000
14777 -588.0000000000
14789 -587.0000000000
14819 -586.0000000000
14834 -585.0000000000
14876 -583.0000000000
14884 -582.0000000000
14893 -581.0000000000
14938 -580.0000000000
14945 -579.0000000000
14976 -578.0000000000
14995 -577.0000000000
15028 -576.0000000000
15042 -575.0000000000
15070 -573.0000000000
15112 -571.0000000000
15156 -569.0000000000
15198 -568.0000000000
15222 -567.0000000000
15228 -566.0000000000
15281 -563.0000000000
15307 -562.0000000000
15334 -561.0000000000
15347 -560.0000000000
15387 -559.0000000000
15399 -558.0000000000
15434 -556.0000000000
15465 -555.0000000000
15470 -553.0000000000
15503 -551.0000000000
15559 -550.0000000000
15561 -549.0000000000
15605 -546.0000000000
15641 -545.0000000000
15704 -544.0000000000
15721 -543.0000000000
15743 -541.0000000000
15781 -540.0000000000
15849 -539.0000000000
15872 -538.0000000000
15889 -536.0000000000
15921 -535.0000000000
15957 -534.0000000000
15984 -533.0000000000
15985 -530.0000000000
16017 -527.0000000000
16097 -526.0000000000
16106 -525.0000000000
16175 -524.0000000000
16176 -522.0000000000
16218 -521.0000000000
16221 -519.0000000000
16266 -518.0000000000
16287 -517.0000000000
16316 -516.0000000000
16328 -515.0000000000
16333 -514.0000000000
16347 -513.0000000000
16404 -512.0000000000
16424 -511.0000000000
16426 -510.0000000000
16476 -508.0000000000
16551 -506.0000000000
16583 -505.0000000000
16632 -504.0000000000
16654 -502.0000000000
16686 -501.0000000000
16700 -500.0000000000
16708 -499.0000000000
16722 -498.0000000000
16781 -497.0000000000
16783 -496.0000000000
16812 -495.0000000000
16822 -492.0000000000
16861 -491.0000000000
16908 -490.0000000000
16930 -489.0000000000
16942 -488.0000000000
16992 -487.0000000000
17002 -486.0000000000
17039 -484.0000000000
17113 -483.0000000000
17148 -482.0000000000
17164 -481.0000000000
17197 -478.0000000000
17228 -477.0000000000
17261 -476.0000000000
17270 -474.0000000000
17340 -473.0000000000
17344 -471.0000000000
17371 -470.0000000000
17383 -469.0000000000
17456 -467.0000000000
17485 -466.0000000000
17503 -465.0000000000
17517 -462.0000000000
17615 -459.0000000000
17666 -458.0000000000
17693 -457.0000000000
17715 -456.0000000000
17793 -455.0000000000
17809 -454.0000000000
17850 -453.0000000000
17883 -450.0000000000
17944 -449.0000000000
17953 -447.0000000000
17973 -445.0000000000
18021 -444.0000000000
18044 -442.0000000000
18081 -441.0000000000
18104 -440.0000000000
18119 -439.0000000000
18139 -438.0000000000
18150 -437.0000000000
18160 -436.0000000000
18178 -435.0000000000
18215 -434.0000000000
18226 -433.0000000000
18233 -431.0000000000
18302 -430.0000000000
18364 -427.0000000000
18384 -425.0000000000
18428 -424.0000000000
18461 -423.0000000000
18488 -422.0000000000
18526 -419.0000000000
18580 -417.0000000000
18623 -416.0000000000
18664 -415.0000000000
18706 -413.0000000000
18707 -411.0000000000
18760 -410.0000000000
18773 -409.0000000000
18795 -403.0000000000
18862 -402.0000000000
18918 -400.0000000000
18944 -399.0000000000
19032 -398.0000000000
19081 -397.0000000000
19154 -395.0000000000
19195 -394.0000000000
19231 -393.0000000000
19245 -392.0000000000
19331 -391.0000000000
19355 -390.0000000000
19361 -389.0000000000
19405 -388.0000000000
19458 -387.0000000000
19465 -386.0000000000
19473 -384.0000000000
19513 -383.0000000000
19519 -382.0000000000
19571 -380.0000000000
19613 -379.0000000000
19621 -378.0000000000
19652 -374.0000000000
19725 -373.0000000000
19750 -371.0000000000
19823 -368.0000000000
19895 -367.0000000000
19902 -366.0000000000
19930 -365.0000000000
19949 -364.0000000000
19976 -363.0000000000
19999 -362.0000000000
20033 -359.0000000000
20089 -356.0000000000
20118 -355.0000000000
20144 -353.0000000000
20248 -352.0000000000
20264 -351.0000000000
20330 -350.0000000000
20334 -349.0000000000
20351 -347.0000000000
20392 -346.0000000000
20435 -345.0000000000
20492 -343.0000000000
20545 -342.0000000000
20551 -340.0000000000
20555 -339.0000000000
20651 -338.0000000000
20669 -337.0000000000
20708 -336.0000000000
20744 -334.0000000000
20813 -333.0000000000
20844 -332.0000000000
20896 -331.0000000000
20901 -330.0000000000
20905 -329.0000000000
20924 -328.0000000000
20985 -327.0000000000
21003 -325.0000000000
21059 -323.0000000000
21092 -321.0000000000
21102 -320.0000000000
21142 -318.0000000000
21184 -317.0000000000
21232 -316.0000000000
21249 -315.0000000000
21279 -314.0000000000
21288 -313.0000000000
21346 -311.0000000000
21388 -310.0000000000
21404 -309.0000000000
21422 -307.0000000000
21473 -306.0000000000
21540 -305.0000000000
21574 -304.0000000000
21628 -303.0000000000
21644 -302.0000000000
21669 -301.0000000000
21686 -299.0000000000
21746 -298.0000000000
21782 -297.0000000000
21844 -296.0000000000
21855 -295.0000000000
21861 -294.0000000000
21908 -293.0000000000
21946 -291.0000000000
21981 -289.0000000000
22046 -288.0000000000
22085 -286.0000000000
22140 -285.0000000000
22158 -284.0000000000
22182 -283.0000000000
22227 -281.0000000000
22279 -279.0000000000
22289 -278.0000000000
22366 -276.0000000000
22401 -275.0000000000
22483 -270.0000000000
22509 -268.0000000000
22567 -267.0000000000
22591 -266.0000000000
22615 -265.0000000000
22625 -264.0000000000
22706 -263.0000000000
22718 -262.0000000000
22724 -260.0000000000
22781 -259.0000000000
22806 -257.0000000000
22900 -253.0000000000
23004 -251.0000000000
23051 -250.0000000000
23097 -249.0000000000
23104 -247.0000000000
23144 -246.0000000000
23187 -245.0000000000
23196 -244.0000000000
23232 -242.0000000000
23316 -241.0000000000
23355 -240.0000000000
23393 -239.0000000000
23421 -238.0000000000
23454 -237.0000000000
23473 -235.0000000000
23547 -234.0000000000
23582 -233.0000000000
23617 -232.0000000000
23635 -231.0000000000
23716 -230.0000000000
23748 -229.0000000000
23778 -228.0000000000
23799 -227.0000000000
23805 -226.0000000000
23870 -224.0000000000
23922 -221.0000000000
24018 -220.0000000000
24042 -219.0000000000
24083 -218.0000000000
24127 -217.0000000000
24128 -215.0000000000
24164 -214.0000000000
24173 -213.0000000000
24284 -212.0000000000
24286 -211.0000000000
24334 -210.0000000000
24367 -209.0000000000
24389 -207.0000000000
24435 -206.0000000000
24446 -204.0000000000
24514 -203.0000000000
24564 -201.0000000000
24650 -200.0000000000
24661 -199.0000000000
24673 -198.0000000000
24720 -197.0000000000
24758 -196.0000000000
24766 -195.0000000000
24793 -194.0000000000
24824 -193.0000000000
24870 -192.0000000000
24896 -191.0000000000
24907 -190.0000000000
24913 -188.0000000000
24989 -186.0000000000
25012 -184.0000000000
25098 -183.0000000000
25194 -180.0000000000
25263 -179.0000000000
25276 -177.0000000000
25360 -175.0000000000
25407 -174.0000000000
25430 -173.0000000000
25434 -172.0000000000
25488 -171.0000000000
25491 -170.0000000000
25545 -168.0000000000
25615 -167.0000000000
25628 -166.0000000000
25632 -165.0000000000
25638 -164.0000000000
25664 -163.0000000000
25749 -162.0000000000
25783 -161.0000000000
25827 -160.0000000000
25844 -159.0000000000
25918 -158.0000000000
25923 -157.0000000000
25978 -156.0000000000
26048 -154.0000000000
26104 -152.0000000000
26181 -150.0000000000
26244 -149.0000000000
26245 -148.0000000000
26302 -147.0000000000
26345 -145.0000000000
26477 -144.0000000000
26494 -143.0000000000
26502 -142.0000000000
26591 -141.0000000000
26671 -140.0000000000
26732 -139.0000000000
26762 -138.0000000000
26780 -137.0000000000
26898 -136.0000000000
26942 -134.0000000000
27081 -132.0000000000
27105 -131.0000000000
27136 -130.0000000000
27163 -129.0000000000
27237 -128.0000000000
27277 -127.0000000000
27387 -126.0000000000
27428 -125.0000000000
27549 -124.0000000000
27581 -123.0000000000
27590 -122.0000000000
27613 -121.0000000000
27661 -120.0000000000
27689 -119.0000000000
27733 -117.0000000000
27766 -116.0000000000
27818 -115.0000000000
27853 -114.0000000000
27916 -113.0000000000
27934 -112.0000000000
27978 -111.0000000000
27993 -110.0000000000
28048 -109.0000000000
28126 -108.0000000000
28145 -106.0000000000
28162 -105.0000000000
28229 -104.0000000000
28281 -103.0000000000
28329 -102.0000000000
28362 -101.0000000000
28366 -100.0000000000
28401 -97.0000000000
28513 -95.0000000000
28570 -94.0000000000
28603 -93.0000000000
28661 -92.0000000000
28705 -90.0000000000
28859 -89.0000000000
28867 -88.0000000000
28921 -85.0000000000
29114 -83.0000000000
29139 -82.0000000000
29170 -81.0000000000
29261 -80.0000000000
29330 -79.0000000000
29353 -78.0000000000
29357 -77.0000000000
29374 -76.0000000000
29477 -75.0000000000
29601 -74.0000000000
29637 -73.0000000000
29725 -71.0000000000
29803 -70.0000000000
29883 -68.0000000000
29971 -67.0000000000
30004 -65.0000000000
30124 -63.0000000000
30228 -62.0000000000
30334 -61.0000000000
30396 -60.0000000000
30410 -59.0000000000
30447 -58.0000000000
30514 -56.0000000000
30630 -55.0000000000
30635 -54.0000000000
30656 -53.0000000000
30699 -52.0000000000
30732 -51.0000000000
30765 -50.0000000000
30860 -49.0000000000
30866 -48.0000000000
30947 -46.0000000000
31006 -45.0000000000
31151 -44.0000000000
31203 -42.0000000000
31263 -41.0000000000
31303 -40.0000000000
31322 -38.0000000000
31448 -37.0000000000
31463 -36.0000000000
31519 -35.0000000000
31576 -34.0000000000
31703 -32.0000000000
31757 -31.0000000000
31802 -30.0000000000
31821 -29.0000000000
31861 -28.0000000000
31901 -27.0000000000
31967 -26.0000000000
31995 -25.0000000000
32024 -24.0000000000
32151 -23.0000000000
32221 -22.0000000000
32262 -21.0000000000
32304 -20.0000000000
32344 -19.0000000000
32372 -18.0000000000
32412 -17.0000000000
32493 -16.0000000000
32554 -15.0000000000
32623 -14.0000000000
32642 -13.0000000000
32746 -12.0000000000
32761 -10.0000000000
32799 -9.0000000000
32835 -8.0000000000
32910 -7.0000000000
33002 -6.0000000000
33013 -5.0000000000
33131 -3.0000000000
33333 -2.0000000000
33446 -1.0000000000
33476 669.2100000000
34049 680.7800000000
34381 681.8500000000
34568 682.4300000000
34705 692.4900000000
35464 693.6700000000
36057 694.8900000000
36366 696.8400000000
36604 737.9300000000
36825 773.0600000000
37694 773.9000000000
38200 786.8000000000
40262 787.5100000000
40662 840.0300000000
40941 843.1300000000
40965 847.7900000000
40993 849.8800000000
41099 856.3900000000
41276 864.9400000000
42068 873.0500000000
42786 882.8400000000
43481 888.0700000000
43840 890.6500000000
44871 897.7600000000
46737 900.8200000000
47093 902.4500000000
47225 904.2800000000
47472 908.2900000000
47490 909.7100000000
49432 912.2800000000
49860 913.8100000000
50618 917.2700000000
50752 923.1300000000
51648 927.2500000000
53469 973.1600000000
53506 990.3800000000
53542 991.1300000000
53615 995.9100000000
53621 996.1300000000
53716 998.1300000000
53804 1006.5400000000
54316 1010.7100000000
54989 1013.4600000000
55575 1021.0000000000
57401 1024.6700000000
57808 1074.9700000000
57855 1098.7900000000
57943 1102.9600000000
58078 1109.2200000000
58089 1116.1000000000
58150 1124.3700000000
58176 1127.2900000000
58806 1129.1800000000
58996 1133.2500000000
59038 1147.1600000000
65888 1178.8400000000
65904 1187.4800000000
65912 1188.9500000000
65921 1195.0800000000
65999 1213.3400000000
66017 1214.5200000000
66388 1217.8000000000
66609 1218.1300000000
66786 1218.1500000000
67215 1221.7700000000
68295 1222.7900000000
68539 1224.3100000000
75341 1228.7900000000
77351 1232.1700000000
80718 1233.6600000000
83191 1236.6000000000
91229 1236.7400000000
97539 1241.2400000000
100000 1206.0800000000
evaluations raw_y
1 -1924.0000000000
3 -1923.0000000000
4 -1907.0000000000
8 -1846.0000000000
19 -1814.0000000000
60 -1803.0000000000
66 -1801.0000000000
73 -1788.0000000000
104 -1787.0000000000
115 -1786.0000000000
128 -1777.0000000000
138 -1771.0000000000
145 -1756.0000000000
163 -1754.0000000000
192 -1752.0000000000
194 -1749.0000000000
196 -1744.0000000000
206 -1741.0000000000
221 -1724.0000000000
256 -1723.0000000000
258 -1719.0000000000
266 -1705.0000000000
290 -1702.0000000000
305 -1701.0000000000
325 -1696.0000000000
327 -1695.0000000000
342 -1688.0000000000
360 -1684.0000000000
363 -1682.0000000000
370 -1679.0000000000
390 -1677.0000000000
401 -1663.0000000000
425 -1657.0000000000
454 -1654.0000000000
460 -1651.0000000000
482 -1648.0000000000
489 -1644.0000000000
504 -1643.0000000000
517 -1641.0000000000
529 -1630.0000000000
562 -1628.0000000000
586 -1627.0000000000
589 -1626.0000000000
599 -1623.0000000000
603 -1616.0000000000
632 -1612.0000000000
648 -1610.0000000000
653 -1606.0000000000
674 -1603.0000000000
681 -1599.0000000000
723 -1598.0000000000
742 -1593.0000000000
783 -1592.0000000000
784 -1587.0000000000
806 -1583.0000000000
831 -1582.0000000000
876 -1581.0000000000
885 -1580.0000000000
886 -1575.0000000000
929 -1573.0000000000
945 -1570.0000000000
976 -1569.0000000000
1002 -1568.0000000000
1005 -1565.0000000000
1039 -1564.0000000000
1060 -1563.0000000000
1061 -1562.0000000000
1074 -1561.0000000000
1082 -1559.0000000000
1101 -1558.0000000000
1107 -1556.0000000000
1143 -1555.0000000000
1148 -1554.0000000000
1175 -1553.0000000000
1182 -1551.0000000000
1218 -1550.0000000000
1223 -1548.0000000000
1233 -1544.0000000000
1266 -1543.0000000000
1282 -1542.0000000000
1303 -1541.0000000000
1317 -1540.0000000000
1320 -1539.0000000000
1336 -1537.0000000000
1351 -1534.0000000000
1364 -1533.0000000000
1383 -1532.0000000000
1418 -1528.0000000000
1423 -1527.0000000000
1470 -1526.0000000000
1477 -1525.0000000000
1483 -1523.0000000000
1493 -1522.0000000000
1501 -1521.0000000000
1517 -1520.0000000000
1529 -1519.0000000000
1544 -1517.0000000000
1561 -1515.0000000000
1585 -1514.0000000000
1602 -1513.0000000000
1621 -1512.0000000000
1625 -1511.0000000000
1643 -1507.0000000000
1687 -1505.0000000000
1717 -1503.0000000000
1762 -1499.0000000000
1785 -1498.0000000000
1811 -1497.0000000000
1816 -1496.0000000000
1823 -1495.0000000000
1833 -1494.0000000000
1864 -1492.0000000000
1868 -1491.0000000000
1883 -1490.0000000000
1893 -1489.0000000000
1899 -1488.0000000000
1903 -1485.0000000000
1941 -1484.0000000000
1954 -1481.0000000000
1980 -1480.0000000000
1993 -1477.0000000000
2019 -1475.0000000000
2024 -1473.0000000000
2047 -1468.0000000000
2077 -1465.0000000000
2103 -1464.0000000000
2121 -1462.0000000000
2149 -1461.0000000000
2168 -1460.0000000000
2176 -1459.0000000000
2192 -1458.0000000000
2214 -1456.0000000000
2237 -1453.0000000000
2252 -1451.0000000000
2272 -1450.0000000000
2282 -1449.0000000000
2316 -1447.0000000000
2331 -1442.0000000000
2381 -1438.0000000000
2411 -1435.0000000000
2463 -1434.0000000000
2473 -1433.0000000000
2490 -1432.0000000000
2503 -1431.0000000000
2523 -1430.0000000000
2530 -1429.0000000000
2563 -1428.0000000000
2572 -1426.0000000000
2586 -1425.0000000000
2603 -1424.0000000000
2625 -1422.0000000000
2664 -1421.0000000000
2669 -1420.0000000000
2671 -1416.0000000000
2692 -1415.0000000000
2722 -1414.0000000000
2746 -1413.0000000000
2760 -1411.0000000000
2781 -1409.0000000000
2816 -1408.0000000000
2846 -1403.0000000000
2867 -1402.0000000000
2883 -1401.0000000000
2924 -1398.0000000000
2928 -1397.0000000000
2971 -1396.0000000000
2982 -1395.0000000000
3003 -1393.0000000000
3029 -1392.0000000000
3032 -1390.0000000000
3043 -1388.0000000000
3055 -1387.0000000000
3087 -1386.0000000000
3109 -1385.0000000000
3110 -1384.0000000000
3117 -1383.0000000000
3140 -1382.0000000000
3149 -1381.0000000000
3160 -1380.0000000000
3165 -1378.0000000000
3188 -1377.0000000000
3208 -1376.0000000000
3229 -1375.0000000000
3242 -1373.0000000000
3247 -1371.0000000000
3262 -1370.0000000000
3285 -1368.0000000000
3312 -1367.0000000000
3334 -1365.0000000000
3362 -1362.0000000000
3383 -1361.0000000000
3389 -1360.0000000000
3402 -1358.0000000000
3433 -1355.0000000000
3449 -1354.0000000000
3473 -1352.0000000000
3482 -1350.0000000000
3501 -1349.0000000000
3515 -1348.0000000000
3526 -1346.0000000000
3561 -1345.0000000000
3562 -1344.0000000000
3605 -1343.0000000000
3623 -1342.0000000000
3641 -1341.0000000000
3658 -1340.0000000000
3660 -1337.0000000000
3691 -1336.0000000000
3718 -1332.0000000000
3723 -1331.0000000000
3766 -1328.0000000000
3801 -1325.0000000000
3871 -1324.0000000000
3884 -1322.0000000000
3913 -1320.0000000000
3925 -1318.0000000000
3953 -1316.0000000000
3974 -1312.0000000000
4028 -1310.0000000000
4063 -1309.0000000000
4064 -1308.0000000000
4082 -1307.0000000000
4092 -1306.0000000000
4104 -1304.0000000000
4137 -1303.0000000000
4153 -1302.0000000000
4204 -1300.0000000000
4215 -1299.0000000000
4221 -1298.0000000000
4247 -1295.0000000000
4249 -1294.0000000000
4251 -1293.0000000000
4281 -1292.0000000000
4302 -1291.0000000000
4321 -1290.0000000000
4325 -1289.0000000000
4345 -1288.0000000000
4389 -1287.0000000000
4392 -1285.0000000000
4393 -1284.0000000000
4423 -1281.0000000000
4454 -1279.0000000000
4474 -1277.0000000000
4483 -1275.0000000000
4535 -1274.0000000000
4558 -1269.0000000000
4585 -1268.0000000000
4590 -1267.0000000000
4630 -1266.0000000000
4649 -1265.0000000000
4660 -1263.0000000000
4680 -1261.0000000000
4684 -1258.0000000000
4713 -1257.0000000000
4743 -1255.0000000000
4765 -1254.0000000000
4770 -1253.0000000000
4791 -1252.0000000000
4797 -1250.0000000000
4823 -1247.0000000000
4844 -1246.0000000000
4870 -1245.0000000000
4896 -1240.0000000000
4928 -1239.0000000000
4977 -1237.0000000000
4993 -1236.0000000000
5002 -1234.0000000000
5016 -1233.0000000000
5042 -1231.0000000000
5062 -1230.0000000000
5095 -1229.0000000000
5115 -1227.0000000000
5130 -1226.0000000000
5144 -1225.0000000000
5160 -1223.0000000000
5167 -1222.0000000000
5207 -1220.0000000000
5227 -1219.0000000000
5246 -1218.0000000000
5250 -1217.0000000000
5281 -1216.0000000000
5292 -1215.0000000000
5307 -1214.0000000000
5313 -1212.0000000000
5344 -1211.0000000000
5362 -1210.0000000000
5365 -1209.0000000000
5399 -1208.0000000000
5408 -1207.0000000000
5422 -1205.0000000000
5445 -1204.0000000000
5462 -1203.0000000000
5470 -1202.0000000000
5494 -1201.0000000000
5516 -1198.0000000000
5555 -1196.0000000000
5587 -1195.0000000000
5613 -1192.0000000000
5648 -1189.0000000000
5667 -1187.0000000000
5710 -1185.0000000000
5749 -1184.0000000000
5759 -1183.0000000000
5768 -1182.0000000000
5792 -1181.0000000000
5800 -1180.0000000000
5819 -1177.0000000000
5840 -1176.0000000000
5856 -1175.0000000000
5883 -1173.0000000000
5899 -1172.0000000000
5900 -1171.0000000000
5919 -1170.0000000000
5954 -1169.0000000000
5967 -1166.0000000000
5982 -1165.0000000000
5995 -1164.0000000000
6008 -1162.0000000000
6062 -1161.0000000000
6079 -1159.0000000000
6084 -1158.0000000000
6109 -1157.0000000000
6126 -1156.0000000000
6129 -1154.0000000000
6170 -1153.0000000000
6202 -1152.0000000000
6208 -1151.0000000000
6224 -1150.0000000000
6228 -1147.0000000000
6264 -1145.0000000000
6282 -1144.0000000000
6307 -1143.0000000000
6325 -1142.0000000000
6346 -1141.0000000000
6355 -1140.0000000000
6364 -1139.0000000000
6393 -1138.0000000000
6404 -1137.0000000000
6435 -1135.0000000000
6477 -1133.0000000000
6485 -1132.0000000000
6508 -1131.0000000000
6525 -1129.0000000000
6562 -1128.0000000000
6591 -1126.0000000000
6633 -1124.0000000000
6635 -1122.0000000000
6658 -1120.0000000000
6664 -1118.0000000000
6696 -1117.0000000000
6731 -1116.0000000000
6749 -1114.0000000000
6782 -1113.0000000000
6793 -1112.0000000000
6809 -1111.0000000000
6829 -1110.0000000000
6830 -1109.0000000000
6838 -1107.0000000000
6862 -1106.0000000000
6885 -1103.0000000000
6943 -1102.0000000000
6963 -1101.0000000000
6965 -1098.0000000000
6999 -1097.0000000000
7001 -1096.0000000000
7003 -1095.0000000000
7046 -1094.0000000000
7062 -1093.0000000000
7084 -1089.0000000000
7123 -1088.0000000000
7139 -1087.0000000000
7155 -1086.0000000000
7168 -1085.0000000000
7203 -1082.0000000000
7228 -1080.0000000000
7277 -1079.0000000000
7287 -1077.0000000000
7308 -1076.0000000000
7316 -1075.0000000000
7330 -1072.0000000000
7350 -1070.0000000000
7387 -1068.0000000000
7413 -1067.0000000000
7433 -1066.0000000000
7442 -1063.0000000000
7462 -1062.0000000000
7477 -1061.0000000000
7492 -1058.0000000000
7504 -1055.0000000000
7539 -1054.0000000000
7556 -1053.0000000000
7563 -1052.0000000000
7596 -1050.0000000000
7615 -1049.0000000000
7628 -1047.0000000000
7642 -1046.0000000000
7661 -1045.0000000000
7665 -1044.0000000000
7714 -1043.0000000000
7723 -1040.0000000000
7749 -1039.0000000000
7754 -1038.0000000000
7785 -1037.0000000000
7804 -1035.0000000000
7808 -1033.0000000000
7851 -1031.0000000000
7879 -1029.0000000000
7885 -1028.0000000000
7925 -1027.0000000000
7941 -1026.0000000000
7966 -1024.0000000000
7988 -1021.0000000000
8021 -1020.0000000000
8037 -1018.0000000000
8046 -1017.0000000000
8070 -1013.0000000000
8091 -1009.0000000000
8145 -1008.0000000000
8151 -1005.0000000000
8188 -1004.0000000000
8221 -1003.0000000000
8226 -1002.0000000000
8248 -1001.0000000000
8271 -998.0000000000
8320 -997.0000000000
8339 -995.0000000000
8365 -994.0000000000
8384 -992.0000000000
8408 -991.0000000000
8437 -990.0000000000
8438 -989.0000000000
8464 -984.0000000000
8501 -983.0000000000
8529 -982.0000000000
8552 -981.0000000000
8581 -979.0000000000
8603 -978.0000000000
8623 -977.0000000000
8643 -975.0000000000
8670 -972.0000000000
8688 -971.0000000000
8696 -967.0000000000
8746 -966.0000000000
8780 -965.0000000000
8784 -964.0000000000
8787 -963.0000000000
8841 -962.0000000000
8844 -961.0000000000
8847 -960.0000000000
8863 -958.0000000000
8869 -957.0000000000
8882 -956.0000000000
8911 -954.0000000000
8923 -952.0000000000
8935 -951.0000000000
8970 -950.0000000000
8983 -947.0000000000
9011 -946.0000000000
9023 -942.0000000000
9081 -941.0000000000
9082 -940.0000000000
9134 -939.0000000000
9160 -938.0000000000
9168 -937.0000000000
9170 -935.0000000000
9184 -934.0000000000
9207 -933.0000000000
9224 -930.0000000000
9261 -929.0000000000
9284 -928.0000000000
9299 -925.0000000000
9322 -924.0000000000
9350 -923.0000000000
9389 -922.0000000000
9401 -920.0000000000
9428 -919.0000000000
9431 -918.0000000000
9475 -917.0000000000
9479 -915.0000000000
9495 -913.0000000000
9518 -912.0000000000
9546 -911.0000000000
9564 -910.0000000000
9589 -909.0000000000
9598 -908.0000000000
9604 -905.0000000000
9643 -904.0000000000
9662 -903.0000000000
9692 -902.0000000000
9708 -901.0000000000
9720 -900.0000000000
9747 -899.0000000000
9766 -898.0000000000
9782 -897.0000000000
9802 -895.0000000000
9815 -894.0000000000
9832 -893.0000000000
9847 -892.0000000000
9851 -891.0000000000
9856 -889.0000000000
9894 -888.0000000000
9910 -886.0000000000
9922 -884.0000000000
9961 -883.0000000000
9998 -882.0000000000
10015 -881.0000000000
10037 -880.0000000000
10058 -879.0000000000
10073 -878.0000000000
10105 -877.0000000000
10129 -876.0000000000
10161 -874.0000000000
10186 -873.0000000000
10205 -871.0000000000
10258 -869.0000000000
10280 -866.0000000000
10313 -865.0000000000
10321 -864.0000000000
10352 -863.0000000000
10362 -862.0000000000
10391 -861.0000000000
10407 -859.0000000000
10438 -856.0000000000
10447 -855.0000000000
10460 -853.0000000000
10497 -852.0000000000
10509 -850.0000000000
10544 -849.0000000000
10556 -847.0000000000
10573 -845.0000000000
10593 -843.0000000000
10628 -842.0000000000
10649 -841.0000000000
10657 -840.0000000000
10658 -839.0000000000
10693 -838.0000000000
10727 -837.0000000000
10744 -835.0000000000
10774 -833.0000000000
10813 -832.0000000000
10826 -829.0000000000
10841 -828.0000000000
10853 -826.0000000000
10870 -825.0000000000
10902 -824.0000000000
10928 -823.0000000000
10942 -822.0000000000
10961 -821.0000000000
10989 -820.0000000000
11001 -818.0000000000
11031 -817.0000000000
11044 -816.0000000000
11064 -815.0000000000
11103 -814.0000000000
11111 -813.0000000000
11132 -812.0000000000
11142 -810.0000000000
11201 -808.0000000000
11207 -807.0000000000
11248 -805.0000000000
11303 -803.0000000000
11304 -801.0000000000
11335 -800.0000000000
11358 -798.0000000000
11404 -795.0000000000
11452 -794.0000000000
11462 -793.0000000000
11501 -791.0000000000
11502 -790.0000000000
11530 -788.0000000000
11569 -787.0000000000
11611 -785.0000000000
11633 -784.0000000000
11646 -783.0000000000
11681 -782.0000000000
11707 -780.0000000000
11709 -779.0000000000
11765 -775.0000000000
11783 -774.0000000000
11846 -772.0000000000
11888 -771.0000000000
11900 -770.0000000000
11922 -765.0000000000
11990 -763.0000000000
12036 -760.0000000000
12093 -759.0000000000
12110 -758.0000000000
12118 -757.0000000000
12168 -756.0000000000
12183 -755.0000000000
12216 -754.0000000000
12219 -753.0000000000
12231 -751.0000000000
12263 -750.0000000000
12293 -748.0000000000
12340 -747.0000000000
12343 -746.0000000000
12360 -745.0000000000
12388 -743.0000000000
12390 -742.0000000000
12422 -740.0000000000
12441 -738.0000000000
12445 -737.0000000000
12471 -734.0000000000
12489 -733.0000000000
12520 -729.0000000000
12530 -728.0000000000
12568 -727.0000000000
12609 -724.0000000000
12664 -723.0000000000
12667 -722.0000000000
12698 -720.0000000000
12716 -719.0000000000
12729 -717.0000000000
12745 -716.0000000000
12789 -715.0000000000
12822 -714.0000000000
12851 -712.0000000000
12867 -710.0000000000
12901 -708.0000000000
12950 -707.0000000000
12966 -704.0000000000
12977 -703.0000000000
13016 -702.0000000000
13023 -701.0000000000
13053 -699.0000000000
13075 -698.0000000000
13101 -696.0000000000
13118 -695.0000000000
13144 -692.0000000000
13187 -691.0000000000
13211 -690.0000000000
13224 -689.0000000000
13226 -688.0000000000
13248 -687.0000000000
13277 -686.0000000000
13300 -684.0000000000
13346 -683.0000000000
13353 -682.0000000000
13381 -681.0000000000
13425 -680.0000000000
13427 -679.0000000000
13445 -678.0000000000
13464 -677.0000000000
13465 -675.0000000000
13515 -674.0000000000
13523 -673.0000000000
13559 -672.0000000000
13567 -671.0000000000
13569 -670.0000000000
13618 -669.0000000000
13654 -668.0000000000
13660 -667.0000000000
13672 -666.0000000000
13682 -665.0000000000
13693 -664.0000000000
13708 -663.0000000000
13722 -661.0000000000
13774 -660.0000000000
13806 -659.0000000000
13829 -657.0000000000
13893 -656.0000000000
13913 -655.0000000000
13962 -654.0000000000
13997 -653.0000000000
14037 -652.0000000000
14078 -650.0000000000
14112 -649.0000000000
14121 -647.0000000000
14126 -646.0000000000
14181 -645.0000000000
14201 -644.0000000000
14253 -643.0000000000
14270 -642.0000000000
14278 -640.0000000000
14308 -639.0000000000
14323 -638.0000000000
14327 -635.0000000000
14355 -634.0000000000
14380 -632.0000000000
14393 -630.0000000000
14423 -629.0000000000
14441 -628.0000000000
14464 -627.0000000000
14489 -626.0000000000
14502 -625.0000000000
14513 -624.0000000000
14551 -622.0000000000
14576 -620.0000000000
14608 -618.0000000000
14665 -616.0000000000
14706 -615.0000000000
14736 -612.0000000000
14799 -609.0000000000
14821 -608.0000000000
14888 -604.0000000000
14901 -599.0000000000
14983 -598.0000000000
15022 -597.0000000000
15069 -596.0000000000
15091 -593.0000000000
15155 -592.0000000000
15172 -591.0000000000
15177 -590.0000000000
15229 -589.0000000000
15260 -586.0000000000
15263 -584.0000000000
15282 -582.0000000000
15356 -581.0000000000
15360 -580.0000000000
15393 -579.0000000000
15421 -578.0000000000
15430 -577.0000000000
15468 -574.0000000000
15516 -572.0000000000
15523 -571.0000000000
15564 -568.0000000000
15591 -567.0000000000
15612 -566.0000000000
15622 -565.0000000000
15636 -564.0000000000
15708 -563.0000000000
15713 -561.0000000000
15742 -560.0000000000
15744 -559.0000000000
15793 -558.0000000000
15818 -557.0000000000
15841 -556.0000000000
15862 -555.0000000000
15887 -554.0000000000
15902 -553.0000000000
15926 -551.0000000000
15944 -550.0000000000
15957 -549.0000000000
15991 -548.0000000000
16025 -547.0000000000
16061 -546.0000000000
16095 -545.0000000000
16114 -543.0000000000
16116 -542.0000000000
16131 -540.0000000000
16144 -539.0000000000
16192 -535.0000000000
16251 -534.0000000000
16279 -531.0000000000
16337 -528.0000000000
16403 -527.0000000000
16425 -526.0000000000
16474 -525.0000000000
16487 -524.0000000000
16510 -523.0000000000
16524 -522.0000000000
16590 -521.0000000000
16607 -520.0000000000
16620 -519.0000000000
16651 -518.0000000000
16672 -517.0000000000
16689 -514.0000000000
16721 -511.0000000000
16779 -510.0000000000
16802 -508.0000000000
16824 -507.0000000000
16863 -506.0000000000
16871 -504.0000000000
16901 -503.0000000000
16906 -502.0000000000
16952 -501.0000000000
16953 -500.0000000000
17008 -498.0000000000
17050 -497.0000000000
17073 -495.0000000000
17078 -491.0000000000
17084 -490.0000000000
17163 -489.0000000000
17194 -488.0000000000
17211 -486.0000000000
17250 -485.0000000000
17265 -484.0000000000
17321 -483.0000000000
17365 -482.0000000000
17373 -480.0000000000
17445 -479.0000000000
17498 -478.0000000000
17504 -476.0000000000
17518 -475.0000000000
17569 -474.0000000000
17583 -473.0000000000
17607 -472.0000000000
17613 -471.0000000000
17630 -470.0000000000
17677 -469.0000000000
17717 -468.0000000000
17735 -467.0000000000
17743 -466.0000000000
17745 -464.0000000000
17787 -461.0000000000
17822 -459.0000000000
17834 -458.0000000000
17863 -455.0000000000
17909 -454.0000000000
17937 -452.0000000000
17953 -450.0000000000
17987 -448.0000000000
18054 -447.0000000000
18065 -445.0000000000
18126 -444.0000000000
18162 -443.0000000000
18166 -440.0000000000
18208 -439.0000000000
18254 -438.0000000000
18267 -435.0000000000
18339 -434.0000000000
18341 -433.0000000000
18361 -432.0000000000
18402 -431.0000000000
18407 -430.0000000000
18448 -429.0000000000
18462 -428.0000000000
18492 -427.0000000000
18517 -426.0000000000
18549 -425.0000000000
18583 -424.0000000000
18646 -423.0000000000
18666 -422.0000000000
18680 -421.0000000000
18739 -420.0000000000
18747 -419.0000000000
18820 -416.0000000000
18871 -415.0000000000
18885 -413.0000000000
18938 -412.0000000000
18950 -411.0000000000
18964 -410.0000000000
19016 -408.0000000000
19053 -407.0000000000
19061 -406.0000000000
19081 -405.0000000000
19107 -404.0000000000
19125 -403.0000000000
19149 -402.0000000000
19170 -400.0000000000
19181 -399.0000000000
19228 -398.0000000000
19254 -397.0000000000
19279 -396.0000000000
19289 -395.0000000000
19322 -394.0000000000
19323 -393.0000000000
19338 -391.0000000000
19375 -390.0000000000
19414 -389.0000000000
19443 -385.0000000000
19533 -384.0000000000
19574 -383.0000000000
19601 -382.0000000000
19633 -381.0000000000
19643 -379.0000000000
19684 -378.0000000000
19705 -377.0000000000
19724 -376.0000000000
19758 -375.0000000000
19789 -374.0000000000
19872 -373.0000000000
19893 -372.0000000000
19928 -370.0000000000
19948 -368.0000000000
20001 -367.0000000000
20042 -366.0000000000
20090 -364.0000000000
20099 -363.0000000000
20115 -362.0000000000
20147 -360.0000000000
20199 -359.0000000000
20227 -357.0000000000
20249 -355.0000000000
20301 -352.0000000000
20344 -351.0000000000
20395 -350.0000000000
20406 -349.0000000000
20436 -348.0000000000
20470 -346.0000000000
20522 -345.0000000000
20524 -344.0000000000
20542 -343.0000000000
20625 -342.0000000000
20650 -341.0000000000
20657 -340.0000000000
20748 -339.0000000000
20756 -336.0000000000
20792 -334.0000000000
20811 -332.0000000000
20830 -331.0000000000
20869 -329.0000000000
20879 -328.0000000000
20909 -326.0000000000
20990 -325.0000000000
21007 -322.0000000000
21044 -321.0000000000
21087 -320.0000000000
21101 -319.0000000000
21131 -318.0000000000
21142 -317.0000000000
21156 -316.0000000000
21182 -314.0000000000
21207 -313.0000000000
21210 -312.0000000000
21254 -311.0000000000
21288 -310.0000000000
21317 -308.0000000000
21345 -307.0000000000
21422 -306.0000000000
21454 -305.0000000000
21498 -304.0000000000
21546 -303.0000000000
21583 -302.0000000000
21611 -300.0000000000
21655 -297.0000000000
21711 -296.0000000000
21732 -295.0000000000
21793 -294.0000000000
21796 -293.0000000000
21823 -292.0000000000
21868 -289.0000000000
21930 -287.0000000000
21986 -285.0000000000
21987 -284.0000000000
22067 -282.0000000000
22086 -281.0000000000
22151 -280.0000000000
22208 -279.0000000000
22216 -277.0000000000
22288 -276.0000000000
22336 -274.0000000000
22361 -273.0000000000
22364 -272.0000000000
22424 -271.0000000000
22452 -269.0000000000
22486 -267.0000000000
22503 -266.0000000000
22536 -263.0000000000
22623 -261.0000000000
22648 -260.0000000000
22691 -259.0000000000
22727 -258.0000000000
22750 -257.0000000000
22777 -256.0000000000
22809 -255.0000000000
22822 -254.0000000000
22830 -253.0000000000
22885 -252.0000000000
22889 -251.0000000000
22907 -250.0000000000
22937 -249.0000000000
22988 -248.0000000000
23022 -247.0000000000
23067 -245.0000000000
23126 -244.0000000000
23127 -243.0000000000
23167 -242.0000000000
23213 -241.0000000000
23231 -240.0000000000
23261 -238.0000000000
23268 -237.0000000000
23308 -236.0000000000
23363 -233.0000000000
23423 -230.0000000000
23474 -227.0000000000
23510 -226.0000000000
23534 -225.0000000000
23564 -224.0000000000
23596 -222.0000000000
23644 -221.0000000000
23710 -220.0000000000
23762 -219.0000000000
23803 -218.0000000000
23807 -217.0000000000
23832 -215.0000000000
23955 -214.0000000000
23963 -213.0000000000
23998 -212.0000000000
24024 -211.0000000000
24052 -210.0000000000
24063 -209.0000000000
24134 -208.0000000000
24216 -207.0000000000
24226 -206.0000000000
24258 -205.0000000000
24296 -204.0000000000
24323 -203.0000000000
24340 -202.0000000000
24348 -201.0000000000
24366 -199.0000000000
24488 -195.0000000000
24585 -194.0000000000
24588 -193.0000000000
24637 -192.0000000000
24667 -191.0000000000
24701 -190.0000000000
24764 -189.0000000000
24774 -188.0000000000
24816 -187.0000000000
24883 -186.0000000000
24886 -185.0000000000
24922 -184.0000000000
24965 -183.0000000000
25007 -182.0000000000
25028 -180.0000000000
25047 -179.0000000000
25119 -178.0000000000
25203 -177.0000000000
25239 -176.0000000000
25272 -175.0000000000
25303 -174.0000000000
25332 -173.0000000000
25439 -172.0000000000
25497 -171.0000000000
25577 -170.0000000000
25607 -168.0000000000
25668 -167.0000000000
25698 -166.0000000000
25733 -164.0000000000
25791 -163.0000000000
25813 -161.0000000000
25867 -159.0000000000
25888 -158.0000000000
25923 -156.0000000000
25949 -154.0000000000
26001 -153.0000000000
26024 -152.0000000000
26098 -150.0000000000
26115 -149.0000000000
26175 -148.0000000000
26230 -147.0000000000
26243 -146.0000000000
26265 -145.0000000000
26307 -144.0000000000
26358 -141.0000000000
26497 -139.0000000000
26522 -138.0000000000
26559 -136.0000000000
26579 -135.0000000000
26635 -133.0000000000
26685 -132.0000000000
26711 -131.0000000000
26760 -130.0000000000
26831 -129.0000000000
26898 -128.0000000000
26954 -127.0000000000
26999 -126.0000000000
27010 -125.0000000000
27087 -124.0000000000
27114 -123.0000000000
27134 -122.0000000000
27151 -121.0000000000
27214 -120.0000000000
27249 -119.0000000000
27273 -118.0000000000
27321 -116.0000000000
27420 -115.0000000000
27456 -114.0000000000
27507 -112.0000000000
27598 -111.0000000000
27608 -110.0000000000
27675 -109.0000000000
27691 -108.0000000000
27746 -107.0000000000
27812 -105.0000000000
27879 -104.0000000000
27886 -103.0000000000
28020 -101.0000000000
28137 -99.0000000000
28162 -98.0000000000
28214 -97.0000000000
28264 -95.0000000000
28372 -94.0000000000
28424 -90.0000000000
28465 -88.0000000000
28552 -87.0000000000
28625 -86.0000000000
28659 -85.0000000000
28707 -84.0000000000
28761 -83.0000000000
28864 -82.0000000000
28889 -81.0000000000
28941 -80.0000000000
28974 -79.0000000000
29006 -77.0000000000
29102 -76.0000000000
29168 -75.0000000000
29257 -74.0000000000
29283 -72.0000000000
29410 -71.0000000000
29472 -70.0000000000
29530 -69.0000000000
29573 -67.0000000000
29635 -66.0000000000
29677 -65.0000000000
29692 -64.0000000000
29728 -63.0000000000
29758 -62.0000000000
29824 -61.0000000000
29863 -60.0000000000
29873 -58.0000000000
29887 -57.0000000000
29973 -56.0000000000
30041 -55.0000000000
30054 -54.0000000000
30152 -53.0000000000
30172 -51.0000000000
30268 -50.0000000000
30317 -49.0000000000
30376 -48.0000000000
30448 -47.0000000000
30508 -46.0000000000
30545 -45.0000000000
30572 -44.0000000000
30604 -43.0000000000
30748 -42.0000000000
30757 -41.0000000000
30874 -40.0000000000
30887 -38.0000000000
31001 -37.0000000000
31076 -36.0000000000
31129 -35.0000000000
31182 -34.0000000000
31249 -33.0000000000
31365 -32.0000000000
31523 -31.0000000000
31534 -30.0000000000
31604 -29.0000000000
31672 -28.0000000000
31707 -27.0000000000
31742 -26.0000000000
31788 -25.0000000000
31822 -24.0000000000
31860 -23.0000000000
31904 -22.0000000000
31935 -21.0000000000
31985 -20.0000000000
32065 -19.0000000000
32162 -18.0000000000
32218 -17.0000000000
32255 -16.0000000000
32342 -15.0000000000
32483 -13.0000000000
32627 -12.0000000000
32665 -11.0000000000
32702 -10.0000000000
32796 -9.0000000000
32859 -6.0000000000
32977 -5.0000000000
33002 -3.0000000000
33088 -2.0000000000
33194 564.4400000000
33241 567.6500000000
33374 570.3800000000
33380 571.4800000000
33388 584.8400000000
33525 586.2700000000
33727 586.9100000000
33738 588.6600000000
33773 589.0200000000
33853 594.0200000000
33870 595.3600000000
33963 648.9200000000
34412 654.3900000000
34446 669.4700000000
34480 678.1300000000
34509 695.5100000000
34573 703.3400000000
35104 713.4000000000
35348 720.7200000000
35592 727.5000000000
35676 734.4500000000
36071 734.7300000000
36455 737.7400000000
36526 742.3500000000
36577 750.4200000000
36664 750.4300000000
36797 752.1200000000
36826 756.7100000000
37014 761.3500000000
37148 762.7600000000
37172 766.5100000000
37399 837.8100000000
37418 840.7400000000
37524 856.3600000000
37578 865.9400000000
37630 868.5600000000
37802 870.1500000000
37821 871.2200000000
37822 874.0500000000
38073 877.6700000000
38221 883.7600000000
38257 907.1300000000
38319 918.5000000000
38466 922.7400000000
38544 924.6200000000
38559 925.5400000000
38659 926.7800000000
38732 928.1300000000
38881 930.3000000000
39067 930.3800000000
39146 931.9100000000
39219 941.1700000000
39290 948.6200000000
39530 949.7900000000
39929 970.4100000000
42262 977.9600000000
42531 986.6200000000
42656 991.5100000000
42830 1040.9600000000
42883 1041.3300000000
42890 1046.9700000000
42954 1051.6000000000
43248 1055.9200000000
43335 1058.3500000000
43548 1058.5300000000
43789 1061.3900000000
44175 1062.8100000000
44347 1065.3600000000
45076 1066.4300000000
45088 1072.6900000000
45509 1073.6500000000
45581 1073.8000000000
45612 1073.9500000000
45629 1076.7900000000
45725 1080.3200000000
46089 1083.3400000000
46169 1085.4800000000
46459 1086.3500000000
47224 1086.4800000000
51329 1086.9900000000
51450 1089.4200000000
51965 1091.1900000000
55205 1092.4500000000
57340 1092.5100000000
58827 1093.8200000000
65146 1097.6100000000
80533 1105.2600000000
83074 1158.8000000000
83140 1162.7300000000
83164 1177.2600000000
83929 1187.7300000000
89577 1188.5400000000
90238 1191.3600000000
90270 1207.4800000000
90873 1208.1800000000
90945 1219.1100000000
91817 1224.4300000000
96057 1227.5000000000
96492 1230.0100000000
99853 1230.3400000000
100000 -1.0000000000
evaluations raw_y
1 -1941.0000000000
2 -1868.0000000000
6 -1862.0000000000
38 -1851.0000000000
41 -1834.0000000000
63 -1812.0000000000
80 -1811.0000000000
90 -1768.0000000000
147 -1752.0000000000
161 -1746.0000000000
192 -1739.0000000000
195 -1737.0000000000
201 -1730.0000000000
226 -1710.0000000000
249 -1708.0000000000
256 -1693.0000000000
295 -1691.0000000000
306 -1689.0000000000
315 -1684.0000000000
353 -1675.0000000000
366 -1669.0000000000
397 -1668.0000000000
414 -1667.0000000000
417 -1663.0000000000
428 -1657.0000000000
431 -1655.0000000000
439 -1654.0000000000
471 -1653.0000000000
481 -1649.0000000000
482 -1648.0000000000
501 -1646.0000000000
502 -1645.0000000000
505 -1636.0000000000
541 -1634.0000000000
558 -1625.0000000000
606 -1623.0000000000
610 -1620.0000000000
636 -1619.0000000000
637 -1616.0000000000
646 -1615.0000000000
650 -1614.0000000000
662 -1613.0000000000
683 -1609.0000000000
707 -1607.0000000000
734 -1606.0000000000
747 -1605.0000000000
760 -1600.0000000000
781 -1598.0000000000
815 -1593.0000000000
843 -1590.0000000000
863 -1587.0000000000
900 -1586.0000000000
902 -1584.0000000000
924 -1582.0000000000
970 -1581.0000000000
997 -1580.0000000000
998 -1578.0000000000
1028 -1577.0000000000
1029 -1575.0000000000
1038 -1573.0000000000
1107 -1571.0000000000
1134 -1570.0000000000
1144 -1569.0000000000
1170 -1568.0000000000
1172 -1566.0000000000
1189 -1565.0000000000
1214 -1564.0000000000
1227 -1563.0000000000
1245 -1562.0000000000
1252 -1561.0000000000
1269 -1560.0000000000
1286 -1557.0000000000
1303 -1556.0000000000
1314 -1555.0000000000
1329 -1554.0000000000
1334 -1548.0000000000
1385 -1547.0000000000
1399 -1545.0000000000
1422 -1542.0000000000
1464 -1541.0000000000
1481 -1540.0000000000
1501 -1539.0000000000
1503 -1536.0000000000
1522 -1533.0000000000
1585 -1532.0000000000
1594 -1531.0000000000
1602 -1529.0000000000
1617 -1528.0000000000
1624 -1527.0000000000
1642 -1526.0000000000
1651 -1525.0000000000
1661 -1523.0000000000
1681 -1522.0000000000
1684 -1517.0000000000
1727 -1516.0000000000
1793 -1515.0000000000
1805 -1514.0000000000
1822 -1512.0000000000
1829 -1511.0000000000
1843 -1509.0000000000
1881 -1506.0000000000
1907 -1505.0000000000
1920 -1503.0000000000
1944 -1501.0000000000
1947 -1500.0000000000
1955 -1499.0000000000
1963 -1497.0000000000
1984 -1495.0000000000
2010 -1494.0000000000
2014 -1493.0000000000
2022 -1492.0000000000
2056 -1491.0000000000
2063 -1488.0000000000
2097 -1487.0000000000
2106 -1486.0000000000
2121 -1484.0000000000
2133 -1482.0000000000
2168 -1480.0000000000
2210 -1479.0000000000
2227 -1476.0000000000
2242 -1475.0000000000
2262 -1474.0000000000
2290 -1473.0000000000
2302 -1472.0000000000
2306 -1470.0000000000
2325 -1467.0000000000
2368 -1466.0000000000
2389 -1465.0000000000
2406 -1463.0000000000
2435 -1462.0000000000
2443 -1459.0000000000
2477 -1456.0000000000
2522 -1454.0000000000
2537 -1453.0000000000
2563 -1452.0000000000
2569 -1451.0000000000
2589 -1449.0000000000
2601 -1448.0000000000
2602 -1447.0000000000
2622 -1446.0000000000
2636 -1445.0000000000
2659 -1442.0000000000
2681 -1438.0000000000
2703 -1437.0000000000
2742 -1436.0000000000
2754 -1435.0000000000
2759 -1434.0000000000
2791 -1433.0000000000
2796 -1432.0000000000
2810 -1429.0000000000
2849 -1428.0000000000
2866 -1427.0000000000
2870 -1424.0000000000
2915 -1422.0000000000
2931 -1421.0000000000
2944 -1417.0000000000
2984 -1415.0000000000
3000 -1412.0000000000
3022 -1409.0000000000
3066 -1408.0000000000
3072 -1405.0000000000
3094 -1404.0000000000
3104 -1403.0000000000
3125 -1402.0000000000
3149 -1398.0000000000
3186 -1397.0000000000
3200 -1396.0000000000
3218 -1395.0000000000
3222 -1392.0000000000
3241 -1385.0000000000
3334 -1383.0000000000
3358 -1382.0000000000
3369 -1381.0000000000
3390 -1380.0000000000
3411 -1379.0000000000
3414 -1377.0000000000
3418 -1376.0000000000
3423 -1375.0000000000
3444 -1374.0000000000
3486 -1372.0000000000
3508 -1371.0000000000
3544 -1370.0000000000
3546 -1369.0000000000
3553 -1368.0000000000
3569 -1366.0000000000
3584 -1365.0000000000
3598 -1364.0000000000
3614 -1363.0000000000
3630 -1360.0000000000
3648 -1359.0000000000
3661 -1358.0000000000
3682 -1355.0000000000
3707 -1353.0000000000
3735 -1352.0000000000
3736 -1350.0000000000
3763 -1349.0000000000
3791 -1348.0000000000
3798 -1347.0000000000
3806 -1345.0000000000
3851 -1343.0000000000
3868 -1340.0000000000
3882 -1339.0000000000
3923 -1337.0000000000
3928 -1336.0000000000
3947 -1334.0000000000
3967 -1333.0000000000
3971 -1332.0000000000
3992 -1330.0000000000
4002 -1327.0000000000
4068 -1324.0000000000
4084 -1323.0000000000
4094 -1322.0000000000
4106 -1321.0000000000
4125 -1320.0000000000
4130 -1319.0000000000
4145 -1317.0000000000
4163 -1316.0000000000
4167 -1314.0000000000
4190 -1313.0000000000
4202 -1312.0000000000
4221 -1310.0000000000
4242 -1309.0000000000
4244 -1308.0000000000
4252 -1307.0000000000
4261 -1305.0000000000
4270 -1303.0000000000
4281 -1302.0000000000
4303 -1300.0000000000
4346 -1299.0000000000
4350 -1298.0000000000
4359 -1296.0000000000
4381 -1291.0000000000
4430 -1288.0000000000
4462 -1287.0000000000
4510 -1286.0000000000
4522 -1284.0000000000
4543 -1283.0000000000
4566 -1282.0000000000
4573 -1281.0000000000
4579 -1279.0000000000
4586 -1278.0000000000
4631 -1277.0000000000
4633 -1276.0000000000
4634 -1275.0000000000
4637 -1273.0000000000
4657 -1272.0000000000
4672 -1271.0000000000
4701 -1270.0000000000
4703 -1267.0000000000
4721 -1266.0000000000
4742 -1264.0000000000
4750 -1263.0000000000
4778 -1262.0000000000
4783 -1260.0000000000
4789 -1258.0000000000
4815 -1256.0000000000
4838 -1255.0000000000
4861 -1254.0000000000
4868 -1252.0000000000
4885 -1251.0000000000
4891 -1249.0000000000
4923 -1248.0000000000
4937 -1247.0000000000
4942 -1246.0000000000
4950 -1244.0000000000
4977 -1243.0000000000
5011 -1242.0000000000
5017 -1241.0000000000
5047 -1239.0000000000
5053 -1238.0000000000
5069 -1237.0000000000
5091 -1235.0000000000
5108 -1232.0000000000
5157 -1231.0000000000
5169 -1229.0000000000
5189 -1227.0000000000
5254 -1225.0000000000
5264 -1224.0000000000
5303 -1220.0000000000
5333 -1219.0000000000
5364 -1218.0000000000
5367 -1216.0000000000
5368 -1215.0000000000
5392 -1214.0000000000
5400 -1212.0000000000
5409 -1208.0000000000
5501 -1206.0000000000
5503 -1202.0000000000
5530 -1200.0000000000
5547 -1197.0000000000
5573 -1196.0000000000
5601 -1195.0000000000
5613 -1193.0000000000
5641 -1192.0000000000
5676 -1190.0000000000
5682 -1189.0000000000
5723 -1184.0000000000
5760 -1181.0000000000
5792 -1177.0000000000
5852 -1176.0000000000
5888 -1175.0000000000
5904 -1173.0000000000
5928 -1172.0000000000
5957 -1169.0000000000
5968 -1168.0000000000
6001 -1167.0000000000
6007 -1166.0000000000
6013 -1164.0000000000
6023 -1163.0000000000
6050 -1162.0000000000
6065 -1160.0000000000
6102 -1159.0000000000
6114 -1156.0000000000
6159 -1155.0000000000
6174 -1153.0000000000
6181 -1152.0000000000
6220 -1146.0000000000
6278 -1145.0000000000
6316 -1143.0000000000
6342 -1142.0000000000
6346 -1141.0000000000
6365 -1140.0000000000
6387 -1137.0000000000
6421 -1136.0000000000
6449 -1135.0000000000
6473 -1134.0000000000
6486 -1132.0000000000
6530 -1128.0000000000
6555 -1126.0000000000
6582 -1125.0000000000
6608 -1123.0000000000
6620 -1121.0000000000
6624 -1120.0000000000
6643 -1119.0000000000
6652 -1117.0000000000
6667 -1115.0000000000
6690 -1114.0000000000
6708 -1113.0000000000
6753 -1112.0000000000
6759 -1111.0000000000
6786 -1108.0000000000
6806 -1107.0000000000
6807 -1106.0000000000
6824 -1103.0000000000
6858 -1101.0000000000
6883 -1099.0000000000
6906 -1098.0000000000
6918 -1097.0000000000
6925 -1096.0000000000
6930 -1095.0000000000
6962 -1094.0000000000
6966 -1093.0000000000
6984 -1092.0000000000
7005 -1091.0000000000
7022 -1090.0000000000
7031 -1085.0000000000
7069 -1084.0000000000
7091 -1081.0000000000
7109 -1080.0000000000
7117 -1078.0000000000
7135 -1077.0000000000
7143 -1073.0000000000
7151 -1071.0000000000
7202 -1065.0000000000
7259 -1064.0000000000
7269 -1063.0000000000
7308 -1060.0000000000
7321 -1058.0000000000
7387 -1057.0000000000
7411 -1055.0000000000
7426 -1053.0000000000
7442 -1051.0000000000
7454 -1050.0000000000
7482 -1049.0000000000
7505 -1041.0000000000
7544 -1038.0000000000
7564 -1037.0000000000
7586 -1035.0000000000
7618 -1030.0000000000
7633 -1029.0000000000
7646 -1028.0000000000
7660 -1027.0000000000
7662 -1026.0000000000
7705 -1025.0000000000
7707 -1024.0000000000
7712 -1020.0000000000
7759 -1019.0000000000
7798 -1016.0000000000
7806 -1015.0000000000
7859 -1014.0000000000
7861 -1013.0000000000
7877 -1012.0000000000
7886 -1011.0000000000
7887 -1009.0000000000
7905 -1007.0000000000
7946 -1006.0000000000
7968 -1005.0000000000
7982 -1001.0000000000
8037 -998.0000000000
8048 -997.0000000000
8057 -996.0000000000
8119 -995.0000000000
8132 -994.0000000000
8140 -993.0000000000
8152 -992.0000000000
8163 -987.0000000000
8182 -986.0000000000
8210 -985.0000000000
8228 -984.0000000000
8257 -983.0000000000
8263 -982.0000000000
8285 -981.0000000000
8288 -980.0000000000
8313 -977.0000000000
8332 -976.0000000000
8358 -975.0000000000
8384 -974.0000000000
8387 -971.0000000000
8406 -970.0000000000
8426 -969.0000000000
8452 -967.0000000000
8484 -966.0000000000
8507 -965.0000000000
8511 -964.0000000000
8521 -963.0000000000
8529 -962.0000000000
8564 -960.0000000000
8570 -958.0000000000
8585 -957.0000000000
8618 -956.0000000000
8625 -955.0000000000
8666 -954.0000000000
8683 -953.0000000000
8698 -951.0000000000
8724 -950.0000000000
8737 -949.0000000000
8769 -948.0000000000
8785 -947.0000000000
8802 -946.0000000000
8814 -945.0000000000
8820 -944.0000000000
8834 -942.0000000000
8849 -939.0000000000
8896 -938.0000000000
8915 -937.0000000000
8929 -936.0000000000
8972 -935.0000000000
8984 -934.0000000000
8987 -932.0000000000
9003 -930.0000000000
9023 -929.0000000000
9045 -928.0000000000
9069 -927.0000000000
9081 -923.0000000000
9116 -922.0000000000
9145 -921.0000000000
9182 -919.0000000000
9205 -918.0000000000
9209 -917.0000000000
9243 -915.0000000000
9266 -913.0000000000
9289 -912.0000000000
9301 -911.0000000000
9324 -909.0000000000
9370 -908.0000000000
9389 -907.0000000000
9391 -906.0000000000
9400 -905.0000000000
9421 -899.0000000000
9442 -897.0000000000
9506 -896.0000000000
9513 -893.0000000000
9532 -891.0000000000
9606 -888.0000000000
9666 -887.0000000000
9673 -886.0000000000
9692 -885.0000000000
9710 -884.0000000000
9723 -883.0000000000
9727 -881.0000000000
9805 -880.0000000000
9823 -879.0000000000
9824 -876.0000000000
9851 -875.0000000000
9884 -873.0000000000
9934 -872.0000000000
9959 -871.0000000000
9962 -870.0000000000
9995 -868.0000000000
10002 -866.0000000000
10062 -863.0000000000
10110 -858.0000000000
10142 -857.0000000000
10189 -856.0000000000
10236 -855.0000000000
10250 -854.0000000000
10289 -853.0000000000
10301 -852.0000000000
10320 -851.0000000000
10326 -847.0000000000
10384 -846.0000000000
10409 -845.0000000000
10459 -843.0000000000
10483 -842.0000000000
10503 -841.0000000000
10528 -840.0000000000
10531 -838.0000000000
10554 -836.0000000000
10604 -834.0000000000
10626 -833.0000000000
10662 -831.0000000000
10666 -830.0000000000
10688 -828.0000000000
10744 -824.0000000000
10798 -820.0000000000
10841 -819.0000000000
10888 -816.0000000000
10910 -815.0000000000
10918 -814.0000000000
10945 -813.0000000000
10962 -812.0000000000
10988 -811.0000000000
10989 -809.0000000000
11005 -808.0000000000
11022 -807.0000000000
11033 -805.0000000000
11070 -803.0000000000
11104 -802.0000000000
11141 -801.0000000000
11169 -797.0000000000
11201 -794.0000000000
11241 -792.0000000000
11268 -791.0000000000
11284 -789.0000000000
11324 -788.0000000000
11335 -787.0000000000
11373 -786.0000000000
11404 -785.0000000000
11434 -783.0000000000
11442 -781.0000000000
11463 -780.0000000000
11508 -779.0000000000
11511 -777.0000000000
11534 -776.0000000000
11552 -775.0000000000
11578 -774.0000000000
11581 -773.0000000000
11582 -772.0000000000
11624 -770.0000000000
11629 -768.0000000000
11683 -766.0000000000
11722 -765.0000000000
11748 -764.0000000000
11778 -763.0000000000
11818 -760.0000000000
11842 -759.0000000000
11883 -758.0000000000
11910 -757.0000000000
11934 -756.0000000000
11946 -755.0000000000
11952 -752.0000000000
11982 -749.0000000000
12028 -746.0000000000
12070 -745.0000000000
12081 -743.0000000000
12122 -742.0000000000
12133 -741.0000000000
12139 -740.0000000000
12161 -739.0000000000
12188 -736.0000000000
12253 -733.0000000000
12309 -732.0000000000
12310 -731.0000000000
12336 -729.0000000000
12342 -727.0000000000
12380 -726.0000000000
12408 -725.0000000000
12420 -724.0000000000
12426 -723.0000000000
12468 -722.0000000000
12485 -720.0000000000
12502 -717.0000000000
12554 -714.0000000000
12578 -713.0000000000
12625 -712.0000000000
12642 -710.0000000000
12676 -708.0000000000
12727 -707.0000000000
12766 -705.0000000000
12791 -704.0000000000
12805 -703.0000000000
12826 -700.0000000000
12884 -699.0000000000
12887 -697.0000000000
12931 -696.0000000000
12941 -695.0000000000
12971 -693.0000000000
13002 -691.0000000000
13028 -689.0000000000
13041 -688.0000000000
13072 -685.0000000000
13148 -684.0000000000
13182 -682.0000000000
13229 -681.0000000000
13243 -679.0000000000
13296 -678.0000000000
13327 -676.0000000000
13341 -673.0000000000
13367 -672.0000000000
13409 -671.0000000000
13437 -670.0000000000
13494 -669.0000000000
13506 -668.0000000000
13545 -667.0000000000
13565 -666.0000000000
13589 -664.0000000000
13591 -663.0000000000
13623 -662.0000000000
13645 -661.0000000000
13659 -659.0000000000
13699 -658.0000000000
13724 -656.0000000000
13755 -655.0000000000
13785 -652.0000000000
13840 -651.0000000000
13856 -650.0000000000
13920 -646.0000000000
13936 -645.0000000000
13952 -644.0000000000
13997 -643.0000000000
14008 -642.0000000000
14020 -641.0000000000
14041 -640.0000000000
14045 -639.0000000000
14109 -637.0000000000
14160 -634.0000000000
14166 -633.0000000000
14219 -631.0000000000
14256 -630.0000000000
14305 -629.0000000000
14323 -627.0000000000
14362 -626.0000000000
14375 -624.0000000000
14416 -623.0000000000
14426 -622.0000000000
14432 -621.0000000000
14445 -620.0000000000
14459 -619.0000000000
14525 -618.0000000000
14552 -617.0000000000
14558 -616.0000000000
14585 -613.0000000000
14646 -612.0000000000
14654 -608.0000000000
14724 -605.0000000000
14736 -604.0000000000
14784 -603.0000000000
14788 -601.0000000000
14807 -600.0000000000
14833 -599.0000000000
14851 -597.0000000000
14894 -596.0000000000
14903 -595.0000000000
14916 -594.0000000000
14939 -592.0000000000
15005 -590.0000000000
15039 -589.0000000000
15041 -588.0000000000
15061 -587.0000000000
15081 -586.0000000000
15093 -585.0000000000
15106 -584.0000000000
15142 -579.0000000000
15200 -578.0000000000
15240 -577.0000000000
15271 -574.0000000000
15294 -573.0000000000
15321 -571.0000000000
15373 -570.0000000000
15382 -569.0000000000
15404 -567.0000000000
15463 -566.0000000000
15467 -563.0000000000
15482 -562.0000000000
15502 -559.0000000000
15560 -558.0000000000
15574 -556.0000000000
15601 -555.0000000000
15602 -554.0000000000
15662 -552.0000000000
15758 -551.0000000000
15773 -550.0000000000
15785 -549.0000000000
15787 -548.0000000000
15831 -542.0000000000
15910 -541.0000000000
15936 -540.0000000000
15939 -537.0000000000
15990 -536.0000000000
16008 -535.0000000000
16027 -532.0000000000
16043 -530.0000000000
16120 -529.0000000000
16149 -527.0000000000
16162 -526.0000000000
16206 -523.0000000000
16241 -521.0000000000
16330 -520.0000000000
16348 -519.0000000000
16361 -517.0000000000
16381 -515.0000000000
16408 -513.0000000000
16454 -512.0000000000
16491 -511.0000000000
16529 -509.0000000000
16582 -508.0000000000
16614 -507.0000000000
16634 -506.0000000000
16655 -505.0000000000
16687 -504.0000000000
16709 -502.0000000000
16763 -501.0000000000
16778 -498.0000000000
16826 -496.0000000000
16849 -493.0000000000
16865 -492.0000000000
16914 -491.0000000000
16948 -488.0000000000
17008 -486.0000000000
17010 -485.0000000000
17039 -484.0000000000
17049 -481.0000000000
17102 -478.0000000000
17169 -477.0000000000
17180 -476.0000000000
17241 -475.0000000000
17248 -474.0000000000
17265 -473.0000000000
17332 -471.0000000000
17344 -469.0000000000
17395 -467.0000000000
17441 -466.0000000000
17443 -465.0000000000
17453 -464.0000000000
17470 -462.0000000000
17517 -461.0000000000
17536 -460.0000000000
17553 -459.0000000000
17584 -458.0000000000
17585 -457.0000000000
17606 -456.0000000000
17624 -455.0000000000
17639 -453.0000000000
17677 -451.0000000000
17709 -450.0000000000
17726 -445.0000000000
17788 -444.0000000000
17817 -443.0000000000
17840 -442.0000000000
17861 -440.0000000000
17893 -438.0000000000
17928 -435.0000000000
18000 -434.0000000000
18034 -433.0000000000
18044 -429.0000000000
18182 -427.0000000000
18247 -426.0000000000
18250 -425.0000000000
18280 -424.0000000000
18286 -422.0000000000
18310 -421.0000000000
18329 -420.0000000000
18354 -416.0000000000
18369 -414.0000000000
18443 -413.0000000000
18480 -412.0000000000
18501 -411.0000000000
18546 -409.0000000000
18573 -408.0000000000
18582 -406.0000000000
18644 -404.0000000000
18669 -403.0000000000
18708 -398.0000000000
18789 -397.0000000000
18824 -396.0000000000
18831 -394.0000000000
18845 -393.0000000000
18879 -392.0000000000
18882 -391.0000000000
18915 -390.0000000000
18946 -389.0000000000
18958 -387.0000000000
19013 -386.0000000000
19070 -384.0000000000
19099 -383.0000000000
19126 -382.0000000000
19163 -380.0000000000
19187 -379.0000000000
19202 -377.0000000000
19254 -376.0000000000
19268 -375.0000000000
19312 -374.0000000000
19318 -373.0000000000
19383 -371.0000000000
19457 -370.0000000000
19460 -369.0000000000
19471 -368.0000000000
19512 -367.0000000000
19517 -366.0000000000
19521 -365.0000000000
19550 -364.0000000000
19605 -363.0000000000
19607 -361.0000000000
19665 -360.0000000000
19679 -359.0000000000
19703 -357.0000000000
19788 -356.0000000000
19796 -354.0000000000
19827 -353.0000000000
19852 -352.0000000000
19866 -350.0000000000
19912 -349.0000000000
19969 -348.0000000000
19982 -346.0000000000
20034 -345.0000000000
20081 -343.0000000000
20155 -342.0000000000
20186 -341.0000000000
20236 -339.0000000000
20257 -338.0000000000
20285 -337.0000000000
20309 -336.0000000000
20354 -333.0000000000
20368 -332.0000000000
20449 -329.0000000000
20560 -328.0000000000
20585 -327.0000000000
20631 -326.0000000000
20699 -325.0000000000
20741 -324.0000000000
20771 -323.0000000000
20804 -322.0000000000
20866 -321.0000000000
20867 -320.0000000000
20923 -318.0000000000
20964 -317.0000000000
20982 -316.0000000000
21043 -315.0000000000
21062 -314.0000000000
21107 -313.0000000000
21122 -312.0000000000
21139 -311.0000000000
21198 -310.0000000000
21233 -308.0000000000
21291 -307.0000000000
21311 -305.0000000000
21362 -304.0000000000
21386 -303.0000000000
21449 -302.0000000000
21484 -300.0000000000
21530 -298.0000000000
21594 -297.0000000000
21626 -296.0000000000
21641 -294.0000000000
21665 -292.0000000000
21698 -291.0000000000
21735 -289.0000000000
21750 -287.0000000000
21791 -285.0000000000
21814 -284.0000000000
21847 -283.0000000000
21863 -281.0000000000
21897 -279.0000000000
21903 -278.0000000000
21955 -277.0000000000
21997 -275.0000000000
22055 -274.0000000000
22073 -273.0000000000
22115 -272.0000000000
22149 -271.0000000000
22201 -269.0000000000
22231 -268.0000000000
22286 -265.0000000000
22394 -264.0000000000
22397 -263.0000000000
22427 -262.0000000000
22447 -260.0000000000
22461 -259.0000000000
22522 -258.0000000000
22540 -256.0000000000
22610 -255.0000000000
22632 -254.0000000000
22682 -253.0000000000
22743 -251.0000000000
22784 -249.0000000000
22847 -247.0000000000
22898 -246.0000000000
22908 -244.0000000000
22947 -243.0000000000
23008 -242.0000000000
23042 -240.0000000000
23077 -238.0000000000
23129 -237.0000000000
23163 -236.0000000000
23229 -235.0000000000
23280 -232.0000000000
23390 -231.0000000000
23403 -230.0000000000
23445 -229.0000000000
23472 -228.0000000000
23522 -227.0000000000
23561 -225.0000000000
23622 -223.0000000000
23685 -221.0000000000
23743 -220.0000000000
23797 -218.0000000000
23822 -217.0000000000
23867 -216.0000000000
23873 -215.0000000000
23882 -214.0000000000
23913 -213.0000000000
23947 -212.0000000000
23959 -211.0000000000
24019 -210.0000000000
24042 -209.0000000000
24063 -208.0000000000
24124 -207.0000000000
24160 -206.0000000000
24175 -205.0000000000
24181 -203.0000000000
24227 -202.0000000000
24259 -201.0000000000
24268 -198.0000000000
24319 -196.0000000000
24350 -194.0000000000
24389 -192.0000000000
24473 -191.0000000000
24487 -190.0000000000
24498 -189.0000000000
24532 -187.0000000000
24561 -186.0000000000
24587 -185.0000000000
24645 -184.0000000000
24656 -183.0000000000
24690 -182.0000000000
24746 -180.0000000000
24824 -179.0000000000
24850 -178.0000000000
24911 -177.0000000000
24933 -176.0000000000
24944 -175.0000000000
24954 -173.0000000000
25030 -172.0000000000
25070 -170.0000000000
25094 -169.0000000000
25170 -167.0000000000
25224 -166.0000000000
25274 -165.0000000000
25290 -164.0000000000
25291 -163.0000000000
25413 -162.0000000000
25437 -161.0000000000
25492 -160.0000000000
25543 -159.0000000000
25613 -158.0000000000
25695 -157.0000000000
25698 -155.0000000000
25773 -154.0000000000
25794 -153.0000000000
25828 -152.0000000000
25864 -151.0000000000
25904 -150.0000000000
25946 -149.0000000000
25979 -148.0000000000
26005 -147.0000000000
26023 -145.0000000000
26057 -144.0000000000
26096 -143.0000000000
26111 -142.0000000000
26144 -140.0000000000
26239 -139.0000000000
26286 -138.0000000000
26361 -137.0000000000
26363 -136.0000000000
26397 -135.0000000000
26441 -134.0000000000
26488 -133.0000000000
26540 -132.0000000000
26578 -131.0000000000
26587 -130.0000000000
26686 -129.0000000000
26728 -128.0000000000
26814 -126.0000000000
26859 -125.0000000000
26907 -123.0000000000
26973 -122.0000000000
27021 -121.0000000000
27055 -119.0000000000
27146 -118.0000000000
27172 -117.0000000000
27220 -116.0000000000
27227 -115.0000000000
27243 -114.0000000000
27272 -113.0000000000
27297 -111.0000000000
27398 -109.0000000000
27444 -108.0000000000
27570 -107.0000000000
27606 -106.0000000000
27623 -104.0000000000
27699 -103.0000000000
27737 -102.0000000000
27767 -101.0000000000
27801 -100.0000000000
27822 -99.0000000000
27888 -98.0000000000
27904 -97.0000000000
27923 -96.0000000000
27972 -93.0000000000
28030 -92.0000000000
28085 -91.0000000000
28155 -90.0000000000
28221 -89.0000000000
28280 -88.0000000000
28301 -87.0000000000
28364 -85.0000000000
28429 -83.0000000000
28460 -81.0000000000
28572 -80.0000000000
28604 -79.0000000000
28696 -78.0000000000
28713 -77.0000000000
28794 -76.0000000000
28891 -75.0000000000
28910 -74.0000000000
28929 -73.0000000000
28951 -72.0000000000
29107 -71.0000000000
29134 -70.0000000000
29227 -69.0000000000
29278 -67.0000000000
29384 -64.0000000000
29494 -63.0000000000
29567 -62.0000000000
29584 -61.0000000000
29631 -60.0000000000
29696 -59.0000000000
29759 -57.0000000000
29789 -56.0000000000
29828 -55.0000000000
29870 -54.0000000000
29905 -53.0000000000
29989 -52.0000000000
30026 -50.0000000000
30093 -48.0000000000
30156 -47.0000000000
30244 -46.0000000000
30305 -44.0000000000
30403 -43.0000000000
30477 -42.0000000000
30500 -41.0000000000
30541 -40.0000000000
30577 -39.0000000000
30623 -38.0000000000
30624 -37.0000000000
30681 -36.0000000000
30740 -35.0000000000
30855 -34.0000000000
30947 -33.0000000000
30982 -32.0000000000
31013 -31.0000000000
31041 -30.0000000000
31103 -29.0000000000
31121 -28.0000000000
31161 -27.0000000000
31243 -26.0000000000
31269 -25.0000000000
31278 -23.0000000000
31378 -21.0000000000
31694 -20.0000000000
31751 -19.0000000000
31842 -18.0000000000
31883 -17.0000000000
31896 -15.0000000000
32045 -14.0000000000
32114 -12.0000000000
32235 -11.0000000000
32302 -9.0000000000
32411 -8.0000000000
32552 -7.0000000000
32573 -6.0000000000
32639 -5.0000000000
32734 -4.0000000000
32807 -3.0000000000
32884 -2.0000000000
32906 -1.0000000000
32972 532.4300000000
32975 535.4600000000
32990 566.2500000000
33041 571.1000000000
33082 577.0900000000
33090 660.6700000000
33196 671.5600000000
33336 675.3700000000
33375 678.4700000000
33421 692.9400000000
33426 696.3100000000
33566 700.6000000000
33875 717.0800000000
33970 726.5200000000
34025 732.0400000000
34073 739.6700000000
34286 795.4200000000
34632 796.9500000000
34812 797.2200000000
34829 809.9400000000
34964 818.7800000000
35117 825.0400000000
35204 829.8500000000
35442 835.5300000000
35474 841.3800000000
35521 855.4700000000
35698 855.9900000000
35825 856.5900000000
35872 859.1000000000
35950 865.5800000000
36077 870.7900000000
36610 871.0600000000
37744 871.4600000000
37873 874.7100000000
37931 898.9100000000
39426 903.5400000000
40950 941.7600000000
41406 946.3700000000
41421 966.5200000000
41462 968.7100000000
41495 972.2700000000
41565 1035.8700000000
41733 1036.7400000000
41765 1037.7300000000
41776 1038.8300000000
41789 1041.1500000000
41807 1042.7400000000
41845 1043.1900000000
41874 1044.3300000000
41954 1048.5500000000
42155 1060.3100000000
42307 1061.2600000000
42494 1062.0600000000
43625 1062.2500000000
43630 1065.0700000000
44161 1112.8100000000
44196 1132.6000000000
44247 1133.0000000000
44262 1146.9600000000
44286 1147.9800000000
44328 1148.2300000000
44364 1148.4000000000
44372 1151.2800000000
44487 1152.0800000000
44746 1152.9700000000
44843 1154.6700000000
44902 1156.2400000000
45009 1157.8200000000
45134 1171.6500000000
45788 1173.8600000000
46021 1174.4300000000
46079 1176.0900000000
46177 1187.1400000000
50670 1188.7100000000
53305 1191.6000000000
53402 1194.3300000000
66255 1195.9500000000
66554 1196.4800000000
67508 1199.0200000000
67886 1199.5800000000
68651 1200.4900000000
71421 1202.7300000000
72419 1215.5400000000
72808 1216.8900000000
72924 1220.1600000000
73045 1223.6500000000
73222 1225.4800000000
73424 1226.0700000000
73654 1231.2700000000
73755 1234.3800000000
74444 1239.0900000000
74614 1250.4200000000
77968 1252.6700000000
83524 1253.1200000000
84540 1254.1000000000
87410 1254.3500000000
94836 1257.5700000000
100000 1223.9700000000
evaluations raw_y
1 -1891.0000000000
5 -1835.0000000000
39 -1826.0000000000
42 -1821.0000000000
44 -1811.0000000000
82 -1794.0000000000
96 -1793.0000000000
105 -1790.0000000000
106 -1786.0000000000
112 -1783.0000000000
122 -1773.0000000000
126 -1771.0000000000
130 -1764.0000000000
133 -1763.0000000000
141 -1757.0000000000
145 -1755.0000000000
174 -1744.0000000000
179 -1728.0000000000
185 -1727.0000000000
188 -1724.0000000000
189 -1700.0000000000
243 -1698.0000000000
250 -1695.0000000000
263 -1691.0000000000
264 -1686.0000000000
266 -1679.0000000000
282 -1668.0000000000
301 -1664.0000000000
303 -1659.0000000000
330 -1656.0000000000
339 -1655.0000000000
342 -1647.0000000000
347 -1644.0000000000
361 -1634.0000000000
388 -1633.0000000000
401 -1630.0000000000
407 -1624.0000000000
426 -1618.0000000000
441 -1614.0000000000
471 -1613.0000000000
473 -1608.0000000000
482 -1601.0000000000
509 -1598.0000000000
513 -1593.0000000000
524 -1591.0000000000
545 -1590.0000000000
553 -1586.0000000000
556 -1583.0000000000
574 -1580.0000000000
586 -1575.0000000000
601 -1572.0000000000
621 -1571.0000000000
622 -1569.0000000000
626 -1567.0000000000
629 -1563.0000000000
644 -1562.0000000000
664 -1560.0000000000
665 -1553.0000000000
694 -1551.0000000000
712 -1549.0000000000
725 -1547.0000000000
726 -1546.0000000000
757 -1545.0000000000
767 -1544.0000000000
787 -1543.0000000000
793 -1540.0000000000
806 -1538.0000000000
808 -1537.0000000000
821 -1535.0000000000
850 -1527.0000000000
898 -1525.0000000000
923 -1524.0000000000
929 -1522.0000000000
943 -1520.0000000000
958 -1519.0000000000
966 -1514.0000000000
1021 -1512.0000000000
1043 -1510.0000000000
1060 -1509.0000000000
1065 -1508.0000000000
1083 -1507.0000000000
1107 -1504.0000000000
1130 -1503.0000000000
1143 -1502.0000000000
1171 -1501.0000000000
1181 -1498.0000000000
1203 -1496.0000000000
1221 -1493.0000000000
1249 -1488.0000000000
1281 -1486.0000000000
1304 -1484.0000000000
1343 -1483.0000000000
1348 -1482.0000000000
1378 -1480.0000000000
1423 -1476.0000000000
1469 -1475.0000000000
1478 -1473.0000000000
1489 -1472.0000000000
1508 -1467.0000000000
1541 -1465.0000000000
1587 -1462.0000000000
1614 -1460.0000000000
1623 -1456.0000000000
1674 -1455.0000000000
1679 -1453.0000000000
1688 -1449.0000000000
1723 -1448.0000000000
1728 -1442.0000000000
1765 -1441.0000000000
1770 -1440.0000000000
1798 -1439.0000000000
1810 -1435.0000000000
1828 -1432.0000000000
1864 -1430.0000000000
1872 -1427.0000000000
1916 -1426.0000000000
1923 -1424.0000000000
1927 -1422.0000000000
1946 -1421.0000000000
1959 -1418.0000000000
1963 -1417.0000000000
1974 -1416.0000000000
1990 -1415.0000000000
1995 -1412.0000000000
2006 -1409.0000000000
2038 -1408.0000000000
2041 -1407.0000000000
2077 -1404.0000000000
2083 -1403.0000000000
2098 -1402.0000000000
2109 -1401.0000000000
2112 -1400.0000000000
2124 -1398.0000000000
2145 -1397.0000000000
2163 -1395.0000000000
2225 -1393.0000000000
2242 -1392.0000000000
2244 -1389.0000000000
2273 -1388.0000000000
2303 -1386.0000000000
2341 -1383.0000000000
2361 -1382.0000000000
2370 -1381.0000000000
2413 -1379.0000000000
2426 -1378.0000000000
2449 -1377.0000000000
2469 -1374.0000000000
2485 -1373.0000000000
2502 -1372.0000000000
2531 -1369.0000000000
2556 -1368.0000000000
2583 -1366.0000000000
2602 -1363.0000000000
2624 -1362.0000000000
2657 -1361.0000000000
2682 -1360.0000000000
2683 -1359.0000000000
2702 -1356.0000000000
2757 -1353.0000000000
2770 -1351.0000000000
2784 -1350.0000000000
2820 -1349.0000000000
2837 -1347.0000000000
2852 -1345.0000000000
2867 -1344.0000000000
2901 -1343.0000000000
2904 -1342.0000000000
2918 -1338.0000000000
2949 -1336.0000000000
2985 -1332.0000000000
3010 -1330.0000000000
3051 -1329.0000000000
3061 -1327.0000000000
3097 -1326.0000000000
3101 -1325.0000000000
3125 -1323.0000000000
3137 -1321.0000000000
3149 -1320.0000000000
3188 -1319.0000000000
3195 -1318.0000000000
3197 -1315.0000000000
3206 -1312.0000000000
3221 -1309.0000000000
3242 -1308.0000000000
3282 -1306.0000000000
3301 -1305.0000000000
3313 -1304.0000000000
3338 -1302.0000000000
3354 -1301.0000000000
3367 -1296.0000000000
3401 -1295.0000000000
3446 -1294.0000000000
3454 -1292.0000000000
3474 -1291.0000000000
3499 -1290.0000000000
3534 -1289.0000000000
3547 -1287.0000000000
3576 -1286.0000000000
3604 -1285.0000000000
3610 -1283.0000000000
3624 -1282.0000000000
3635 -1281.0000000000
3654 -1280.0000000000
3658 -1278.0000000000
3686 -1276.0000000000
3706 -1275.0000000000
3708 -1273.0000000000
3745 -1271.0000000000
3748 -1270.0000000000
3769 -1269.0000000000
3804 -1266.0000000000
3823 -1265.0000000000
3826 -1264.0000000000
3846 -1260.0000000000
3863 -1259.0000000000
3903 -1258.0000000000
3918 -1256.0000000000
3936 -1255.0000000000
3948 -1254.0000000000
3954 -1253.0000000000
3961 -1251.0000000000
3997 -1250.0000000000
4003 -1246.0000000000
4026 -1245.0000000000
4044 -1243.0000000000
4090 -1241.0000000000
4108 -1240.0000000000
4116 -1238.0000000000
4141 -1237.0000000000
4159 -1236.0000000000
4160 -1235.0000000000
4177 -1233.0000000000
4188 -1231.0000000000
4201 -1230.0000000000
4226 -1228.0000000000
4259 -1227.0000000000
4269 -1226.0000000000
4303 -1224.0000000000
4310 -1223.0000000000
4334 -1221.0000000000
4343 -1220.0000000000
4349 -1217.0000000000
4373 -1216.0000000000
4399 -1214.0000000000
4422 -1213.0000000000
4429 -1212.0000000000
4446 -1211.0000000000
4471 -1208.0000000000
4483 -1207.0000000000
4502 -1205.0000000000
4519 -1203.0000000000
4543 -1201.0000000000
4593 -1200.0000000000
4601 -1196.0000000000
4644 -1195.0000000000
4670 -1193.0000000000
4691 -1192.0000000000
4729 -1191.0000000000
4742 -1190.0000000000
4745 -1189.0000000000
4750 -1186.0000000000
4799 -1185.0000000000
4801 -1184.0000000000
4815 -1179.0000000000
4883 -1178.0000000000
4889 -1177.0000000000
4903 -1176.0000000000
4927 -1174.0000000000
4932 -1173.0000000000
4940 -1172.0000000000
4941 -1171.0000000000
4963 -1170.0000000000
4995 -1167.0000000000
5018 -1166.0000000000
5028 -1163.0000000000
5048 -1162.0000000000
5109 -1161.0000000000
5135 -1159.0000000000
5151 -1156.0000000000
5162 -1154.0000000000
5183 -1153.0000000000
5201 -1152.0000000000
5205 -1151.0000000000
5222 -1150.0000000000
5228 -1149.0000000000
5246 -1148.0000000000
5265 -1146.0000000000
5267 -1145.0000000000
5303 -1144.0000000000
5322 -1142.0000000000
5341 -1141.0000000000
5345 -1137.0000000000
5381 -1136.0000000000
5423 -1135.0000000000
5438 -1134.0000000000
5447 -1133.0000000000
5466 -1132.0000000000
5473 -1130.0000000000
5501 -1129.0000000000
5523 -1127.0000000000
5549 -1125.0000000000
5553 -1124.0000000000
5566 -1123.0000000000
5574 -1122.0000000000
5582 -1120.0000000000
5601 -1119.0000000000
5614 -1118.0000000000
5643 -1116.0000000000
5650 -1111.0000000000
5705 -1108.0000000000
5758 -1107.0000000000
5762 -1106.0000000000
5782 -1105.0000000000
5800 -1103.0000000000
5802 -1102.0000000000
5845 -1101.0000000000
5860 -1100.0000000000
5871 -1099.0000000000
5879 -1098.0000000000
5893 -1097.0000000000
5902 -1095.0000000000
5929 -1094.0000000000
5945 -1093.0000000000
5955 -1092.0000000000
5967 -1091.0000000000
5996 -1090.0000000000
6001 -1089.0000000000
6008 -1087.0000000000
6022 -1085.0000000000
6032 -1082.0000000000
6065 -1081.0000000000
6078 -1080.0000000000
6081 -1078.0000000000
6105 -1077.0000000000
6133 -1075.0000000000
6169 -1074.0000000000
6194 -1073.0000000000
6206 -1072.0000000000
6224 -1070.0000000000
6238 -1068.0000000000
6278 -1067.0000000000
6285 -1066.0000000000
6300 -1065.0000000000
6309 -1062.0000000000
6347 -1061.0000000000
6375 -1059.0000000000
6391 -1058.0000000000
6405 -1054.0000000000
6470 -1053.0000000000
6505 -1051.0000000000
6541 -1050.0000000000
6542 -1048.0000000000
6566 -1047.0000000000
6585 -1046.0000000000
6600 -1044.0000000000
6627 -1043.0000000000
6661 -1040.0000000000
6662 -1039.0000000000
6686 -1037.0000000000
6732 -1036.0000000000
6734 -1034.0000000000
6754 -1033.0000000000
6767 -1032.0000000000
6784 -1031.0000000000
6793 -1030.0000000000
6799 -1029.0000000000
6801 -1027.0000000000
6813 -1025.0000000000
6855 -1024.0000000000
6864 -1022.0000000000
6896 -1021.0000000000
6913 -1020.0000000000
6916 -1017.0000000000
6943 -1016.0000000000
6955 -1013.0000000000
6976 -1012.0000000000
7019 -1008.0000000000
7035 -1007.0000000000
7050 -1005.0000000000
7081 -1004.0000000000
7110 -1003.0000000000
7119 -1002.0000000000
7125 -999.0000000000
7164 -997.0000000000
7168 -996.0000000000
7186 -994.0000000000
7216 -993.0000000000
7225 -991.0000000000
7241 -990.0000000000
7261 -988.0000000000
7306 -987.0000000000
7321 -986.0000000000
7345 -985.0000000000
7365 -983.0000000000
7389 -982.0000000000
7401 -977.0000000000
7485 -976.0000000000
7528 -975.0000000000
7540 -973.0000000000
7565 -971.0000000000
7586 -970.0000000000
7606 -968.0000000000
7647 -966.0000000000
7666 -963.0000000000
7722 -962.0000000000
7732 -961.0000000000
7763 -960.0000000000
7806 -956.0000000000
7825 -955.0000000000
7845 -952.0000000000
7874 -951.0000000000
7885 -949.0000000000
7914 -948.0000000000
7936 -946.0000000000
7960 -945.0000000000
7995 -943.0000000000
8001 -941.0000000000
8056 -940.0000000000
8070 -939.0000000000
8086 -937.0000000000
8103 -936.0000000000
8110 -935.0000000000
8138 -933.0000000000
8140 -931.0000000000
8175 -930.0000000000
8233 -929.0000000000
8247 -928.0000000000
8248 -927.0000000000
8259 -926.0000000000
8283 -925.0000000000
8341 -924.0000000000
8343 -923.0000000000
8353 -920.0000000000
8403 -918.0000000000
8464 -915.0000000000
8506 -914.0000000000
8514 -913.0000000000
8523 -912.0000000000
8559 -911.0000000000
8575 -909.0000000000
8599 -908.0000000000
8633 -907.0000000000
8648 -905.0000000000
8679 -904.0000000000
8694 -903.0000000000
8710 -902.0000000000
8711 -899.0000000000
8729 -898.0000000000
8761 -895.0000000000
8797 -894.0000000000
8825 -893.0000000000
8840 -892.0000000000
8853 -891.0000000000
8872 -890.0000000000
8880 -889.0000000000
8901 -888.0000000000
8903 -887.0000000000
8916 -886.0000000000
8963 -885.0000000000
8968 -884.0000000000
9003 -882.0000000000
9020 -881.0000000000
9041 -880.0000000000
9062 -878.0000000000
9089 -877.0000000000
9112 -874.0000000000
9122 -873.0000000000
9172 -872.0000000000
9177 -871.0000000000
9202 -870.0000000000
9208 -869.0000000000
9245 -867.0000000000
9268 -866.0000000000
9278 -865.0000000000
9318 -862.0000000000
9335 -861.0000000000
9380 -857.0000000000
9446 -854.0000000000
9482 -853.0000000000
9497 -851.0000000000
9542 -849.0000000000
9565 -848.0000000000
9598 -847.0000000000
9627 -846.0000000000
9642 -845.0000000000
9650 -842.0000000000
9714 -841.0000000000
9721 -840.0000000000
9730 -837.0000000000
9793 -835.0000000000
9808 -832.0000000000
9871 -831.0000000000
9913 -830.0000000000
9918 -828.0000000000
9946 -827.0000000000
9975 -825.0000000000
10026 -824.0000000000
10035 -823.0000000000
10045 -820.0000000000
10069 -819.0000000000
10108 -818.0000000000
10110 -816.0000000000
10121 -814.0000000000
10169 -813.0000000000
10198 -809.0000000000
10222 -808.0000000000
10264 -807.0000000000
10271 -805.0000000000
10294 -802.0000000000
10363 -801.0000000000
10365 -800.0000000000
10367 -799.0000000000
10384 -798.0000000000
10425 -795.0000000000
10466 -793.0000000000
10506 -792.0000000000
10523 -791.0000000000
10527 -790.0000000000
10574 -788.0000000000
10598 -787.0000000000
10619 -785.0000000000
10641 -784.0000000000
10704 -783.0000000000
10721 -781.0000000000
10746 -780.0000000000
10767 -779.0000000000
10784 -778.0000000000
10816 -777.0000000000
10837 -776.0000000000
10842 -774.0000000000
10881 -773.0000000000
10884 -772.0000000000
10908 -771.0000000000
10925 -769.0000000000
10963 -767.0000000000
10997 -766.0000000000
11007 -765.0000000000
11041 -764.0000000000
11062 -763.0000000000
11072 -762.0000000000
11106 -760.0000000000
11134 -759.0000000000
11156 -758.0000000000
11166 -755.0000000000
11186 -754.0000000000
11225 -752.0000000000
11261 -749.0000000000
11284 -747.0000000000
11315 -745.0000000000
11322 -744.0000000000
11344 -742.0000000000
11393 -741.0000000000
11406 -737.0000000000
11468 -733.0000000000
11535 -732.0000000000
11563 -730.0000000000
11611 -729.0000000000
11614 -728.0000000000
11652 -727.0000000000
11662 -725.0000000000
11705 -722.0000000000
11736 -721.0000000000
11766 -720.0000000000
11791 -718.0000000000
11807 -717.0000000000
11812 -716.0000000000
11820 -715.0000000000
11822 -714.0000000000
11848 -712.0000000000
11886 -711.0000000000
11899 -710.0000000000
11913 -709.0000000000
11954 -707.0000000000
11991 -703.0000000000
12007 -702.0000000000
12057 -701.0000000000
12078 -699.0000000000
12103 -698.0000000000
12124 -697.0000000000
12128 -696.0000000000
12174 -694.0000000000
12236 -693.0000000000
12251 -691.0000000000
12285 -689.0000000000
12307 -688.0000000000
12365 -686.0000000000
12382 -685.0000000000
12421 -683.0000000000
12425 -681.0000000000
12474 -680.0000000000
12495 -679.0000000000
12514 -677.0000000000
12523 -676.0000000000
12567 -675.0000000000
12590 -674.0000000000
12591 -673.0000000000
12592 -672.0000000000
12625 -671.0000000000
12640 -670.0000000000
12661 -669.0000000000
12700 -668.0000000000
12715 -667.0000000000
12736 -665.0000000000
12754 -664.0000000000
12784 -663.0000000000
12789 -662.0000000000
12802 -661.0000000000
12828 -659.0000000000
12846 -655.0000000000
12929 -654.0000000000
12932 -653.0000000000
12951 -652.0000000000
12963 -650.0000000000
12966 -649.0000000000
13009 -648.0000000000
13023 -647.0000000000
13040 -646.0000000000
13047 -644.0000000000
13117 -643.0000000000
13121 -642.0000000000
13156 -639.0000000000
13190 -638.0000000000
13218 -635.0000000000
13260 -631.0000000000
13304 -630.0000000000
13328 -629.0000000000
13353 -627.0000000000
13394 -626.0000000000
13401 -625.0000000000
13426 -623.0000000000
13465 -621.0000000000
13501 -618.0000000000
13541 -615.0000000000
13595 -614.0000000000
13632 -612.0000000000
13671 -609.0000000000
13738 -608.0000000000
13745 -607.0000000000
13781 -606.0000000000
13782 -604.0000000000
13801 -603.0000000000
13803 -602.0000000000
13825 -600.0000000000
13863 -599.0000000000
13887 -598.0000000000
13909 -597.0000000000
13929 -596.0000000000
13932 -595.0000000000
13949 -594.0000000000
13964 -592.0000000000
14000 -591.0000000000
14059 -590.0000000000
14065 -589.0000000000
14082 -588.0000000000
14118 -586.0000000000
14146 -585.0000000000
14167 -583.0000000000
14171 -582.0000000000
14227 -581.0000000000
14235 -580.0000000000
14241 -579.0000000000
14242 -578.0000000000
14267 -577.0000000000
14306 -576.0000000000
14333 -575.0000000000
14358 -574.0000000000
14359 -573.0000000000
14406 -572.0000000000
14433 -570.0000000000
14478 -569.0000000000
14498 -568.0000000000
14513 -567.0000000000
14565 -566.0000000000
14569 -565.0000000000
14609 -564.0000000000
14624 -563.0000000000
14633 -562.0000000000
14655 -561.0000000000
14677 -559.0000000000
14710 -557.0000000000
14758 -556.0000000000
14773 -555.0000000000
14801 -554.0000000000
14831 -553.0000000000
14849 -552.0000000000
14916 -551.0000000000
14943 -549.0000000000
14971 -548.0000000000
15026 -547.0000000000
15044 -546.0000000000
15060 -545.0000000000
15102 -544.0000000000
15113 -542.0000000000
15130 -541.0000000000
15149 -540.0000000000
15201 -539.0000000000
15212 -538.0000000000
15249 -537.0000000000
15262 -536.0000000000
15273 -535.0000000000
15317 -534.0000000000
15328 -531.0000000000
15408 -530.0000000000
15418 -529.0000000000
15422 -528.0000000000
15465 -526.0000000000
15506 -525.0000000000
15517 -524.0000000000
15532 -523.0000000000
15573 -522.0000000000
15610 -521.0000000000
15626 -519.0000000000
15665 -517.0000000000
15703 -516.0000000000
15741 -515.0000000000
15797 -514.0000000000
15812 -513.0000000000
15862 -512.0000000000
15873 -510.0000000000
15895 -509.0000000000
15928 -507.0000000000
15947 -505.0000000000
16026 -502.0000000000
16074 -501.0000000000
16108 -500.0000000000
16109 -499.0000000000
16125 -497.0000000000
16183 -495.0000000000
16242 -493.0000000000
16251 -490.0000000000
16283 -488.0000000000
16324 -486.0000000000
16364 -485.0000000000
16397 -484.0000000000
16399 -483.0000000000
16437 -482.0000000000
16489 -481.0000000000
16491 -480.0000000000
16526 -478.0000000000
16543 -477.0000000000
16549 -475.0000000000
16602 -473.0000000000
16622 -471.0000000000
16675 -470.0000000000
16723 -469.0000000000
16729 -468.0000000000
16731 -467.0000000000
16750 -466.0000000000
16781 -464.0000000000
16838 -463.0000000000
16846 -462.0000000000
16879 -461.0000000000
16891 -459.0000000000
16921 -455.0000000000
16965 -453.0000000000
17034 -451.0000000000
17051 -448.0000000000
17092 -446.0000000000
17165 -445.0000000000
17210 -444.0000000000
17272 -442.0000000000
17346 -441.0000000000
17358 -440.0000000000
17389 -439.0000000000
17403 -437.0000000000
17450 -435.0000000000
17475 -434.0000000000
17508 -433.0000000000
17522 -430.0000000000
17598 -429.0000000000
17630 -427.0000000000
17641 -426.0000000000
17679 -425.0000000000
17718 -424.0000000000
17746 -422.0000000000
17763 -421.0000000000
17771 -420.0000000000
17807 -419.0000000000
17836 -418.0000000000
17862 -417.0000000000
17909 -416.0000000000
17944 -414.0000000000
17987 -413.0000000000
18001 -411.0000000000
18068 -410.0000000000
18087 -409.0000000000
18106 -408.0000000000
18110 -407.0000000000
18127 -406.0000000000
18153 -404.0000000000
18180 -403.0000000000
18197 -402.0000000000
18217 -401.0000000000
18232 -399.0000000000
18264 -398.0000000000
18265 -397.0000000000
18301 -396.0000000000
18313 -394.0000000000
18323 -393.0000000000
18367 -392.0000000000
18382 -390.0000000000
18428 -388.0000000000
18554 -386.0000000000
18561 -385.0000000000
18606 -384.0000000000
18649 -383.0000000000
18686 -382.0000000000
18722 -380.0000000000
18737 -379.0000000000
18763 -378.0000000000
18781 -376.0000000000
18854 -375.0000000000
18894 -373.0000000000
18931 -372.0000000000
18961 -369.0000000000
18994 -368.0000000000
19008 -367.0000000000
19062 -366.0000000000
19081 -365.0000000000
19097 -364.0000000000
19109 -363.0000000000
19124 -362.0000000000
19134 -360.0000000000
19203 -358.0000000000
19207 -357.0000000000
19245 -355.0000000000
19283 -353.0000000000
19304 -352.0000000000
19363 -351.0000000000
19403 -350.0000000000
19409 -348.0000000000
19430 -347.0000000000
19468 -346.0000000000
19487 -345.0000000000
19506 -343.0000000000
19562 -342.0000000000
19568 -341.0000000000
19593 -339.0000000000
19628 -338.0000000000
19655 -334.0000000000
19704 -333.0000000000
19740 -330.0000000000
19761 -329.0000000000
19789 -328.0000000000
19811 -327.0000000000
19861 -326.0000000000
19914 -325.0000000000
19953 -324.0000000000
19987 -323.0000000000
20010 -322.0000000000
20029 -321.0000000000
20066 -320.0000000000
20076 -319.0000000000
20095 -318.0000000000
20134 -316.0000000000
20164 -315.0000000000
20203 -313.0000000000
20226 -312.0000000000
20253 -311.0000000000
20308 -310.0000000000
20313 -309.0000000000
20347 -308.0000000000
20365 -307.0000000000
20439 -306.0000000000
20459 -304.0000000000
20485 -302.0000000000
20501 -301.0000000000
20569 -300.0000000000
20585 -298.0000000000
20653 -297.0000000000
20659 -295.0000000000
20696 -294.0000000000
20740 -293.0000000000
20765 -292.0000000000
20781 -291.0000000000
20841 -290.0000000000
20849 -289.0000000000
20902 -287.0000000000
20942 -286.0000000000
21005 -285.0000000000
21038 -284.0000000000
21044 -282.0000000000
21104 -281.0000000000
21127 -280.0000000000
21148 -279.0000000000
21164 -277.0000000000
21218 -276.0000000000
21238 -275.0000000000
21247 -272.0000000000
21288 -271.0000000000
21304 -270.0000000000
21367 -269.0000000000
21388 -268.0000000000
21409 -267.0000000000
21482 -266.0000000000
21484 -265.0000000000
21561 -264.0000000000
21615 -263.0000000000
21668 -260.0000000000
21710 -259.0000000000
21750 -258.0000000000
21767 -257.0000000000
21782 -255.0000000000
21823 -254.0000000000
21930 -253.0000000000
21967 -251.0000000000
21999 -249.0000000000
22041 -248.0000000000
22059 -247.0000000000
22099 -246.0000000000
22103 -245.0000000000
22138 -244.0000000000
22164 -243.0000000000
22169 -241.0000000000
22268 -240.0000000000
22269 -239.0000000000
22310 -237.0000000000
22357 -236.0000000000
22370 -235.0000000000
22418 -234.0000000000
22457 -233.0000000000
22464 -231.0000000000
22526 -230.0000000000
22538 -228.0000000000
22555 -227.0000000000
22582 -224.0000000000
22675 -223.0000000000
22702 -222.0000000000
22710 -221.0000000000
22810 -220.0000000000
22849 -219.0000000000
22866 -218.0000000000
22885 -217.0000000000
22968 -215.0000000000
22982 -214.0000000000
23061 -213.0000000000
23071 -212.0000000000
23159 -210.0000000000
23177 -209.0000000000
23200 -208.0000000000
23231 -205.0000000000
23329 -204.0000000000
23345 -203.0000000000
23369 -202.0000000000
23388 -201.0000000000
23389 -199.0000000000
23485 -198.0000000000
23536 -197.0000000000
23571 -196.0000000000
23604 -195.0000000000
23624 -194.0000000000
23655 -192.0000000000
23686 -191.0000000000
23734 -190.0000000000
23788 -189.0000000000
23821 -188.0000000000
23862 -187.0000000000
23875 -186.0000000000
23899 -185.0000000000
23918 -184.0000000000
23989 -182.0000000000
24021 -181.0000000000
24041 -180.0000000000
24068 -178.0000000000
24140 -177.0000000000
24147 -176.0000000000
24185 -175.0000000000
24260 -173.0000000000
24336 -172.0000000000
24395 -171.0000000000
24401 -168.0000000000
24474 -167.0000000000
24531 -166.0000000000
24588 -164.0000000000
24683 -163.0000000000
24696 -162.0000000000
24715 -160.0000000000
24781 -159.0000000000
24827 -158.0000000000
24878 -154.0000000000
24988 -153.0000000000
25008 -152.0000000000
25044 -151.0000000000
25074 -149.0000000000
25197 -148.0000000000
25268 -147.0000000000
25304 -145.0000000000
25344 -144.0000000000
25401 -143.0000000000
25473 -142.0000000000
25518 -140.0000000000
25572 -139.0000000000
25633 -138.0000000000
25735 -136.0000000000
25767 -135.0000000000
25888 -134.0000000000
25903 -133.0000000000
25956 -132.0000000000
25984 -131.0000000000
26045 -130.0000000000
26097 -129.0000000000
26142 -128.0000000000
26170 -127.0000000000
26222 -125.0000000000
26275 -124.0000000000
26321 -123.0000000000
26343 -121.0000000000
26378 -120.0000000000
26431 -119.0000000000
26514 -118.0000000000
26532 -117.0000000000
26546 -116.0000000000
26614 -115.0000000000
26623 -113.0000000000
26694 -112.0000000000
26755 -111.0000000000
26769 -109.0000000000
26850 -108.0000000000
26862 -107.0000000000
26963 -106.0000000000
27032 -105.0000000000
27048 -104.0000000000
27118 -103.0000000000
27204 -102.0000000000
27210 -101.0000000000
27289 -100.0000000000
27307 -99.0000000000
27317 -97.0000000000
27442 -96.0000000000
27484 -94.0000000000
27563 -93.0000000000
27589 -92.0000000000
27604 -90.0000000000
27674 -88.0000000000
27824 -86.0000000000
27870 -85.0000000000
27892 -84.0000000000
27963 -83.0000000000
28010 -80.0000000000
28085 -78.0000000000
28262 -77.0000000000
28296 -76.0000000000
28355 -75.0000000000
28356 -74.0000000000
28402 -72.0000000000
28544 -71.0000000000
28577 -70.0000000000
28601 -69.0000000000
28688 -68.0000000000
28780 -67.0000000000
28791 -66.0000000000
28886 -65.0000000000
28962 -64.0000000000
29027 -63.0000000000
29032 -62.0000000000
29171 -60.0000000000
29207 -59.0000000000
29307 -58.0000000000
29381 -56.0000000000
29455 -54.0000000000
29523 -53.0000000000
29661 -51.0000000000
29826 -50.0000000000
29867 -49.0000000000
29893 -48.0000000000
29903 -47.0000000000
29925 -46.0000000000
30004 -45.0000000000
30071 -43.0000000000
30121 -42.0000000000
30211 -41.0000000000
30216 -40.0000000000
30291 -39.0000000000
30327 -38.0000000000
30372 -37.0000000000
30381 -36.0000000000
30446 -35.0000000000
30456 -34.0000000000
30480 -33.0000000000
30524 -31.0000000000
30602 -30.0000000000
30627 -28.0000000000
30728 -27.0000000000
30816 -26.0000000000
30879 -25.0000000000
30915 -23.0000000000
31016 -21.0000000000
31074 -19.0000000000
31182 -18.0000000000
31266 -17.0000000000
31294 -16.0000000000
31318 -15.0000000000
31325 -13.0000000000
31474 -11.0000000000
31501 -10.0000000000
31556 -8.0000000000
31710 -7.0000000000
31841 -6.0000000000
32033 -5.0000000000
32117 -4.0000000000
32222 -3.0000000000
32239 -2.0000000000
32349 -1.0000000000
32482 613.1700000000
32503 628.8200000000
32534 641.2000000000
32537 642.5000000000
32554 650.2000000000
32692 657.4400000000
32792 658.0100000000
32798 744.8100000000
32869 747.5000000000
32882 755.9700000000
32901 773.3700000000
33228 785.9200000000
36101 819.5500000000
36194 829.7300000000
36202 832.7900000000
36252 836.8900000000
36498 839.6800000000
36730 840.4900000000
36756 842.8600000000
36775 846.8200000000
37933 862.3000000000
38005 862.3200000000
38485 865.7600000000
38918 869.7600000000
39384 938.5400000000
39505 954.9800000000
39514 956.0500000000
40079 958.4700000000
40467 963.3700000000
40688 964.0800000000
41101 964.2100000000
43881 965.4100000000
44575 981.3300000000
44647 1028.3900000000
44686 1048.4600000000
44941 1062.1200000000
45844 1062.3300000000
45880 1073.6700000000
45918 1077.9500000000
47206 1084.7000000000
47368 1086.0300000000
47460 1086.5000000000
47509 1090.1100000000
47565 1146.9200000000
47633 1155.2900000000
47679 1157.4800000000
47794 1159.6200000000
47890 1168.1700000000
48202 1169.5200000000
48561 1172.4700000000
49539 1175.0800000000
49912 1177.7500000000
50046 1178.8300000000
50119 1182.1300000000
50341 1184.5400000000
50627 1184.6700000000
51542 1192.5600000000
53392 1194.9100000000
54724 1195.3500000000
61410 1199.4800000000
63696 1200.4500000000
63962 1203.6700000000
64231 1206.1700000000
65313 1210.1300000000
65602 1210.3200000000
67051 1214.6700000000
78076 1217.8500000000
78284 1218.9800000000
78321 1225.2500000000
78757 1232.1600000000
78959 1233.4100000000
81118 1242.3000000000
85840 1245.6200000000
86984 1249.3600000000
93735 1249.4200000000
94273 1249.7200000000
97578 1252.5100000000
100000 -1.0000000000
evaluations raw_y
1 -1931.0000000000
2 -1878.0000000000
20 -1870.0000000000
29 -1853.0000000000
30 -1844.0000000000
61 -1834.0000000000
79 -1825.0000000000
84 -1789.0000000000
117 -1788.0000000000
120 -1780.0000000000
135 -1779.0000000000
142 -1768.0000000000
144 -1766.0000000000
161 -1761.0000000000
168 -1740.0000000000
204 -1731.0000000000
211 -1721.0000000000
223 -1720.0000000000
224 -1718.0000000000
228 -1717.0000000000
230 -1715.0000000000
233 -1706.0000000000
245 -1705.0000000000
247 -1693.0000000000
269 -1678.0000000000
292 -1674.0000000000
298 -1652.0000000000
325 -1651.0000000000
342 -1640.0000000000
365 -1637.0000000000
367 -1635.0000000000
370 -1624.0000000000
407 -1617.0000000000
421 -1612.0000000000
469 -1611.0000000000
471 -1609.0000000000
475 -1606.0000000000
493 -1604.0000000000
501 -1602.0000000000
527 -1599.0000000000
534 -1597.0000000000
537 -1590.0000000000
560 -1589.0000000000
594 -1587.0000000000
606 -1581.0000000000
615 -1580.0000000000
635 -1578.0000000000
648 -1577.0000000000
661 -1575.0000000000
667 -1574.0000000000
685 -1570.0000000000
688 -1568.0000000000
718 -1565.0000000000
737 -1564.0000000000
753 -1563.0000000000
754 -1556.0000000000
763 -1555.0000000000
799 -1554.0000000000
802 -1553.0000000000
807 -1550.0000000000
835 -1548.0000000000
843 -1546.0000000000
847 -1543.0000000000
877 -1541.0000000000
881 -1539.0000000000
889 -1538.0000000000
906 -1537.0000000000
925 -1534.0000000000
944 -1531.0000000000
990 -1529.0000000000
1004 -1528.0000000000
1033 -1527.0000000000
1049 -1526.0000000000
1052 -1525.0000000000
1074 -1522.0000000000
1129 -1521.0000000000
1130 -1518.0000000000
1158 -1517.0000000000
1160 -1515.0000000000
1168 -1514.0000000000
1184 -1513.0000000000
1206 -1512.0000000000
1218 -1509.0000000000
1224 -1508.0000000000
1258 -1507.0000000000
1265 -1505.0000000000
1271 -1501.0000000000
1282 -1500.0000000000
1315 -1493.0000000000
1373 -1492.0000000000
1376 -1491.0000000000
1394 -1490.0000000000
1424 -1489.0000000000
1425 -1488.0000000000
1449 -1486.0000000000
1453 -1485.0000000000
1463 -1484.0000000000
1496 -1483.0000000000
1497 -1481.0000000000
1524 -1480.0000000000
1538 -1478.0000000000
1562 -1476.0000000000
1565 -1475.0000000000
1604 -1473.0000000000
1608 -1472.0000000000
1625 -1470.0000000000
1645 -1465.0000000000
1709 -1464.0000000000
1727 -1462.0000000000
1741 -1461.0000000000
1762 -1456.0000000000
1783 -1455.0000000000
1834 -1454.0000000000
1842 -1451.0000000000
1847 -1449.0000000000
1895 -1446.0000000000
1913 -1440.0000000000
1978 -1438.0000000000
1982 -1435.0000000000
2042 -1432.0000000000
2065 -1431.0000000000
2069 -1427.0000000000
2109 -1425.0000000000
2131 -1422.0000000000
2144 -1421.0000000000
2163 -1419.0000000000
2196 -1416.0000000000
2225 -1415.0000000000
2232 -1414.0000000000
2253 -1410.0000000000
2262 -1409.0000000000
2302 -1404.0000000000
2325 -1402.0000000000
2341 -1400.0000000000
2362 -1399.0000000000
2401 -1398.0000000000
2430 -1397.0000000000
2442 -1396.0000000000
2443 -1394.0000000000
2476 -1393.0000000000
2482 -1392.0000000000
2494 -1391.0000000000
2507 -1390.0000000000
2523 -1389.0000000000
2525 -1387.0000000000
2542 -1386.0000000000
2564 -1381.0000000000
2594 -1377.0000000000
2627 -1376.0000000000
2629 -1375.0000000000
2644 -1373.0000000000
2672 -1372.0000000000
2687 -1371.0000000000
2718 -1370.0000000000
2721 -1369.0000000000
2723 -1367.0000000000
2744 -1365.0000000000
2768 -1364.0000000000
2782 -1363.0000000000
2795 -1362.0000000000
2820 -1361.0000000000
2822 -1359.0000000000
2848 -1358.0000000000
2862 -1357.0000000000
2886 -1356.0000000000
2895 -1354.0000000000
2914 -1353.0000000000
2944 -1352.0000000000
2957 -1351.0000000000
2970 -1349.0000000000
2976 -1348.0000000000
3003 -1346.0000000000
3025 -1345.0000000000
3041 -1341.0000000000
3064 -1340.0000000000
3082 -1339.0000000000
3084 -1338.0000000000
3103 -1337.0000000000
3114 -1334.0000000000
3125 -1333.0000000000
3163 -1330.0000000000
3203 -1327.0000000000
3247 -1324.0000000000
3293 -1320.0000000000
3305 -1319.0000000000
3347 -1317.0000000000
3365 -1315.0000000000
3393 -1314.0000000000
3408 -1313.0000000000
3434 -1312.0000000000
3435 -1311.0000000000
3440 -1310.0000000000
3463 -1307.0000000000
3513 -1306.0000000000
3523 -1303.0000000000
3555 -1302.0000000000
3571 -1300.0000000000
3604 -1299.0000000000
3616 -1298.0000000000
3619 -1297.0000000000
3622 -1295.0000000000
3638 -1294.0000000000
3655 -1293.0000000000
3685 -1290.0000000000
3704 -1289.0000000000
3713 -1288.0000000000
3726 -1287.0000000000
3742 -1286.0000000000
3749 -1285.0000000000
3761 -1283.0000000000
3782 -1281.0000000000
3810 -1280.0000000000
3830 -1279.0000000000
3833 -1278.0000000000
3842 -1277.0000000000
3859 -1274.0000000000
3867 -1271.0000000000
3886 -1269.0000000000
3937 -1267.0000000000
3980 -1266.0000000000
3984 -1264.0000000000
4005 -1262.0000000000
4035 -1260.0000000000
4049 -1258.0000000000
4067 -1257.0000000000
4098 -1256.0000000000
4101 -1255.0000000000
4122 -1254.0000000000
4131 -1253.0000000000
4150 -1252.0000000000
4162 -1251.0000000000
4172 -1250.0000000000
4198 -1249.0000000000
4230 -1245.0000000000
4283 -1244.0000000000
4301 -1242.0000000000
4315 -1239.0000000000
4342 -1238.0000000000
4360 -1234.0000000000
4384 -1229.0000000000
4446 -1227.0000000000
4471 -1225.0000000000
4511 -1224.0000000000
4526 -1223.0000000000
4548 -1222.0000000000
4559 -1221.0000000000
4563 -1220.0000000000
4567 -1219.0000000000
4598 -1218.0000000000
4606 -1217.0000000000
4626 -1216.0000000000
4631 -1215.0000000000
4645 -1212.0000000000
4672 -1209.0000000000
4727 -1208.0000000000
4730 -1206.0000000000
4743 -1205.0000000000
4746 -1202.0000000000
4831 -1199.0000000000
4863 -1198.0000000000
4871 -1197.0000000000
4872 -1196.0000000000
4885 -1195.0000000000
4890 -1193.0000000000
4911 -1192.0000000000
4921 -1191.0000000000
4944 -1190.0000000000
4945 -1186.0000000000
4973 -1183.0000000000
5014 -1182.0000000000
5026 -1181.0000000000
5028 -1179.0000000000
5029 -1178.0000000000
5062 -1176.0000000000
5075 -1175.0000000000
5106 -1174.0000000000
5136 -1173.0000000000
5137 -1172.0000000000
5159 -1171.0000000000
5161 -1169.0000000000
5164 -1167.0000000000
5189 -1166.0000000000
5197 -1164.0000000000
5228 -1163.0000000000
5250 -1161.0000000000
5265 -1160.0000000000
5302 -1158.0000000000
5304 -1156.0000000000
5314 -1155.0000000000
5341 -1153.0000000000
5369 -1152.0000000000
5377 -1151.0000000000
5406 -1150.0000000000
5422 -1149.0000000000
5425 -1148.0000000000
5430 -1147.0000000000
5434 -1146.0000000000
5460 -1145.0000000000
5465 -1144.0000000000
5480 -1143.0000000000
5483 -1142.0000000000
5491 -1137.0000000000
5542 -1135.0000000000
5573 -1130.0000000000
5615 -1129.0000000000
5628 -1126.0000000000
5653 -1124.0000000000
5670 -1122.0000000000
5702 -1121.0000000000
5705 -1119.0000000000
5735 -1116.0000000000
5780 -1115.0000000000
5793 -1114.0000000000
5797 -1113.0000000000
5810 -1112.0000000000
5812 -1110.0000000000
5834 -1109.0000000000
5849 -1108.0000000000
5850 -1107.0000000000
5876 -1104.0000000000
5897 -1103.0000000000
5937 -1102.0000000000
5956 -1100.0000000000
5965 -1098.0000000000
5998 -1097.0000000000
6004 -1095.0000000000
6021 -1093.0000000000
6051 -1092.0000000000
6084 -1090.0000000000
6121 -1088.0000000000
6150 -1087.0000000000
6201 -1085.0000000000
6237 -1080.0000000000
6277 -1078.0000000000
6302 -1077.0000000000
6322 -1075.0000000000
6347 -1073.0000000000
6385 -1072.0000000000
6387 -1071.0000000000
6398 -1069.0000000000
6434 -1066.0000000000
6453 -1065.0000000000
6503 -1063.0000000000
6520 -1062.0000000000
6531 -1061.0000000000
6563 -1060.0000000000
6587 -1059.0000000000
6620 -1058.0000000000
6632 -1056.0000000000
6648 -1055.0000000000
6661 -1054.0000000000
6663 -1053.0000000000
6683 -1052.0000000000
6710 -1051.0000000000
6717 -1050.0000000000
6745 -1048.0000000000
6768 -1047.0000000000
6795 -1046.0000000000
6800 -1044.0000000000
6851 -1040.0000000000
6865 -1039.0000000000
6926 -1038.0000000000
6945 -1037.0000000000
6960 -1036.0000000000
6969 -1031.0000000000
6985 -1029.0000000000
7054 -1028.0000000000
7062 -1027.0000000000
7106 -1026.0000000000
7108 -1025.0000000000
7112 -1024.0000000000
7126 -1022.0000000000
7148 -1021.0000000000
7172 -1018.0000000000
7206 -1016.0000000000
7220 -1015.0000000000
7238 -1013.0000000000
7263 -1012.0000000000
7266 -1011.0000000000
7287 -1009.0000000000
7311 -1006.0000000000
7361 -1005.0000000000
7365 -1003.0000000000
7402 -1002.0000000000
7422 -1001.0000000000
7427 -999.0000000000
7452 -998.0000000000
7475 -994.0000000000
7528 -992.0000000000
7570 -991.0000000000
7597 -990.0000000000
7606 -988.0000000000
7683 -986.0000000000
7685 -985.0000000000
7707 -983.0000000000
7741 -982.0000000000
7765 -979.0000000000
7784 -978.0000000000
7789 -976.0000000000
7825 -972.0000000000
7874 -971.0000000000
7887 -970.0000000000
7906 -968.0000000000
7928 -964.0000000000
7986 -963.0000000000
8013 -961.0000000000
8046 -960.0000000000
8082 -959.0000000000
8095 -958.0000000000
8103 -955.0000000000
8170 -953.0000000000
8184 -950.0000000000
8235 -949.0000000000
8266 -946.0000000000
8281 -945.0000000000
8311 -941.0000000000
8324 -940.0000000000
8362 -936.0000000000
8421 -935.0000000000
8435 -934.0000000000
8444 -932.0000000000
8465 -931.0000000000
8481 -930.0000000000
8493 -929.0000000000
8499 -928.0000000000
8576 -926.0000000000
8592 -922.0000000000
8659 -921.0000000000
8674 -920.0000000000
8701 -918.0000000000
8724 -917.0000000000
8744 -916.0000000000
8782 -915.0000000000
8789 -912.0000000000
8823 -911.0000000000
8839 -909.0000000000
8861 -908.0000000000
8904 -907.0000000000
8907 -903.0000000000
8947 -902.0000000000
8948 -901.0000000000
9000 -900.0000000000
9012 -895.0000000000
9026 -894.0000000000
9049 -891.0000000000
9096 -889.0000000000
9125 -888.0000000000
9176 -887.0000000000
9181 -886.0000000000
9197 -884.0000000000
9219 -883.0000000000
9224 -882.0000000000
9263 -880.0000000000
9267 -878.0000000000
9281 -877.0000000000
9302 -876.0000000000
9312 -874.0000000000
9340 -873.0000000000
9372 -869.0000000000
9413 -868.0000000000
9431 -867.0000000000
9433 -866.0000000000
9442 -865.0000000000
9460 -864.0000000000
9463 -861.0000000000
9508 -859.0000000000
9540 -857.0000000000
9598 -855.0000000000
9635 -853.0000000000
9644 -850.0000000000
9719 -849.0000000000
9730 -843.0000000000
9784 -840.0000000000
9874 -838.0000000000
9893 -837.0000000000
9903 -835.0000000000
9928 -834.0000000000
9969 -832.0000000000
10004 -831.0000000000
10021 -830.0000000000
10032 -829.0000000000
10044 -828.0000000000
10046 -827.0000000000
10112 -826.0000000000
10135 -824.0000000000
10152 -823.0000000000
10168 -822.0000000000
10194 -821.0000000000
10208 -820.0000000000
10223 -819.0000000000
10245 -818.0000000000
10269 -814.0000000000
10300 -812.0000000000
10312 -811.0000000000
10321 -810.0000000000
10392 -807.0000000000
10423 -806.0000000000
10448 -805.0000000000
10469 -804.0000000000
10503 -803.0000000000
10513 -802.0000000000
10543 -801.0000000000
10582 -797.0000000000
10602 -796.0000000000
10623 -793.0000000000
10655 -792.0000000000
10660 -788.0000000000
10696 -783.0000000000
10753 -781.0000000000
10792 -780.0000000000
10827 -779.0000000000
10844 -778.0000000000
10865 -776.0000000000
10870 -775.0000000000
10894 -773.0000000000
10924 -772.0000000000
10959 -771.0000000000
10976 -770.0000000000
10989 -769.0000000000
10994 -768.0000000000
10999 -767.0000000000
11022 -766.0000000000
11034 -764.0000000000
11071 -763.0000000000
11113 -758.0000000000
11166 -756.0000000000
11213 -754.0000000000
11286 -752.0000000000
11314 -751.0000000000
11328 -750.0000000000
11370 -748.0000000000
11391 -744.0000000000
11441 -742.0000000000
11493 -739.0000000000
11541 -738.0000000000
11564 -737.0000000000
11579 -735.0000000000
11621 -734.0000000000
11643 -733.0000000000
11650 -732.0000000000
11669 -731.0000000000
11694 -730.0000000000
11725 -728.0000000000
11729 -726.0000000000
11765 -725.0000000000
11802 -724.0000000000
11824 -721.0000000000
11852 -720.0000000000
11878 -718.0000000000
11887 -716.0000000000
11924 -715.0000000000
11939 -712.0000000000
11989 -710.0000000000
12032 -708.0000000000
12052 -705.0000000000
12061 -704.0000000000
12113 -703.0000000000
12139 -702.0000000000
12141 -701.0000000000
12185 -700.0000000000
12199 -699.0000000000
12206 -697.0000000000
12220 -696.0000000000
12262 -693.0000000000
12304 -692.0000000000
12320 -691.0000000000
12345 -688.0000000000
12393 -687.0000000000
12444 -686.0000000000
12462 -682.0000000000
12517 -680.0000000000
12568 -679.0000000000
12615 -678.0000000000
12631 -676.0000000000
12644 -675.0000000000
12682 -674.0000000000
12701 -673.0000000000
12735 -671.0000000000
12774 -670.0000000000
12806 -669.0000000000
12809 -668.0000000000
12816 -666.0000000000
12832 -665.0000000000
12858 -664.0000000000
12876 -663.0000000000
12893 -662.0000000000
12905 -661.0000000000
12936 -660.0000000000
12979 -659.0000000000
12987 -658.0000000000
13022 -656.0000000000
13044 -655.0000000000
13065 -654.0000000000
13083 -653.0000000000
13102 -652.0000000000
13115 -650.0000000000
13141 -649.0000000000
13172 -647.0000000000
13203 -646.0000000000
13210 -645.0000000000
13235 -643.0000000000
13252 -642.0000000000
13274 -641.0000000000
13303 -639.0000000000
13328 -638.0000000000
13351 -636.0000000000
13390 -635.0000000000
13398 -632.0000000000
13438 -630.0000000000
13473 -628.0000000000
13499 -626.0000000000
13524 -624.0000000000
13554 -621.0000000000
13566 -620.0000000000
13609 -619.0000000000
13643 -617.0000000000
13662 -616.0000000000
13693 -615.0000000000
13697 -614.0000000000
13740 -611.0000000000
13801 -610.0000000000
13834 -609.0000000000
13838 -608.0000000000
13865 -605.0000000000
13888 -603.0000000000
13906 -601.0000000000
13916 -600.0000000000
13966 -598.0000000000
14001 -597.0000000000
14030 -596.0000000000
14057 -595.0000000000
14079 -594.0000000000
14081 -590.0000000000
14126 -588.0000000000
14178 -587.0000000000
14210 -584.0000000000
14227 -583.0000000000
14245 -582.0000000000
14293 -580.0000000000
14317 -579.0000000000
14320 -578.0000000000
14336 -576.0000000000
14360 -575.0000000000
14380 -574.0000000000
14412 -572.0000000000
14449 -570.0000000000
14512 -568.0000000000
14551 -565.0000000000
14574 -563.0000000000
14617 -562.0000000000
14635 -561.0000000000
14659 -560.0000000000
14680 -559.0000000000
14712 -557.0000000000
14754 -556.0000000000
14766 -555.0000000000
14781 -553.0000000000
14818 -550.0000000000
14835 -549.0000000000
14873 -548.0000000000
14881 -547.0000000000
14884 -546.0000000000
14903 -543.0000000000
14962 -542.0000000000
15021 -541.0000000000
15027 -539.0000000000
15039 -538.0000000000
15049 -537.0000000000
15124 -536.0000000000
15126 -535.0000000000
15154 -533.0000000000
15175 -531.0000000000
15212 -529.0000000000
15242 -526.0000000000
15306 -525.0000000000
15317 -523.0000000000
15369 -522.0000000000
15383 -521.0000000000
15420 -520.0000000000
15446 -519.0000000000
15477 -518.0000000000
15478 -516.0000000000
15504 -514.0000000000
15551 -512.0000000000
15581 -510.0000000000
15583 -509.0000000000
15657 -508.0000000000
15683 -507.0000000000
15704 -506.0000000000
15742 -504.0000000000
15783 -503.0000000000
15804 -502.0000000000
15833 -501.0000000000
15848 -500.0000000000
15891 -499.0000000000
15923 -498.0000000000
15935 -497.0000000000
15987 -496.0000000000
16026 -495.0000000000
16054 -491.0000000000
16108 -490.0000000000
16121 -488.0000000000
16203 -487.0000000000
16230 -485.0000000000
16245 -483.0000000000
16304 -482.0000000000
16325 -480.0000000000
16363 -479.0000000000
16411 -478.0000000000
16423 -477.0000000000
16446 -476.0000000000
16476 -474.0000000000
16482 -473.0000000000
16505 -472.0000000000
16550 -471.0000000000
16569 -470.0000000000
16616 -469.0000000000
16634 -468.0000000000
16635 -467.0000000000
16696 -465.0000000000
16707 -464.0000000000
16741 -463.0000000000
16761 -462.0000000000
16790 -460.0000000000
16847 -459.0000000000
16866 -458.0000000000
16871 -455.0000000000
16947 -454.0000000000
16966 -453.0000000000
16969 -451.0000000000
17031 -450.0000000000
17052 -449.0000000000
17059 -448.0000000000
17065 -446.0000000000
17096 -445.0000000000
17154 -443.0000000000
17161 -442.0000000000
17232 -441.0000000000
17264 -440.0000000000
17282 -439.0000000000
17328 -437.0000000000
17370 -435.0000000000
17400 -432.0000000000
17436 -431.0000000000
17443 -430.0000000000
17444 -429.0000000000
17494 -427.0000000000
17511 -424.0000000000
17578 -423.0000000000
17581 -421.0000000000
17592 -420.0000000000
17638 -418.0000000000
17670 -416.0000000000
17683 -415.0000000000
17700 -413.0000000000
17757 -412.0000000000
17761 -411.0000000000
17783 -410.0000000000
17816 -409.0000000000
17822 -408.0000000000
17831 -406.0000000000
17861 -404.0000000000
17868 -403.0000000000
17927 -402.0000000000
17972 -401.0000000000
18005 -399.0000000000
18008 -398.0000000000
18084 -397.0000000000
18093 -396.0000000000
18114 -395.0000000000
18130 -394.0000000000
18151 -393.0000000000
18166 -390.0000000000
18218 -389.0000000000
18220 -388.0000000000
18256 -386.0000000000
18267 -385.0000000000
18286 -384.0000000000
18341 -382.0000000000
18387 -381.0000000000
18394 -380.0000000000
18438 -378.0000000000
18453 -377.0000000000
18480 -374.0000000000
18519 -373.0000000000
18548 -372.0000000000
18616 -370.0000000000
18644 -369.0000000000
18667 -367.0000000000
18719 -366.0000000000
18720 -363.0000000000
18811 -362.0000000000
18854 -360.0000000000
18869 -358.0000000000
18885 -357.0000000000
18923 -356.0000000000
18928 -355.0000000000
18968 -354.0000000000
19007 -353.0000000000
19012 -352.0000000000
19038 -351.0000000000
19045 -350.0000000000
19086 -349.0000000000
19101 -347.0000000000
19149 -346.0000000000
19151 -344.0000000000
19177 -343.0000000000
19224 -341.0000000000
19246 -339.0000000000
19298 -338.0000000000
19308 -337.0000000000
19325 -336.0000000000
19326 -335.0000000000
19367 -334.0000000000
19410 -331.0000000000
19422 -330.0000000000
19449 -329.0000000000
19466 -327.0000000000
19486 -326.0000000000
19558 -325.0000000000
19590 -324.0000000000
19646 -321.0000000000
19738 -320.0000000000
19746 -319.0000000000
19762 -318.0000000000
19784 -317.0000000000
19827 -315.0000000000
19921 -312.0000000000
19951 -310.0000000000
20051 -308.0000000000
20104 -307.0000000000
20106 -306.0000000000
20129 -305.0000000000
20194 -304.0000000000
20207 -302.0000000000
20225 -301.0000000000
20243 -299.0000000000
20297 -298.0000000000
20317 -297.0000000000
20368 -296.0000000000
20407 -295.0000000000
20454 -293.0000000000
20490 -291.0000000000
20512 -290.0000000000
20526 -289.0000000000
20533 -287.0000000000
20596 -286.0000000000
20605 -285.0000000000
20618 -284.0000000000
20650 -283.0000000000
20655 -281.0000000000
20701 -280.0000000000
20753 -279.0000000000
20803 -278.0000000000
20828 -276.0000000000
20869 -275.0000000000
20902 -274.0000000000
20934 -271.0000000000
21013 -269.0000000000
21108 -268.0000000000
21140 -267.0000000000
21151 -266.0000000000
21190 -264.0000000000
21258 -263.0000000000
21321 -262.0000000000
21411 -260.0000000000
21429 -259.0000000000
21444 -258.0000000000
21489 -257.0000000000
21501 -256.0000000000
21554 -255.0000000000
21581 -254.0000000000
21613 -252.0000000000
21657 -251.0000000000
21676 -250.0000000000
21688 -249.0000000000
21732 -248.0000000000
21754 -247.0000000000
21755 -246.0000000000
21799 -245.0000000000
21804 -243.0000000000
21832 -242.0000000000
21909 -240.0000000000
21959 -237.0000000000
22071 -236.0000000000
22155 -235.0000000000
22188 -234.0000000000
22214 -232.0000000000
22236 -228.0000000000
22346 -227.0000000000
22387 -226.0000000000
22425 -224.0000000000
22504 -223.0000000000
22523 -222.0000000000
22556 -221.0000000000
22584 -220.0000000000
22623 -219.0000000000
22649 -218.0000000000
22686 -217.0000000000
22687 -216.0000000000
22710 -215.0000000000
22768 -214.0000000000
22782 -213.0000000000
22807 -212.0000000000
22830 -211.0000000000
22870 -210.0000000000
22905 -209.0000000000
22912 -207.0000000000
22950 -206.0000000000
22982 -205.0000000000
23065 -203.0000000000
23132 -200.0000000000
23250 -198.0000000000
23341 -195.0000000000
23377 -194.0000000000
23406 -193.0000000000
23426 -192.0000000000
23440 -190.0000000000
23484 -187.0000000000
23562 -185.0000000000
23587 -184.0000000000
23640 -182.0000000000
23722 -180.0000000000
23769 -179.0000000000
23788 -178.0000000000
23834 -177.0000000000
23895 -174.0000000000
23904 -173.0000000000
23977 -170.0000000000
24042 -169.0000000000
24071 -168.0000000000
24117 -167.0000000000
24191 -166.0000000000
24222 -165.0000000000
24245 -164.0000000000
24284 -163.0000000000
24326 -162.0000000000
24375 -161.0000000000
24435 -160.0000000000
24478 -159.0000000000
24487 -157.0000000000
24531 -154.0000000000
24639 -153.0000000000
24641 -152.0000000000
24717 -150.0000000000
24763 -148.0000000000
24911 -146.0000000000
24949 -145.0000000000
24983 -144.0000000000
25006 -143.0000000000
25048 -142.0000000000
25109 -141.0000000000
25123 -140.0000000000
25178 -139.0000000000
25194 -138.0000000000
25246 -137.0000000000
25268 -136.0000000000
25337 -135.0000000000
25381 -134.0000000000
25430 -133.0000000000
25475 -132.0000000000
25522 -131.0000000000
25531 -129.0000000000
25541 -128.0000000000
25626 -127.0000000000
25662 -125.0000000000
25665 -123.0000000000
25747 -122.0000000000
25766 -121.0000000000
25833 -120.0000000000
25892 -119.0000000000
25955 -118.0000000000
25956 -117.0000000000
25979 -115.0000000000
26055 -114.0000000000
26127 -113.0000000000
26152 -112.0000000000
26175 -111.0000000000
26202 -109.0000000000
26240 -108.0000000000
26340 -107.0000000000
26353 -106.0000000000
26406 -105.0000000000
26413 -104.0000000000
26543 -103.0000000000
26569 -99.0000000000
26681 -98.0000000000
26759 -97.0000000000
26789 -96.0000000000
26797 -95.0000000000
26879 -94.0000000000
26943 -93.0000000000
27002 -92.0000000000
27016 -91.0000000000
27049 -89.0000000000
27107 -88.0000000000
27113 -87.0000000000
27161 -86.0000000000
27203 -85.0000000000
27232 -84.0000000000
27267 -82.0000000000
27309 -81.0000000000
27363 -80.0000000000
27370 -79.0000000000
27442 -77.0000000000
27482 -75.0000000000
27532 -74.0000000000
27568 -73.0000000000
27629 -72.0000000000
27679 -71.0000000000
27685 -69.0000000000
27746 -68.0000000000
27758 -67.0000000000
27841 -66.0000000000
27851 -65.0000000000
27882 -64.0000000000
27898 -63.0000000000
27970 -61.0000000000
28004 -60.0000000000
28099 -59.0000000000
28123 -58.0000000000
28149 -57.0000000000
28181 -56.0000000000
28190 -55.0000000000
28321 -54.0000000000
28428 -53.0000000000
28449 -52.0000000000
28500 -51.0000000000
28541 -50.0000000000
28582 -49.0000000000
28767 -48.0000000000
28796 -47.0000000000
28909 -45.0000000000
29077 -43.0000000000
29158 -42.0000000000
29185 -41.0000000000
29225 -38.0000000000
29306 -37.0000000000
29379 -36.0000000000
29513 -35.0000000000
29573 -34.0000000000
29579 -33.0000000000
29685 -32.0000000000
29727 -31.0000000000
29732 -30.0000000000
29759 -29.0000000000
29761 -28.0000000000
29815 -26.0000000000
29969 -25.0000000000
30019 -24.0000000000
30073 -22.0000000000
30217 -21.0000000000
30285 -20.0000000000
30332 -19.0000000000
30363 -18.0000000000
30424 -17.0000000000
30453 -16.0000000000
30518 -15.0000000000
30582 -13.0000000000
30630 -12.0000000000
30745 -11.0000000000
30866 -10.0000000000
30948 -8.0000000000
31001 -7.0000000000
31050 -6.0000000000
31280 -5.0000000000
31350 -4.0000000000
31542 -3.0000000000
31629 -2.0000000000
31782 -1.0000000000
31816 648.6000000000
32044 648.7800000000
32060 659.1700000000
32296 668.7900000000
33072 733.1200000000
33115 738.2600000000
33144 740.9700000000
33221 742.1000000000
33222 753.0400000000
33232 754.8500000000
33246 844.6500000000
33372 845.7800000000
33411 855.5400000000
33520 863.8000000000
33547 864.9000000000
33552 876.2300000000
33788 881.2200000000
33992 886.7600000000
34029 888.6000000000
34072 915.4500000000
34253 920.7200000000
34285 923.3700000000
34362 946.7500000000
34775 950.4100000000
34916 1012.6200000000
35190 1013.4400000000
35419 1041.6300000000
38022 1047.0100000000
38488 1090.1300000000
38516 1101.6900000000
38574 1113.8400000000
38628 1116.2600000000
38810 1118.9300000000
38875 1119.3100000000
38909 1155.6000000000
39187 1160.5400000000
39214 1163.5200000000
39396 1170.3300000000
39539 1172.6600000000
42272 1177.4200000000
42699 1177.6400000000
42857 1179.6000000000
43415 1180.0800000000
43694 1182.1500000000
44432 1184.6100000000
45161 1185.6400000000
46407 1185.7000000000
46777 1198.0100000000
47948 1203.7700000000
48026 1204.0200000000
48102 1213.6900000000
48300 1216.6600000000
48515 1216.9500000000
50320 1218.3300000000
52292 1221.8000000000
52460 1229.2400000000
52553 1232.9800000000
52624 1237.0600000000
52749 1239.8200000000
53189 1243.5900000000
55101 1243.6600000000
56333 1251.0400000000
67770 1255.5800000000
74277 1259.9200000000
86594 1260.6800000000
98715 1261.1400000000
100000 -1.0000000000
evaluations raw_y
1 -1925.0000000000
2 -1869.0000000000
32 -1858.0000000000
41 -1843.0000000000
52 -1837.0000000000
62 -1824.0000000000
92 -1807.0000000000
114 -1805.0000000000
125 -1800.0000000000
130 -1790.0000000000
138 -1759.0000000000
165 -1752.0000000000
205 -1741.0000000000
220 -1734.0000000000
224 -1721.0000000000
259 -1711.0000000000
265 -1701.0000000000
304 -1700.0000000000
307 -1699.0000000000
326 -1698.0000000000
341 -1688.0000000000
348 -1687.0000000000
368 -1684.0000000000
384 -1683.0000000000
385 -1682.0000000000
388 -1679.0000000000
394 -1678.0000000000
402 -1674.0000000000
420 -1672.0000000000
432 -1668.0000000000
448 -1665.0000000000
460 -1660.0000000000
484 -1654.0000000000
507 -1653.0000000000
518 -1650.0000000000
522 -1644.0000000000
530 -1640.0000000000
555 -1638.0000000000
574 -1637.0000000000
581 -1635.0000000000
594 -1633.0000000000
610 -1625.0000000000
644 -1623.0000000000
655 -1622.0000000000
662 -1620.0000000000
665 -1619.0000000000
684 -1618.0000000000
690 -1616.0000000000
709 -1615.0000000000
727 -1614.0000000000
736 -1613.0000000000
738 -1611.0000000000
754 -1610.0000000000
757 -1609.0000000000
772 -1607.0000000000
782 -1606.0000000000
784 -1605.0000000000
801 -1603.0000000000
824 -1600.0000000000
847 -1599.0000000000
861 -1595.0000000000
884 -1589.0000000000
939 -1587.0000000000
942 -1584.0000000000
978 -1582.0000000000
1004 -1581.0000000000
1005 -1580.0000000000
1046 -1579.0000000000
1059 -1578.0000000000
1061 -1577.0000000000
1067 -1576.0000000000
1072 -1575.0000000000
1078 -1574.0000000000
1101 -1570.0000000000
1130 -1569.0000000000
1141 -1566.0000000000
1147 -1565.0000000000
1188 -1564.0000000000
1194 -1559.0000000000
1206 -1558.0000000000
1237 -1557.0000000000
1248 -1556.0000000000
1270 -1555.0000000000
1280 -1554.0000000000
1281 -1553.0000000000
1311 -1552.0000000000
1339 -1551.0000000000
1341 -1549.0000000000
1346 -1547.0000000000
1405 -1544.0000000000
1433 -1543.0000000000
1441 -1542.0000000000
1473 -1540.0000000000
1485 -1539.0000000000
1503 -1538.0000000000
1520 -1537.0000000000
1537 -1535.0000000000
1547 -1533.0000000000
1566 -1531.0000000000
1598 -1529.0000000000
1616 -1526.0000000000
1630 -1525.0000000000
1655 -1524.0000000000
1657 -1522.0000000000
1677 -1521.0000000000
1695 -1520.0000000000
1700 -1518.0000000000
1702 -1517.0000000000
1733 -1515.0000000000
1743 -1514.0000000000
1755 -1513.0000000000
1766 -1510.0000000000
1812 -1507.0000000000
1872 -1504.0000000000
1917 -1502.0000000000
1933 -1501.0000000000
1941 -1500.0000000000
1971 -1499.0000000000
2002 -1497.0000000000
2005 -1496.0000000000
2030 -1493.0000000000
2076 -1488.0000000000
2081 -1486.0000000000
2119 -1485.0000000000
2130 -1483.0000000000
2151 -1482.0000000000
2155 -1481.0000000000
2167 -1479.0000000000
2200 -1475.0000000000
2223 -1474.0000000000
2257 -1473.0000000000
2283 -1471.0000000000
2289 -1469.0000000000
2302 -1465.0000000000
2350 -1464.0000000000
2355 -1463.0000000000
2366 -1462.0000000000
2383 -1461.0000000000
2407 -1460.0000000000
2409 -1458.0000000000
2427 -1457.0000000000
2442 -1456.0000000000
2447 -1455.0000000000
2451 -1453.0000000000
2464 -1450.0000000000
2484 -1448.0000000000
2523 -1447.0000000000
2541 -1446.0000000000
2569 -1444.0000000000
2602 -1442.0000000000
2614 -1439.0000000000
2634 -1437.0000000000
2665 -1436.0000000000
2686 -1434.0000000000
2692 -1433.0000000000
2704 -1430.0000000000
2725 -1429.0000000000
2752 -1428.0000000000
2768 -1427.0000000000
2783 -1426.0000000000
2815 -1425.0000000000
2820 -1424.0000000000
2822 -1422.0000000000
2858 -1420.0000000000
2873 -1418.0000000000
2895 -1414.0000000000
2927 -1411.0000000000
2947 -1409.0000000000
2951 -1408.0000000000
2968 -1406.0000000000
3001 -1402.0000000000
3041 -1401.0000000000
3062 -1400.0000000000
3071 -1399.0000000000
3085 -1397.0000000000
3127 -1396.0000000000
3128 -1392.0000000000
3184 -1391.0000000000
3188 -1389.0000000000
3209 -1385.0000000000
3264 -1383.0000000000
3272 -1382.0000000000
3292 -1379.0000000000
3307 -1378.0000000000
3322 -1376.0000000000
3344 -1375.0000000000
3372 -1374.0000000000
3378 -1373.0000000000
3383 -1369.0000000000
3440 -1368.0000000000
3459 -1366.0000000000
3465 -1364.0000000000
3491 -1363.0000000000
3528 -1361.0000000000
3540 -1360.0000000000
3553 -1358.0000000000
3556 -1357.0000000000
3581 -1356.0000000000
3603 -1354.0000000000
3629 -1352.0000000000
3645 -1348.0000000000
3668 -1345.0000000000
3685 -1344.0000000000
3723 -1343.0000000000
3733 -1341.0000000000
3755 -1340.0000000000
3773 -1339.0000000000
3787 -1338.0000000000
3794 -1337.0000000000
3810 -1336.0000000000
3821 -1334.0000000000
3822 -1333.0000000000
3855 -1332.0000000000
3862 -1331.0000000000
3876 -1328.0000000000
3910 -1327.0000000000
3916 -1325.0000000000
3934 -1323.0000000000
3940 -1322.0000000000
3961 -1321.0000000000
3971 -1320.0000000000
3994 -1319.0000000000
4008 -1318.0000000000
4016 -1315.0000000000
4043 -1313.0000000000
4084 -1312.0000000000
4101 -1311.0000000000
4112 -1309.0000000000
4140 -1307.0000000000
4144 -1306.0000000000
4165 -1305.0000000000
4170 -1304.0000000000
4186 -1303.0000000000
4200 -1301.0000000000
4218 -1299.0000000000
4249 -1298.0000000000
4282 -1296.0000000000
4308 -1295.0000000000
4313 -1294.0000000000
4352 -1292.0000000000
4355 -1291.0000000000
4374 -1290.0000000000
4387 -1288.0000000000
4408 -1287.0000000000
4420 -1286.0000000000
4453 -1285.0000000000
4467 -1283.0000000000
4471 -1278.0000000000
4494 -1277.0000000000
4510 -1275.0000000000
4541 -1274.0000000000
4549 -1272.0000000000
4571 -1270.0000000000
4588 -1268.0000000000
4647 -1264.0000000000
4676 -1263.0000000000
4693 -1262.0000000000
4710 -1260.0000000000
4723 -1259.0000000000
4741 -1258.0000000000
4745 -1257.0000000000
4761 -1255.0000000000
4781 -1254.0000000000
4806 -1253.0000000000
4808 -1252.0000000000
4825 -1251.0000000000
4835 -1249.0000000000
4847 -1248.0000000000
4862 -1247.0000000000
4872 -1245.0000000000
4880 -1242.0000000000
4922 -1240.0000000000
4941 -1239.0000000000
4958 -1238.0000000000
4966 -1237.0000000000
4969 -1234.0000000000
5029 -1233.0000000000
5042 -1232.0000000000
5054 -1231.0000000000
5057 -1228.0000000000
5066 -1227.0000000000
5093 -1223.0000000000
5102 -1222.0000000000
5163 -1220.0000000000
5169 -1219.0000000000
5186 -1218.0000000000
5203 -1217.0000000000
5208 -1216.0000000000
5240 -1214.0000000000
5261 -1213.0000000000
5265 -1210.0000000000
5277 -1209.0000000000
5310 -1208.0000000000
5324 -1207.0000000000
5343 -1206.0000000000
5344 -1203.0000000000
5361 -1201.0000000000
5409 -1200.0000000000
5420 -1199.0000000000
5432 -1198.0000000000
5450 -1196.0000000000
5465 -1193.0000000000
5481 -1192.0000000000
5487 -1189.0000000000
5552 -1188.0000000000
5561 -1185.0000000000
5583 -1184.0000000000
5597 -1182.0000000000
5642 -1181.0000000000
5646 -1180.0000000000
5662 -1179.0000000000
5664 -1178.0000000000
5690 -1177.0000000000
5694 -1176.0000000000
5709 -1174.0000000000
5729 -1172.0000000000
5750 -1171.0000000000
5758 -1170.0000000000
5778 -1169.0000000000
5782 -1168.0000000000
5810 -1167.0000000000
5814 -1165.0000000000
5826 -1164.0000000000
5855 -1163.0000000000
5882 -1161.0000000000
5892 -1160.0000000000
5919 -1156.0000000000
5950 -1154.0000000000
5966 -1152.0000000000
5997 -1149.0000000000
6029 -1148.0000000000
6032 -1146.0000000000
6067 -1145.0000000000
6069 -1144.0000000000
6086 -1141.0000000000
6146 -1137.0000000000
6155 -1136.0000000000
6172 -1133.0000000000
6216 -1129.0000000000
6233 -1128.0000000000
6274 -1127.0000000000
6315 -1125.0000000000
6318 -1124.0000000000
6328 -1122.0000000000
6371 -1120.0000000000
6388 -1116.0000000000
6429 -1115.0000000000
6447 -1114.0000000000
6463 -1111.0000000000
6481 -1110.0000000000
6506 -1108.0000000000
6528 -1107.0000000000
6542 -1105.0000000000
6583 -1104.0000000000
6584 -1103.0000000000
6603 -1102.0000000000
6624 -1101.0000000000
6661 -1100.0000000000
6664 -1099.0000000000
6666 -1098.0000000000
6696 -1095.0000000000
6729 -1094.0000000000
6746 -1092.0000000000
6768 -1088.0000000000
6785 -1086.0000000000
6821 -1082.0000000000
6872 -1080.0000000000
6903 -1079.0000000000
6934 -1078.0000000000
6946 -1077.0000000000
6965 -1076.0000000000
6966 -1072.0000000000
7001 -1070.0000000000
7042 -1068.0000000000
7064 -1067.0000000000
7094 -1066.0000000000
7102 -1065.0000000000
7116 -1064.0000000000
7121 -1063.0000000000
7161 -1061.0000000000
7188 -1058.0000000000
7207 -1057.0000000000
7213 -1056.0000000000
7223 -1055.0000000000
7234 -1054.0000000000
7246 -1053.0000000000
7292 -1052.0000000000
7295 -1049.0000000000
7300 -1048.0000000000
7322 -1047.0000000000
7325 -1045.0000000000
7377 -1044.0000000000
7403 -1042.0000000000
7414 -1041.0000000000
7449 -1040.0000000000
7459 -1039.0000000000
7470 -1038.0000000000
7481 -1036.0000000000
7502 -1035.0000000000
7522 -1033.0000000000
7543 -1032.0000000000
7550 -1031.0000000000
7575 -1030.0000000000
7585 -1029.0000000000
7590 -1028.0000000000
7595 -1027.0000000000
7627 -1024.0000000000
7666 -1021.0000000000
7692 -1020.0000000000
7695 -1018.0000000000
7720 -1017.0000000000
7728 -1016.0000000000
7734 -1015.0000000000
7781 -1012.0000000000
7793 -1009.0000000000
7830 -1008.0000000000
7872 -1004.0000000000
7896 -1003.0000000000
7899 -1001.0000000000
7901 -1000.0000000000
7926 -998.0000000000
7949 -997.0000000000
7957 -996.0000000000
7976 -995.0000000000
7987 -994.0000000000
8002 -993.0000000000
8015 -990.0000000000
8052 -989.0000000000
8055 -988.0000000000
8080 -987.0000000000
8094 -986.0000000000
8104 -985.0000000000
8130 -984.0000000000
8144 -983.0000000000
8146 -982.0000000000
8177 -981.0000000000
8205 -979.0000000000
8215 -977.0000000000
8250 -976.0000000000
8294 -975.0000000000
8298 -974.0000000000
8325 -973.0000000000
8346 -971.0000000000
8348 -970.0000000000
8376 -969.0000000000
8403 -968.0000000000
8425 -967.0000000000
8443 -964.0000000000
8467 -963.0000000000
8494 -962.0000000000
8510 -961.0000000000
8527 -960.0000000000
8542 -959.0000000000
8555 -957.0000000000
8561 -956.0000000000
8591 -955.0000000000
8602 -953.0000000000
8641 -952.0000000000
8686 -951.0000000000
8687 -950.0000000000
8712 -947.0000000000
8736 -946.0000000000
8754 -945.0000000000
8777 -944.0000000000
8786 -942.0000000000
8810 -941.0000000000
8840 -940.0000000000
8845 -939.0000000000
8848 -938.0000000000
8870 -937.0000000000
8895 -935.0000000000
8915 -934.0000000000
8928 -933.0000000000
8934 -932.0000000000
8936 -931.0000000000
8945 -928.0000000000
8964 -927.0000000000
8981 -924.0000000000
9039 -922.0000000000
9075 -921.0000000000
9082 -920.0000000000
9108 -918.0000000000
9122 -917.0000000000
9164 -916.0000000000
9170 -915.0000000000
9193 -913.0000000000
9216 -911.0000000000
9266 -910.0000000000
9289 -908.0000000000
9322 -907.0000000000
9332 -905.0000000000
9365 -902.0000000000
9401 -901.0000000000
9411 -900.0000000000
9431 -899.0000000000
9453 -896.0000000000
9482 -895.0000000000
9501 -891.0000000000
9564 -889.0000000000
9580 -887.0000000000
9601 -885.0000000000
9621 -884.0000000000
9660 -880.0000000000
9668 -876.0000000000
9742 -875.0000000000
9764 -874.0000000000
9774 -872.0000000000
9824 -870.0000000000
9861 -869.0000000000
9891 -868.0000000000
9902 -867.0000000000
9904 -866.0000000000
9925 -865.0000000000
9967 -863.0000000000
9998 -862.0000000000
10018 -861.0000000000
10027 -860.0000000000
10031 -857.0000000000
10043 -856.0000000000
10054 -855.0000000000
10086 -854.0000000000
10105 -853.0000000000
10106 -852.0000000000
10136 -849.0000000000
10169 -848.0000000000
10170 -847.0000000000
10224 -844.0000000000
10225 -843.0000000000
10227 -842.0000000000
10289 -841.0000000000
10298 -838.0000000000
10303 -837.0000000000
10328 -836.0000000000
10330 -835.0000000000
10356 -832.0000000000
10381 -831.0000000000
10413 -826.0000000000
10474 -823.0000000000
10533 -822.0000000000
10542 -821.0000000000
10550 -820.0000000000
10572 -819.0000000000
10573 -818.0000000000
10583 -816.0000000000
10608 -814.0000000000
10623 -813.0000000000
10650 -809.0000000000
10698 -805.0000000000
10743 -804.0000000000
10745 -802.0000000000
10775 -801.0000000000
10776 -800.0000000000
10791 -797.0000000000
10802 -796.0000000000
10853 -794.0000000000
10870 -792.0000000000
10908 -791.0000000000
10924 -790.0000000000
10945 -787.0000000000
10985 -786.0000000000
10988 -784.0000000000
11030 -783.0000000000
11058 -782.0000000000
11097 -781.0000000000
11116 -779.0000000000
11145 -778.0000000000
11167 -777.0000000000
11176 -775.0000000000
11221 -774.0000000000
11235 -773.0000000000
11286 -772.0000000000
11310 -771.0000000000
11321 -769.0000000000
11369 -768.0000000000
11372 -767.0000000000
11396 -765.0000000000
11426 -764.0000000000
11454 -761.0000000000
11517 -760.0000000000
11521 -756.0000000000
11548 -755.0000000000
11601 -751.0000000000
11629 -748.0000000000
11672 -747.0000000000
11698 -746.0000000000
11715 -744.0000000000
11762 -743.0000000000
11793 -741.0000000000
11822 -740.0000000000
11842 -739.0000000000
11873 -738.0000000000
11883 -735.0000000000
11928 -734.0000000000
11965 -733.0000000000
11999 -730.0000000000
12028 -729.0000000000
12067 -728.0000000000
12069 -726.0000000000
12145 -725.0000000000
12184 -724.0000000000
12196 -723.0000000000
12203 -721.0000000000
12224 -720.0000000000
12250 -719.0000000000
12272 -718.0000000000
12281 -716.0000000000
12306 -715.0000000000
12317 -714.0000000000
12337 -712.0000000000
12345 -711.0000000000
12366 -710.0000000000
12382 -709.0000000000
12387 -708.0000000000
12436 -707.0000000000
12442 -705.0000000000
12488 -701.0000000000
12510 -700.0000000000
12544 -697.0000000000
12566 -695.0000000000
12631 -694.0000000000
12643 -693.0000000000
12663 -691.0000000000
12679 -690.0000000000
12692 -689.0000000000
12724 -688.0000000000
12762 -687.0000000000
12786 -686.0000000000
12822 -684.0000000000
12838 -683.0000000000
12866 -681.0000000000
12905 -678.0000000000
13003 -677.0000000000
13008 -676.0000000000
13025 -674.0000000000
13049 -671.0000000000
13070 -670.0000000000
13105 -669.0000000000
13136 -668.0000000000
13153 -667.0000000000
13207 -666.0000000000
13214 -665.0000000000
13232 -662.0000000000
13304 -661.0000000000
13326 -657.0000000000
13362 -656.0000000000
13373 -655.0000000000
13390 -654.0000000000
13392 -653.0000000000
13413 -652.0000000000
13462 -651.0000000000
13467 -650.0000000000
13486 -649.0000000000
13507 -648.0000000000
13541 -647.0000000000
13557 -646.0000000000
13572 -645.0000000000
13599 -642.0000000000
13642 -641.0000000000
13698 -640.0000000000
13722 -639.0000000000
13745 -638.0000000000
13762 -637.0000000000
13771 -636.0000000000
13804 -635.0000000000
13861 -631.0000000000
13878 -630.0000000000
13910 -629.0000000000
13916 -627.0000000000
13957 -626.0000000000
13967 -625.0000000000
13998 -622.0000000000
14051 -621.0000000000
14072 -620.0000000000
14083 -618.0000000000
14112 -616.0000000000
14145 -615.0000000000
14186 -614.0000000000
14192 -613.0000000000
14206 -612.0000000000
14253 -611.0000000000
14273 -610.0000000000
14281 -609.0000000000
14316 -606.0000000000
14380 -605.0000000000
14401 -604.0000000000
14428 -603.0000000000
14437 -600.0000000000
14490 -597.0000000000
14551 -594.0000000000
14608 -593.0000000000
14629 -592.0000000000
14650 -591.0000000000
14688 -590.0000000000
14701 -589.0000000000
14714 -587.0000000000
14746 -586.0000000000
14758 -585.0000000000
14790 -583.0000000000
14808 -580.0000000000
14919 -578.0000000000
14933 -577.0000000000
14991 -575.0000000000
15031 -574.0000000000
15037 -571.0000000000
15084 -570.0000000000
15085 -567.0000000000
15128 -566.0000000000
15155 -564.0000000000
15218 -562.0000000000
15229 -561.0000000000
15282 -560.0000000000
15284 -559.0000000000
15335 -557.0000000000
15360 -556.0000000000
15387 -555.0000000000
15409 -553.0000000000
15458 -551.0000000000
15474 -550.0000000000
15537 -549.0000000000
15542 -548.0000000000
15550 -546.0000000000
15634 -544.0000000000
15658 -543.0000000000
15675 -542.0000000000
15688 -541.0000000000
15721 -538.0000000000
15754 -537.0000000000
15803 -536.0000000000
15824 -535.0000000000
15866 -534.0000000000
15903 -533.0000000000
15907 -531.0000000000
15924 -530.0000000000
15957 -528.0000000000
16013 -525.0000000000
16073 -524.0000000000
16074 -522.0000000000
16107 -518.0000000000
16168 -517.0000000000
16188 -515.0000000000
16192 -514.0000000000
16231 -512.0000000000
16243 -510.0000000000
16285 -509.0000000000
16311 -506.0000000000
16321 -505.0000000000
16332 -504.0000000000
16402 -503.0000000000
16424 -502.0000000000
16425 -501.0000000000
16441 -500.0000000000
16502 -499.0000000000
16509 -497.0000000000
16528 -496.0000000000
16530 -495.0000000000
16568 -492.0000000000
16626 -491.0000000000
16678 -489.0000000000
16694 -488.0000000000
16726 -486.0000000000
16750 -485.0000000000
16767 -482.0000000000
16810 -481.0000000000
16859 -480.0000000000
16864 -477.0000000000
16907 -473.0000000000
16957 -471.0000000000
16981 -470.0000000000
17072 -468.0000000000
17109 -465.0000000000
17155 -464.0000000000
17213 -463.0000000000
17236 -462.0000000000
17260 -460.0000000000
17297 -459.0000000000
17334 -458.0000000000
17344 -457.0000000000
17363 -452.0000000000
17418 -451.0000000000
17466 -450.0000000000
17494 -449.0000000000
17516 -447.0000000000
17547 -446.0000000000
17576 -445.0000000000
17592 -444.0000000000
17622 -440.0000000000
17670 -438.0000000000
17722 -435.0000000000
17786 -434.0000000000
17804 -432.0000000000
17841 -431.0000000000
17891 -429.0000000000
17901 -428.0000000000
17938 -427.0000000000
17946 -426.0000000000
17977 -424.0000000000
18004 -423.0000000000
18031 -422.0000000000
18102 -421.0000000000
18103 -419.0000000000
18128 -418.0000000000
18144 -417.0000000000
18203 -415.0000000000
18242 -413.0000000000
18265 -412.0000000000
18294 -411.0000000000
18332 -410.0000000000
18346 -408.0000000000
18377 -406.0000000000
18453 -405.0000000000
18470 -404.0000000000
18492 -403.0000000000
18512 -402.0000000000
18576 -401.0000000000
18592 -399.0000000000
18603 -398.0000000000
18676 -397.0000000000
18685 -396.0000000000
18725 -395.0000000000
18740 -393.0000000000
18757 -392.0000000000
18788 -391.0000000000
18792 -390.0000000000
18816 -386.0000000000
18881 -385.0000000000
18901 -383.0000000000
18913 -382.0000000000
18978 -381.0000000000
18992 -380.0000000000
19004 -379.0000000000
19016 -378.0000000000
19042 -377.0000000000
19055 -375.0000000000
19099 -374.0000000000
19113 -372.0000000000
19165 -371.0000000000
19204 -370.0000000000
19224 -368.0000000000
19245 -367.0000000000
19253 -366.0000000000
19281 -364.0000000000
19339 -363.0000000000
19341 -362.0000000000
19381 -361.0000000000
19434 -360.0000000000
19461 -358.0000000000
19502 -356.0000000000
19539 -353.0000000000
19604 -351.0000000000
19622 -350.0000000000
19670 -349.0000000000
19688 -348.0000000000
19714 -346.0000000000
19767 -345.0000000000
19769 -343.0000000000
19851 -340.0000000000
19903 -339.0000000000
19916 -337.0000000000
20024 -334.0000000000
20064 -332.0000000000
20103 -331.0000000000
20133 -330.0000000000
20181 -329.0000000000
20219 -328.0000000000
20222 -326.0000000000
20282 -325.0000000000
20305 -323.0000000000
20350 -322.0000000000
20388 -321.0000000000
20438 -320.0000000000
20456 -318.0000000000
20532 -316.0000000000
20563 -314.0000000000
20564 -313.0000000000
20616 -312.0000000000
20639 -311.0000000000
20670 -309.0000000000
20685 -307.0000000000
20736 -305.0000000000
20762 -304.0000000000
20771 -303.0000000000
20811 -302.0000000000
20854 -301.0000000000
20859 -300.0000000000
20885 -299.0000000000
20906 -297.0000000000
20952 -295.0000000000
20992 -294.0000000000
20999 -293.0000000000
21060 -292.0000000000
21077 -291.0000000000
21114 -288.0000000000
21139 -287.0000000000
21183 -286.0000000000
21242 -285.0000000000
21256 -284.0000000000
21265 -283.0000000000
21297 -282.0000000000
21352 -279.0000000000
21396 -278.0000000000
21442 -277.0000000000
21461 -276.0000000000
21499 -275.0000000000
21505 -274.0000000000
21546 -273.0000000000
21563 -272.0000000000
21589 -271.0000000000
21599 -270.0000000000
21635 -269.0000000000
21661 -268.0000000000
21675 -267.0000000000
21685 -264.0000000000
21784 -263.0000000000
21807 -262.0000000000
21867 -261.0000000000
21894 -258.0000000000
21956 -256.0000000000
22013 -255.0000000000
22054 -254.0000000000
22087 -252.0000000000
22169 -251.0000000000
22193 -250.0000000000
22242 -249.0000000000
22309 -248.0000000000
22311 -247.0000000000
22359 -246.0000000000
22362 -245.0000000000
22424 -244.0000000000
22435 -243.0000000000
22449 -241.0000000000
22469 -240.0000000000
22494 -239.0000000000
22525 -238.0000000000
22557 -237.0000000000
22630 -236.0000000000
22632 -234.0000000000
22745 -233.0000000000
22755 -232.0000000000
22835 -230.0000000000
22863 -225.0000000000
22936 -224.0000000000
22983 -223.0000000000
23022 -221.0000000000
23045 -220.0000000000
23121 -219.0000000000
23127 -218.0000000000
23204 -217.0000000000
23210 -216.0000000000
23235 -214.0000000000
23312 -213.0000000000
23348 -210.0000000000
23351 -208.0000000000
23447 -207.0000000000
23453 -206.0000000000
23483 -203.0000000000
23523 -202.0000000000
23621 -201.0000000000
23632 -200.0000000000
23663 -197.0000000000
23770 -196.0000000000
23827 -195.0000000000
23829 -194.0000000000
23883 -193.0000000000
23893 -192.0000000000
23963 -189.0000000000
24004 -188.0000000000
24029 -187.0000000000
24186 -186.0000000000
24211 -185.0000000000
24243 -184.0000000000
24251 -181.0000000000
24335 -180.0000000000
24386 -179.0000000000
24416 -178.0000000000
24422 -177.0000000000
24455 -176.0000000000
24505 -175.0000000000
24576 -174.0000000000
24625 -173.0000000000
24686 -172.0000000000
24727 -171.0000000000
24758 -169.0000000000
24781 -168.0000000000
24831 -167.0000000000
24925 -166.0000000000
24958 -164.0000000000
24994 -163.0000000000
25000 -162.0000000000
25048 -161.0000000000
25114 -160.0000000000
25117 -159.0000000000
25167 -156.0000000000
25224 -154.0000000000
25325 -153.0000000000
25328 -152.0000000000
25382 -150.0000000000
25471 -148.0000000000
25537 -147.0000000000
25538 -146.0000000000
25542 -145.0000000000
25579 -144.0000000000
25603 -143.0000000000
25646 -142.0000000000
25668 -140.0000000000
25731 -139.0000000000
25758 -138.0000000000
25794 -137.0000000000
25830 -136.0000000000
25852 -135.0000000000
25893 -134.0000000000
25926 -133.0000000000
25937 -132.0000000000
25982 -130.0000000000
26006 -129.0000000000
26023 -127.0000000000
26136 -126.0000000000
26195 -123.0000000000
26271 -121.0000000000
26328 -120.0000000000
26352 -119.0000000000
26366 -118.0000000000
26414 -116.0000000000
26520 -115.0000000000
26647 -114.0000000000
26678 -113.0000000000
26745 -111.0000000000
26806 -110.0000000000
26852 -109.0000000000
26889 -106.0000000000
27001 -105.0000000000
27127 -104.0000000000
27130 -103.0000000000
27198 -102.0000000000
27205 -101.0000000000
27227 -100.0000000000
27237 -99.0000000000
27269 -98.0000000000
27373 -95.0000000000
27422 -94.0000000000
27434 -92.0000000000
27481 -91.0000000000
27552 -90.0000000000
27587 -89.0000000000
27609 -87.0000000000
27704 -86.0000000000
27730 -84.0000000000
27803 -83.0000000000
27847 -82.0000000000
27982 -80.0000000000
28043 -79.0000000000
28082 -78.0000000000
28190 -77.0000000000
28266 -75.0000000000
28376 -74.0000000000
28443 -73.0000000000
28547 -72.0000000000
28551 -71.0000000000
28644 -68.0000000000
28828 -67.0000000000
28887 -66.0000000000
28895 -65.0000000000
28902 -63.0000000000
29008 -62.0000000000
29023 -61.0000000000
29115 -59.0000000000
29202 -58.0000000000
29230 -57.0000000000
29269 -55.0000000000
29322 -53.0000000000
29480 -52.0000000000
29494 -51.0000000000
29520 -50.0000000000
29552 -49.0000000000
29584 -47.0000000000
29678 -46.0000000000
29689 -44.0000000000
29784 -43.0000000000
29795 -42.0000000000
29824 -41.0000000000
29857 -40.0000000000
29937 -38.0000000000
30025 -37.0000000000
30111 -36.0000000000
30148 -35.0000000000
30316 -33.0000000000
30415 -32.0000000000
30466 -31.0000000000
30526 -30.0000000000
30648 -28.0000000000
30734 -27.0000000000
30941 -26.0000000000
30966 -25.0000000000
31028 -24.0000000000
31111 -23.0000000000
31152 -22.0000000000
31315 -21.0000000000
31346 -20.0000000000
31415 -19.0000000000
31427 -18.0000000000
31531 -17.0000000000
31678 -16.0000000000
31706 -13.0000000000
31798 -12.0000000000
31900 -10.0000000000
31984 -9.0000000000
32025 -8.0000000000
32071 -7.0000000000
32147 -6.0000000000
32197 -5.0000000000
32233 -4.0000000000
32257 -2.0000000000
32264 -1.0000000000
32344 599.4400000000
32370 614.5400000000
32421 629.2200000000
32714 629.9500000000
32735 635.8200000000
33082 640.6800000000
33253 643.0100000000
33274 646.8400000000
33560 651.9400000000
33693 659.3600000000
33730 661.8100000000
33733 671.9400000000
34057 673.0000000000
34105 678.9900000000
34330 752.4200000000
34341 773.4300000000
34410 775.3800000000
34421 781.3600000000
34660 784.6800000000
34672 791.4600000000
34687 803.8700000000
34735 827.3000000000
34806 829.2000000000
35058 832.0500000000
35194 841.9900000000
35544 842.4800000000
35600 875.9000000000
38131 924.9200000000
38184 941.8800000000
38185 944.7200000000
38265 959.0000000000
38358 961.9700000000
40828 970.8300000000
46997 971.5700000000
53035 978.5000000000
53124 979.4100000000
54113 981.9900000000
56277 1015.4100000000
56295 1018.8800000000
56322 1026.6300000000
56337 1027.4000000000
56339 1040.4400000000
56456 1042.7100000000
56556 1048.4600000000
56957 1056.7200000000
58575 1058.6700000000
62266 1059.5200000000
63512 1062.5800000000
64885 1062.8100000000
65567 1072.5200000000
66026 1089.5700000000
66403 1160.3300000000
66544 1165.5400000000
66574 1179.1700000000
66708 1180.9800000000
66716 1183.5600000000
66752 1186.8500000000
66829 1193.6600000000
67646 1199.4800000000
69773 1204.9100000000
77706 1209.9600000000
83130 1212.2600000000
89180 1213.8000000000
93236 1215.6900000000
95609 1216.7600000000
100000 1183.0800000000
evaluations raw_y
1 -1856.0000000000
9 -1855.0000000000
21 -1832.0000000000
22 -1827.0000000000
42 -1809.0000000000
43 -1801.0000000000
68 -1796.0000000000
69 -1794.0000000000
71 -1778.0000000000
87 -1739.0000000000
126 -1738.0000000000
133 -1717.0000000000
152 -1698.0000000000
167 -1696.0000000000
194 -1681.0000000000
225 -1656.0000000000
259 -1646.0000000000
261 -1643.0000000000
286 -1626.0000000000
328 -1622.0000000000
338 -1616.0000000000
341 -1612.0000000000
348 -1610.0000000000
367 -1609.0000000000
376 -1605.0000000000
381 -1601.0000000000
408 -1593.0000000000
422 -1589.0000000000
431 -1580.0000000000
444 -1576.0000000000
467 -1575.0000000000
481 -1572.0000000000
490 -1570.0000000000
502 -1569.0000000000
522 -1568.0000000000
527 -1564.0000000000
531 -1562.0000000000
543 -1561.0000000000
548 -1559.0000000000
559 -1550.0000000000
589 -1548.0000000000
603 -1547.0000000000
605 -1546.0000000000
610 -1544.0000000000
627 -1540.0000000000
657 -1539.0000000000
661 -1535.0000000000
670 -1531.0000000000
704 -1529.0000000000
717 -1524.0000000000
761 -1522.0000000000
763 -1519.0000000000
780 -1517.0000000000
782 -1516.0000000000
803 -1513.0000000000
833 -1511.0000000000
849 -1510.0000000000
857 -1508.0000000000
872 -1505.0000000000
884 -1504.0000000000
898 -1499.0000000000
906 -1493.0000000000
950 -1491.0000000000
985 -1490.0000000000
995 -1488.0000000000
1009 -1486.0000000000
1035 -1485.0000000000
1043 -1483.0000000000
1063 -1479.0000000000
1094 -1478.0000000000
1102 -1477.0000000000
1125 -1476.0000000000
1136 -1475.0000000000
1138 -1474.0000000000
1162 -1473.0000000000
1175 -1471.0000000000
1183 -1469.0000000000
1200 -1466.0000000000
1211 -1465.0000000000
1242 -1462.0000000000
1261 -1460.0000000000
1266 -1459.0000000000
1299 -1456.0000000000
1306 -1454.0000000000
1321 -1451.0000000000
1379 -1450.0000000000
1388 -1447.0000000000
1421 -1446.0000000000
1423 -1445.0000000000
1432 -1443.0000000000
1480 -1441.0000000000
1505 -1440.0000000000
1523 -1439.0000000000
1528 -1437.0000000000
1548 -1435.0000000000
1555 -1434.0000000000
1583 -1431.0000000000
1627 -1430.0000000000
1630 -1429.0000000000
1647 -1427.0000000000
1663 -1425.0000000000
1670 -1424.0000000000
1692 -1419.0000000000
1721 -1418.0000000000
1737 -1416.0000000000
1745 -1415.0000000000
1748 -1414.0000000000
1781 -1410.0000000000
1815 -1407.0000000000
1849 -1406.0000000000
1867 -1405.0000000000
1874 -1403.0000000000
1912 -1402.0000000000
1915 -1401.0000000000
1921 -1398.0000000000
1974 -1397.0000000000
1985 -1396.0000000000
1996 -1395.0000000000
2006 -1394.0000000000
2030 -1393.0000000000
2040 -1392.0000000000
2048 -1390.0000000000
2091 -1386.0000000000
2132 -1385.0000000000
2143 -1384.0000000000
2159 -1383.0000000000
2164 -1382.0000000000
2170 -1380.0000000000
2191 -1379.0000000000
2219 -1376.0000000000
2229 -1375.0000000000
2232 -1374.0000000000
2253 -1373.0000000000
2264 -1369.0000000000
2304 -1368.0000000000
2305 -1366.0000000000
2341 -1365.0000000000
2367 -1364.0000000000
2383 -1363.0000000000
2389 -1361.0000000000
2415 -1359.0000000000
2442 -1358.0000000000
2466 -1357.0000000000
2469 -1356.0000000000
2482 -1354.0000000000
2525 -1350.0000000000
2563 -1349.0000000000
2583 -1346.0000000000
2626 -1345.0000000000
2632 -1344.0000000000
2638 -1343.0000000000
2649 -1341.0000000000
2689 -1338.0000000000
2698 -1337.0000000000
2703 -1335.0000000000
2711 -1334.0000000000
2735 -1332.0000000000
2766 -1331.0000000000
2770 -1329.0000000000
2789 -1326.0000000000
2838 -1321.0000000000
2861 -1320.0000000000
2901 -1318.0000000000
2916 -1317.0000000000
2928 -1316.0000000000
2949 -1314.0000000000
2966 -1310.0000000000
2992 -1309.0000000000
3013 -1306.0000000000
3026 -1305.0000000000
3050 -1302.0000000000
3072 -1300.0000000000
3078 -1298.0000000000
3105 -1297.0000000000
3134 -1295.0000000000
3144 -1294.0000000000
3180 -1292.0000000000
3191 -1289.0000000000
3222 -1287.0000000000
3244 -1284.0000000000
3273 -1283.0000000000
3282 -1281.0000000000
3332 -1280.0000000000
3334 -1278.0000000000
3336 -1277.0000000000
3361 -1276.0000000000
3381 -1275.0000000000
3387 -1274.0000000000
3406 -1271.0000000000
3442 -1269.0000000000
3443 -1267.0000000000
3477 -1265.0000000000
3491 -1264.0000000000
3502 -1263.0000000000
3525 -1260.0000000000
3556 -1259.0000000000
3581 -1258.0000000000
3586 -1257.0000000000
3608 -1253.0000000000
3631 -1250.0000000000
3683 -1249.0000000000
3715 -1247.0000000000
3731 -1246.0000000000
3745 -1245.0000000000
3786 -1243.0000000000
3801 -1242.0000000000
3831 -1240.0000000000
3851 -1239.0000000000
3865 -1238.0000000000
3901 -1237.0000000000
3922 -1234.0000000000
3942 -1233.0000000000
3949 -1232.0000000000
3961 -1231.0000000000
3972 -1228.0000000000
3991 -1225.0000000000
4022 -1224.0000000000
4042 -1222.0000000000
4073 -1219.0000000000
4094 -1217.0000000000
4124 -1216.0000000000
4162 -1213.0000000000
4188 -1208.0000000000
4222 -1207.0000000000
4246 -1205.0000000000
4263 -1203.0000000000
4334 -1202.0000000000
4337 -1201.0000000000
4339 -1199.0000000000
4387 -1197.0000000000
4404 -1196.0000000000
4426 -1195.0000000000
4438 -1194.0000000000
4441 -1193.0000000000
4466 -1192.0000000000
4471 -1190.0000000000
4502 -1188.0000000000
4543 -1186.0000000000
4569 -1185.0000000000
4608 -1182.0000000000
4666 -1178.0000000000
4701 -1175.0000000000
4733 -1173.0000000000
4752 -1172.0000000000
4763 -1171.0000000000
4789 -1169.0000000000
4805 -1167.0000000000
4826 -1166.0000000000
4829 -1163.0000000000
4885 -1162.0000000000
4905 -1161.0000000000
4915 -1158.0000000000
4927 -1157.0000000000
4951 -1156.0000000000
4981 -1155.0000000000
4997 -1154.0000000000
5001 -1153.0000000000
5015 -1149.0000000000
5067 -1148.0000000000
5083 -1147.0000000000
5104 -1146.0000000000
5145 -1143.0000000000
5160 -1141.0000000000
5169 -1140.0000000000
5191 -1139.0000000000
5211 -1138.0000000000
5231 -1137.0000000000
5243 -1136.0000000000
5260 -1135.0000000000
5283 -1134.0000000000
5295 -1132.0000000000
5326 -1131.0000000000
5329 -1130.0000000000
5348 -1128.0000000000
5350 -1127.0000000000
5362 -1125.0000000000
5390 -1123.0000000000
5436 -1121.0000000000
5461 -1118.0000000000
5482 -1116.0000000000
5492 -1113.0000000000
5503 -1112.0000000000
5527 -1110.0000000000
5595 -1108.0000000000
5602 -1105.0000000000
5649 -1104.0000000000
5666 -1101.0000000000
5683 -1100.0000000000
5705 -1099.0000000000
5736 -1096.0000000000
5764 -1095.0000000000
5772 -1093.0000000000
5785 -1092.0000000000
5814 -1090.0000000000
5835 -1089.0000000000
5846 -1088.0000000000
5866 -1085.0000000000
5908 -1084.0000000000
5925 -1082.0000000000
5941 -1081.0000000000
5944 -1080.0000000000
5967 -1077.0000000000
5997 -1075.0000000000
6004 -1072.0000000000
6029 -1070.0000000000
6047 -1069.0000000000
6087 -1068.0000000000
6103 -1067.0000000000
6118 -1065.0000000000
6129 -1062.0000000000
6141 -1060.0000000000
6192 -1059.0000000000
6195 -1058.0000000000
6229 -1056.0000000000
6255 -1055.0000000000
6261 -1054.0000000000
6266 -1053.0000000000
6283 -1051.0000000000
6309 -1050.0000000000
6330 -1049.0000000000
6346 -1048.0000000000
6356 -1046.0000000000
6363 -1044.0000000000
6413 -1043.0000000000
6432 -1041.0000000000
6443 -1040.0000000000
6453 -1039.0000000000
6502 -1038.0000000000
6504 -1035.0000000000
6527 -1032.0000000000
6548 -1031.0000000000
6565 -1029.0000000000
6595 -1027.0000000000
6623 -1025.0000000000
6649 -1024.0000000000
6667 -1023.0000000000
6696 -1022.0000000000
6718 -1021.0000000000
6730 -1020.0000000000
6732 -1019.0000000000
6748 -1017.0000000000
6775 -1013.0000000000
6812 -1010.0000000000
6824 -1009.0000000000
6843 -1008.0000000000
6866 -1007.0000000000
6893 -1006.0000000000
6927 -1005.0000000000
6944 -1004.0000000000
6972 -1003.0000000000
6976 -1002.0000000000
6995 -1001.0000000000
7006 -1000.0000000000
7039 -999.0000000000
7077 -996.0000000000
7083 -995.0000000000
7124 -992.0000000000
7181 -991.0000000000
7200 -988.0000000000
7204 -986.0000000000
7269 -985.0000000000
7278 -984.0000000000
7309 -981.0000000000
7331 -979.0000000000
7377 -978.0000000000
7385 -977.0000000000
7422 -976.0000000000
7435 -974.0000000000
7459 -973.0000000000
7482 -972.0000000000
7513 -971.0000000000
7523 -970.0000000000
7530 -969.0000000000
7557 -968.0000000000
7572 -966.0000000000
7588 -964.0000000000
7611 -963.0000000000
7643 -962.0000000000
7645 -960.0000000000
7678 -959.0000000000
7701 -958.0000000000
7708 -957.0000000000
7747 -956.0000000000
7780 -954.0000000000
7797 -953.0000000000
7804 -952.0000000000
7879 -951.0000000000
7881 -949.0000000000
7902 -947.0000000000
7938 -946.0000000000
7947 -945.0000000000
7978 -944.0000000000
7989 -942.0000000000
8017 -941.0000000000
8027 -938.0000000000
8059 -937.0000000000
8088 -933.0000000000
8118 -931.0000000000
8171 -929.0000000000
8197 -928.0000000000
8206 -926.0000000000
8249 -924.0000000000
8271 -923.0000000000
8301 -919.0000000000
8337 -918.0000000000
8344 -916.0000000000
8375 -914.0000000000
8406 -912.0000000000
8419 -910.0000000000
8443 -909.0000000000
8455 -907.0000000000
8481 -906.0000000000
8487 -905.0000000000
8543 -904.0000000000
8550 -903.0000000000
8567 -901.0000000000
8599 -900.0000000000
8619 -898.0000000000
8633 -897.0000000000
8646 -896.0000000000
8665 -895.0000000000
8686 -894.0000000000
8709 -893.0000000000
8711 -891.0000000000
8743 -888.0000000000
8773 -887.0000000000
8793 -886.0000000000
8828 -884.0000000000
8843 -883.0000000000
8870 -881.0000000000
8882 -880.0000000000
8897 -879.0000000000
8910 -876.0000000000
8922 -875.0000000000
8961 -874.0000000000
9006 -872.0000000000
9043 -871.0000000000
9062 -870.0000000000
9063 -869.0000000000
9103 -868.0000000000
9116 -865.0000000000
9165 -864.0000000000
9179 -863.0000000000
9184 -862.0000000000
9201 -861.0000000000
9218 -860.0000000000
9223 -859.0000000000
9272 -856.0000000000
9297 -852.0000000000
9330 -851.0000000000
9355 -849.0000000000
9389 -848.0000000000
9391 -847.0000000000
9405 -846.0000000000
9424 -845.0000000000
9446 -844.0000000000
9482 -843.0000000000
9526 -842.0000000000
9542 -840.0000000000
9555 -839.0000000000
9563 -837.0000000000
9610 -836.0000000000
9623 -835.0000000000
9648 -834.0000000000
9675 -832.0000000000
9721 -830.0000000000
9752 -826.0000000000
9767 -825.0000000000
9785 -822.0000000000
9850 -821.0000000000
9869 -820.0000000000
9873 -819.0000000000
9912 -818.0000000000
9919 -817.0000000000
9938 -816.0000000000
9965 -815.0000000000
9968 -814.0000000000
9996 -813.0000000000
9998 -812.0000000000
10021 -811.0000000000
10042 -807.0000000000
10099 -805.0000000000
10104 -804.0000000000
10171 -803.0000000000
10186 -801.0000000000
10194 -800.0000000000
10225 -799.0000000000
10242 -798.0000000000
10270 -797.0000000000
10304 -796.0000000000
10310 -795.0000000000
10345 -793.0000000000
10346 -792.0000000000
10371 -791.0000000000
10404 -788.0000000000
10427 -787.0000000000
10440 -786.0000000000
10449 -785.0000000000
10481 -784.0000000000
10487 -783.0000000000
10512 -782.0000000000
10552 -781.0000000000
10578 -780.0000000000
10584 -779.0000000000
10603 -777.0000000000
10626 -776.0000000000
10648 -774.0000000000
10675 -770.0000000000
10739 -767.0000000000
10766 -765.0000000000
10785 -764.0000000000
10800 -762.0000000000
10828 -761.0000000000
10859 -760.0000000000
10864 -759.0000000000
10897 -757.0000000000
10910 -756.0000000000
10930 -752.0000000000
10963 -751.0000000000
10966 -750.0000000000
11040 -748.0000000000
11053 -746.0000000000
11074 -745.0000000000
11101 -743.0000000000
11130 -742.0000000000
11182 -740.0000000000
11229 -738.0000000000
11247 -735.0000000000
11282 -732.0000000000
11400 -731.0000000000
11402 -730.0000000000
11413 -729.0000000000
11431 -727.0000000000
11457 -723.0000000000
11533 -721.0000000000
11540 -720.0000000000
11568 -719.0000000000
11609 -716.0000000000
11657 -715.0000000000
11679 -714.0000000000
11684 -712.0000000000
11726 -711.0000000000
11742 -710.0000000000
11771 -709.0000000000
11783 -708.0000000000
11803 -707.0000000000
11807 -705.0000000000
11827 -703.0000000000
11841 -702.0000000000
11864 -701.0000000000
11867 -699.0000000000
11898 -698.0000000000
11921 -697.0000000000
11924 -695.0000000000
11959 -693.0000000000
12007 -692.0000000000
12037 -691.0000000000
12066 -689.0000000000
12097 -686.0000000000
12146 -685.0000000000
12148 -684.0000000000
12172 -683.0000000000
12189 -682.0000000000
12203 -680.0000000000
12245 -679.0000000000
12246 -676.0000000000
12269 -675.0000000000
12305 -674.0000000000
12352 -673.0000000000
12361 -672.0000000000
12388 -671.0000000000
12422 -669.0000000000
12425 -668.0000000000
12446 -667.0000000000
12451 -666.0000000000
12483 -663.0000000000
12531 -662.0000000000
12545 -661.0000000000
12565 -659.0000000000
12596 -658.0000000000
12605 -655.0000000000
12661 -652.0000000000
12695 -651.0000000000
12725 -647.0000000000
12762 -646.0000000000
12785 -645.0000000000
12813 -643.0000000000
12836 -642.0000000000
12844 -641.0000000000
12870 -640.0000000000
12921 -639.0000000000
12929 -638.0000000000
12961 -637.0000000000
12979 -635.0000000000
13013 -634.0000000000
13046 -630.0000000000
13084 -629.0000000000
13121 -628.0000000000
13138 -627.0000000000
13142 -626.0000000000
13160 -625.0000000000
13164 -623.0000000000
13224 -621.0000000000
13245 -619.0000000000
13282 -618.0000000000
13318 -617.0000000000
13352 -614.0000000000
13367 -613.0000000000
13397 -612.0000000000
13426 -611.0000000000
13447 -609.0000000000
13492 -608.0000000000
13501 -606.0000000000
13526 -605.0000000000
13527 -604.0000000000
13546 -603.0000000000
13573 -602.0000000000
13575 -601.0000000000
13581 -599.0000000000
13626 -598.0000000000
13668 -597.0000000000
13681 -596.0000000000
13684 -595.0000000000
13722 -594.0000000000
13731 -593.0000000000
13745 -590.0000000000
13798 -588.0000000000
13822 -586.0000000000
13857 -585.0000000000
13887 -584.0000000000
13901 -583.0000000000
13908 -581.0000000000
13923 -580.0000000000
13961 -579.0000000000
13969 -577.0000000000
13998 -576.0000000000
14007 -574.0000000000
14026 -573.0000000000
14030 -571.0000000000
14045 -570.0000000000
14063 -569.0000000000
14082 -567.0000000000
14111 -564.0000000000
14131 -563.0000000000
14184 -562.0000000000
14189 -560.0000000000
14239 -558.0000000000
14266 -556.0000000000
14296 -555.0000000000
14329 -554.0000000000
14356 -553.0000000000
14362 -552.0000000000
14363 -551.0000000000
14405 -550.0000000000
14449 -548.0000000000
14481 -546.0000000000
14507 -545.0000000000
14535 -544.0000000000
14556 -542.0000000000
14569 -541.0000000000
14617 -540.0000000000
14651 -539.0000000000
14676 -538.0000000000
14690 -537.0000000000
14738 -536.0000000000
14744 -534.0000000000
14780 -531.0000000000
14857 -530.0000000000
14858 -528.0000000000
14890 -527.0000000000
14936 -526.0000000000
14948 -524.0000000000
14981 -523.0000000000
15006 -522.0000000000
15042 -521.0000000000
15075 -520.0000000000
15083 -517.0000000000
15108 -514.0000000000
15146 -513.0000000000
15173 -512.0000000000
15185 -511.0000000000
15246 -508.0000000000
15267 -507.0000000000
15298 -506.0000000000
15309 -504.0000000000
15355 -502.0000000000
15388 -499.0000000000
15501 -498.0000000000
15538 -497.0000000000
15545 -496.0000000000
15548 -495.0000000000
15570 -493.0000000000
15659 -489.0000000000
15676 -488.0000000000
15712 -487.0000000000
15762 -486.0000000000
15800 -484.0000000000
15822 -482.0000000000
15881 -479.0000000000
15924 -478.0000000000
15958 -477.0000000000
15978 -475.0000000000
15995 -474.0000000000
16022 -472.0000000000
16026 -471.0000000000
16081 -470.0000000000
16131 -469.0000000000
16156 -468.0000000000
16163 -467.0000000000
16199 -466.0000000000
16223 -464.0000000000
16251 -463.0000000000
16289 -461.0000000000
16295 -459.0000000000
16307 -458.0000000000
16350 -457.0000000000
16363 -456.0000000000
16381 -455.0000000000
16396 -454.0000000000
16425 -453.0000000000
16468 -452.0000000000
16486 -451.0000000000
16502 -449.0000000000
16525 -447.0000000000
16571 -446.0000000000
16601 -444.0000000000
16623 -442.0000000000
16641 -441.0000000000
16688 -440.0000000000
16705 -439.0000000000
16727 -437.0000000000
16741 -436.0000000000
16744 -435.0000000000
16772 -434.0000000000
16801 -432.0000000000
16841 -430.0000000000
16848 -428.0000000000
16913 -427.0000000000
16922 -426.0000000000
16974 -425.0000000000
17012 -424.0000000000
17023 -423.0000000000
17036 -422.0000000000
17061 -421.0000000000
17084 -420.0000000000
17085 -419.0000000000
17116 -418.0000000000
17125 -417.0000000000
17173 -415.0000000000
17215 -414.0000000000
17225 -412.0000000000
17252 -409.0000000000
17297 -408.0000000000
17323 -406.0000000000
17365 -405.0000000000
17403 -404.0000000000
17448 -403.0000000000
17473 -402.0000000000
17493 -401.0000000000
17500 -399.0000000000
17503 -398.0000000000
17539 -396.0000000000
17563 -394.0000000000
17615 -393.0000000000
17658 -392.0000000000
17682 -390.0000000000
17733 -389.0000000000
17762 -388.0000000000
17783 -387.0000000000
17839 -383.0000000000
17901 -382.0000000000
17961 -381.0000000000
18003 -380.0000000000
18021 -378.0000000000
18041 -377.0000000000
18076 -376.0000000000
18099 -375.0000000000
18133 -374.0000000000
18160 -373.0000000000
18183 -372.0000000000
18216 -368.0000000000
18253 -367.0000000000
18261 -366.0000000000
18280 -365.0000000000
18285 -361.0000000000
18392 -359.0000000000
18423 -357.0000000000
18464 -355.0000000000
18483 -354.0000000000
18513 -351.0000000000
18551 -350.0000000000
18601 -349.0000000000
18620 -348.0000000000
18649 -347.0000000000
18675 -345.0000000000
18684 -344.0000000000
18756 -343.0000000000
18772 -342.0000000000
18809 -341.0000000000
18851 -340.0000000000
18864 -339.0000000000
18867 -338.0000000000
18881 -337.0000000000
18965 -335.0000000000
19039 -333.0000000000
19046 -332.0000000000
19088 -331.0000000000
19125 -330.0000000000
19136 -329.0000000000
19173 -328.0000000000
19196 -326.0000000000
19256 -325.0000000000
19260 -324.0000000000
19263 -322.0000000000
19311 -321.0000000000
19358 -320.0000000000
19416 -319.0000000000
19443 -318.0000000000
19445 -317.0000000000
19495 -316.0000000000
19496 -314.0000000000
19528 -313.0000000000
19558 -312.0000000000
19612 -311.0000000000
19629 -309.0000000000
19704 -307.0000000000
19708 -306.0000000000
19747 -303.0000000000
19832 -302.0000000000
19842 -301.0000000000
19865 -300.0000000000
19882 -296.0000000000
19963 -294.0000000000
20019 -293.0000000000
20041 -292.0000000000
20073 -291.0000000000
20101 -290.0000000000
20168 -289.0000000000
20241 -288.0000000000
20248 -287.0000000000
20312 -286.0000000000
20320 -285.0000000000
20348 -284.0000000000
20375 -283.0000000000
20377 -282.0000000000
20406 -281.0000000000
20433 -280.0000000000
20461 -277.0000000000
20609 -276.0000000000
20643 -275.0000000000
20677 -274.0000000000
20696 -272.0000000000
20720 -271.0000000000
20735 -270.0000000000
20747 -268.0000000000
20811 -266.0000000000
20907 -265.0000000000
20920 -264.0000000000
20947 -263.0000000000
20976 -262.0000000000
21010 -261.0000000000
21063 -260.0000000000
21071 -258.0000000000
21135 -257.0000000000
21183 -256.0000000000
21196 -255.0000000000
21252 -254.0000000000
21276 -253.0000000000
21329 -252.0000000000
21376 -249.0000000000
21423 -248.0000000000
21445 -247.0000000000
21464 -246.0000000000
21495 -244.0000000000
21501 -243.0000000000
21568 -242.0000000000
21588 -241.0000000000
21646 -240.0000000000
21703 -239.0000000000
21715 -238.0000000000
21730 -237.0000000000
21777 -236.0000000000
21789 -233.0000000000
21900 -232.0000000000
21901 -231.0000000000
21945 -230.0000000000
21961 -229.0000000000
22049 -227.0000000000
22112 -226.0000000000
22130 -225.0000000000
22247 -224.0000000000
22277 -222.0000000000
22344 -221.0000000000
22382 -219.0000000000
22442 -218.0000000000
22465 -217.0000000000
22494 -216.0000000000
22533 -214.0000000000
22558 -213.0000000000
22562 -211.0000000000
22672 -210.0000000000
22689 -209.0000000000
22782 -208.0000000000
22816 -207.0000000000
22863 -205.0000000000
22881 -204.0000000000
22968 -203.0000000000
22986 -202.0000000000
23023 -201.0000000000
23214 -200.0000000000
23273 -199.0000000000
23331 -198.0000000000
23356 -197.0000000000
23367 -196.0000000000
23384 -195.0000000000
23415 -194.0000000000
23444 -193.0000000000
23445 -192.0000000000
23477 -191.0000000000
23574 -190.0000000000
23611 -189.0000000000
23672 -188.0000000000
23691 -187.0000000000
23702 -186.0000000000
23742 -185.0000000000
23776 -184.0000000000
23813 -183.0000000000
23846 -182.0000000000
23850 -181.0000000000
23862 -180.0000000000
23894 -179.0000000000
23935 -178.0000000000
23982 -177.0000000000
23992 -176.0000000000
24106 -174.0000000000
24145 -171.0000000000
24214 -170.0000000000
24216 -168.0000000000
24278 -167.0000000000
24305 -166.0000000000
24367 -164.0000000000
24484 -163.0000000000
24497 -162.0000000000
24504 -161.0000000000
24548 -160.0000000000
24562 -158.0000000000
24646 -157.0000000000
24681 -156.0000000000
24691 -155.0000000000
24722 -154.0000000000
24761 -153.0000000000
24802 -152.0000000000
24820 -151.0000000000
24833 -150.0000000000
24894 -147.0000000000
24995 -146.0000000000
25001 -145.0000000000
25046 -144.0000000000
25102 -143.0000000000
25124 -141.0000000000
25153 -140.0000000000
25222 -139.0000000000
25245 -138.0000000000
25291 -137.0000000000
25342 -136.0000000000
25390 -135.0000000000
25409 -134.0000000000
25477 -133.0000000000
25523 -132.0000000000
25574 -130.0000000000
25625 -129.0000000000
25645 -128.0000000000
25689 -127.0000000000
25726 -126.0000000000
25744 -125.0000000000
25813 -124.0000000000
25829 -123.0000000000
25862 -121.0000000000
25966 -118.0000000000
26062 -117.0000000000
26101 -116.0000000000
26149 -115.0000000000
26207 -114.0000000000
26306 -113.0000000000
26339 -111.0000000000
26359 -108.0000000000
26491 -107.0000000000
26511 -106.0000000000
26600 -104.0000000000
26666 -102.0000000000
26816 -101.0000000000
26842 -100.0000000000
26885 -98.0000000000
26963 -97.0000000000
27006 -96.0000000000
27011 -95.0000000000
27036 -94.0000000000
27048 -93.0000000000
27069 -90.0000000000
27153 -89.0000000000
27182 -88.0000000000
27245 -87.0000000000
27261 -86.0000000000
27284 -85.0000000000
27403 -83.0000000000
27455 -81.0000000000
27484 -79.0000000000
27590 -78.0000000000
27609 -77.0000000000
27682 -76.0000000000
27741 -75.0000000000
27843 -74.0000000000
27883 -73.0000000000
27922 -72.0000000000
27983 -70.0000000000
28028 -68.0000000000
28105 -67.0000000000
28167 -66.0000000000
28194 -65.0000000000
28328 -62.0000000000
28430 -61.0000000000
28494 -59.0000000000
28566 -58.0000000000
28603 -57.0000000000
28656 -56.0000000000
28697 -54.0000000000
28772 -53.0000000000
28787 -52.0000000000
28853 -51.0000000000
28903 -50.0000000000
28942 -49.0000000000
28978 -47.0000000000
29055 -46.0000000000
29105 -45.0000000000
29148 -44.0000000000
29188 -43.0000000000
29285 -42.0000000000
29350 -41.0000000000
29391 -40.0000000000
29435 -39.0000000000
29462 -37.0000000000
29586 -35.0000000000
29675 -34.0000000000
29722 -33.0000000000
29762 -32.0000000000
29808 -30.0000000000
29861 -28.0000000000
29942 -26.0000000000
30112 -25.0000000000
30119 -24.0000000000
30199 -23.0000000000
30281 -22.0000000000
30388 -20.0000000000
30509 -19.0000000000
30605 -18.0000000000
30672 -16.0000000000
30746 -15.0000000000
30828 -14.0000000000
30999 -13.0000000000
31017 -12.0000000000
31060 -10.0000000000
31123 -9.0000000000
31219 -8.0000000000
31289 -7.0000000000
31336 -5.0000000000
31401 -4.0000000000
31533 -3.0000000000
31537 -2.0000000000
31694 -1.0000000000
31724 619.4900000000
31737 629.1100000000
31814 629.1400000000
31934 684.6900000000
32041 688.3400000000
32088 704.0100000000
32217 705.4600000000
32289 719.4700000000
32343 723.9600000000
32642 737.9800000000
33567 751.2200000000
35287 759.5900000000
36152 777.3800000000
36279 778.7100000000
36667 798.5300000000
37898 799.6700000000
37927 804.3400000000
37965 810.1900000000
38633 811.5000000000
41130 854.4500000000
41161 856.9500000000
41167 881.5600000000
41282 882.0100000000
41299 889.1800000000
41373 893.4100000000
41420 911.3800000000
41706 917.4600000000
41742 918.5300000000
41873 921.4500000000
42520 923.0200000000
42648 925.6800000000
42679 929.9700000000
42721 936.0300000000
42796 937.6200000000
42821 938.3800000000
42838 947.3100000000
42982 1039.9200000000
43303 1046.7700000000
43432 1047.7200000000
43453 1052.6800000000
43683 1063.5200000000
43742 1067.1300000000
44820 1074.2300000000
44967 1079.2900000000
48531 1081.1800000000
50240 1144.3400000000
50346 1145.4400000000
50379 1146.2900000000
50412 1148.8900000000
50417 1163.4200000000
50681 1171.9700000000
51858 1180.3800000000
56099 1186.3200000000
56581 1208.5100000000
56728 1211.9400000000
56854 1212.2000000000
56877 1213.9500000000
56881 1220.3200000000
56966 1222.9200000000
56970 1224.4500000000
56997 1224.4800000000
57049 1229.0900000000
57103 1229.2500000000
57272 1229.9600000000
57519 1232.3000000000
57555 1238.8500000000
60875 1240.9100000000
61277 1245.6600000000
61715 1261.3400000000
63788 1261.5400000000
65364 1263.6300000000
67802 1263.7600000000
68699 1263.8000000000
68817 1264.9000000000
70222 1265.3700000000
70968 1270.3500000000
73556 1273.6000000000
81995 1276.7000000000
88580 1277.5000000000
91336 1278.8400000000
92673 1281.6300000000
95066 1283.8200000000
96346 1285.3100000000
97270 1294.8900000000
99100 1299.7300000000
100000 1264.5800000000
evaluations raw_y
1 -1880.0000000000
13 -1879.0000000000
44 -1873.0000000000
55 -1872.0000000000
57 -1871.0000000000
63 -1867.0000000000
64 -1844.0000000000
102 -1842.0000000000
105 -1829.0000000000
123 -1809.0000000000
149 -1800.0000000000
161 -1788.0000000000
187 -1787.0000000000
197 -1779.0000000000
201 -1768.0000000000
224 -1767.0000000000
228 -1760.0000000000
237 -1721.0000000000
249 -1720.0000000000
263 -1719.0000000000
265 -1711.0000000000
285 -1708.0000000000
300 -1704.0000000000
305 -1695.0000000000
318 -1689.0000000000
324 -1688.0000000000
335 -1663.0000000000
382 -1657.0000000000
394 -1650.0000000000
403 -1649.0000000000
404 -1648.0000000000
416 -1645.0000000000
425 -1641.0000000000
433 -1639.0000000000
443 -1638.0000000000
449 -1636.0000000000
455 -1633.0000000000
459 -1632.0000000000
461 -1631.0000000000
478 -1624.0000000000
485 -1611.0000000000
531 -1606.0000000000
547 -1602.0000000000
564 -1598.0000000000
586 -1596.0000000000
594 -1588.0000000000
601 -1586.0000000000
623 -1582.0000000000
626 -1577.0000000000
640 -1575.0000000000
644 -1572.0000000000
685 -1570.0000000000
689 -1565.0000000000
697 -1564.0000000000
711 -1563.0000000000
729 -1562.0000000000
738 -1556.0000000000
751 -1555.0000000000
768 -1553.0000000000
782 -1551.0000000000
784 -1550.0000000000
803 -1549.0000000000
824 -1548.0000000000
841 -1546.0000000000
850 -1545.0000000000
852 -1544.0000000000
867 -1539.0000000000
887 -1538.0000000000
901 -1537.0000000000
924 -1535.0000000000
964 -1533.0000000000
983 -1532.0000000000
1008 -1527.0000000000
1045 -1525.0000000000
1066 -1524.0000000000
1074 -1523.0000000000
1082 -1520.0000000000
1109 -1519.0000000000
1110 -1518.0000000000
1124 -1516.0000000000
1129 -1515.0000000000
1147 -1513.0000000000
1191 -1510.0000000000
1220 -1509.0000000000
1244 -1508.0000000000
1254 -1507.0000000000
1259 -1506.0000000000
1264 -1505.0000000000
1291 -1504.0000000000
1308 -1503.0000000000
1318 -1501.0000000000
1325 -1500.0000000000
1368 -1499.0000000000
1379 -1497.0000000000
1387 -1495.0000000000
1405 -1494.0000000000
1415 -1493.0000000000
1450 -1492.0000000000
1459 -1490.0000000000
1472 -1486.0000000000
1488 -1480.0000000000
1516 -1477.0000000000
1540 -1476.0000000000
1584 -1475.0000000000
1592 -1474.0000000000
1594 -1471.0000000000
1605 -1468.0000000000
1658 -1467.0000000000
1661 -1463.0000000000
1670 -1462.0000000000
1711 -1460.0000000000
1717 -1459.0000000000
1722 -1458.0000000000
1746 -1456.0000000000
1751 -1455.0000000000
1774 -1451.0000000000
1791 -1450.0000000000
1809 -1448.0000000000
1843 -1446.0000000000
1871 -1444.0000000000
1897 -1443.0000000000
1936 -1441.0000000000
1944 -1439.0000000000
1962 -1437.0000000000
1976 -1435.0000000000
1989 -1434.0000000000
2016 -1433.0000000000
2033 -1432.0000000000
2043 -1431.0000000000
2044 -1429.0000000000
2075 -1426.0000000000
2109 -1424.0000000000
2122 -1421.0000000000
2159 -1420.0000000000
2182 -1417.0000000000
2217 -1416.0000000000
2219 -1415.0000000000
2247 -1414.0000000000
2263 -1410.0000000000
2312 -1408.0000000000
2339 -1407.0000000000
2366 -1404.0000000000
2376 -1401.0000000000
2408 -1399.0000000000
2422 -1396.0000000000
2423 -1393.0000000000
2498 -1391.0000000000
2504 -1390.0000000000
2513 -1389.0000000000
2525 -1387.0000000000
2575 -1385.0000000000
2592 -1384.0000000000
2603 -1383.0000000000
2622 -1382.0000000000
2642 -1381.0000000000
2660 -1378.0000000000
2661 -1377.0000000000
2689 -1376.0000000000
2700 -1372.0000000000
2736 -1371.0000000000
2747 -1370.0000000000
2759 -1369.0000000000
2771 -1368.0000000000
2793 -1367.0000000000
2812 -1366.0000000000
2816 -1365.0000000000
2819 -1363.0000000000
2841 -1362.0000000000
2879 -1361.0000000000
2883 -1359.0000000000
2884 -1358.0000000000
2896 -1357.0000000000
2901 -1356.0000000000
2919 -1353.0000000000
2947 -1350.0000000000
2990 -1349.0000000000
2993 -1348.0000000000
3006 -1347.0000000000
3012 -1345.0000000000
3025 -1344.0000000000
3048 -1343.0000000000
3068 -1342.0000000000
3070 -1341.0000000000
3072 -1340.0000000000
3101 -1339.0000000000
3122 -1336.0000000000
3162 -1333.0000000000
3187 -1332.0000000000
3207 -1330.0000000000
3234 -1329.0000000000
3242 -1328.0000000000
3263 -1327.0000000000
3281 -1325.0000000000
3293 -1323.0000000000
3302 -1322.0000000000
3317 -1321.0000000000
3325 -1320.0000000000
3347 -1318.0000000000
3369 -1315.0000000000
3387 -1314.0000000000
3415 -1313.0000000000
3421 -1312.0000000000
3442 -1309.0000000000
3466 -1308.0000000000
3492 -1306.0000000000
3527 -1305.0000000000
3544 -1303.0000000000
3545 -1302.0000000000
3579 -1299.0000000000
3601 -1297.0000000000
3612 -1296.0000000000
3645 -1295.0000000000
3661 -1294.0000000000
3683 -1291.0000000000
3716 -1289.0000000000
3741 -1286.0000000000
3769 -1284.0000000000
3803 -1282.0000000000
3829 -1281.0000000000
3840 -1280.0000000000
3843 -1279.0000000000
3853 -1278.0000000000
3894 -1274.0000000000
3922 -1271.0000000000
3952 -1269.0000000000
3974 -1268.0000000000
4010 -1267.0000000000
4013 -1266.0000000000
4034 -1264.0000000000
4042 -1263.0000000000
4062 -1260.0000000000
4099 -1259.0000000000
4109 -1258.0000000000
4111 -1257.0000000000
4134 -1256.0000000000
4146 -1253.0000000000
4183 -1252.0000000000
4230 -1251.0000000000
4236 -1249.0000000000
4243 -1248.0000000000
4259 -1246.0000000000
4269 -1245.0000000000
4311 -1242.0000000000
4319 -1241.0000000000
4358 -1240.0000000000
4361 -1238.0000000000
4370 -1235.0000000000
4407 -1234.0000000000
4428 -1231.0000000000
4457 -1230.0000000000
4487 -1229.0000000000
4504 -1228.0000000000
4513 -1227.0000000000
4517 -1226.0000000000
4541 -1224.0000000000
4551 -1222.0000000000
4585 -1220.0000000000
4618 -1216.0000000000
4682 -1213.0000000000
4695 -1211.0000000000
4711 -1210.0000000000
4730 -1209.0000000000
4743 -1208.0000000000
4749 -1207.0000000000
4764 -1206.0000000000
4803 -1203.0000000000
4831 -1202.0000000000
4877 -1201.0000000000
4883 -1200.0000000000
4896 -1199.0000000000
4904 -1198.0000000000
4913 -1197.0000000000
4964 -1196.0000000000
4969 -1195.0000000000
4973 -1194.0000000000
5009 -1192.0000000000
5026 -1191.0000000000
5028 -1188.0000000000
5042 -1187.0000000000
5062 -1185.0000000000
5122 -1184.0000000000
5126 -1183.0000000000
5127 -1182.0000000000
5152 -1181.0000000000
5182 -1180.0000000000
5184 -1179.0000000000
5193 -1178.0000000000
5208 -1177.0000000000
5212 -1176.0000000000
5224 -1173.0000000000
5250 -1171.0000000000
5291 -1170.0000000000
5292 -1169.0000000000
5294 -1168.0000000000
5303 -1167.0000000000
5315 -1166.0000000000
5323 -1165.0000000000
5329 -1164.0000000000
5333 -1163.0000000000
5363 -1159.0000000000
5441 -1157.0000000000
5463 -1156.0000000000
5485 -1155.0000000000
5499 -1154.0000000000
5522 -1153.0000000000
5526 -1148.0000000000
5557 -1147.0000000000
5582 -1143.0000000000
5624 -1140.0000000000
5640 -1139.0000000000
5648 -1138.0000000000
5661 -1137.0000000000
5725 -1135.0000000000
5737 -1132.0000000000
5764 -1131.0000000000
5783 -1130.0000000000
5786 -1129.0000000000
5841 -1128.0000000000
5846 -1123.0000000000
5913 -1122.0000000000
5928 -1121.0000000000
5929 -1120.0000000000
5961 -1119.0000000000
5988 -1118.0000000000
6003 -1117.0000000000
6026 -1115.0000000000
6044 -1114.0000000000
6079 -1113.0000000000
6103 -1111.0000000000
6122 -1110.0000000000
6146 -1108.0000000000
6170 -1104.0000000000
6202 -1098.0000000000
6294 -1095.0000000000
6310 -1091.0000000000
6349 -1090.0000000000
6391 -1089.0000000000
6410 -1086.0000000000
6427 -1084.0000000000
6473 -1083.0000000000
6475 -1079.0000000000
6482 -1078.0000000000
6510 -1077.0000000000
6521 -1075.0000000000
6546 -1074.0000000000
6558 -1073.0000000000
6569 -1072.0000000000
6586 -1070.0000000000
6618 -1067.0000000000
6640 -1064.0000000000
6681 -1063.0000000000
6701 -1062.0000000000
6705 -1059.0000000000
6754 -1058.0000000000
6778 -1057.0000000000
6790 -1056.0000000000
6821 -1055.0000000000
6831 -1054.0000000000
6846 -1053.0000000000
6854 -1052.0000000000
6861 -1050.0000000000
6873 -1049.0000000000
6892 -1048.0000000000
6904 -1046.0000000000
6927 -1044.0000000000
6951 -1042.0000000000
6972 -1041.0000000000
6992 -1040.0000000000
7005 -1039.0000000000
7014 -1038.0000000000
7040 -1036.0000000000
7045 -1034.0000000000
7067 -1033.0000000000
7113 -1032.0000000000
7130 -1028.0000000000
7148 -1027.0000000000
7181 -1026.0000000000
7213 -1025.0000000000
7219 -1024.0000000000
7244 -1023.0000000000
7248 -1022.0000000000
7255 -1021.0000000000
7261 -1020.0000000000
7282 -1017.0000000000
7303 -1014.0000000000
7332 -1013.0000000000
7361 -1011.0000000000
7381 -1010.0000000000
7396 -1009.0000000000
7399 -1008.0000000000
7414 -1007.0000000000
7424 -1004.0000000000
7474 -1001.0000000000
7489 -1000.0000000000
7523 -998.0000000000
7553 -997.0000000000
7563 -996.0000000000
7583 -995.0000000000
7601 -991.0000000000
7659 -990.0000000000
7664 -989.0000000000
7698 -988.0000000000
7710 -986.0000000000
7743 -984.0000000000
7763 -983.0000000000
7783 -982.0000000000
7788 -981.0000000000
7811 -979.0000000000
7825 -978.0000000000
7845 -977.0000000000
7855 -976.0000000000
7876 -975.0000000000
7890 -974.0000000000
7902 -973.0000000000
7919 -972.0000000000
7937 -970.0000000000
7943 -968.0000000000
7965 -964.0000000000
7984 -963.0000000000
8027 -962.0000000000
8062 -958.0000000000
8134 -956.0000000000
8145 -955.0000000000
8165 -949.0000000000
8204 -948.0000000000
8234 -946.0000000000
8239 -945.0000000000
8306 -943.0000000000
8357 -941.0000000000
8371 -940.0000000000
8397 -939.0000000000
8434 -937.0000000000
8464 -936.0000000000
8507 -935.0000000000
8512 -934.0000000000
8521 -932.0000000000
8559 -931.0000000000
8585 -930.0000000000
8602 -928.0000000000
8642 -927.0000000000
8676 -924.0000000000
8703 -923.0000000000
8723 -922.0000000000
8725 -921.0000000000
8743 -919.0000000000
8752 -918.0000000000
8813 -917.0000000000
8822 -916.0000000000
8840 -914.0000000000
8869 -911.0000000000
8911 -910.0000000000
8922 -907.0000000000
8932 -906.0000000000
8943 -904.0000000000
8962 -902.0000000000
9018 -901.0000000000
9024 -900.0000000000
9032 -899.0000000000
9083 -898.0000000000
9107 -897.0000000000
9112 -895.0000000000
9137 -894.0000000000
9146 -893.0000000000
9186 -892.0000000000
9206 -890.0000000000
9233 -889.0000000000
9246 -888.0000000000
9269 -886.0000000000
9288 -884.0000000000
9333 -883.0000000000
9357 -882.0000000000
9369 -880.0000000000
9404 -879.0000000000
9413 -877.0000000000
9454 -876.0000000000
9480 -874.0000000000
9483 -873.0000000000
9527 -871.0000000000
9565 -870.0000000000
9568 -867.0000000000
9587 -866.0000000000
9616 -864.0000000000
9652 -861.0000000000
9666 -859.0000000000
9714 -857.0000000000
9721 -856.0000000000
9753 -854.0000000000
9770 -853.0000000000
9784 -852.0000000000
9795 -851.0000000000
9821 -850.0000000000
9835 -849.0000000000
9853 -847.0000000000
9864 -846.0000000000
9918 -845.0000000000
9954 -844.0000000000
9956 -843.0000000000
9987 -842.0000000000
10012 -841.0000000000
10024 -837.0000000000
10068 -836.0000000000
10078 -835.0000000000
10108 -832.0000000000
10158 -831.0000000000
10172 -830.0000000000
10219 -829.0000000000
10221 -828.0000000000
10223 -826.0000000000
10261 -825.0000000000
10262 -824.0000000000
10298 -823.0000000000
10338 -822.0000000000
10365 -821.0000000000
10387 -818.0000000000
10411 -817.0000000000
10427 -815.0000000000
10462 -813.0000000000
10499 -812.0000000000
10521 -811.0000000000
10559 -806.0000000000
10584 -805.0000000000
10611 -804.0000000000
10613 -803.0000000000
10628 -797.0000000000
10701 -796.0000000000
10704 -795.0000000000
10732 -792.0000000000
10748 -791.0000000000
10786 -790.0000000000
10808 -789.0000000000
10826 -788.0000000000
10844 -785.0000000000
10878 -784.0000000000
10892 -782.0000000000
10919 -781.0000000000
10928 -780.0000000000
10950 -779.0000000000
10959 -778.0000000000
10970 -777.0000000000
10995 -776.0000000000
11016 -774.0000000000
11043 -772.0000000000
11061 -769.0000000000
11113 -768.0000000000
11121 -767.0000000000
11155 -765.0000000000
11160 -763.0000000000
11181 -762.0000000000
11208 -761.0000000000
11213 -758.0000000000
11250 -756.0000000000
11290 -755.0000000000
11315 -754.0000000000
11322 -751.0000000000
11341 -749.0000000000
11387 -748.0000000000
11424 -747.0000000000
11461 -746.0000000000
11479 -745.0000000000
11489 -743.0000000000
11502 -742.0000000000
11555 -741.0000000000
11566 -740.0000000000
11584 -738.0000000000
11642 -736.0000000000
11650 -735.0000000000
11681 -731.0000000000
11726 -730.0000000000
11748 -724.0000000000
11832 -723.0000000000
11874 -722.0000000000
11904 -720.0000000000
11925 -719.0000000000
11934 -718.0000000000
11939 -717.0000000000
11968 -715.0000000000
11986 -714.0000000000
12011 -712.0000000000
12042 -711.0000000000
12060 -707.0000000000
12102 -705.0000000000
12123 -704.0000000000
12148 -702.0000000000
12166 -701.0000000000
12224 -698.0000000000
12244 -695.0000000000
12294 -693.0000000000
12328 -691.0000000000
12373 -690.0000000000
12381 -688.0000000000
12460 -687.0000000000
12497 -686.0000000000
12520 -685.0000000000
12532 -683.0000000000
12564 -681.0000000000
12610 -680.0000000000
12620 -679.0000000000
12638 -678.0000000000
12650 -677.0000000000
12656 -674.0000000000
12691 -672.0000000000
12719 -671.0000000000
12731 -670.0000000000
12764 -669.0000000000
12769 -668.0000000000
12792 -666.0000000000
12830 -665.0000000000
12859 -664.0000000000
12862 -663.0000000000
12893 -662.0000000000
12925 -660.0000000000
12958 -659.0000000000
12966 -658.0000000000
12975 -655.0000000000
13034 -653.0000000000
13059 -652.0000000000
13086 -651.0000000000
13096 -650.0000000000
13143 -648.0000000000
13146 -647.0000000000
13178 -646.0000000000
13184 -645.0000000000
13216 -644.0000000000
13228 -642.0000000000
13280 -641.0000000000
13305 -640.0000000000
13341 -638.0000000000
13401 -637.0000000000
13413 -636.0000000000
13426 -635.0000000000
13427 -633.0000000000
13446 -631.0000000000
13477 -630.0000000000
13488 -629.0000000000
13504 -627.0000000000
13526 -626.0000000000
13562 -625.0000000000
13605 -624.0000000000
13612 -623.0000000000
13621 -622.0000000000
13628 -619.0000000000
13684 -618.0000000000
13725 -617.0000000000
13762 -614.0000000000
13781 -613.0000000000
13819 -612.0000000000
13840 -611.0000000000
13865 -609.0000000000
13882 -606.0000000000
13902 -605.0000000000
13925 -604.0000000000
13950 -603.0000000000
13958 -600.0000000000
14015 -596.0000000000
14090 -595.0000000000
14122 -594.0000000000
14142 -593.0000000000
14143 -592.0000000000
14174 -591.0000000000
14185 -590.0000000000
14235 -589.0000000000
14243 -586.0000000000
14266 -584.0000000000
14319 -582.0000000000
14350 -581.0000000000
14361 -580.0000000000
14405 -579.0000000000
14412 -578.0000000000
14441 -577.0000000000
14462 -576.0000000000
14484 -575.0000000000
14509 -574.0000000000
14511 -571.0000000000
14566 -570.0000000000
14587 -569.0000000000
14593 -568.0000000000
14608 -566.0000000000
14650 -564.0000000000
14703 -563.0000000000
14727 -562.0000000000
14747 -561.0000000000
14767 -560.0000000000
14784 -558.0000000000
14822 -557.0000000000
14834 -556.0000000000
14857 -555.0000000000
14878 -554.0000000000
14890 -552.0000000000
14942 -551.0000000000
14945 -550.0000000000
14990 -548.0000000000
15059 -547.0000000000
15080 -546.0000000000
15104 -543.0000000000
15161 -541.0000000000
15185 -540.0000000000
15201 -538.0000000000
15225 -537.0000000000
15228 -536.0000000000
15267 -535.0000000000
15293 -534.0000000000
15324 -531.0000000000
15338 -530.0000000000
15367 -529.0000000000
15396 -528.0000000000
15399 -527.0000000000
15413 -526.0000000000
15422 -525.0000000000
15431 -524.0000000000
15457 -523.0000000000
15484 -522.0000000000
15505 -521.0000000000
15511 -520.0000000000
15532 -519.0000000000
15562 -518.0000000000
15593 -515.0000000000
15604 -514.0000000000
15653 -513.0000000000
15678 -512.0000000000
15680 -511.0000000000
15687 -510.0000000000
15718 -509.0000000000
15725 -508.0000000000
15735 -506.0000000000
15761 -504.0000000000
15840 -502.0000000000
15844 -501.0000000000
15865 -500.0000000000
15875 -499.0000000000
15900 -496.0000000000
15982 -495.0000000000
15989 -494.0000000000
16019 -493.0000000000
16032 -492.0000000000
16075 -489.0000000000
16130 -488.0000000000
16165 -487.0000000000
16182 -481.0000000000
16247 -476.0000000000
16309 -475.0000000000
16321 -474.0000000000
16355 -473.0000000000
16402 -472.0000000000
16442 -471.0000000000
16443 -469.0000000000
16501 -467.0000000000
16517 -466.0000000000
16546 -465.0000000000
16645 -464.0000000000
16660 -463.0000000000
16689 -462.0000000000
16707 -461.0000000000
16733 -460.0000000000
16746 -457.0000000000
16847 -456.0000000000
16883 -454.0000000000
16908 -453.0000000000
16943 -452.0000000000
16955 -451.0000000000
16994 -450.0000000000
17032 -449.0000000000
17065 -444.0000000000
17158 -443.0000000000
17186 -442.0000000000
17209 -441.0000000000
17261 -440.0000000000
17264 -439.0000000000
17289 -438.0000000000
17312 -435.0000000000
17385 -433.0000000000
17407 -431.0000000000
17462 -430.0000000000
17514 -428.0000000000
17548 -427.0000000000
17563 -426.0000000000
17601 -425.0000000000
17607 -424.0000000000
17644 -423.0000000000
17654 -421.0000000000
17673 -420.0000000000
17708 -417.0000000000
17713 -416.0000000000
17755 -414.0000000000
17771 -412.0000000000
17802 -411.0000000000
17836 -410.0000000000
17837 -409.0000000000
17860 -408.0000000000
17863 -406.0000000000
17942 -405.0000000000
17958 -404.0000000000
17961 -403.0000000000
18014 -402.0000000000
18021 -401.0000000000
18043 -400.0000000000
18103 -398.0000000000
18124 -397.0000000000
18138 -395.0000000000
18168 -394.0000000000
18187 -392.0000000000
18218 -391.0000000000
18263 -389.0000000000
18305 -387.0000000000
18362 -386.0000000000
18386 -385.0000000000
18403 -384.0000000000
18426 -383.0000000000
18450 -382.0000000000
18466 -381.0000000000
18521 -380.0000000000
18541 -379.0000000000
18583 -377.0000000000
18591 -376.0000000000
18633 -374.0000000000
18671 -372.0000000000
18704 -371.0000000000
18769 -370.0000000000
18844 -367.0000000000
18913 -366.0000000000
18961 -362.0000000000
19012 -360.0000000000
19046 -359.0000000000
19081 -358.0000000000
19122 -357.0000000000
19159 -353.0000000000
19213 -351.0000000000
19275 -350.0000000000
19328 -349.0000000000
19343 -348.0000000000
19359 -347.0000000000
19391 -346.0000000000
19393 -345.0000000000
19442 -343.0000000000
19467 -342.0000000000
19523 -339.0000000000
19581 -338.0000000000
19621 -337.0000000000
19636 -336.0000000000
19668 -335.0000000000
19710 -334.0000000000
19716 -333.0000000000
19757 -331.0000000000
19797 -329.0000000000
19854 -328.0000000000
19868 -327.0000000000
19962 -326.0000000000
19995 -325.0000000000
20023 -324.0000000000
20068 -322.0000000000
20075 -321.0000000000
20168 -320.0000000000
20186 -318.0000000000
20211 -317.0000000000
20294 -316.0000000000
20305 -314.0000000000
20369 -312.0000000000
20419 -310.0000000000
20439 -308.0000000000
20446 -307.0000000000
20522 -306.0000000000
20565 -305.0000000000
20604 -301.0000000000
20747 -298.0000000000
20926 -297.0000000000
20942 -294.0000000000
20983 -293.0000000000
21013 -292.0000000000
21022 -291.0000000000
21050 -290.0000000000
21080 -289.0000000000
21124 -288.0000000000
21159 -287.0000000000
21172 -286.0000000000
21205 -283.0000000000
21316 -281.0000000000
21353 -279.0000000000
21393 -278.0000000000
21431 -277.0000000000
21513 -274.0000000000
21523 -270.0000000000
21630 -269.0000000000
21661 -268.0000000000
21681 -267.0000000000
21741 -266.0000000000
21823 -265.0000000000
21837 -263.0000000000
21863 -262.0000000000
21922 -261.0000000000
21954 -260.0000000000
21964 -259.0000000000
22028 -258.0000000000
22043 -257.0000000000
22101 -256.0000000000
22102 -254.0000000000
22130 -253.0000000000
22168 -252.0000000000
22187 -249.0000000000
22246 -248.0000000000
22278 -247.0000000000
22343 -244.0000000000
22413 -243.0000000000
22454 -241.0000000000
22463 -240.0000000000
22523 -239.0000000000
22577 -237.0000000000
22596 -236.0000000000
22671 -235.0000000000
22701 -233.0000000000
22759 -231.0000000000
22789 -229.0000000000
22868 -228.0000000000
22892 -227.0000000000
22966 -226.0000000000
23038 -225.0000000000
23075 -224.0000000000
23082 -221.0000000000
23124 -220.0000000000
23198 -219.0000000000
23238 -218.0000000000
23248 -217.0000000000
23253 -216.0000000000
23317 -215.0000000000
23348 -214.0000000000
23377 -213.0000000000
23388 -212.0000000000
23399 -211.0000000000
23447 -210.0000000000
23449 -209.0000000000
23472 -207.0000000000
23491 -205.0000000000
23555 -204.0000000000
23595 -202.0000000000
23633 -200.0000000000
23640 -199.0000000000
23682 -198.0000000000
23689 -197.0000000000
23722 -196.0000000000
23754 -193.0000000000
23826 -192.0000000000
23850 -190.0000000000
23887 -189.0000000000
23915 -188.0000000000
23920 -187.0000000000
23965 -185.0000000000
23969 -184.0000000000
23993 -183.0000000000
24058 -182.0000000000
24091 -181.0000000000
24119 -180.0000000000
24123 -179.0000000000
24161 -178.0000000000
24182 -177.0000000000
24200 -176.0000000000
24225 -175.0000000000
24262 -173.0000000000
24309 -172.0000000000
24327 -171.0000000000
24356 -170.0000000000
24368 -169.0000000000
24425 -168.0000000000
24453 -167.0000000000
24528 -166.0000000000
24619 -165.0000000000
24633 -164.0000000000
24712 -163.0000000000
24722 -162.0000000000
24738 -161.0000000000
24813 -158.0000000000
24966 -157.0000000000
25022 -156.0000000000
25074 -155.0000000000
25094 -154.0000000000
25151 -151.0000000000
25273 -150.0000000000
25314 -149.0000000000
25344 -148.0000000000
25407 -147.0000000000
25474 -145.0000000000
25548 -144.0000000000
25600 -143.0000000000
25664 -142.0000000000
25681 -141.0000000000
25707 -140.0000000000
25723 -139.0000000000
25761 -138.0000000000
25821 -137.0000000000
25823 -134.0000000000
25912 -133.0000000000
25932 -132.0000000000
25973 -131.0000000000
25974 -129.0000000000
26008 -127.0000000000
26081 -126.0000000000
26125 -124.0000000000
26224 -123.0000000000
26261 -122.0000000000
26280 -121.0000000000
26297 -120.0000000000
26339 -119.0000000000
26367 -118.0000000000
26421 -117.0000000000
26526 -115.0000000000
26642 -113.0000000000
26714 -110.0000000000
26748 -109.0000000000
26770 -107.0000000000
26863 -106.0000000000
26950 -105.0000000000
26973 -103.0000000000
27042 -102.0000000000
27160 -101.0000000000
27175 -100.0000000000
27234 -99.0000000000
27254 -98.0000000000
27300 -97.0000000000
27347 -96.0000000000
27372 -95.0000000000
27412 -94.0000000000
27425 -92.0000000000
27493 -91.0000000000
27507 -90.0000000000
27542 -89.0000000000
27607 -88.0000000000
27654 -87.0000000000
27724 -85.0000000000
27820 -84.0000000000
27872 -83.0000000000
27962 -82.0000000000
27972 -81.0000000000
27987 -80.0000000000
28001 -79.0000000000
28048 -78.0000000000
28061 -77.0000000000
28125 -74.0000000000
28154 -73.0000000000
28243 -72.0000000000
28287 -70.0000000000
28462 -69.0000000000
28472 -68.0000000000
28526 -67.0000000000
28598 -66.0000000000
28674 -65.0000000000
28695 -62.0000000000
28702 -61.0000000000
28805 -60.0000000000
28866 -59.0000000000
28935 -58.0000000000
28965 -56.0000000000
29113 -54.0000000000
29145 -53.0000000000
29191 -52.0000000000
29222 -51.0000000000
29284 -50.0000000000
29322 -49.0000000000
29334 -48.0000000000
29372 -47.0000000000
29430 -45.0000000000
29452 -44.0000000000
29482 -43.0000000000
29535 -42.0000000000
29558 -41.0000000000
29635 -40.0000000000
29659 -39.0000000000
29777 -38.0000000000
29881 -37.0000000000
29947 -36.0000000000
29997 -35.0000000000
30048 -34.0000000000
30114 -33.0000000000
30181 -31.0000000000
30263 -30.0000000000
30372 -29.0000000000
30376 -28.0000000000
30541 -26.0000000000
30588 -25.0000000000
30639 -24.0000000000
30712 -23.0000000000
30786 -22.0000000000
30803 -21.0000000000
30858 -20.0000000000
30888 -19.0000000000
30933 -17.0000000000
31063 -16.0000000000
31071 -14.0000000000
31267 -13.0000000000
31288 -12.0000000000
31318 -11.0000000000
31335 -9.0000000000
31434 -8.0000000000
31483 -6.0000000000
31624 -5.0000000000
31645 -4.0000000000
31789 -3.0000000000
31824 -2.0000000000
31917 -1.0000000000
31926 608.3400000000
32003 629.4700000000
32095 634.6900000000
32339 646.4000000000
32531 647.5000000000
33425 713.9200000000
33645 716.2400000000
33663 722.6600000000
33752 722.8200000000
33790 733.0800000000
33896 748.9500000000
34072 749.1200000000
34159 752.8400000000
34214 758.9300000000
34422 769.0800000000
34484 771.2300000000
34488 781.1800000000
34938 781.5900000000
35151 798.3000000000
36546 843.6800000000
36570 879.8800000000
36668 881.7900000000
36864 882.5600000000
36899 884.4400000000
37006 897.3500000000
38977 908.1700000000
39112 942.4300000000
39423 943.0800000000
39435 952.5300000000
40038 956.1800000000
40039 957.1200000000
40808 957.3200000000
40955 957.7300000000
41215 962.6700000000
42236 965.3100000000
45714 966.9200000000
46601 973.6000000000
46636 1001.7900000000
46666 1003.1500000000
46703 1024.4200000000
46812 1028.0700000000
46946 1032.2000000000
47099 1036.4500000000
47144 1037.3800000000
47243 1044.6400000000
48782 1044.9100000000
50247 1056.0500000000
50544 1066.2900000000
50603 1068.7000000000
50670 1073.5500000000
50722 1075.5400000000
50766 1078.2600000000
51140 1079.8600000000
51171 1093.0900000000
54399 1095.1800000000
54599 1108.4300000000
55204 1118.4400000000
56540 1120.6700000000
58353 1122.7900000000
59431 1186.8000000000
59681 1190.4000000000
59756 1193.5400000000
59787 1193.9100000000
59810 1199.3000000000
60538 1213.4100000000
83530 1215.5400000000
87002 1216.5000000000
90148 1219.3700000000
94618 1225.8800000000
99814 1227.3000000000
100000 -1.0000000000
evaluations raw_y
1 -1945.0000000000
2 -1867.0000000000
10 -1843.0000000000
32 -1831.0000000000
46 -1815.0000000000
81 -1798.0000000000
105 -1795.0000000000
112 -1785.0000000000
124 -1781.0000000000
133 -1777.0000000000
146 -1776.0000000000
150 -1774.0000000000
159 -1773.0000000000
161 -1772.0000000000
163 -1764.0000000000
194 -1758.0000000000
200 -1756.0000000000
201 -1755.0000000000
215 -1745.0000000000
222 -1743.0000000000
245 -1742.0000000000
248 -1740.0000000000
266 -1738.0000000000
277 -1732.0000000000
287 -1728.0000000000
300 -1725.0000000000
326 -1722.0000000000
328 -1720.0000000000
331 -1719.0000000000
348 -1718.0000000000
365 -1714.0000000000
383 -1713.0000000000
393 -1707.0000000000
443 -1699.0000000000
470 -1698.0000000000
471 -1697.0000000000
479 -1693.0000000000
499 -1689.0000000000
521 -1687.0000000000
562 -1686.0000000000
581 -1685.0000000000
586 -1683.0000000000
605 -1681.0000000000
632 -1678.0000000000
651 -1677.0000000000
665 -1675.0000000000
666 -1673.0000000000
694 -1671.0000000000
705 -1670.0000000000
712 -1669.0000000000
729 -1666.0000000000
747 -1662.0000000000
769 -1660.0000000000
781 -1659.0000000000
799 -1658.0000000000
806 -1655.0000000000
849 -1652.0000000000
852 -1649.0000000000
868 -1648.0000000000
893 -1646.0000000000
921 -1639.0000000000
957 -1635.0000000000
998 -1633.0000000000
1024 -1630.0000000000
1048 -1629.0000000000
1079 -1628.0000000000
1081 -1626.0000000000
1108 -1625.0000000000
1146 -1624.0000000000
1151 -1621.0000000000
1167 -1619.0000000000
1191 -1618.0000000000
1202 -1616.0000000000
1227 -1615.0000000000
1230 -1614.0000000000
1259 -1612.0000000000
1270 -1611.0000000000
1286 -1609.0000000000
1294 -1608.0000000000
1321 -1607.0000000000
1343 -1606.0000000000
1347 -1604.0000000000
1363 -1603.0000000000
1366 -1599.0000000000
1382 -1598.0000000000
1418 -1595.0000000000
1434 -1593.0000000000
1443 -1592.0000000000
1470 -1591.0000000000
1494 -1590.0000000000
1495 -1589.0000000000
1520 -1588.0000000000
1530 -1586.0000000000
1544 -1585.0000000000
1546 -1582.0000000000
1583 -1581.0000000000
1592 -1580.0000000000
1601 -1579.0000000000
1635 -1575.0000000000
1655 -1574.0000000000
1661 -1573.0000000000
1701 -1572.0000000000
1704 -1570.0000000000
1710 -1569.0000000000
1733 -1568.0000000000
1755 -1565.0000000000
1785 -1564.0000000000
1788 -1562.0000000000
1830 -1560.0000000000
1842 -1558.0000000000
1864 -1556.0000000000
1878 -1555.0000000000
1899 -1554.0000000000
1908 -1551.0000000000
1946 -1547.0000000000
1998 -1546.0000000000
2026 -1544.0000000000
2041 -1542.0000000000
2060 -1541.0000000000
2070 -1540.0000000000
2074 -1539.0000000000
2089 -1535.0000000000
2119 -1534.0000000000
2121 -1532.0000000000
2151 -1531.0000000000
2179 -1530.0000000000
2193 -1528.0000000000
2210 -1525.0000000000
2228 -1524.0000000000
2235 -1522.0000000000
2249 -1521.0000000000
2274 -1518.0000000000
2321 -1515.0000000000
2343 -1514.0000000000
2361 -1513.0000000000
2388 -1511.0000000000
2404 -1510.0000000000
2433 -1508.0000000000
2454 -1506.0000000000
2461 -1505.0000000000
2505 -1503.0000000000
2523 -1501.0000000000
2541 -1499.0000000000
2565 -1497.0000000000
2589 -1496.0000000000
2607 -1494.0000000000
2622 -1492.0000000000
2650 -1491.0000000000
2659 -1490.0000000000
2681 -1489.0000000000
2683 -1487.0000000000
2692 -1485.0000000000
2714 -1484.0000000000
2724 -1483.0000000000
2738 -1482.0000000000
2773 -1479.0000000000
2818 -1476.0000000000
2832 -1475.0000000000
2851 -1474.0000000000
2859 -1471.0000000000
2862 -1470.0000000000
2882 -1468.0000000000
2930 -1467.0000000000
2932 -1466.0000000000
2936 -1465.0000000000
2950 -1464.0000000000
2964 -1463.0000000000
2987 -1462.0000000000
2998 -1461.0000000000
3003 -1460.0000000000
3028 -1459.0000000000
3048 -1458.0000000000
3065 -1457.0000000000
3079 -1456.0000000000
3092 -1451.0000000000
3123 -1450.0000000000
3148 -1448.0000000000
3182 -1447.0000000000
3195 -1446.0000000000
3211 -1445.0000000000
3221 -1444.0000000000
3225 -1442.0000000000
3244 -1441.0000000000
3261 -1439.0000000000
3300 -1437.0000000000
3302 -1436.0000000000
3329 -1435.0000000000
3342 -1434.0000000000
3369 -1433.0000000000
3381 -1431.0000000000
3387 -1430.0000000000
3395 -1428.0000000000
3423 -1426.0000000000
3428 -1425.0000000000
3461 -1423.0000000000
3471 -1422.0000000000
3494 -1421.0000000000
3509 -1420.0000000000
3527 -1419.0000000000
3529 -1417.0000000000
3556 -1416.0000000000
3566 -1414.0000000000
3580 -1412.0000000000
3605 -1411.0000000000
3609 -1406.0000000000
3625 -1405.0000000000
3645 -1400.0000000000
3662 -1399.0000000000
3702 -1398.0000000000
3730 -1394.0000000000
3745 -1393.0000000000
3776 -1389.0000000000
3786 -1383.0000000000
3816 -1382.0000000000
3844 -1380.0000000000
3884 -1379.0000000000
3891 -1378.0000000000
3903 -1377.0000000000
3926 -1374.0000000000
3963 -1373.0000000000
3983 -1371.0000000000
4005 -1369.0000000000
4009 -1367.0000000000
4031 -1365.0000000000
4069 -1364.0000000000
4079 -1363.0000000000
4083 -1362.0000000000
4122 -1358.0000000000
4143 -1357.0000000000
4175 -1356.0000000000
4187 -1355.0000000000
4205 -1353.0000000000
4207 -1352.0000000000
4236 -1350.0000000000
4247 -1349.0000000000
4262 -1348.0000000000
4264 -1347.0000000000
4294 -1346.0000000000
4312 -1345.0000000000
4326 -1344.0000000000
4340 -1341.0000000000
4342 -1339.0000000000
4364 -1336.0000000000
4406 -1335.0000000000
4433 -1332.0000000000
4470 -1331.0000000000
4521 -1330.0000000000
4524 -1329.0000000000
4541 -1327.0000000000
4556 -1325.0000000000
4592 -1323.0000000000
4601 -1322.0000000000
4606 -1321.0000000000
4618 -1320.0000000000
4648 -1319.0000000000
4655 -1318.0000000000
4682 -1316.0000000000
4699 -1315.0000000000
4706 -1314.0000000000
4725 -1313.0000000000
4745 -1312.0000000000
4764 -1311.0000000000
4768 -1310.0000000000
4772 -1308.0000000000
4795 -1306.0000000000
4830 -1305.0000000000
4832 -1304.0000000000
4863 -1302.0000000000
4880 -1301.0000000000
4887 -1300.0000000000
4904 -1299.0000000000
4934 -1297.0000000000
4955 -1296.0000000000
4967 -1294.0000000000
4975 -1292.0000000000
4995 -1290.0000000000
4996 -1288.0000000000
5031 -1287.0000000000
5068 -1286.0000000000
5072 -1285.0000000000
5076 -1284.0000000000
5083 -1283.0000000000
5101 -1282.0000000000
5102 -1281.0000000000
5130 -1278.0000000000
5177 -1277.0000000000
5181 -1276.0000000000
5206 -1273.0000000000
5235 -1272.0000000000
5246 -1267.0000000000
5284 -1264.0000000000
5292 -1263.0000000000
5328 -1261.0000000000
5334 -1260.0000000000
5380 -1257.0000000000
5419 -1256.0000000000
5430 -1255.0000000000
5445 -1251.0000000000
5464 -1249.0000000000
5500 -1248.0000000000
5509 -1247.0000000000
5522 -1246.0000000000
5542 -1243.0000000000
5588 -1241.0000000000
5619 -1239.0000000000
5639 -1236.0000000000
5668 -1235.0000000000
5669 -1234.0000000000
5682 -1231.0000000000
5725 -1230.0000000000
5760 -1229.0000000000
5761 -1228.0000000000
5782 -1227.0000000000
5787 -1225.0000000000
5830 -1223.0000000000
5853 -1222.0000000000
5857 -1221.0000000000
5874 -1220.0000000000
5900 -1218.0000000000
5901 -1216.0000000000
5938 -1215.0000000000
5963 -1213.0000000000
5984 -1210.0000000000
6006 -1208.0000000000
6023 -1205.0000000000
6075 -1204.0000000000
6088 -1203.0000000000
6124 -1202.0000000000
6127 -1198.0000000000
6150 -1197.0000000000
6155 -1195.0000000000
6185 -1193.0000000000
6187 -1191.0000000000
6231 -1190.0000000000
6241 -1188.0000000000
6266 -1187.0000000000
6293 -1186.0000000000
6298 -1184.0000000000
6324 -1183.0000000000
6331 -1181.0000000000
6343 -1177.0000000000
6353 -1176.0000000000
6388 -1174.0000000000
6390 -1172.0000000000
6436 -1168.0000000000
6456 -1167.0000000000
6486 -1165.0000000000
6523 -1163.0000000000
6551 -1162.0000000000
6567 -1159.0000000000
6570 -1158.0000000000
6603 -1156.0000000000
6625 -1155.0000000000
6640 -1154.0000000000
6650 -1153.0000000000
6658 -1151.0000000000
6684 -1149.0000000000
6707 -1148.0000000000
6724 -1146.0000000000
6730 -1144.0000000000
6756 -1143.0000000000
6766 -1141.0000000000
6789 -1140.0000000000
6802 -1139.0000000000
6806 -1136.0000000000
6846 -1134.0000000000
6899 -1130.0000000000
6911 -1129.0000000000
6914 -1127.0000000000
6951 -1124.0000000000
7007 -1123.0000000000
7010 -1122.0000000000
7041 -1121.0000000000
7055 -1120.0000000000
7064 -1119.0000000000
7087 -1118.0000000000
7101 -1117.0000000000
7104 -1116.0000000000
7138 -1115.0000000000
7162 -1112.0000000000
7198 -1110.0000000000
7247 -1105.0000000000
7287 -1103.0000000000
7310 -1102.0000000000
7332 -1100.0000000000
7350 -1099.0000000000
7365 -1097.0000000000
7382 -1096.0000000000
7403 -1095.0000000000
7418 -1094.0000000000
7421 -1092.0000000000
7437 -1089.0000000000
7453 -1088.0000000000
7471 -1086.0000000000
7486 -1085.0000000000
7516 -1082.0000000000
7524 -1080.0000000000
7560 -1079.0000000000
7561 -1074.0000000000
7629 -1073.0000000000
7651 -1072.0000000000
7652 -1071.0000000000
7661 -1070.0000000000
7687 -1069.0000000000
7695 -1067.0000000000
7755 -1066.0000000000
7767 -1065.0000000000
7771 -1064.0000000000
7782 -1061.0000000000
7804 -1059.0000000000
7833 -1057.0000000000
7891 -1056.0000000000
7906 -1054.0000000000
7916 -1052.0000000000
7928 -1051.0000000000
7947 -1048.0000000000
7996 -1047.0000000000
8035 -1046.0000000000
8036 -1042.0000000000
8054 -1041.0000000000
8066 -1040.0000000000
8137 -1038.0000000000
8159 -1037.0000000000
8166 -1035.0000000000
8215 -1033.0000000000
8224 -1031.0000000000
8276 -1030.0000000000
8291 -1028.0000000000
8344 -1026.0000000000
8373 -1025.0000000000
8382 -1024.0000000000
8400 -1023.0000000000
8416 -1022.0000000000
8430 -1021.0000000000
8452 -1020.0000000000
8483 -1019.0000000000
8496 -1017.0000000000
8529 -1013.0000000000
8547 -1011.0000000000
8590 -1009.0000000000
8603 -1008.0000000000
8628 -1007.0000000000
8649 -1005.0000000000
8687 -1004.0000000000
8693 -1003.0000000000
8695 -1002.0000000000
8719 -1001.0000000000
8724 -1000.0000000000
8737 -999.0000000000
8750 -997.0000000000
8751 -995.0000000000
8823 -993.0000000000
8842 -990.0000000000
8885 -989.0000000000
8902 -988.0000000000
8903 -986.0000000000
8931 -984.0000000000
8962 -983.0000000000
9000 -982.0000000000
9006 -980.0000000000
9024 -978.0000000000
9076 -977.0000000000
9084 -976.0000000000
9127 -975.0000000000
9149 -974.0000000000
9160 -971.0000000000
9181 -969.0000000000
9220 -968.0000000000
9221 -967.0000000000
9241 -965.0000000000
9285 -964.0000000000
9314 -962.0000000000
9324 -960.0000000000
9345 -955.0000000000
9381 -954.0000000000
9391 -953.0000000000
9404 -952.0000000000
9424 -949.0000000000
9463 -948.0000000000
9482 -947.0000000000
9506 -945.0000000000
9521 -944.0000000000
9529 -943.0000000000
9542 -942.0000000000
9553 -939.0000000000
9561 -937.0000000000
9582 -935.0000000000
9595 -934.0000000000
9609 -930.0000000000
9631 -929.0000000000
9662 -927.0000000000
9713 -925.0000000000
9737 -922.0000000000
9771 -921.0000000000
9804 -920.0000000000
9819 -919.0000000000
9821 -918.0000000000
9837 -917.0000000000
9869 -916.0000000000
9890 -915.0000000000
9897 -914.0000000000
9951 -913.0000000000
9952 -912.0000000000
9962 -910.0000000000
9990 -909.0000000000
10025 -908.0000000000
10048 -907.0000000000
10081 -906.0000000000
10091 -904.0000000000
10126 -903.0000000000
10190 -902.0000000000
10222 -901.0000000000
10227 -900.0000000000
10244 -898.0000000000
10268 -896.0000000000
10282 -893.0000000000
10324 -892.0000000000
10332 -891.0000000000
10344 -890.0000000000
10358 -889.0000000000
10367 -887.0000000000
10401 -886.0000000000
10431 -885.0000000000
10436 -883.0000000000
10468 -881.0000000000
10483 -880.0000000000
10513 -877.0000000000
10541 -876.0000000000
10562 -874.0000000000
10601 -872.0000000000
10627 -870.0000000000
10644 -868.0000000000
10683 -866.0000000000
10685 -864.0000000000
10743 -863.0000000000
10748 -862.0000000000
10761 -861.0000000000
10785 -858.0000000000
10810 -855.0000000000
10832 -853.0000000000
10860 -852.0000000000
10872 -851.0000000000
10894 -850.0000000000
10922 -849.0000000000
10941 -848.0000000000
10952 -846.0000000000
11007 -844.0000000000
11061 -842.0000000000
11111 -839.0000000000
11133 -837.0000000000
11162 -835.0000000000
11184 -834.0000000000
11225 -831.0000000000
11249 -830.0000000000
11287 -829.0000000000
11307 -826.0000000000
11357 -825.0000000000
11377 -824.0000000000
11407 -823.0000000000
11421 -822.0000000000
11427 -821.0000000000
11447 -820.0000000000
11452 -819.0000000000
11456 -818.0000000000
11504 -817.0000000000
11512 -816.0000000000
11525 -814.0000000000
11560 -813.0000000000
11598 -812.0000000000
11631 -811.0000000000
11650 -810.0000000000
11653 -806.0000000000
11672 -805.0000000000
11699 -804.0000000000
11706 -801.0000000000
11764 -799.0000000000
11824 -798.0000000000
11863 -796.0000000000
11891 -794.0000000000
11964 -793.0000000000
11965 -792.0000000000
12005 -791.0000000000
12023 -790.0000000000
12025 -788.0000000000
12063 -787.0000000000
12091 -786.0000000000
12117 -785.0000000000
12122 -784.0000000000
12150 -781.0000000000
12162 -780.0000000000
12191 -779.0000000000
12195 -778.0000000000
12201 -776.0000000000
12232 -774.0000000000
12240 -773.0000000000
12282 -769.0000000000
12335 -766.0000000000
12355 -765.0000000000
12372 -763.0000000000
12385 -762.0000000000
12435 -761.0000000000
12447 -760.0000000000
12449 -759.0000000000
12479 -757.0000000000
12500 -756.0000000000
12502 -755.0000000000
12520 -754.0000000000
12526 -753.0000000000
12534 -750.0000000000
12566 -749.0000000000
12594 -748.0000000000
12670 -747.0000000000
12699 -746.0000000000
12742 -745.0000000000
12776 -744.0000000000
12792 -743.0000000000
12796 -741.0000000000
12824 -740.0000000000
12831 -739.0000000000
12866 -738.0000000000
12893 -737.0000000000
12933 -736.0000000000
12934 -735.0000000000
12988 -734.0000000000
13002 -733.0000000000
13015 -730.0000000000
13055 -728.0000000000
13101 -727.0000000000
13104 -725.0000000000
13166 -724.0000000000
13179 -723.0000000000
13216 -722.0000000000
13223 -720.0000000000
13262 -716.0000000000
13303 -715.0000000000
13336 -713.0000000000
13353 -712.0000000000
13392 -711.0000000000
13401 -710.0000000000
13413 -709.0000000000
13437 -708.0000000000
13444 -706.0000000000
13462 -704.0000000000
13517 -701.0000000000
13551 -700.0000000000
13553 -698.0000000000
13576 -697.0000000000
13587 -696.0000000000
13633 -694.0000000000
13644 -692.0000000000
13657 -691.0000000000
13682 -688.0000000000
13732 -687.0000000000
13754 -685.0000000000
13803 -684.0000000000
13832 -683.0000000000
13862 -682.0000000000
13883 -680.0000000000
13914 -679.0000000000
13947 -678.0000000000
13954 -676.0000000000
13975 -675.0000000000
13993 -674.0000000000
14013 -673.0000000000
14076 -672.0000000000
14086 -671.0000000000
14101 -667.0000000000
14158 -666.0000000000
14161 -665.0000000000
14184 -663.0000000000
14196 -662.0000000000
14199 -660.0000000000
14232 -658.0000000000
14261 -657.0000000000
14290 -655.0000000000
14354 -654.0000000000
14357 -653.0000000000
14360 -652.0000000000
14402 -651.0000000000
14404 -647.0000000000
14428 -646.0000000000
14493 -645.0000000000
14506 -644.0000000000
14533 -643.0000000000
14541 -642.0000000000
14564 -640.0000000000
14603 -639.0000000000
14627 -638.0000000000
14644 -637.0000000000
14661 -636.0000000000
14663 -635.0000000000
14666 -634.0000000000
14675 -632.0000000000
14730 -630.0000000000
14764 -625.0000000000
14812 -624.0000000000
14866 -623.0000000000
14888 -622.0000000000
14923 -621.0000000000
14936 -620.0000000000
14956 -617.0000000000
15025 -616.0000000000
15045 -611.0000000000
15143 -610.0000000000
15146 -609.0000000000
15175 -608.0000000000
15204 -607.0000000000
15239 -606.0000000000
15265 -603.0000000000
15297 -602.0000000000
15302 -599.0000000000
15390 -598.0000000000
15401 -597.0000000000
15402 -596.0000000000
15440 -594.0000000000
15461 -593.0000000000
15485 -592.0000000000
15512 -591.0000000000
15526 -590.0000000000
15566 -588.0000000000
15614 -587.0000000000
15615 -586.0000000000
15683 -585.0000000000
15699 -584.0000000000
15711 -582.0000000000
15734 -581.0000000000
15758 -580.0000000000
15794 -578.0000000000
15830 -576.0000000000
15832 -575.0000000000
15843 -572.0000000000
15885 -571.0000000000
15915 -568.0000000000
15935 -567.0000000000
15953 -565.0000000000
15971 -564.0000000000
16028 -562.0000000000
16054 -561.0000000000
16094 -558.0000000000
16134 -557.0000000000
16182 -556.0000000000
16228 -555.0000000000
16238 -554.0000000000
16249 -553.0000000000
16253 -552.0000000000
16279 -550.0000000000
16300 -549.0000000000
16322 -547.0000000000
16346 -545.0000000000
16366 -544.0000000000
16371 -543.0000000000
16395 -542.0000000000
16421 -541.0000000000
16463 -539.0000000000
16496 -538.0000000000
16523 -535.0000000000
16601 -534.0000000000
16627 -531.0000000000
16666 -530.0000000000
16685 -529.0000000000
16706 -527.0000000000
16746 -525.0000000000
16762 -522.0000000000
16842 -521.0000000000
16865 -520.0000000000
16888 -519.0000000000
16898 -518.0000000000
16953 -517.0000000000
16970 -515.0000000000
17012 -513.0000000000
17038 -512.0000000000
17055 -511.0000000000
17080 -510.0000000000
17095 -509.0000000000
17117 -508.0000000000
17142 -507.0000000000
17154 -505.0000000000
17201 -504.0000000000
17212 -503.0000000000
17275 -502.0000000000
17284 -501.0000000000
17326 -500.0000000000
17371 -498.0000000000
17378 -497.0000000000
17385 -495.0000000000
17459 -494.0000000000
17478 -493.0000000000
17483 -490.0000000000
17518 -488.0000000000
17583 -487.0000000000
17598 -485.0000000000
17618 -484.0000000000
17652 -483.0000000000
17662 -482.0000000000
17704 -481.0000000000
17721 -480.0000000000
17752 -479.0000000000
17757 -478.0000000000
17784 -477.0000000000
17833 -476.0000000000
17860 -475.0000000000
17866 -473.0000000000
17923 -469.0000000000
17975 -468.0000000000
17981 -467.0000000000
18034 -466.0000000000
18051 -465.0000000000
18068 -463.0000000000
18101 -462.0000000000
18150 -461.0000000000
18180 -460.0000000000
18204 -458.0000000000
18238 -457.0000000000
18263 -456.0000000000
18289 -455.0000000000
18301 -454.0000000000
18321 -453.0000000000
18350 -452.0000000000
18363 -451.0000000000
18376 -449.0000000000
18451 -448.0000000000
18469 -447.0000000000
18492 -445.0000000000
18543 -444.0000000000
18547 -443.0000000000
18599 -441.0000000000
18644 -440.0000000000
18697 -439.0000000000
18706 -437.0000000000
18781 -435.0000000000
18788 -434.0000000000
18816 -433.0000000000
18911 -429.0000000000
18999 -428.0000000000
19025 -427.0000000000
19029 -425.0000000000
19065 -424.0000000000
19083 -422.0000000000
19130 -421.0000000000
19146 -420.0000000000
19188 -419.0000000000
19211 -418.0000000000
19216 -417.0000000000
19254 -416.0000000000
19265 -414.0000000000
19353 -412.0000000000
19373 -411.0000000000
19400 -410.0000000000
19442 -408.0000000000
19474 -406.0000000000
19515 -405.0000000000
19533 -403.0000000000
19551 -401.0000000000
19576 -400.0000000000
19607 -399.0000000000
19630 -398.0000000000
19665 -397.0000000000
19667 -394.0000000000
19750 -393.0000000000
19782 -392.0000000000
19831 -391.0000000000
19853 -390.0000000000
19871 -389.0000000000
19903 -388.0000000000
19931 -386.0000000000
19997 -384.0000000000
20061 -383.0000000000
20069 -382.0000000000
20107 -380.0000000000
20121 -379.0000000000
20141 -377.0000000000
20161 -376.0000000000
20162 -375.0000000000
20185 -374.0000000000
20210 -372.0000000000
20250 -371.0000000000
20271 -369.0000000000
20321 -368.0000000000
20326 -367.0000000000
20342 -366.0000000000
20407 -365.0000000000
20417 -364.0000000000
20433 -363.0000000000
20456 -362.0000000000
20468 -361.0000000000
20507 -359.0000000000
20573 -358.0000000000
20637 -357.0000000000
20641 -356.0000000000
20670 -354.0000000000
20745 -353.0000000000
20765 -352.0000000000
20813 -351.0000000000
20835 -350.0000000000
20899 -348.0000000000
20939 -346.0000000000
20961 -345.0000000000
20990 -343.0000000000
21022 -341.0000000000
21071 -340.0000000000
21074 -339.0000000000
21082 -338.0000000000
21137 -336.0000000000
21162 -334.0000000000
21216 -333.0000000000
21255 -331.0000000000
21309 -329.0000000000
21326 -328.0000000000
21351 -327.0000000000
21411 -326.0000000000
21413 -325.0000000000
21422 -324.0000000000
21470 -323.0000000000
21512 -322.0000000000
21527 -321.0000000000
21528 -320.0000000000
21572 -319.0000000000
21582 -318.0000000000
21605 -317.0000000000
21658 -316.0000000000
21707 -315.0000000000
21755 -314.0000000000
21768 -312.0000000000
21822 -310.0000000000
21904 -309.0000000000
21921 -308.0000000000
21944 -306.0000000000
21997 -305.0000000000
22020 -303.0000000000
22075 -302.0000000000
22085 -300.0000000000
22138 -299.0000000000
22141 -298.0000000000
22173 -297.0000000000
22181 -296.0000000000
22209 -295.0000000000
22229 -293.0000000000
22242 -292.0000000000
22274 -291.0000000000
22321 -290.0000000000
22379 -288.0000000000
22448 -287.0000000000
22465 -286.0000000000
22471 -285.0000000000
22533 -283.0000000000
22634 -280.0000000000
22660 -279.0000000000
22683 -278.0000000000
22753 -277.0000000000
22757 -275.0000000000
22776 -274.0000000000
22827 -273.0000000000
22843 -270.0000000000
22882 -269.0000000000
22888 -268.0000000000
22992 -267.0000000000
23004 -266.0000000000
23011 -264.0000000000
23074 -263.0000000000
23118 -262.0000000000
23129 -261.0000000000
23168 -259.0000000000
23209 -258.0000000000
23270 -256.0000000000
23289 -255.0000000000
23327 -254.0000000000
23388 -253.0000000000
23396 -252.0000000000
23413 -251.0000000000
23443 -250.0000000000
23514 -249.0000000000
23524 -248.0000000000
23579 -246.0000000000
23597 -245.0000000000
23621 -244.0000000000
23665 -241.0000000000
23716 -239.0000000000
23788 -238.0000000000
23857 -237.0000000000
23864 -236.0000000000
23908 -233.0000000000
23951 -232.0000000000
23972 -231.0000000000
24004 -229.0000000000
24045 -227.0000000000
24101 -225.0000000000
24137 -222.0000000000
24224 -221.0000000000
24260 -220.0000000000
24366 -219.0000000000
24393 -218.0000000000
24429 -217.0000000000
24489 -216.0000000000
24520 -214.0000000000
24523 -213.0000000000
24587 -212.0000000000
24666 -211.0000000000
24694 -209.0000000000
24721 -208.0000000000
24774 -206.0000000000
24842 -205.0000000000
24862 -204.0000000000
24865 -203.0000000000
24934 -202.0000000000
24937 -201.0000000000
24988 -200.0000000000
25016 -199.0000000000
25023 -198.0000000000
25078 -196.0000000000
25161 -193.0000000000
25228 -192.0000000000
25260 -191.0000000000
25282 -189.0000000000
25363 -188.0000000000
25375 -187.0000000000
25423 -185.0000000000
25464 -184.0000000000
25497 -183.0000000000
25512 -182.0000000000
25557 -181.0000000000
25565 -180.0000000000
25592 -179.0000000000
25627 -177.0000000000
25638 -176.0000000000
25695 -175.0000000000
25714 -174.0000000000
25741 -173.0000000000
25773 -172.0000000000
25815 -171.0000000000
25852 -170.0000000000
25900 -169.0000000000
25902 -168.0000000000
25947 -167.0000000000
25968 -164.0000000000
26036 -163.0000000000
26080 -162.0000000000
26099 -160.0000000000
26190 -158.0000000000
26228 -157.0000000000
26231 -154.0000000000
26302 -152.0000000000
26376 -149.0000000000
26419 -148.0000000000
26470 -147.0000000000
26481 -145.0000000000
26491 -144.0000000000
26532 -142.0000000000
26590 -141.0000000000
26610 -140.0000000000
26626 -139.0000000000
26695 -138.0000000000
26713 -137.0000000000
26739 -136.0000000000
26772 -135.0000000000
26819 -134.0000000000
26851 -133.0000000000
26858 -132.0000000000
26873 -130.0000000000
26929 -129.0000000000
26931 -128.0000000000
26970 -126.0000000000
27042 -124.0000000000
27098 -123.0000000000
27123 -122.0000000000
27202 -121.0000000000
27203 -120.0000000000
27232 -119.0000000000
27305 -118.0000000000
27367 -115.0000000000
27445 -114.0000000000
27499 -112.0000000000
27545 -109.0000000000
27710 -108.0000000000
27757 -107.0000000000
27796 -106.0000000000
27814 -105.0000000000
27853 -104.0000000000
27904 -103.0000000000
27925 -102.0000000000
28027 -100.0000000000
28044 -99.0000000000
28107 -97.0000000000
28204 -96.0000000000
28236 -95.0000000000
28247 -94.0000000000
28332 -93.0000000000
28344 -92.0000000000
28359 -91.0000000000
28388 -90.0000000000
28411 -89.0000000000
28518 -88.0000000000
28584 -87.0000000000
28602 -86.0000000000
28703 -85.0000000000
28752 -84.0000000000
28834 -82.0000000000
28954 -81.0000000000
29026 -80.0000000000
29089 -79.0000000000
29118 -78.0000000000
29182 -77.0000000000
29188 -76.0000000000
29244 -75.0000000000
29300 -74.0000000000
29330 -72.0000000000
29445 -71.0000000000
29464 -70.0000000000
29506 -69.0000000000
29591 -68.0000000000
29644 -67.0000000000
29732 -66.0000000000
29799 -65.0000000000
29873 -64.0000000000
29905 -63.0000000000
29926 -62.0000000000
30060 -61.0000000000
30090 -60.0000000000
30124 -59.0000000000
30201 -58.0000000000
30326 -57.0000000000
30338 -56.0000000000
30349 -54.0000000000
30427 -53.0000000000
30476 -52.0000000000
30477 -51.0000000000
30558 -50.0000000000
30620 -48.0000000000
30726 -47.0000000000
30839 -46.0000000000
30864 -45.0000000000
30951 -44.0000000000
31029 -41.0000000000
31197 -40.0000000000
31262 -39.0000000000
31276 -38.0000000000
31339 -37.0000000000
31445 -36.0000000000
31450 -35.0000000000
31506 -32.0000000000
31601 -30.0000000000
31729 -29.0000000000
31806 -28.0000000000
31847 -27.0000000000
31947 -25.0000000000
32041 -22.0000000000
32281 -21.0000000000
32386 -20.0000000000
32512 -18.0000000000
32603 -17.0000000000
32711 -15.0000000000
32823 -14.0000000000
32848 -13.0000000000
32967 -12.0000000000
33022 -11.0000000000
33062 -10.0000000000
33120 -9.0000000000
33187 -7.0000000000
33313 -6.0000000000
33395 -5.0000000000
33503 -4.0000000000
33530 -2.0000000000
33629 -1.0000000000
33672 672.8900000000
33730 674.8000000000
33752 677.6900000000
33777 678.9900000000
33805 684.1600000000
33815 695.3100000000
33950 714.2100000000
34186 772.5200000000
34245 774.1600000000
34272 782.3300000000
34286 783.7100000000
34336 784.5100000000
34387 786.8300000000
34394 793.8500000000
34405 798.5700000000
34517 800.3800000000
34693 810.8000000000
36628 876.4800000000
36656 876.7800000000
36698 879.1600000000
36712 882.9900000000
36761 895.0200000000
36999 895.3700000000
37021 901.9500000000
37076 905.4100000000
37089 918.1500000000
37840 919.3500000000
37947 919.6800000000
37977 933.5000000000
37998 934.5900000000
38210 950.2000000000
39502 951.8200000000
42090 956.1600000000
42253 1026.2100000000
42602 1031.7700000000
42628 1033.1000000000
42659 1042.5200000000
42691 1046.6400000000
42836 1055.5000000000
42857 1055.6500000000
43091 1058.8800000000
43253 1061.8800000000
43440 1064.6800000000
44993 1067.1900000000
45415 1067.8900000000
45530 1069.4200000000
45880 1069.5000000000
45890 1072.0300000000
46019 1079.9200000000
46740 1079.9500000000
46824 1080.8100000000
47464 1087.0400000000
49040 1087.3800000000
66990 1087.9000000000
67274 1092.5000000000
67522 1096.6300000000
67639 1098.1100000000
67694 1100.7800000000
67712 1101.8100000000
67988 1103.1700000000
68264 1103.8900000000
68280 1106.2400000000
68618 1106.5800000000
68833 1111.9300000000
69117 1117.7900000000
69490 1126.5600000000
69643 1128.7600000000
69918 1140.9000000000
69994 1145.6400000000
71783 1146.2700000000
73905 1147.1300000000
74042 1167.3800000000
74073 1173.0400000000
74143 1181.2600000000
74235 1184.0200000000
74302 1184.9500000000
74405 1186.2700000000
74509 1187.4100000000
74772 1193.5100000000
74822 1193.6300000000
75113 1195.3400000000
75980 1196.9500000000
76546 1198.4100000000
76569 1201.8700000000
78869 1217.3300000000
97237 1222.2100000000
97894 1225.7100000000
99100 1226.3500000000
99929 1231.0600000000
100000 -2.0000000000
evaluations raw_y
1 -1939.0000000000
2 -1936.0000000000
4 -1901.0000000000
5 -1897.0000000000
8 -1874.0000000000
14 -1864.0000000000
22 -1862.0000000000
32 -1841.0000000000
35 -1833.0000000000
72 -1824.0000000000
74 -1818.0000000000
81 -1809.0000000000
101 -1803.0000000000
107 -1799.0000000000
109 -1783.0000000000
126 -1761.0000000000
151 -1760.0000000000
155 -1754.0000000000
165 -1742.0000000000
181 -1741.0000000000
188 -1732.0000000000
201 -1718.0000000000
217 -1710.0000000000
228 -1703.0000000000
253 -1701.0000000000
262 -1697.0000000000
263 -1689.0000000000
265 -1670.0000000000
295 -1656.0000000000
324 -1650.0000000000
343 -1649.0000000000
354 -1644.0000000000
365 -1638.0000000000
383 -1628.0000000000
424 -1624.0000000000
429 -1623.0000000000
435 -1620.0000000000
446 -1618.0000000000
461 -1616.0000000000
463 -1612.0000000000
486 -1601.0000000000
509 -1594.0000000000
532 -1591.0000000000
542 -1582.0000000000
566 -1579.0000000000
569 -1574.0000000000
598 -1572.0000000000
614 -1567.0000000000
641 -1566.0000000000
643 -1565.0000000000
662 -1563.0000000000
671 -1560.0000000000
681 -1555.0000000000
706 -1554.0000000000
735 -1553.0000000000
744 -1549.0000000000
771 -1548.0000000000
797 -1545.0000000000
801 -1543.0000000000
826 -1541.0000000000
843 -1538.0000000000
845 -1537.0000000000
864 -1530.0000000000
905 -1529.0000000000
923 -1526.0000000000
938 -1522.0000000000
996 -1520.0000000000
999 -1519.0000000000
1014 -1516.0000000000
1026 -1513.0000000000
1063 -1509.0000000000
1104 -1505.0000000000
1148 -1503.0000000000
1163 -1501.0000000000
1166 -1500.0000000000
1175 -1499.0000000000
1183 -1497.0000000000
1201 -1495.0000000000
1224 -1494.0000000000
1231 -1489.0000000000
1282 -1487.0000000000
1300 -1486.0000000000
1327 -1485.0000000000
1345 -1482.0000000000
1364 -1481.0000000000
1381 -1478.0000000000
1405 -1475.0000000000
1434 -1474.0000000000
1441 -1473.0000000000
1445 -1471.0000000000
1449 -1468.0000000000
1462 -1467.0000000000
1465 -1466.0000000000
1487 -1464.0000000000
1512 -1463.0000000000
1517 -1462.0000000000
1541 -1461.0000000000
1547 -1459.0000000000
1563 -1455.0000000000
1606 -1454.0000000000
1637 -1453.0000000000
1640 -1450.0000000000
1656 -1449.0000000000
1673 -1448.0000000000
1688 -1447.0000000000
1702 -1446.0000000000
1721 -1445.0000000000
1748 -1443.0000000000
1749 -1442.0000000000
1781 -1438.0000000000
1841 -1437.0000000000
1843 -1434.0000000000
1867 -1433.0000000000
1871 -1432.0000000000
1893 -1431.0000000000
1905 -1430.0000000000
1927 -1428.0000000000
1941 -1426.0000000000
1988 -1425.0000000000
1991 -1421.0000000000
2004 -1417.0000000000
2064 -1416.0000000000
2088 -1415.0000000000
2126 -1413.0000000000
2139 -1411.0000000000
2143 -1410.0000000000
2168 -1409.0000000000
2181 -1407.0000000000
2197 -1406.0000000000
2212 -1402.0000000000
2262 -1398.0000000000
2309 -1395.0000000000
2325 -1394.0000000000
2331 -1392.0000000000
2339 -1387.0000000000
2397 -1386.0000000000
2402 -1383.0000000000
2438 -1382.0000000000
2447 -1381.0000000000
2482 -1380.0000000000
2495 -1379.0000000000
2502 -1378.0000000000
2536 -1377.0000000000
2539 -1376.0000000000
2552 -1375.0000000000
2562 -1374.0000000000
2567 -1371.0000000000
2604 -1370.0000000000
2606 -1368.0000000000
2662 -1365.0000000000
2702 -1364.0000000000
2710 -1361.0000000000
2720 -1360.0000000000
2729 -1359.0000000000
2763 -1357.0000000000
2769 -1356.0000000000
2786 -1355.0000000000
2804 -1354.0000000000
2819 -1353.0000000000
2841 -1349.0000000000
2849 -1347.0000000000
2870 -1346.0000000000
2889 -1343.0000000000
2908 -1341.0000000000
2921 -1338.0000000000
2942 -1336.0000000000
2952 -1334.0000000000
3004 -1332.0000000000
3023 -1330.0000000000
3047 -1327.0000000000
3061 -1326.0000000000
3082 -1325.0000000000
3096 -1324.0000000000
3121 -1323.0000000000
3123 -1318.0000000000
3144 -1317.0000000000
3189 -1313.0000000000
3226 -1310.0000000000
3251 -1309.0000000000
3265 -1305.0000000000
3304 -1303.0000000000
3355 -1299.0000000000
3368 -1298.0000000000
3424 -1295.0000000000
3469 -1293.0000000000
3487 -1292.0000000000
3508 -1290.0000000000
3543 -1289.0000000000
3548 -1285.0000000000
3562 -1284.0000000000
3572 -1282.0000000000
3620 -1281.0000000000
3642 -1278.0000000000
3670 -1276.0000000000
3681 -1275.0000000000
3716 -1274.0000000000
3723 -1273.0000000000
3746 -1272.0000000000
3748 -1271.0000000000
3768 -1270.0000000000
3788 -1265.0000000000
3826 -1263.0000000000
3865 -1260.0000000000
3874 -1259.0000000000
3894 -1257.0000000000
3913 -1256.0000000000
3928 -1251.0000000000
3952 -1250.0000000000
3966 -1249.0000000000
3977 -1247.0000000000
3981 -1246.0000000000
3990 -1244.0000000000
4013 -1241.0000000000
4047 -1239.0000000000
4048 -1238.0000000000
4074 -1235.0000000000
4086 -1234.0000000000
4110 -1233.0000000000
4146 -1232.0000000000
4152 -1230.0000000000
4160 -1229.0000000000
4182 -1227.0000000000
4206 -1226.0000000000
4226 -1224.0000000000
4247 -1221.0000000000
4266 -1217.0000000000
4349 -1216.0000000000
4363 -1214.0000000000
4388 -1213.0000000000
4405 -1212.0000000000
4425 -1211.0000000000
4451 -1210.0000000000
4453 -1207.0000000000
4484 -1206.0000000000
4500 -1205.0000000000
4502 -1204.0000000000
4505 -1201.0000000000
4541 -1200.0000000000
4543 -1199.0000000000
4561 -1195.0000000000
4574 -1194.0000000000
4587 -1192.0000000000
4620 -1190.0000000000
4659 -1187.0000000000
4662 -1186.0000000000
4685 -1184.0000000000
4700 -1183.0000000000
4703 -1182.0000000000
4722 -1181.0000000000
4746 -1179.0000000000
4763 -1178.0000000000
4802 -1176.0000000000
4808 -1174.0000000000
4836 -1173.0000000000
4864 -1170.0000000000
4904 -1169.0000000000
4921 -1167.0000000000
4984 -1165.0000000000
5016 -1163.0000000000
5042 -1160.0000000000
5072 -1156.0000000000
5105 -1155.0000000000
5107 -1153.0000000000
5129 -1150.0000000000
5164 -1148.0000000000
5198 -1146.0000000000
5220 -1144.0000000000
5234 -1142.0000000000
5241 -1141.0000000000
5266 -1140.0000000000
5282 -1139.0000000000
5312 -1138.0000000000
5346 -1137.0000000000
5355 -1136.0000000000
5383 -1133.0000000000
5394 -1131.0000000000
5408 -1128.0000000000
5443 -1127.0000000000
5469 -1125.0000000000
5489 -1124.0000000000
5494 -1123.0000000000
5530 -1121.0000000000
5542 -1120.0000000000
5581 -1118.0000000000
5601 -1116.0000000000
5636 -1115.0000000000
5652 -1114.0000000000
5657 -1113.0000000000
5694 -1112.0000000000
5705 -1109.0000000000
5722 -1108.0000000000
5723 -1107.0000000000
5726 -1106.0000000000
5759 -1104.0000000000
5778 -1103.0000000000
5801 -1101.0000000000
5812 -1100.0000000000
5819 -1098.0000000000
5831 -1097.0000000000
5848 -1096.0000000000
5866 -1095.0000000000
5873 -1094.0000000000
5882 -1093.0000000000
5907 -1092.0000000000
5908 -1090.0000000000
5925 -1089.0000000000
5943 -1086.0000000000
5965 -1085.0000000000
6002 -1084.0000000000
6008 -1083.0000000000
6009 -1082.0000000000
6021 -1078.0000000000
6058 -1077.0000000000
6071 -1075.0000000000
6085 -1074.0000000000
6147 -1073.0000000000
6148 -1071.0000000000
6168 -1070.0000000000
6246 -1068.0000000000
6273 -1067.0000000000
6289 -1066.0000000000
6292 -1065.0000000000
6309 -1063.0000000000
6355 -1062.0000000000
6366 -1059.0000000000
6384 -1058.0000000000
6405 -1057.0000000000
6424 -1055.0000000000
6458 -1054.0000000000
6480 -1053.0000000000
6494 -1051.0000000000
6524 -1050.0000000000
6545 -1049.0000000000
6561 -1047.0000000000
6568 -1046.0000000000
6623 -1045.0000000000
6639 -1043.0000000000
6652 -1042.0000000000
6670 -1041.0000000000
6686 -1040.0000000000
6702 -1038.0000000000
6748 -1037.0000000000
6771 -1035.0000000000
6782 -1034.0000000000
6802 -1033.0000000000
6804 -1032.0000000000
6816 -1031.0000000000
6842 -1029.0000000000
6896 -1028.0000000000
6898 -1025.0000000000
6907 -1024.0000000000
6909 -1023.0000000000
6924 -1021.0000000000
6944 -1020.0000000000
6981 -1019.0000000000
6987 -1017.0000000000
7023 -1015.0000000000
7043 -1014.0000000000
7061 -1013.0000000000
7066 -1012.0000000000
7092 -1009.0000000000
7113 -1008.0000000000
7125 -1006.0000000000
7141 -1003.0000000000
7175 -1001.0000000000
7205 -1000.0000000000
7215 -999.0000000000
7216 -997.0000000000
7229 -996.0000000000
7251 -995.0000000000
7270 -992.0000000000
7294 -990.0000000000
7310 -988.0000000000
7342 -987.0000000000
7362 -986.0000000000
7370 -985.0000000000
7379 -984.0000000000
7402 -981.0000000000
7406 -979.0000000000
7445 -978.0000000000
7458 -976.0000000000
7498 -975.0000000000
7506 -971.0000000000
7574 -970.0000000000
7613 -969.0000000000
7626 -967.0000000000
7630 -965.0000000000
7647 -960.0000000000
7716 -958.0000000000
7749 -955.0000000000
7774 -953.0000000000
7787 -952.0000000000
7824 -950.0000000000
7841 -948.0000000000
7862 -947.0000000000
7887 -946.0000000000
7914 -945.0000000000
7922 -944.0000000000
7949 -943.0000000000
7964 -942.0000000000
7970 -938.0000000000
8007 -935.0000000000
8044 -934.0000000000
8063 -933.0000000000
8090 -931.0000000000
8154 -930.0000000000
8173 -929.0000000000
8205 -927.0000000000
8209 -925.0000000000
8237 -924.0000000000
8277 -923.0000000000
8285 -922.0000000000
8305 -919.0000000000
8362 -918.0000000000
8365 -917.0000000000
8381 -916.0000000000
8405 -915.0000000000
8415 -912.0000000000
8424 -911.0000000000
8441 -910.0000000000
8493 -909.0000000000
8557 -906.0000000000
8583 -905.0000000000
8587 -904.0000000000
8628 -903.0000000000
8641 -902.0000000000
8658 -901.0000000000
8668 -900.0000000000
8692 -895.0000000000
8748 -894.0000000000
8751 -893.0000000000
8800 -892.0000000000
8801 -891.0000000000
8826 -890.0000000000
8832 -887.0000000000
8879 -886.0000000000
8903 -885.0000000000
8934 -883.0000000000
8963 -881.0000000000
8970 -877.0000000000
9029 -876.0000000000
9055 -874.0000000000
9105 -873.0000000000
9111 -872.0000000000
9140 -870.0000000000
9143 -868.0000000000
9207 -867.0000000000
9209 -865.0000000000
9254 -864.0000000000
9258 -863.0000000000
9284 -861.0000000000
9322 -860.0000000000
9361 -858.0000000000
9401 -857.0000000000
9406 -855.0000000000
9423 -853.0000000000
9442 -850.0000000000
9481 -849.0000000000
9508 -847.0000000000
9551 -845.0000000000
9568 -844.0000000000
9602 -841.0000000000
9622 -840.0000000000
9656 -838.0000000000
9657 -837.0000000000
9703 -836.0000000000
9707 -835.0000000000
9740 -834.0000000000
9775 -833.0000000000
9805 -832.0000000000
9813 -831.0000000000
9825 -828.0000000000
9896 -826.0000000000
9917 -825.0000000000
9929 -823.0000000000
9944 -822.0000000000
9960 -821.0000000000
9961 -820.0000000000
9975 -819.0000000000
10008 -817.0000000000
10009 -816.0000000000
10016 -814.0000000000
10064 -813.0000000000
10077 -810.0000000000
10111 -809.0000000000
10131 -808.0000000000
10147 -806.0000000000
10165 -804.0000000000
10223 -803.0000000000
10228 -802.0000000000
10247 -801.0000000000
10271 -800.0000000000
10304 -799.0000000000
10349 -796.0000000000
10370 -795.0000000000
10406 -794.0000000000
10446 -793.0000000000
10457 -791.0000000000
10491 -790.0000000000
10506 -786.0000000000
10509 -785.0000000000
10568 -784.0000000000
10585 -783.0000000000
10607 -781.0000000000
10622 -780.0000000000
10641 -779.0000000000
10704 -778.0000000000
10711 -777.0000000000
10724 -774.0000000000
10742 -772.0000000000
10773 -771.0000000000
10802 -768.0000000000
10844 -767.0000000000
10863 -762.0000000000
10954 -761.0000000000
10985 -760.0000000000
11006 -759.0000000000
11021 -758.0000000000
11061 -757.0000000000
11073 -754.0000000000
11082 -752.0000000000
11149 -750.0000000000
11171 -747.0000000000
11204 -744.0000000000
11243 -743.0000000000
11269 -740.0000000000
11302 -739.0000000000
11324 -738.0000000000
11346 -737.0000000000
11352 -735.0000000000
11402 -734.0000000000
11422 -733.0000000000
11459 -731.0000000000
11462 -729.0000000000
11490 -728.0000000000
11492 -727.0000000000
11519 -724.0000000000
11591 -723.0000000000
11615 -722.0000000000
11624 -720.0000000000
11639 -719.0000000000
11659 -717.0000000000
11664 -713.0000000000
11711 -712.0000000000
11765 -711.0000000000
11782 -710.0000000000
11818 -709.0000000000
11829 -707.0000000000
11849 -706.0000000000
11866 -702.0000000000
11906 -701.0000000000
11916 -700.0000000000
11950 -698.0000000000
12043 -696.0000000000
12070 -695.0000000000
12108 -694.0000000000
12128 -693.0000000000
12173 -691.0000000000
12185 -689.0000000000
12213 -688.0000000000
12243 -687.0000000000
12262 -684.0000000000
12287 -683.0000000000
12307 -682.0000000000
12319 -681.0000000000
12322 -680.0000000000
12341 -677.0000000000
12388 -676.0000000000
12406 -674.0000000000
12453 -672.0000000000
12519 -669.0000000000
12562 -668.0000000000
12589 -667.0000000000
12590 -664.0000000000
12603 -663.0000000000
12630 -662.0000000000
12650 -659.0000000000
12708 -658.0000000000
12729 -657.0000000000
12754 -655.0000000000
12772 -654.0000000000
12784 -653.0000000000
12828 -652.0000000000
12834 -651.0000000000
12871 -650.0000000000
12896 -646.0000000000
12924 -645.0000000000
12939 -643.0000000000
12960 -642.0000000000
12972 -641.0000000000
12982 -640.0000000000
13004 -639.0000000000
13028 -638.0000000000
13042 -637.0000000000
13080 -635.0000000000
13092 -634.0000000000
13127 -632.0000000000
13207 -630.0000000000
13264 -628.0000000000
13350 -627.0000000000
13356 -626.0000000000
13364 -625.0000000000
13384 -624.0000000000
13404 -623.0000000000
13438 -622.0000000000
13444 -620.0000000000
13447 -619.0000000000
13515 -617.0000000000
13521 -616.0000000000
13543 -615.0000000000
13563 -613.0000000000
13607 -612.0000000000
13626 -611.0000000000
13636 -610.0000000000
13661 -609.0000000000
13681 -608.0000000000
13714 -607.0000000000
13760 -606.0000000000
13780 -605.0000000000
13804 -604.0000000000
13840 -603.0000000000
13868 -602.0000000000
13881 -601.0000000000
13902 -600.0000000000
13914 -598.0000000000
13978 -597.0000000000
13990 -595.0000000000
14002 -594.0000000000
14026 -592.0000000000
14064 -591.0000000000
14130 -589.0000000000
14154 -587.0000000000
14188 -586.0000000000
14200 -585.0000000000
14224 -584.0000000000
14278 -580.0000000000
14365 -579.0000000000
14366 -577.0000000000
14395 -576.0000000000
14428 -575.0000000000
14450 -574.0000000000
14492 -572.0000000000
14522 -569.0000000000
14590 -567.0000000000
14606 -565.0000000000
14633 -564.0000000000
14665 -563.0000000000
14683 -562.0000000000
14711 -560.0000000000
14733 -558.0000000000
14769 -557.0000000000
14778 -556.0000000000
14810 -555.0000000000
14832 -554.0000000000
14855 -552.0000000000
14878 -551.0000000000
14897 -550.0000000000
14935 -548.0000000000
14941 -546.0000000000
14969 -545.0000000000
15003 -544.0000000000
15023 -542.0000000000
15058 -541.0000000000
15061 -539.0000000000
15071 -538.0000000000
15097 -536.0000000000
15111 -534.0000000000
15172 -533.0000000000
15188 -532.0000000000
15208 -530.0000000000
15221 -528.0000000000
15300 -526.0000000000
15305 -522.0000000000
15343 -521.0000000000
15351 -520.0000000000
15405 -518.0000000000
15416 -517.0000000000
15425 -516.0000000000
15445 -511.0000000000
15505 -510.0000000000
15533 -509.0000000000
15549 -508.0000000000
15572 -505.0000000000
15612 -503.0000000000
15630 -500.0000000000
15683 -499.0000000000
15686 -497.0000000000
15746 -494.0000000000
15774 -493.0000000000
15848 -492.0000000000
15879 -489.0000000000
15908 -487.0000000000
15944 -486.0000000000
15991 -485.0000000000
15999 -484.0000000000
16024 -483.0000000000
16080 -482.0000000000
16082 -481.0000000000
16129 -479.0000000000
16169 -476.0000000000
16223 -475.0000000000
16224 -473.0000000000
16251 -472.0000000000
16311 -470.0000000000
16338 -469.0000000000
16357 -468.0000000000
16381 -467.0000000000
16401 -466.0000000000
16414 -465.0000000000
16447 -463.0000000000
16456 -462.0000000000
16488 -460.0000000000
16509 -457.0000000000
16589 -456.0000000000
16617 -455.0000000000
16625 -454.0000000000
16641 -453.0000000000
16699 -452.0000000000
16720 -451.0000000000
16728 -447.0000000000
16794 -446.0000000000
16821 -442.0000000000
16924 -441.0000000000
16926 -440.0000000000
16962 -439.0000000000
16982 -438.0000000000
17007 -437.0000000000
17081 -435.0000000000
17121 -434.0000000000
17140 -431.0000000000
17173 -429.0000000000
17202 -428.0000000000
17234 -427.0000000000
17255 -425.0000000000
17289 -424.0000000000
17310 -423.0000000000
17349 -422.0000000000
17369 -421.0000000000
17393 -420.0000000000
17401 -418.0000000000
17434 -417.0000000000
17461 -413.0000000000
17507 -411.0000000000
17561 -410.0000000000
17572 -409.0000000000
17586 -408.0000000000
17606 -407.0000000000
17630 -404.0000000000
17666 -403.0000000000
17733 -402.0000000000
17763 -399.0000000000
17813 -397.0000000000
17860 -396.0000000000
17869 -395.0000000000
17916 -394.0000000000
17935 -393.0000000000
17963 -392.0000000000
18004 -391.0000000000
18025 -390.0000000000
18028 -389.0000000000
18043 -388.0000000000
18107 -387.0000000000
18130 -386.0000000000
18154 -385.0000000000
18161 -384.0000000000
18187 -382.0000000000
18223 -379.0000000000
18267 -378.0000000000
18286 -377.0000000000
18322 -376.0000000000
18324 -374.0000000000
18329 -373.0000000000
18371 -372.0000000000
18390 -371.0000000000
18425 -370.0000000000
18449 -368.0000000000
18480 -367.0000000000
18511 -363.0000000000
18535 -362.0000000000
18569 -361.0000000000
18623 -360.0000000000
18640 -359.0000000000
18679 -358.0000000000
18682 -357.0000000000
18704 -354.0000000000
18725 -352.0000000000
18775 -351.0000000000
18832 -350.0000000000
18841 -348.0000000000
18845 -346.0000000000
18909 -345.0000000000
18935 -344.0000000000
18962 -342.0000000000
19052 -341.0000000000
19124 -340.0000000000
19127 -338.0000000000
19191 -336.0000000000
19233 -335.0000000000
19239 -334.0000000000
19261 -333.0000000000
19294 -332.0000000000
19319 -331.0000000000
19363 -330.0000000000
19403 -327.0000000000
19463 -326.0000000000
19542 -324.0000000000
19601 -323.0000000000
19626 -322.0000000000
19648 -321.0000000000
19686 -320.0000000000
19722 -319.0000000000
19757 -318.0000000000
19762 -317.0000000000
19790 -316.0000000000
19809 -315.0000000000
19823 -314.0000000000
19890 -312.0000000000
19947 -311.0000000000
19956 -309.0000000000
20015 -307.0000000000
20029 -306.0000000000
20050 -305.0000000000
20064 -304.0000000000
20083 -303.0000000000
20111 -302.0000000000
20135 -301.0000000000
20179 -299.0000000000
20182 -298.0000000000
20235 -297.0000000000
20248 -296.0000000000
20330 -294.0000000000
20353 -293.0000000000
20376 -292.0000000000
20438 -291.0000000000
20449 -289.0000000000
20498 -288.0000000000
20522 -286.0000000000
20545 -285.0000000000
20561 -284.0000000000
20604 -283.0000000000
20644 -281.0000000000
20706 -280.0000000000
20708 -279.0000000000
20721 -276.0000000000
20802 -275.0000000000
20882 -274.0000000000
20927 -273.0000000000
20970 -272.0000000000
21018 -271.0000000000
21021 -269.0000000000
21086 -266.0000000000
21173 -265.0000000000
21282 -264.0000000000
21338 -263.0000000000
21352 -262.0000000000
21389 -261.0000000000
21418 -260.0000000000
21469 -259.0000000000
21495 -258.0000000000
21551 -257.0000000000
21584 -255.0000000000
21636 -254.0000000000
21687 -251.0000000000
21727 -250.0000000000
21783 -249.0000000000
21803 -247.0000000000
21834 -246.0000000000
21915 -245.0000000000
21924 -244.0000000000
21968 -242.0000000000
22002 -241.0000000000
22107 -239.0000000000
22187 -238.0000000000
22207 -237.0000000000
22259 -236.0000000000
22285 -235.0000000000
22303 -234.0000000000
22306 -233.0000000000
22345 -232.0000000000
22374 -231.0000000000
22408 -230.0000000000
22462 -228.0000000000
22565 -227.0000000000
22573 -226.0000000000
22591 -224.0000000000
22706 -223.0000000000
22732 -221.0000000000
22781 -220.0000000000
22802 -219.0000000000
22856 -218.0000000000
22887 -217.0000000000
22926 -216.0000000000
22964 -214.0000000000
22972 -213.0000000000
23056 -212.0000000000
23058 -211.0000000000
23084 -210.0000000000
23154 -205.0000000000
23244 -204.0000000000
23271 -203.0000000000
23323 -202.0000000000
23373 -201.0000000000
23374 -200.0000000000
23458 -198.0000000000
23554 -197.0000000000
23592 -196.0000000000
23604 -193.0000000000
23681 -190.0000000000
23724 -188.0000000000
23836 -186.0000000000
23888 -185.0000000000
23948 -184.0000000000
24022 -183.0000000000
24023 -182.0000000000
24108 -181.0000000000
24170 -180.0000000000
24207 -179.0000000000
24223 -176.0000000000
24304 -174.0000000000
24412 -172.0000000000
24469 -171.0000000000
24526 -170.0000000000
24607 -167.0000000000
24657 -166.0000000000
24702 -165.0000000000
24778 -163.0000000000
24815 -162.0000000000
24857 -161.0000000000
24888 -160.0000000000
24918 -159.0000000000
24947 -158.0000000000
25004 -157.0000000000
25051 -154.0000000000
25136 -153.0000000000
25156 -152.0000000000
25187 -151.0000000000
25240 -150.0000000000
25278 -149.0000000000
25323 -148.0000000000
25344 -147.0000000000
25373 -146.0000000000
25421 -145.0000000000
25443 -144.0000000000
25543 -143.0000000000
25567 -142.0000000000
25621 -140.0000000000
25699 -138.0000000000
25710 -137.0000000000
25754 -136.0000000000
25807 -135.0000000000
25812 -134.0000000000
25884 -133.0000000000
25932 -132.0000000000
25958 -131.0000000000
26036 -130.0000000000
26079 -129.0000000000
26098 -128.0000000000
26138 -127.0000000000
26189 -126.0000000000
26224 -125.0000000000
26259 -123.0000000000
26281 -122.0000000000
26340 -121.0000000000
26350 -119.0000000000
26420 -118.0000000000
26457 -117.0000000000
26497 -116.0000000000
26537 -115.0000000000
26599 -114.0000000000
26662 -113.0000000000
26719 -112.0000000000
26729 -111.0000000000
26760 -110.0000000000
26783 -109.0000000000
26791 -108.0000000000
26821 -107.0000000000
26877 -106.0000000000
26903 -104.0000000000
27013 -103.0000000000
27085 -102.0000000000
27128 -100.0000000000
27261 -98.0000000000
27282 -97.0000000000
27388 -96.0000000000
27444 -95.0000000000
27469 -93.0000000000
27569 -92.0000000000
27678 -91.0000000000
27699 -90.0000000000
27739 -89.0000000000
27786 -88.0000000000
27865 -87.0000000000
27905 -86.0000000000
27954 -85.0000000000
27981 -84.0000000000
28030 -83.0000000000
28059 -82.0000000000
28102 -81.0000000000
28104 -80.0000000000
28114 -79.0000000000
28165 -78.0000000000
28183 -76.0000000000
28246 -75.0000000000
28285 -74.0000000000
28323 -73.0000000000
28391 -72.0000000000
28412 -71.0000000000
28458 -70.0000000000
28500 -68.0000000000
28569 -67.0000000000
28623 -66.0000000000
28653 -65.0000000000
28684 -64.0000000000
28730 -63.0000000000
28752 -62.0000000000
28771 -61.0000000000
28822 -59.0000000000
28868 -58.0000000000
28905 -57.0000000000
28925 -55.0000000000
29065 -54.0000000000
29078 -53.0000000000
29181 -52.0000000000
29192 -51.0000000000
29251 -50.0000000000
29314 -49.0000000000
29325 -48.0000000000
29343 -47.0000000000
29424 -46.0000000000
29498 -45.0000000000
29502 -44.0000000000
29534 -42.0000000000
29693 -41.0000000000
29711 -40.0000000000
29744 -39.0000000000
29819 -38.0000000000
29949 -37.0000000000
29992 -36.0000000000
30023 -35.0000000000
30134 -34.0000000000
30180 -33.0000000000
30230 -32.0000000000
30338 -31.0000000000
30399 -30.0000000000
30406 -29.0000000000
30458 -28.0000000000
30535 -27.0000000000
30551 -26.0000000000
30702 -25.0000000000
30770 -24.0000000000
30805 -23.0000000000
30860 -22.0000000000
30929 -21.0000000000
31025 -20.0000000000
31133 -18.0000000000
31276 -16.0000000000
31370 -15.0000000000
31448 -14.0000000000
31529 -13.0000000000
31585 -11.0000000000
31660 -10.0000000000
31768 -9.0000000000
31879 -8.0000000000
31906 -7.0000000000
31995 -6.0000000000
32074 -5.0000000000
32142 -4.0000000000
32204 -3.0000000000
32287 -2.0000000000
32310 -1.0000000000
32401 553.9800000000
32462 574.7300000000
32616 575.0300000000
32631 580.2300000000
32771 582.6500000000
32920 587.6900000000
33088 591.9300000000
33348 599.5000000000
33359 601.3800000000
33384 608.0700000000
33573 609.3200000000
33609 664.6100000000
33651 677.5600000000
33720 684.1900000000
33754 701.6300000000
34058 706.4200000000
34216 710.5300000000
34343 725.1100000000
34912 733.2900000000
35062 745.0500000000
36461 758.6700000000
36703 783.1100000000
36735 818.8600000000
36742 839.3000000000
36930 845.5200000000
37361 849.6800000000
38653 850.2200000000
39277 860.2000000000
39612 933.9600000000
39930 935.9600000000
39936 938.0700000000
39950 941.4000000000
39978 946.9900000000
40055 952.5500000000
40266 954.5500000000
40470 961.7500000000
40731 974.5000000000
47768 975.0600000000
47877 1067.6200000000
48010 1072.8600000000
48077 1073.3200000000
48102 1087.6700000000
48592 1096.8800000000
53679 1101.4600000000
54362 1104.4900000000
54582 1110.7200000000
54724 1114.5800000000
55061 1115.0100000000
55276 1117.0200000000
55504 1119.4200000000
56259 1122.4800000000
56633 1124.6700000000
56697 1150.1500000000
56824 1160.2000000000
56862 1161.4800000000
56892 1163.2900000000
56900 1165.6000000000
56915 1166.7700000000
57059 1170.2300000000
57209 1174.0000000000
57268 1174.0200000000
57431 1186.2700000000
58315 1187.1500000000
58485 1187.9800000000
59933 1192.3400000000
61238 1192.6200000000
61844 1192.8800000000
62238 1200.0500000000
66098 1210.4300000000
66225 1210.7000000000
66276 1212.1100000000
66342 1213.3500000000
66348 1214.0400000000
66478 1215.7600000000
66572 1217.5100000000
66705 1218.9800000000
66755 1220.4100000000
66845 1220.6600000000
67134 1220.7900000000
67148 1221.9800000000
67548 1225.5100000000
69736 1226.2400000000
71627 1226.8500000000
72610 1227.9500000000
73417 1229.7900000000
74582 1241.4000000000
100000 -3.0000000000
evaluations raw_y
1 -1967.0000000000
2 -1952.0000000000
4 -1907.0000000000
5 -1883.0000000000
15 -1850.0000000000
21 -1846.0000000000
44 -1839.0000000000
47 -1838.0000000000
55 -1814.0000000000
72 -1806.0000000000
92 -1802.0000000000
93 -1783.0000000000
126 -1776.0000000000
132 -1768.0000000000
145 -1767.0000000000
147 -1764.0000000000
157 -1763.0000000000
167 -1755.0000000000
170 -1745.0000000000
182 -1737.0000000000
193 -1733.0000000000
202 -1732.0000000000
222 -1712.0000000000
254 -1708.0000000000
258 -1707.0000000000
266 -1706.0000000000
267 -1705.0000000000
277 -1700.0000000000
306 -1699.0000000000
319 -1696.0000000000
321 -1693.0000000000
327 -1692.0000000000
346 -1688.0000000000
361 -1687.0000000000
368 -1685.0000000000
388 -1679.0000000000
391 -1675.0000000000
415 -1670.0000000000
422 -1667.0000000000
443 -1663.0000000000
448 -1662.0000000000
450 -1660.0000000000
479 -1654.0000000000
485 -1651.0000000000
496 -1648.0000000000
506 -1647.0000000000
518 -1646.0000000000
523 -1642.0000000000
550 -1641.0000000000
565 -1639.0000000000
568 -1638.0000000000
580 -1637.0000000000
581 -1634.0000000000
584 -1630.0000000000
603 -1626.0000000000
627 -1624.0000000000
654 -1623.0000000000
655 -1622.0000000000
661 -1621.0000000000
662 -1616.0000000000
684 -1614.0000000000
697 -1606.0000000000
702 -1605.0000000000
734 -1603.0000000000
756 -1597.0000000000
778 -1596.0000000000
786 -1593.0000000000
810 -1591.0000000000
819 -1590.0000000000
845 -1589.0000000000
865 -1588.0000000000
867 -1587.0000000000
882 -1586.0000000000
884 -1585.0000000000
889 -1582.0000000000
908 -1580.0000000000
957 -1577.0000000000
961 -1575.0000000000
989 -1572.0000000000
1030 -1568.0000000000
1062 -1567.0000000000
1067 -1565.0000000000
1084 -1564.0000000000
1102 -1562.0000000000
1113 -1560.0000000000
1123 -1558.0000000000
1162 -1555.0000000000
1187 -1553.0000000000
1204 -1552.0000000000
1207 -1551.0000000000
1224 -1549.0000000000
1241 -1548.0000000000
1262 -1546.0000000000
1268 -1544.0000000000
1312 -1541.0000000000
1344 -1540.0000000000
1346 -1539.0000000000
1375 -1536.0000000000
1415 -1535.0000000000
1423 -1532.0000000000
1449 -1531.0000000000
1463 -1529.0000000000
1490 -1528.0000000000
1497 -1527.0000000000
1506 -1526.0000000000
1522 -1525.0000000000
1523 -1522.0000000000
1549 -1520.0000000000
1551 -1519.0000000000
1566 -1518.0000000000
1582 -1517.0000000000
1606 -1516.0000000000
1622 -1513.0000000000
1643 -1511.0000000000
1661 -1510.0000000000
1696 -1507.0000000000
1714 -1504.0000000000
1761 -1503.0000000000
1789 -1499.0000000000
1830 -1498.0000000000
1845 -1495.0000000000
1857 -1493.0000000000
1893 -1492.0000000000
1902 -1488.0000000000
1926 -1487.0000000000
1963 -1486.0000000000
1980 -1485.0000000000
1990 -1483.0000000000
2000 -1482.0000000000
2014 -1481.0000000000
2024 -1477.0000000000
2082 -1476.0000000000
2103 -1475.0000000000
2125 -1470.0000000000
2168 -1468.0000000000
2177 -1467.0000000000
2183 -1465.0000000000
2195 -1463.0000000000
2206 -1459.0000000000
2227 -1458.0000000000
2267 -1457.0000000000
2282 -1455.0000000000
2293 -1452.0000000000
2312 -1451.0000000000
2324 -1449.0000000000
2342 -1448.0000000000
2365 -1446.0000000000
2379 -1445.0000000000
2383 -1444.0000000000
2397 -1440.0000000000
2407 -1439.0000000000
2447 -1438.0000000000
2460 -1435.0000000000
2461 -1434.0000000000
2487 -1433.0000000000
2518 -1431.0000000000
2522 -1428.0000000000
2573 -1427.0000000000
2597 -1425.0000000000
2602 -1424.0000000000
2627 -1422.0000000000
2642 -1421.0000000000
2665 -1418.0000000000
2681 -1416.0000000000
2694 -1415.0000000000
2703 -1414.0000000000
2707 -1411.0000000000
2764 -1409.0000000000
2811 -1403.0000000000
2843 -1402.0000000000
2848 -1401.0000000000
2883 -1399.0000000000
2889 -1398.0000000000
2925 -1397.0000000000
2939 -1396.0000000000
2956 -1395.0000000000
2967 -1394.0000000000
2975 -1392.0000000000
2984 -1385.0000000000
3002 -1378.0000000000
3049 -1377.0000000000
3072 -1375.0000000000
3081 -1373.0000000000
3124 -1368.0000000000
3161 -1367.0000000000
3167 -1366.0000000000
3174 -1365.0000000000
3189 -1364.0000000000
3213 -1363.0000000000
3220 -1362.0000000000
3221 -1361.0000000000
3251 -1357.0000000000
3280 -1356.0000000000
3302 -1355.0000000000
3307 -1352.0000000000
3341 -1351.0000000000
3354 -1350.0000000000
3362 -1349.0000000000
3381 -1344.0000000000
3429 -1342.0000000000
3458 -1341.0000000000
3462 -1340.0000000000
3463 -1338.0000000000
3487 -1337.0000000000
3504 -1335.0000000000
3508 -1334.0000000000
3524 -1333.0000000000
3531 -1331.0000000000
3564 -1330.0000000000
3567 -1329.0000000000
3601 -1328.0000000000
3630 -1327.0000000000
3646 -1325.0000000000
3675 -1324.0000000000
3679 -1323.0000000000
3683 -1322.0000000000
3711 -1320.0000000000
3716 -1318.0000000000
3763 -1317.0000000000
3777 -1316.0000000000
3804 -1315.0000000000
3812 -1313.0000000000
3844 -1311.0000000000
3867 -1309.0000000000
3890 -1308.0000000000
3905 -1307.0000000000
3916 -1305.0000000000
3944 -1304.0000000000
3954 -1302.0000000000
3964 -1301.0000000000
3977 -1299.0000000000
3993 -1298.0000000000
4013 -1297.0000000000
4023 -1296.0000000000
4045 -1294.0000000000
4081 -1293.0000000000
4094 -1291.0000000000
4100 -1289.0000000000
4131 -1288.0000000000
4133 -1287.0000000000
4141 -1286.0000000000
4171 -1285.0000000000
4186 -1284.0000000000
4197 -1283.0000000000
4203 -1281.0000000000
4224 -1280.0000000000
4251 -1279.0000000000
4272 -1278.0000000000
4285 -1277.0000000000
4294 -1276.0000000000
4302 -1274.0000000000
4322 -1271.0000000000
4349 -1270.0000000000
4361 -1268.0000000000
4393 -1267.0000000000
4397 -1266.0000000000
4404 -1262.0000000000
4435 -1260.0000000000
4452 -1258.0000000000
4461 -1257.0000000000
4478 -1256.0000000000
4498 -1254.0000000000
4545 -1249.0000000000
4580 -1247.0000000000
4592 -1246.0000000000
4610 -1245.0000000000
4645 -1243.0000000000
4674 -1242.0000000000
4688 -1241.0000000000
4702 -1240.0000000000
4715 -1239.0000000000
4718 -1238.0000000000
4723 -1236.0000000000
4750 -1234.0000000000
4767 -1232.0000000000
4769 -1231.0000000000
4800 -1229.0000000000
4822 -1228.0000000000
4839 -1227.0000000000
4858 -1225.0000000000
4863 -1222.0000000000
4907 -1221.0000000000
4922 -1220.0000000000
4944 -1219.0000000000
4947 -1218.0000000000
4961 -1215.0000000000
5001 -1213.0000000000
5049 -1212.0000000000
5061 -1210.0000000000
5084 -1207.0000000000
5110 -1205.0000000000
5163 -1204.0000000000
5179 -1200.0000000000
5201 -1198.0000000000
5227 -1196.0000000000
5233 -1195.0000000000
5250 -1193.0000000000
5282 -1192.0000000000
5353 -1191.0000000000
5362 -1190.0000000000
5376 -1189.0000000000
5388 -1188.0000000000
5405 -1185.0000000000
5470 -1184.0000000000
5518 -1182.0000000000
5526 -1181.0000000000
5565 -1179.0000000000
5581 -1178.0000000000
5585 -1176.0000000000
5601 -1174.0000000000
5618 -1173.0000000000
5628 -1172.0000000000
5673 -1168.0000000000
5716 -1167.0000000000
5718 -1166.0000000000
5726 -1164.0000000000
5767 -1163.0000000000
5781 -1162.0000000000
5782 -1159.0000000000
5815 -1156.0000000000
5875 -1155.0000000000
5882 -1152.0000000000
5926 -1149.0000000000
5943 -1148.0000000000
5972 -1147.0000000000
5975 -1146.0000000000
6008 -1141.0000000000
6067 -1140.0000000000
6073 -1139.0000000000
6075 -1138.0000000000
6102 -1137.0000000000
6108 -1135.0000000000
6122 -1134.0000000000
6154 -1133.0000000000
6157 -1132.0000000000
6162 -1131.0000000000
6166 -1130.0000000000
6227 -1127.0000000000
6265 -1125.0000000000
6267 -1124.0000000000
6290 -1122.0000000000
6321 -1119.0000000000
6359 -1117.0000000000
6367 -1116.0000000000
6381 -1115.0000000000
6385 -1113.0000000000
6442 -1112.0000000000
6461 -1110.0000000000
6481 -1109.0000000000
6511 -1108.0000000000
6524 -1107.0000000000
6533 -1106.0000000000
6558 -1103.0000000000
6583 -1101.0000000000
6586 -1100.0000000000
6622 -1099.0000000000
6640 -1097.0000000000
6651 -1096.0000000000
6682 -1095.0000000000
6701 -1094.0000000000
6708 -1092.0000000000
6723 -1090.0000000000
6764 -1089.0000000000
6767 -1088.0000000000
6776 -1087.0000000000
6794 -1086.0000000000
6806 -1085.0000000000
6818 -1083.0000000000
6829 -1081.0000000000
6846 -1078.0000000000
6882 -1076.0000000000
6921 -1075.0000000000
6940 -1073.0000000000
6966 -1072.0000000000
6982 -1070.0000000000
6984 -1069.0000000000
7018 -1068.0000000000
7026 -1064.0000000000
7061 -1063.0000000000
7064 -1062.0000000000
7073 -1061.0000000000
7094 -1060.0000000000
7096 -1058.0000000000
7159 -1057.0000000000
7171 -1056.0000000000
7186 -1055.0000000000
7202 -1054.0000000000
7231 -1053.0000000000
7233 -1052.0000000000
7242 -1051.0000000000
7244 -1050.0000000000
7279 -1049.0000000000
7284 -1047.0000000000
7320 -1044.0000000000
7321 -1043.0000000000
7335 -1042.0000000000
7373 -1041.0000000000
7388 -1040.0000000000
7405 -1039.0000000000
7418 -1038.0000000000
7432 -1036.0000000000
7450 -1033.0000000000
7470 -1030.0000000000
7522 -1029.0000000000
7524 -1028.0000000000
7545 -1026.0000000000
7561 -1025.0000000000
7600 -1024.0000000000
7606 -1023.0000000000
7625 -1021.0000000000
7630 -1020.0000000000
7658 -1019.0000000000
7665 -1018.0000000000
7686 -1017.0000000000
7708 -1016.0000000000
7724 -1015.0000000000
7728 -1014.0000000000
7743 -1013.0000000000
7755 -1010.0000000000
7779 -1009.0000000000
7788 -1008.0000000000
7805 -1006.0000000000
7865 -1004.0000000000
7894 -1003.0000000000
7901 -1001.0000000000
7902 -997.0000000000
7958 -995.0000000000
7990 -994.0000000000
8005 -992.0000000000
8029 -991.0000000000
8031 -990.0000000000
8059 -989.0000000000
8088 -988.0000000000
8113 -986.0000000000
8128 -985.0000000000
8136 -984.0000000000
8166 -983.0000000000
8204 -982.0000000000
8205 -981.0000000000
8210 -980.0000000000
8249 -979.0000000000
8270 -978.0000000000
8275 -977.0000000000
8312 -975.0000000000
8323 -974.0000000000
8335 -972.0000000000
8346 -971.0000000000
8396 -970.0000000000
8408 -968.0000000000
8419 -967.0000000000
8455 -966.0000000000
8463 -965.0000000000
8468 -963.0000000000
8519 -961.0000000000
8532 -958.0000000000
8584 -957.0000000000
8596 -956.0000000000
8611 -955.0000000000
8630 -952.0000000000
8688 -949.0000000000
8716 -948.0000000000
8727 -947.0000000000
8733 -945.0000000000
8759 -944.0000000000
8784 -943.0000000000
8806 -941.0000000000
8832 -940.0000000000
8846 -938.0000000000
8873 -937.0000000000
8903 -936.0000000000
8933 -935.0000000000
8943 -934.0000000000
8963 -931.0000000000
9000 -929.0000000000
9038 -928.0000000000
9043 -927.0000000000
9061 -925.0000000000
9099 -924.0000000000
9101 -923.0000000000
9137 -921.0000000000
9181 -920.0000000000
9196 -918.0000000000
9217 -916.0000000000
9242 -915.0000000000
9258 -913.0000000000
9288 -911.0000000000
9295 -910.0000000000
9324 -909.0000000000
9343 -904.0000000000
9367 -903.0000000000
9391 -899.0000000000
9445 -898.0000000000
9461 -897.0000000000
9488 -896.0000000000
9489 -895.0000000000
9519 -894.0000000000
9542 -893.0000000000
9572 -892.0000000000
9598 -891.0000000000
9605 -889.0000000000
9642 -887.0000000000
9664 -886.0000000000
9681 -884.0000000000
9704 -883.0000000000
9708 -882.0000000000
9737 -880.0000000000
9781 -877.0000000000
9834 -876.0000000000
9869 -874.0000000000
9892 -873.0000000000
9911 -872.0000000000
9949 -871.0000000000
9955 -870.0000000000
9966 -869.0000000000
9984 -868.0000000000
10002 -867.0000000000
10023 -865.0000000000
10051 -863.0000000000
10068 -861.0000000000
10119 -859.0000000000
10135 -858.0000000000
10161 -857.0000000000
10162 -856.0000000000
10184 -855.0000000000
10216 -854.0000000000
10222 -853.0000000000
10228 -851.0000000000
10249 -850.0000000000
10274 -848.0000000000
10301 -847.0000000000
10303 -845.0000000000
10356 -843.0000000000
10366 -842.0000000000
10437 -841.0000000000
10439 -840.0000000000
10444 -839.0000000000
10465 -838.0000000000
10466 -837.0000000000
10488 -836.0000000000
10501 -833.0000000000
10529 -831.0000000000
10571 -830.0000000000
10583 -828.0000000000
10623 -826.0000000000
10661 -824.0000000000
10665 -823.0000000000
10693 -822.0000000000
10719 -820.0000000000
10749 -818.0000000000
10785 -817.0000000000
10793 -815.0000000000
10806 -814.0000000000
10846 -813.0000000000
10851 -810.0000000000
10911 -809.0000000000
10925 -808.0000000000
10944 -806.0000000000
10960 -803.0000000000
11020 -802.0000000000
11025 -801.0000000000
11044 -800.0000000000
11074 -799.0000000000
11088 -796.0000000000
11108 -795.0000000000
11112 -794.0000000000
11136 -793.0000000000
11146 -792.0000000000
11176 -791.0000000000
11182 -790.0000000000
11189 -788.0000000000
11231 -785.0000000000
11264 -784.0000000000
11279 -783.0000000000
11283 -782.0000000000
11304 -781.0000000000
11339 -779.0000000000
11342 -778.0000000000
11363 -777.0000000000
11387 -776.0000000000
11400 -775.0000000000
11401 -770.0000000000
11446 -767.0000000000
11518 -766.0000000000
11524 -765.0000000000
11545 -764.0000000000
11561 -762.0000000000
11611 -761.0000000000
11612 -759.0000000000
11644 -758.0000000000
11667 -757.0000000000
11684 -754.0000000000
11734 -752.0000000000
11755 -750.0000000000
11773 -749.0000000000
11781 -745.0000000000
11846 -742.0000000000
11873 -741.0000000000
11894 -739.0000000000
11913 -737.0000000000
11954 -734.0000000000
11986 -733.0000000000
11990 -731.0000000000
12001 -730.0000000000
12042 -729.0000000000
12068 -728.0000000000
12084 -727.0000000000
12113 -725.0000000000
12123 -724.0000000000
12142 -723.0000000000
12174 -722.0000000000
12181 -721.0000000000
12185 -720.0000000000
12202 -719.0000000000
12222 -718.0000000000
12268 -717.0000000000
12274 -713.0000000000
12334 -712.0000000000
12385 -709.0000000000
12445 -708.0000000000
12452 -707.0000000000
12462 -706.0000000000
12500 -704.0000000000
12563 -703.0000000000
12577 -702.0000000000
12581 -701.0000000000
12626 -700.0000000000
12632 -698.0000000000
12664 -696.0000000000
12711 -695.0000000000
12727 -694.0000000000
12748 -693.0000000000
12775 -692.0000000000
12777 -691.0000000000
12804 -688.0000000000
12826 -687.0000000000
12871 -685.0000000000
12891 -684.0000000000
12911 -683.0000000000
12928 -682.0000000000
12955 -681.0000000000
12972 -679.0000000000
13004 -678.0000000000
13044 -676.0000000000
13066 -675.0000000000
13135 -674.0000000000
13149 -672.0000000000
13150 -671.0000000000
13196 -670.0000000000
13245 -669.0000000000
13287 -667.0000000000
13307 -666.0000000000
13331 -665.0000000000
13333 -664.0000000000
13347 -662.0000000000
13403 -659.0000000000
13457 -656.0000000000
13489 -653.0000000000
13541 -652.0000000000
13553 -651.0000000000
13562 -650.0000000000
13609 -649.0000000000
13610 -648.0000000000
13637 -647.0000000000
13650 -646.0000000000
13683 -645.0000000000
13684 -641.0000000000
13737 -639.0000000000
13792 -638.0000000000
13810 -636.0000000000
13827 -635.0000000000
13838 -634.0000000000
13845 -632.0000000000
13893 -631.0000000000
13922 -630.0000000000
13926 -628.0000000000
13953 -626.0000000000
13993 -625.0000000000
14016 -624.0000000000
14050 -623.0000000000
14052 -622.0000000000
14067 -620.0000000000
14095 -619.0000000000
14123 -617.0000000000
14152 -615.0000000000
14219 -614.0000000000
14244 -613.0000000000
14258 -612.0000000000
14261 -611.0000000000
14291 -610.0000000000
14311 -609.0000000000
14328 -608.0000000000
14350 -606.0000000000
14397 -605.0000000000
14409 -604.0000000000
14435 -603.0000000000
14441 -601.0000000000
14461 -600.0000000000
14481 -598.0000000000
14505 -596.0000000000
14569 -595.0000000000
14570 -594.0000000000
14621 -593.0000000000
14647 -592.0000000000
14649 -589.0000000000
14699 -587.0000000000
14757 -586.0000000000
14768 -584.0000000000
14783 -583.0000000000
14805 -582.0000000000
14891 -581.0000000000
14934 -579.0000000000
14941 -576.0000000000
15002 -575.0000000000
15026 -574.0000000000
15042 -573.0000000000
15061 -571.0000000000
15121 -570.0000000000
15148 -569.0000000000
15165 -568.0000000000
15170 -565.0000000000
15214 -564.0000000000
15242 -562.0000000000
15264 -561.0000000000
15283 -560.0000000000
15289 -559.0000000000
15314 -558.0000000000
15330 -556.0000000000
15396 -555.0000000000
15415 -554.0000000000
15417 -553.0000000000
15431 -550.0000000000
15459 -549.0000000000
15464 -546.0000000000
15516 -545.0000000000
15541 -543.0000000000
15584 -542.0000000000
15591 -541.0000000000
15613 -540.0000000000
15663 -537.0000000000
15704 -536.0000000000
15706 -535.0000000000
15753 -530.0000000000
15824 -528.0000000000
15863 -526.0000000000
15888 -524.0000000000
15905 -523.0000000000
15916 -522.0000000000
15975 -521.0000000000
15997 -520.0000000000
16009 -519.0000000000
16063 -518.0000000000
16076 -517.0000000000
16120 -516.0000000000
16148 -515.0000000000
16161 -514.0000000000
16174 -513.0000000000
16184 -512.0000000000
16199 -511.0000000000
16227 -509.0000000000
16270 -507.0000000000
16291 -506.0000000000
16302 -504.0000000000
16386 -503.0000000000
16408 -502.0000000000
16421 -501.0000000000
16456 -500.0000000000
16489 -499.0000000000
16500 -498.0000000000
16529 -497.0000000000
16579 -496.0000000000
16599 -493.0000000000
16647 -492.0000000000
16660 -491.0000000000
16668 -490.0000000000
16705 -488.0000000000
16725 -486.0000000000
16793 -485.0000000000
16814 -484.0000000000
16816 -483.0000000000
16880 -478.0000000000
16954 -477.0000000000
16977 -472.0000000000
17069 -471.0000000000
17131 -470.0000000000
17148 -468.0000000000
17206 -467.0000000000
17207 -466.0000000000
17237 -464.0000000000
17271 -460.0000000000
17343 -458.0000000000
17388 -457.0000000000
17411 -456.0000000000
17431 -455.0000000000
17489 -451.0000000000
17519 -450.0000000000
17537 -449.0000000000
17565 -447.0000000000
17582 -445.0000000000
17637 -444.0000000000
17644 -442.0000000000
17728 -441.0000000000
17750 -440.0000000000
17763 -439.0000000000
17786 -438.0000000000
17802 -437.0000000000
17820 -434.0000000000
17868 -433.0000000000
17886 -432.0000000000
17921 -431.0000000000
17923 -428.0000000000
17986 -427.0000000000
17999 -426.0000000000
18022 -424.0000000000
18032 -423.0000000000
18079 -422.0000000000
18103 -420.0000000000
18146 -418.0000000000
18195 -417.0000000000
18209 -416.0000000000
18226 -415.0000000000
18236 -414.0000000000
18261 -413.0000000000
18306 -412.0000000000
18339 -411.0000000000
18383 -409.0000000000
18457 -407.0000000000
18489 -406.0000000000
18505 -403.0000000000
18560 -402.0000000000
18592 -400.0000000000
18638 -399.0000000000
18649 -398.0000000000
18671 -397.0000000000
18682 -396.0000000000
18718 -395.0000000000
18734 -392.0000000000
18770 -391.0000000000
18818 -390.0000000000
18863 -389.0000000000
18878 -388.0000000000
18886 -386.0000000000
18941 -384.0000000000
18955 -381.0000000000
19021 -380.0000000000
19068 -378.0000000000
19157 -377.0000000000
19167 -376.0000000000
19204 -373.0000000000
19281 -372.0000000000
19310 -371.0000000000
19353 -369.0000000000
19400 -366.0000000000
19485 -365.0000000000
19524 -364.0000000000
19575 -363.0000000000
19604 -362.0000000000
19664 -361.0000000000
19706 -360.0000000000
19751 -358.0000000000
19810 -357.0000000000
19884 -356.0000000000
19908 -355.0000000000
19925 -354.0000000000
20005 -352.0000000000
20054 -350.0000000000
20088 -349.0000000000
20111 -348.0000000000
20124 -347.0000000000
20131 -346.0000000000
20193 -345.0000000000
20197 -343.0000000000
20234 -342.0000000000
20253 -341.0000000000
20279 -340.0000000000
20322 -339.0000000000
20354 -338.0000000000
20382 -337.0000000000
20416 -336.0000000000
20453 -335.0000000000
20488 -334.0000000000
20531 -333.0000000000
20565 -332.0000000000
20588 -331.0000000000
20598 -329.0000000000
20613 -328.0000000000
20654 -327.0000000000
20714 -326.0000000000
20724 -325.0000000000
20745 -323.0000000000
20756 -322.0000000000
20796 -321.0000000000
20802 -320.0000000000
20840 -319.0000000000
20870 -317.0000000000
20911 -316.0000000000
20961 -315.0000000000
20993 -314.0000000000
21041 -313.0000000000
21073 -309.0000000000
21144 -307.0000000000
21190 -306.0000000000
21215 -305.0000000000
21279 -303.0000000000
21311 -302.0000000000
21346 -299.0000000000
21386 -296.0000000000
21486 -294.0000000000
21578 -293.0000000000
21587 -292.0000000000
21650 -291.0000000000
21693 -290.0000000000
21741 -289.0000000000
21782 -287.0000000000
21785 -286.0000000000
21867 -285.0000000000
21904 -284.0000000000
21931 -283.0000000000
21967 -282.0000000000
21975 -279.0000000000
21997 -277.0000000000
22059 -276.0000000000
22061 -275.0000000000
22145 -273.0000000000
22213 -272.0000000000
22220 -269.0000000000
22258 -268.0000000000
22303 -267.0000000000
22353 -266.0000000000
22401 -265.0000000000
22423 -263.0000000000
22464 -260.0000000000
22522 -259.0000000000
22561 -258.0000000000
22566 -257.0000000000
22588 -256.0000000000
22597 -255.0000000000
22626 -252.0000000000
22707 -251.0000000000
22732 -250.0000000000
22749 -249.0000000000
22768 -248.0000000000
22808 -246.0000000000
22832 -244.0000000000
22878 -243.0000000000
22904 -242.0000000000
22922 -241.0000000000
22954 -239.0000000000
23018 -238.0000000000
23027 -237.0000000000
23066 -236.0000000000
23075 -235.0000000000
23081 -234.0000000000
23108 -233.0000000000
23174 -232.0000000000
23185 -231.0000000000
23209 -230.0000000000
23287 -229.0000000000
23311 -227.0000000000
23370 -225.0000000000
23465 -224.0000000000
23517 -223.0000000000
23548 -222.0000000000
23552 -221.0000000000
23575 -220.0000000000
23648 -219.0000000000
23670 -218.0000000000
23709 -217.0000000000
23739 -216.0000000000
23769 -215.0000000000
23820 -214.0000000000
23859 -213.0000000000
23862 -212.0000000000
23916 -211.0000000000
23963 -209.0000000000
24011 -208.0000000000
24031 -205.0000000000
24074 -204.0000000000
24097 -203.0000000000
24144 -202.0000000000
24164 -201.0000000000
24173 -198.0000000000
24305 -196.0000000000
24422 -195.0000000000
24456 -194.0000000000
24508 -193.0000000000
24521 -192.0000000000
24546 -191.0000000000
24595 -190.0000000000
24627 -189.0000000000
24650 -188.0000000000
24655 -186.0000000000
24656 -185.0000000000
24766 -184.0000000000
24787 -182.0000000000
24900 -181.0000000000
24906 -180.0000000000
24986 -177.0000000000
25064 -176.0000000000
25105 -175.0000000000
25120 -174.0000000000
25146 -173.0000000000
25188 -169.0000000000
25220 -168.0000000000
25226 -165.0000000000
25274 -163.0000000000
25301 -162.0000000000
25411 -161.0000000000
25431 -160.0000000000
25442 -159.0000000000
25495 -158.0000000000
25518 -157.0000000000
25565 -156.0000000000
25569 -154.0000000000
25634 -153.0000000000
25721 -150.0000000000
25796 -149.0000000000
25806 -148.0000000000
25848 -146.0000000000
25891 -145.0000000000
25962 -144.0000000000
25991 -143.0000000000
26071 -141.0000000000
26125 -139.0000000000
26182 -138.0000000000
26183 -136.0000000000
26257 -134.0000000000
26300 -132.0000000000
26366 -131.0000000000
26396 -130.0000000000
26423 -128.0000000000
26455 -126.0000000000
26506 -124.0000000000
26534 -123.0000000000
26636 -122.0000000000
26638 -121.0000000000
26731 -120.0000000000
26767 -119.0000000000
26807 -118.0000000000
26883 -117.0000000000
26940 -116.0000000000
26942 -114.0000000000
27002 -112.0000000000
27105 -111.0000000000
27140 -109.0000000000
27232 -108.0000000000
27263 -107.0000000000
27337 -106.0000000000
27349 -105.0000000000
27385 -104.0000000000
27443 -103.0000000000
27514 -102.0000000000
27583 -101.0000000000
27596 -100.0000000000
27615 -99.0000000000
27638 -98.0000000000
27691 -96.0000000000
27716 -95.0000000000
27762 -94.0000000000
27867 -93.0000000000
27896 -89.0000000000
27985 -88.0000000000
28026 -87.0000000000
28082 -86.0000000000
28102 -84.0000000000
28183 -83.0000000000
28201 -82.0000000000
28224 -81.0000000000
28243 -80.0000000000
28274 -79.0000000000
28304 -78.0000000000
28428 -77.0000000000
28483 -76.0000000000
28526 -75.0000000000
28574 -74.0000000000
28588 -71.0000000000
28669 -70.0000000000
28722 -69.0000000000
28772 -68.0000000000
28794 -67.0000000000
28893 -66.0000000000
28969 -65.0000000000
29029 -64.0000000000
29073 -63.0000000000
29089 -62.0000000000
29145 -61.0000000000
29218 -59.0000000000
29229 -58.0000000000
29346 -57.0000000000
29377 -56.0000000000
29428 -55.0000000000
29464 -54.0000000000
29555 -53.0000000000
29587 -52.0000000000
29672 -51.0000000000
29710 -50.0000000000
29773 -49.0000000000
29821 -47.0000000000
29927 -46.0000000000
29984 -45.0000000000
30006 -44.0000000000
30074 -43.0000000000
30164 -42.0000000000
30177 -41.0000000000
30226 -40.0000000000
30327 -39.0000000000
30409 -38.0000000000
30481 -37.0000000000
30545 -36.0000000000
30591 -35.0000000000
30617 -34.0000000000
30762 -33.0000000000
30763 -32.0000000000
30856 -31.0000000000
30915 -30.0000000000
30936 -29.0000000000
30978 -27.0000000000
31056 -26.0000000000
31121 -25.0000000000
31240 -24.0000000000
31391 -23.0000000000
31422 -22.0000000000
31461 -20.0000000000
31640 -19.0000000000
31724 -18.0000000000
31817 -16.0000000000
31905 -15.0000000000
32004 -14.0000000000
32043 -12.0000000000
32127 -11.0000000000
32285 -10.0000000000
32355 -9.0000000000
32361 -8.0000000000
32410 -7.0000000000
32427 -5.0000000000
32589 -4.0000000000
32614 -3.0000000000
32772 -2.0000000000
32922 -1.0000000000
32948 598.4800000000
33020 604.5100000000
33101 628.8800000000
33144 635.0600000000
33171 637.6200000000
33191 649.4500000000
33265 654.2600000000
33276 658.5400000000
33301 687.6100000000
33707 689.3100000000
34177 690.5200000000
34424 691.0200000000
35089 693.8400000000
35280 697.7200000000
35321 697.9700000000
35997 700.4200000000
36087 709.5800000000
36567 711.4500000000
36634 713.8100000000
36713 714.3800000000
37014 719.2100000000
38096 720.2100000000
38105 720.5700000000
38468 721.2300000000
40371 726.5400000000
47248 786.3800000000
47296 790.9700000000
47528 792.2800000000
47547 795.2700000000
47610 804.3600000000
47615 815.2200000000
47901 817.5800000000
47945 827.4300000000
49112 833.6100000000
49698 834.1900000000
50194 869.1000000000
50221 871.4900000000
50234 874.2500000000
50258 879.4700000000
50281 897.6500000000
50506 899.8300000000
50512 900.2600000000
50570 903.0000000000
50768 909.9200000000
51029 913.7800000000
51277 917.1000000000
51351 936.4800000000
51401 944.3700000000
51409 950.8500000000
51419 952.8400000000
51424 959.6400000000
51484 961.1300000000
51492 967.1700000000
51515 973.7900000000
51807 974.9100000000
51953 977.8300000000
51975 980.5800000000
52060 988.6200000000
52113 989.4700000000
52156 990.7400000000
52209 991.0100000000
52253 993.7300000000
52322 996.2300000000
52543 1006.2700000000
53020 1006.5900000000
53367 1008.9100000000
55604 1011.6600000000
55859 1014.1700000000
56974 1020.7900000000
59023 1029.9000000000
59765 1030.9200000000
64064 1034.1100000000
73986 1034.5100000000
74131 1039.7000000000
74179 1053.9000000000
76366 1057.8800000000
77727 1094.3500000000
77792 1097.6800000000
77851 1105.9500000000
77914 1112.0700000000
77979 1113.6400000000
78002 1120.8600000000
78210 1128.2400000000
78740 1131.4100000000
79509 1132.6100000000
79566 1134.0000000000
80276 1140.0000000000
82745 1190.0300000000
82787 1204.9100000000
82860 1206.6800000000
82972 1210.6300000000
83066 1213.0200000000
83070 1215.8200000000
83224 1216.5200000000
83302 1223.2700000000
83305 1233.9100000000
93811 1238.2300000000
93875 1240.3100000000
94412 1241.5500000000
95879 1242.7300000000
95982 1244.4500000000
96042 1247.4500000000
97622 1247.5800000000
98701 1253.4000000000
100000 -1.0000000000
evaluations raw_y
1 -1962.0000000000
3 -1923.0000000000
5 -1903.0000000000
6 -1873.0000000000
20 -1826.0000000000
27 -1812.0000000000
59 -1798.0000000000
98 -1792.0000000000
102 -1781.0000000000
113 -1769.0000000000
125 -1755.0000000000
158 -1742.0000000000
204 -1741.0000000000
206 -1740.0000000000
210 -1737.0000000000
217 -1732.0000000000
222 -1719.0000000000
237 -1717.0000000000
242 -1707.0000000000
248 -1694.0000000000
262 -1677.0000000000
301 -1672.0000000000
305 -1671.0000000000
328 -1668.0000000000
344 -1664.0000000000
350 -1662.0000000000
361 -1657.0000000000
366 -1648.0000000000
384 -1647.0000000000
407 -1646.0000000000
409 -1644.0000000000
426 -1641.0000000000
431 -1636.0000000000
477 -1633.0000000000
487 -1631.0000000000
491 -1628.0000000000
492 -1624.0000000000
534 -1622.0000000000
541 -1618.0000000000
556 -1617.0000000000
567 -1616.0000000000
571 -1610.0000000000
600 -1606.0000000000
623 -1603.0000000000
624 -1601.0000000000
641 -1599.0000000000
654 -1598.0000000000
662 -1597.0000000000
675 -1595.0000000000
697 -1594.0000000000
699 -1593.0000000000
703 -1590.0000000000
715 -1589.0000000000
717 -1587.0000000000
757 -1585.0000000000
759 -1583.0000000000
771 -1580.0000000000
783 -1576.0000000000
802 -1575.0000000000
825 -1574.0000000000
843 -1571.0000000000
866 -1570.0000000000
884 -1568.0000000000
902 -1567.0000000000
910 -1566.0000000000
921 -1564.0000000000
937 -1562.0000000000
941 -1561.0000000000
969 -1559.0000000000
989 -1558.0000000000
1003 -1557.0000000000
1018 -1556.0000000000
1064 -1555.0000000000
1068 -1554.0000000000
1081 -1552.0000000000
1105 -1551.0000000000
1150 -1550.0000000000
1174 -1549.0000000000
1176 -1548.0000000000
1194 -1547.0000000000
1200 -1545.0000000000
1223 -1544.0000000000
1242 -1543.0000000000
1246 -1542.0000000000
1263 -1540.0000000000
1290 -1539.0000000000
1331 -1538.0000000000
1356 -1533.0000000000
1373 -1529.0000000000
1408 -1528.0000000000
1434 -1524.0000000000
1452 -1523.0000000000
1464 -1522.0000000000
1482 -1521.0000000000
1521 -1520.0000000000
1522 -1519.0000000000
1540 -1518.0000000000
1542 -1517.0000000000
1558 -1516.0000000000
1575 -1515.0000000000
1588 -1513.0000000000
1624 -1510.0000000000
1662 -1507.0000000000
1685 -1505.0000000000
1706 -1503.0000000000
1734 -1501.0000000000
1779 -1500.0000000000
1784 -1499.0000000000
1787 -1495.0000000000
1836 -1494.0000000000
1839 -1492.0000000000
1873 -1491.0000000000
1903 -1490.0000000000
1907 -1488.0000000000
1922 -1487.0000000000
1933 -1485.0000000000
1943 -1484.0000000000
1948 -1482.0000000000
1992 -1477.0000000000
2037 -1474.0000000000
2062 -1473.0000000000
2098 -1472.0000000000
2105 -1470.0000000000
2107 -1468.0000000000
2125 -1466.0000000000
2146 -1465.0000000000
2164 -1461.0000000000
2187 -1459.0000000000
2226 -1457.0000000000
2241 -1455.0000000000
2270 -1454.0000000000
2305 -1451.0000000000
2342 -1450.0000000000
2347 -1449.0000000000
2367 -1447.0000000000
2388 -1446.0000000000
2400 -1443.0000000000
2422 -1441.0000000000
2444 -1438.0000000000
2447 -1436.0000000000
2500 -1434.0000000000
2512 -1432.0000000000
2545 -1429.0000000000
2553 -1428.0000000000
2575 -1427.0000000000
2585 -1426.0000000000
2587 -1422.0000000000
2629 -1421.0000000000
2641 -1418.0000000000
2670 -1417.0000000000
2683 -1415.0000000000
2718 -1414.0000000000
2735 -1413.0000000000
2740 -1407.0000000000
2769 -1406.0000000000
2784 -1405.0000000000
2797 -1403.0000000000
2809 -1402.0000000000
2848 -1401.0000000000
2858 -1400.0000000000
2861 -1396.0000000000
2901 -1395.0000000000
2925 -1393.0000000000
2942 -1389.0000000000
2976 -1388.0000000000
3002 -1387.0000000000
3012 -1384.0000000000
3041 -1382.0000000000
3042 -1380.0000000000
3071 -1378.0000000000
3095 -1376.0000000000
3114 -1375.0000000000
3121 -1374.0000000000
3150 -1372.0000000000
3166 -1371.0000000000
3195 -1367.0000000000
3204 -1364.0000000000
3226 -1363.0000000000
3257 -1361.0000000000
3272 -1360.0000000000
3282 -1357.0000000000
3315 -1356.0000000000
3359 -1355.0000000000
3371 -1354.0000000000
3388 -1352.0000000000
3407 -1349.0000000000
3443 -1348.0000000000
3462 -1347.0000000000
3473 -1346.0000000000
3504 -1345.0000000000
3505 -1344.0000000000
3523 -1342.0000000000
3545 -1341.0000000000
3548 -1337.0000000000
3582 -1334.0000000000
3644 -1331.0000000000
3677 -1330.0000000000
3686 -1329.0000000000
3695 -1328.0000000000
3710 -1327.0000000000
3731 -1326.0000000000
3746 -1324.0000000000
3768 -1323.0000000000
3779 -1322.0000000000
3786 -1321.0000000000
3820 -1320.0000000000
3822 -1319.0000000000
3842 -1316.0000000000
3870 -1315.0000000000
3882 -1314.0000000000
3910 -1312.0000000000
3923 -1310.0000000000
3943 -1307.0000000000
3980 -1305.0000000000
3982 -1301.0000000000
4018 -1299.0000000000
4041 -1297.0000000000
4067 -1295.0000000000
4126 -1293.0000000000
4134 -1292.0000000000
4156 -1291.0000000000
4165 -1288.0000000000
4182 -1287.0000000000
4194 -1285.0000000000
4239 -1282.0000000000
4278 -1281.0000000000
4282 -1280.0000000000
4315 -1277.0000000000
4341 -1276.0000000000
4370 -1273.0000000000
4404 -1272.0000000000
4420 -1267.0000000000
4443 -1266.0000000000
4490 -1265.0000000000
4515 -1264.0000000000
4524 -1260.0000000000
4562 -1259.0000000000
4595 -1258.0000000000
4603 -1257.0000000000
4604 -1255.0000000000
4661 -1254.0000000000
4668 -1251.0000000000
4721 -1249.0000000000
4729 -1248.0000000000
4769 -1247.0000000000
4776 -1244.0000000000
4785 -1243.0000000000
4801 -1241.0000000000
4843 -1240.0000000000
4850 -1239.0000000000
4872 -1238.0000000000
4873 -1237.0000000000
4878 -1234.0000000000
4921 -1233.0000000000
4927 -1231.0000000000
4952 -1229.0000000000
4964 -1228.0000000000
4997 -1227.0000000000
5039 -1226.0000000000
5045 -1225.0000000000
5061 -1224.0000000000
5066 -1223.0000000000
5083 -1221.0000000000
5090 -1220.0000000000
5116 -1219.0000000000
5138 -1217.0000000000
5152 -1216.0000000000
5187 -1214.0000000000
5206 -1212.0000000000
5212 -1211.0000000000
5274 -1208.0000000000
5282 -1207.0000000000
5334 -1206.0000000000
5344 -1204.0000000000
5365 -1202.0000000000
5401 -1201.0000000000
5407 -1198.0000000000
5454 -1197.0000000000
5476 -1193.0000000000
5516 -1191.0000000000
5524 -1188.0000000000
5550 -1186.0000000000
5584 -1185.0000000000
5588 -1183.0000000000
5647 -1182.0000000000
5675 -1176.0000000000
5730 -1175.0000000000
5744 -1173.0000000000
5753 -1172.0000000000
5767 -1170.0000000000
5781 -1169.0000000000
5813 -1168.0000000000
5835 -1166.0000000000
5837 -1164.0000000000
5855 -1163.0000000000
5863 -1162.0000000000
5869 -1161.0000000000
5892 -1160.0000000000
5902 -1158.0000000000
5923 -1157.0000000000
5951 -1156.0000000000
5952 -1155.0000000000
5958 -1153.0000000000
5994 -1151.0000000000
6005 -1150.0000000000
6015 -1149.0000000000
6051 -1148.0000000000
6082 -1146.0000000000
6106 -1144.0000000000
6130 -1143.0000000000
6141 -1142.0000000000
6142 -1139.0000000000
6203 -1138.0000000000
6211 -1137.0000000000
6254 -1135.0000000000
6272 -1134.0000000000
6301 -1133.0000000000
6306 -1131.0000000000
6339 -1130.0000000000
6358 -1128.0000000000
6367 -1123.0000000000
6382 -1121.0000000000
6418 -1120.0000000000
6464 -1119.0000000000
6465 -1118.0000000000
6478 -1117.0000000000
6491 -1116.0000000000
6520 -1115.0000000000
6534 -1114.0000000000
6554 -1111.0000000000
6585 -1110.0000000000
6586 -1109.0000000000
6608 -1108.0000000000
6632 -1107.0000000000
6660 -1106.0000000000
6678 -1105.0000000000
6683 -1103.0000000000
6719 -1102.0000000000
6732 -1100.0000000000
6742 -1096.0000000000
6785 -1095.0000000000
6787 -1092.0000000000
6822 -1091.0000000000
6823 -1087.0000000000
6854 -1081.0000000000
6905 -1080.0000000000
6941 -1079.0000000000
6952 -1078.0000000000
6963 -1076.0000000000
7018 -1073.0000000000
7026 -1070.0000000000
7032 -1069.0000000000
7085 -1067.0000000000
7127 -1065.0000000000
7142 -1063.0000000000
7157 -1061.0000000000
7177 -1059.0000000000
7208 -1058.0000000000
7223 -1057.0000000000
7225 -1055.0000000000
7247 -1054.0000000000
7262 -1053.0000000000
7281 -1051.0000000000
7296 -1049.0000000000
7312 -1046.0000000000
7381 -1044.0000000000
7388 -1042.0000000000
7422 -1041.0000000000
7446 -1039.0000000000
7496 -1036.0000000000
7521 -1035.0000000000
7538 -1033.0000000000
7561 -1030.0000000000
7621 -1027.0000000000
7657 -1025.0000000000
7682 -1024.0000000000
7703 -1023.0000000000
7713 -1020.0000000000
7746 -1019.0000000000
7798 -1015.0000000000
7819 -1014.0000000000
7856 -1013.0000000000
7885 -1011.0000000000
7919 -1009.0000000000
7938 -1007.0000000000
7961 -1005.0000000000
7992 -1001.0000000000
8034 -1000.0000000000
8047 -999.0000000000
8087 -997.0000000000
8092 -996.0000000000
8100 -995.0000000000
8103 -994.0000000000
8129 -993.0000000000
8162 -992.0000000000
8167 -991.0000000000
8221 -990.0000000000
8226 -989.0000000000
8279 -988.0000000000
8281 -987.0000000000
8282 -985.0000000000
8307 -982.0000000000
8326 -979.0000000000
8342 -978.0000000000
8373 -977.0000000000
8401 -975.0000000000
8423 -972.0000000000
8468 -970.0000000000
8481 -969.0000000000
8501 -965.0000000000
8531 -964.0000000000
8542 -963.0000000000
8568 -959.0000000000
8603 -956.0000000000
8627 -955.0000000000
8647 -954.0000000000
8663 -951.0000000000
8704 -947.0000000000
8716 -946.0000000000
8768 -945.0000000000
8790 -944.0000000000
8792 -942.0000000000
8834 -941.0000000000
8848 -940.0000000000
8861 -939.0000000000
8882 -935.0000000000
8931 -934.0000000000
8943 -933.0000000000
8960 -931.0000000000
9021 -927.0000000000
9047 -926.0000000000
9064 -925.0000000000
9086 -924.0000000000
9092 -923.0000000000
9102 -922.0000000000
9140 -920.0000000000
9143 -919.0000000000
9161 -918.0000000000
9203 -917.0000000000
9205 -916.0000000000
9223 -915.0000000000
9245 -912.0000000000
9266 -911.0000000000
9283 -910.0000000000
9304 -906.0000000000
9349 -905.0000000000
9357 -904.0000000000
9369 -903.0000000000
9373 -901.0000000000
9380 -900.0000000000
9406 -897.0000000000
9418 -896.0000000000
9443 -895.0000000000
9457 -894.0000000000
9471 -892.0000000000
9489 -890.0000000000
9493 -888.0000000000
9542 -887.0000000000
9563 -886.0000000000
9572 -882.0000000000
9602 -879.0000000000
9654 -878.0000000000
9704 -877.0000000000
9705 -876.0000000000
9726 -875.0000000000
9729 -872.0000000000
9772 -871.0000000000
9781 -870.0000000000
9792 -869.0000000000
9810 -867.0000000000
9864 -866.0000000000
9899 -865.0000000000
9911 -864.0000000000
9934 -862.0000000000
9946 -861.0000000000
9948 -860.0000000000
9962 -859.0000000000
9980 -857.0000000000
9999 -854.0000000000
10006 -853.0000000000
10040 -849.0000000000
10104 -848.0000000000
10123 -847.0000000000
10128 -846.0000000000
10146 -845.0000000000
10150 -844.0000000000
10190 -843.0000000000
10208 -842.0000000000
10223 -841.0000000000
10225 -840.0000000000
10233 -839.0000000000
10268 -837.0000000000
10316 -836.0000000000
10343 -832.0000000000
10401 -830.0000000000
10445 -829.0000000000
10478 -827.0000000000
10480 -825.0000000000
10498 -824.0000000000
10511 -823.0000000000
10529 -822.0000000000
10560 -821.0000000000
10562 -818.0000000000
10593 -817.0000000000
10631 -815.0000000000
10641 -814.0000000000
10664 -813.0000000000
10702 -812.0000000000
10720 -809.0000000000
10778 -808.0000000000
10818 -807.0000000000
10825 -806.0000000000
10829 -805.0000000000
10850 -804.0000000000
10874 -803.0000000000
10881 -801.0000000000
10885 -800.0000000000
10908 -799.0000000000
10909 -798.0000000000
10921 -796.0000000000
10947 -795.0000000000
10966 -794.0000000000
10980 -793.0000000000
10992 -792.0000000000
11016 -791.0000000000
11031 -789.0000000000
11067 -788.0000000000
11069 -786.0000000000
11102 -785.0000000000
11115 -782.0000000000
11152 -781.0000000000
11173 -780.0000000000
11193 -779.0000000000
11205 -777.0000000000
11242 -776.0000000000
11244 -775.0000000000
11270 -773.0000000000
11296 -772.0000000000
11307 -771.0000000000
11308 -767.0000000000
11310 -765.0000000000
11401 -762.0000000000
11456 -761.0000000000
11477 -757.0000000000
11546 -756.0000000000
11573 -755.0000000000
11599 -754.0000000000
11621 -751.0000000000
11627 -750.0000000000
11676 -749.0000000000
11687 -746.0000000000
11717 -745.0000000000
11755 -741.0000000000
11797 -740.0000000000
11830 -739.0000000000
11858 -738.0000000000
11876 -737.0000000000
11885 -736.0000000000
11909 -733.0000000000
11926 -732.0000000000
11942 -730.0000000000
11954 -729.0000000000
11970 -727.0000000000
12036 -726.0000000000
12058 -723.0000000000
12113 -721.0000000000
12138 -719.0000000000
12204 -717.0000000000
12243 -715.0000000000
12268 -714.0000000000
12275 -713.0000000000
12308 -711.0000000000
12372 -709.0000000000
12383 -708.0000000000
12440 -707.0000000000
12452 -704.0000000000
12519 -698.0000000000
12592 -697.0000000000
12624 -695.0000000000
12663 -694.0000000000
12664 -693.0000000000
12695 -690.0000000000
12705 -689.0000000000
12727 -688.0000000000
12749 -687.0000000000
12759 -686.0000000000
12785 -684.0000000000
12812 -682.0000000000
12831 -680.0000000000
12888 -678.0000000000
12921 -676.0000000000
12940 -675.0000000000
12976 -674.0000000000
13003 -673.0000000000
13019 -672.0000000000
13036 -670.0000000000
13062 -669.0000000000
13092 -668.0000000000
13134 -666.0000000000
13155 -665.0000000000
13186 -664.0000000000
13214 -663.0000000000
13248 -662.0000000000
13297 -661.0000000000
13320 -660.0000000000
13325 -659.0000000000
13368 -658.0000000000
13383 -656.0000000000
13424 -653.0000000000
13482 -651.0000000000
13525 -649.0000000000
13553 -647.0000000000
13589 -646.0000000000
13625 -645.0000000000
13631 -644.0000000000
13652 -641.0000000000
13708 -639.0000000000
13741 -636.0000000000
13781 -635.0000000000
13833 -634.0000000000
13850 -632.0000000000
13883 -631.0000000000
13906 -630.0000000000
13937 -628.0000000000
13953 -627.0000000000
13962 -623.0000000000
13998 -622.0000000000
14024 -621.0000000000
14038 -620.0000000000
14088 -619.0000000000
14105 -618.0000000000
14118 -616.0000000000
14139 -615.0000000000
14166 -613.0000000000
14213 -612.0000000000
14237 -610.0000000000
14262 -609.0000000000
14286 -608.0000000000
14310 -607.0000000000
14355 -605.0000000000
14393 -604.0000000000
14403 -603.0000000000
14408 -602.0000000000
14452 -600.0000000000
14461 -599.0000000000
14462 -598.0000000000
14489 -597.0000000000
14505 -596.0000000000
14539 -595.0000000000
14548 -594.0000000000
14565 -593.0000000000
14607 -592.0000000000
14646 -590.0000000000
14657 -589.0000000000
14699 -587.0000000000
14727 -586.0000000000
14752 -585.0000000000
14762 -584.0000000000
14807 -583.0000000000
14827 -581.0000000000
14837 -580.0000000000
14849 -579.0000000000
14892 -578.0000000000
14900 -577.0000000000
14911 -576.0000000000
14937 -575.0000000000
14981 -574.0000000000
15000 -573.0000000000
15015 -571.0000000000
15055 -570.0000000000
15076 -569.0000000000
15082 -568.0000000000
15123 -566.0000000000
15193 -562.0000000000
15221 -559.0000000000
15252 -558.0000000000
15301 -557.0000000000
15351 -556.0000000000
15367 -554.0000000000
15386 -552.0000000000
15453 -549.0000000000
15524 -548.0000000000
15558 -547.0000000000
15559 -546.0000000000
15560 -545.0000000000
15622 -544.0000000000
15631 -543.0000000000
15662 -542.0000000000
15692 -541.0000000000
15702 -540.0000000000
15763 -539.0000000000
15793 -538.0000000000
15827 -536.0000000000
15861 -534.0000000000
15927 -530.0000000000
16001 -529.0000000000
16042 -528.0000000000
16064 -526.0000000000
16088 -525.0000000000
16100 -524.0000000000
16118 -522.0000000000
16142 -521.0000000000
16195 -519.0000000000
16265 -518.0000000000
16294 -517.0000000000
16307 -516.0000000000
16329 -514.0000000000
16361 -513.0000000000
16372 -512.0000000000
16382 -511.0000000000
16405 -510.0000000000
16408 -509.0000000000
16478 -508.0000000000
16497 -507.0000000000
16523 -505.0000000000
16542 -503.0000000000
16590 -500.0000000000
16621 -499.0000000000
16703 -498.0000000000
16730 -495.0000000000
16750 -493.0000000000
16833 -491.0000000000
16869 -490.0000000000
16900 -489.0000000000
16930 -488.0000000000
16942 -487.0000000000
16961 -486.0000000000
17006 -484.0000000000
17052 -483.0000000000
17062 -482.0000000000
17150 -481.0000000000
17182 -480.0000000000
17194 -479.0000000000
17268 -476.0000000000
17304 -475.0000000000
17340 -473.0000000000
17370 -472.0000000000
17395 -471.0000000000
17432 -468.0000000000
17527 -467.0000000000
17574 -466.0000000000
17601 -464.0000000000
17634 -463.0000000000
17702 -460.0000000000
17752 -459.0000000000
17768 -458.0000000000
17770 -457.0000000000
17804 -455.0000000000
17869 -454.0000000000
17876 -453.0000000000
17889 -452.0000000000
17929 -451.0000000000
17942 -450.0000000000
17955 -448.0000000000
17987 -447.0000000000
18035 -446.0000000000
18071 -445.0000000000
18077 -443.0000000000
18102 -442.0000000000
18145 -440.0000000000
18162 -439.0000000000
18195 -436.0000000000
18243 -434.0000000000
18298 -433.0000000000
18316 -432.0000000000
18362 -430.0000000000
18389 -429.0000000000
18448 -428.0000000000
18465 -427.0000000000
18520 -426.0000000000
18527 -425.0000000000
18542 -424.0000000000
18586 -423.0000000000
18606 -421.0000000000
18699 -420.0000000000
18753 -419.0000000000
18777 -417.0000000000
18791 -414.0000000000
18827 -413.0000000000
18903 -412.0000000000
18940 -411.0000000000
18944 -410.0000000000
18999 -408.0000000000
19031 -407.0000000000
19065 -405.0000000000
19107 -404.0000000000
19154 -403.0000000000
19164 -402.0000000000
19176 -400.0000000000
19200 -397.0000000000
19285 -396.0000000000
19298 -395.0000000000
19301 -394.0000000000
19330 -393.0000000000
19361 -392.0000000000
19371 -391.0000000000
19413 -390.0000000000
19431 -389.0000000000
19461 -387.0000000000
19518 -386.0000000000
19519 -384.0000000000
19572 -383.0000000000
19584 -381.0000000000
19625 -380.0000000000
19640 -379.0000000000
19652 -378.0000000000
19678 -377.0000000000
19725 -376.0000000000
19731 -375.0000000000
19764 -373.0000000000
19775 -371.0000000000
19806 -370.0000000000
19829 -369.0000000000
19878 -368.0000000000
19904 -367.0000000000
19922 -366.0000000000
19951 -365.0000000000
19959 -364.0000000000
20004 -363.0000000000
20019 -362.0000000000
20040 -361.0000000000
20050 -359.0000000000
20093 -358.0000000000
20106 -356.0000000000
20120 -355.0000000000
20150 -354.0000000000
20173 -352.0000000000
20221 -351.0000000000
20255 -350.0000000000
20302 -349.0000000000
20308 -348.0000000000
20322 -346.0000000000
20372 -344.0000000000
20424 -343.0000000000
20454 -341.0000000000
20482 -340.0000000000
20495 -339.0000000000
20540 -337.0000000000
20566 -336.0000000000
20584 -335.0000000000
20603 -333.0000000000
20682 -331.0000000000
20689 -330.0000000000
20721 -328.0000000000
20745 -326.0000000000
20765 -325.0000000000
20830 -324.0000000000
20837 -323.0000000000
20873 -322.0000000000
20908 -320.0000000000
20941 -319.0000000000
20990 -318.0000000000
21020 -317.0000000000
21025 -316.0000000000
21112 -315.0000000000
21117 -314.0000000000
21154 -313.0000000000
21178 -312.0000000000
21208 -311.0000000000
21234 -310.0000000000
21242 -308.0000000000
21324 -307.0000000000
21339 -306.0000000000
21379 -305.0000000000
21426 -304.0000000000
21447 -303.0000000000
21475 -302.0000000000
21482 -301.0000000000
21523 -300.0000000000
21568 -298.0000000000
21588 -295.0000000000
21660 -294.0000000000
21664 -291.0000000000
21689 -290.0000000000
21770 -289.0000000000
21814 -288.0000000000
21866 -286.0000000000
21886 -285.0000000000
21889 -284.0000000000
21972 -282.0000000000
21991 -281.0000000000
22006 -280.0000000000
22038 -277.0000000000
22097 -274.0000000000
22145 -273.0000000000
22186 -272.0000000000
22216 -271.0000000000
22278 -268.0000000000
22315 -267.0000000000
22362 -266.0000000000
22387 -265.0000000000
22401 -264.0000000000
22451 -263.0000000000
22510 -262.0000000000
22533 -260.0000000000
22585 -259.0000000000
22620 -258.0000000000
22657 -252.0000000000
22735 -250.0000000000
22759 -249.0000000000
22846 -248.0000000000
22862 -247.0000000000
22926 -246.0000000000
22949 -245.0000000000
22972 -243.0000000000
22982 -242.0000000000
23059 -240.0000000000
23082 -239.0000000000
23134 -238.0000000000
23156 -236.0000000000
23217 -235.0000000000
23220 -234.0000000000
23226 -233.0000000000
23325 -230.0000000000
23388 -229.0000000000
23443 -228.0000000000
23509 -227.0000000000
23593 -226.0000000000
23662 -224.0000000000
23714 -223.0000000000
23788 -222.0000000000
23803 -221.0000000000
23875 -220.0000000000
23926 -219.0000000000
23964 -218.0000000000
23974 -217.0000000000
23977 -216.0000000000
24044 -215.0000000000
24063 -213.0000000000
24116 -212.0000000000
24125 -211.0000000000
24172 -210.0000000000
24251 -209.0000000000
24275 -207.0000000000
24329 -206.0000000000
24383 -205.0000000000
24414 -204.0000000000
24442 -203.0000000000
24457 -202.0000000000
24483 -200.0000000000
24530 -199.0000000000
24535 -198.0000000000
24586 -197.0000000000
24605 -196.0000000000
24671 -195.0000000000
24690 -194.0000000000
24769 -193.0000000000
24801 -192.0000000000
24826 -191.0000000000
24910 -190.0000000000
24930 -189.0000000000
24992 -187.0000000000
25012 -186.0000000000
25101 -185.0000000000
25107 -184.0000000000
25137 -183.0000000000
25207 -182.0000000000
25289 -181.0000000000
25290 -180.0000000000
25311 -178.0000000000
25359 -177.0000000000
25392 -176.0000000000
25412 -175.0000000000
25420 -174.0000000000
25454 -173.0000000000
25499 -172.0000000000
25524 -171.0000000000
25583 -170.0000000000
25601 -167.0000000000
25664 -166.0000000000
25705 -165.0000000000
25748 -163.0000000000
25815 -162.0000000000
25859 -161.0000000000
25875 -160.0000000000
25903 -159.0000000000
25928 -158.0000000000
25955 -157.0000000000
26020 -156.0000000000
26031 -155.0000000000
26078 -154.0000000000
26094 -153.0000000000
26119 -152.0000000000
26137 -150.0000000000
26229 -149.0000000000
26265 -148.0000000000
26322 -146.0000000000
26357 -145.0000000000
26384 -143.0000000000
26431 -141.0000000000
26544 -140.0000000000
26601 -139.0000000000
26647 -138.0000000000
26714 -137.0000000000
26727 -136.0000000000
26805 -134.0000000000
26853 -133.0000000000
26903 -132.0000000000
26982 -131.0000000000
27065 -130.0000000000
27128 -129.0000000000
27155 -128.0000000000
27253 -126.0000000000
27336 -125.0000000000
27395 -124.0000000000
27472 -123.0000000000
27532 -121.0000000000
27594 -120.0000000000
27647 -119.0000000000
27702 -118.0000000000
27740 -117.0000000000
27745 -116.0000000000
27834 -115.0000000000
27852 -114.0000000000
27914 -113.0000000000
27953 -112.0000000000
28018 -111.0000000000
28035 -109.0000000000
28083 -108.0000000000
28127 -107.0000000000
28155 -106.0000000000
28207 -103.0000000000
28309 -102.0000000000
28420 -101.0000000000
28449 -100.0000000000
28476 -99.0000000000
28538 -98.0000000000
28557 -97.0000000000
28620 -96.0000000000
28669 -95.0000000000
28743 -94.0000000000
28807 -92.0000000000
28820 -91.0000000000
28823 -90.0000000000
28930 -89.0000000000
28953 -88.0000000000
29049 -87.0000000000
29069 -86.0000000000
29089 -85.0000000000
29157 -84.0000000000
29222 -83.0000000000
29244 -81.0000000000
29336 -80.0000000000
29390 -79.0000000000
29470 -78.0000000000
29525 -76.0000000000
29660 -75.0000000000
29662 -74.0000000000
29711 -71.0000000000
29779 -69.0000000000
29829 -68.0000000000
29879 -67.0000000000
29970 -66.0000000000
29972 -65.0000000000
30063 -64.0000000000
30083 -63.0000000000
30162 -62.0000000000
30216 -61.0000000000
30217 -59.0000000000
30299 -58.0000000000
30304 -57.0000000000
30344 -56.0000000000
30377 -55.0000000000
30474 -54.0000000000
30524 -53.0000000000
30569 -51.0000000000
30640 -50.0000000000
30668 -49.0000000000
30774 -47.0000000000
30876 -46.0000000000
30912 -45.0000000000
30949 -43.0000000000
31072 -42.0000000000
31101 -40.0000000000
31326 -39.0000000000
31452 -38.0000000000
31519 -37.0000000000
31563 -36.0000000000
31734 -35.0000000000
31806 -34.0000000000
31893 -33.0000000000
32022 -31.0000000000
32158 -30.0000000000
32196 -29.0000000000
32289 -28.0000000000
32363 -27.0000000000
32399 -26.0000000000
32409 -25.0000000000
32426 -23.0000000000
32530 -22.0000000000
32557 -21.0000000000
32603 -20.0000000000
32735 -19.0000000000
32826 -18.0000000000
32873 -17.0000000000
32887 -16.0000000000
32937 -14.0000000000
33150 -13.0000000000
33186 -12.0000000000
33260 -10.0000000000
33393 -9.0000000000
33430 -8.0000000000
33475 -7.0000000000
33538 -6.0000000000
33814 -5.0000000000
33879 -4.0000000000
33890 -3.0000000000
33992 -2.0000000000
34022 -1.0000000000
34043 560.1500000000
34069 563.0400000000
34090 564.7400000000
34128 589.0100000000
34191 600.4900000000
34297 603.8900000000
34488 653.3200000000
34854 657.4600000000
34878 664.7700000000
35302 669.8900000000
35770 739.1500000000
35864 739.5500000000
35881 745.0200000000
35960 747.0800000000
35977 751.8500000000
35986 757.2200000000
35990 769.4100000000
36356 771.3200000000
36408 778.1300000000
36872 779.0200000000
36970 787.8200000000
37168 803.7500000000
37349 807.3000000000
37503 815.8500000000
38034 818.5400000000
38052 823.3000000000
38056 825.9500000000
38074 826.9400000000
38122 830.2600000000
38134 837.0800000000
38422 849.0800000000
38740 890.4800000000
38815 897.5900000000
38824 907.5200000000
38836 925.7000000000
38961 933.7400000000
39003 949.7300000000
39070 959.7700000000
39754 963.9200000000
39869 973.3700000000
40289 978.6700000000
40661 985.5300000000
40823 986.9900000000
41073 988.5500000000
41098 1004.2400000000
41582 1014.4100000000
43192 1090.4400000000
43391 1091.8700000000
43446 1095.1100000000
43482 1098.6200000000
43576 1099.0000000000
43624 1107.7300000000
44120 1110.2300000000
44607 1158.9400000000
44769 1169.0100000000
44825 1174.3600000000
44836 1180.3600000000
44964 1185.9500000000
44979 1190.9600000000
45009 1200.3400000000
45139 1200.4400000000
45192 1208.0600000000
46131 1209.3300000000
49626 1210.0600000000
50747 1211.3400000000
51445 1215.2800000000
52541 1215.8900000000
53950 1218.2300000000
55716 1218.4500000000
56719 1219.3400000000
58255 1220.6300000000
58565 1222.4700000000
60457 1228.7000000000
74448 1230.1800000000
80556 1236.1200000000
88419 1236.1700000000
100000 -4.0000000000
evaluations raw_y
1 -1876.0000000000
8 -1843.0000000000
28 -1802.0000000000
64 -1786.0000000000
71 -1777.0000000000
104 -1753.0000000000
129 -1747.0000000000
143 -1726.0000000000
163 -1724.0000000000
180 -1722.0000000000
182 -1712.0000000000
186 -1710.0000000000
203 -1708.0000000000
208 -1707.0000000000
221 -1702.0000000000
244 -1695.0000000000
257 -1689.0000000000
265 -1683.0000000000
274 -1673.0000000000
304 -1670.0000000000
326 -1667.0000000000
335 -1663.0000000000
352 -1659.0000000000
355 -1654.0000000000
366 -1651.0000000000
379 -1647.0000000000
390 -1641.0000000000
401 -1640.0000000000
422 -1639.0000000000
423 -1634.0000000000
433 -1631.0000000000
457 -1629.0000000000
462 -1628.0000000000
463 -1626.0000000000
467 -1622.0000000000
488 -1606.0000000000
502 -1604.0000000000
541 -1603.0000000000
559 -1602.0000000000
562 -1601.0000000000
571 -1599.0000000000
587 -1596.0000000000
591 -1594.0000000000
612 -1593.0000000000
627 -1592.0000000000
631 -1588.0000000000
647 -1587.0000000000
657 -1585.0000000000
670 -1584.0000000000
683 -1583.0000000000
703 -1578.0000000000
730 -1577.0000000000
731 -1574.0000000000
751 -1573.0000000000
776 -1568.0000000000
795 -1566.0000000000
822 -1564.0000000000
841 -1563.0000000000
863 -1562.0000000000
864 -1559.0000000000
914 -1558.0000000000
922 -1552.0000000000
942 -1551.0000000000
982 -1550.0000000000
1001 -1549.0000000000
1005 -1548.0000000000
1021 -1547.0000000000
1043 -1545.0000000000
1063 -1543.0000000000
1069 -1542.0000000000
1084 -1534.0000000000
1191 -1533.0000000000
1202 -1532.0000000000
1207 -1531.0000000000
1247 -1529.0000000000
1248 -1528.0000000000
1259 -1525.0000000000
1282 -1524.0000000000
1304 -1522.0000000000
1314 -1520.0000000000
1325 -1519.0000000000
1358 -1518.0000000000
1365 -1517.0000000000
1386 -1516.0000000000
1387 -1515.0000000000
1396 -1512.0000000000
1416 -1508.0000000000
1456 -1504.0000000000
1496 -1503.0000000000
1504 -1500.0000000000
1552 -1499.0000000000
1572 -1498.0000000000
1590 -1497.0000000000
1605 -1496.0000000000
1631 -1494.0000000000
1657 -1492.0000000000
1684 -1491.0000000000
1698 -1489.0000000000
1702 -1487.0000000000
1725 -1486.0000000000
1729 -1484.0000000000
1793 -1483.0000000000
1803 -1481.0000000000
1811 -1479.0000000000
1829 -1478.0000000000
1843 -1477.0000000000
1864 -1476.0000000000
1878 -1475.0000000000
1883 -1474.0000000000
1886 -1472.0000000000
1902 -1470.0000000000
1929 -1469.0000000000
1930 -1468.0000000000
1966 -1467.0000000000
1974 -1460.0000000000
1986 -1459.0000000000
2039 -1458.0000000000
2040 -1456.0000000000
2069 -1455.0000000000
2075 -1453.0000000000
2091 -1452.0000000000
2093 -1451.0000000000
2123 -1447.0000000000
2143 -1445.0000000000
2174 -1444.0000000000
2186 -1443.0000000000
2189 -1441.0000000000
2208 -1440.0000000000
2225 -1437.0000000000
2247 -1435.0000000000
2283 -1432.0000000000
2306 -1431.0000000000
2307 -1430.0000000000
2343 -1429.0000000000
2365 -1428.0000000000
2381 -1427.0000000000
2401 -1424.0000000000
2430 -1423.0000000000
2455 -1420.0000000000
2465 -1419.0000000000
2478 -1417.0000000000
2488 -1416.0000000000
2515 -1415.0000000000
2521 -1414.0000000000
2542 -1412.0000000000
2553 -1411.0000000000
2563 -1410.0000000000
2587 -1409.0000000000
2611 -1406.0000000000
2642 -1405.0000000000
2650 -1404.0000000000
2682 -1401.0000000000
2703 -1399.0000000000
2722 -1397.0000000000
2749 -1395.0000000000
2780 -1393.0000000000
2802 -1391.0000000000
2811 -1390.0000000000
2826 -1388.0000000000
2844 -1387.0000000000
2856 -1383.0000000000
2891 -1382.0000000000
2905 -1381.0000000000
2917 -1380.0000000000
2925 -1378.0000000000
2954 -1376.0000000000
2970 -1375.0000000000
3002 -1374.0000000000
3011 -1373.0000000000
3029 -1371.0000000000
3065 -1368.0000000000
3101 -1364.0000000000
3135 -1363.0000000000
3143 -1361.0000000000
3162 -1359.0000000000
3181 -1358.0000000000
3188 -1357.0000000000
3205 -1356.0000000000
3209 -1355.0000000000
3230 -1350.0000000000
3241 -1348.0000000000
3273 -1345.0000000000
3301 -1344.0000000000
3305 -1343.0000000000
3333 -1340.0000000000
3350 -1339.0000000000
3372 -1338.0000000000
3378 -1332.0000000000
3441 -1331.0000000000
3461 -1328.0000000000
3487 -1327.0000000000
3503 -1326.0000000000
3520 -1324.0000000000
3521 -1323.0000000000
3562 -1322.0000000000
3564 -1321.0000000000
3565 -1319.0000000000
3599 -1317.0000000000
3623 -1316.0000000000
3651 -1315.0000000000
3654 -1314.0000000000
3664 -1311.0000000000
3684 -1310.0000000000
3712 -1306.0000000000
3722 -1303.0000000000
3743 -1302.0000000000
3783 -1298.0000000000
3807 -1297.0000000000
3845 -1296.0000000000
3848 -1295.0000000000
3869 -1292.0000000000
3882 -1290.0000000000
3927 -1289.0000000000
3945 -1288.0000000000
3964 -1284.0000000000
3988 -1282.0000000000
4002 -1281.0000000000
4021 -1276.0000000000
4051 -1275.0000000000
4081 -1273.0000000000
4085 -1272.0000000000
4096 -1267.0000000000
4123 -1265.0000000000
4153 -1264.0000000000
4173 -1263.0000000000
4179 -1259.0000000000
4221 -1257.0000000000
4243 -1256.0000000000
4281 -1255.0000000000
4316 -1253.0000000000
4320 -1252.0000000000
4348 -1248.0000000000
4366 -1247.0000000000
4384 -1245.0000000000
4423 -1243.0000000000
4463 -1242.0000000000
4466 -1241.0000000000
4467 -1240.0000000000
4493 -1235.0000000000
4555 -1233.0000000000
4584 -1230.0000000000
4611 -1229.0000000000
4624 -1228.0000000000
4641 -1224.0000000000
4674 -1223.0000000000
4685 -1222.0000000000
4709 -1220.0000000000
4751 -1219.0000000000
4753 -1218.0000000000
4762 -1217.0000000000
4764 -1215.0000000000
4766 -1213.0000000000
4790 -1212.0000000000
4809 -1211.0000000000
4826 -1210.0000000000
4839 -1209.0000000000
4841 -1208.0000000000
4863 -1204.0000000000
4912 -1203.0000000000
4918 -1201.0000000000
4932 -1200.0000000000
4943 -1198.0000000000
4946 -1197.0000000000
4982 -1196.0000000000
5018 -1195.0000000000
5030 -1194.0000000000
5048 -1193.0000000000
5062 -1191.0000000000
5090 -1189.0000000000
5116 -1188.0000000000
5128 -1187.0000000000
5129 -1186.0000000000
5159 -1184.0000000000
5174 -1183.0000000000
5188 -1182.0000000000
5189 -1181.0000000000
5191 -1178.0000000000
5222 -1177.0000000000
5244 -1176.0000000000
5250 -1175.0000000000
5253 -1173.0000000000
5282 -1171.0000000000
5294 -1170.0000000000
5317 -1169.0000000000
5321 -1168.0000000000
5324 -1164.0000000000
5368 -1163.0000000000
5370 -1162.0000000000
5390 -1161.0000000000
5410 -1160.0000000000
5449 -1159.0000000000
5451 -1158.0000000000
5458 -1155.0000000000
5505 -1154.0000000000
5508 -1153.0000000000
5522 -1151.0000000000
5549 -1150.0000000000
5550 -1149.0000000000
5562 -1146.0000000000
5596 -1143.0000000000
5621 -1142.0000000000
5658 -1141.0000000000
5666 -1138.0000000000
5694 -1134.0000000000
5761 -1133.0000000000
5779 -1131.0000000000
5784 -1129.0000000000
5814 -1128.0000000000
5821 -1127.0000000000
5848 -1126.0000000000
5856 -1125.0000000000
5869 -1124.0000000000
5870 -1122.0000000000
5908 -1121.0000000000
5930 -1119.0000000000
5945 -1118.0000000000
5962 -1116.0000000000
6012 -1115.0000000000
6015 -1114.0000000000
6029 -1113.0000000000
6035 -1111.0000000000
6042 -1110.0000000000
6083 -1107.0000000000
6119 -1106.0000000000
6146 -1105.0000000000
6148 -1102.0000000000
6184 -1101.0000000000
6221 -1098.0000000000
6249 -1097.0000000000
6266 -1094.0000000000
6322 -1090.0000000000
6364 -1089.0000000000
6368 -1087.0000000000
6399 -1086.0000000000
6407 -1084.0000000000
6426 -1082.0000000000
6460 -1081.0000000000
6461 -1080.0000000000
6478 -1079.0000000000
6495 -1078.0000000000
6516 -1076.0000000000
6531 -1075.0000000000
6551 -1074.0000000000
6569 -1073.0000000000
6586 -1071.0000000000
6633 -1070.0000000000
6663 -1066.0000000000
6718 -1065.0000000000
6723 -1064.0000000000
6732 -1062.0000000000
6784 -1060.0000000000
6791 -1057.0000000000
6810 -1054.0000000000
6834 -1053.0000000000
6848 -1052.0000000000
6877 -1051.0000000000
6902 -1048.0000000000
6946 -1047.0000000000
6966 -1046.0000000000
6982 -1045.0000000000
6987 -1044.0000000000
7002 -1042.0000000000
7026 -1041.0000000000
7041 -1040.0000000000
7081 -1039.0000000000
7092 -1038.0000000000
7102 -1037.0000000000
7123 -1035.0000000000
7144 -1031.0000000000
7170 -1030.0000000000
7182 -1029.0000000000
7204 -1028.0000000000
7218 -1027.0000000000
7222 -1026.0000000000
7241 -1024.0000000000
7264 -1022.0000000000
7305 -1021.0000000000
7326 -1018.0000000000
7378 -1016.0000000000
7400 -1015.0000000000
7408 -1014.0000000000
7445 -1012.0000000000
7451 -1010.0000000000
7467 -1009.0000000000
7502 -1008.0000000000
7528 -1006.0000000000
7562 -1005.0000000000
7587 -1004.0000000000
7605 -1002.0000000000
7650 -1001.0000000000
7664 -998.0000000000
7691 -992.0000000000
7745 -991.0000000000
7780 -990.0000000000
7797 -989.0000000000
7821 -988.0000000000
7832 -986.0000000000
7859 -984.0000000000
7863 -983.0000000000
7877 -982.0000000000
7899 -980.0000000000
7906 -978.0000000000
7907 -976.0000000000
7940 -974.0000000000
7956 -973.0000000000
7996 -972.0000000000
8003 -971.0000000000
8004 -967.0000000000
8069 -966.0000000000
8084 -965.0000000000
8097 -964.0000000000
8123 -962.0000000000
8144 -961.0000000000
8150 -960.0000000000
8163 -959.0000000000
8179 -958.0000000000
8202 -957.0000000000
8232 -956.0000000000
8233 -955.0000000000
8265 -954.0000000000
8293 -953.0000000000
8304 -950.0000000000
8331 -948.0000000000
8388 -946.0000000000
8424 -945.0000000000
8450 -942.0000000000
8501 -940.0000000000
8511 -939.0000000000
8522 -937.0000000000
8541 -936.0000000000
8573 -933.0000000000
8609 -932.0000000000
8621 -930.0000000000
8640 -929.0000000000
8651 -927.0000000000
8682 -926.0000000000
8731 -923.0000000000
8747 -922.0000000000
8771 -920.0000000000
8795 -918.0000000000
8822 -915.0000000000
8851 -913.0000000000
8887 -911.0000000000
8901 -910.0000000000
8921 -909.0000000000
8928 -908.0000000000
8942 -907.0000000000
8971 -906.0000000000
9004 -903.0000000000
9022 -901.0000000000
9047 -900.0000000000
9082 -899.0000000000
9109 -897.0000000000
9119 -895.0000000000
9162 -893.0000000000
9191 -890.0000000000
9232 -888.0000000000
9234 -887.0000000000
9252 -886.0000000000
9254 -885.0000000000
9304 -884.0000000000
9323 -882.0000000000
9329 -881.0000000000
9363 -878.0000000000
9387 -877.0000000000
9401 -876.0000000000
9440 -873.0000000000
9447 -872.0000000000
9461 -870.0000000000
9489 -869.0000000000
9514 -867.0000000000
9552 -864.0000000000
9561 -863.0000000000
9568 -861.0000000000
9608 -859.0000000000
9639 -858.0000000000
9644 -856.0000000000
9677 -855.0000000000
9718 -854.0000000000
9742 -853.0000000000
9769 -852.0000000000
9776 -850.0000000000
9782 -848.0000000000
9843 -847.0000000000
9863 -846.0000000000
9868 -844.0000000000
9886 -843.0000000000
9898 -842.0000000000
9930 -841.0000000000
9943 -839.0000000000
9962 -838.0000000000
9983 -837.0000000000
10022 -836.0000000000
10026 -835.0000000000
10046 -833.0000000000
10074 -831.0000000000
10103 -830.0000000000
10122 -829.0000000000
10142 -827.0000000000
10162 -826.0000000000
10193 -822.0000000000
10271 -821.0000000000
10300 -819.0000000000
10309 -817.0000000000
10324 -816.0000000000
10343 -815.0000000000
10362 -814.0000000000
10364 -813.0000000000
10403 -811.0000000000
10421 -809.0000000000
10462 -808.0000000000
10468 -807.0000000000
10503 -806.0000000000
10535 -805.0000000000
10562 -803.0000000000
10605 -802.0000000000
10606 -801.0000000000
10607 -800.0000000000
10633 -799.0000000000
10643 -797.0000000000
10675 -795.0000000000
10687 -794.0000000000
10702 -793.0000000000
10730 -791.0000000000
10753 -790.0000000000
10767 -788.0000000000
10786 -787.0000000000
10806 -786.0000000000
10817 -785.0000000000
10843 -784.0000000000
10867 -783.0000000000
10890 -779.0000000000
10935 -778.0000000000
10974 -776.0000000000
10998 -773.0000000000
11007 -771.0000000000
11019 -770.0000000000
11041 -769.0000000000
11062 -768.0000000000
11103 -764.0000000000
11174 -762.0000000000
11202 -761.0000000000
11208 -759.0000000000
11256 -758.0000000000
11294 -756.0000000000
11348 -755.0000000000
11379 -754.0000000000
11386 -751.0000000000
11442 -749.0000000000
11470 -747.0000000000
11495 -745.0000000000
11520 -743.0000000000
11557 -742.0000000000
11584 -741.0000000000
11594 -740.0000000000
11635 -739.0000000000
11643 -738.0000000000
11672 -736.0000000000
11696 -734.0000000000
11729 -733.0000000000
11762 -730.0000000000
11817 -729.0000000000
11825 -728.0000000000
11831 -727.0000000000
11874 -726.0000000000
11900 -725.0000000000
11902 -723.0000000000
11920 -722.0000000000
11948 -721.0000000000
11984 -720.0000000000
11993 -719.0000000000
12016 -717.0000000000
12023 -715.0000000000
12066 -712.0000000000
12116 -711.0000000000
12141 -708.0000000000
12175 -707.0000000000
12190 -704.0000000000
12222 -702.0000000000
12259 -701.0000000000
12284 -699.0000000000
12306 -697.0000000000
12342 -696.0000000000
12364 -695.0000000000
12380 -693.0000000000
12437 -691.0000000000
12468 -690.0000000000
12485 -689.0000000000
12505 -687.0000000000
12507 -686.0000000000
12565 -683.0000000000
12590 -682.0000000000
12641 -680.0000000000
12667 -678.0000000000
12668 -677.0000000000
12711 -676.0000000000
12734 -674.0000000000
12806 -673.0000000000
12810 -672.0000000000
12827 -670.0000000000
12888 -669.0000000000
12905 -667.0000000000
12921 -666.0000000000
12936 -665.0000000000
12956 -664.0000000000
12989 -662.0000000000
13025 -661.0000000000
13069 -660.0000000000
13088 -659.0000000000
13113 -658.0000000000
13124 -656.0000000000
13144 -655.0000000000
13167 -654.0000000000
13175 -652.0000000000
13186 -650.0000000000
13217 -649.0000000000
13228 -647.0000000000
13334 -645.0000000000
13341 -644.0000000000
13395 -643.0000000000
13413 -642.0000000000
13430 -641.0000000000
13461 -639.0000000000
13468 -638.0000000000
13538 -636.0000000000
13546 -635.0000000000
13561 -633.0000000000
13638 -632.0000000000
13658 -631.0000000000
13678 -627.0000000000
13753 -626.0000000000
13772 -625.0000000000
13789 -624.0000000000
13811 -623.0000000000
13852 -620.0000000000
13891 -617.0000000000
13944 -616.0000000000
13973 -614.0000000000
13992 -613.0000000000
14020 -612.0000000000
14033 -611.0000000000
14062 -610.0000000000
14108 -608.0000000000
14136 -606.0000000000
14164 -604.0000000000
14170 -603.0000000000
14221 -602.0000000000
14253 -601.0000000000
14292 -600.0000000000
14325 -599.0000000000
14342 -597.0000000000
14395 -595.0000000000
14441 -594.0000000000
14445 -592.0000000000
14496 -590.0000000000
14549 -589.0000000000
14583 -588.0000000000
14601 -587.0000000000
14629 -586.0000000000
14668 -585.0000000000
14671 -584.0000000000
14676 -581.0000000000
14707 -579.0000000000
14768 -578.0000000000
14790 -575.0000000000
14829 -574.0000000000
14844 -572.0000000000
14892 -570.0000000000
14911 -569.0000000000
14938 -567.0000000000
14992 -566.0000000000
15015 -563.0000000000
15050 -562.0000000000
15063 -560.0000000000
15102 -557.0000000000
15153 -556.0000000000
15175 -555.0000000000
15185 -554.0000000000
15200 -552.0000000000
15209 -550.0000000000
15234 -549.0000000000
15251 -548.0000000000
15281 -547.0000000000
15301 -546.0000000000
15319 -545.0000000000
15327 -544.0000000000
15347 -542.0000000000
15366 -541.0000000000
15393 -539.0000000000
15446 -538.0000000000
15461 -536.0000000000
15483 -535.0000000000
15522 -534.0000000000
15558 -533.0000000000
15572 -532.0000000000
15607 -531.0000000000
15639 -530.0000000000
15640 -527.0000000000
15698 -526.0000000000
15700 -523.0000000000
15702 -522.0000000000
15745 -520.0000000000
15822 -519.0000000000
15857 -518.0000000000
15871 -517.0000000000
15889 -515.0000000000
15974 -514.0000000000
15999 -513.0000000000
16012 -512.0000000000
16022 -510.0000000000
16081 -509.0000000000
16098 -508.0000000000
16106 -507.0000000000
16126 -506.0000000000
16153 -505.0000000000
16202 -504.0000000000
16206 -503.0000000000
16224 -500.0000000000
16270 -499.0000000000
16312 -497.0000000000
16378 -496.0000000000
16401 -495.0000000000
16411 -493.0000000000
16457 -490.0000000000
16465 -489.0000000000
16532 -486.0000000000
16564 -485.0000000000
16575 -483.0000000000
16601 -481.0000000000
16653 -479.0000000000
16663 -478.0000000000
16668 -477.0000000000
16732 -476.0000000000
16748 -473.0000000000
16806 -471.0000000000
16868 -470.0000000000
16939 -468.0000000000
16950 -466.0000000000
17000 -465.0000000000
17027 -462.0000000000
17078 -461.0000000000
17085 -460.0000000000
17104 -459.0000000000
17110 -458.0000000000
17146 -457.0000000000
17166 -456.0000000000
17186 -455.0000000000
17235 -454.0000000000
17253 -451.0000000000
17320 -450.0000000000
17344 -449.0000000000
17359 -447.0000000000
17381 -445.0000000000
17423 -444.0000000000
17456 -443.0000000000
17483 -442.0000000000
17497 -441.0000000000
17525 -440.0000000000
17542 -439.0000000000
17572 -437.0000000000
17629 -435.0000000000
17650 -434.0000000000
17678 -433.0000000000
17688 -432.0000000000
17724 -431.0000000000
17758 -430.0000000000
17799 -429.0000000000
17845 -427.0000000000
17867 -426.0000000000
17941 -425.0000000000
17945 -424.0000000000
17946 -423.0000000000
17985 -421.0000000000
17995 -419.0000000000
18102 -417.0000000000
18151 -416.0000000000
18183 -414.0000000000
18251 -412.0000000000
18266 -411.0000000000
18294 -410.0000000000
18309 -409.0000000000
18389 -408.0000000000
18420 -406.0000000000
18445 -405.0000000000
18451 -404.0000000000
18469 -403.0000000000
18531 -402.0000000000
18533 -401.0000000000
18592 -398.0000000000
18655 -396.0000000000
18682 -395.0000000000
18735 -394.0000000000
18742 -393.0000000000
18832 -391.0000000000
18848 -390.0000000000
18918 -388.0000000000
18956 -387.0000000000
18968 -386.0000000000
18971 -385.0000000000
19000 -384.0000000000
19008 -382.0000000000
19092 -380.0000000000
19159 -379.0000000000
19168 -378.0000000000
19208 -377.0000000000
19215 -376.0000000000
19222 -374.0000000000
19259 -373.0000000000
19264 -372.0000000000
19284 -371.0000000000
19320 -369.0000000000
19374 -367.0000000000
19426 -366.0000000000
19467 -365.0000000000
19534 -364.0000000000
19541 -362.0000000000
19562 -361.0000000000
19583 -360.0000000000
19634 -359.0000000000
19655 -358.0000000000
19673 -355.0000000000
19731 -354.0000000000
19780 -353.0000000000
19827 -352.0000000000
19841 -351.0000000000
19861 -348.0000000000
19948 -347.0000000000
19951 -346.0000000000
19984 -344.0000000000
20018 -343.0000000000
20044 -340.0000000000
20149 -338.0000000000
20165 -337.0000000000
20187 -335.0000000000
20242 -334.0000000000
20264 -333.0000000000
20305 -332.0000000000
20306 -330.0000000000
20346 -329.0000000000
20401 -328.0000000000
20410 -327.0000000000
20432 -325.0000000000
20438 -324.0000000000
20535 -323.0000000000
20553 -322.0000000000
20601 -319.0000000000
20656 -317.0000000000
20671 -316.0000000000
20716 -315.0000000000
20749 -314.0000000000
20766 -313.0000000000
20782 -312.0000000000
20805 -310.0000000000
20818 -308.0000000000
20825 -307.0000000000
20859 -306.0000000000
20873 -305.0000000000
20883 -304.0000000000
20906 -303.0000000000
20990 -302.0000000000
21045 -300.0000000000
21103 -299.0000000000
21175 -298.0000000000
21188 -297.0000000000
21204 -295.0000000000
21236 -294.0000000000
21278 -293.0000000000
21295 -291.0000000000
21323 -289.0000000000
21382 -288.0000000000
21415 -287.0000000000
21439 -285.0000000000
21462 -283.0000000000
21515 -280.0000000000
21567 -279.0000000000
21653 -277.0000000000
21681 -276.0000000000
21722 -275.0000000000
21774 -274.0000000000
21822 -273.0000000000
21860 -270.0000000000
21926 -269.0000000000
21966 -268.0000000000
21980 -267.0000000000
22011 -265.0000000000
22079 -264.0000000000
22113 -261.0000000000
22164 -260.0000000000
22239 -259.0000000000
22257 -258.0000000000
22291 -255.0000000000
22348 -254.0000000000
22368 -252.0000000000
22404 -251.0000000000
22409 -248.0000000000
22516 -247.0000000000
22549 -246.0000000000
22563 -245.0000000000
22594 -244.0000000000
22606 -241.0000000000
22652 -240.0000000000
22724 -238.0000000000
22825 -237.0000000000
22868 -236.0000000000
22921 -235.0000000000
22946 -234.0000000000
22953 -233.0000000000
23026 -231.0000000000
23102 -230.0000000000
23125 -228.0000000000
23148 -226.0000000000
23191 -225.0000000000
23214 -223.0000000000
23244 -221.0000000000
23288 -220.0000000000
23297 -218.0000000000
23340 -217.0000000000
23365 -216.0000000000
23416 -215.0000000000
23453 -214.0000000000
23462 -213.0000000000
23464 -212.0000000000
23506 -211.0000000000
23586 -210.0000000000
23593 -209.0000000000
23630 -208.0000000000
23670 -205.0000000000
23721 -204.0000000000
23790 -203.0000000000
23856 -202.0000000000
23876 -200.0000000000
23941 -199.0000000000
23971 -198.0000000000
24034 -195.0000000000
24075 -192.0000000000
24125 -191.0000000000
24194 -190.0000000000
24228 -187.0000000000
24326 -184.0000000000
24413 -183.0000000000
24483 -182.0000000000
24503 -181.0000000000
24516 -179.0000000000
24583 -178.0000000000
24616 -177.0000000000
24652 -176.0000000000
24670 -175.0000000000
24713 -173.0000000000
24764 -172.0000000000
24800 -171.0000000000
24835 -170.0000000000
24864 -169.0000000000
24896 -168.0000000000
24934 -167.0000000000
24958 -166.0000000000
24966 -165.0000000000
25035 -164.0000000000
25080 -162.0000000000
25112 -161.0000000000
25130 -160.0000000000
25131 -159.0000000000
25147 -158.0000000000
25182 -157.0000000000
25183 -155.0000000000
25222 -153.0000000000
25288 -152.0000000000
25333 -151.0000000000
25342 -149.0000000000
25483 -148.0000000000
25502 -147.0000000000
25543 -146.0000000000
25548 -145.0000000000
25583 -143.0000000000
25642 -140.0000000000
25700 -137.0000000000
25721 -136.0000000000
25804 -135.0000000000
25850 -134.0000000000
25851 -133.0000000000
25900 -132.0000000000
25909 -131.0000000000
25943 -130.0000000000
25946 -129.0000000000
26067 -128.0000000000
26068 -125.0000000000
26200 -124.0000000000
26313 -123.0000000000
26322 -122.0000000000
26402 -121.0000000000
26456 -120.0000000000
26502 -117.0000000000
26608 -116.0000000000
26639 -115.0000000000
26686 -114.0000000000
26707 -113.0000000000
26815 -112.0000000000
26863 -111.0000000000
26916 -110.0000000000
26946 -108.0000000000
27026 -107.0000000000
27061 -106.0000000000
27126 -105.0000000000
27191 -104.0000000000
27199 -103.0000000000
27240 -101.0000000000
27254 -98.0000000000
27362 -97.0000000000
27402 -96.0000000000
27432 -94.0000000000
27471 -92.0000000000
27520 -91.0000000000
27541 -89.0000000000
27657 -87.0000000000
27739 -86.0000000000
27761 -85.0000000000
27871 -84.0000000000
27942 -82.0000000000
28012 -81.0000000000
28029 -80.0000000000
28148 -79.0000000000
28156 -78.0000000000
28196 -77.0000000000
28292 -76.0000000000
28342 -73.0000000000
28408 -72.0000000000
28470 -71.0000000000
28481 -70.0000000000
28570 -69.0000000000
28613 -68.0000000000
28648 -66.0000000000
28707 -63.0000000000
28799 -62.0000000000
28857 -61.0000000000
28887 -60.0000000000
28922 -59.0000000000
28928 -56.0000000000
28989 -55.0000000000
29085 -54.0000000000
29089 -53.0000000000
29138 -51.0000000000
29193 -50.0000000000
29243 -49.0000000000
29275 -48.0000000000
29288 -45.0000000000
29408 -44.0000000000
29478 -42.0000000000
29609 -41.0000000000
29710 -40.0000000000
29808 -39.0000000000
29910 -38.0000000000
29949 -37.0000000000
30024 -36.0000000000
30087 -35.0000000000
30133 -34.0000000000
30171 -33.0000000000
30205 -32.0000000000
30224 -31.0000000000
30328 -30.0000000000
30412 -29.0000000000
30433 -28.0000000000
30532 -27.0000000000
30586 -26.0000000000
30730 -25.0000000000
30761 -24.0000000000
30768 -23.0000000000
30857 -22.0000000000
31041 -21.0000000000
31062 -19.0000000000
31313 -17.0000000000
31532 -16.0000000000
31580 -15.0000000000
31703 -14.0000000000
31781 -12.0000000000
31890 -11.0000000000
31963 -9.0000000000
32001 -8.0000000000
32082 -7.0000000000
32225 -6.0000000000
32312 -5.0000000000
32330 -3.0000000000
32426 -1.0000000000
32508 577.3800000000
32534 586.8200000000
32582 591.7400000000
32587 611.6400000000
32642 613.1400000000
32657 623.6700000000
32781 634.0900000000
32851 635.7300000000
32917 645.3700000000
32987 649.2300000000
33003 651.4900000000
33041 669.4600000000
33107 673.2600000000
33194 676.0600000000
33268 679.4100000000
33448 681.2800000000
34142 688.8100000000
35048 690.1300000000
35071 690.3700000000
35185 691.3000000000
35277 693.4800000000
35340 702.8000000000
35512 703.3500000000
35623 703.3600000000
35727 704.0400000000
35749 713.1000000000
36106 715.9200000000
37518 718.0000000000
37925 719.1000000000
38021 726.7700000000
38940 731.1600000000
38994 741.4500000000
39030 779.6500000000
39073 792.3800000000
39089 807.7300000000
39397 817.3400000000
39454 818.2200000000
39587 822.5000000000
39612 844.5600000000
39968 853.1800000000
40110 857.6700000000
40345 858.0000000000
41053 864.8900000000
41065 868.0500000000
41230 868.7200000000
41449 889.3800000000
41708 944.9900000000
41807 956.4600000000
41865 964.5300000000
42033 977.2400000000
42338 980.2000000000
42702 986.3200000000
42962 1023.1300000000
42998 1024.8100000000
43050 1034.7100000000
43120 1036.6100000000
43131 1037.3300000000
43145 1039.7700000000
43296 1047.7300000000
43368 1057.9700000000
44055 1090.8100000000
44170 1092.8500000000
44262 1098.1700000000
44348 1098.7600000000
44423 1101.2700000000
44448 1106.7600000000
44454 1106.9100000000
44817 1108.0600000000
45099 1108.7200000000
46064 1119.5900000000
47331 1126.5200000000
47403 1134.9100000000
48594 1137.4300000000
48622 1141.1100000000
49973 1146.7000000000
55969 1148.0200000000
65655 1149.4400000000
65927 1150.5100000000
68249 1153.4500000000
75521 1153.4600000000
78539 1235.0900000000
79161 1237.2800000000
79355 1240.5000000000
79561 1240.8800000000
79602 1251.1400000000
79904 1252.8700000000
80203 1254.2400000000
82278 1254.6400000000
82449 1255.2500000000
85190 1255.9800000000
85208 1260.1500000000
93786 1260.1700000000
97946 1263.8400000000
100000 -2.0000000000
evaluations raw_y
1 -1921.0000000000
3 -1914.0000000000
4 -1868.0000000000
5 -1863.0000000000
23 -1828.0000000000
50 -1824.0000000000
61 -1814.0000000000
81 -1811.0000000000
83 -1804.0000000000
98 -1790.0000000000
151 -1775.0000000000
159 -1753.0000000000
163 -1751.0000000000
169 -1730.0000000000
213 -1713.0000000000
226 -1711.0000000000
239 -1707.0000000000
241 -1705.0000000000
248 -1703.0000000000
253 -1685.0000000000
261 -1682.0000000000
284 -1680.0000000000
316 -1677.0000000000
326 -1675.0000000000
333 -1671.0000000000
334 -1663.0000000000
362 -1653.0000000000
385 -1652.0000000000
390 -1647.0000000000
391 -1641.0000000000
416 -1639.0000000000
418 -1624.0000000000
481 -1619.0000000000
495 -1612.0000000000
528 -1611.0000000000
534 -1608.0000000000
545 -1600.0000000000
563 -1594.0000000000
583 -1588.0000000000
595 -1587.0000000000
596 -1586.0000000000
610 -1585.0000000000
615 -1583.0000000000
622 -1580.0000000000
631 -1577.0000000000
652 -1570.0000000000
708 -1568.0000000000
720 -1560.0000000000
744 -1559.0000000000
764 -1558.0000000000
772 -1557.0000000000
783 -1555.0000000000
801 -1552.0000000000
842 -1551.0000000000
846 -1550.0000000000
857 -1546.0000000000
883 -1545.0000000000
892 -1544.0000000000
923 -1542.0000000000
941 -1539.0000000000
968 -1537.0000000000
982 -1536.0000000000
1013 -1534.0000000000
1021 -1532.0000000000
1047 -1531.0000000000
1063 -1530.0000000000
1068 -1529.0000000000
1079 -1528.0000000000
1088 -1527.0000000000
1092 -1525.0000000000
1124 -1524.0000000000
1141 -1523.0000000000
1156 -1521.0000000000
1164 -1520.0000000000
1175 -1519.0000000000
1185 -1516.0000000000
1203 -1515.0000000000
1221 -1514.0000000000
1227 -1510.0000000000
1246 -1506.0000000000
1280 -1504.0000000000
1302 -1503.0000000000
1314 -1500.0000000000
1324 -1497.0000000000
1369 -1495.0000000000
1385 -1494.0000000000
1405 -1493.0000000000
1406 -1491.0000000000
1457 -1489.0000000000
1470 -1487.0000000000
1476 -1482.0000000000
1504 -1481.0000000000
1520 -1479.0000000000
1543 -1477.0000000000
1562 -1475.0000000000
1588 -1474.0000000000
1611 -1473.0000000000
1625 -1472.0000000000
1641 -1470.0000000000
1670 -1469.0000000000
1672 -1464.0000000000
1696 -1462.0000000000
1705 -1461.0000000000
1735 -1459.0000000000
1772 -1457.0000000000
1816 -1456.0000000000
1823 -1455.0000000000
1829 -1454.0000000000
1838 -1453.0000000000
1857 -1452.0000000000
1877 -1450.0000000000
1878 -1449.0000000000
1910 -1448.0000000000
1911 -1445.0000000000
1926 -1443.0000000000
1971 -1439.0000000000
2006 -1436.0000000000
2039 -1435.0000000000
2045 -1434.0000000000
2048 -1433.0000000000
2053 -1432.0000000000
2062 -1429.0000000000
2074 -1427.0000000000
2109 -1425.0000000000
2130 -1422.0000000000
2194 -1421.0000000000
2203 -1419.0000000000
2211 -1417.0000000000
2241 -1416.0000000000
2244 -1415.0000000000
2263 -1414.0000000000
2292 -1409.0000000000
2305 -1408.0000000000
2311 -1406.0000000000
2322 -1404.0000000000
2375 -1402.0000000000
2379 -1399.0000000000
2413 -1398.0000000000
2436 -1396.0000000000
2485 -1392.0000000000
2522 -1388.0000000000
2566 -1387.0000000000
2584 -1386.0000000000
2590 -1383.0000000000
2624 -1382.0000000000
2630 -1381.0000000000
2646 -1378.0000000000
2675 -1376.0000000000
2709 -1375.0000000000
2715 -1372.0000000000
2747 -1369.0000000000
2766 -1366.0000000000
2805 -1364.0000000000
2845 -1363.0000000000
2878 -1362.0000000000
2881 -1361.0000000000
2882 -1360.0000000000
2891 -1358.0000000000
2903 -1357.0000000000
2908 -1355.0000000000
2933 -1354.0000000000
2951 -1352.0000000000
2988 -1350.0000000000
3021 -1347.0000000000
3058 -1342.0000000000
3092 -1337.0000000000
3156 -1336.0000000000
3167 -1335.0000000000
3189 -1334.0000000000
3206 -1333.0000000000
3210 -1332.0000000000
3226 -1331.0000000000
3233 -1329.0000000000
3253 -1328.0000000000
3292 -1327.0000000000
3305 -1324.0000000000
3340 -1323.0000000000
3341 -1320.0000000000
3364 -1318.0000000000
3406 -1317.0000000000
3419 -1311.0000000000
3462 -1308.0000000000
3471 -1306.0000000000
3499 -1304.0000000000
3515 -1303.0000000000
3517 -1302.0000000000
3545 -1299.0000000000
3565 -1296.0000000000
3578 -1295.0000000000
3601 -1292.0000000000
3627 -1291.0000000000
3664 -1290.0000000000
3672 -1289.0000000000
3692 -1287.0000000000
3705 -1286.0000000000
3737 -1285.0000000000
3762 -1283.0000000000
3806 -1282.0000000000
3807 -1281.0000000000
3827 -1280.0000000000
3829 -1278.0000000000
3852 -1276.0000000000
3888 -1271.0000000000
3914 -1268.0000000000
3942 -1267.0000000000
3982 -1266.0000000000
4002 -1262.0000000000
4032 -1260.0000000000
4055 -1258.0000000000
4070 -1257.0000000000
4083 -1255.0000000000
4102 -1254.0000000000
4125 -1253.0000000000
4155 -1252.0000000000
4163 -1251.0000000000
4174 -1250.0000000000
4186 -1249.0000000000
4205 -1247.0000000000
4224 -1243.0000000000
4245 -1241.0000000000
4257 -1239.0000000000
4262 -1237.0000000000
4283 -1236.0000000000
4286 -1235.0000000000
4327 -1234.0000000000
4338 -1233.0000000000
4342 -1231.0000000000
4353 -1228.0000000000
4367 -1227.0000000000
4394 -1226.0000000000
4407 -1225.0000000000
4422 -1223.0000000000
4425 -1222.0000000000
4456 -1221.0000000000
4466 -1218.0000000000
4488 -1216.0000000000
4496 -1214.0000000000
4543 -1208.0000000000
4563 -1207.0000000000
4596 -1205.0000000000
4606 -1200.0000000000
4672 -1196.0000000000
4701 -1195.0000000000
4723 -1192.0000000000
4745 -1191.0000000000
4768 -1189.0000000000
4788 -1188.0000000000
4809 -1186.0000000000
4829 -1185.0000000000
4843 -1182.0000000000
4903 -1179.0000000000
4945 -1177.0000000000
4959 -1175.0000000000
4981 -1173.0000000000
4982 -1171.0000000000
5025 -1170.0000000000
5041 -1168.0000000000
5062 -1167.0000000000
5093 -1164.0000000000
5136 -1160.0000000000
5171 -1157.0000000000
5224 -1156.0000000000
5256 -1154.0000000000
5266 -1152.0000000000
5288 -1151.0000000000
5295 -1150.0000000000
5321 -1149.0000000000
5334 -1148.0000000000
5357 -1147.0000000000
5366 -1146.0000000000
5394 -1145.0000000000
5401 -1143.0000000000
5418 -1140.0000000000
5424 -1137.0000000000
5447 -1136.0000000000
5484 -1135.0000000000
5506 -1134.0000000000
5511 -1133.0000000000
5537 -1130.0000000000
5569 -1128.0000000000
5578 -1127.0000000000
5597 -1125.0000000000
5629 -1123.0000000000
5663 -1121.0000000000
5684 -1120.0000000000
5706 -1119.0000000000
5723 -1118.0000000000
5729 -1117.0000000000
5768 -1116.0000000000
5786 -1115.0000000000
5796 -1114.0000000000
5815 -1111.0000000000
5835 -1110.0000000000
5855 -1108.0000000000
5892 -1106.0000000000
5917 -1105.0000000000
5924 -1104.0000000000
5925 -1103.0000000000
5944 -1101.0000000000
5971 -1097.0000000000
6004 -1096.0000000000
6005 -1095.0000000000
6030 -1093.0000000000
6055 -1092.0000000000
6062 -1090.0000000000
6081 -1086.0000000000
6136 -1084.0000000000
6159 -1083.0000000000
6184 -1082.0000000000
6186 -1080.0000000000
6221 -1079.0000000000
6230 -1077.0000000000
6250 -1076.0000000000
6254 -1075.0000000000
6266 -1073.0000000000
6313 -1069.0000000000
6341 -1066.0000000000
6364 -1062.0000000000
6430 -1059.0000000000
6448 -1057.0000000000
6506 -1056.0000000000
6515 -1055.0000000000
6518 -1053.0000000000
6533 -1052.0000000000
6561 -1051.0000000000
6566 -1048.0000000000
6591 -1047.0000000000
6601 -1046.0000000000
6658 -1045.0000000000
6687 -1044.0000000000
6688 -1043.0000000000
6699 -1042.0000000000
6705 -1040.0000000000
6735 -1039.0000000000
6746 -1038.0000000000
6778 -1037.0000000000
6784 -1035.0000000000
6805 -1034.0000000000
6820 -1031.0000000000
6889 -1029.0000000000
6907 -1026.0000000000
6978 -1024.0000000000
7013 -1023.0000000000
7015 -1019.0000000000
7045 -1018.0000000000
7070 -1017.0000000000
7089 -1016.0000000000
7095 -1015.0000000000
7106 -1013.0000000000
7122 -1012.0000000000
7143 -1010.0000000000
7167 -1009.0000000000
7187 -1008.0000000000
7200 -1007.0000000000
7201 -1006.0000000000
7243 -1005.0000000000
7252 -1004.0000000000
7282 -1003.0000000000
7312 -1002.0000000000
7345 -1001.0000000000
7367 -999.0000000000
7369 -998.0000000000
7407 -996.0000000000
7458 -994.0000000000
7467 -993.0000000000
7482 -991.0000000000
7517 -990.0000000000
7524 -988.0000000000
7565 -987.0000000000
7596 -986.0000000000
7610 -985.0000000000
7614 -983.0000000000
7647 -980.0000000000
7661 -978.0000000000
7685 -977.0000000000
7710 -976.0000000000
7718 -975.0000000000
7727 -971.0000000000
7796 -970.0000000000
7823 -969.0000000000
7828 -968.0000000000
7834 -967.0000000000
7866 -966.0000000000
7868 -965.0000000000
7907 -960.0000000000
7950 -958.0000000000
7988 -957.0000000000
7995 -956.0000000000
8008 -955.0000000000
8012 -954.0000000000
8021 -953.0000000000
8024 -952.0000000000
8067 -951.0000000000
8100 -950.0000000000
8123 -949.0000000000
8142 -948.0000000000
8158 -945.0000000000
8209 -944.0000000000
8220 -943.0000000000
8241 -942.0000000000
8276 -941.0000000000
8305 -939.0000000000
8308 -937.0000000000
8325 -936.0000000000
8372 -935.0000000000
8381 -930.0000000000
8429 -929.0000000000
8478 -928.0000000000
8479 -927.0000000000
8494 -923.0000000000
8530 -922.0000000000
8543 -921.0000000000
8567 -920.0000000000
8569 -919.0000000000
8583 -917.0000000000
8597 -916.0000000000
8617 -914.0000000000
8639 -913.0000000000
8663 -912.0000000000
8672 -911.0000000000
8680 -910.0000000000
8701 -909.0000000000
8719 -908.0000000000
8740 -907.0000000000
8752 -904.0000000000
8780 -903.0000000000
8809 -902.0000000000
8824 -900.0000000000
8845 -899.0000000000
8861 -898.0000000000
8889 -896.0000000000
8934 -892.0000000000
8958 -890.0000000000
8985 -889.0000000000
9001 -888.0000000000
9023 -887.0000000000
9036 -883.0000000000
9082 -881.0000000000
9104 -880.0000000000
9124 -879.0000000000
9135 -878.0000000000
9153 -877.0000000000
9166 -875.0000000000
9196 -873.0000000000
9207 -871.0000000000
9228 -867.0000000000
9262 -865.0000000000
9264 -863.0000000000
9306 -861.0000000000
9316 -859.0000000000
9374 -858.0000000000
9391 -857.0000000000
9441 -854.0000000000
9472 -853.0000000000
9497 -852.0000000000
9537 -851.0000000000
9545 -850.0000000000
9574 -849.0000000000
9636 -848.0000000000
9650 -847.0000000000
9687 -845.0000000000
9710 -843.0000000000
9725 -842.0000000000
9736 -841.0000000000
9785 -837.0000000000
9846 -836.0000000000
9864 -835.0000000000
9897 -834.0000000000
9963 -833.0000000000
9964 -831.0000000000
10005 -830.0000000000
10023 -829.0000000000
10033 -828.0000000000
10072 -827.0000000000
10090 -826.0000000000
10103 -824.0000000000
10109 -822.0000000000
10163 -821.0000000000
10194 -820.0000000000
10201 -819.0000000000
10238 -818.0000000000
10257 -817.0000000000
10269 -815.0000000000
10288 -814.0000000000
10314 -813.0000000000
10344 -811.0000000000
10381 -810.0000000000
10413 -808.0000000000
10422 -807.0000000000
10470 -804.0000000000
10502 -802.0000000000
10513 -800.0000000000
10541 -799.0000000000
10569 -798.0000000000
10584 -796.0000000000
10623 -794.0000000000
10647 -790.0000000000
10716 -789.0000000000
10725 -788.0000000000
10727 -786.0000000000
10772 -785.0000000000
10778 -782.0000000000
10801 -781.0000000000
10841 -779.0000000000
10862 -777.0000000000
10883 -776.0000000000
10908 -774.0000000000
10930 -773.0000000000
10943 -772.0000000000
10950 -771.0000000000
10953 -770.0000000000
10991 -768.0000000000
11008 -767.0000000000
11031 -765.0000000000
11053 -763.0000000000
11085 -762.0000000000
11097 -761.0000000000
11123 -758.0000000000
11146 -757.0000000000
11172 -756.0000000000
11209 -754.0000000000
11243 -752.0000000000
11267 -751.0000000000
11281 -750.0000000000
11282 -748.0000000000
11350 -747.0000000000
11375 -743.0000000000
11432 -740.0000000000
11473 -739.0000000000
11515 -736.0000000000
11552 -735.0000000000
11557 -734.0000000000
11599 -733.0000000000
11600 -732.0000000000
11606 -731.0000000000
11628 -730.0000000000
11645 -729.0000000000
11661 -728.0000000000
11665 -727.0000000000
11724 -722.0000000000
11773 -720.0000000000
11822 -718.0000000000
11842 -716.0000000000
11868 -714.0000000000
11921 -711.0000000000
11934 -710.0000000000
11954 -708.0000000000
11961 -707.0000000000
11993 -706.0000000000
11995 -705.0000000000
12017 -703.0000000000
12041 -702.0000000000
12061 -701.0000000000
12082 -699.0000000000
12085 -698.0000000000
12104 -695.0000000000
12150 -694.0000000000
12169 -692.0000000000
12205 -691.0000000000
12219 -690.0000000000
12229 -689.0000000000
12260 -688.0000000000
12272 -685.0000000000
12282 -683.0000000000
12311 -682.0000000000
12345 -681.0000000000
12365 -677.0000000000
12413 -676.0000000000
12444 -675.0000000000
12457 -674.0000000000
12475 -673.0000000000
12505 -672.0000000000
12521 -670.0000000000
12533 -669.0000000000
12558 -666.0000000000
12581 -663.0000000000
12657 -662.0000000000
12664 -659.0000000000
12717 -658.0000000000
12731 -657.0000000000
12760 -656.0000000000
12768 -653.0000000000
12802 -650.0000000000
12827 -649.0000000000
12861 -648.0000000000
12891 -645.0000000000
12923 -644.0000000000
12958 -642.0000000000
12977 -641.0000000000
13023 -640.0000000000
13068 -639.0000000000
13102 -637.0000000000
13108 -636.0000000000
13117 -634.0000000000
13136 -633.0000000000
13161 -630.0000000000
13195 -628.0000000000
13281 -626.0000000000
13282 -625.0000000000
13323 -623.0000000000
13370 -621.0000000000
13406 -619.0000000000
13446 -618.0000000000
13474 -617.0000000000
13505 -615.0000000000
13549 -613.0000000000
13576 -612.0000000000
13590 -611.0000000000
13594 -609.0000000000
13645 -608.0000000000
13662 -607.0000000000
13664 -605.0000000000
13686 -603.0000000000
13726 -600.0000000000
13774 -599.0000000000
13775 -597.0000000000
13804 -595.0000000000
13826 -594.0000000000
13837 -593.0000000000
13870 -592.0000000000
13891 -590.0000000000
13902 -588.0000000000
13911 -586.0000000000
13953 -585.0000000000
13973 -584.0000000000
13996 -583.0000000000
14020 -582.0000000000
14033 -581.0000000000
14034 -580.0000000000
14050 -578.0000000000
14072 -577.0000000000
14126 -575.0000000000
14141 -574.0000000000
14173 -573.0000000000
14182 -572.0000000000
14217 -571.0000000000
14247 -569.0000000000
14248 -568.0000000000
14296 -567.0000000000
14298 -566.0000000000
14329 -565.0000000000
14361 -564.0000000000
14411 -562.0000000000
14462 -561.0000000000
14463 -559.0000000000
14528 -558.0000000000
14557 -557.0000000000
14571 -555.0000000000
14591 -554.0000000000
14634 -553.0000000000
14652 -552.0000000000
14672 -550.0000000000
14709 -548.0000000000
14726 -547.0000000000
14742 -546.0000000000
14772 -545.0000000000
14779 -544.0000000000
14792 -543.0000000000
14801 -541.0000000000
14844 -540.0000000000
14862 -538.0000000000
14910 -536.0000000000
14946 -533.0000000000
14995 -532.0000000000
15024 -531.0000000000
15025 -529.0000000000
15047 -527.0000000000
15064 -526.0000000000
15097 -525.0000000000
15139 -524.0000000000
15155 -523.0000000000
15209 -518.0000000000
15226 -517.0000000000
15259 -516.0000000000
15260 -515.0000000000
15312 -513.0000000000
15362 -512.0000000000
15364 -510.0000000000
15415 -509.0000000000
15416 -507.0000000000
15443 -506.0000000000
15505 -503.0000000000
15540 -501.0000000000
15618 -499.0000000000
15640 -498.0000000000
15662 -496.0000000000
15717 -495.0000000000
15729 -494.0000000000
15750 -492.0000000000
15765 -491.0000000000
15775 -490.0000000000
15794 -489.0000000000
15831 -488.0000000000
15841 -485.0000000000
15909 -484.0000000000
15933 -483.0000000000
15945 -482.0000000000
15974 -481.0000000000
15998 -480.0000000000
16036 -478.0000000000
16037 -476.0000000000
16068 -475.0000000000
16104 -474.0000000000
16123 -473.0000000000
16124 -472.0000000000
16156 -471.0000000000
16190 -469.0000000000
16244 -467.0000000000
16303 -466.0000000000
16345 -465.0000000000
16370 -464.0000000000
16374 -463.0000000000
16386 -462.0000000000
16434 -461.0000000000
16437 -460.0000000000
16468 -459.0000000000
16509 -457.0000000000
16546 -456.0000000000
16600 -454.0000000000
16661 -451.0000000000
16721 -450.0000000000
16729 -449.0000000000
16760 -448.0000000000
16771 -446.0000000000
16791 -444.0000000000
16839 -443.0000000000
16843 -442.0000000000
16877 -441.0000000000
16883 -440.0000000000
16909 -439.0000000000
16931 -438.0000000000
16970 -437.0000000000
16983 -436.0000000000
16992 -433.0000000000
17061 -432.0000000000
17106 -430.0000000000
17182 -429.0000000000
17205 -426.0000000000
17262 -425.0000000000
17315 -421.0000000000
17372 -420.0000000000
17418 -417.0000000000
17473 -416.0000000000
17545 -414.0000000000
17569 -412.0000000000
17668 -411.0000000000
17670 -410.0000000000
17687 -408.0000000000
17798 -405.0000000000
17855 -404.0000000000
17914 -403.0000000000
17949 -402.0000000000
17984 -401.0000000000
18013 -400.0000000000
18041 -399.0000000000
18047 -398.0000000000
18061 -397.0000000000
18102 -396.0000000000
18117 -395.0000000000
18130 -393.0000000000
18227 -392.0000000000
18232 -391.0000000000
18244 -390.0000000000
18296 -389.0000000000
18328 -388.0000000000
18344 -385.0000000000
18365 -384.0000000000
18407 -383.0000000000
18427 -382.0000000000
18487 -381.0000000000
18491 -380.0000000000
18498 -379.0000000000
18580 -378.0000000000
18602 -377.0000000000
18628 -376.0000000000
18665 -375.0000000000
18674 -374.0000000000
18694 -373.0000000000
18758 -372.0000000000
18759 -371.0000000000
18786 -370.0000000000
18796 -369.0000000000
18856 -367.0000000000
18911 -366.0000000000
18941 -365.0000000000
18986 -361.0000000000
19071 -359.0000000000
19106 -358.0000000000
19144 -357.0000000000
19182 -356.0000000000
19227 -355.0000000000
19245 -354.0000000000
19285 -353.0000000000
19318 -351.0000000000
19364 -350.0000000000
19367 -349.0000000000
19409 -348.0000000000
19424 -347.0000000000
19445 -346.0000000000
19453 -344.0000000000
19490 -343.0000000000
19549 -341.0000000000
19565 -340.0000000000
19647 -339.0000000000
19661 -338.0000000000
19682 -337.0000000000
19713 -336.0000000000
19718 -334.0000000000
19738 -333.0000000000
19801 -331.0000000000
19828 -330.0000000000
19841 -329.0000000000
19864 -328.0000000000
19899 -327.0000000000
19907 -326.0000000000
19928 -325.0000000000
19963 -324.0000000000
19990 -323.0000000000
20078 -322.0000000000
20103 -321.0000000000
20124 -320.0000000000
20173 -319.0000000000
20181 -318.0000000000
20201 -316.0000000000
20252 -315.0000000000
20287 -314.0000000000
20295 -313.0000000000
20354 -310.0000000000
20389 -308.0000000000
20486 -307.0000000000
20532 -306.0000000000
20560 -305.0000000000
20563 -303.0000000000
20677 -301.0000000000
20682 -299.0000000000
20729 -298.0000000000
20783 -297.0000000000
20793 -296.0000000000
20834 -295.0000000000
20864 -292.0000000000
20955 -288.0000000000
21065 -287.0000000000
21077 -286.0000000000
21089 -285.0000000000
21136 -283.0000000000
21150 -282.0000000000
21192 -281.0000000000
21204 -280.0000000000
21260 -279.0000000000
21262 -278.0000000000
21274 -277.0000000000
21320 -274.0000000000
21422 -272.0000000000
21534 -271.0000000000
21598 -270.0000000000
21620 -268.0000000000
21669 -267.0000000000
21722 -266.0000000000
21768 -265.0000000000
21792 -264.0000000000
21804 -263.0000000000
21861 -262.0000000000
21891 -261.0000000000
21898 -259.0000000000
22005 -258.0000000000
22051 -256.0000000000
22083 -255.0000000000
22142 -254.0000000000
22150 -252.0000000000
22211 -251.0000000000
22220 -250.0000000000
22286 -249.0000000000
22368 -248.0000000000
22379 -247.0000000000
22417 -246.0000000000
22475 -245.0000000000
22517 -244.0000000000
22566 -243.0000000000
22605 -241.0000000000
22617 -240.0000000000
22632 -239.0000000000
22642 -238.0000000000
22688 -237.0000000000
22726 -234.0000000000
22742 -232.0000000000
22790 -229.0000000000
22927 -227.0000000000
22962 -226.0000000000
23006 -225.0000000000
23061 -224.0000000000
23088 -221.0000000000
23138 -220.0000000000
23228 -219.0000000000
23243 -218.0000000000
23303 -216.0000000000
23341 -215.0000000000
23363 -214.0000000000
23400 -213.0000000000
23446 -211.0000000000
23501 -209.0000000000
23567 -207.0000000000
23621 -205.0000000000
23687 -204.0000000000
23732 -203.0000000000
23772 -201.0000000000
23830 -200.0000000000
23862 -199.0000000000
23892 -198.0000000000
23925 -197.0000000000
23957 -196.0000000000
24009 -195.0000000000
24103 -194.0000000000
24128 -192.0000000000
24167 -191.0000000000
24203 -190.0000000000
24226 -189.0000000000
24271 -188.0000000000
24286 -186.0000000000
24317 -184.0000000000
24369 -183.0000000000
24393 -181.0000000000
24402 -180.0000000000
24453 -179.0000000000
24482 -178.0000000000
24498 -177.0000000000
24579 -176.0000000000
24596 -175.0000000000
24605 -174.0000000000
24645 -173.0000000000
24662 -170.0000000000
24740 -169.0000000000
24769 -168.0000000000
24852 -167.0000000000
24887 -166.0000000000
24927 -165.0000000000
24966 -164.0000000000
24983 -163.0000000000
25048 -161.0000000000
25110 -160.0000000000
25126 -159.0000000000
25168 -158.0000000000
25207 -157.0000000000
25263 -156.0000000000
25277 -155.0000000000
25304 -154.0000000000
25321 -152.0000000000
25394 -150.0000000000
25427 -149.0000000000
25505 -147.0000000000
25612 -146.0000000000
25670 -144.0000000000
25713 -143.0000000000
25766 -142.0000000000
25801 -141.0000000000
25833 -140.0000000000
25842 -138.0000000000
25909 -137.0000000000
25915 -136.0000000000
25974 -135.0000000000
26030 -134.0000000000
26053 -133.0000000000
26158 -132.0000000000
26188 -130.0000000000
26235 -129.0000000000
26244 -128.0000000000
26334 -127.0000000000
26406 -125.0000000000
26511 -124.0000000000
26603 -123.0000000000
26693 -122.0000000000
26703 -121.0000000000
26750 -120.0000000000
26769 -119.0000000000
26790 -117.0000000000
26863 -116.0000000000
26867 -115.0000000000
26904 -114.0000000000
26974 -113.0000000000
27015 -112.0000000000
27060 -111.0000000000
27151 -110.0000000000
27191 -109.0000000000
27252 -108.0000000000
27284 -107.0000000000
27310 -106.0000000000
27323 -105.0000000000
27357 -104.0000000000
27367 -103.0000000000
27393 -100.0000000000
27408 -99.0000000000
27429 -98.0000000000
27449 -97.0000000000
27486 -96.0000000000
27579 -95.0000000000
27634 -94.0000000000
27643 -93.0000000000
27689 -91.0000000000
27778 -90.0000000000
27824 -88.0000000000
27870 -87.0000000000
27882 -85.0000000000
27951 -83.0000000000
28037 -82.0000000000
28056 -80.0000000000
28171 -79.0000000000
28197 -78.0000000000
28280 -77.0000000000
28289 -76.0000000000
28366 -75.0000000000
28398 -74.0000000000
28430 -73.0000000000
28529 -72.0000000000
28599 -70.0000000000
28604 -69.0000000000
28701 -68.0000000000
28781 -67.0000000000
28838 -66.0000000000
28895 -65.0000000000
28970 -63.0000000000
29007 -62.0000000000
29116 -60.0000000000
29211 -59.0000000000
29259 -58.0000000000
29353 -56.0000000000
29412 -55.0000000000
29485 -54.0000000000
29577 -53.0000000000
29588 -52.0000000000
29636 -51.0000000000
29665 -50.0000000000
29693 -49.0000000000
29705 -48.0000000000
29727 -47.0000000000
29952 -46.0000000000
29988 -45.0000000000
30066 -44.0000000000
30097 -43.0000000000
30120 -42.0000000000
30159 -41.0000000000
30191 -40.0000000000
30250 -39.0000000000
30340 -38.0000000000
30343 -37.0000000000
30385 -36.0000000000
30446 -35.0000000000
30493 -33.0000000000
30604 -32.0000000000
30627 -29.0000000000
30766 -28.0000000000
30867 -27.0000000000
31013 -26.0000000000
31066 -25.0000000000
31074 -24.0000000000
31260 -23.0000000000
31289 -21.0000000000
31337 -19.0000000000
31391 -18.0000000000
31473 -17.0000000000
31486 -16.0000000000
31522 -15.0000000000
31620 -14.0000000000
31672 -12.0000000000
31732 -11.0000000000
31810 -10.0000000000
31869 -9.0000000000
31923 -8.0000000000
31950 -7.0000000000
31996 -6.0000000000
32041 -5.0000000000
32086 -3.0000000000
32123 -2.0000000000
32185 559.6300000000
32331 573.6800000000
32393 643.8800000000
32673 660.3300000000
32680 668.2900000000
32711 675.3800000000
32910 678.9200000000
32940 743.5900000000
32950 750.1500000000
32969 757.5200000000
32981 767.8600000000
33070 778.8300000000
33593 803.2200000000
34960 809.3200000000
35557 816.6900000000
35868 833.5800000000
36381 834.4000000000
36496 840.8900000000
36544 846.5900000000
36573 853.8900000000
36628 853.9100000000
37023 855.2300000000
37226 855.6200000000
37291 855.9800000000
37308 858.2200000000
37433 860.6000000000
37587 860.8800000000
37709 861.6300000000
37998 866.6000000000
38005 868.4400000000
38184 920.6700000000
38243 929.3400000000
38261 934.9500000000
38332 934.9800000000
38429 936.1500000000
38498 942.0500000000
38607 942.6800000000
38704 993.4700000000
38821 996.9300000000
38897 1010.7100000000
39054 1012.7600000000
39989 1084.5800000000
40065 1092.5200000000
40264 1094.6200000000
40280 1097.6800000000
40424 1097.8200000000
40560 1112.8100000000
40690 1124.9100000000
41677 1125.2400000000
42333 1125.7300000000
42346 1126.3800000000
42477 1127.1300000000
43630 1127.4700000000
43827 1133.7400000000
45421 1141.0400000000
50621 1142.2400000000
50940 1145.7900000000
52231 1145.9900000000
52487 1147.6000000000
52501 1148.2800000000
52508 1154.0600000000
52645 1157.6400000000
52669 1159.7400000000
53080 1168.4400000000
53499 1170.3900000000
54651 1175.1900000000
61907 1179.3600000000
62914 1179.9300000000
63067 1186.2000000000
64591 1187.2300000000
64731 1190.7700000000
65703 1194.6000000000
67325 1195.1100000000
72695 1197.3900000000
75009 1200.8600000000
76639 1201.0300000000
76738 1205.8800000000
76919 1210.3800000000
76974 1213.4700000000
77334 1219.0600000000
77531 1220.6200000000
77626 1222.0200000000
78029 1223.9300000000
78522 1230.8900000000
78560 1236.2600000000
90246 1240.2300000000
91463 1252.6400000000
95241 1257.4600000000
97813 1260.0100000000
100000 -1.0000000000
evaluations raw_y
1 -1865.0000000000
17 -1863.0000000000
24 -1859.0000000000
28 -1849.0000000000
36 -1844.0000000000
42 -1841.0000000000
43 -1833.0000000000
45 -1829.0000000000
55 -1825.0000000000
66 -1797.0000000000
84 -1794.0000000000
102 -1783.0000000000
114 -1774.0000000000
138 -1766.0000000000
142 -1760.0000000000
162 -1755.0000000000
169 -1752.0000000000
178 -1749.0000000000
185 -1743.0000000000
206 -1728.0000000000
209 -1727.0000000000
214 -1724.0000000000
222 -1706.0000000000
242 -1702.0000000000
283 -1689.0000000000
310 -1678.0000000000
332 -1674.0000000000
363 -1671.0000000000
371 -1668.0000000000
382 -1667.0000000000
384 -1661.0000000000
403 -1660.0000000000
412 -1653.0000000000
428 -1647.0000000000
454 -1643.0000000000
470 -1638.0000000000
506 -1633.0000000000
507 -1632.0000000000
516 -1630.0000000000
526 -1628.0000000000
556 -1627.0000000000
562 -1626.0000000000
566 -1622.0000000000
586 -1618.0000000000
595 -1617.0000000000
632 -1616.0000000000
636 -1615.0000000000
643 -1614.0000000000
650 -1610.0000000000
675 -1608.0000000000
708 -1607.0000000000
719 -1606.0000000000
722 -1605.0000000000
724 -1604.0000000000
742 -1603.0000000000
751 -1598.0000000000
783 -1597.0000000000
810 -1592.0000000000
842 -1588.0000000000
861 -1585.0000000000
862 -1583.0000000000
883 -1582.0000000000
910 -1579.0000000000
955 -1578.0000000000
973 -1577.0000000000
983 -1574.0000000000
1018 -1572.0000000000
1034 -1568.0000000000
1089 -1566.0000000000
1103 -1564.0000000000
1141 -1562.0000000000
1145 -1560.0000000000
1164 -1559.0000000000
1182 -1557.0000000000
1203 -1554.0000000000
1222 -1553.0000000000
1241 -1550.0000000000
1270 -1547.0000000000
1298 -1545.0000000000
1302 -1543.0000000000
1344 -1540.0000000000
1363 -1539.0000000000
1381 -1535.0000000000
1405 -1534.0000000000
1410 -1532.0000000000
1460 -1531.0000000000
1462 -1527.0000000000
1502 -1523.0000000000
1527 -1521.0000000000
1553 -1518.0000000000
1583 -1516.0000000000
1602 -1515.0000000000
1608 -1514.0000000000
1621 -1513.0000000000
1642 -1511.0000000000
1657 -1510.0000000000
1686 -1509.0000000000
1692 -1508.0000000000
1710 -1507.0000000000
1724 -1506.0000000000
1727 -1505.0000000000
1743 -1503.0000000000
1749 -1501.0000000000
1780 -1500.0000000000
1791 -1498.0000000000
1803 -1497.0000000000
1809 -1495.0000000000
1823 -1494.0000000000
1829 -1493.0000000000
1830 -1492.0000000000
1855 -1490.0000000000
1872 -1488.0000000000
1898 -1487.0000000000
1914 -1485.0000000000
1915 -1484.0000000000
1929 -1482.0000000000
1968 -1478.0000000000
1997 -1477.0000000000
2003 -1474.0000000000
2031 -1472.0000000000
2034 -1471.0000000000
2044 -1470.0000000000
2069 -1469.0000000000
2073 -1468.0000000000
2100 -1467.0000000000
2101 -1466.0000000000
2119 -1463.0000000000
2169 -1460.0000000000
2207 -1459.0000000000
2224 -1458.0000000000
2266 -1457.0000000000
2277 -1455.0000000000
2295 -1454.0000000000
2322 -1452.0000000000
2329 -1451.0000000000
2341 -1450.0000000000
2354 -1449.0000000000
2367 -1446.0000000000
2387 -1444.0000000000
2403 -1442.0000000000
2416 -1440.0000000000
2438 -1438.0000000000
2450 -1437.0000000000
2484 -1436.0000000000
2491 -1434.0000000000
2521 -1433.0000000000
2529 -1432.0000000000
2544 -1431.0000000000
2567 -1429.0000000000
2568 -1428.0000000000
2599 -1427.0000000000
2635 -1426.0000000000
2645 -1425.0000000000
2647 -1424.0000000000
2663 -1423.0000000000
2684 -1421.0000000000
2701 -1420.0000000000
2703 -1419.0000000000
2721 -1418.0000000000
2744 -1417.0000000000
2760 -1415.0000000000
2764 -1412.0000000000
2781 -1411.0000000000
2802 -1408.0000000000
2821 -1407.0000000000
2824 -1406.0000000000
2843 -1405.0000000000
2865 -1403.0000000000
2890 -1401.0000000000
2904 -1400.0000000000
2921 -1399.0000000000
2932 -1398.0000000000
2946 -1397.0000000000
2950 -1396.0000000000
2954 -1395.0000000000
2967 -1392.0000000000
3013 -1389.0000000000
3039 -1388.0000000000
3055 -1387.0000000000
3073 -1386.0000000000
3074 -1385.0000000000
3076 -1384.0000000000
3090 -1383.0000000000
3110 -1381.0000000000
3132 -1380.0000000000
3144 -1379.0000000000
3148 -1378.0000000000
3162 -1377.0000000000
3190 -1376.0000000000
3195 -1375.0000000000
3201 -1372.0000000000
3243 -1371.0000000000
3254 -1369.0000000000
3271 -1368.0000000000
3297 -1365.0000000000
3315 -1364.0000000000
3323 -1361.0000000000
3340 -1360.0000000000
3385 -1359.0000000000
3397 -1356.0000000000
3423 -1354.0000000000
3448 -1352.0000000000
3467 -1351.0000000000
3480 -1350.0000000000
3481 -1349.0000000000
3491 -1348.0000000000
3496 -1347.0000000000
3502 -1346.0000000000
3525 -1345.0000000000
3530 -1344.0000000000
3552 -1341.0000000000
3606 -1339.0000000000
3623 -1338.0000000000
3643 -1336.0000000000
3644 -1332.0000000000
3667 -1331.0000000000
3709 -1328.0000000000
3764 -1326.0000000000
3782 -1325.0000000000
3787 -1324.0000000000
3801 -1321.0000000000
3834 -1320.0000000000
3857 -1319.0000000000
3867 -1318.0000000000
3884 -1317.0000000000
3885 -1315.0000000000
3932 -1314.0000000000
3935 -1313.0000000000
3960 -1312.0000000000
3977 -1311.0000000000
3984 -1309.0000000000
3999 -1308.0000000000
4027 -1306.0000000000
4042 -1305.0000000000
4056 -1301.0000000000
4094 -1300.0000000000
4118 -1297.0000000000
4135 -1294.0000000000
4157 -1292.0000000000
4177 -1291.0000000000
4183 -1290.0000000000
4201 -1289.0000000000
4221 -1288.0000000000
4231 -1286.0000000000
4274 -1284.0000000000
4283 -1283.0000000000
4289 -1282.0000000000
4304 -1280.0000000000
4330 -1279.0000000000
4353 -1276.0000000000
4370 -1274.0000000000
4386 -1273.0000000000
4406 -1272.0000000000
4421 -1271.0000000000
4428 -1270.0000000000
4443 -1269.0000000000
4480 -1268.0000000000
4501 -1266.0000000000
4530 -1265.0000000000
4542 -1263.0000000000
4549 -1261.0000000000
4573 -1257.0000000000
4614 -1254.0000000000
4642 -1253.0000000000
4669 -1251.0000000000
4684 -1250.0000000000
4687 -1249.0000000000
4722 -1248.0000000000
4725 -1247.0000000000
4744 -1246.0000000000
4746 -1244.0000000000
4769 -1243.0000000000
4795 -1242.0000000000
4799 -1241.0000000000
4809 -1240.0000000000
4827 -1235.0000000000
4881 -1234.0000000000
4903 -1233.0000000000
4926 -1232.0000000000
4945 -1228.0000000000
4960 -1227.0000000000
4985 -1222.0000000000
5025 -1219.0000000000
5059 -1218.0000000000
5092 -1217.0000000000
5100 -1216.0000000000
5111 -1215.0000000000
5128 -1214.0000000000
5131 -1213.0000000000
5133 -1211.0000000000
5161 -1210.0000000000
5168 -1209.0000000000
5189 -1208.0000000000
5193 -1207.0000000000
5215 -1206.0000000000
5219 -1205.0000000000
5248 -1202.0000000000
5275 -1199.0000000000
5321 -1196.0000000000
5366 -1193.0000000000
5382 -1192.0000000000
5384 -1191.0000000000
5401 -1190.0000000000
5412 -1189.0000000000
5417 -1188.0000000000
5427 -1187.0000000000
5436 -1186.0000000000
5444 -1185.0000000000
5458 -1184.0000000000
5482 -1183.0000000000
5490 -1180.0000000000
5522 -1179.0000000000
5542 -1176.0000000000
5571 -1175.0000000000
5590 -1174.0000000000
5613 -1171.0000000000
5632 -1169.0000000000
5645 -1167.0000000000
5671 -1164.0000000000
5702 -1162.0000000000
5748 -1160.0000000000
5761 -1159.0000000000
5797 -1157.0000000000
5801 -1156.0000000000
5846 -1155.0000000000
5851 -1152.0000000000
5883 -1151.0000000000
5886 -1149.0000000000
5957 -1147.0000000000
5966 -1145.0000000000
5975 -1144.0000000000
5995 -1142.0000000000
6030 -1141.0000000000
6047 -1139.0000000000
6064 -1138.0000000000
6066 -1137.0000000000
6099 -1136.0000000000
6118 -1132.0000000000
6121 -1130.0000000000
6146 -1129.0000000000
6181 -1128.0000000000
6196 -1127.0000000000
6230 -1126.0000000000
6233 -1125.0000000000
6243 -1124.0000000000
6271 -1122.0000000000
6286 -1121.0000000000
6295 -1120.0000000000
6301 -1117.0000000000
6341 -1114.0000000000
6374 -1113.0000000000
6379 -1112.0000000000
6389 -1111.0000000000
6441 -1110.0000000000
6457 -1108.0000000000
6480 -1106.0000000000
6492 -1105.0000000000
6493 -1103.0000000000
6522 -1099.0000000000
6564 -1096.0000000000
6602 -1095.0000000000
6627 -1091.0000000000
6644 -1089.0000000000
6667 -1088.0000000000
6683 -1087.0000000000
6687 -1084.0000000000
6761 -1083.0000000000
6774 -1082.0000000000
6783 -1081.0000000000
6795 -1080.0000000000
6801 -1079.0000000000
6808 -1078.0000000000
6832 -1077.0000000000
6845 -1076.0000000000
6874 -1074.0000000000
6887 -1073.0000000000
6926 -1071.0000000000
6947 -1068.0000000000
6991 -1067.0000000000
7001 -1066.0000000000
7033 -1064.0000000000
7097 -1062.0000000000
7118 -1061.0000000000
7157 -1060.0000000000
7179 -1059.0000000000
7220 -1058.0000000000
7224 -1057.0000000000
7226 -1056.0000000000
7272 -1055.0000000000
7287 -1053.0000000000
7309 -1051.0000000000
7327 -1050.0000000000
7343 -1049.0000000000
7346 -1045.0000000000
7404 -1044.0000000000
7426 -1042.0000000000
7485 -1037.0000000000
7526 -1036.0000000000
7556 -1033.0000000000
7598 -1032.0000000000
7611 -1031.0000000000
7629 -1030.0000000000
7670 -1029.0000000000
7682 -1027.0000000000
7706 -1026.0000000000
7709 -1025.0000000000
7729 -1023.0000000000
7769 -1020.0000000000
7809 -1019.0000000000
7811 -1018.0000000000
7822 -1017.0000000000
7829 -1016.0000000000
7843 -1012.0000000000
7899 -1011.0000000000
7911 -1009.0000000000
7932 -1008.0000000000
7938 -1007.0000000000
7950 -1006.0000000000
7951 -1005.0000000000
7967 -1004.0000000000
7984 -1003.0000000000
7990 -1002.0000000000
8002 -999.0000000000
8036 -998.0000000000
8081 -993.0000000000
8165 -991.0000000000
8185 -990.0000000000
8214 -985.0000000000
8247 -984.0000000000
8257 -983.0000000000
8282 -982.0000000000
8306 -981.0000000000
8311 -979.0000000000
8313 -977.0000000000
8333 -976.0000000000
8358 -973.0000000000
8383 -971.0000000000
8405 -970.0000000000
8422 -969.0000000000
8441 -966.0000000000
8501 -965.0000000000
8509 -964.0000000000
8542 -959.0000000000
8562 -956.0000000000
8595 -954.0000000000
8611 -952.0000000000
8636 -951.0000000000
8664 -949.0000000000
8679 -948.0000000000
8703 -947.0000000000
8712 -946.0000000000
8732 -944.0000000000
8763 -943.0000000000
8799 -942.0000000000
8805 -938.0000000000
8853 -937.0000000000
8882 -934.0000000000
8915 -933.0000000000
8944 -931.0000000000
8953 -930.0000000000
8969 -927.0000000000
8987 -925.0000000000
9007 -923.0000000000
9083 -922.0000000000
9089 -920.0000000000
9110 -919.0000000000
9142 -918.0000000000
9149 -917.0000000000
9151 -916.0000000000
9193 -914.0000000000
9195 -911.0000000000
9242 -909.0000000000
9261 -908.0000000000
9299 -907.0000000000
9311 -905.0000000000
9324 -903.0000000000
9359 -902.0000000000
9395 -901.0000000000
9408 -900.0000000000
9413 -899.0000000000
9446 -898.0000000000
9457 -896.0000000000
9467 -895.0000000000
9492 -894.0000000000
9528 -893.0000000000
9555 -892.0000000000
9564 -888.0000000000
9644 -887.0000000000
9681 -886.0000000000
9690 -885.0000000000
9709 -884.0000000000
9730 -883.0000000000
9737 -882.0000000000
9747 -881.0000000000
9763 -880.0000000000
9786 -877.0000000000
9806 -875.0000000000
9834 -874.0000000000
9854 -873.0000000000
9887 -872.0000000000
9912 -870.0000000000
9921 -869.0000000000
9948 -868.0000000000
9973 -867.0000000000
9986 -866.0000000000
10000 -864.0000000000
10006 -862.0000000000
10024 -859.0000000000
10063 -857.0000000000
10069 -854.0000000000
10131 -853.0000000000
10170 -852.0000000000
10192 -851.0000000000
10204 -850.0000000000
10226 -848.0000000000
10242 -847.0000000000
10274 -845.0000000000
10291 -844.0000000000
10313 -840.0000000000
10352 -838.0000000000
10370 -836.0000000000
10383 -835.0000000000
10424 -834.0000000000
10431 -833.0000000000
10437 -832.0000000000
10477 -831.0000000000
10480 -830.0000000000
10500 -829.0000000000
10533 -827.0000000000
10544 -823.0000000000
10586 -822.0000000000
10609 -821.0000000000
10637 -820.0000000000
10662 -817.0000000000
10730 -815.0000000000
10772 -814.0000000000
10806 -812.0000000000
10834 -811.0000000000
10850 -809.0000000000
10886 -808.0000000000
10887 -807.0000000000
10893 -806.0000000000
10936 -804.0000000000
10953 -803.0000000000
10983 -801.0000000000
10998 -800.0000000000
11057 -799.0000000000
11061 -798.0000000000
11089 -796.0000000000
11105 -795.0000000000
11109 -794.0000000000
11131 -792.0000000000
11145 -790.0000000000
11214 -789.0000000000
11221 -788.0000000000
11274 -787.0000000000
11297 -786.0000000000
11332 -785.0000000000
11338 -784.0000000000
11353 -783.0000000000
11363 -782.0000000000
11396 -781.0000000000
11400 -780.0000000000
11411 -779.0000000000
11446 -778.0000000000
11463 -777.0000000000
11486 -774.0000000000
11502 -772.0000000000
11541 -771.0000000000
11575 -770.0000000000
11590 -769.0000000000
11593 -768.0000000000
11625 -762.0000000000
11722 -761.0000000000
11728 -760.0000000000
11763 -759.0000000000
11795 -758.0000000000
11801 -757.0000000000
11809 -756.0000000000
11816 -755.0000000000
11869 -754.0000000000
11872 -753.0000000000
11890 -751.0000000000
11923 -749.0000000000
11957 -748.0000000000
12027 -747.0000000000
12035 -746.0000000000
12059 -745.0000000000
12083 -743.0000000000
12102 -742.0000000000
12109 -741.0000000000
12135 -739.0000000000
12161 -737.0000000000
12185 -736.0000000000
12228 -735.0000000000
12252 -734.0000000000
12263 -733.0000000000
12297 -731.0000000000
12325 -730.0000000000
12327 -729.0000000000
12348 -728.0000000000
12380 -727.0000000000
12399 -723.0000000000
12456 -722.0000000000
12485 -721.0000000000
12536 -718.0000000000
12548 -717.0000000000
12573 -715.0000000000
12609 -714.0000000000
12630 -711.0000000000
12649 -710.0000000000
12682 -709.0000000000
12694 -708.0000000000
12707 -706.0000000000
12783 -705.0000000000
12786 -704.0000000000
12817 -703.0000000000
12837 -702.0000000000
12847 -701.0000000000
12849 -699.0000000000
12885 -697.0000000000
12915 -696.0000000000
12916 -695.0000000000
12964 -694.0000000000
12993 -692.0000000000
13007 -689.0000000000
13022 -688.0000000000
13045 -687.0000000000
13061 -686.0000000000
13111 -684.0000000000
13139 -682.0000000000
13176 -681.0000000000
13197 -678.0000000000
13231 -677.0000000000
13264 -674.0000000000
13314 -673.0000000000
13345 -672.0000000000
13354 -671.0000000000
13369 -669.0000000000
13398 -668.0000000000
13438 -667.0000000000
13463 -666.0000000000
13470 -664.0000000000
13502 -662.0000000000
13513 -661.0000000000
13553 -659.0000000000
13584 -657.0000000000
13610 -656.0000000000
13619 -655.0000000000
13623 -651.0000000000
13647 -649.0000000000
13648 -647.0000000000
13661 -644.0000000000
13695 -642.0000000000
13726 -641.0000000000
13749 -639.0000000000
13795 -638.0000000000
13800 -635.0000000000
13812 -634.0000000000
13848 -633.0000000000
13890 -631.0000000000
13935 -630.0000000000
13972 -628.0000000000
13973 -627.0000000000
13985 -626.0000000000
14021 -624.0000000000
14060 -623.0000000000
14081 -622.0000000000
14084 -621.0000000000
14116 -620.0000000000
14165 -619.0000000000
14182 -618.0000000000
14184 -616.0000000000
14207 -615.0000000000
14215 -613.0000000000
14258 -610.0000000000
14311 -609.0000000000
14326 -606.0000000000
14361 -605.0000000000
14405 -604.0000000000
14466 -603.0000000000
14481 -601.0000000000
14498 -599.0000000000
14541 -597.0000000000
14593 -595.0000000000
14611 -594.0000000000
14617 -593.0000000000
14643 -592.0000000000
14661 -590.0000000000
14704 -586.0000000000
14813 -585.0000000000
14831 -584.0000000000
14863 -583.0000000000
14872 -582.0000000000
14929 -581.0000000000
14939 -580.0000000000
14975 -579.0000000000
15006 -578.0000000000
15043 -577.0000000000
15069 -575.0000000000
15075 -574.0000000000
15113 -573.0000000000
15124 -572.0000000000
15130 -571.0000000000
15158 -570.0000000000
15180 -569.0000000000
15192 -568.0000000000
15194 -567.0000000000
15202 -564.0000000000
15243 -563.0000000000
15263 -562.0000000000
15287 -560.0000000000
15326 -558.0000000000
15351 -554.0000000000
15402 -553.0000000000
15463 -551.0000000000
15469 -549.0000000000
15498 -546.0000000000
15553 -545.0000000000
15566 -544.0000000000
15603 -543.0000000000
15624 -540.0000000000
15665 -539.0000000000
15703 -538.0000000000
15754 -537.0000000000
15782 -535.0000000000
15820 -534.0000000000
15825 -533.0000000000
15834 -532.0000000000
15865 -530.0000000000
15964 -527.0000000000
16012 -526.0000000000
16041 -525.0000000000
16052 -521.0000000000
16125 -520.0000000000
16144 -518.0000000000
16161 -517.0000000000
16185 -516.0000000000
16243 -515.0000000000
16255 -514.0000000000
16281 -513.0000000000
16325 -512.0000000000
16341 -511.0000000000
16361 -509.0000000000
16399 -508.0000000000
16407 -507.0000000000
16429 -506.0000000000
16463 -505.0000000000
16503 -504.0000000000
16505 -501.0000000000
16546 -500.0000000000
16572 -498.0000000000
16625 -497.0000000000
16647 -496.0000000000
16666 -494.0000000000
16690 -493.0000000000
16722 -492.0000000000
16748 -491.0000000000
16773 -490.0000000000
16810 -489.0000000000
16811 -487.0000000000
16886 -482.0000000000
16925 -481.0000000000
16986 -480.0000000000
17002 -479.0000000000
17035 -477.0000000000
17063 -476.0000000000
17072 -475.0000000000
17136 -474.0000000000
17145 -472.0000000000
17178 -471.0000000000
17200 -470.0000000000
17219 -469.0000000000
17263 -468.0000000000
17279 -467.0000000000
17284 -466.0000000000
17331 -465.0000000000
17339 -463.0000000000
17363 -462.0000000000
17375 -461.0000000000
17427 -459.0000000000
17462 -457.0000000000
17505 -456.0000000000
17509 -453.0000000000
17535 -452.0000000000
17574 -451.0000000000
17605 -449.0000000000
17645 -448.0000000000
17668 -447.0000000000
17707 -446.0000000000
17730 -445.0000000000
17739 -444.0000000000
17767 -443.0000000000
17830 -442.0000000000
17861 -440.0000000000
17906 -439.0000000000
17937 -438.0000000000
17965 -437.0000000000
17996 -436.0000000000
18042 -435.0000000000
18065 -433.0000000000
18098 -429.0000000000
18145 -426.0000000000
18190 -425.0000000000
18242 -424.0000000000
18243 -423.0000000000
18264 -422.0000000000
18318 -419.0000000000
18351 -418.0000000000
18361 -417.0000000000
18424 -416.0000000000
18459 -414.0000000000
18485 -413.0000000000
18545 -411.0000000000
18580 -410.0000000000
18601 -407.0000000000
18636 -405.0000000000
18696 -404.0000000000
18722 -403.0000000000
18748 -402.0000000000
18774 -401.0000000000
18790 -399.0000000000
18831 -397.0000000000
18878 -396.0000000000
18903 -395.0000000000
18917 -394.0000000000
18931 -392.0000000000
18947 -390.0000000000
19023 -389.0000000000
19064 -387.0000000000
19098 -386.0000000000
19112 -385.0000000000
19115 -384.0000000000
19182 -382.0000000000
19223 -381.0000000000
19247 -380.0000000000
19266 -379.0000000000
19301 -378.0000000000
19328 -375.0000000000
19387 -374.0000000000
19399 -372.0000000000
19432 -371.0000000000
19443 -369.0000000000
19482 -368.0000000000
19514 -367.0000000000
19528 -366.0000000000
19552 -365.0000000000
19554 -363.0000000000
19644 -362.0000000000
19694 -361.0000000000
19715 -360.0000000000
19749 -359.0000000000
19789 -358.0000000000
19796 -357.0000000000
19821 -355.0000000000
19872 -354.0000000000
19889 -353.0000000000
19908 -352.0000000000
19954 -350.0000000000
20028 -349.0000000000
20062 -346.0000000000
20091 -344.0000000000
20113 -343.0000000000
20172 -342.0000000000
20196 -340.0000000000
20257 -339.0000000000
20261 -337.0000000000
20307 -336.0000000000
20328 -335.0000000000
20350 -334.0000000000
20372 -333.0000000000
20402 -332.0000000000
20478 -331.0000000000
20483 -330.0000000000
20546 -329.0000000000
20579 -328.0000000000
20581 -327.0000000000
20594 -325.0000000000
20648 -323.0000000000
20707 -322.0000000000
20771 -321.0000000000
20783 -320.0000000000
20854 -318.0000000000
20889 -317.0000000000
20921 -316.0000000000
20936 -315.0000000000
20959 -314.0000000000
20997 -312.0000000000
21024 -310.0000000000
21044 -309.0000000000
21074 -308.0000000000
21075 -304.0000000000
21122 -302.0000000000
21178 -301.0000000000
21197 -299.0000000000
21244 -298.0000000000
21265 -297.0000000000
21266 -296.0000000000
21307 -295.0000000000
21327 -293.0000000000
21357 -292.0000000000
21395 -291.0000000000
21430 -290.0000000000
21467 -289.0000000000
21497 -288.0000000000
21543 -287.0000000000
21564 -284.0000000000
21635 -283.0000000000
21695 -282.0000000000
21706 -281.0000000000
21752 -280.0000000000
21761 -278.0000000000
21827 -277.0000000000
21836 -276.0000000000
21898 -275.0000000000
21918 -274.0000000000
21924 -273.0000000000
22004 -272.0000000000
22072 -271.0000000000
22085 -269.0000000000
22150 -268.0000000000
22174 -267.0000000000
22192 -265.0000000000
22244 -264.0000000000
22307 -263.0000000000
22329 -262.0000000000
22352 -261.0000000000
22361 -260.0000000000
22452 -259.0000000000
22453 -258.0000000000
22456 -256.0000000000
22564 -254.0000000000
22599 -252.0000000000
22636 -251.0000000000
22718 -249.0000000000
22737 -248.0000000000
22842 -246.0000000000
22884 -245.0000000000
22945 -244.0000000000
22951 -243.0000000000
23012 -242.0000000000
23018 -240.0000000000
23078 -239.0000000000
23080 -238.0000000000
23115 -237.0000000000
23165 -236.0000000000
23170 -235.0000000000
23262 -234.0000000000
23288 -233.0000000000
23334 -232.0000000000
23366 -231.0000000000
23381 -229.0000000000
23442 -228.0000000000
23471 -227.0000000000
23505 -226.0000000000
23534 -225.0000000000
23541 -224.0000000000
23624 -223.0000000000
23663 -221.0000000000
23709 -220.0000000000
23750 -219.0000000000
23758 -217.0000000000
23813 -216.0000000000
23840 -215.0000000000
23917 -214.0000000000
23919 -213.0000000000
23954 -211.0000000000
23989 -208.0000000000
24044 -207.0000000000
24103 -206.0000000000
24123 -205.0000000000
24190 -203.0000000000
24287 -202.0000000000
24335 -201.0000000000
24374 -199.0000000000
24450 -198.0000000000
24484 -197.0000000000
24513 -196.0000000000
24581 -195.0000000000
24614 -194.0000000000
24692 -193.0000000000
24762 -189.0000000000
24860 -188.0000000000
24907 -187.0000000000
25053 -186.0000000000
25083 -185.0000000000
25143 -184.0000000000
25173 -183.0000000000
25225 -182.0000000000
25270 -181.0000000000
25311 -180.0000000000
25326 -179.0000000000
25407 -178.0000000000
25457 -176.0000000000
25503 -174.0000000000
25579 -173.0000000000
25621 -171.0000000000
25625 -170.0000000000
25696 -169.0000000000
25780 -168.0000000000
25781 -167.0000000000
25838 -166.0000000000
25909 -165.0000000000
25946 -164.0000000000
25957 -163.0000000000
25970 -161.0000000000
26030 -159.0000000000
26078 -158.0000000000
26088 -157.0000000000
26137 -156.0000000000
26196 -155.0000000000
26276 -153.0000000000
26304 -152.0000000000
26331 -151.0000000000
26368 -149.0000000000
26417 -148.0000000000
26500 -147.0000000000
26537 -146.0000000000
26557 -145.0000000000
26604 -144.0000000000
26662 -143.0000000000
26701 -142.0000000000
26759 -141.0000000000
26826 -138.0000000000
26881 -137.0000000000
26901 -135.0000000000
26990 -134.0000000000
27010 -132.0000000000
27109 -131.0000000000
27199 -127.0000000000
27311 -126.0000000000
27370 -125.0000000000
27389 -124.0000000000
27430 -122.0000000000
27523 -121.0000000000
27640 -120.0000000000
27691 -119.0000000000
27774 -118.0000000000
27861 -117.0000000000
27893 -116.0000000000
27900 -115.0000000000
27942 -113.0000000000
28050 -110.0000000000
28184 -109.0000000000
28190 -108.0000000000
28254 -107.0000000000
28323 -106.0000000000
28429 -105.0000000000
28434 -104.0000000000
28473 -103.0000000000
28497 -102.0000000000
28588 -101.0000000000
28633 -100.0000000000
28734 -99.0000000000
28750 -98.0000000000
28821 -96.0000000000
28841 -95.0000000000
28943 -94.0000000000
29009 -93.0000000000
29031 -92.0000000000
29047 -91.0000000000
29110 -89.0000000000
29163 -88.0000000000
29189 -87.0000000000
29241 -85.0000000000
29264 -83.0000000000
29314 -82.0000000000
29316 -81.0000000000
29342 -80.0000000000
29375 -78.0000000000
29501 -77.0000000000
29640 -76.0000000000
29644 -75.0000000000
29743 -74.0000000000
29789 -73.0000000000
29803 -71.0000000000
29927 -70.0000000000
29945 -69.0000000000
30019 -67.0000000000
30137 -66.0000000000
30241 -65.0000000000
30340 -64.0000000000
30389 -63.0000000000
30463 -61.0000000000
30518 -60.0000000000
30576 -59.0000000000
30602 -58.0000000000
30627 -57.0000000000
30715 -56.0000000000
30769 -55.0000000000
30801 -54.0000000000
30864 -53.0000000000
30900 -52.0000000000
30976 -51.0000000000
30981 -50.0000000000
31055 -49.0000000000
31092 -48.0000000000
31131 -47.0000000000
31168 -46.0000000000
31187 -45.0000000000
31252 -44.0000000000
31280 -43.0000000000
31344 -42.0000000000
31351 -41.0000000000
31402 -40.0000000000
31447 -39.0000000000
31470 -38.0000000000
31602 -36.0000000000
31643 -35.0000000000
31781 -34.0000000000
31838 -33.0000000000
31907 -32.0000000000
31912 -31.0000000000
32047 -30.0000000000
32117 -29.0000000000
32136 -28.0000000000
32192 -26.0000000000
32273 -24.0000000000
32323 -23.0000000000
32373 -22.0000000000
32424 -21.0000000000
32512 -20.0000000000
32535 -19.0000000000
32611 -18.0000000000
32647 -17.0000000000
32671 -16.0000000000
32748 -15.0000000000
32815 -12.0000000000
33009 -10.0000000000
33144 -9.0000000000
33289 -8.0000000000
33294 -7.0000000000
33338 -6.0000000000
33376 -5.0000000000
33521 -4.0000000000
33652 -3.0000000000
33689 -2.0000000000
33838 -1.0000000000
33917 606.6200000000
33941 609.1000000000
33966 635.4200000000
34032 636.0500000000
34076 645.3000000000
34135 648.9900000000
34523 654.7900000000
36310 659.8300000000
36942 665.3800000000
38234 671.6800000000
42817 683.3000000000
42957 686.0300000000
43593 744.5000000000
43611 754.8200000000
43621 756.4400000000
43785 767.1000000000
43841 769.9200000000
43855 771.0100000000
43969 778.8200000000
44288 780.5900000000
44659 780.9700000000
45492 789.5600000000
45540 790.1900000000
45649 808.9700000000
47117 813.4900000000
48893 822.7400000000
49934 824.3000000000
50477 829.9100000000
52040 830.9500000000
52428 831.3800000000
52702 838.9000000000
53270 855.3900000000
53311 859.6000000000
53713 871.5100000000
54889 879.8700000000
55018 937.7500000000
55117 940.0000000000
55150 957.6800000000
55256 965.0500000000
55464 972.8900000000
55719 973.3800000000
55893 975.2100000000
56668 1023.1900000000
56711 1030.0500000000
56747 1030.6800000000
56776 1033.1500000000
56780 1048.9700000000
56913 1050.8000000000
57230 1056.6900000000
57377 1065.7900000000
64135 1072.2400000000
65863 1099.9000000000
65927 1100.3700000000
65947 1108.0000000000
66094 1108.7300000000
66126 1110.3700000000
66128 1112.2200000000
66607 1113.2100000000
67122 1121.3800000000
67444 1122.1800000000
67576 1140.3200000000
67919 1141.4400000000
68442 1148.6500000000
68715 1150.5700000000
69745 1204.2200000000
69807 1205.8000000000
69831 1209.9600000000
69978 1213.2000000000
70051 1215.0600000000
70098 1216.6400000000
70214 1222.0800000000
71185 1228.4300000000
74117 1233.1000000000
75060 1235.4700000000
88709 1238.2500000000
89680 1239.0600000000
96145 1241.6400000000
99291 1242.8100000000
100000 1217.1600000000
evaluations raw_y
1 -1980.0000000000
2 -1880.0000000000
3 -1869.0000000000
33 -1865.0000000000
42 -1849.0000000000
49 -1833.0000000000
71 -1821.0000000000
85 -1808.0000000000
98 -1794.0000000000
121 -1768.0000000000
153 -1761.0000000000
164 -1748.0000000000
183 -1739.0000000000
204 -1738.0000000000
212 -1735.0000000000
216 -1734.0000000000
220 -1732.0000000000
224 -1726.0000000000
236 -1718.0000000000
259 -1716.0000000000
270 -1715.0000000000
274 -1704.0000000000
313 -1703.0000000000
315 -1701.0000000000
326 -1695.0000000000
327 -1694.0000000000
341 -1693.0000000000
344 -1690.0000000000
364 -1678.0000000000
381 -1671.0000000000
385 -1669.0000000000
410 -1664.0000000000
419 -1662.0000000000
421 -1653.0000000000
443 -1652.0000000000
444 -1642.0000000000
472 -1641.0000000000
482 -1637.0000000000
501 -1632.0000000000
523 -1630.0000000000
531 -1624.0000000000
543 -1623.0000000000
562 -1618.0000000000
575 -1617.0000000000
601 -1611.0000000000
610 -1610.0000000000
623 -1607.0000000000
645 -1606.0000000000
648 -1601.0000000000
663 -1600.0000000000
680 -1594.0000000000
697 -1592.0000000000
701 -1589.0000000000
715 -1587.0000000000
725 -1582.0000000000
746 -1580.0000000000
783 -1579.0000000000
802 -1577.0000000000
814 -1571.0000000000
871 -1569.0000000000
894 -1568.0000000000
899 -1566.0000000000
901 -1565.0000000000
920 -1564.0000000000
945 -1563.0000000000
946 -1562.0000000000
952 -1558.0000000000
984 -1557.0000000000
1004 -1555.0000000000
1036 -1552.0000000000
1046 -1551.0000000000
1058 -1550.0000000000
1084 -1547.0000000000
1100 -1545.0000000000
1127 -1542.0000000000
1180 -1540.0000000000
1194 -1538.0000000000
1207 -1535.0000000000
1242 -1534.0000000000
1251 -1532.0000000000
1267 -1531.0000000000
1287 -1527.0000000000
1322 -1525.0000000000
1345 -1524.0000000000
1348 -1523.0000000000
1366 -1519.0000000000
1398 -1518.0000000000
1404 -1516.0000000000
1421 -1514.0000000000
1444 -1513.0000000000
1449 -1511.0000000000
1467 -1509.0000000000
1488 -1508.0000000000
1497 -1505.0000000000
1527 -1503.0000000000
1541 -1502.0000000000
1567 -1498.0000000000
1574 -1496.0000000000
1609 -1495.0000000000
1637 -1493.0000000000
1649 -1490.0000000000
1686 -1489.0000000000
1688 -1488.0000000000
1712 -1486.0000000000
1738 -1484.0000000000
1747 -1483.0000000000
1777 -1481.0000000000
1801 -1480.0000000000
1823 -1478.0000000000
1854 -1477.0000000000
1864 -1475.0000000000
1896 -1469.0000000000
1930 -1468.0000000000
1932 -1467.0000000000
1941 -1466.0000000000
1947 -1465.0000000000
1962 -1462.0000000000
2015 -1461.0000000000
2028 -1460.0000000000
2043 -1457.0000000000
2066 -1456.0000000000
2092 -1453.0000000000
2112 -1451.0000000000
2128 -1449.0000000000
2144 -1447.0000000000
2165 -1445.0000000000
2182 -1444.0000000000
2221 -1442.0000000000
2224 -1440.0000000000
2248 -1439.0000000000
2270 -1438.0000000000
2277 -1437.0000000000
2286 -1435.0000000000
2301 -1434.0000000000
2319 -1432.0000000000
2361 -1429.0000000000
2399 -1428.0000000000
2409 -1423.0000000000
2450 -1421.0000000000
2481 -1420.0000000000
2501 -1419.0000000000
2525 -1417.0000000000
2545 -1416.0000000000
2549 -1415.0000000000
2556 -1413.0000000000
2607 -1412.0000000000
2624 -1411.0000000000
2653 -1408.0000000000
2661 -1404.0000000000
2681 -1402.0000000000
2728 -1401.0000000000
2738 -1400.0000000000
2751 -1397.0000000000
2765 -1396.0000000000
2786 -1395.0000000000
2809 -1391.0000000000
2822 -1389.0000000000
2833 -1387.0000000000
2882 -1386.0000000000
2895 -1384.0000000000
2908 -1382.0000000000
2954 -1381.0000000000
2970 -1380.0000000000
2981 -1379.0000000000
3012 -1377.0000000000
3028 -1374.0000000000
3067 -1373.0000000000
3085 -1372.0000000000
3102 -1371.0000000000
3109 -1369.0000000000
3121 -1368.0000000000
3125 -1365.0000000000
3181 -1363.0000000000
3187 -1362.0000000000
3214 -1359.0000000000
3251 -1357.0000000000
3282 -1352.0000000000
3358 -1349.0000000000
3364 -1346.0000000000
3389 -1345.0000000000
3408 -1344.0000000000
3421 -1343.0000000000
3444 -1339.0000000000
3454 -1338.0000000000
3466 -1337.0000000000
3481 -1336.0000000000
3513 -1335.0000000000
3538 -1334.0000000000
3563 -1333.0000000000
3574 -1332.0000000000
3590 -1327.0000000000
3622 -1325.0000000000
3647 -1324.0000000000
3651 -1323.0000000000
3659 -1322.0000000000
3682 -1321.0000000000
3699 -1320.0000000000
3708 -1319.0000000000
3709 -1318.0000000000
3723 -1317.0000000000
3728 -1316.0000000000
3745 -1313.0000000000
3771 -1312.0000000000
3788 -1311.0000000000
3798 -1308.0000000000
3830 -1307.0000000000
3849 -1306.0000000000
3861 -1305.0000000000
3862 -1304.0000000000
3882 -1303.0000000000
3902 -1302.0000000000
3903 -1301.0000000000
3908 -1299.0000000000
3947 -1297.0000000000
3949 -1296.0000000000
3965 -1295.0000000000
3969 -1293.0000000000
4006 -1292.0000000000
4008 -1289.0000000000
4070 -1284.0000000000
4106 -1283.0000000000
4126 -1282.0000000000
4154 -1281.0000000000
4174 -1279.0000000000
4194 -1278.0000000000
4206 -1276.0000000000
4221 -1274.0000000000
4264 -1273.0000000000
4268 -1272.0000000000
4309 -1271.0000000000
4314 -1270.0000000000
4341 -1269.0000000000
4361 -1266.0000000000
4422 -1263.0000000000
4454 -1260.0000000000
4500 -1259.0000000000
4523 -1257.0000000000
4553 -1254.0000000000
4586 -1253.0000000000
4610 -1251.0000000000
4628 -1250.0000000000
4636 -1246.0000000000
4706 -1244.0000000000
4712 -1243.0000000000
4759 -1242.0000000000
4764 -1240.0000000000
4778 -1239.0000000000
4792 -1238.0000000000
4803 -1237.0000000000
4828 -1235.0000000000
4842 -1234.0000000000
4873 -1233.0000000000
4875 -1231.0000000000
4908 -1229.0000000000
4925 -1228.0000000000
4930 -1226.0000000000
4960 -1224.0000000000
5004 -1222.0000000000
5010 -1220.0000000000
5015 -1219.0000000000
5041 -1218.0000000000
5052 -1215.0000000000
5102 -1214.0000000000
5107 -1212.0000000000
5123 -1210.0000000000
5147 -1209.0000000000
5185 -1206.0000000000
5226 -1202.0000000000
5272 -1201.0000000000
5292 -1198.0000000000
5306 -1197.0000000000
5312 -1196.0000000000
5338 -1195.0000000000
5367 -1191.0000000000
5431 -1190.0000000000
5454 -1189.0000000000
5485 -1187.0000000000
5496 -1186.0000000000
5501 -1183.0000000000
5543 -1182.0000000000
5583 -1181.0000000000
5604 -1180.0000000000
5623 -1176.0000000000
5645 -1174.0000000000
5682 -1171.0000000000
5724 -1170.0000000000
5729 -1168.0000000000
5761 -1167.0000000000
5790 -1166.0000000000
5802 -1165.0000000000
5809 -1163.0000000000
5836 -1161.0000000000
5896 -1159.0000000000
5903 -1158.0000000000
5924 -1157.0000000000
5944 -1152.0000000000
5979 -1151.0000000000
6020 -1150.0000000000
6028 -1146.0000000000
6041 -1144.0000000000
6090 -1143.0000000000
6104 -1142.0000000000
6111 -1141.0000000000
6151 -1140.0000000000
6166 -1139.0000000000
6186 -1138.0000000000
6195 -1137.0000000000
6218 -1135.0000000000
6223 -1134.0000000000
6249 -1133.0000000000
6273 -1132.0000000000
6286 -1128.0000000000
6332 -1125.0000000000
6346 -1123.0000000000
6375 -1122.0000000000
6396 -1121.0000000000
6409 -1118.0000000000
6423 -1117.0000000000
6471 -1116.0000000000
6479 -1115.0000000000
6492 -1113.0000000000
6522 -1112.0000000000
6549 -1111.0000000000
6572 -1109.0000000000
6598 -1108.0000000000
6609 -1106.0000000000
6631 -1105.0000000000
6647 -1104.0000000000
6661 -1103.0000000000
6673 -1101.0000000000
6719 -1100.0000000000
6742 -1096.0000000000
6770 -1094.0000000000
6788 -1091.0000000000
6824 -1089.0000000000
6862 -1088.0000000000
6866 -1085.0000000000
6903 -1084.0000000000
6907 -1083.0000000000
6913 -1081.0000000000
6950 -1080.0000000000
6961 -1079.0000000000
6971 -1077.0000000000
7003 -1075.0000000000
7010 -1073.0000000000
7039 -1072.0000000000
7040 -1070.0000000000
7081 -1065.0000000000
7120 -1064.0000000000
7171 -1062.0000000000
7203 -1061.0000000000
7223 -1060.0000000000
7235 -1059.0000000000
7236 -1058.0000000000
7251 -1057.0000000000
7259 -1054.0000000000
7296 -1053.0000000000
7305 -1051.0000000000
7343 -1049.0000000000
7363 -1048.0000000000
7390 -1046.0000000000
7403 -1045.0000000000
7411 -1044.0000000000
7421 -1039.0000000000
7468 -1038.0000000000
7483 -1037.0000000000
7487 -1036.0000000000
7511 -1034.0000000000
7560 -1033.0000000000
7575 -1032.0000000000
7595 -1031.0000000000
7609 -1029.0000000000
7619 -1028.0000000000
7635 -1027.0000000000
7651 -1026.0000000000
7666 -1024.0000000000
7729 -1023.0000000000
7742 -1022.0000000000
7756 -1021.0000000000
7775 -1020.0000000000
7782 -1017.0000000000
7810 -1016.0000000000
7815 -1015.0000000000
7845 -1013.0000000000
7866 -1011.0000000000
7881 -1010.0000000000
7882 -1009.0000000000
7920 -1007.0000000000
7941 -1006.0000000000
7962 -1005.0000000000
7997 -1003.0000000000
8004 -1002.0000000000
8023 -1001.0000000000
8030 -999.0000000000
8073 -998.0000000000
8097 -994.0000000000
8112 -993.0000000000
8128 -991.0000000000
8173 -990.0000000000
8182 -986.0000000000
8215 -985.0000000000
8263 -982.0000000000
8274 -981.0000000000
8308 -980.0000000000
8309 -979.0000000000
8337 -978.0000000000
8351 -977.0000000000
8371 -976.0000000000
8383 -973.0000000000
8455 -972.0000000000
8469 -971.0000000000
8484 -970.0000000000
8512 -969.0000000000
8534 -967.0000000000
8542 -965.0000000000
8546 -963.0000000000
8578 -962.0000000000
8585 -960.0000000000
8622 -959.0000000000
8642 -957.0000000000
8643 -956.0000000000
8669 -955.0000000000
8678 -954.0000000000
8699 -952.0000000000
8740 -949.0000000000
8747 -946.0000000000
8781 -945.0000000000
8795 -940.0000000000
8837 -939.0000000000
8877 -938.0000000000
8882 -937.0000000000
8915 -932.0000000000
8940 -931.0000000000
8971 -930.0000000000
9001 -927.0000000000
9047 -926.0000000000
9049 -925.0000000000
9089 -924.0000000000
9099 -923.0000000000
9108 -922.0000000000
9121 -921.0000000000
9124 -919.0000000000
9157 -917.0000000000
9181 -914.0000000000
9222 -912.0000000000
9257 -911.0000000000
9258 -910.0000000000
9286 -908.0000000000
9304 -907.0000000000
9328 -906.0000000000
9334 -902.0000000000
9366 -900.0000000000
9403 -899.0000000000
9407 -898.0000000000
9428 -897.0000000000
9443 -896.0000000000
9449 -895.0000000000
9465 -893.0000000000
9496 -892.0000000000
9502 -890.0000000000
9525 -888.0000000000
9529 -886.0000000000
9544 -885.0000000000
9577 -882.0000000000
9581 -880.0000000000
9635 -879.0000000000
9656 -878.0000000000
9677 -877.0000000000
9697 -874.0000000000
9718 -873.0000000000
9723 -872.0000000000
9741 -869.0000000000
9749 -867.0000000000
9774 -863.0000000000
9843 -862.0000000000
9882 -861.0000000000
9922 -860.0000000000
9927 -858.0000000000
9956 -857.0000000000
9962 -855.0000000000
9982 -854.0000000000
10014 -853.0000000000
10026 -852.0000000000
10041 -851.0000000000
10050 -850.0000000000
10075 -848.0000000000
10124 -846.0000000000
10132 -845.0000000000
10141 -844.0000000000
10180 -843.0000000000
10182 -841.0000000000
10223 -839.0000000000
10282 -838.0000000000
10296 -837.0000000000
10314 -835.0000000000
10323 -834.0000000000
10373 -833.0000000000
10385 -827.0000000000
10441 -826.0000000000
10464 -824.0000000000
10495 -820.0000000000
10542 -817.0000000000
10570 -816.0000000000
10582 -814.0000000000
10616 -812.0000000000
10648 -811.0000000000
10665 -810.0000000000
10701 -807.0000000000
10726 -805.0000000000
10741 -802.0000000000
10775 -801.0000000000
10786 -800.0000000000
10808 -799.0000000000
10839 -798.0000000000
10883 -795.0000000000
10924 -794.0000000000
10947 -791.0000000000
11018 -790.0000000000
11029 -789.0000000000
11037 -787.0000000000
11053 -786.0000000000
11062 -785.0000000000
11077 -783.0000000000
11123 -782.0000000000
11138 -781.0000000000
11148 -780.0000000000
11184 -779.0000000000
11207 -778.0000000000
11221 -777.0000000000
11242 -776.0000000000
11245 -774.0000000000
11281 -772.0000000000
11334 -771.0000000000
11341 -770.0000000000
11375 -769.0000000000
11404 -768.0000000000
11405 -763.0000000000
11445 -762.0000000000
11497 -761.0000000000
11521 -759.0000000000
11526 -758.0000000000
11565 -755.0000000000
11640 -754.0000000000
11650 -752.0000000000
11701 -751.0000000000
11703 -749.0000000000
11728 -748.0000000000
11752 -747.0000000000
11763 -745.0000000000
11805 -744.0000000000
11811 -743.0000000000
11812 -741.0000000000
11865 -740.0000000000
11869 -738.0000000000
11883 -737.0000000000
11928 -736.0000000000
11936 -735.0000000000
11951 -734.0000000000
11957 -733.0000000000
12001 -732.0000000000
12024 -730.0000000000
12072 -729.0000000000
12117 -725.0000000000
12156 -724.0000000000
12166 -723.0000000000
12196 -721.0000000000
12242 -719.0000000000
12301 -710.0000000000
12369 -709.0000000000
12396 -708.0000000000
12458 -707.0000000000
12480 -704.0000000000
12516 -703.0000000000
12540 -702.0000000000
12561 -699.0000000000
12602 -697.0000000000
12655 -696.0000000000
12688 -695.0000000000
12702 -694.0000000000
12727 -693.0000000000
12729 -692.0000000000
12751 -691.0000000000
12778 -689.0000000000
12794 -688.0000000000
12823 -687.0000000000
12828 -686.0000000000
12866 -684.0000000000
12888 -683.0000000000
12934 -682.0000000000
12942 -681.0000000000
12996 -680.0000000000
13015 -678.0000000000
13063 -675.0000000000
13112 -673.0000000000
13133 -672.0000000000
13147 -670.0000000000
13210 -667.0000000000
13258 -665.0000000000
13267 -664.0000000000
13305 -663.0000000000
13315 -662.0000000000
13334 -661.0000000000
13368 -659.0000000000
13394 -658.0000000000
13452 -657.0000000000
13482 -655.0000000000
13491 -654.0000000000
13518 -653.0000000000
13525 -651.0000000000
13583 -649.0000000000
13601 -648.0000000000
13666 -647.0000000000
13683 -646.0000000000
13715 -645.0000000000
13745 -643.0000000000
13782 -640.0000000000
13827 -638.0000000000
13877 -637.0000000000
13885 -635.0000000000
13920 -634.0000000000
13923 -632.0000000000
13924 -631.0000000000
13963 -630.0000000000
14004 -629.0000000000
14006 -627.0000000000
14035 -626.0000000000
14045 -625.0000000000
14083 -624.0000000000
14098 -622.0000000000
14135 -619.0000000000
14205 -618.0000000000
14232 -617.0000000000
14242 -616.0000000000
14243 -615.0000000000
14282 -614.0000000000
14307 -613.0000000000
14330 -612.0000000000
14343 -611.0000000000
14357 -610.0000000000
14379 -609.0000000000
14394 -607.0000000000
14425 -606.0000000000
14481 -605.0000000000
14491 -604.0000000000
14521 -603.0000000000
14525 -601.0000000000
14575 -600.0000000000
14588 -599.0000000000
14621 -598.0000000000
14646 -597.0000000000
14668 -596.0000000000
14680 -595.0000000000
14686 -594.0000000000
14707 -592.0000000000
14731 -589.0000000000
14799 -588.0000000000
14807 -587.0000000000
14809 -586.0000000000
14843 -583.0000000000
14882 -580.0000000000
14930 -579.0000000000
14963 -578.0000000000
14987 -577.0000000000
14993 -576.0000000000
15052 -575.0000000000
15057 -574.0000000000
15063 -572.0000000000
15098 -570.0000000000
15108 -569.0000000000
15129 -567.0000000000
15207 -565.0000000000
15223 -564.0000000000
15253 -561.0000000000
15314 -559.0000000000
15317 -558.0000000000
15341 -557.0000000000
15366 -555.0000000000
15439 -553.0000000000
15448 -552.0000000000
15463 -551.0000000000
15490 -550.0000000000
15526 -549.0000000000
15552 -548.0000000000
15568 -545.0000000000
15588 -544.0000000000
15643 -543.0000000000
15646 -540.0000000000
15708 -539.0000000000
15727 -538.0000000000
15790 -537.0000000000
15803 -536.0000000000
15805 -535.0000000000
15855 -534.0000000000
15863 -533.0000000000
15900 -532.0000000000
15905 -531.0000000000
15932 -529.0000000000
15947 -528.0000000000
15967 -527.0000000000
15983 -526.0000000000
16010 -525.0000000000
16031 -524.0000000000
16051 -522.0000000000
16066 -519.0000000000
16144 -517.0000000000
16151 -515.0000000000
16207 -514.0000000000
16215 -513.0000000000
16233 -512.0000000000
16273 -511.0000000000
16290 -510.0000000000
16320 -507.0000000000
16324 -506.0000000000
16363 -505.0000000000
16417 -504.0000000000
16424 -503.0000000000
16463 -501.0000000000
16506 -498.0000000000
16554 -496.0000000000
16641 -495.0000000000
16647 -493.0000000000
16686 -492.0000000000
16702 -490.0000000000
16767 -489.0000000000
16783 -487.0000000000
16828 -485.0000000000
16842 -484.0000000000
16877 -482.0000000000
16923 -481.0000000000
16930 -480.0000000000
16941 -478.0000000000
17031 -477.0000000000
17043 -476.0000000000
17077 -475.0000000000
17101 -474.0000000000
17125 -471.0000000000
17162 -470.0000000000
17183 -469.0000000000
17193 -468.0000000000
17227 -467.0000000000
17232 -466.0000000000
17233 -465.0000000000
17266 -464.0000000000
17284 -463.0000000000
17303 -462.0000000000
17329 -461.0000000000
17363 -460.0000000000
17374 -459.0000000000
17399 -458.0000000000
17433 -457.0000000000
17439 -455.0000000000
17501 -454.0000000000
17509 -452.0000000000
17562 -451.0000000000
17568 -449.0000000000
17570 -448.0000000000
17600 -447.0000000000
17622 -446.0000000000
17630 -445.0000000000
17697 -444.0000000000
17737 -443.0000000000
17738 -442.0000000000
17769 -441.0000000000
17784 -440.0000000000
17808 -437.0000000000
17842 -436.0000000000
17871 -435.0000000000
17918 -434.0000000000
17926 -433.0000000000
17944 -432.0000000000
17958 -431.0000000000
17962 -430.0000000000
18036 -429.0000000000
18044 -427.0000000000
18087 -426.0000000000
18096 -425.0000000000
18104 -424.0000000000
18125 -423.0000000000
18152 -422.0000000000
18208 -421.0000000000
18267 -419.0000000000
18288 -418.0000000000
18329 -417.0000000000
18352 -416.0000000000
18361 -415.0000000000
18382 -414.0000000000
18412 -413.0000000000
18443 -412.0000000000
18448 -411.0000000000
18515 -409.0000000000
18543 -408.0000000000
18563 -407.0000000000
18583 -406.0000000000
18651 -405.0000000000
18667 -404.0000000000
18686 -403.0000000000
18722 -402.0000000000
18744 -401.0000000000
18756 -400.0000000000
18768 -399.0000000000
18782 -398.0000000000
18842 -396.0000000000
18860 -395.0000000000
18872 -394.0000000000
18903 -393.0000000000
18941 -391.0000000000
19019 -390.0000000000
19030 -388.0000000000
19084 -387.0000000000
19120 -386.0000000000
19157 -384.0000000000
19201 -383.0000000000
19245 -382.0000000000
19267 -381.0000000000
19304 -379.0000000000
19324 -378.0000000000
19370 -377.0000000000
19411 -375.0000000000
19476 -374.0000000000
19504 -373.0000000000
19513 -372.0000000000
19588 -371.0000000000
19625 -370.0000000000
19646 -369.0000000000
19661 -368.0000000000
19722 -367.0000000000
19771 -366.0000000000
19804 -364.0000000000
19861 -363.0000000000
19899 -361.0000000000
19908 -360.0000000000
20031 -359.0000000000
20053 -358.0000000000
20077 -357.0000000000
20084 -356.0000000000
20170 -355.0000000000
20174 -354.0000000000
20182 -353.0000000000
20187 -352.0000000000
20249 -351.0000000000
20279 -348.0000000000
20335 -346.0000000000
20395 -345.0000000000
20440 -344.0000000000
20483 -342.0000000000
20503 -341.0000000000
20570 -340.0000000000
20584 -338.0000000000
20599 -337.0000000000
20686 -336.0000000000
20706 -335.0000000000
20721 -334.0000000000
20780 -333.0000000000
20783 -332.0000000000
20862 -330.0000000000
20882 -329.0000000000
20904 -328.0000000000
20927 -327.0000000000
20982 -324.0000000000
21062 -323.0000000000
21095 -322.0000000000
21131 -321.0000000000
21165 -320.0000000000
21168 -319.0000000000
21220 -317.0000000000
21241 -315.0000000000
21301 -314.0000000000
21340 -313.0000000000
21363 -312.0000000000
21387 -309.0000000000
21443 -307.0000000000
21497 -306.0000000000
21532 -304.0000000000
21571 -303.0000000000
21626 -302.0000000000
21646 -300.0000000000
21684 -299.0000000000
21726 -298.0000000000
21776 -297.0000000000
21785 -295.0000000000
21833 -294.0000000000
21850 -293.0000000000
21882 -292.0000000000
21922 -290.0000000000
21940 -289.0000000000
21963 -288.0000000000
22011 -287.0000000000
22033 -285.0000000000
22091 -284.0000000000
22106 -283.0000000000
22120 -280.0000000000
22187 -279.0000000000
22210 -278.0000000000
22263 -277.0000000000
22268 -276.0000000000
22345 -275.0000000000
22361 -274.0000000000
22393 -273.0000000000
22452 -272.0000000000
22453 -270.0000000000
22474 -268.0000000000
22542 -267.0000000000
22552 -264.0000000000
22605 -262.0000000000
22698 -260.0000000000
22743 -257.0000000000
22761 -255.0000000000
22838 -253.0000000000
22873 -250.0000000000
22947 -249.0000000000
22968 -248.0000000000
23046 -247.0000000000
23068 -246.0000000000
23103 -244.0000000000
23159 -242.0000000000
23207 -241.0000000000
23227 -240.0000000000
23290 -237.0000000000
23313 -236.0000000000
23388 -234.0000000000
23421 -232.0000000000
23477 -231.0000000000
23554 -230.0000000000
23585 -229.0000000000
23624 -227.0000000000
23661 -226.0000000000
23750 -225.0000000000
23782 -224.0000000000
23787 -223.0000000000
23830 -222.0000000000
23845 -221.0000000000
23862 -220.0000000000
23917 -219.0000000000
23923 -217.0000000000
23988 -216.0000000000
24055 -215.0000000000
24061 -212.0000000000
24184 -211.0000000000
24204 -209.0000000000
24266 -208.0000000000
24297 -207.0000000000
24351 -206.0000000000
24367 -204.0000000000
24425 -203.0000000000
24500 -202.0000000000
24531 -200.0000000000
24603 -198.0000000000
24639 -197.0000000000
24647 -196.0000000000
24704 -195.0000000000
24726 -193.0000000000
24799 -192.0000000000
24860 -191.0000000000
24877 -189.0000000000
24937 -188.0000000000
24954 -187.0000000000
24987 -186.0000000000
25033 -185.0000000000
25040 -184.0000000000
25074 -183.0000000000
25110 -181.0000000000
25188 -179.0000000000
25332 -178.0000000000
25384 -177.0000000000
25422 -176.0000000000
25425 -175.0000000000
25522 -174.0000000000
25528 -173.0000000000
25607 -171.0000000000
25668 -170.0000000000
25677 -169.0000000000
25719 -168.0000000000
25735 -165.0000000000
25786 -164.0000000000
25842 -163.0000000000
25856 -162.0000000000
25870 -161.0000000000
25919 -160.0000000000
25994 -159.0000000000
26019 -158.0000000000
26095 -157.0000000000
26137 -156.0000000000
26158 -155.0000000000
26227 -154.0000000000
26237 -153.0000000000
26277 -150.0000000000
26362 -149.0000000000
26421 -147.0000000000
26427 -146.0000000000
26482 -142.0000000000
26616 -140.0000000000
26724 -138.0000000000
26752 -137.0000000000
26799 -136.0000000000
26833 -134.0000000000
26896 -132.0000000000
26991 -131.0000000000
27072 -130.0000000000
27129 -129.0000000000
27157 -128.0000000000
27238 -127.0000000000
27255 -125.0000000000
27295 -124.0000000000
27380 -123.0000000000
27411 -122.0000000000
27463 -120.0000000000
27523 -119.0000000000
27551 -118.0000000000
27713 -116.0000000000
27861 -115.0000000000
27904 -114.0000000000
28029 -113.0000000000
28034 -112.0000000000
28108 -111.0000000000
28122 -110.0000000000
28149 -109.0000000000
28201 -108.0000000000
28255 -106.0000000000
28334 -105.0000000000
28402 -103.0000000000
28455 -102.0000000000
28475 -101.0000000000
28562 -100.0000000000
28563 -99.0000000000
28673 -98.0000000000
28703 -97.0000000000
28720 -96.0000000000
28727 -95.0000000000
28785 -93.0000000000
28852 -92.0000000000
28876 -90.0000000000
28974 -88.0000000000
29006 -87.0000000000
29025 -86.0000000000
29045 -85.0000000000
29057 -84.0000000000
29104 -83.0000000000
29147 -82.0000000000
29220 -78.0000000000
29321 -77.0000000000
29362 -75.0000000000
29386 -73.0000000000
29470 -72.0000000000
29534 -70.0000000000
29671 -69.0000000000
29704 -68.0000000000
29741 -67.0000000000
29829 -66.0000000000
29857 -65.0000000000
29940 -63.0000000000
30029 -61.0000000000
30069 -60.0000000000
30106 -59.0000000000
30253 -58.0000000000
30289 -57.0000000000
30343 -56.0000000000
30384 -55.0000000000
30477 -54.0000000000
30483 -53.0000000000
30658 -52.0000000000
30678 -51.0000000000
30725 -50.0000000000
30812 -49.0000000000
30839 -48.0000000000
30850 -47.0000000000
31021 -46.0000000000
31055 -45.0000000000
31146 -44.0000000000
31201 -42.0000000000
31232 -41.0000000000
31286 -40.0000000000
31404 -39.0000000000
31476 -38.0000000000
31559 -36.0000000000
31584 -35.0000000000
31729 -34.0000000000
31754 -33.0000000000
31799 -32.0000000000
31843 -31.0000000000
31890 -30.0000000000
31955 -29.0000000000
32030 -27.0000000000
32144 -26.0000000000
32221 -25.0000000000
32233 -24.0000000000
32241 -23.0000000000
32309 -22.0000000000
32479 -21.0000000000
32504 -20.0000000000
32567 -19.0000000000
32577 -18.0000000000
32648 -16.0000000000
32755 -15.0000000000
32811 -14.0000000000
32878 -13.0000000000
32960 -12.0000000000
33040 -11.0000000000
33069 -10.0000000000
33186 -9.0000000000
33306 -8.0000000000
33347 -5.0000000000
33536 -4.0000000000
33542 -3.0000000000
33617 -2.0000000000
33686 -1.0000000000
33714 588.9000000000
33756 590.9900000000
33763 597.3700000000
33769 598.9600000000
33777 610.0600000000
33814 616.6700000000
33913 633.1200000000
34192 636.1600000000
34286 637.4600000000
34399 684.5500000000
34495 698.8600000000
34545 706.3400000000
34566 715.4100000000
34620 728.9200000000
34784 732.7900000000
35267 736.6700000000
35638 753.4600000000
36848 755.3200000000
37669 761.0000000000
37909 762.6200000000
38141 821.2500000000
38201 845.6400000000
40012 855.7600000000
40482 932.9200000000
40602 943.6700000000
40615 948.1200000000
40786 957.5000000000
40928 960.7400000000
41133 960.7900000000
41143 972.7200000000
41184 992.3000000000
41357 1002.0300000000
41806 1002.3800000000
41915 1024.7800000000
42228 1028.0200000000
42292 1034.1900000000
42300 1037.9800000000
42359 1049.1800000000
42425 1055.5200000000
42511 1056.8500000000
42625 1059.4600000000
42642 1065.6800000000
42647 1070.1900000000
42663 1077.7100000000
42683 1082.6300000000
42804 1087.1800000000
43464 1088.5500000000
43801 1090.0900000000
44676 1098.5500000000
44733 1098.7300000000
45720 1103.1500000000
50761 1104.8500000000
53862 1109.6400000000
61306 1160.0000000000
61402 1166.8100000000
61445 1168.7300000000
61526 1172.7800000000
61560 1175.9200000000
62032 1178.3900000000
62452 1182.7200000000
63255 1182.9000000000
64233 1184.8600000000
64586 1193.6200000000
