evaluations raw_y
1 -1948.0000000000
2 -1889.0000000000
4 -1887.0000000000
6 -1868.0000000000
44 -1860.0000000000
71 -1834.0000000000
82 -1827.0000000000
103 -1826.0000000000
116 -1802.0000000000
143 -1787.0000000000
165 -1783.0000000000
190 -1782.0000000000
195 -1771.0000000000
209 -1763.0000000000
218 -1758.0000000000
230 -1757.0000000000
236 -1751.0000000000
240 -1749.0000000000
244 -1738.0000000000
255 -1735.0000000000
262 -1725.0000000000
267 -1723.0000000000
290 -1717.0000000000
311 -1711.0000000000
325 -1708.0000000000
343 -1704.0000000000
346 -1689.0000000000
385 -1686.0000000000
393 -1684.0000000000
402 -1683.0000000000
406 -1681.0000000000
410 -1671.0000000000
411 -1669.0000000000
430 -1664.0000000000
443 -1656.0000000000
472 -1655.0000000000
499 -1649.0000000000
505 -1646.0000000000
521 -1630.0000000000
566 -1627.0000000000
584 -1620.0000000000
637 -1619.0000000000
641 -1618.0000000000
666 -1617.0000000000
674 -1615.0000000000
705 -1614.0000000000
708 -1613.0000000000
725 -1611.0000000000
741 -1610.0000000000
753 -1609.0000000000
766 -1608.0000000000
776 -1607.0000000000
811 -1606.0000000000
818 -1604.0000000000
830 -1603.0000000000
833 -1602.0000000000
843 -1601.0000000000
880 -1596.0000000000
920 -1595.0000000000
936 -1594.0000000000
954 -1592.0000000000
985 -1588.0000000000
1005 -1585.0000000000
1046 -1580.0000000000
1081 -1579.0000000000
1090 -1578.0000000000
1118 -1577.0000000000
1122 -1576.0000000000
1142 -1575.0000000000
1149 -1572.0000000000
1163 -1571.0000000000
1182 -1569.0000000000
1206 -1568.0000000000
1209 -1566.0000000000
1225 -1565.0000000000
1231 -1564.0000000000
1258 -1563.0000000000
1260 -1561.0000000000
1282 -1559.0000000000
1286 -1557.0000000000
1345 -1556.0000000000
1348 -1554.0000000000
1365 -1552.0000000000
1384 -1550.0000000000
1412 -1549.0000000000
1426 -1548.0000000000
1443 -1544.0000000000
1483 -1542.0000000000
1506 -1539.0000000000
1543 -1538.0000000000
1556 -1537.0000000000
1565 -1536.0000000000
1591 -1534.0000000000
1603 -1532.0000000000
1625 -1531.0000000000
1631 -1530.0000000000
1641 -1528.0000000000
1670 -1525.0000000000
1708 -1524.0000000000
1722 -1523.0000000000
1735 -1522.0000000000
1737 -1521.0000000000
1769 -1520.0000000000
1786 -1519.0000000000
1801 -1518.0000000000
1807 -1517.0000000000
1830 -1515.0000000000
1842 -1514.0000000000
1855 -1512.0000000000
1876 -1508.0000000000
1904 -1507.0000000000
1923 -1503.0000000000
1946 -1502.0000000000
1978 -1499.0000000000
1983 -1498.0000000000
2006 -1497.0000000000
2033 -1496.0000000000
2041 -1494.0000000000
2047 -1493.0000000000
2068 -1492.0000000000
2089 -1490.0000000000
2104 -1488.0000000000
2124 -1487.0000000000
2152 -1486.0000000000
2163 -1485.0000000000
2187 -1483.0000000000
2215 -1482.0000000000
2232 -1480.0000000000
2246 -1478.0000000000
2269 -1476.0000000000
2291 -1475.0000000000
2292 -1474.0000000000
2328 -1472.0000000000
2339 -1471.0000000000
2341 -1470.0000000000
2343 -1467.0000000000
2382 -1464.0000000000
2413 -1463.0000000000
2422 -1461.0000000000
2444 -1457.0000000000
2497 -1456.0000000000
2505 -1455.0000000000
2541 -1451.0000000000
2596 -1449.0000000000
2612 -1446.0000000000
2632 -1443.0000000000
2661 -1442.0000000000
2688 -1440.0000000000
2713 -1438.0000000000
2731 -1437.0000000000
2746 -1436.0000000000
2761 -1435.0000000000
2770 -1433.0000000000
2783 -1432.0000000000
2812 -1431.0000000000
2816 -1430.0000000000
2833 -1429.0000000000
2843 -1428.0000000000
2851 -1427.0000000000
2862 -1426.0000000000
2891 -1425.0000000000
2923 -1421.0000000000
2926 -1420.0000000000
2953 -1419.0000000000
2976 -1418.0000000000
3007 -1416.0000000000
3016 -1415.0000000000
3047 -1414.0000000000
3055 -1413.0000000000
3060 -1412.0000000000
3067 -1411.0000000000
3071 -1407.0000000000
3085 -1406.0000000000
3110 -1405.0000000000
3128 -1404.0000000000
3150 -1403.0000000000
3151 -1402.0000000000
3177 -1401.0000000000
3181 -1400.0000000000
3188 -1398.0000000000
3203 -1397.0000000000
3221 -1396.0000000000
3242 -1395.0000000000
3255 -1394.0000000000
3261 -1389.0000000000
3304 -1388.0000000000
3329 -1386.0000000000
3350 -1382.0000000000
3370 -1380.0000000000
3420 -1379.0000000000
3422 -1375.0000000000
3465 -1373.0000000000
3483 -1372.0000000000
3508 -1369.0000000000
3545 -1368.0000000000
3550 -1366.0000000000
3575 -1365.0000000000
3594 -1364.0000000000
3613 -1363.0000000000
3622 -1361.0000000000
3634 -1359.0000000000
3655 -1357.0000000000
3666 -1354.0000000000
3722 -1353.0000000000
3749 -1351.0000000000
3759 -1350.0000000000
3777 -1348.0000000000
3797 -1346.0000000000
3843 -1345.0000000000
3866 -1343.0000000000
3895 -1342.0000000000
3898 -1339.0000000000
3929 -1337.0000000000
3956 -1336.0000000000
3977 -1335.0000000000
3997 -1332.0000000000
4020 -1331.0000000000
4038 -1330.0000000000
4044 -1329.0000000000
4048 -1328.0000000000
4081 -1324.0000000000
4091 -1323.0000000000
4121 -1321.0000000000
4132 -1317.0000000000
4164 -1316.0000000000
4197 -1314.0000000000
4204 -1313.0000000000
4260 -1312.0000000000
4277 -1311.0000000000
4292 -1310.0000000000
4297 -1309.0000000000
4309 -1306.0000000000
4321 -1302.0000000000
4364 -1301.0000000000
4383 -1299.0000000000
4395 -1298.0000000000
4427 -1296.0000000000
4440 -1295.0000000000
4446 -1294.0000000000
4459 -1293.0000000000
4466 -1292.0000000000
4480 -1291.0000000000
4486 -1290.0000000000
4508 -1289.0000000000
4511 -1288.0000000000
4524 -1286.0000000000
4531 -1285.0000000000
4563 -1282.0000000000
4586 -1281.0000000000
4599 -1279.0000000000
4619 -1278.0000000000
4634 -1277.0000000000
4646 -1276.0000000000
4660 -1275.0000000000
4681 -1273.0000000000
4693 -1272.0000000000
4709 -1271.0000000000
4712 -1270.0000000000
4741 -1269.0000000000
4749 -1268.0000000000
4752 -1267.0000000000
4761 -1266.0000000000
4774 -1265.0000000000
4789 -1264.0000000000
4816 -1261.0000000000
4839 -1260.0000000000
4863 -1259.0000000000
4893 -1258.0000000000
4894 -1257.0000000000
4922 -1255.0000000000
4942 -1254.0000000000
4944 -1251.0000000000
5015 -1249.0000000000
5043 -1248.0000000000
5046 -1247.0000000000
5061 -1246.0000000000
5064 -1245.0000000000
5096 -1241.0000000000
5143 -1240.0000000000
5163 -1237.0000000000
5200 -1236.0000000000
5209 -1234.0000000000
5223 -1233.0000000000
5229 -1232.0000000000
5241 -1229.0000000000
5245 -1226.0000000000
5295 -1225.0000000000
5307 -1223.0000000000
5323 -1222.0000000000
5336 -1221.0000000000
5348 -1218.0000000000
5382 -1217.0000000000
5391 -1216.0000000000
5394 -1214.0000000000
5436 -1213.0000000000
5451 -1212.0000000000
5462 -1211.0000000000
5496 -1208.0000000000
5527 -1205.0000000000
5539 -1203.0000000000
5575 -1199.0000000000
5632 -1197.0000000000
5647 -1196.0000000000
5662 -1195.0000000000
5667 -1194.0000000000
5698 -1191.0000000000
5744 -1190.0000000000
5749 -1189.0000000000
5764 -1186.0000000000
5770 -1185.0000000000
5808 -1184.0000000000
5824 -1183.0000000000
5828 -1181.0000000000
5855 -1180.0000000000
5864 -1179.0000000000
5867 -1177.0000000000
5881 -1176.0000000000
5929 -1173.0000000000
5931 -1172.0000000000
5934 -1171.0000000000
5944 -1169.0000000000
5965 -1168.0000000000
5966 -1167.0000000000
5999 -1165.0000000000
6026 -1163.0000000000
6035 -1162.0000000000
6043 -1161.0000000000
6066 -1159.0000000000
6083 -1158.0000000000
6105 -1157.0000000000
6116 -1156.0000000000
6121 -1155.0000000000
6155 -1153.0000000000
6158 -1152.0000000000
6192 -1150.0000000000
6201 -1149.0000000000
6222 -1148.0000000000
6226 -1147.0000000000
6243 -1144.0000000000
6282 -1143.0000000000
6304 -1140.0000000000
6331 -1139.0000000000
6378 -1137.0000000000
6381 -1136.0000000000
6395 -1134.0000000000
6443 -1133.0000000000
6445 -1132.0000000000
6472 -1130.0000000000
6502 -1129.0000000000
6504 -1128.0000000000
6510 -1127.0000000000
6529 -1126.0000000000
6550 -1124.0000000000
6578 -1123.0000000000
6580 -1119.0000000000
6592 -1118.0000000000
6623 -1117.0000000000
6644 -1116.0000000000
6663 -1113.0000000000
6692 -1112.0000000000
6704 -1111.0000000000
6711 -1110.0000000000
6745 -1109.0000000000
6767 -1108.0000000000
6801 -1107.0000000000
6830 -1106.0000000000
6836 -1105.0000000000
6843 -1104.0000000000
6879 -1102.0000000000
6916 -1101.0000000000
6942 -1098.0000000000
6947 -1096.0000000000
6986 -1094.0000000000
6989 -1093.0000000000
7003 -1091.0000000000
7029 -1090.0000000000
7057 -1089.0000000000
7067 -1086.0000000000
7079 -1081.0000000000
7152 -1080.0000000000
7170 -1079.0000000000
7172 -1078.0000000000
7175 -1074.0000000000
7230 -1073.0000000000
7241 -1071.0000000000
7297 -1070.0000000000
7304 -1068.0000000000
7327 -1067.0000000000
7374 -1066.0000000000
7381 -1065.0000000000
7386 -1062.0000000000
7393 -1061.0000000000
7413 -1060.0000000000
7446 -1057.0000000000
7497 -1056.0000000000
7500 -1055.0000000000
7522 -1052.0000000000
7552 -1051.0000000000
7553 -1050.0000000000
7557 -1048.0000000000
7577 -1046.0000000000
7584 -1044.0000000000
7621 -1042.0000000000
7631 -1040.0000000000
7645 -1038.0000000000
7660 -1037.0000000000
7686 -1036.0000000000
7706 -1035.0000000000
7735 -1034.0000000000
7765 -1032.0000000000
7771 -1031.0000000000
7793 -1029.0000000000
7826 -1028.0000000000
7839 -1027.0000000000
7865 -1026.0000000000
7889 -1025.0000000000
7912 -1022.0000000000
7952 -1021.0000000000
7962 -1019.0000000000
7984 -1016.0000000000
8026 -1015.0000000000
8045 -1014.0000000000
8051 -1012.0000000000
8091 -1011.0000000000
8129 -1009.0000000000
8177 -1008.0000000000
8194 -1006.0000000000
8216 -1005.0000000000
8225 -1004.0000000000
8244 -1002.0000000000
8284 -1001.0000000000
8305 -999.0000000000
8312 -998.0000000000
8342 -997.0000000000
8366 -996.0000000000
8368 -995.0000000000
8408 -994.0000000000
8409 -992.0000000000
8440 -990.0000000000
8468 -989.0000000000
8485 -986.0000000000
8532 -984.0000000000
8578 -983.0000000000
8582 -980.0000000000
8608 -979.0000000000
8629 -978.0000000000
8631 -976.0000000000
8649 -975.0000000000
8684 -974.0000000000
8707 -970.0000000000
8731 -968.0000000000
8748 -967.0000000000
8774 -964.0000000000
8804 -963.0000000000
8818 -960.0000000000
8836 -957.0000000000
8851 -956.0000000000
8856 -955.0000000000
8860 -953.0000000000
8905 -951.0000000000
8920 -950.0000000000
8929 -948.0000000000
8981 -947.0000000000
9000 -946.0000000000
9012 -944.0000000000
9029 -943.0000000000
9039 -942.0000000000
9051 -939.0000000000
9086 -938.0000000000
9091 -935.0000000000
9138 -933.0000000000
9175 -930.0000000000
9233 -929.0000000000
9257 -928.0000000000
9263 -927.0000000000
9291 -925.0000000000
9315 -922.0000000000
9364 -921.0000000000
9369 -920.0000000000
9384 -919.0000000000
9397 -918.0000000000
9415 -917.0000000000
9426 -916.0000000000
9457 -915.0000000000
9474 -913.0000000000
9495 -912.0000000000
9541 -911.0000000000
9550 -910.0000000000
9584 -906.0000000000
9616 -905.0000000000
9648 -904.0000000000
9665 -903.0000000000
9681 -902.0000000000
9682 -900.0000000000
9709 -898.0000000000
9756 -896.0000000000
9774 -893.0000000000
9819 -891.0000000000
9851 -890.0000000000
9861 -889.0000000000
9898 -888.0000000000
9906 -887.0000000000
9926 -886.0000000000
9940 -884.0000000000
9950 -883.0000000000
9957 -882.0000000000
10000 -881.0000000000
evaluations raw_y
1 -1921.0000000000
2 -1898.0000000000
5 -1879.0000000000
16 -1875.0000000000
23 -1842.0000000000
81 -1835.0000000000
96 -1819.0000000000
114 -1817.0000000000
115 -1808.0000000000
121 -1806.0000000000
146 -1777.0000000000
183 -1774.0000000000
189 -1758.0000000000
197 -1751.0000000000
209 -1747.0000000000
210 -1735.0000000000
224 -1733.0000000000
234 -1724.0000000000
243 -1711.0000000000
262 -1708.0000000000
264 -1694.0000000000
282 -1689.0000000000
305 -1687.0000000000
306 -1684.0000000000
309 -1681.0000000000
319 -1678.0000000000
320 -1676.0000000000
325 -1671.0000000000
334 -1668.0000000000
343 -1665.0000000000
351 -1660.0000000000
383 -1658.0000000000
384 -1651.0000000000
387 -1648.0000000000
392 -1645.0000000000
404 -1642.0000000000
422 -1638.0000000000
428 -1633.0000000000
442 -1632.0000000000
458 -1631.0000000000
460 -1628.0000000000
463 -1622.0000000000
471 -1609.0000000000
531 -1607.0000000000
553 -1605.0000000000
561 -1604.0000000000
562 -1602.0000000000
583 -1599.0000000000
594 -1598.0000000000
605 -1596.0000000000
633 -1593.0000000000
646 -1589.0000000000
669 -1587.0000000000
684 -1586.0000000000
703 -1584.0000000000
710 -1578.0000000000
729 -1575.0000000000
769 -1574.0000000000
782 -1572.0000000000
791 -1568.0000000000
803 -1564.0000000000
842 -1563.0000000000
858 -1559.0000000000
881 -1558.0000000000
891 -1557.0000000000
927 -1555.0000000000
928 -1552.0000000000
943 -1551.0000000000
961 -1548.0000000000
1009 -1546.0000000000
1028 -1542.0000000000
1064 -1539.0000000000
1075 -1538.0000000000
1116 -1537.0000000000
1121 -1533.0000000000
1163 -1532.0000000000
1172 -1531.0000000000
1207 -1530.0000000000
1210 -1528.0000000000
1237 -1524.0000000000
1240 -1523.0000000000
1281 -1521.0000000000
1290 -1520.0000000000
1303 -1519.0000000000
1308 -1518.0000000000
1312 -1512.0000000000
1321 -1511.0000000000
1345 -1510.0000000000
1363 -1507.0000000000
1381 -1506.0000000000
1404 -1505.0000000000
1434 -1504.0000000000
1447 -1501.0000000000
1456 -1500.0000000000
1465 -1499.0000000000
1487 -1498.0000000000
1505 -1496.0000000000
1533 -1495.0000000000
1538 -1493.0000000000
1543 -1491.0000000000
1581 -1490.0000000000
1584 -1487.0000000000
1619 -1484.0000000000
1636 -1483.0000000000
1654 -1481.0000000000
1662 -1478.0000000000
1720 -1476.0000000000
1723 -1474.0000000000
1761 -1473.0000000000
1774 -1471.0000000000
1796 -1470.0000000000
1799 -1468.0000000000
1813 -1467.0000000000
1829 -1466.0000000000
1849 -1462.0000000000
1909 -1460.0000000000
1936 -1459.0000000000
1951 -1458.0000000000
1969 -1456.0000000000
1981 -1455.0000000000
1992 -1452.0000000000
2010 -1451.0000000000
2027 -1448.0000000000
2047 -1447.0000000000
2082 -1445.0000000000
2101 -1444.0000000000
2118 -1443.0000000000
2132 -1442.0000000000
2148 -1441.0000000000
2155 -1440.0000000000
2158 -1437.0000000000
2177 -1435.0000000000
2186 -1433.0000000000
2229 -1431.0000000000
2235 -1429.0000000000
2249 -1424.0000000000
2295 -1423.0000000000
2334 -1422.0000000000
2345 -1420.0000000000
2371 -1419.0000000000
2383 -1418.0000000000
2408 -1417.0000000000
2416 -1416.0000000000
2437 -1415.0000000000
2438 -1414.0000000000
2444 -1413.0000000000
2465 -1411.0000000000
2481 -1409.0000000000
2508 -1408.0000000000
2518 -1407.0000000000
2520 -1405.0000000000
2531 -1404.0000000000
2541 -1403.0000000000
2567 -1402.0000000000
2585 -1401.0000000000
2604 -1395.0000000000
2622 -1391.0000000000
2669 -1390.0000000000
2682 -1387.0000000000
2693 -1386.0000000000
2721 -1383.0000000000
2763 -1380.0000000000
2789 -1378.0000000000
2821 -1377.0000000000
2828 -1376.0000000000
2852 -1374.0000000000
2882 -1371.0000000000
2886 -1368.0000000000
2912 -1367.0000000000
2926 -1365.0000000000
2942 -1363.0000000000
2971 -1360.0000000000
3005 -1356.0000000000
3024 -1355.0000000000
3048 -1354.0000000000
3062 -1353.0000000000
3087 -1350.0000000000
3098 -1348.0000000000
3106 -1347.0000000000
3123 -1344.0000000000
3144 -1343.0000000000
3172 -1341.0000000000
3183 -1340.0000000000
3211 -1338.0000000000
3232 -1335.0000000000
3255 -1334.0000000000
3269 -1333.0000000000
3284 -1332.0000000000
3305 -1330.0000000000
3310 -1329.0000000000
3325 -1327.0000000000
3355 -1326.0000000000
3369 -1325.0000000000
3374 -1324.0000000000
3387 -1321.0000000000
3422 -1320.0000000000
3445 -1319.0000000000
3470 -1317.0000000000
3507 -1316.0000000000
3523 -1315.0000000000
3535 -1314.0000000000
3541 -1312.0000000000
3543 -1311.0000000000
3562 -1309.0000000000
3586 -1308.0000000000
3612 -1307.0000000000
3625 -1305.0000000000
3644 -1304.0000000000
3645 -1301.0000000000
3703 -1300.0000000000
3725 -1298.0000000000
3748 -1296.0000000000
3750 -1295.0000000000
3769 -1293.0000000000
3787 -1292.0000000000
3799 -1290.0000000000
3811 -1289.0000000000
3846 -1288.0000000000
3877 -1286.0000000000
3881 -1285.0000000000
3925 -1284.0000000000
3929 -1280.0000000000
3956 -1278.0000000000
3996 -1277.0000000000
3999 -1275.0000000000
4005 -1272.0000000000
4046 -1271.0000000000
4062 -1269.0000000000
4064 -1268.0000000000
4095 -1267.0000000000
4126 -1266.0000000000
4148 -1263.0000000000
4157 -1261.0000000000
4161 -1260.0000000000
4178 -1259.0000000000
4199 -1258.0000000000
4215 -1254.0000000000
4241 -1250.0000000000
4265 -1249.0000000000
4320 -1248.0000000000
4321 -1247.0000000000
4332 -1241.0000000000
4375 -1239.0000000000
4403 -1238.0000000000
4417 -1237.0000000000
4433 -1233.0000000000
4469 -1232.0000000000
4506 -1231.0000000000
4509 -1230.0000000000
4543 -1229.0000000000
4546 -1227.0000000000
4568 -1225.0000000000
4585 -1222.0000000000
4642 -1221.0000000000
4679 -1217.0000000000
4708 -1216.0000000000
4732 -1215.0000000000
4744 -1214.0000000000
4781 -1213.0000000000
4799 -1211.0000000000
4820 -1208.0000000000
4827 -1205.0000000000
4881 -1202.0000000000
4903 -1201.0000000000
4916 -1200.0000000000
4931 -1198.0000000000
4964 -1193.0000000000
5003 -1187.0000000000
5027 -1186.0000000000
5042 -1185.0000000000
5067 -1183.0000000000
5082 -1178.0000000000
5147 -1177.0000000000
5158 -1174.0000000000
5163 -1171.0000000000
5201 -1170.0000000000
5224 -1169.0000000000
5250 -1167.0000000000
5270 -1164.0000000000
5290 -1163.0000000000
5314 -1160.0000000000
5331 -1158.0000000000
5348 -1157.0000000000
5382 -1156.0000000000
5383 -1155.0000000000
5410 -1153.0000000000
5439 -1150.0000000000
5482 -1147.0000000000
5513 -1146.0000000000
5544 -1142.0000000000
5554 -1141.0000000000
5587 -1139.0000000000
5591 -1136.0000000000
5639 -1135.0000000000
5640 -1134.0000000000
5641 -1131.0000000000
5681 -1128.0000000000
5722 -1127.0000000000
5734 -1123.0000000000
5744 -1122.0000000000
5782 -1118.0000000000
5827 -1116.0000000000
5849 -1114.0000000000
5870 -1113.0000000000
5897 -1110.0000000000
5932 -1109.0000000000
5946 -1107.0000000000
5983 -1106.0000000000
6008 -1105.0000000000
6010 -1104.0000000000
6024 -1103.0000000000
6028 -1100.0000000000
6043 -1098.0000000000
6083 -1097.0000000000
6106 -1096.0000000000
6108 -1095.0000000000
6143 -1094.0000000000
6164 -1093.0000000000
6173 -1092.0000000000
6193 -1091.0000000000
6204 -1089.0000000000
6223 -1088.0000000000
6242 -1085.0000000000
6247 -1084.0000000000
6307 -1082.0000000000
6328 -1081.0000000000
6334 -1078.0000000000
6373 -1077.0000000000
6382 -1076.0000000000
6424 -1075.0000000000
6429 -1072.0000000000
6441 -1071.0000000000
6463 -1070.0000000000
6468 -1067.0000000000
6506 -1064.0000000000
6546 -1063.0000000000
6564 -1061.0000000000
6605 -1060.0000000000
6621 -1059.0000000000
6656 -1056.0000000000
6698 -1055.0000000000
6726 -1054.0000000000
6747 -1053.0000000000
6776 -1052.0000000000
6779 -1050.0000000000
6814 -1049.0000000000
6835 -1046.0000000000
6868 -1045.0000000000
6904 -1043.0000000000
6929 -1042.0000000000
6930 -1041.0000000000
6966 -1040.0000000000
6986 -1039.0000000000
7003 -1038.0000000000
7040 -1035.0000000000
7108 -1034.0000000000
7113 -1033.0000000000
7146 -1030.0000000000
7185 -1029.0000000000
7190 -1028.0000000000
7216 -1026.0000000000
7253 -1024.0000000000
7264 -1023.0000000000
7271 -1021.0000000000
7293 -1019.0000000000
7347 -1017.0000000000
7363 -1015.0000000000
7423 -1011.0000000000
7454 -1010.0000000000
7462 -1009.0000000000
7495 -1007.0000000000
7497 -1004.0000000000
7532 -1003.0000000000
7559 -1001.0000000000
7595 -1000.0000000000
7612 -998.0000000000
7628 -996.0000000000
7641 -995.0000000000
7672 -994.0000000000
7697 -993.0000000000
7713 -989.0000000000
7774 -987.0000000000
7791 -986.0000000000
7793 -985.0000000000
7802 -984.0000000000
7843 -983.0000000000
7861 -981.0000000000
7885 -980.0000000000
7887 -978.0000000000
7932 -976.0000000000
7976 -975.0000000000
8016 -974.0000000000
8045 -973.0000000000
8047 -970.0000000000
8071 -968.0000000000
8108 -967.0000000000
8121 -965.0000000000
8144 -964.0000000000
8150 -962.0000000000
8183 -960.0000000000
8197 -959.0000000000
8208 -956.0000000000
8240 -954.0000000000
8269 -951.0000000000
8297 -949.0000000000
8334 -948.0000000000
8344 -947.0000000000
8347 -946.0000000000
8396 -945.0000000000
8409 -942.0000000000
8447 -940.0000000000
8461 -939.0000000000
8483 -937.0000000000
8485 -936.0000000000
8489 -935.0000000000
8518 -933.0000000000
8565 -932.0000000000
8578 -931.0000000000
8591 -928.0000000000
8638 -927.0000000000
8641 -924.0000000000
8694 -923.0000000000
8704 -922.0000000000
8720 -921.0000000000
8736 -919.0000000000
8747 -918.0000000000
8763 -916.0000000000
8805 -913.0000000000
8849 -911.0000000000
8884 -909.0000000000
8905 -908.0000000000
8935 -906.0000000000
8942 -905.0000000000
8985 -904.0000000000
8989 -903.0000000000
9003 -902.0000000000
9022 -901.0000000000
9040 -899.0000000000
9062 -896.0000000000
9084 -895.0000000000
9125 -894.0000000000
9126 -893.0000000000
9145 -892.0000000000
9164 -891.0000000000
9167 -889.0000000000
9210 -887.0000000000
9232 -886.0000000000
9236 -885.0000000000
9237 -884.0000000000
9262 -882.0000000000
9294 -880.0000000000
9306 -879.0000000000
9363 -877.0000000000
9368 -873.0000000000
9395 -872.0000000000
9425 -871.0000000000
9437 -870.0000000000
9466 -869.0000000000
9469 -868.0000000000
9488 -867.0000000000
9524 -866.0000000000
9541 -864.0000000000
9581 -863.0000000000
9613 -862.0000000000
9628 -861.0000000000
9630 -860.0000000000
9634 -857.0000000000
9649 -855.0000000000
9700 -852.0000000000
9714 -851.0000000000
9744 -850.0000000000
9768 -849.0000000000
9782 -848.0000000000
9808 -846.0000000000
9848 -845.0000000000
9861 -844.0000000000
9899 -843.0000000000
9907 -842.0000000000
9917 -841.0000000000
9921 -840.0000000000
9954 -839.0000000000
9987 -837.0000000000
10000 -841.0000000000
evaluations raw_y
1 -1881.0000000000
6 -1874.0000000000
21 -1871.0000000000
22 -1870.0000000000
30 -1858.0000000000
46 -1850.0000000000
49 -1840.0000000000
58 -1837.0000000000
84 -1832.0000000000
88 -1828.0000000000
104 -1809.0000000000
124 -1806.0000000000
128 -1803.0000000000
136 -1784.0000000000
148 -1778.0000000000
161 -1760.0000000000
181 -1742.0000000000
202 -1735.0000000000
214 -1731.0000000000
215 -1720.0000000000
225 -1719.0000000000
229 -1716.0000000000
255 -1699.0000000000
258 -1693.0000000000
275 -1689.0000000000
301 -1681.0000000000
322 -1680.0000000000
341 -1673.0000000000
356 -1672.0000000000
365 -1665.0000000000
394 -1664.0000000000
399 -1659.0000000000
402 -1658.0000000000
417 -1656.0000000000
419 -1654.0000000000
454 -1647.0000000000
467 -1641.0000000000
488 -1640.0000000000
495 -1639.0000000000
523 -1635.0000000000
536 -1634.0000000000
545 -1632.0000000000
571 -1630.0000000000
601 -1629.0000000000
602 -1627.0000000000
613 -1626.0000000000
621 -1625.0000000000
625 -1623.0000000000
642 -1622.0000000000
649 -1618.0000000000
653 -1616.0000000000
655 -1615.0000000000
664 -1609.0000000000
701 -1604.0000000000
759 -1603.0000000000
770 -1601.0000000000
799 -1599.0000000000
810 -1597.0000000000
824 -1595.0000000000
848 -1594.0000000000
849 -1591.0000000000
880 -1590.0000000000
887 -1589.0000000000
888 -1588.0000000000
895 -1587.0000000000
907 -1586.0000000000
930 -1585.0000000000
944 -1584.0000000000
953 -1583.0000000000
954 -1582.0000000000
959 -1581.0000000000
964 -1580.0000000000
971 -1578.0000000000
989 -1577.0000000000
997 -1576.0000000000
1016 -1575.0000000000
1028 -1574.0000000000
1035 -1573.0000000000
1047 -1572.0000000000
1067 -1569.0000000000
1099 -1565.0000000000
1107 -1560.0000000000
1167 -1559.0000000000
1182 -1558.0000000000
1206 -1557.0000000000
1216 -1555.0000000000
1221 -1554.0000000000
1249 -1553.0000000000
1255 -1552.0000000000
1270 -1551.0000000000
1284 -1549.0000000000
1286 -1545.0000000000
1314 -1543.0000000000
1355 -1542.0000000000
1365 -1541.0000000000
1390 -1540.0000000000
1401 -1539.0000000000
1423 -1537.0000000000
1441 -1536.0000000000
1453 -1534.0000000000
1462 -1533.0000000000
1475 -1532.0000000000
1482 -1531.0000000000
1501 -1529.0000000000
1517 -1524.0000000000
1569 -1522.0000000000
1589 -1520.0000000000
1602 -1519.0000000000
1633 -1518.0000000000
1642 -1516.0000000000
1661 -1515.0000000000
1681 -1512.0000000000
1709 -1511.0000000000
1725 -1510.0000000000
1744 -1508.0000000000
1755 -1506.0000000000
1771 -1505.0000000000
1786 -1504.0000000000
1803 -1503.0000000000
1823 -1502.0000000000
1840 -1501.0000000000
1850 -1500.0000000000
1862 -1499.0000000000
1864 -1498.0000000000
1882 -1497.0000000000
1911 -1496.0000000000
1939 -1495.0000000000
1948 -1494.0000000000
1954 -1493.0000000000
1970 -1492.0000000000
1979 -1490.0000000000
1983 -1489.0000000000
2007 -1487.0000000000
2027 -1486.0000000000
2054 -1484.0000000000
2056 -1483.0000000000
2061 -1480.0000000000
2086 -1479.0000000000
2094 -1475.0000000000
2108 -1471.0000000000
2169 -1470.0000000000
2175 -1469.0000000000
2209 -1468.0000000000
2224 -1467.0000000000
2238 -1462.0000000000
2271 -1461.0000000000
2285 -1460.0000000000
2287 -1459.0000000000
2293 -1457.0000000000
2323 -1455.0000000000
2342 -1453.0000000000
2363 -1452.0000000000
2367 -1451.0000000000
2401 -1449.0000000000
2422 -1447.0000000000
2454 -1446.0000000000
2471 -1444.0000000000
2481 -1442.0000000000
2502 -1441.0000000000
2521 -1438.0000000000
2546 -1435.0000000000
2554 -1434.0000000000
2579 -1431.0000000000
2603 -1429.0000000000
2622 -1427.0000000000
2644 -1426.0000000000
2661 -1424.0000000000
2686 -1422.0000000000
2706 -1417.0000000000
2732 -1416.0000000000
2750 -1414.0000000000
2770 -1413.0000000000
2780 -1412.0000000000
2802 -1410.0000000000
2804 -1409.0000000000
2821 -1408.0000000000
2861 -1406.0000000000
2872 -1404.0000000000
2879 -1403.0000000000
2902 -1401.0000000000
2932 -1397.0000000000
2987 -1394.0000000000
3004 -1393.0000000000
3026 -1392.0000000000
3042 -1389.0000000000
3068 -1388.0000000000
3093 -1383.0000000000
3148 -1382.0000000000
3151 -1381.0000000000
3185 -1380.0000000000
3193 -1377.0000000000
3219 -1376.0000000000
3243 -1375.0000000000
3248 -1374.0000000000
3261 -1373.0000000000
3282 -1372.0000000000
3296 -1367.0000000000
3361 -1366.0000000000
3362 -1363.0000000000
3383 -1361.0000000000
3403 -1360.0000000000
3432 -1359.0000000000
3453 -1358.0000000000
3471 -1357.0000000000
3478 -1356.0000000000
3486 -1355.0000000000
3498 -1354.0000000000
3508 -1349.0000000000
3523 -1348.0000000000
3562 -1347.0000000000
3583 -1345.0000000000
3625 -1344.0000000000
3641 -1342.0000000000
3656 -1341.0000000000
3663 -1340.0000000000
3668 -1339.0000000000
3678 -1338.0000000000
3684 -1336.0000000000
3705 -1335.0000000000
3718 -1334.0000000000
3741 -1332.0000000000
3763 -1331.0000000000
3764 -1329.0000000000
3806 -1327.0000000000
3809 -1326.0000000000
3819 -1324.0000000000
3822 -1321.0000000000
3865 -1320.0000000000
3891 -1319.0000000000
3894 -1318.0000000000
3901 -1317.0000000000
3917 -1316.0000000000
3936 -1315.0000000000
3942 -1314.0000000000
3945 -1313.0000000000
3993 -1311.0000000000
3996 -1310.0000000000
3999 -1308.0000000000
4047 -1307.0000000000
4058 -1305.0000000000
4068 -1304.0000000000
4099 -1303.0000000000
4109 -1301.0000000000
4117 -1300.0000000000
4147 -1298.0000000000
4167 -1297.0000000000
4181 -1296.0000000000
4203 -1295.0000000000
4229 -1293.0000000000
4262 -1292.0000000000
4267 -1291.0000000000
4282 -1290.0000000000
4290 -1288.0000000000
4317 -1285.0000000000
4327 -1283.0000000000
4367 -1280.0000000000
4384 -1278.0000000000
4422 -1276.0000000000
4445 -1274.0000000000
4462 -1273.0000000000
4474 -1271.0000000000
4509 -1270.0000000000
4511 -1268.0000000000
4537 -1267.0000000000
4561 -1265.0000000000
4595 -1264.0000000000
4618 -1263.0000000000
4621 -1261.0000000000
4643 -1260.0000000000
4652 -1257.0000000000
4705 -1256.0000000000
4718 -1255.0000000000
4722 -1254.0000000000
4750 -1253.0000000000
4793 -1252.0000000000
4797 -1249.0000000000
4812 -1248.0000000000
4833 -1247.0000000000
4846 -1244.0000000000
4873 -1241.0000000000
4901 -1238.0000000000
4947 -1237.0000000000
4948 -1236.0000000000
4967 -1233.0000000000
4998 -1232.0000000000
5006 -1231.0000000000
5024 -1230.0000000000
5042 -1229.0000000000
5057 -1228.0000000000
5087 -1227.0000000000
5125 -1226.0000000000
5152 -1224.0000000000
5163 -1223.0000000000
5183 -1222.0000000000
5196 -1221.0000000000
5201 -1218.0000000000
5221 -1217.0000000000
5226 -1216.0000000000
5255 -1215.0000000000
5260 -1211.0000000000
5324 -1210.0000000000
5325 -1209.0000000000
5338 -1207.0000000000
5345 -1205.0000000000
5380 -1204.0000000000
5409 -1198.0000000000
5464 -1197.0000000000
5478 -1194.0000000000
5486 -1193.0000000000
5511 -1191.0000000000
5539 -1188.0000000000
5552 -1186.0000000000
5569 -1185.0000000000
5589 -1182.0000000000
5603 -1181.0000000000
5612 -1180.0000000000
5654 -1179.0000000000
5691 -1177.0000000000
5709 -1176.0000000000
5717 -1173.0000000000
5745 -1172.0000000000
5771 -1171.0000000000
5799 -1170.0000000000
5810 -1168.0000000000
5842 -1167.0000000000
5849 -1166.0000000000
5864 -1165.0000000000
5888 -1164.0000000000
5907 -1161.0000000000
5937 -1160.0000000000
5962 -1156.0000000000
5976 -1154.0000000000
6001 -1152.0000000000
6018 -1151.0000000000
6039 -1150.0000000000
6063 -1149.0000000000
6082 -1146.0000000000
6106 -1144.0000000000
6155 -1143.0000000000
6188 -1142.0000000000
6202 -1141.0000000000
6210 -1140.0000000000
6228 -1139.0000000000
6249 -1138.0000000000
6255 -1137.0000000000
6295 -1136.0000000000
6309 -1135.0000000000
6320 -1134.0000000000
6335 -1133.0000000000
6391 -1132.0000000000
6402 -1131.0000000000
6406 -1130.0000000000
6429 -1127.0000000000
6463 -1126.0000000000
6466 -1123.0000000000
6501 -1122.0000000000
6522 -1121.0000000000
6529 -1118.0000000000
6547 -1117.0000000000
6583 -1116.0000000000
6603 -1114.0000000000
6625 -1113.0000000000
6657 -1111.0000000000
6663 -1110.0000000000
6665 -1107.0000000000
6704 -1106.0000000000
6731 -1105.0000000000
6744 -1104.0000000000
6760 -1103.0000000000
6785 -1102.0000000000
6822 -1101.0000000000
6825 -1099.0000000000
6851 -1098.0000000000
6861 -1096.0000000000
6904 -1095.0000000000
6905 -1094.0000000000
6929 -1092.0000000000
6941 -1091.0000000000
6977 -1090.0000000000
6989 -1089.0000000000
7003 -1088.0000000000
7041 -1087.0000000000
7042 -1086.0000000000
7047 -1085.0000000000
7067 -1084.0000000000
7080 -1083.0000000000
7082 -1082.0000000000
7110 -1081.0000000000
7123 -1080.0000000000
7136 -1079.0000000000
7156 -1078.0000000000
7158 -1077.0000000000
7181 -1076.0000000000
7204 -1075.0000000000
7236 -1074.0000000000
7239 -1073.0000000000
7241 -1072.0000000000
7254 -1071.0000000000
7274 -1069.0000000000
7302 -1068.0000000000
7335 -1066.0000000000
7385 -1062.0000000000
7443 -1061.0000000000
7467 -1060.0000000000
7478 -1059.0000000000
7501 -1058.0000000000
7504 -1057.0000000000
7523 -1056.0000000000
7525 -1054.0000000000
7545 -1053.0000000000
7550 -1051.0000000000
7578 -1049.0000000000
7586 -1048.0000000000
7595 -1047.0000000000
7618 -1046.0000000000
7623 -1045.0000000000
7633 -1043.0000000000
7661 -1041.0000000000
7664 -1040.0000000000
7696 -1039.0000000000
7701 -1037.0000000000
7704 -1036.0000000000
7742 -1034.0000000000
7752 -1031.0000000000
7829 -1030.0000000000
7842 -1027.0000000000
7861 -1025.0000000000
7872 -1024.0000000000
7889 -1020.0000000000
7921 -1019.0000000000
7941 -1018.0000000000
7947 -1017.0000000000
7979 -1015.0000000000
7986 -1014.0000000000
8037 -1013.0000000000
8059 -1011.0000000000
8069 -1009.0000000000
8102 -1007.0000000000
8122 -1006.0000000000
8157 -1005.0000000000
8171 -1004.0000000000
8185 -1003.0000000000
8201 -1002.0000000000
8232 -1000.0000000000
8239 -997.0000000000
8269 -995.0000000000
8299 -994.0000000000
8324 -993.0000000000
8344 -990.0000000000
8368 -987.0000000000
8383 -985.0000000000
8433 -983.0000000000
8463 -980.0000000000
8496 -979.0000000000
8506 -978.0000000000
8554 -977.0000000000
8558 -976.0000000000
8559 -974.0000000000
8608 -972.0000000000
8615 -971.0000000000
8632 -970.0000000000
8656 -967.0000000000
8686 -964.0000000000
8712 -963.0000000000
8726 -961.0000000000
8766 -957.0000000000
8785 -956.0000000000
8838 -954.0000000000
8848 -951.0000000000
8872 -948.0000000000
8920 -947.0000000000
8924 -946.0000000000
8943 -945.0000000000
8958 -944.0000000000
8983 -942.0000000000
9001 -941.0000000000
9023 -938.0000000000
9051 -937.0000000000
9083 -936.0000000000
9101 -934.0000000000
9125 -933.0000000000
9145 -932.0000000000
9153 -930.0000000000
9201 -929.0000000000
9221 -928.0000000000
9241 -926.0000000000
9255 -925.0000000000
9272 -924.0000000000
9301 -922.0000000000
9343 -920.0000000000
9363 -919.0000000000
9371 -918.0000000000
9390 -916.0000000000
9410 -914.0000000000
9433 -912.0000000000
9461 -909.0000000000
9462 -906.0000000000
9497 -905.0000000000
9546 -902.0000000000
9623 -899.0000000000
9662 -898.0000000000
9689 -897.0000000000
9728 -896.0000000000
9734 -894.0000000000
9770 -891.0000000000
9783 -889.0000000000
9823 -888.0000000000
9829 -887.0000000000
9851 -885.0000000000
9861 -882.0000000000
9922 -879.0000000000
9956 -878.0000000000
9984 -876.0000000000
10000 -884.0000000000
evaluations raw_y
1 -1885.0000000000
6 -1879.0000000000
21 -1876.0000000000
34 -1874.0000000000
43 -1870.0000000000
54 -1862.0000000000
56 -1861.0000000000
64 -1850.0000000000
70 -1839.0000000000
83 -1827.0000000000
100 -1803.0000000000
107 -1799.0000000000
120 -1771.0000000000
122 -1770.0000000000
152 -1747.0000000000
177 -1735.0000000000
184 -1734.0000000000
203 -1733.0000000000
227 -1718.0000000000
238 -1712.0000000000
245 -1700.0000000000
265 -1692.0000000000
276 -1680.0000000000
305 -1672.0000000000
323 -1669.0000000000
353 -1662.0000000000
356 -1655.0000000000
362 -1643.0000000000
384 -1636.0000000000
402 -1631.0000000000
422 -1626.0000000000
451 -1621.0000000000
480 -1617.0000000000
484 -1613.0000000000
486 -1609.0000000000
500 -1601.0000000000
525 -1600.0000000000
539 -1598.0000000000
553 -1591.0000000000
586 -1584.0000000000
608 -1583.0000000000
614 -1581.0000000000
645 -1580.0000000000
653 -1579.0000000000
661 -1577.0000000000
668 -1576.0000000000
677 -1575.0000000000
699 -1572.0000000000
702 -1570.0000000000
717 -1569.0000000000
727 -1567.0000000000
731 -1565.0000000000
743 -1564.0000000000
746 -1560.0000000000
758 -1559.0000000000
770 -1558.0000000000
771 -1556.0000000000
788 -1555.0000000000
789 -1552.0000000000
802 -1550.0000000000
826 -1548.0000000000
854 -1546.0000000000
856 -1542.0000000000
871 -1541.0000000000
882 -1539.0000000000
908 -1538.0000000000
912 -1536.0000000000
913 -1534.0000000000
927 -1531.0000000000
944 -1525.0000000000
989 -1523.0000000000
1009 -1521.0000000000
1021 -1519.0000000000
1022 -1518.0000000000
1063 -1516.0000000000
1068 -1515.0000000000
1085 -1512.0000000000
1107 -1511.0000000000
1128 -1510.0000000000
1143 -1507.0000000000
1167 -1506.0000000000
1190 -1505.0000000000
1192 -1504.0000000000
1198 -1503.0000000000
1226 -1502.0000000000
1230 -1500.0000000000
1244 -1499.0000000000
1246 -1498.0000000000
1249 -1495.0000000000
1283 -1494.0000000000
1294 -1493.0000000000
1303 -1492.0000000000
1306 -1491.0000000000
1312 -1489.0000000000
1323 -1484.0000000000
1341 -1480.0000000000
1366 -1479.0000000000
1384 -1475.0000000000
1421 -1473.0000000000
1462 -1469.0000000000
1496 -1468.0000000000
1505 -1466.0000000000
1544 -1465.0000000000
1565 -1463.0000000000
1569 -1462.0000000000
1574 -1457.0000000000
1583 -1456.0000000000
1591 -1455.0000000000
1618 -1454.0000000000
1648 -1453.0000000000
1659 -1449.0000000000
1705 -1448.0000000000
1722 -1446.0000000000
1743 -1444.0000000000
1766 -1443.0000000000
1775 -1442.0000000000
1785 -1441.0000000000
1814 -1440.0000000000
1842 -1439.0000000000
1846 -1438.0000000000
1875 -1435.0000000000
1895 -1433.0000000000
1920 -1432.0000000000
1931 -1430.0000000000
1966 -1429.0000000000
1986 -1428.0000000000
1998 -1427.0000000000
2003 -1426.0000000000
2013 -1422.0000000000
2034 -1421.0000000000
2064 -1420.0000000000
2087 -1418.0000000000
2112 -1416.0000000000
2145 -1415.0000000000
2158 -1414.0000000000
2171 -1413.0000000000
2172 -1412.0000000000
2195 -1410.0000000000
2220 -1409.0000000000
2238 -1408.0000000000
2241 -1407.0000000000
2279 -1403.0000000000
2304 -1402.0000000000
2329 -1400.0000000000
2339 -1396.0000000000
2376 -1395.0000000000
2394 -1394.0000000000
2402 -1393.0000000000
2412 -1392.0000000000
2414 -1388.0000000000
2457 -1387.0000000000
2462 -1384.0000000000
2502 -1382.0000000000
2521 -1381.0000000000
2529 -1379.0000000000
2550 -1378.0000000000
2567 -1374.0000000000
2639 -1372.0000000000
2661 -1370.0000000000
2667 -1369.0000000000
2675 -1368.0000000000
2684 -1367.0000000000
2705 -1365.0000000000
2752 -1364.0000000000
2758 -1363.0000000000
2774 -1361.0000000000
2781 -1358.0000000000
2804 -1357.0000000000
2818 -1355.0000000000
2842 -1354.0000000000
2849 -1353.0000000000
2880 -1351.0000000000
2884 -1349.0000000000
2905 -1348.0000000000
2921 -1347.0000000000
2945 -1344.0000000000
2972 -1342.0000000000
3001 -1340.0000000000
3019 -1338.0000000000
3045 -1337.0000000000
3088 -1336.0000000000
3092 -1335.0000000000
3110 -1334.0000000000
3125 -1332.0000000000
3172 -1331.0000000000
3174 -1330.0000000000
3179 -1328.0000000000
3221 -1325.0000000000
3241 -1324.0000000000
3261 -1322.0000000000
3281 -1318.0000000000
3344 -1317.0000000000
3346 -1316.0000000000
3382 -1314.0000000000
3405 -1313.0000000000
3435 -1312.0000000000
3443 -1309.0000000000
3455 -1308.0000000000
3470 -1307.0000000000
3502 -1306.0000000000
3505 -1305.0000000000
3539 -1304.0000000000
3545 -1300.0000000000
3582 -1299.0000000000
3599 -1297.0000000000
3617 -1296.0000000000
3628 -1295.0000000000
3629 -1294.0000000000
3655 -1293.0000000000
3656 -1292.0000000000
3701 -1287.0000000000
3742 -1281.0000000000
3782 -1280.0000000000
3808 -1279.0000000000
3823 -1277.0000000000
3857 -1276.0000000000
3861 -1275.0000000000
3886 -1274.0000000000
3908 -1273.0000000000
3913 -1271.0000000000
3932 -1270.0000000000
3946 -1268.0000000000
3966 -1267.0000000000
3987 -1265.0000000000
3999 -1263.0000000000
4021 -1261.0000000000
4044 -1260.0000000000
4045 -1259.0000000000
4077 -1258.0000000000
4082 -1257.0000000000
4108 -1256.0000000000
4124 -1254.0000000000
4125 -1253.0000000000
4147 -1252.0000000000
4155 -1251.0000000000
4164 -1249.0000000000
4185 -1248.0000000000
4212 -1246.0000000000
4222 -1244.0000000000
4256 -1243.0000000000
4260 -1242.0000000000
4265 -1240.0000000000
4303 -1238.0000000000
4321 -1237.0000000000
4345 -1236.0000000000
4356 -1235.0000000000
4381 -1231.0000000000
4404 -1230.0000000000
4438 -1229.0000000000
4445 -1226.0000000000
4464 -1225.0000000000
4507 -1224.0000000000
4515 -1223.0000000000
4522 -1222.0000000000
4546 -1221.0000000000
4571 -1219.0000000000
4588 -1218.0000000000
4595 -1217.0000000000
4597 -1215.0000000000
4605 -1214.0000000000
4671 -1213.0000000000
4702 -1212.0000000000
4710 -1211.0000000000
4724 -1209.0000000000
4753 -1208.0000000000
4770 -1207.0000000000
4779 -1206.0000000000
4786 -1205.0000000000
4801 -1203.0000000000
4838 -1202.0000000000
4857 -1198.0000000000
4885 -1196.0000000000
4921 -1193.0000000000
4957 -1191.0000000000
5005 -1188.0000000000
5065 -1187.0000000000
5074 -1186.0000000000
5082 -1185.0000000000
5091 -1183.0000000000
5114 -1182.0000000000
5123 -1178.0000000000
5182 -1177.0000000000
5214 -1175.0000000000
5226 -1173.0000000000
5237 -1172.0000000000
5271 -1170.0000000000
5289 -1168.0000000000
5295 -1167.0000000000
5330 -1166.0000000000
5342 -1165.0000000000
5375 -1164.0000000000
5395 -1163.0000000000
5402 -1162.0000000000
5422 -1159.0000000000
5453 -1158.0000000000
5454 -1157.0000000000
5466 -1156.0000000000
5489 -1155.0000000000
5505 -1152.0000000000
5527 -1149.0000000000
5575 -1147.0000000000
5584 -1144.0000000000
5604 -1142.0000000000
5606 -1141.0000000000
5630 -1140.0000000000
5649 -1138.0000000000
5652 -1137.0000000000
5662 -1136.0000000000
5670 -1134.0000000000
5711 -1133.0000000000
5712 -1132.0000000000
5721 -1130.0000000000
5745 -1129.0000000000
5762 -1126.0000000000
5782 -1124.0000000000
5802 -1122.0000000000
5823 -1121.0000000000
5845 -1117.0000000000
5890 -1113.0000000000
5928 -1110.0000000000
5953 -1109.0000000000
5970 -1108.0000000000
5989 -1107.0000000000
6001 -1103.0000000000
6029 -1102.0000000000
6043 -1101.0000000000
6060 -1100.0000000000
6067 -1099.0000000000
6091 -1096.0000000000
6101 -1095.0000000000
6124 -1090.0000000000
6161 -1088.0000000000
6224 -1087.0000000000
6234 -1086.0000000000
6237 -1085.0000000000
6257 -1083.0000000000
6273 -1082.0000000000
6298 -1081.0000000000
6299 -1080.0000000000
6334 -1079.0000000000
6339 -1075.0000000000
6383 -1074.0000000000
6444 -1073.0000000000
6450 -1072.0000000000
6464 -1070.0000000000
6487 -1068.0000000000
6503 -1066.0000000000
6550 -1064.0000000000
6585 -1062.0000000000
6608 -1060.0000000000
6609 -1058.0000000000
6664 -1056.0000000000
6688 -1055.0000000000
6707 -1054.0000000000
6737 -1053.0000000000
6738 -1052.0000000000
6790 -1051.0000000000
6808 -1048.0000000000
6821 -1047.0000000000
6870 -1046.0000000000
6877 -1044.0000000000
6881 -1043.0000000000
6894 -1042.0000000000
6903 -1040.0000000000
6925 -1039.0000000000
6926 -1038.0000000000
6943 -1036.0000000000
6964 -1035.0000000000
6994 -1032.0000000000
7032 -1031.0000000000
7035 -1030.0000000000
7067 -1028.0000000000
7096 -1026.0000000000
7110 -1023.0000000000
7153 -1020.0000000000
7183 -1018.0000000000
7208 -1016.0000000000
7223 -1011.0000000000
7295 -1010.0000000000
7324 -1008.0000000000
7334 -1006.0000000000
7361 -1003.0000000000
7382 -1002.0000000000
7400 -1001.0000000000
7421 -999.0000000000
7435 -998.0000000000
7445 -996.0000000000
7470 -994.0000000000
7519 -992.0000000000
7528 -991.0000000000
7557 -989.0000000000
7598 -988.0000000000
7605 -985.0000000000
7623 -984.0000000000
7669 -981.0000000000
7681 -979.0000000000
7715 -978.0000000000
7726 -975.0000000000
7747 -974.0000000000
7769 -973.0000000000
7777 -971.0000000000
7828 -970.0000000000
7843 -968.0000000000
7888 -967.0000000000
7923 -966.0000000000
7932 -963.0000000000
7943 -961.0000000000
7999 -960.0000000000
8021 -959.0000000000
8023 -957.0000000000
8054 -955.0000000000
8099 -954.0000000000
8109 -952.0000000000
8154 -950.0000000000
8169 -949.0000000000
8170 -947.0000000000
8202 -946.0000000000
8229 -945.0000000000
8255 -944.0000000000
8278 -941.0000000000
8305 -939.0000000000
8330 -938.0000000000
8336 -937.0000000000
8368 -936.0000000000
8381 -934.0000000000
8431 -933.0000000000
8440 -930.0000000000
8446 -929.0000000000
8500 -928.0000000000
8538 -927.0000000000
8551 -924.0000000000
8606 -921.0000000000
8640 -920.0000000000
8642 -918.0000000000
8690 -916.0000000000
8748 -915.0000000000
8761 -914.0000000000
8771 -913.0000000000
8798 -912.0000000000
8808 -911.0000000000
8823 -910.0000000000
8875 -907.0000000000
8894 -906.0000000000
8918 -905.0000000000
8939 -904.0000000000
8964 -902.0000000000
8995 -901.0000000000
8997 -900.0000000000
9003 -897.0000000000
9036 -895.0000000000
9050 -893.0000000000
9086 -892.0000000000
9100 -889.0000000000
9119 -888.0000000000
9176 -885.0000000000
9249 -884.0000000000
9275 -883.0000000000
9283 -882.0000000000
9295 -881.0000000000
9301 -879.0000000000
9329 -878.0000000000
9369 -877.0000000000
9389 -873.0000000000
9431 -872.0000000000
9442 -871.0000000000
9460 -867.0000000000
9524 -866.0000000000
9566 -865.0000000000
9584 -864.0000000000
9601 -861.0000000000
9651 -860.0000000000
9663 -859.0000000000
9668 -856.0000000000
9740 -855.0000000000
9743 -853.0000000000
9762 -851.0000000000
9796 -850.0000000000
9854 -849.0000000000
9860 -848.0000000000
9872 -847.0000000000
9887 -846.0000000000
9901 -844.0000000000
9932 -843.0000000000
9975 -842.0000000000
9982 -841.0000000000
9992 -840.0000000000
10000 -845.0000000000
evaluations raw_y
1 -1966.0000000000
3 -1889.0000000000
9 -1877.0000000000
23 -1869.0000000000
25 -1864.0000000000
36 -1858.0000000000
46 -1834.0000000000
65 -1829.0000000000
79 -1820.0000000000
97 -1810.0000000000
112 -1809.0000000000
113 -1808.0000000000
120 -1802.0000000000
140 -1789.0000000000
149 -1782.0000000000
171 -1780.0000000000
176 -1749.0000000000
203 -1748.0000000000
222 -1727.0000000000
241 -1712.0000000000
290 -1705.0000000000
314 -1699.0000000000
323 -1697.0000000000
336 -1694.0000000000
348 -1692.0000000000
368 -1691.0000000000
375 -1689.0000000000
383 -1686.0000000000
392 -1685.0000000000
403 -1679.0000000000
425 -1675.0000000000
441 -1672.0000000000
450 -1669.0000000000
463 -1661.0000000000
484 -1656.0000000000
487 -1654.0000000000
496 -1648.0000000000
529 -1647.0000000000
560 -1645.0000000000
564 -1644.0000000000
578 -1642.0000000000
585 -1637.0000000000
589 -1630.0000000000
625 -1624.0000000000
628 -1622.0000000000
648 -1620.0000000000
662 -1619.0000000000
663 -1617.0000000000
678 -1616.0000000000
681 -1613.0000000000
696 -1612.0000000000
705 -1610.0000000000
722 -1605.0000000000
742 -1600.0000000000
750 -1599.0000000000
780 -1597.0000000000
805 -1596.0000000000
815 -1594.0000000000
825 -1593.0000000000
848 -1588.0000000000
881 -1587.0000000000
884 -1585.0000000000
912 -1584.0000000000
953 -1581.0000000000
982 -1580.0000000000
984 -1579.0000000000
1007 -1578.0000000000
1011 -1576.0000000000
1035 -1575.0000000000
1041 -1574.0000000000
1061 -1572.0000000000
1103 -1570.0000000000
1121 -1568.0000000000
1141 -1566.0000000000
1144 -1565.0000000000
1181 -1563.0000000000
1192 -1560.0000000000
1211 -1558.0000000000
1235 -1555.0000000000
1256 -1553.0000000000
1263 -1548.0000000000
1297 -1546.0000000000
1306 -1545.0000000000
1344 -1543.0000000000
1355 -1542.0000000000
1362 -1540.0000000000
1378 -1538.0000000000
1412 -1536.0000000000
1453 -1534.0000000000
1486 -1533.0000000000
1497 -1532.0000000000
1498 -1531.0000000000
1511 -1529.0000000000
1514 -1526.0000000000
1579 -1524.0000000000
1602 -1523.0000000000
1612 -1522.0000000000
1617 -1520.0000000000
1628 -1518.0000000000
1652 -1516.0000000000
1670 -1515.0000000000
1686 -1514.0000000000
1701 -1513.0000000000
1703 -1510.0000000000
1724 -1509.0000000000
1761 -1502.0000000000
1799 -1501.0000000000
1808 -1497.0000000000
1821 -1496.0000000000
1865 -1495.0000000000
1875 -1493.0000000000
1905 -1492.0000000000
1910 -1490.0000000000
1953 -1489.0000000000
1970 -1488.0000000000
1973 -1486.0000000000
1993 -1482.0000000000
2018 -1481.0000000000
2024 -1480.0000000000
2043 -1478.0000000000
2057 -1477.0000000000
2062 -1476.0000000000
2098 -1475.0000000000
2105 -1474.0000000000
2111 -1471.0000000000
2132 -1470.0000000000
2139 -1469.0000000000
2158 -1468.0000000000
2200 -1465.0000000000
2208 -1462.0000000000
2222 -1461.0000000000
2242 -1460.0000000000
2276 -1456.0000000000
2301 -1452.0000000000
2322 -1451.0000000000
2338 -1450.0000000000
2378 -1444.0000000000
2388 -1443.0000000000
2414 -1440.0000000000
2423 -1436.0000000000
2487 -1435.0000000000
2511 -1433.0000000000
2524 -1432.0000000000
2547 -1430.0000000000
2548 -1427.0000000000
2591 -1426.0000000000
2603 -1425.0000000000
2624 -1423.0000000000
2653 -1422.0000000000
2663 -1421.0000000000
2669 -1419.0000000000
2712 -1417.0000000000
2741 -1408.0000000000
2766 -1407.0000000000
2824 -1406.0000000000
2841 -1405.0000000000
2847 -1402.0000000000
2908 -1398.0000000000
2950 -1395.0000000000
2982 -1394.0000000000
2996 -1391.0000000000
3003 -1389.0000000000
3038 -1388.0000000000
3041 -1386.0000000000
3065 -1382.0000000000
3124 -1380.0000000000
3146 -1379.0000000000
3161 -1378.0000000000
3186 -1376.0000000000
3191 -1375.0000000000
3204 -1374.0000000000
3224 -1373.0000000000
3228 -1372.0000000000
3235 -1370.0000000000
3247 -1368.0000000000
3268 -1367.0000000000
3294 -1366.0000000000
3297 -1364.0000000000
3306 -1360.0000000000
3339 -1359.0000000000
3358 -1358.0000000000
3383 -1355.0000000000
3398 -1353.0000000000
3437 -1352.0000000000
3449 -1351.0000000000
3465 -1349.0000000000
3481 -1348.0000000000
3511 -1347.0000000000
3517 -1346.0000000000
3525 -1344.0000000000
3555 -1343.0000000000
3575 -1342.0000000000
3584 -1340.0000000000
3605 -1336.0000000000
3642 -1334.0000000000
3682 -1333.0000000000
3683 -1332.0000000000
3690 -1329.0000000000
3693 -1327.0000000000
3736 -1326.0000000000
3746 -1325.0000000000
3764 -1324.0000000000
3782 -1323.0000000000
3783 -1320.0000000000
3837 -1318.0000000000
3845 -1317.0000000000
3858 -1314.0000000000
3882 -1313.0000000000
3909 -1312.0000000000
3912 -1311.0000000000
3913 -1309.0000000000
3924 -1308.0000000000
3941 -1305.0000000000
3974 -1304.0000000000
3989 -1302.0000000000
4010 -1301.0000000000
4028 -1300.0000000000
4044 -1299.0000000000
4053 -1298.0000000000
4070 -1297.0000000000
4090 -1296.0000000000
4091 -1295.0000000000
4098 -1293.0000000000
4110 -1292.0000000000
4127 -1291.0000000000
4138 -1290.0000000000
4158 -1285.0000000000
4192 -1284.0000000000
4205 -1281.0000000000
4240 -1279.0000000000
4247 -1278.0000000000
4278 -1277.0000000000
4282 -1273.0000000000
4323 -1269.0000000000
4353 -1268.0000000000
4362 -1265.0000000000
4412 -1264.0000000000
4415 -1262.0000000000
4452 -1261.0000000000
4455 -1259.0000000000
4470 -1258.0000000000
4477 -1254.0000000000
4497 -1253.0000000000
4547 -1251.0000000000
4565 -1250.0000000000
4598 -1247.0000000000
4620 -1245.0000000000
4635 -1244.0000000000
4664 -1241.0000000000
4683 -1238.0000000000
4717 -1237.0000000000
4746 -1235.0000000000
4764 -1233.0000000000
4784 -1232.0000000000
4806 -1230.0000000000
4823 -1229.0000000000
4846 -1226.0000000000
4867 -1225.0000000000
4883 -1223.0000000000
4884 -1221.0000000000
4916 -1217.0000000000
4941 -1216.0000000000
4943 -1215.0000000000
4961 -1214.0000000000
4989 -1213.0000000000
4994 -1212.0000000000
5013 -1210.0000000000
5029 -1209.0000000000
5034 -1206.0000000000
5062 -1202.0000000000
5091 -1201.0000000000
5124 -1200.0000000000
5131 -1196.0000000000
5172 -1192.0000000000
5182 -1191.0000000000
5203 -1190.0000000000
5208 -1189.0000000000
5221 -1186.0000000000
5260 -1184.0000000000
5264 -1183.0000000000
5288 -1182.0000000000
5302 -1179.0000000000
5322 -1178.0000000000
5341 -1177.0000000000
5361 -1174.0000000000
5392 -1173.0000000000
5420 -1172.0000000000
5438 -1171.0000000000
5445 -1170.0000000000
5468 -1168.0000000000
5484 -1167.0000000000
5514 -1166.0000000000
5518 -1165.0000000000
5522 -1164.0000000000
5536 -1163.0000000000
5537 -1162.0000000000
5558 -1161.0000000000
5579 -1160.0000000000
5587 -1157.0000000000
5617 -1156.0000000000
5627 -1155.0000000000
5631 -1154.0000000000
5653 -1153.0000000000
5662 -1151.0000000000
5683 -1150.0000000000
5701 -1149.0000000000
5724 -1148.0000000000
5739 -1145.0000000000
5744 -1143.0000000000
5786 -1142.0000000000
5789 -1140.0000000000
5804 -1139.0000000000
5843 -1138.0000000000
5872 -1135.0000000000
5904 -1134.0000000000
5922 -1132.0000000000
5944 -1131.0000000000
5968 -1130.0000000000
5970 -1126.0000000000
6062 -1125.0000000000
6084 -1124.0000000000
6094 -1123.0000000000
6102 -1121.0000000000
6136 -1120.0000000000
6162 -1116.0000000000
6202 -1115.0000000000
6203 -1114.0000000000
6211 -1113.0000000000
6229 -1108.0000000000
6280 -1107.0000000000
6281 -1104.0000000000
6310 -1103.0000000000
6337 -1102.0000000000
6349 -1101.0000000000
6388 -1099.0000000000
6400 -1096.0000000000
6421 -1095.0000000000
6473 -1094.0000000000
6492 -1090.0000000000
6562 -1088.0000000000
6569 -1087.0000000000
6581 -1085.0000000000
6609 -1083.0000000000
6644 -1081.0000000000
6669 -1080.0000000000
6685 -1079.0000000000
6715 -1078.0000000000
6723 -1077.0000000000
6754 -1075.0000000000
6761 -1074.0000000000
6781 -1073.0000000000
6801 -1072.0000000000
6809 -1071.0000000000
6811 -1070.0000000000
6829 -1068.0000000000
6850 -1065.0000000000
6904 -1064.0000000000
6923 -1061.0000000000
6964 -1060.0000000000
6968 -1058.0000000000
6996 -1057.0000000000
7009 -1056.0000000000
7033 -1055.0000000000
7043 -1053.0000000000
7072 -1051.0000000000
7120 -1049.0000000000
7140 -1048.0000000000
7141 -1047.0000000000
7163 -1045.0000000000
7201 -1043.0000000000
7246 -1042.0000000000
7262 -1038.0000000000
7302 -1035.0000000000
7316 -1033.0000000000
7370 -1030.0000000000
7387 -1029.0000000000
7390 -1028.0000000000
7420 -1024.0000000000
7462 -1023.0000000000
7464 -1022.0000000000
7488 -1021.0000000000
7542 -1020.0000000000
7549 -1019.0000000000
7557 -1018.0000000000
7565 -1016.0000000000
7586 -1013.0000000000
7641 -1011.0000000000
7677 -1008.0000000000
7689 -1006.0000000000
7709 -1005.0000000000
7733 -1004.0000000000
7778 -1003.0000000000
7793 -1001.0000000000
7820 -1000.0000000000
7831 -999.0000000000
7871 -998.0000000000
7895 -997.0000000000
7906 -996.0000000000
7922 -993.0000000000
7945 -992.0000000000
7973 -990.0000000000
8001 -989.0000000000
8025 -988.0000000000
8042 -987.0000000000
8063 -986.0000000000
8067 -985.0000000000
8084 -983.0000000000
8092 -982.0000000000
8097 -979.0000000000
8105 -978.0000000000
8144 -976.0000000000
8183 -975.0000000000
8190 -974.0000000000
8201 -973.0000000000
8202 -970.0000000000
8234 -969.0000000000
8252 -967.0000000000
8260 -966.0000000000
8284 -962.0000000000
8297 -961.0000000000
8309 -958.0000000000
8374 -956.0000000000
8383 -955.0000000000
8408 -953.0000000000
8456 -951.0000000000
8460 -950.0000000000
8493 -949.0000000000
8526 -948.0000000000
8550 -947.0000000000
8559 -946.0000000000
8598 -944.0000000000
8615 -942.0000000000
8625 -940.0000000000
8663 -939.0000000000
8670 -937.0000000000
8698 -935.0000000000
8744 -934.0000000000
8764 -933.0000000000
8774 -932.0000000000
8784 -931.0000000000
8800 -929.0000000000
8846 -927.0000000000
8854 -924.0000000000
8885 -921.0000000000
8941 -919.0000000000
8974 -918.0000000000
8998 -917.0000000000
9003 -916.0000000000
9004 -913.0000000000
9027 -910.0000000000
9065 -908.0000000000
9121 -906.0000000000
9131 -905.0000000000
9143 -904.0000000000
9171 -903.0000000000
9182 -902.0000000000
9208 -901.0000000000
9213 -900.0000000000
9227 -899.0000000000
9265 -898.0000000000
9281 -897.0000000000
9282 -896.0000000000
9309 -894.0000000000
9341 -892.0000000000
9363 -891.0000000000
9383 -890.0000000000
9410 -889.0000000000
9420 -888.0000000000
9442 -887.0000000000
9451 -885.0000000000
9473 -884.0000000000
9486 -883.0000000000
9504 -881.0000000000
9533 -880.0000000000
9581 -876.0000000000
9598 -875.0000000000
9648 -873.0000000000
9666 -872.0000000000
9678 -871.0000000000
9681 -870.0000000000
9692 -869.0000000000
9712 -867.0000000000
9718 -866.0000000000
9731 -865.0000000000
9791 -863.0000000000
9842 -862.0000000000
9863 -861.0000000000
9868 -857.0000000000
9926 -856.0000000000
9935 -853.0000000000
9983 -852.0000000000
10000 -855.0000000000
evaluations raw_y
1 -1937.0000000000
2 -1906.0000000000
4 -1882.0000000000
6 -1843.0000000000
74 -1830.0000000000
83 -1814.0000000000
129 -1807.0000000000
136 -1805.0000000000
148 -1802.0000000000
169 -1790.0000000000
180 -1788.0000000000
200 -1778.0000000000
208 -1768.0000000000
221 -1767.0000000000
223 -1765.0000000000
231 -1762.0000000000
234 -1761.0000000000
253 -1743.0000000000
262 -1736.0000000000
283 -1731.0000000000
301 -1729.0000000000
302 -1725.0000000000
311 -1723.0000000000
316 -1720.0000000000
343 -1716.0000000000
344 -1686.0000000000
374 -1685.0000000000
385 -1670.0000000000
421 -1662.0000000000
441 -1658.0000000000
454 -1654.0000000000
463 -1648.0000000000
502 -1647.0000000000
503 -1643.0000000000
512 -1642.0000000000
524 -1641.0000000000
528 -1640.0000000000
533 -1639.0000000000
536 -1632.0000000000
539 -1630.0000000000
544 -1628.0000000000
550 -1625.0000000000
554 -1622.0000000000
568 -1615.0000000000
601 -1613.0000000000
621 -1598.0000000000
688 -1594.0000000000
710 -1592.0000000000
723 -1591.0000000000
728 -1590.0000000000
736 -1589.0000000000
750 -1588.0000000000
752 -1585.0000000000
780 -1584.0000000000
792 -1583.0000000000
803 -1582.0000000000
821 -1580.0000000000
825 -1576.0000000000
837 -1574.0000000000
845 -1573.0000000000
867 -1572.0000000000
881 -1571.0000000000
907 -1570.0000000000
910 -1569.0000000000
920 -1568.0000000000
938 -1564.0000000000
947 -1563.0000000000
966 -1562.0000000000
983 -1561.0000000000
1010 -1560.0000000000
1014 -1559.0000000000
1036 -1558.0000000000
1038 -1555.0000000000
1074 -1554.0000000000
1098 -1551.0000000000
1121 -1550.0000000000
1123 -1549.0000000000
1141 -1547.0000000000
1164 -1546.0000000000
1170 -1544.0000000000
1183 -1543.0000000000
1205 -1542.0000000000
1211 -1541.0000000000
1223 -1540.0000000000
1231 -1539.0000000000
1241 -1537.0000000000
1269 -1536.0000000000
1271 -1535.0000000000
1282 -1534.0000000000
1317 -1533.0000000000
1320 -1530.0000000000
1363 -1525.0000000000
1401 -1524.0000000000
1408 -1523.0000000000
1421 -1522.0000000000
1432 -1520.0000000000
1442 -1519.0000000000
1464 -1517.0000000000
1468 -1516.0000000000
1510 -1515.0000000000
1518 -1514.0000000000
1521 -1512.0000000000
1544 -1509.0000000000
1545 -1506.0000000000
1587 -1505.0000000000
1604 -1504.0000000000
1610 -1503.0000000000
1621 -1500.0000000000
1670 -1498.0000000000
1684 -1496.0000000000
1702 -1495.0000000000
1743 -1494.0000000000
1750 -1492.0000000000
1764 -1491.0000000000
1766 -1489.0000000000
1788 -1488.0000000000
1796 -1486.0000000000
1805 -1485.0000000000
1827 -1484.0000000000
1837 -1479.0000000000
1877 -1477.0000000000
1888 -1476.0000000000
1912 -1475.0000000000
1926 -1473.0000000000
1957 -1471.0000000000
1984 -1470.0000000000
1991 -1466.0000000000
2016 -1465.0000000000
2049 -1462.0000000000
2071 -1461.0000000000
2092 -1460.0000000000
2102 -1458.0000000000
2111 -1455.0000000000
2123 -1454.0000000000
2153 -1453.0000000000
2172 -1451.0000000000
2192 -1449.0000000000
2219 -1447.0000000000
2230 -1446.0000000000
2252 -1445.0000000000
2261 -1443.0000000000
2312 -1441.0000000000
2323 -1440.0000000000
2351 -1438.0000000000
2383 -1437.0000000000
2390 -1436.0000000000
2393 -1435.0000000000
2408 -1433.0000000000
2436 -1432.0000000000
2462 -1431.0000000000
2467 -1430.0000000000
2485 -1428.0000000000
2487 -1427.0000000000
2502 -1426.0000000000
2506 -1425.0000000000
2530 -1424.0000000000
2543 -1420.0000000000
2615 -1419.0000000000
2621 -1417.0000000000
2642 -1416.0000000000
2671 -1415.0000000000
2676 -1414.0000000000
2683 -1413.0000000000
2695 -1412.0000000000
2718 -1411.0000000000
2720 -1410.0000000000
2728 -1409.0000000000
2733 -1408.0000000000
2760 -1407.0000000000
2807 -1406.0000000000
2814 -1405.0000000000
2823 -1404.0000000000
2843 -1401.0000000000
2885 -1400.0000000000
2888 -1398.0000000000
2914 -1396.0000000000
2926 -1395.0000000000
2948 -1394.0000000000
2971 -1391.0000000000
2981 -1390.0000000000
3003 -1387.0000000000
3027 -1385.0000000000
3047 -1384.0000000000
3061 -1383.0000000000
3074 -1381.0000000000
3099 -1379.0000000000
3129 -1378.0000000000
3143 -1377.0000000000
3145 -1376.0000000000
3148 -1375.0000000000
3164 -1373.0000000000
3175 -1372.0000000000
3188 -1370.0000000000
3217 -1369.0000000000
3227 -1368.0000000000
3245 -1363.0000000000
3276 -1362.0000000000
3301 -1361.0000000000
3303 -1360.0000000000
3315 -1359.0000000000
3338 -1358.0000000000
3344 -1355.0000000000
3391 -1354.0000000000
3400 -1351.0000000000
3414 -1350.0000000000
3421 -1348.0000000000
3448 -1347.0000000000
3467 -1344.0000000000
3485 -1343.0000000000
3495 -1341.0000000000
3526 -1340.0000000000
3574 -1339.0000000000
3585 -1338.0000000000
3592 -1337.0000000000
3596 -1336.0000000000
3601 -1332.0000000000
3647 -1329.0000000000
3693 -1328.0000000000
3708 -1327.0000000000
3735 -1326.0000000000
3742 -1324.0000000000
3760 -1323.0000000000
3768 -1322.0000000000
3782 -1318.0000000000
3817 -1317.0000000000
3827 -1314.0000000000
3878 -1313.0000000000
3883 -1312.0000000000
3897 -1311.0000000000
3937 -1310.0000000000
3944 -1309.0000000000
3945 -1307.0000000000
3988 -1306.0000000000
4003 -1305.0000000000
4023 -1303.0000000000
4046 -1302.0000000000
4076 -1301.0000000000
4096 -1300.0000000000
4099 -1299.0000000000
4102 -1298.0000000000
4114 -1295.0000000000
4129 -1294.0000000000
4147 -1290.0000000000
4181 -1289.0000000000
4187 -1286.0000000000
4220 -1284.0000000000
4221 -1283.0000000000
4222 -1281.0000000000
4261 -1280.0000000000
4306 -1279.0000000000
4309 -1278.0000000000
4329 -1277.0000000000
4353 -1273.0000000000
4361 -1271.0000000000
4427 -1268.0000000000
4447 -1267.0000000000
4483 -1266.0000000000
4505 -1265.0000000000
4519 -1264.0000000000
4531 -1263.0000000000
4548 -1262.0000000000
4582 -1261.0000000000
4601 -1258.0000000000
4612 -1255.0000000000
4641 -1253.0000000000
4664 -1252.0000000000
4716 -1251.0000000000
4730 -1249.0000000000
4732 -1248.0000000000
4742 -1246.0000000000
4762 -1243.0000000000
4786 -1242.0000000000
4802 -1240.0000000000
4848 -1239.0000000000
4865 -1236.0000000000
4882 -1235.0000000000
4902 -1234.0000000000
4926 -1233.0000000000
4934 -1230.0000000000
4945 -1229.0000000000
4961 -1227.0000000000
4988 -1226.0000000000
5019 -1225.0000000000
5027 -1224.0000000000
5034 -1223.0000000000
5046 -1222.0000000000
5064 -1221.0000000000
5073 -1220.0000000000
5094 -1219.0000000000
5106 -1218.0000000000
5121 -1217.0000000000
5129 -1215.0000000000
5181 -1212.0000000000
5218 -1210.0000000000
5224 -1208.0000000000
5253 -1207.0000000000
5255 -1206.0000000000
5277 -1205.0000000000
5287 -1204.0000000000
5305 -1203.0000000000
5309 -1199.0000000000
5346 -1198.0000000000
5369 -1195.0000000000
5386 -1194.0000000000
5427 -1193.0000000000
5429 -1192.0000000000
5441 -1191.0000000000
5464 -1190.0000000000
5472 -1187.0000000000
5508 -1185.0000000000
5530 -1184.0000000000
5542 -1181.0000000000
5567 -1180.0000000000
5585 -1178.0000000000
5605 -1176.0000000000
5612 -1175.0000000000
5642 -1173.0000000000
5663 -1172.0000000000
5664 -1171.0000000000
5688 -1170.0000000000
5709 -1169.0000000000
5731 -1167.0000000000
5743 -1163.0000000000
5781 -1162.0000000000
5787 -1160.0000000000
5825 -1158.0000000000
5838 -1155.0000000000
5863 -1154.0000000000
5889 -1153.0000000000
5907 -1152.0000000000
5930 -1150.0000000000
5964 -1149.0000000000
5991 -1147.0000000000
5992 -1146.0000000000
6008 -1145.0000000000
6030 -1144.0000000000
6050 -1143.0000000000
6055 -1141.0000000000
6079 -1140.0000000000
6107 -1137.0000000000
6118 -1136.0000000000
6166 -1133.0000000000
6199 -1129.0000000000
6246 -1128.0000000000
6268 -1126.0000000000
6280 -1123.0000000000
6288 -1122.0000000000
6335 -1121.0000000000
6347 -1119.0000000000
6383 -1118.0000000000
6392 -1115.0000000000
6433 -1114.0000000000
6450 -1113.0000000000
6475 -1111.0000000000
6488 -1107.0000000000
6544 -1106.0000000000
6561 -1102.0000000000
6572 -1101.0000000000
6615 -1098.0000000000
6639 -1096.0000000000
6682 -1095.0000000000
6690 -1094.0000000000
6692 -1092.0000000000
6750 -1089.0000000000
6809 -1087.0000000000
6828 -1086.0000000000
6832 -1085.0000000000
6869 -1080.0000000000
6917 -1079.0000000000
6922 -1078.0000000000
6940 -1076.0000000000
6951 -1074.0000000000
6986 -1072.0000000000
7015 -1070.0000000000
7026 -1069.0000000000
7083 -1066.0000000000
7133 -1065.0000000000
7142 -1064.0000000000
7158 -1062.0000000000
7181 -1060.0000000000
7205 -1057.0000000000
7241 -1055.0000000000
7276 -1052.0000000000
7311 -1051.0000000000
7332 -1048.0000000000
7366 -1046.0000000000
7370 -1043.0000000000
7388 -1040.0000000000
7463 -1036.0000000000
7501 -1035.0000000000
7554 -1034.0000000000
7559 -1033.0000000000
7562 -1032.0000000000
7590 -1031.0000000000
7596 -1030.0000000000
7613 -1029.0000000000
7656 -1028.0000000000
7661 -1027.0000000000
7663 -1026.0000000000
7697 -1025.0000000000
7717 -1024.0000000000
7776 -1023.0000000000
7778 -1022.0000000000
7793 -1021.0000000000
7844 -1020.0000000000
7869 -1019.0000000000
7873 -1018.0000000000
7891 -1016.0000000000
7930 -1015.0000000000
7945 -1014.0000000000
7956 -1013.0000000000
7981 -1012.0000000000
7994 -1011.0000000000
8002 -1010.0000000000
8028 -1009.0000000000
8038 -1008.0000000000
8051 -1007.0000000000
8074 -1006.0000000000
8081 -1005.0000000000
8106 -1004.0000000000
8120 -1001.0000000000
8141 -1000.0000000000
8178 -999.0000000000
8188 -998.0000000000
8192 -996.0000000000
8229 -995.0000000000
8241 -994.0000000000
8249 -991.0000000000
8286 -989.0000000000
8300 -988.0000000000
8302 -986.0000000000
8353 -985.0000000000
8356 -984.0000000000
8377 -983.0000000000
8384 -982.0000000000
8402 -981.0000000000
8425 -980.0000000000
8437 -978.0000000000
8447 -977.0000000000
8492 -975.0000000000
8496 -974.0000000000
8504 -973.0000000000
8544 -972.0000000000
8547 -971.0000000000
8561 -969.0000000000
8594 -968.0000000000
8602 -967.0000000000
8620 -966.0000000000
8625 -964.0000000000
8652 -963.0000000000
8685 -962.0000000000
8701 -961.0000000000
8709 -960.0000000000
8711 -959.0000000000
8736 -956.0000000000
8763 -955.0000000000
8769 -954.0000000000
8782 -951.0000000000
8824 -950.0000000000
8850 -949.0000000000
8864 -947.0000000000
8884 -946.0000000000
8927 -945.0000000000
8942 -944.0000000000
8952 -943.0000000000
8975 -942.0000000000
8996 -941.0000000000
9026 -939.0000000000
9065 -938.0000000000
9075 -937.0000000000
9101 -935.0000000000
9125 -931.0000000000
9162 -930.0000000000
9205 -929.0000000000
9221 -928.0000000000
9257 -927.0000000000
9260 -926.0000000000
9272 -923.0000000000
9305 -922.0000000000
9324 -920.0000000000
9348 -917.0000000000
9362 -916.0000000000
9386 -915.0000000000
9400 -914.0000000000
9426 -913.0000000000
9450 -910.0000000000
9483 -909.0000000000
9520 -908.0000000000
9559 -907.0000000000
9560 -906.0000000000
9563 -904.0000000000
9570 -903.0000000000
9592 -901.0000000000
9603 -900.0000000000
9625 -898.0000000000
9644 -897.0000000000
9681 -895.0000000000
9703 -894.0000000000
9730 -893.0000000000
9749 -892.0000000000
9761 -890.0000000000
9794 -888.0000000000
9797 -887.0000000000
9814 -884.0000000000
9847 -882.0000000000
9873 -881.0000000000
9923 -880.0000000000
9946 -878.0000000000
9973 -876.0000000000
10000 -880.0000000000
evaluations raw_y
1 -1891.0000000000
10 -1886.0000000000
17 -1885.0000000000
29 -1880.0000000000
41 -1873.0000000000
44 -1865.0000000000
51 -1846.0000000000
78 -1834.0000000000
90 -1832.0000000000
96 -1830.0000000000
98 -1829.0000000000
102 -1817.0000000000
120 -1812.0000000000
129 -1811.0000000000
133 -1798.0000000000
137 -1794.0000000000
141 -1786.0000000000
144 -1784.0000000000
154 -1778.0000000000
163 -1773.0000000000
190 -1770.0000000000
197 -1758.0000000000
202 -1755.0000000000
223 -1749.0000000000
234 -1746.0000000000
237 -1735.0000000000
243 -1734.0000000000
266 -1724.0000000000
282 -1723.0000000000
293 -1722.0000000000
300 -1708.0000000000
330 -1703.0000000000
342 -1695.0000000000
362 -1690.0000000000
373 -1682.0000000000
397 -1677.0000000000
401 -1675.0000000000
423 -1668.0000000000
437 -1664.0000000000
453 -1663.0000000000
477 -1660.0000000000
486 -1659.0000000000
487 -1653.0000000000
494 -1647.0000000000
523 -1646.0000000000
525 -1645.0000000000
530 -1643.0000000000
544 -1639.0000000000
554 -1633.0000000000
579 -1628.0000000000
587 -1624.0000000000
613 -1623.0000000000
632 -1620.0000000000
661 -1619.0000000000
676 -1618.0000000000
683 -1617.0000000000
703 -1614.0000000000
706 -1611.0000000000
734 -1608.0000000000
743 -1603.0000000000
800 -1601.0000000000
803 -1599.0000000000
841 -1595.0000000000
868 -1593.0000000000
905 -1592.0000000000
912 -1591.0000000000
921 -1590.0000000000
941 -1588.0000000000
959 -1587.0000000000
980 -1586.0000000000
986 -1582.0000000000
987 -1579.0000000000
1056 -1576.0000000000
1068 -1575.0000000000
1086 -1574.0000000000
1092 -1573.0000000000
1102 -1572.0000000000
1109 -1571.0000000000
1129 -1568.0000000000
1137 -1567.0000000000
1146 -1566.0000000000
1182 -1564.0000000000
1199 -1563.0000000000
1203 -1562.0000000000
1231 -1560.0000000000
1239 -1559.0000000000
1247 -1558.0000000000
1258 -1557.0000000000
1262 -1554.0000000000
1282 -1553.0000000000
1309 -1550.0000000000
1322 -1548.0000000000
1325 -1547.0000000000
1332 -1545.0000000000
1350 -1544.0000000000
1365 -1543.0000000000
1384 -1541.0000000000
1409 -1540.0000000000
1429 -1534.0000000000
1485 -1531.0000000000
1501 -1530.0000000000
1528 -1527.0000000000
1547 -1524.0000000000
1565 -1522.0000000000
1600 -1521.0000000000
1605 -1520.0000000000
1609 -1518.0000000000
1631 -1517.0000000000
1642 -1515.0000000000
1665 -1512.0000000000
1733 -1511.0000000000
1745 -1509.0000000000
1766 -1507.0000000000
1796 -1506.0000000000
1809 -1504.0000000000
1859 -1503.0000000000
1868 -1502.0000000000
1875 -1501.0000000000
1882 -1500.0000000000
1885 -1498.0000000000
1916 -1497.0000000000
1920 -1495.0000000000
1950 -1494.0000000000
1951 -1491.0000000000
1992 -1489.0000000000
2008 -1487.0000000000
2011 -1485.0000000000
2027 -1484.0000000000
2043 -1483.0000000000
2055 -1482.0000000000
2066 -1479.0000000000
2094 -1478.0000000000
2115 -1475.0000000000
2141 -1474.0000000000
2143 -1473.0000000000
2149 -1472.0000000000
2162 -1468.0000000000
2198 -1467.0000000000
2236 -1466.0000000000
2241 -1465.0000000000
2268 -1461.0000000000
2294 -1460.0000000000
2309 -1459.0000000000
2329 -1456.0000000000
2361 -1455.0000000000
2383 -1454.0000000000
2388 -1452.0000000000
2407 -1451.0000000000
2423 -1450.0000000000
2442 -1448.0000000000
2446 -1445.0000000000
2471 -1444.0000000000
2497 -1441.0000000000
2517 -1440.0000000000
2548 -1437.0000000000
2555 -1434.0000000000
2567 -1432.0000000000
2585 -1431.0000000000
2622 -1430.0000000000
2636 -1427.0000000000
2668 -1426.0000000000
2698 -1422.0000000000
2733 -1421.0000000000
2755 -1420.0000000000
2769 -1419.0000000000
2772 -1418.0000000000
2807 -1417.0000000000
2842 -1415.0000000000
2843 -1414.0000000000
2862 -1413.0000000000
2881 -1412.0000000000
2886 -1410.0000000000
2920 -1409.0000000000
2923 -1408.0000000000
2941 -1405.0000000000
2962 -1403.0000000000
2967 -1402.0000000000
2982 -1401.0000000000
3004 -1399.0000000000
3005 -1396.0000000000
3032 -1394.0000000000
3051 -1393.0000000000
3056 -1390.0000000000
3091 -1388.0000000000
3111 -1386.0000000000
3144 -1380.0000000000
3174 -1379.0000000000
3186 -1376.0000000000
3211 -1373.0000000000
3222 -1372.0000000000
3287 -1371.0000000000
3289 -1370.0000000000
3290 -1369.0000000000
3305 -1368.0000000000
3319 -1367.0000000000
3321 -1366.0000000000
3345 -1364.0000000000
3358 -1362.0000000000
3385 -1360.0000000000
3410 -1358.0000000000
3411 -1357.0000000000
3433 -1356.0000000000
3464 -1355.0000000000
3480 -1354.0000000000
3484 -1352.0000000000
3489 -1351.0000000000
3529 -1348.0000000000
3544 -1346.0000000000
3584 -1344.0000000000
3621 -1343.0000000000
3628 -1342.0000000000
3636 -1341.0000000000
3643 -1338.0000000000
3665 -1337.0000000000
3682 -1336.0000000000
3721 -1335.0000000000
3748 -1332.0000000000
3766 -1331.0000000000
3778 -1330.0000000000
3781 -1325.0000000000
3844 -1324.0000000000
3862 -1322.0000000000
3888 -1320.0000000000
3910 -1319.0000000000
3921 -1317.0000000000
3922 -1315.0000000000
3952 -1314.0000000000
3986 -1313.0000000000
4000 -1312.0000000000
4040 -1310.0000000000
4061 -1309.0000000000
4069 -1307.0000000000
4085 -1306.0000000000
4109 -1305.0000000000
4128 -1303.0000000000
4143 -1302.0000000000
4172 -1300.0000000000
4176 -1298.0000000000
4177 -1297.0000000000
4204 -1294.0000000000
4242 -1292.0000000000
4262 -1291.0000000000
4283 -1289.0000000000
4302 -1285.0000000000
4364 -1284.0000000000
4373 -1283.0000000000
4379 -1281.0000000000
4387 -1280.0000000000
4389 -1279.0000000000
4421 -1278.0000000000
4451 -1277.0000000000
4482 -1276.0000000000
4492 -1275.0000000000
4521 -1273.0000000000
4550 -1272.0000000000
4551 -1271.0000000000
4552 -1270.0000000000
4566 -1267.0000000000
4596 -1266.0000000000
4610 -1264.0000000000
4622 -1263.0000000000
4634 -1262.0000000000
4642 -1260.0000000000
4683 -1257.0000000000
4718 -1256.0000000000
4745 -1255.0000000000
4757 -1254.0000000000
4758 -1252.0000000000
4779 -1251.0000000000
4784 -1250.0000000000
4797 -1249.0000000000
4803 -1247.0000000000
4825 -1246.0000000000
4848 -1245.0000000000
4854 -1239.0000000000
4898 -1236.0000000000
4949 -1234.0000000000
4962 -1233.0000000000
4968 -1232.0000000000
4982 -1227.0000000000
5004 -1226.0000000000
5042 -1224.0000000000
5047 -1223.0000000000
5091 -1222.0000000000
5098 -1221.0000000000
5134 -1219.0000000000
5144 -1218.0000000000
5162 -1216.0000000000
5189 -1215.0000000000
5202 -1213.0000000000
5204 -1212.0000000000
5221 -1210.0000000000
5254 -1207.0000000000
5290 -1206.0000000000
5301 -1205.0000000000
5303 -1204.0000000000
5323 -1203.0000000000
5326 -1202.0000000000
5343 -1200.0000000000
5367 -1197.0000000000
5397 -1194.0000000000
5429 -1192.0000000000
5441 -1191.0000000000
5471 -1187.0000000000
5508 -1186.0000000000
5535 -1185.0000000000
5564 -1184.0000000000
5588 -1183.0000000000
5603 -1179.0000000000
5645 -1178.0000000000
5646 -1177.0000000000
5665 -1175.0000000000
5715 -1174.0000000000
5731 -1172.0000000000
5768 -1170.0000000000
5769 -1169.0000000000
5790 -1168.0000000000
5797 -1167.0000000000
5806 -1164.0000000000
5841 -1163.0000000000
5854 -1161.0000000000
5861 -1160.0000000000
5862 -1159.0000000000
5898 -1156.0000000000
5908 -1154.0000000000
5948 -1153.0000000000
5950 -1152.0000000000
5958 -1150.0000000000
5975 -1149.0000000000
6014 -1146.0000000000
6038 -1143.0000000000
6045 -1141.0000000000
6074 -1140.0000000000
6088 -1138.0000000000
6123 -1135.0000000000
6141 -1134.0000000000
6179 -1132.0000000000
6187 -1131.0000000000
6201 -1130.0000000000
6205 -1129.0000000000
6237 -1128.0000000000
6242 -1127.0000000000
6247 -1126.0000000000
6283 -1122.0000000000
6314 -1121.0000000000
6334 -1120.0000000000
6343 -1119.0000000000
6359 -1118.0000000000
6397 -1117.0000000000
6411 -1116.0000000000
6413 -1114.0000000000
6427 -1113.0000000000
6450 -1112.0000000000
6469 -1111.0000000000
6483 -1110.0000000000
6495 -1109.0000000000
6496 -1108.0000000000
6498 -1107.0000000000
6502 -1106.0000000000
6533 -1105.0000000000
6542 -1104.0000000000
6553 -1101.0000000000
6596 -1100.0000000000
6611 -1099.0000000000
6616 -1098.0000000000
6622 -1096.0000000000
6653 -1094.0000000000
6702 -1089.0000000000
6726 -1087.0000000000
6772 -1086.0000000000
6783 -1085.0000000000
6788 -1082.0000000000
6843 -1081.0000000000
6844 -1080.0000000000
6869 -1078.0000000000
6896 -1077.0000000000
6914 -1075.0000000000
6937 -1074.0000000000
6938 -1073.0000000000
6956 -1071.0000000000
7000 -1069.0000000000
7016 -1068.0000000000
7025 -1067.0000000000
7038 -1066.0000000000
7039 -1065.0000000000
7068 -1064.0000000000
7075 -1063.0000000000
7097 -1062.0000000000
7120 -1061.0000000000
7124 -1060.0000000000
7144 -1059.0000000000
7152 -1058.0000000000
7170 -1057.0000000000
7222 -1056.0000000000
7229 -1054.0000000000
7241 -1051.0000000000
7250 -1049.0000000000
7262 -1047.0000000000
7307 -1046.0000000000
7340 -1045.0000000000
7351 -1044.0000000000
7382 -1043.0000000000
7396 -1042.0000000000
7411 -1040.0000000000
7424 -1037.0000000000
7462 -1036.0000000000
7469 -1035.0000000000
7501 -1033.0000000000
7534 -1032.0000000000
7547 -1031.0000000000
7564 -1029.0000000000
7567 -1028.0000000000
7605 -1026.0000000000
7622 -1025.0000000000
7641 -1022.0000000000
7687 -1019.0000000000
7702 -1018.0000000000
7744 -1017.0000000000
7753 -1015.0000000000
7766 -1014.0000000000
7768 -1013.0000000000
7788 -1012.0000000000
7801 -1009.0000000000
7829 -1004.0000000000
7863 -1003.0000000000
7878 -999.0000000000
7925 -994.0000000000
7984 -993.0000000000
8032 -991.0000000000
8040 -990.0000000000
8048 -988.0000000000
8065 -987.0000000000
8094 -985.0000000000
8099 -983.0000000000
8123 -981.0000000000
8125 -980.0000000000
8168 -979.0000000000
8182 -978.0000000000
8201 -977.0000000000
8216 -976.0000000000
8221 -975.0000000000
8243 -974.0000000000
8255 -973.0000000000
8263 -972.0000000000
8298 -971.0000000000
8302 -969.0000000000
8342 -968.0000000000
8345 -967.0000000000
8364 -965.0000000000
8388 -962.0000000000
8405 -961.0000000000
8436 -960.0000000000
8452 -958.0000000000
8461 -956.0000000000
8509 -954.0000000000
8527 -953.0000000000
8561 -951.0000000000
8591 -949.0000000000
8598 -947.0000000000
8616 -946.0000000000
8628 -945.0000000000
8651 -944.0000000000
8668 -943.0000000000
8670 -942.0000000000
8675 -941.0000000000
8704 -940.0000000000
8715 -938.0000000000
8724 -937.0000000000
8728 -936.0000000000
8742 -933.0000000000
8764 -931.0000000000
8788 -929.0000000000
8828 -926.0000000000
8845 -925.0000000000
8864 -924.0000000000
8881 -923.0000000000
8904 -921.0000000000
8957 -919.0000000000
8985 -918.0000000000
9010 -917.0000000000
9054 -916.0000000000
9062 -914.0000000000
9085 -913.0000000000
9125 -911.0000000000
9158 -908.0000000000
9202 -907.0000000000
9218 -906.0000000000
9222 -905.0000000000
9245 -904.0000000000
9284 -902.0000000000
9285 -900.0000000000
9331 -899.0000000000
9342 -897.0000000000
9375 -894.0000000000
9454 -892.0000000000
9500 -891.0000000000
9512 -890.0000000000
9519 -889.0000000000
9523 -888.0000000000
9558 -887.0000000000
9563 -886.0000000000
9582 -885.0000000000
9604 -883.0000000000
9625 -881.0000000000
9630 -880.0000000000
9657 -879.0000000000
9679 -877.0000000000
9689 -876.0000000000
9718 -875.0000000000
9732 -874.0000000000
9767 -873.0000000000
9805 -872.0000000000
9843 -870.0000000000
9852 -869.0000000000
9895 -868.0000000000
9902 -865.0000000000
9962 -864.0000000000
10000 -866.0000000000
evaluations raw_y
1 -1898.0000000000
10 -1890.0000000000
11 -1875.0000000000
21 -1873.0000000000
27 -1872.0000000000
37 -1855.0000000000
47 -1847.0000000000
64 -1844.0000000000
79 -1829.0000000000
84 -1808.0000000000
109 -1807.0000000000
128 -1802.0000000000
137 -1791.0000000000
147 -1762.0000000000
186 -1761.0000000000
194 -1754.0000000000
205 -1751.0000000000
211 -1750.0000000000
230 -1747.0000000000
236 -1717.0000000000
285 -1706.0000000000
304 -1699.0000000000
308 -1698.0000000000
326 -1687.0000000000
353 -1686.0000000000
361 -1680.0000000000
384 -1677.0000000000
409 -1670.0000000000
421 -1665.0000000000
450 -1659.0000000000
459 -1658.0000000000
469 -1657.0000000000
473 -1656.0000000000
483 -1655.0000000000
484 -1648.0000000000
490 -1646.0000000000
518 -1639.0000000000
528 -1638.0000000000
530 -1637.0000000000
564 -1636.0000000000
574 -1633.0000000000
584 -1632.0000000000
589 -1630.0000000000
590 -1629.0000000000
615 -1628.0000000000
621 -1625.0000000000
644 -1623.0000000000
655 -1619.0000000000
672 -1617.0000000000
681 -1615.0000000000
691 -1613.0000000000
708 -1612.0000000000
710 -1608.0000000000
756 -1606.0000000000
764 -1604.0000000000
782 -1600.0000000000
808 -1599.0000000000
824 -1597.0000000000
857 -1596.0000000000
861 -1592.0000000000
869 -1587.0000000000
910 -1585.0000000000
963 -1584.0000000000
970 -1583.0000000000
982 -1582.0000000000
1018 -1580.0000000000
1028 -1579.0000000000
1038 -1576.0000000000
1067 -1574.0000000000
1085 -1568.0000000000
1105 -1565.0000000000
1158 -1563.0000000000
1186 -1562.0000000000
1191 -1561.0000000000
1203 -1560.0000000000
1239 -1559.0000000000
1242 -1557.0000000000
1264 -1556.0000000000
1273 -1554.0000000000
1298 -1551.0000000000
1308 -1550.0000000000
1322 -1548.0000000000
1327 -1546.0000000000
1359 -1544.0000000000
1367 -1543.0000000000
1391 -1542.0000000000
1409 -1540.0000000000
1420 -1539.0000000000
1456 -1538.0000000000
1459 -1537.0000000000
1478 -1536.0000000000
1482 -1535.0000000000
1494 -1533.0000000000
1504 -1532.0000000000
1535 -1531.0000000000
1559 -1530.0000000000
1584 -1529.0000000000
1585 -1528.0000000000
1589 -1527.0000000000
1622 -1526.0000000000
1628 -1525.0000000000
1642 -1523.0000000000
1683 -1521.0000000000
1703 -1518.0000000000
1711 -1517.0000000000
1724 -1514.0000000000
1772 -1512.0000000000
1783 -1508.0000000000
1853 -1507.0000000000
1864 -1505.0000000000
1871 -1504.0000000000
1904 -1503.0000000000
1942 -1502.0000000000
1951 -1501.0000000000
1956 -1500.0000000000
1983 -1498.0000000000
1992 -1497.0000000000
2002 -1496.0000000000
2021 -1495.0000000000
2026 -1494.0000000000
2042 -1490.0000000000
2076 -1489.0000000000
2080 -1488.0000000000
2099 -1485.0000000000
2135 -1483.0000000000
2139 -1481.0000000000
2172 -1479.0000000000
2201 -1478.0000000000
2202 -1476.0000000000
2212 -1475.0000000000
2234 -1474.0000000000
2257 -1473.0000000000
2270 -1470.0000000000
2280 -1469.0000000000
2305 -1468.0000000000
2321 -1465.0000000000
2343 -1464.0000000000
2380 -1463.0000000000
2381 -1462.0000000000
2386 -1461.0000000000
2404 -1460.0000000000
2411 -1459.0000000000
2413 -1457.0000000000
2424 -1455.0000000000
2445 -1454.0000000000
2460 -1453.0000000000
2474 -1450.0000000000
2486 -1449.0000000000
2503 -1448.0000000000
2512 -1447.0000000000
2525 -1444.0000000000
2563 -1443.0000000000
2564 -1441.0000000000
2590 -1439.0000000000
2606 -1436.0000000000
2632 -1434.0000000000
2667 -1433.0000000000
2674 -1432.0000000000
2682 -1429.0000000000
2710 -1426.0000000000
2744 -1424.0000000000
2778 -1422.0000000000
2791 -1419.0000000000
2811 -1418.0000000000
2825 -1417.0000000000
2827 -1416.0000000000
2846 -1413.0000000000
2863 -1412.0000000000
2885 -1408.0000000000
2912 -1407.0000000000
2934 -1406.0000000000
2943 -1404.0000000000
2971 -1401.0000000000
2975 -1397.0000000000
3005 -1396.0000000000
3023 -1394.0000000000
3031 -1392.0000000000
3051 -1391.0000000000
3068 -1390.0000000000
3073 -1387.0000000000
3114 -1386.0000000000
3122 -1385.0000000000
3123 -1384.0000000000
3141 -1382.0000000000
3178 -1380.0000000000
3208 -1377.0000000000
3229 -1376.0000000000
3243 -1375.0000000000
3254 -1374.0000000000
3287 -1373.0000000000
3304 -1372.0000000000
3325 -1370.0000000000
3351 -1369.0000000000
3361 -1367.0000000000
3370 -1366.0000000000
3404 -1363.0000000000
3430 -1361.0000000000
3464 -1360.0000000000
3509 -1359.0000000000
3515 -1358.0000000000
3525 -1356.0000000000
3550 -1354.0000000000
3561 -1352.0000000000
3603 -1350.0000000000
3650 -1349.0000000000
3656 -1346.0000000000
3689 -1345.0000000000
3721 -1344.0000000000
3737 -1343.0000000000
3758 -1341.0000000000
3775 -1340.0000000000
3802 -1336.0000000000
3846 -1335.0000000000
3852 -1333.0000000000
3904 -1332.0000000000
3920 -1331.0000000000
3941 -1330.0000000000
3960 -1329.0000000000
3962 -1328.0000000000
3984 -1326.0000000000
4011 -1324.0000000000
4052 -1323.0000000000
4059 -1321.0000000000
4087 -1319.0000000000
4118 -1317.0000000000
4124 -1316.0000000000
4128 -1315.0000000000
4133 -1313.0000000000
4164 -1312.0000000000
4188 -1311.0000000000
4205 -1310.0000000000
4223 -1309.0000000000
4246 -1308.0000000000
4269 -1307.0000000000
4274 -1305.0000000000
4299 -1304.0000000000
4346 -1302.0000000000
4353 -1300.0000000000
4406 -1298.0000000000
4414 -1296.0000000000
4441 -1295.0000000000
4447 -1294.0000000000
4455 -1293.0000000000
4468 -1292.0000000000
4488 -1291.0000000000
4504 -1290.0000000000
4532 -1288.0000000000
4541 -1285.0000000000
4561 -1283.0000000000
4583 -1281.0000000000
4601 -1280.0000000000
4619 -1277.0000000000
4642 -1276.0000000000
4658 -1274.0000000000
4667 -1273.0000000000
4684 -1270.0000000000
4708 -1268.0000000000
4742 -1267.0000000000
4748 -1266.0000000000
4774 -1263.0000000000
4813 -1262.0000000000
4820 -1261.0000000000
4851 -1260.0000000000
4856 -1258.0000000000
4905 -1257.0000000000
4935 -1254.0000000000
4961 -1252.0000000000
4963 -1251.0000000000
4976 -1250.0000000000
4986 -1248.0000000000
5009 -1247.0000000000
5035 -1246.0000000000
5045 -1244.0000000000
5063 -1240.0000000000
5085 -1239.0000000000
5127 -1237.0000000000
5170 -1236.0000000000
5189 -1235.0000000000
5210 -1233.0000000000
5216 -1232.0000000000
5255 -1231.0000000000
5263 -1230.0000000000
5287 -1229.0000000000
5303 -1228.0000000000
5331 -1224.0000000000
5361 -1223.0000000000
5385 -1222.0000000000
5417 -1221.0000000000
5432 -1220.0000000000
5442 -1219.0000000000
5455 -1217.0000000000
5471 -1215.0000000000
5483 -1214.0000000000
5503 -1212.0000000000
5543 -1210.0000000000
5550 -1209.0000000000
5551 -1206.0000000000
5595 -1205.0000000000
5629 -1203.0000000000
5661 -1202.0000000000
5683 -1199.0000000000
5723 -1198.0000000000
5727 -1197.0000000000
5749 -1195.0000000000
5754 -1193.0000000000
5769 -1192.0000000000
5795 -1191.0000000000
5797 -1187.0000000000
5842 -1186.0000000000
5856 -1185.0000000000
5857 -1183.0000000000
5894 -1181.0000000000
5938 -1178.0000000000
6001 -1176.0000000000
6019 -1175.0000000000
6021 -1174.0000000000
6027 -1173.0000000000
6044 -1172.0000000000
6070 -1170.0000000000
6087 -1169.0000000000
6095 -1168.0000000000
6107 -1167.0000000000
6124 -1166.0000000000
6147 -1165.0000000000
6155 -1163.0000000000
6180 -1158.0000000000
6223 -1153.0000000000
6281 -1152.0000000000
6306 -1151.0000000000
6324 -1150.0000000000
6343 -1149.0000000000
6373 -1148.0000000000
6376 -1147.0000000000
6389 -1144.0000000000
6422 -1143.0000000000
6450 -1141.0000000000
6453 -1140.0000000000
6467 -1138.0000000000
6510 -1137.0000000000
6521 -1136.0000000000
6536 -1135.0000000000
6554 -1134.0000000000
6556 -1132.0000000000
6557 -1131.0000000000
6577 -1130.0000000000
6582 -1129.0000000000
6601 -1128.0000000000
6605 -1126.0000000000
6643 -1125.0000000000
6658 -1124.0000000000
6661 -1123.0000000000
6668 -1120.0000000000
6727 -1118.0000000000
6777 -1117.0000000000
6783 -1116.0000000000
6788 -1115.0000000000
6792 -1114.0000000000
6830 -1112.0000000000
6881 -1111.0000000000
6891 -1105.0000000000
6921 -1104.0000000000
6935 -1103.0000000000
6974 -1101.0000000000
6980 -1100.0000000000
6996 -1099.0000000000
7016 -1098.0000000000
7018 -1097.0000000000
7030 -1096.0000000000
7045 -1094.0000000000
7084 -1093.0000000000
7089 -1089.0000000000
7136 -1087.0000000000
7146 -1086.0000000000
7187 -1085.0000000000
7189 -1084.0000000000
7214 -1083.0000000000
7239 -1082.0000000000
7244 -1080.0000000000
7263 -1079.0000000000
7282 -1078.0000000000
7300 -1076.0000000000
7321 -1074.0000000000
7324 -1073.0000000000
7358 -1069.0000000000
7387 -1067.0000000000
7414 -1066.0000000000
7425 -1064.0000000000
7474 -1062.0000000000
7488 -1060.0000000000
7507 -1058.0000000000
7525 -1057.0000000000
7543 -1056.0000000000
7559 -1054.0000000000
7562 -1053.0000000000
7588 -1052.0000000000
7608 -1051.0000000000
7614 -1048.0000000000
7646 -1045.0000000000
7694 -1042.0000000000
7731 -1041.0000000000
7756 -1038.0000000000
7809 -1036.0000000000
7819 -1031.0000000000
7879 -1028.0000000000
7892 -1027.0000000000
7927 -1026.0000000000
7934 -1023.0000000000
7968 -1022.0000000000
7991 -1019.0000000000
8001 -1017.0000000000
8021 -1016.0000000000
8054 -1014.0000000000
8065 -1012.0000000000
8116 -1011.0000000000
8120 -1009.0000000000
8144 -1008.0000000000
8158 -1005.0000000000
8184 -1004.0000000000
8212 -1003.0000000000
8220 -1002.0000000000
8241 -1001.0000000000
8274 -1000.0000000000
8276 -999.0000000000
8322 -997.0000000000
8341 -996.0000000000
8343 -995.0000000000
8362 -994.0000000000
8400 -993.0000000000
8414 -992.0000000000
8435 -989.0000000000
8470 -988.0000000000
8476 -986.0000000000
8500 -985.0000000000
8531 -984.0000000000
8544 -982.0000000000
8558 -981.0000000000
8574 -980.0000000000
8585 -979.0000000000
8594 -976.0000000000
8638 -975.0000000000
8647 -974.0000000000
8659 -973.0000000000
8669 -972.0000000000
8673 -971.0000000000
8692 -970.0000000000
8734 -967.0000000000
8747 -965.0000000000
8757 -964.0000000000
8801 -959.0000000000
8866 -957.0000000000
8891 -956.0000000000
8914 -953.0000000000
8932 -952.0000000000
8962 -950.0000000000
8970 -948.0000000000
9023 -947.0000000000
9026 -945.0000000000
9045 -944.0000000000
9085 -942.0000000000
9107 -941.0000000000
9120 -940.0000000000
9126 -939.0000000000
9145 -935.0000000000
9195 -934.0000000000
9203 -933.0000000000
9208 -929.0000000000
9239 -928.0000000000
9266 -927.0000000000
9296 -926.0000000000
9330 -922.0000000000
9350 -921.0000000000
9381 -920.0000000000
9382 -919.0000000000
9388 -918.0000000000
9412 -917.0000000000
9413 -916.0000000000
9441 -915.0000000000
9459 -914.0000000000
9479 -913.0000000000
9489 -911.0000000000
9526 -910.0000000000
9550 -909.0000000000
9587 -908.0000000000
9604 -907.0000000000
9619 -906.0000000000
9631 -905.0000000000
9655 -904.0000000000
9661 -903.0000000000
9667 -902.0000000000
9694 -901.0000000000
9704 -899.0000000000
9733 -898.0000000000
9764 -896.0000000000
9804 -894.0000000000
9808 -893.0000000000
9843 -892.0000000000
9874 -890.0000000000
9877 -889.0000000000
9913 -887.0000000000
9915 -885.0000000000
9930 -880.0000000000
9982 -877.0000000000
10000 -882.0000000000
evaluations raw_y
1 -1941.0000000000
2 -1880.0000000000
12 -1864.0000000000
46 -1856.0000000000
59 -1848.0000000000
61 -1828.0000000000
68 -1825.0000000000
84 -1817.0000000000
94 -1791.0000000000
105 -1770.0000000000
143 -1765.0000000000
151 -1751.0000000000
175 -1750.0000000000
181 -1743.0000000000
184 -1739.0000000000
187 -1735.0000000000
222 -1734.0000000000
228 -1730.0000000000
237 -1724.0000000000
244 -1711.0000000000
275 -1710.0000000000
285 -1704.0000000000
299 -1703.0000000000
300 -1699.0000000000
306 -1697.0000000000
324 -1692.0000000000
345 -1690.0000000000
362 -1689.0000000000
380 -1688.0000000000
382 -1683.0000000000
403 -1682.0000000000
411 -1678.0000000000
424 -1675.0000000000
436 -1672.0000000000
462 -1671.0000000000
465 -1670.0000000000
498 -1665.0000000000
526 -1661.0000000000
535 -1659.0000000000
572 -1654.0000000000
605 -1653.0000000000
623 -1650.0000000000
654 -1648.0000000000
662 -1644.0000000000
679 -1642.0000000000
693 -1641.0000000000
701 -1640.0000000000
715 -1639.0000000000
719 -1638.0000000000
731 -1637.0000000000
734 -1636.0000000000
743 -1634.0000000000
776 -1630.0000000000
788 -1628.0000000000
806 -1626.0000000000
828 -1625.0000000000
839 -1624.0000000000
843 -1623.0000000000
862 -1622.0000000000
874 -1620.0000000000
883 -1618.0000000000
904 -1617.0000000000
906 -1612.0000000000
940 -1608.0000000000
987 -1607.0000000000
1007 -1606.0000000000
1017 -1605.0000000000
1026 -1601.0000000000
1059 -1599.0000000000
1103 -1598.0000000000
1108 -1597.0000000000
1129 -1596.0000000000
1140 -1595.0000000000
1142 -1594.0000000000
1157 -1592.0000000000
1182 -1591.0000000000
1197 -1588.0000000000
1213 -1587.0000000000
1233 -1585.0000000000
1250 -1584.0000000000
1253 -1583.0000000000
1279 -1581.0000000000
1293 -1579.0000000000
1316 -1575.0000000000
1352 -1572.0000000000
1401 -1570.0000000000
1405 -1568.0000000000
1410 -1567.0000000000
1436 -1566.0000000000
1449 -1563.0000000000
1464 -1562.0000000000
1501 -1560.0000000000
1507 -1559.0000000000
1513 -1557.0000000000
1533 -1556.0000000000
1546 -1555.0000000000
1561 -1554.0000000000
1563 -1553.0000000000
1569 -1552.0000000000
1589 -1551.0000000000
1615 -1549.0000000000
1625 -1547.0000000000
1659 -1546.0000000000
1697 -1545.0000000000
1706 -1544.0000000000
1711 -1542.0000000000
1731 -1541.0000000000
1738 -1537.0000000000
1761 -1536.0000000000
1788 -1533.0000000000
1806 -1532.0000000000
1821 -1531.0000000000
1851 -1530.0000000000
1869 -1528.0000000000
1889 -1527.0000000000
1903 -1525.0000000000
1924 -1524.0000000000
1933 -1522.0000000000
1954 -1520.0000000000
1978 -1519.0000000000
1981 -1518.0000000000
2002 -1517.0000000000
2012 -1516.0000000000
2041 -1515.0000000000
2062 -1514.0000000000
2079 -1513.0000000000
2083 -1511.0000000000
2104 -1510.0000000000
2126 -1509.0000000000
2131 -1508.0000000000
2141 -1507.0000000000
2159 -1506.0000000000
2172 -1504.0000000000
2197 -1503.0000000000
2209 -1500.0000000000
2247 -1498.0000000000
2259 -1497.0000000000
2264 -1494.0000000000
2328 -1493.0000000000
2332 -1491.0000000000
2350 -1490.0000000000
2372 -1488.0000000000
2384 -1486.0000000000
2411 -1485.0000000000
2431 -1479.0000000000
2461 -1478.0000000000
2467 -1477.0000000000
2483 -1476.0000000000
2501 -1474.0000000000
2534 -1473.0000000000
2548 -1472.0000000000
2550 -1471.0000000000
2561 -1470.0000000000
2583 -1469.0000000000
2595 -1468.0000000000
2613 -1467.0000000000
2629 -1466.0000000000
2642 -1464.0000000000
2649 -1463.0000000000
2667 -1461.0000000000
2687 -1460.0000000000
2705 -1457.0000000000
2724 -1455.0000000000
2741 -1452.0000000000
2781 -1451.0000000000
2782 -1449.0000000000
2810 -1448.0000000000
2821 -1445.0000000000
2840 -1442.0000000000
2864 -1441.0000000000
2902 -1439.0000000000
2909 -1436.0000000000
2922 -1435.0000000000
2942 -1432.0000000000
2954 -1431.0000000000
2986 -1430.0000000000
3000 -1429.0000000000
3004 -1428.0000000000
3013 -1427.0000000000
3033 -1426.0000000000
3045 -1424.0000000000
3063 -1423.0000000000
3064 -1422.0000000000
3072 -1421.0000000000
3084 -1420.0000000000
3087 -1419.0000000000
3129 -1418.0000000000
3156 -1417.0000000000
3185 -1416.0000000000
3190 -1414.0000000000
3205 -1413.0000000000
3222 -1411.0000000000
3244 -1410.0000000000
3283 -1409.0000000000
3284 -1408.0000000000
3329 -1407.0000000000
3342 -1406.0000000000
3354 -1405.0000000000
3363 -1404.0000000000
3368 -1400.0000000000
3389 -1398.0000000000
3413 -1396.0000000000
3455 -1393.0000000000
3487 -1392.0000000000
3513 -1391.0000000000
3517 -1389.0000000000
3542 -1388.0000000000
3545 -1385.0000000000
3578 -1384.0000000000
3601 -1383.0000000000
3611 -1379.0000000000
3641 -1378.0000000000
3671 -1377.0000000000
3682 -1376.0000000000
3709 -1374.0000000000
3746 -1372.0000000000
3747 -1369.0000000000
3778 -1367.0000000000
3788 -1366.0000000000
3801 -1364.0000000000
3824 -1363.0000000000
3839 -1362.0000000000
3841 -1359.0000000000
3858 -1356.0000000000
3880 -1352.0000000000
3903 -1350.0000000000
3943 -1349.0000000000
3952 -1348.0000000000
3965 -1346.0000000000
3981 -1344.0000000000
4028 -1341.0000000000
4063 -1340.0000000000
4084 -1337.0000000000
4110 -1336.0000000000
4122 -1335.0000000000
4142 -1332.0000000000
4211 -1330.0000000000
4214 -1328.0000000000
4231 -1327.0000000000
4253 -1324.0000000000
4285 -1322.0000000000
4335 -1320.0000000000
4357 -1318.0000000000
4373 -1316.0000000000
4386 -1315.0000000000
4392 -1314.0000000000
4410 -1313.0000000000
4430 -1311.0000000000
4446 -1310.0000000000
4452 -1308.0000000000
4465 -1306.0000000000
4519 -1304.0000000000
4527 -1303.0000000000
4549 -1301.0000000000
4580 -1298.0000000000
4607 -1296.0000000000
4635 -1295.0000000000
4656 -1292.0000000000
4672 -1290.0000000000
4709 -1289.0000000000
4722 -1288.0000000000
4730 -1287.0000000000
4743 -1286.0000000000
4751 -1284.0000000000
4761 -1283.0000000000
4781 -1282.0000000000
4786 -1281.0000000000
4827 -1280.0000000000
4850 -1278.0000000000
4856 -1277.0000000000
4862 -1274.0000000000
4912 -1273.0000000000
4922 -1272.0000000000
4938 -1271.0000000000
4941 -1269.0000000000
4961 -1268.0000000000
4970 -1267.0000000000
4991 -1266.0000000000
5002 -1264.0000000000
5007 -1263.0000000000
5015 -1261.0000000000
5045 -1257.0000000000
5090 -1256.0000000000
5091 -1254.0000000000
5102 -1253.0000000000
5142 -1252.0000000000
5143 -1251.0000000000
5148 -1250.0000000000
5175 -1249.0000000000
5184 -1248.0000000000
5189 -1246.0000000000
5215 -1243.0000000000
5233 -1241.0000000000
5242 -1240.0000000000
5263 -1239.0000000000
5289 -1238.0000000000
5305 -1236.0000000000
5307 -1235.0000000000
5326 -1232.0000000000
5367 -1231.0000000000
5373 -1230.0000000000
5389 -1229.0000000000
5408 -1225.0000000000
5426 -1220.0000000000
5499 -1219.0000000000
5507 -1216.0000000000
5546 -1215.0000000000
5562 -1212.0000000000
5567 -1210.0000000000
5631 -1207.0000000000
5651 -1206.0000000000
5686 -1205.0000000000
5722 -1204.0000000000
5739 -1202.0000000000
5770 -1199.0000000000
5787 -1198.0000000000
5804 -1193.0000000000
5898 -1192.0000000000
5904 -1188.0000000000
5970 -1186.0000000000
5984 -1185.0000000000
6009 -1182.0000000000
6026 -1180.0000000000
6077 -1178.0000000000
6080 -1175.0000000000
6138 -1174.0000000000
6141 -1171.0000000000
6179 -1170.0000000000
6198 -1169.0000000000
6206 -1166.0000000000
6223 -1165.0000000000
6226 -1163.0000000000
6271 -1162.0000000000
6285 -1161.0000000000
6322 -1159.0000000000
6362 -1157.0000000000
6393 -1156.0000000000
6446 -1152.0000000000
6501 -1151.0000000000
6521 -1149.0000000000
6557 -1148.0000000000
6558 -1147.0000000000
6585 -1146.0000000000
6591 -1144.0000000000
6653 -1142.0000000000
6675 -1140.0000000000
6683 -1139.0000000000
6694 -1138.0000000000
6701 -1137.0000000000
6725 -1136.0000000000
6730 -1135.0000000000
6743 -1134.0000000000
6746 -1132.0000000000
6761 -1131.0000000000
6784 -1129.0000000000
6799 -1128.0000000000
6823 -1127.0000000000
6824 -1125.0000000000
6850 -1124.0000000000
6855 -1122.0000000000
6884 -1120.0000000000
6916 -1118.0000000000
6947 -1116.0000000000
6967 -1115.0000000000
6982 -1113.0000000000
7023 -1110.0000000000
7046 -1109.0000000000
7064 -1108.0000000000
7066 -1107.0000000000
7083 -1106.0000000000
7097 -1104.0000000000
7124 -1101.0000000000
7144 -1099.0000000000
7149 -1097.0000000000
7201 -1096.0000000000
7212 -1094.0000000000
7265 -1093.0000000000
7268 -1091.0000000000
7271 -1090.0000000000
7304 -1089.0000000000
7329 -1086.0000000000
7332 -1085.0000000000
7369 -1084.0000000000
7384 -1083.0000000000
7432 -1082.0000000000
7439 -1081.0000000000
7451 -1080.0000000000
7455 -1074.0000000000
7501 -1071.0000000000
7540 -1069.0000000000
7541 -1067.0000000000
7572 -1066.0000000000
7602 -1065.0000000000
7606 -1064.0000000000
7633 -1063.0000000000
7647 -1061.0000000000
7656 -1060.0000000000
7697 -1058.0000000000
7723 -1057.0000000000
7742 -1056.0000000000
7747 -1054.0000000000
7775 -1051.0000000000
7819 -1049.0000000000
7831 -1048.0000000000
7864 -1046.0000000000
7887 -1045.0000000000
7901 -1043.0000000000
7936 -1042.0000000000
7966 -1041.0000000000
8008 -1040.0000000000
8035 -1039.0000000000
8065 -1037.0000000000
8108 -1035.0000000000
8119 -1034.0000000000
8148 -1033.0000000000
8164 -1031.0000000000
8172 -1028.0000000000
8207 -1027.0000000000
8230 -1026.0000000000
8235 -1025.0000000000
8243 -1024.0000000000
8265 -1021.0000000000
8286 -1020.0000000000
8303 -1018.0000000000
8308 -1017.0000000000
8341 -1016.0000000000
8397 -1015.0000000000
8403 -1011.0000000000
8426 -1010.0000000000
8440 -1009.0000000000
8489 -1008.0000000000
8494 -1007.0000000000
8511 -1006.0000000000
8516 -1004.0000000000
8556 -1001.0000000000
8589 -1000.0000000000
8612 -999.0000000000
8621 -996.0000000000
8632 -995.0000000000
8641 -994.0000000000
8646 -989.0000000000
8709 -988.0000000000
8721 -987.0000000000
8771 -986.0000000000
8777 -985.0000000000
8786 -982.0000000000
8821 -980.0000000000
8859 -979.0000000000
8871 -978.0000000000
8888 -977.0000000000
8903 -976.0000000000
8907 -975.0000000000
8913 -973.0000000000
8952 -971.0000000000
8975 -969.0000000000
8976 -967.0000000000
8982 -963.0000000000
9056 -962.0000000000
9082 -961.0000000000
9083 -960.0000000000
9106 -959.0000000000
9113 -958.0000000000
9131 -957.0000000000
9151 -956.0000000000
9162 -952.0000000000
9209 -951.0000000000
9226 -950.0000000000
9259 -948.0000000000
9289 -946.0000000000
9303 -945.0000000000
9335 -944.0000000000
9378 -943.0000000000
9384 -942.0000000000
9398 -941.0000000000
9410 -940.0000000000
9447 -939.0000000000
9490 -938.0000000000
9518 -937.0000000000
9525 -935.0000000000
9542 -933.0000000000
9575 -930.0000000000
9584 -929.0000000000
9623 -928.0000000000
9662 -926.0000000000
9668 -924.0000000000
9697 -920.0000000000
9738 -916.0000000000
9762 -915.0000000000
9798 -911.0000000000
9845 -909.0000000000
9853 -908.0000000000
9898 -907.0000000000
9901 -904.0000000000
9962 -902.0000000000
9986 -900.0000000000
10000 -901.0000000000
evaluations raw_y
1 -1905.0000000000
3 -1868.0000000000
29 -1866.0000000000
41 -1859.0000000000
53 -1842.0000000000
70 -1839.0000000000
86 -1834.0000000000
92 -1808.0000000000
113 -1795.0000000000
142 -1779.0000000000
169 -1763.0000000000
188 -1755.0000000000
205 -1752.0000000000
224 -1750.0000000000
225 -1747.0000000000
241 -1742.0000000000
244 -1735.0000000000
258 -1734.0000000000
269 -1732.0000000000
274 -1731.0000000000
305 -1730.0000000000
309 -1719.0000000000
333 -1718.0000000000
335 -1712.0000000000
360 -1711.0000000000
368 -1702.0000000000
406 -1698.0000000000
415 -1697.0000000000
416 -1695.0000000000
422 -1689.0000000000
467 -1688.0000000000
480 -1686.0000000000
494 -1685.0000000000
495 -1682.0000000000
496 -1681.0000000000
504 -1678.0000000000
532 -1676.0000000000
541 -1673.0000000000
560 -1672.0000000000
567 -1671.0000000000
582 -1663.0000000000
642 -1658.0000000000
649 -1655.0000000000
672 -1654.0000000000
695 -1653.0000000000
701 -1647.0000000000
762 -1646.0000000000
763 -1645.0000000000
770 -1644.0000000000
777 -1643.0000000000
795 -1638.0000000000
812 -1635.0000000000
841 -1634.0000000000
846 -1630.0000000000
848 -1629.0000000000
887 -1627.0000000000
899 -1626.0000000000
928 -1624.0000000000
942 -1620.0000000000
962 -1619.0000000000
991 -1618.0000000000
1004 -1617.0000000000
1024 -1616.0000000000
1028 -1615.0000000000
1035 -1614.0000000000
1044 -1613.0000000000
1060 -1610.0000000000
1067 -1609.0000000000
1091 -1608.0000000000
1103 -1606.0000000000
1126 -1605.0000000000
1145 -1603.0000000000
1150 -1602.0000000000
1165 -1601.0000000000
1181 -1599.0000000000
1210 -1596.0000000000
1217 -1595.0000000000
1239 -1594.0000000000
1250 -1592.0000000000
1275 -1589.0000000000
1317 -1588.0000000000
1353 -1587.0000000000
1363 -1586.0000000000
1370 -1585.0000000000
1391 -1582.0000000000
1410 -1580.0000000000
1441 -1577.0000000000
1467 -1576.0000000000
1479 -1574.0000000000
1507 -1572.0000000000
1508 -1567.0000000000
1581 -1566.0000000000
1617 -1565.0000000000
1618 -1562.0000000000
1636 -1561.0000000000
1642 -1560.0000000000
1663 -1559.0000000000
1666 -1557.0000000000
1698 -1556.0000000000
1706 -1555.0000000000
1713 -1554.0000000000
1723 -1553.0000000000
1725 -1550.0000000000
1747 -1549.0000000000
1766 -1548.0000000000
1777 -1546.0000000000
1782 -1545.0000000000
1810 -1544.0000000000
1825 -1543.0000000000
1827 -1540.0000000000
1843 -1539.0000000000
1855 -1537.0000000000
1858 -1535.0000000000
1885 -1533.0000000000
1904 -1532.0000000000
1908 -1531.0000000000
1940 -1530.0000000000
1945 -1528.0000000000
1973 -1527.0000000000
1987 -1525.0000000000
2034 -1523.0000000000
2044 -1522.0000000000
2048 -1521.0000000000
2071 -1519.0000000000
2082 -1518.0000000000
2104 -1517.0000000000
2123 -1516.0000000000
2142 -1515.0000000000
2149 -1513.0000000000
2172 -1512.0000000000
2206 -1510.0000000000
2229 -1509.0000000000
2242 -1507.0000000000
2247 -1506.0000000000
2265 -1505.0000000000
2274 -1503.0000000000
2275 -1502.0000000000
2285 -1501.0000000000
2292 -1500.0000000000
2310 -1499.0000000000
2333 -1498.0000000000
2347 -1496.0000000000
2351 -1494.0000000000
2370 -1491.0000000000
2423 -1488.0000000000
2443 -1487.0000000000
2448 -1485.0000000000
2464 -1483.0000000000
2492 -1482.0000000000
2511 -1481.0000000000
2523 -1480.0000000000
2538 -1479.0000000000
2553 -1478.0000000000
2562 -1477.0000000000
2582 -1474.0000000000
2603 -1473.0000000000
2621 -1472.0000000000
2623 -1470.0000000000
2648 -1469.0000000000
2660 -1468.0000000000
2664 -1465.0000000000
2686 -1463.0000000000
2687 -1461.0000000000
2718 -1460.0000000000
2734 -1459.0000000000
2750 -1457.0000000000
2754 -1455.0000000000
2775 -1453.0000000000
2787 -1452.0000000000
2825 -1449.0000000000
2847 -1447.0000000000
2885 -1443.0000000000
2905 -1441.0000000000
2945 -1440.0000000000
2951 -1439.0000000000
2966 -1438.0000000000
2977 -1437.0000000000
2988 -1436.0000000000
3007 -1435.0000000000
3012 -1432.0000000000
3022 -1431.0000000000
3072 -1429.0000000000
3080 -1428.0000000000
3105 -1427.0000000000
3116 -1425.0000000000
3132 -1424.0000000000
3166 -1423.0000000000
3167 -1421.0000000000
3218 -1420.0000000000
3230 -1419.0000000000
3242 -1418.0000000000
3243 -1416.0000000000
3286 -1414.0000000000
3302 -1413.0000000000
3322 -1412.0000000000
3344 -1410.0000000000
3369 -1409.0000000000
3395 -1407.0000000000
3406 -1406.0000000000
3430 -1405.0000000000
3436 -1404.0000000000
3444 -1403.0000000000
3464 -1401.0000000000
3472 -1399.0000000000
3498 -1397.0000000000
3527 -1396.0000000000
3542 -1394.0000000000
3569 -1393.0000000000
3581 -1390.0000000000
3623 -1389.0000000000
3624 -1386.0000000000
3646 -1385.0000000000
3667 -1384.0000000000
3701 -1383.0000000000
3702 -1381.0000000000
3726 -1379.0000000000
3746 -1378.0000000000
3781 -1376.0000000000
3786 -1374.0000000000
3860 -1373.0000000000
3865 -1372.0000000000
3900 -1370.0000000000
3905 -1368.0000000000
3934 -1366.0000000000
3977 -1365.0000000000
3990 -1364.0000000000
4013 -1361.0000000000
4052 -1360.0000000000
4054 -1359.0000000000
4066 -1358.0000000000
4085 -1356.0000000000
4097 -1355.0000000000
4111 -1354.0000000000
4123 -1353.0000000000
4126 -1351.0000000000
4142 -1350.0000000000
4150 -1349.0000000000
4178 -1348.0000000000
4181 -1347.0000000000
4211 -1346.0000000000
4217 -1345.0000000000
4222 -1344.0000000000
4245 -1342.0000000000
4246 -1341.0000000000
4280 -1340.0000000000
4292 -1337.0000000000
4331 -1336.0000000000
4357 -1333.0000000000
4383 -1330.0000000000
4406 -1328.0000000000
4428 -1325.0000000000
4468 -1324.0000000000
4479 -1322.0000000000
4497 -1321.0000000000
4509 -1319.0000000000
4543 -1318.0000000000
4545 -1316.0000000000
4562 -1314.0000000000
4605 -1313.0000000000
4641 -1312.0000000000
4662 -1310.0000000000
4682 -1308.0000000000
4691 -1307.0000000000
4706 -1306.0000000000
4729 -1304.0000000000
4742 -1301.0000000000
4786 -1299.0000000000
4791 -1298.0000000000
4819 -1296.0000000000
4822 -1295.0000000000
4829 -1294.0000000000
4861 -1293.0000000000
4862 -1291.0000000000
4867 -1290.0000000000
4890 -1288.0000000000
4932 -1286.0000000000
4958 -1285.0000000000
4982 -1283.0000000000
5001 -1280.0000000000
5025 -1276.0000000000
5048 -1275.0000000000
5078 -1274.0000000000
5095 -1272.0000000000
5104 -1271.0000000000
5125 -1270.0000000000
5133 -1269.0000000000
5157 -1268.0000000000
5172 -1267.0000000000
5181 -1266.0000000000
5212 -1265.0000000000
5219 -1264.0000000000
5229 -1263.0000000000
5249 -1261.0000000000
5268 -1260.0000000000
5294 -1259.0000000000
5303 -1258.0000000000
5329 -1255.0000000000
5345 -1254.0000000000
5383 -1253.0000000000
5403 -1252.0000000000
5414 -1251.0000000000
5416 -1250.0000000000
5441 -1249.0000000000
5459 -1248.0000000000
5463 -1247.0000000000
5482 -1246.0000000000
5506 -1244.0000000000
5534 -1242.0000000000
5568 -1241.0000000000
5581 -1238.0000000000
5586 -1235.0000000000
5624 -1234.0000000000
5626 -1232.0000000000
5663 -1231.0000000000
5666 -1230.0000000000
5682 -1227.0000000000
5721 -1226.0000000000
5723 -1225.0000000000
5727 -1224.0000000000
5730 -1223.0000000000
5759 -1222.0000000000
5774 -1221.0000000000
5784 -1220.0000000000
5807 -1218.0000000000
5809 -1215.0000000000
5831 -1213.0000000000
5866 -1211.0000000000
5897 -1210.0000000000
5901 -1209.0000000000
5920 -1207.0000000000
5926 -1205.0000000000
5949 -1202.0000000000
5981 -1200.0000000000
6017 -1199.0000000000
6024 -1198.0000000000
6043 -1193.0000000000
6103 -1192.0000000000
6108 -1190.0000000000
6122 -1189.0000000000
6144 -1188.0000000000
6196 -1187.0000000000
6203 -1185.0000000000
6240 -1183.0000000000
6245 -1182.0000000000
6254 -1180.0000000000
6277 -1179.0000000000
6304 -1176.0000000000
6339 -1175.0000000000
6344 -1174.0000000000
6381 -1171.0000000000
6423 -1167.0000000000
6471 -1165.0000000000
6495 -1164.0000000000
6508 -1163.0000000000
6528 -1161.0000000000
6532 -1160.0000000000
6562 -1159.0000000000
6574 -1155.0000000000
6623 -1154.0000000000
6624 -1149.0000000000
6682 -1148.0000000000
6692 -1147.0000000000
6694 -1144.0000000000
6733 -1143.0000000000
6761 -1141.0000000000
6807 -1140.0000000000
6814 -1137.0000000000
6833 -1136.0000000000
6865 -1135.0000000000
6889 -1133.0000000000
6892 -1132.0000000000
6907 -1131.0000000000
6936 -1127.0000000000
6981 -1126.0000000000
6996 -1124.0000000000
7010 -1123.0000000000
7026 -1122.0000000000
7042 -1121.0000000000
7044 -1119.0000000000
7122 -1116.0000000000
7162 -1114.0000000000
7176 -1113.0000000000
7198 -1111.0000000000
7207 -1110.0000000000
7230 -1109.0000000000
7238 -1108.0000000000
7246 -1107.0000000000
7264 -1106.0000000000
7281 -1105.0000000000
7284 -1104.0000000000
7302 -1103.0000000000
7338 -1102.0000000000
7370 -1101.0000000000
7375 -1098.0000000000
7409 -1096.0000000000
7430 -1095.0000000000
7465 -1094.0000000000
7468 -1093.0000000000
7469 -1090.0000000000
7505 -1089.0000000000
7510 -1088.0000000000
7534 -1087.0000000000
7552 -1086.0000000000
7562 -1085.0000000000
7567 -1083.0000000000
7576 -1082.0000000000
7599 -1081.0000000000
7628 -1079.0000000000
7636 -1078.0000000000
7667 -1077.0000000000
7684 -1076.0000000000
7700 -1075.0000000000
7717 -1073.0000000000
7743 -1072.0000000000
7747 -1069.0000000000
7794 -1068.0000000000
7823 -1067.0000000000
7844 -1063.0000000000
7873 -1062.0000000000
7890 -1058.0000000000
7942 -1057.0000000000
7955 -1056.0000000000
7958 -1055.0000000000
7967 -1054.0000000000
7979 -1053.0000000000
8004 -1051.0000000000
8027 -1050.0000000000
8075 -1049.0000000000
8107 -1045.0000000000
8129 -1044.0000000000
8149 -1042.0000000000
8165 -1040.0000000000
8188 -1039.0000000000
8213 -1038.0000000000
8230 -1036.0000000000
8248 -1035.0000000000
8252 -1034.0000000000
8256 -1033.0000000000
8274 -1031.0000000000
8287 -1030.0000000000
8307 -1029.0000000000
8324 -1028.0000000000
8347 -1027.0000000000
8365 -1026.0000000000
8398 -1024.0000000000
8403 -1022.0000000000
8423 -1019.0000000000
8481 -1018.0000000000
8486 -1016.0000000000
8518 -1015.0000000000
8524 -1014.0000000000
8537 -1013.0000000000
8574 -1011.0000000000
8602 -1008.0000000000
8622 -1006.0000000000
8649 -1005.0000000000
8662 -1004.0000000000
8708 -1003.0000000000
8721 -1001.0000000000
8756 -1000.0000000000
8781 -998.0000000000
8800 -997.0000000000
8802 -994.0000000000
8823 -993.0000000000
8843 -992.0000000000
8867 -988.0000000000
8887 -986.0000000000
8925 -983.0000000000
8969 -982.0000000000
9039 -980.0000000000
9050 -979.0000000000
9068 -978.0000000000
9082 -975.0000000000
9184 -971.0000000000
9217 -969.0000000000
9234 -968.0000000000
9246 -967.0000000000
9270 -966.0000000000
9299 -965.0000000000
9312 -964.0000000000
9316 -963.0000000000
9341 -962.0000000000
9342 -961.0000000000
9355 -960.0000000000
9374 -958.0000000000
9378 -956.0000000000
9401 -954.0000000000
9431 -953.0000000000
9436 -952.0000000000
9443 -951.0000000000
9484 -948.0000000000
9551 -947.0000000000
9553 -946.0000000000
9575 -945.0000000000
9583 -942.0000000000
9603 -941.0000000000
9629 -940.0000000000
9651 -938.0000000000
9666 -937.0000000000
9701 -936.0000000000
9703 -935.0000000000
9723 -933.0000000000
9727 -932.0000000000
9804 -931.0000000000
9821 -930.0000000000
9828 -929.0000000000
9860 -926.0000000000
9886 -924.0000000000
9933 -923.0000000000
9944 -921.0000000000
9990 -917.0000000000
10000 -918.0000000000
evaluations raw_y
1 -1909.0000000000
4 -1881.0000000000
5 -1879.0000000000
9 -1870.0000000000
27 -1860.0000000000
39 -1827.0000000000
52 -1812.0000000000
62 -1805.0000000000
73 -1800.0000000000
81 -1789.0000000000
103 -1781.0000000000
111 -1779.0000000000
116 -1778.0000000000
121 -1770.0000000000
151 -1764.0000000000
162 -1762.0000000000
165 -1753.0000000000
173 -1744.0000000000
182 -1736.0000000000
201 -1727.0000000000
232 -1726.0000000000
242 -1706.0000000000
287 -1700.0000000000
300 -1699.0000000000
315 -1696.0000000000
320 -1691.0000000000
321 -1683.0000000000
341 -1676.0000000000
349 -1674.0000000000
361 -1672.0000000000
385 -1661.0000000000
402 -1658.0000000000
406 -1657.0000000000
422 -1642.0000000000
447 -1640.0000000000
464 -1638.0000000000
486 -1634.0000000000
490 -1633.0000000000
505 -1629.0000000000
525 -1623.0000000000
541 -1611.0000000000
594 -1608.0000000000
602 -1598.0000000000
651 -1592.0000000000
680 -1586.0000000000
717 -1582.0000000000
746 -1581.0000000000
749 -1579.0000000000
764 -1576.0000000000
785 -1572.0000000000
811 -1569.0000000000
825 -1568.0000000000
849 -1567.0000000000
867 -1562.0000000000
902 -1561.0000000000
908 -1557.0000000000
953 -1552.0000000000
977 -1551.0000000000
998 -1550.0000000000
1012 -1549.0000000000
1019 -1548.0000000000
1049 -1547.0000000000
1071 -1546.0000000000
1096 -1545.0000000000
1098 -1544.0000000000
1102 -1542.0000000000
1135 -1541.0000000000
1144 -1539.0000000000
1162 -1538.0000000000
1168 -1536.0000000000
1182 -1535.0000000000
1199 -1534.0000000000
1207 -1533.0000000000
1233 -1531.0000000000
1266 -1530.0000000000
1276 -1529.0000000000
1277 -1528.0000000000
1295 -1526.0000000000
1322 -1525.0000000000
1333 -1524.0000000000
1347 -1523.0000000000
1360 -1522.0000000000
1364 -1521.0000000000
1382 -1519.0000000000
1403 -1517.0000000000
1409 -1516.0000000000
1459 -1515.0000000000
1476 -1514.0000000000
1481 -1511.0000000000
1506 -1510.0000000000
1545 -1509.0000000000
1567 -1508.0000000000
1568 -1505.0000000000
1612 -1504.0000000000
1614 -1502.0000000000
1621 -1500.0000000000
1645 -1499.0000000000
1648 -1498.0000000000
1669 -1497.0000000000
1673 -1495.0000000000
1705 -1493.0000000000
1706 -1488.0000000000
1740 -1487.0000000000
1746 -1486.0000000000
1767 -1484.0000000000
1808 -1482.0000000000
1821 -1479.0000000000
1858 -1478.0000000000
1861 -1475.0000000000
1882 -1474.0000000000
1914 -1473.0000000000
1921 -1472.0000000000
1925 -1471.0000000000
1947 -1469.0000000000
1962 -1468.0000000000
1996 -1467.0000000000
2006 -1466.0000000000
2017 -1463.0000000000
2049 -1462.0000000000
2072 -1460.0000000000
2077 -1459.0000000000
2114 -1458.0000000000
2125 -1455.0000000000
2132 -1454.0000000000
2165 -1451.0000000000
2192 -1450.0000000000
2214 -1449.0000000000
2215 -1447.0000000000
2234 -1446.0000000000
2244 -1445.0000000000
2274 -1444.0000000000
2275 -1442.0000000000
2292 -1440.0000000000
2306 -1439.0000000000
2321 -1434.0000000000
2350 -1433.0000000000
2365 -1432.0000000000
2367 -1431.0000000000
2384 -1430.0000000000
2405 -1428.0000000000
2431 -1427.0000000000
2445 -1426.0000000000
2466 -1425.0000000000
2471 -1423.0000000000
2486 -1422.0000000000
2488 -1416.0000000000
2513 -1414.0000000000
2564 -1412.0000000000
2600 -1411.0000000000
2604 -1408.0000000000
2623 -1407.0000000000
2646 -1406.0000000000
2664 -1405.0000000000
2689 -1404.0000000000
2703 -1403.0000000000
2745 -1399.0000000000
2783 -1398.0000000000
2803 -1397.0000000000
2806 -1394.0000000000
2839 -1393.0000000000
2874 -1391.0000000000
2879 -1388.0000000000
2881 -1387.0000000000
2930 -1386.0000000000
2943 -1385.0000000000
2954 -1384.0000000000
2960 -1383.0000000000
2973 -1382.0000000000
2985 -1378.0000000000
3036 -1377.0000000000
3038 -1376.0000000000
3051 -1375.0000000000
3077 -1373.0000000000
3093 -1372.0000000000
3126 -1371.0000000000
3131 -1368.0000000000
3153 -1366.0000000000
3182 -1365.0000000000
3197 -1361.0000000000
3202 -1360.0000000000
3261 -1358.0000000000
3284 -1357.0000000000
3286 -1356.0000000000
3295 -1355.0000000000
3319 -1354.0000000000
3322 -1352.0000000000
3349 -1351.0000000000
3350 -1349.0000000000
3391 -1348.0000000000
3397 -1347.0000000000
3403 -1342.0000000000
3467 -1339.0000000000
3492 -1338.0000000000
3495 -1337.0000000000
3505 -1332.0000000000
3544 -1329.0000000000
3586 -1328.0000000000
3601 -1327.0000000000
3622 -1326.0000000000
3627 -1324.0000000000
3640 -1322.0000000000
3656 -1321.0000000000
3661 -1320.0000000000
3682 -1318.0000000000
3712 -1316.0000000000
3725 -1315.0000000000
3743 -1314.0000000000
3749 -1311.0000000000
3779 -1309.0000000000
3814 -1308.0000000000
3815 -1306.0000000000
3864 -1305.0000000000
3877 -1303.0000000000
3906 -1301.0000000000
3909 -1300.0000000000
3931 -1299.0000000000
3965 -1297.0000000000
3981 -1294.0000000000
4020 -1291.0000000000
4061 -1290.0000000000
4084 -1287.0000000000
4123 -1286.0000000000
4155 -1284.0000000000
4173 -1283.0000000000
4184 -1282.0000000000
4201 -1278.0000000000
4257 -1276.0000000000
4268 -1275.0000000000
4271 -1274.0000000000
4284 -1273.0000000000
4312 -1271.0000000000
4327 -1270.0000000000
4331 -1269.0000000000
4357 -1268.0000000000
4365 -1267.0000000000
4395 -1265.0000000000
4421 -1264.0000000000
4424 -1263.0000000000
4455 -1262.0000000000
4458 -1259.0000000000
4492 -1258.0000000000
4494 -1256.0000000000
4526 -1255.0000000000
4528 -1253.0000000000
4545 -1250.0000000000
4594 -1249.0000000000
4614 -1247.0000000000
4638 -1245.0000000000
4647 -1244.0000000000
4669 -1243.0000000000
4676 -1241.0000000000
4687 -1240.0000000000
4696 -1239.0000000000
4703 -1237.0000000000
4727 -1236.0000000000
4736 -1234.0000000000
4744 -1233.0000000000
4763 -1232.0000000000
4782 -1229.0000000000
4803 -1228.0000000000
4828 -1225.0000000000
4863 -1222.0000000000
4890 -1221.0000000000
4916 -1219.0000000000
4923 -1217.0000000000
4972 -1216.0000000000
4986 -1214.0000000000
4997 -1213.0000000000
5035 -1212.0000000000
5049 -1211.0000000000
5072 -1209.0000000000
5084 -1207.0000000000
5118 -1206.0000000000
5129 -1205.0000000000
5148 -1204.0000000000
5165 -1199.0000000000
5187 -1197.0000000000
5239 -1195.0000000000
5247 -1194.0000000000
5257 -1193.0000000000
5267 -1191.0000000000
5341 -1190.0000000000
5370 -1188.0000000000
5393 -1187.0000000000
5407 -1184.0000000000
5408 -1183.0000000000
5435 -1182.0000000000
5452 -1181.0000000000
5462 -1180.0000000000
5496 -1178.0000000000
5507 -1176.0000000000
5550 -1175.0000000000
5556 -1174.0000000000
5563 -1172.0000000000
5602 -1168.0000000000
5637 -1167.0000000000
5645 -1166.0000000000
5664 -1165.0000000000
5688 -1164.0000000000
5710 -1163.0000000000
5720 -1160.0000000000
5738 -1159.0000000000
5753 -1158.0000000000
5782 -1157.0000000000
5786 -1156.0000000000
5803 -1155.0000000000
5816 -1154.0000000000
5864 -1152.0000000000
5887 -1147.0000000000
5917 -1146.0000000000
5943 -1145.0000000000
5946 -1144.0000000000
5963 -1143.0000000000
5972 -1142.0000000000
5984 -1141.0000000000
5995 -1140.0000000000
6003 -1139.0000000000
6004 -1137.0000000000
6044 -1135.0000000000
6065 -1132.0000000000
6093 -1131.0000000000
6150 -1130.0000000000
6178 -1129.0000000000
6190 -1127.0000000000
6191 -1124.0000000000
6227 -1123.0000000000
6232 -1122.0000000000
6244 -1119.0000000000
6300 -1118.0000000000
6337 -1117.0000000000
6360 -1114.0000000000
6361 -1113.0000000000
6385 -1112.0000000000
6414 -1108.0000000000
6466 -1107.0000000000
6468 -1106.0000000000
6501 -1105.0000000000
6504 -1104.0000000000
6526 -1102.0000000000
6549 -1101.0000000000
6564 -1099.0000000000
6566 -1097.0000000000
6593 -1096.0000000000
6609 -1094.0000000000
6634 -1093.0000000000
6658 -1090.0000000000
6668 -1089.0000000000
6684 -1088.0000000000
6686 -1086.0000000000
6749 -1083.0000000000
6771 -1082.0000000000
6781 -1080.0000000000
6796 -1078.0000000000
6812 -1075.0000000000
6861 -1074.0000000000
6869 -1073.0000000000
6881 -1070.0000000000
6922 -1069.0000000000
6961 -1068.0000000000
6964 -1067.0000000000
6985 -1066.0000000000
6989 -1064.0000000000
7024 -1063.0000000000
7042 -1062.0000000000
7043 -1061.0000000000
7067 -1060.0000000000
7071 -1059.0000000000
7103 -1058.0000000000
7106 -1055.0000000000
7120 -1053.0000000000
7127 -1051.0000000000
7176 -1050.0000000000
7180 -1048.0000000000
7198 -1047.0000000000
7211 -1046.0000000000
7221 -1043.0000000000
7261 -1041.0000000000
7287 -1040.0000000000
7292 -1039.0000000000
7304 -1038.0000000000
7346 -1037.0000000000
7363 -1036.0000000000
7367 -1035.0000000000
7394 -1033.0000000000
7398 -1031.0000000000
7441 -1030.0000000000
7447 -1027.0000000000
7488 -1026.0000000000
7495 -1025.0000000000
7502 -1024.0000000000
7541 -1022.0000000000
7567 -1020.0000000000
7586 -1017.0000000000
7623 -1016.0000000000
7647 -1012.0000000000
7708 -1011.0000000000
7732 -1010.0000000000
7761 -1009.0000000000
7770 -1008.0000000000
7782 -1006.0000000000
7833 -1004.0000000000
7863 -1002.0000000000
7899 -1001.0000000000
7938 -999.0000000000
7974 -998.0000000000
8020 -996.0000000000
8042 -995.0000000000
8077 -994.0000000000
8101 -991.0000000000
8117 -990.0000000000
8129 -989.0000000000
8153 -988.0000000000
8186 -987.0000000000
8213 -985.0000000000
8250 -983.0000000000
8283 -981.0000000000
8303 -980.0000000000
8346 -979.0000000000
8366 -977.0000000000
8368 -974.0000000000
8394 -973.0000000000
8421 -972.0000000000
8444 -970.0000000000
8461 -969.0000000000
8482 -968.0000000000
8489 -967.0000000000
8501 -966.0000000000
8514 -965.0000000000
8539 -964.0000000000
8544 -961.0000000000
8568 -960.0000000000
8583 -959.0000000000
8584 -958.0000000000
8623 -957.0000000000
8629 -954.0000000000
8678 -949.0000000000
8708 -948.0000000000
8718 -945.0000000000
8742 -944.0000000000
8751 -943.0000000000
8771 -942.0000000000
8807 -941.0000000000
8812 -939.0000000000
8849 -938.0000000000
8866 -936.0000000000
8894 -934.0000000000
8908 -930.0000000000
8927 -926.0000000000
8945 -922.0000000000
9003 -917.0000000000
9035 -914.0000000000
9069 -913.0000000000
9098 -912.0000000000
9105 -910.0000000000
9111 -909.0000000000
9130 -908.0000000000
9151 -907.0000000000
9152 -905.0000000000
9191 -904.0000000000
9202 -901.0000000000
9242 -900.0000000000
9243 -898.0000000000
9288 -896.0000000000
9301 -895.0000000000
9322 -894.0000000000
9341 -893.0000000000
9358 -892.0000000000
9384 -888.0000000000
9427 -886.0000000000
9443 -885.0000000000
9471 -884.0000000000
9503 -882.0000000000
9547 -881.0000000000
9553 -879.0000000000
9566 -877.0000000000
9572 -875.0000000000
9650 -873.0000000000
9657 -872.0000000000
9662 -871.0000000000
9671 -870.0000000000
9695 -868.0000000000
9728 -865.0000000000
9749 -864.0000000000
9777 -862.0000000000
9800 -861.0000000000
9826 -859.0000000000
9866 -858.0000000000
9897 -857.0000000000
9927 -854.0000000000
9968 -853.0000000000
10000 -857.0000000000
evaluations raw_y
1 -1959.0000000000
2 -1935.0000000000
4 -1906.0000000000
12 -1904.0000000000
13 -1902.0000000000
16 -1869.0000000000
42 -1823.0000000000
66 -1816.0000000000
85 -1807.0000000000
87 -1800.0000000000
103 -1763.0000000000
144 -1762.0000000000
152 -1757.0000000000
182 -1743.0000000000
223 -1738.0000000000
226 -1736.0000000000
236 -1730.0000000000
241 -1728.0000000000
243 -1722.0000000000
246 -1720.0000000000
270 -1706.0000000000
327 -1705.0000000000
329 -1702.0000000000
330 -1699.0000000000
346 -1681.0000000000
407 -1678.0000000000
424 -1675.0000000000
430 -1673.0000000000
444 -1665.0000000000
464 -1664.0000000000
475 -1663.0000000000
483 -1661.0000000000
502 -1658.0000000000
528 -1657.0000000000
535 -1656.0000000000
540 -1651.0000000000
572 -1649.0000000000
590 -1646.0000000000
601 -1645.0000000000
626 -1642.0000000000
633 -1641.0000000000
645 -1639.0000000000
692 -1635.0000000000
725 -1634.0000000000
739 -1633.0000000000
756 -1631.0000000000
782 -1630.0000000000
783 -1626.0000000000
835 -1625.0000000000
848 -1621.0000000000
867 -1620.0000000000
888 -1617.0000000000
902 -1616.0000000000
923 -1613.0000000000
965 -1612.0000000000
979 -1611.0000000000
1009 -1607.0000000000
1030 -1606.0000000000
1041 -1605.0000000000
1044 -1603.0000000000
1067 -1601.0000000000
1082 -1600.0000000000
1107 -1599.0000000000
1124 -1596.0000000000
1142 -1595.0000000000
1173 -1594.0000000000
1188 -1593.0000000000
1191 -1592.0000000000
1243 -1587.0000000000
1294 -1586.0000000000
1305 -1585.0000000000
1321 -1584.0000000000
1322 -1583.0000000000
1343 -1582.0000000000
1362 -1578.0000000000
1386 -1577.0000000000
1422 -1576.0000000000
1449 -1574.0000000000
1466 -1573.0000000000
1514 -1572.0000000000
1522 -1571.0000000000
1539 -1570.0000000000
1544 -1569.0000000000
1568 -1568.0000000000
1581 -1567.0000000000
1597 -1564.0000000000
1624 -1563.0000000000
1643 -1558.0000000000
1696 -1556.0000000000
1704 -1554.0000000000
1722 -1553.0000000000
1745 -1552.0000000000
1756 -1550.0000000000
1788 -1548.0000000000
1789 -1547.0000000000
1818 -1545.0000000000
1854 -1542.0000000000
1863 -1540.0000000000
1888 -1539.0000000000
1917 -1538.0000000000
1925 -1537.0000000000
1931 -1533.0000000000
1971 -1531.0000000000
1983 -1530.0000000000
2003 -1529.0000000000
2015 -1528.0000000000
2029 -1527.0000000000
2046 -1526.0000000000
2053 -1525.0000000000
2081 -1524.0000000000
2126 -1523.0000000000
2134 -1522.0000000000
2149 -1519.0000000000
2156 -1518.0000000000
2167 -1517.0000000000
2187 -1514.0000000000
2224 -1511.0000000000
2245 -1508.0000000000
2271 -1506.0000000000
2301 -1505.0000000000
2330 -1503.0000000000
2337 -1501.0000000000
2343 -1500.0000000000
2365 -1499.0000000000
2388 -1495.0000000000
2416 -1494.0000000000
2428 -1490.0000000000
2502 -1487.0000000000
2518 -1484.0000000000
2561 -1482.0000000000
2585 -1481.0000000000
2605 -1480.0000000000
2634 -1475.0000000000
2655 -1474.0000000000
2691 -1470.0000000000
2724 -1469.0000000000
2741 -1468.0000000000
2771 -1465.0000000000
2776 -1464.0000000000
2792 -1461.0000000000
2803 -1459.0000000000
2843 -1457.0000000000
2867 -1454.0000000000
2886 -1453.0000000000
2916 -1451.0000000000
2927 -1450.0000000000
2941 -1449.0000000000
2951 -1447.0000000000
2982 -1443.0000000000
3005 -1440.0000000000
3022 -1439.0000000000
3035 -1436.0000000000
3063 -1435.0000000000
3091 -1433.0000000000
3114 -1430.0000000000
3134 -1429.0000000000
3156 -1427.0000000000
3175 -1425.0000000000
3199 -1424.0000000000
3220 -1423.0000000000
3228 -1422.0000000000
3232 -1419.0000000000
3277 -1418.0000000000
3285 -1417.0000000000
3318 -1416.0000000000
3320 -1414.0000000000
3341 -1413.0000000000
3368 -1412.0000000000
3369 -1411.0000000000
3374 -1410.0000000000
3378 -1407.0000000000
3394 -1406.0000000000
3402 -1405.0000000000
3408 -1403.0000000000
3428 -1402.0000000000
3442 -1400.0000000000
3471 -1399.0000000000
3483 -1395.0000000000
3487 -1393.0000000000
3528 -1392.0000000000
3555 -1391.0000000000
3570 -1390.0000000000
3588 -1388.0000000000
3605 -1387.0000000000
3610 -1386.0000000000
3624 -1385.0000000000
3625 -1382.0000000000
3655 -1381.0000000000
3690 -1380.0000000000
3712 -1377.0000000000
3752 -1375.0000000000
3756 -1374.0000000000
3764 -1373.0000000000
3803 -1372.0000000000
3825 -1371.0000000000
3850 -1370.0000000000
3851 -1369.0000000000
3874 -1367.0000000000
3887 -1365.0000000000
3915 -1363.0000000000
3938 -1362.0000000000
3948 -1360.0000000000
3963 -1358.0000000000
3986 -1357.0000000000
4011 -1355.0000000000
4015 -1353.0000000000
4038 -1352.0000000000
4058 -1350.0000000000
4096 -1347.0000000000
4101 -1346.0000000000
4121 -1345.0000000000
4147 -1343.0000000000
4166 -1342.0000000000
4167 -1340.0000000000
4209 -1339.0000000000
4229 -1338.0000000000
4232 -1337.0000000000
4264 -1336.0000000000
4279 -1333.0000000000
4280 -1332.0000000000
4311 -1331.0000000000
4335 -1330.0000000000
4338 -1329.0000000000
4340 -1327.0000000000
4346 -1326.0000000000
4361 -1325.0000000000
4383 -1323.0000000000
4409 -1322.0000000000
4411 -1321.0000000000
4436 -1319.0000000000
4465 -1318.0000000000
4473 -1315.0000000000
4503 -1314.0000000000
4504 -1312.0000000000
4544 -1311.0000000000
4546 -1309.0000000000
4563 -1308.0000000000
4578 -1305.0000000000
4592 -1304.0000000000
4616 -1303.0000000000
4627 -1300.0000000000
4654 -1298.0000000000
4675 -1297.0000000000
4684 -1295.0000000000
4704 -1294.0000000000
4736 -1292.0000000000
4775 -1291.0000000000
4793 -1289.0000000000
4804 -1287.0000000000
4840 -1285.0000000000
4879 -1283.0000000000
4892 -1282.0000000000
4905 -1281.0000000000
4933 -1280.0000000000
4946 -1279.0000000000
4966 -1278.0000000000
4974 -1274.0000000000
5001 -1273.0000000000
5004 -1272.0000000000
5034 -1271.0000000000
5040 -1269.0000000000
5044 -1268.0000000000
5083 -1266.0000000000
5105 -1265.0000000000
5106 -1264.0000000000
5122 -1263.0000000000
5135 -1260.0000000000
5162 -1258.0000000000
5188 -1257.0000000000
5197 -1256.0000000000
5203 -1253.0000000000
5258 -1252.0000000000
5279 -1251.0000000000
5295 -1249.0000000000
5301 -1248.0000000000
5344 -1247.0000000000
5360 -1245.0000000000
5367 -1243.0000000000
5368 -1241.0000000000
5414 -1240.0000000000
5421 -1239.0000000000
5422 -1235.0000000000
5446 -1234.0000000000
5479 -1232.0000000000
5484 -1231.0000000000
5499 -1229.0000000000
5536 -1228.0000000000
5585 -1224.0000000000
5628 -1223.0000000000
5644 -1222.0000000000
5665 -1221.0000000000
5671 -1220.0000000000
5687 -1218.0000000000
5695 -1215.0000000000
5719 -1214.0000000000
5722 -1213.0000000000
5726 -1212.0000000000
5785 -1211.0000000000
5786 -1209.0000000000
5793 -1208.0000000000
5813 -1207.0000000000
5829 -1205.0000000000
5837 -1204.0000000000
5848 -1203.0000000000
5874 -1202.0000000000
5881 -1201.0000000000
5902 -1200.0000000000
5917 -1198.0000000000
5946 -1197.0000000000
5947 -1196.0000000000
5981 -1195.0000000000
5986 -1192.0000000000
6004 -1191.0000000000
6027 -1190.0000000000
6033 -1188.0000000000
6043 -1186.0000000000
6069 -1183.0000000000
6082 -1181.0000000000
6092 -1179.0000000000
6106 -1175.0000000000
6142 -1172.0000000000
6163 -1171.0000000000
6168 -1170.0000000000
6187 -1168.0000000000
6209 -1167.0000000000
6222 -1164.0000000000
6226 -1163.0000000000
6258 -1160.0000000000
6276 -1159.0000000000
6287 -1158.0000000000
6304 -1157.0000000000
6318 -1156.0000000000
6334 -1155.0000000000
6361 -1154.0000000000
6369 -1152.0000000000
6381 -1150.0000000000
6393 -1149.0000000000
6410 -1148.0000000000
6427 -1147.0000000000
6444 -1146.0000000000
6448 -1145.0000000000
6449 -1144.0000000000
6483 -1143.0000000000
6490 -1141.0000000000
6504 -1139.0000000000
6510 -1138.0000000000
6534 -1136.0000000000
6547 -1135.0000000000
6562 -1134.0000000000
6575 -1131.0000000000
6609 -1129.0000000000
6648 -1128.0000000000
6651 -1127.0000000000
6659 -1125.0000000000
6674 -1124.0000000000
6694 -1123.0000000000
6715 -1122.0000000000
6717 -1121.0000000000
6743 -1120.0000000000
6754 -1117.0000000000
6766 -1116.0000000000
6801 -1114.0000000000
6831 -1112.0000000000
6846 -1111.0000000000
6866 -1110.0000000000
6869 -1109.0000000000
6894 -1108.0000000000
6895 -1107.0000000000
6903 -1106.0000000000
6918 -1105.0000000000
6935 -1104.0000000000
6971 -1102.0000000000
6972 -1100.0000000000
6987 -1098.0000000000
7006 -1097.0000000000
7014 -1095.0000000000
7029 -1094.0000000000
7063 -1092.0000000000
7101 -1089.0000000000
7109 -1088.0000000000
7129 -1087.0000000000
7137 -1086.0000000000
7143 -1085.0000000000
7166 -1083.0000000000
7222 -1082.0000000000
7224 -1081.0000000000
7243 -1080.0000000000
7262 -1079.0000000000
7300 -1077.0000000000
7307 -1076.0000000000
7324 -1075.0000000000
7352 -1072.0000000000
7375 -1070.0000000000
7448 -1069.0000000000
7450 -1068.0000000000
7466 -1066.0000000000
7506 -1060.0000000000
7541 -1059.0000000000
7589 -1057.0000000000
7610 -1056.0000000000
7613 -1054.0000000000
7664 -1053.0000000000
7684 -1051.0000000000
7685 -1050.0000000000
7715 -1048.0000000000
7744 -1047.0000000000
7757 -1046.0000000000
7768 -1045.0000000000
7778 -1044.0000000000
7801 -1043.0000000000
7821 -1042.0000000000
7835 -1041.0000000000
7852 -1040.0000000000
7868 -1038.0000000000
7891 -1036.0000000000
7920 -1035.0000000000
7929 -1034.0000000000
7937 -1033.0000000000
7942 -1032.0000000000
7970 -1031.0000000000
7977 -1030.0000000000
7981 -1029.0000000000
8005 -1028.0000000000
8025 -1027.0000000000
8055 -1024.0000000000
8091 -1023.0000000000
8104 -1020.0000000000
8155 -1019.0000000000
8168 -1016.0000000000
8220 -1015.0000000000
8226 -1013.0000000000
8243 -1012.0000000000
8264 -1010.0000000000
8292 -1009.0000000000
8302 -1008.0000000000
8303 -1007.0000000000
8347 -1005.0000000000
8364 -1004.0000000000
8365 -1002.0000000000
8414 -1000.0000000000
8459 -996.0000000000
8481 -995.0000000000
8504 -994.0000000000
8511 -992.0000000000
8546 -991.0000000000
8554 -988.0000000000
8582 -987.0000000000
8604 -986.0000000000
8623 -985.0000000000
8641 -984.0000000000
8649 -983.0000000000
8674 -982.0000000000
8699 -981.0000000000
8718 -980.0000000000
8730 -979.0000000000
8736 -978.0000000000
8739 -977.0000000000
8745 -976.0000000000
8768 -975.0000000000
8797 -974.0000000000
8804 -973.0000000000
8827 -972.0000000000
8842 -971.0000000000
8862 -970.0000000000
8865 -969.0000000000
8868 -967.0000000000
8923 -965.0000000000
8943 -964.0000000000
8963 -963.0000000000
8964 -959.0000000000
8999 -958.0000000000
9024 -956.0000000000
9046 -954.0000000000
9085 -951.0000000000
9125 -950.0000000000
9128 -949.0000000000
9142 -947.0000000000
9183 -943.0000000000
9223 -940.0000000000
9272 -939.0000000000
9281 -938.0000000000
9322 -937.0000000000
9331 -936.0000000000
9340 -935.0000000000
9351 -933.0000000000
9394 -932.0000000000
9405 -931.0000000000
9422 -930.0000000000
9428 -928.0000000000
9465 -926.0000000000
9499 -925.0000000000
9505 -924.0000000000
9523 -923.0000000000
9557 -921.0000000000
9609 -920.0000000000
9630 -919.0000000000
9634 -918.0000000000
9668 -912.0000000000
9725 -908.0000000000
9830 -906.0000000000
9879 -905.0000000000
9883 -900.0000000000
9963 -898.0000000000
9982 -897.0000000000
9994 -896.0000000000
10000 -902.0000000000
evaluations raw_y
1 -1857.0000000000
9 -1843.0000000000
50 -1833.0000000000
53 -1790.0000000000
110 -1788.0000000000
119 -1764.0000000000
142 -1758.0000000000
147 -1746.0000000000
202 -1745.0000000000
205 -1744.0000000000
221 -1742.0000000000
227 -1733.0000000000
243 -1732.0000000000
250 -1731.0000000000
263 -1723.0000000000
277 -1719.0000000000
289 -1715.0000000000
304 -1707.0000000000
335 -1706.0000000000
339 -1704.0000000000
370 -1703.0000000000
379 -1702.0000000000
380 -1699.0000000000
384 -1698.0000000000
392 -1690.0000000000
427 -1688.0000000000
453 -1685.0000000000
455 -1684.0000000000
485 -1679.0000000000
525 -1677.0000000000
565 -1675.0000000000
582 -1673.0000000000
620 -1671.0000000000
624 -1670.0000000000
653 -1666.0000000000
663 -1665.0000000000
682 -1664.0000000000
686 -1663.0000000000
699 -1661.0000000000
736 -1657.0000000000
772 -1656.0000000000
780 -1655.0000000000
781 -1654.0000000000
785 -1650.0000000000
817 -1647.0000000000
837 -1646.0000000000
848 -1645.0000000000
861 -1639.0000000000
903 -1638.0000000000
911 -1636.0000000000
924 -1634.0000000000
934 -1633.0000000000
958 -1631.0000000000
980 -1629.0000000000
988 -1628.0000000000
1016 -1627.0000000000
1023 -1625.0000000000
1032 -1623.0000000000
1047 -1621.0000000000
1065 -1620.0000000000
1081 -1619.0000000000
1106 -1616.0000000000
1136 -1613.0000000000
1148 -1612.0000000000
1161 -1611.0000000000
1178 -1610.0000000000
1183 -1609.0000000000
1185 -1608.0000000000
1207 -1604.0000000000
1274 -1603.0000000000
1282 -1602.0000000000
1285 -1601.0000000000
1307 -1600.0000000000
1321 -1598.0000000000
1341 -1597.0000000000
1348 -1596.0000000000
1362 -1595.0000000000
1390 -1591.0000000000
1408 -1590.0000000000
1433 -1589.0000000000
1441 -1584.0000000000
1476 -1583.0000000000
1508 -1580.0000000000
1526 -1579.0000000000
1570 -1578.0000000000
1573 -1577.0000000000
1581 -1576.0000000000
1593 -1575.0000000000
1606 -1574.0000000000
1621 -1573.0000000000
1625 -1572.0000000000
1641 -1571.0000000000
1645 -1569.0000000000
1666 -1568.0000000000
1675 -1566.0000000000
1691 -1564.0000000000
1702 -1563.0000000000
1734 -1562.0000000000
1751 -1561.0000000000
1752 -1560.0000000000
1769 -1559.0000000000
1776 -1558.0000000000
1778 -1553.0000000000
1781 -1551.0000000000
1804 -1549.0000000000
1844 -1545.0000000000
1900 -1544.0000000000
1901 -1542.0000000000
1950 -1537.0000000000
1981 -1534.0000000000
1987 -1533.0000000000
2016 -1532.0000000000
2025 -1531.0000000000
2058 -1527.0000000000
2091 -1526.0000000000
2101 -1525.0000000000
2117 -1524.0000000000
2126 -1522.0000000000
2162 -1519.0000000000
2191 -1517.0000000000
2195 -1516.0000000000
2223 -1514.0000000000
2249 -1513.0000000000
2250 -1510.0000000000
2281 -1508.0000000000
2328 -1507.0000000000
2330 -1503.0000000000
2366 -1501.0000000000
2409 -1499.0000000000
2423 -1494.0000000000
2442 -1491.0000000000
2482 -1489.0000000000
2509 -1488.0000000000
2534 -1485.0000000000
2536 -1484.0000000000
2570 -1483.0000000000
2580 -1482.0000000000
2595 -1481.0000000000
2600 -1480.0000000000
2614 -1478.0000000000
2618 -1476.0000000000
2642 -1475.0000000000
2664 -1472.0000000000
2696 -1471.0000000000
2707 -1468.0000000000
2733 -1465.0000000000
2762 -1464.0000000000
2763 -1463.0000000000
2783 -1462.0000000000
2808 -1460.0000000000
2824 -1458.0000000000
2845 -1456.0000000000
2872 -1454.0000000000
2905 -1451.0000000000
2923 -1450.0000000000
2958 -1447.0000000000
2970 -1446.0000000000
2976 -1445.0000000000
2977 -1443.0000000000
2984 -1441.0000000000
3005 -1440.0000000000
3032 -1439.0000000000
3038 -1437.0000000000
3065 -1436.0000000000
3073 -1435.0000000000
3096 -1434.0000000000
3103 -1432.0000000000
3133 -1430.0000000000
3134 -1429.0000000000
3142 -1427.0000000000
3157 -1426.0000000000
3189 -1425.0000000000
3193 -1423.0000000000
3203 -1422.0000000000
3222 -1421.0000000000
3236 -1420.0000000000
3245 -1417.0000000000
3304 -1416.0000000000
3308 -1415.0000000000
3324 -1411.0000000000
3373 -1410.0000000000
3382 -1408.0000000000
3405 -1404.0000000000
3445 -1403.0000000000
3457 -1399.0000000000
3476 -1398.0000000000
3487 -1395.0000000000
3505 -1393.0000000000
3552 -1392.0000000000
3561 -1390.0000000000
3587 -1389.0000000000
3606 -1388.0000000000
3609 -1386.0000000000
3630 -1385.0000000000
3645 -1383.0000000000
3646 -1382.0000000000
3675 -1380.0000000000
3703 -1379.0000000000
3714 -1378.0000000000
3721 -1377.0000000000
3723 -1374.0000000000
3743 -1373.0000000000
3759 -1372.0000000000
3761 -1370.0000000000
3793 -1369.0000000000
3808 -1366.0000000000
3822 -1362.0000000000
3877 -1361.0000000000
3918 -1357.0000000000
3961 -1356.0000000000
3972 -1355.0000000000
3980 -1353.0000000000
4004 -1348.0000000000
4028 -1344.0000000000
4077 -1343.0000000000
4097 -1342.0000000000
4110 -1340.0000000000
4150 -1339.0000000000
4167 -1336.0000000000
4204 -1335.0000000000
4218 -1334.0000000000
4222 -1333.0000000000
4237 -1332.0000000000
4245 -1331.0000000000
4263 -1330.0000000000
4280 -1329.0000000000
4281 -1327.0000000000
4299 -1325.0000000000
4304 -1323.0000000000
4341 -1322.0000000000
4352 -1320.0000000000
4363 -1316.0000000000
4386 -1313.0000000000
4413 -1311.0000000000
4470 -1310.0000000000
4477 -1309.0000000000
4482 -1307.0000000000
4498 -1305.0000000000
4547 -1303.0000000000
4558 -1302.0000000000
4561 -1301.0000000000
4576 -1300.0000000000
4603 -1299.0000000000
4610 -1298.0000000000
4620 -1297.0000000000
4623 -1296.0000000000
4648 -1292.0000000000
4681 -1291.0000000000
4711 -1290.0000000000
4714 -1289.0000000000
4741 -1288.0000000000
4760 -1287.0000000000
4762 -1286.0000000000
4763 -1285.0000000000
4802 -1282.0000000000
4841 -1281.0000000000
4862 -1280.0000000000
4882 -1279.0000000000
4900 -1278.0000000000
4908 -1276.0000000000
4920 -1271.0000000000
4924 -1270.0000000000
4986 -1269.0000000000
4994 -1267.0000000000
5030 -1263.0000000000
5083 -1262.0000000000
5091 -1260.0000000000
5102 -1259.0000000000
5113 -1257.0000000000
5158 -1256.0000000000
5162 -1255.0000000000
5164 -1253.0000000000
5182 -1252.0000000000
5187 -1251.0000000000
5245 -1248.0000000000
5292 -1247.0000000000
5296 -1246.0000000000
5317 -1245.0000000000
5321 -1244.0000000000
5326 -1243.0000000000
5345 -1240.0000000000
5374 -1237.0000000000
5435 -1235.0000000000
5461 -1233.0000000000
5475 -1232.0000000000
5501 -1231.0000000000
5512 -1229.0000000000
5528 -1226.0000000000
5566 -1222.0000000000
5593 -1220.0000000000
5619 -1218.0000000000
5658 -1217.0000000000
5662 -1216.0000000000
5686 -1215.0000000000
5689 -1213.0000000000
5723 -1212.0000000000
5743 -1210.0000000000
5770 -1209.0000000000
5777 -1208.0000000000
5787 -1207.0000000000
5792 -1205.0000000000
5839 -1204.0000000000
5846 -1203.0000000000
5851 -1202.0000000000
5854 -1200.0000000000
5899 -1198.0000000000
5905 -1197.0000000000
5921 -1196.0000000000
5949 -1195.0000000000
5958 -1194.0000000000
5982 -1192.0000000000
6001 -1190.0000000000
6017 -1189.0000000000
6021 -1187.0000000000
6060 -1186.0000000000
6082 -1185.0000000000
6103 -1183.0000000000
6136 -1180.0000000000
6162 -1178.0000000000
6185 -1173.0000000000
6219 -1172.0000000000
6241 -1171.0000000000
6263 -1170.0000000000
6277 -1168.0000000000
6293 -1166.0000000000
6307 -1163.0000000000
6345 -1162.0000000000
6350 -1161.0000000000
6372 -1160.0000000000
6386 -1157.0000000000
6410 -1156.0000000000
6441 -1152.0000000000
6463 -1150.0000000000
6516 -1146.0000000000
6573 -1144.0000000000
6597 -1143.0000000000
6601 -1141.0000000000
6606 -1140.0000000000
6628 -1139.0000000000
6641 -1138.0000000000
6660 -1137.0000000000
6661 -1136.0000000000
6693 -1135.0000000000
6730 -1134.0000000000
6735 -1133.0000000000
6737 -1131.0000000000
6760 -1130.0000000000
6766 -1129.0000000000
6783 -1128.0000000000
6801 -1123.0000000000
6836 -1122.0000000000
6852 -1120.0000000000
6912 -1119.0000000000
6920 -1118.0000000000
6949 -1115.0000000000
6965 -1114.0000000000
6985 -1113.0000000000
7001 -1110.0000000000
7045 -1106.0000000000
7047 -1103.0000000000
7133 -1102.0000000000
7152 -1101.0000000000
7187 -1100.0000000000
7212 -1099.0000000000
7221 -1098.0000000000
7226 -1097.0000000000
7252 -1096.0000000000
7274 -1095.0000000000
7284 -1094.0000000000
7285 -1093.0000000000
7307 -1090.0000000000
7337 -1089.0000000000
7357 -1085.0000000000
7372 -1084.0000000000
7431 -1083.0000000000
7461 -1082.0000000000
7488 -1081.0000000000
7501 -1080.0000000000
7544 -1079.0000000000
7555 -1078.0000000000
7564 -1076.0000000000
7589 -1074.0000000000
7621 -1071.0000000000
7645 -1068.0000000000
7722 -1067.0000000000
7748 -1066.0000000000
7768 -1065.0000000000
7799 -1063.0000000000
7810 -1061.0000000000
7822 -1059.0000000000
7824 -1058.0000000000
7846 -1055.0000000000
7889 -1053.0000000000
7922 -1049.0000000000
7942 -1048.0000000000
7962 -1044.0000000000
8030 -1042.0000000000
8058 -1041.0000000000
8083 -1040.0000000000
8091 -1039.0000000000
8106 -1038.0000000000
8157 -1036.0000000000
8169 -1035.0000000000
8187 -1034.0000000000
8192 -1032.0000000000
8232 -1031.0000000000
8262 -1030.0000000000
8269 -1026.0000000000
8285 -1025.0000000000
8310 -1024.0000000000
8324 -1023.0000000000
8349 -1022.0000000000
8350 -1018.0000000000
8367 -1016.0000000000
8382 -1015.0000000000
8406 -1014.0000000000
8439 -1011.0000000000
8465 -1008.0000000000
8509 -1007.0000000000
8525 -1006.0000000000
8533 -1005.0000000000
8543 -1004.0000000000
8556 -1001.0000000000
8595 -999.0000000000
8603 -998.0000000000
8629 -997.0000000000
8634 -996.0000000000
8677 -995.0000000000
8679 -991.0000000000
8753 -990.0000000000
8769 -989.0000000000
8779 -988.0000000000
8792 -987.0000000000
8805 -985.0000000000
8808 -984.0000000000
8834 -983.0000000000
8844 -981.0000000000
8856 -980.0000000000
8908 -979.0000000000
8926 -978.0000000000
8931 -977.0000000000
8941 -976.0000000000
8944 -975.0000000000
9008 -973.0000000000
9047 -972.0000000000
9065 -970.0000000000
9067 -969.0000000000
9094 -968.0000000000
9108 -967.0000000000
9150 -965.0000000000
9158 -964.0000000000
9205 -961.0000000000
9222 -960.0000000000
9281 -959.0000000000
9288 -957.0000000000
9331 -956.0000000000
9341 -955.0000000000
9343 -954.0000000000
9366 -953.0000000000
9395 -952.0000000000
9422 -950.0000000000
9468 -949.0000000000
9484 -947.0000000000
9522 -946.0000000000
9549 -945.0000000000
9550 -943.0000000000
9582 -941.0000000000
9631 -937.0000000000
9700 -934.0000000000
9729 -933.0000000000
9763 -931.0000000000
9776 -925.0000000000
9815 -922.0000000000
9866 -921.0000000000
9872 -919.0000000000
9908 -918.0000000000
9954 -917.0000000000
9966 -916.0000000000
9990 -915.0000000000
10000 -916.0000000000
evaluations raw_y
1 -1911.0000000000
5 -1892.0000000000
19 -1878.0000000000
24 -1857.0000000000
43 -1855.0000000000
61 -1854.0000000000
63 -1853.0000000000
69 -1843.0000000000
75 -1842.0000000000
78 -1832.0000000000
89 -1819.0000000000
100 -1806.0000000000
123 -1797.0000000000
130 -1783.0000000000
146 -1773.0000000000
162 -1743.0000000000
196 -1742.0000000000
199 -1739.0000000000
201 -1720.0000000000
221 -1713.0000000000
255 -1712.0000000000
264 -1702.0000000000
270 -1697.0000000000
282 -1676.0000000000
317 -1675.0000000000
328 -1669.0000000000
350 -1667.0000000000
357 -1664.0000000000
370 -1663.0000000000
380 -1662.0000000000
384 -1661.0000000000
392 -1660.0000000000
394 -1658.0000000000
397 -1654.0000000000
416 -1644.0000000000
442 -1643.0000000000
443 -1642.0000000000
445 -1641.0000000000
462 -1638.0000000000
467 -1636.0000000000
483 -1633.0000000000
498 -1632.0000000000
502 -1630.0000000000
539 -1623.0000000000
582 -1619.0000000000
585 -1618.0000000000
606 -1616.0000000000
621 -1614.0000000000
622 -1611.0000000000
646 -1606.0000000000
648 -1604.0000000000
685 -1599.0000000000
709 -1598.0000000000
716 -1594.0000000000
722 -1593.0000000000
737 -1591.0000000000
752 -1586.0000000000
781 -1583.0000000000
788 -1582.0000000000
828 -1578.0000000000
866 -1576.0000000000
883 -1574.0000000000
893 -1573.0000000000
900 -1571.0000000000
923 -1569.0000000000
932 -1568.0000000000
942 -1566.0000000000
954 -1564.0000000000
959 -1561.0000000000
962 -1560.0000000000
966 -1559.0000000000
1001 -1558.0000000000
1004 -1556.0000000000
1013 -1555.0000000000
1023 -1554.0000000000
1044 -1552.0000000000
1066 -1551.0000000000
1068 -1548.0000000000
1085 -1542.0000000000
1132 -1540.0000000000
1141 -1539.0000000000
1185 -1537.0000000000
1218 -1536.0000000000
1234 -1533.0000000000
1264 -1530.0000000000
1312 -1528.0000000000
1314 -1527.0000000000
1347 -1526.0000000000
1357 -1525.0000000000
1378 -1524.0000000000
1384 -1519.0000000000
1418 -1518.0000000000
1439 -1515.0000000000
1453 -1514.0000000000
1454 -1513.0000000000
1466 -1511.0000000000
1493 -1509.0000000000
1505 -1507.0000000000
1525 -1506.0000000000
1546 -1503.0000000000
1572 -1502.0000000000
1587 -1501.0000000000
1605 -1500.0000000000
1612 -1499.0000000000
1627 -1495.0000000000
1662 -1494.0000000000
1683 -1493.0000000000
1707 -1492.0000000000
1710 -1491.0000000000
1729 -1490.0000000000
1739 -1487.0000000000
1781 -1486.0000000000
1806 -1485.0000000000
1813 -1481.0000000000
1834 -1479.0000000000
1863 -1478.0000000000
1876 -1477.0000000000
1902 -1476.0000000000
1909 -1474.0000000000
1910 -1473.0000000000
1923 -1471.0000000000
1941 -1470.0000000000
1942 -1469.0000000000
1950 -1468.0000000000
1963 -1467.0000000000
1973 -1466.0000000000
1987 -1465.0000000000
2001 -1459.0000000000
2040 -1458.0000000000
2062 -1457.0000000000
2088 -1450.0000000000
2143 -1449.0000000000
2150 -1446.0000000000
2171 -1445.0000000000
2205 -1444.0000000000
2214 -1442.0000000000
2242 -1441.0000000000
2265 -1440.0000000000
2267 -1439.0000000000
2290 -1438.0000000000
2301 -1435.0000000000
2334 -1433.0000000000
2362 -1431.0000000000
2368 -1429.0000000000
2391 -1427.0000000000
2402 -1425.0000000000
2432 -1424.0000000000
2448 -1421.0000000000
2494 -1420.0000000000
2503 -1419.0000000000
2518 -1417.0000000000
2538 -1415.0000000000
2553 -1414.0000000000
2572 -1413.0000000000
2598 -1412.0000000000
2606 -1411.0000000000
2624 -1410.0000000000
2641 -1409.0000000000
2653 -1408.0000000000
2665 -1405.0000000000
2681 -1404.0000000000
2705 -1402.0000000000
2726 -1401.0000000000
2762 -1400.0000000000
2769 -1398.0000000000
2787 -1396.0000000000
2817 -1395.0000000000
2841 -1393.0000000000
2862 -1392.0000000000
2885 -1391.0000000000
2886 -1390.0000000000
2901 -1389.0000000000
2923 -1388.0000000000
2941 -1386.0000000000
2961 -1385.0000000000
2967 -1383.0000000000
3004 -1381.0000000000
3022 -1380.0000000000
3046 -1378.0000000000
3063 -1377.0000000000
3075 -1376.0000000000
3077 -1375.0000000000
3093 -1372.0000000000
3122 -1371.0000000000
3127 -1370.0000000000
3137 -1369.0000000000
3153 -1365.0000000000
3177 -1364.0000000000
3190 -1363.0000000000
3198 -1362.0000000000
3201 -1361.0000000000
3209 -1360.0000000000
3225 -1359.0000000000
3242 -1357.0000000000
3267 -1356.0000000000
3276 -1353.0000000000
3294 -1352.0000000000
3305 -1351.0000000000
3308 -1348.0000000000
3350 -1347.0000000000
3377 -1345.0000000000
3407 -1342.0000000000
3438 -1341.0000000000
3452 -1340.0000000000
3472 -1339.0000000000
3473 -1338.0000000000
3474 -1337.0000000000
3511 -1336.0000000000
3534 -1335.0000000000
3546 -1334.0000000000
3561 -1333.0000000000
3578 -1332.0000000000
3581 -1330.0000000000
3602 -1327.0000000000
3631 -1324.0000000000
3656 -1323.0000000000
3696 -1322.0000000000
3703 -1321.0000000000
3709 -1320.0000000000
3745 -1319.0000000000
3762 -1316.0000000000
3764 -1314.0000000000
3807 -1311.0000000000
3848 -1310.0000000000
3849 -1306.0000000000
3876 -1302.0000000000
3935 -1301.0000000000
3942 -1300.0000000000
3964 -1295.0000000000
4009 -1294.0000000000
4014 -1293.0000000000
4028 -1292.0000000000
4031 -1290.0000000000
4051 -1286.0000000000
4098 -1282.0000000000
4114 -1281.0000000000
4163 -1280.0000000000
4183 -1278.0000000000
4213 -1277.0000000000
4223 -1276.0000000000
4227 -1275.0000000000
4254 -1274.0000000000
4264 -1273.0000000000
4266 -1271.0000000000
4285 -1270.0000000000
4304 -1269.0000000000
4328 -1268.0000000000
4331 -1265.0000000000
4354 -1263.0000000000
4383 -1262.0000000000
4407 -1261.0000000000
4410 -1260.0000000000
4419 -1259.0000000000
4435 -1258.0000000000
4450 -1256.0000000000
4466 -1255.0000000000
4480 -1253.0000000000
4509 -1252.0000000000
4522 -1251.0000000000
4531 -1250.0000000000
4547 -1249.0000000000
4574 -1248.0000000000
4587 -1246.0000000000
4592 -1244.0000000000
4624 -1243.0000000000
4653 -1242.0000000000
4654 -1241.0000000000
4682 -1240.0000000000
4690 -1237.0000000000
4712 -1236.0000000000
4739 -1235.0000000000
4757 -1234.0000000000
4761 -1233.0000000000
4772 -1232.0000000000
4781 -1231.0000000000
4782 -1229.0000000000
4803 -1227.0000000000
4872 -1226.0000000000
4878 -1224.0000000000
4883 -1223.0000000000
4911 -1222.0000000000
4926 -1219.0000000000
4954 -1213.0000000000
4994 -1212.0000000000
5009 -1211.0000000000
5025 -1210.0000000000
5029 -1209.0000000000
5042 -1204.0000000000
5088 -1203.0000000000
5091 -1201.0000000000
5105 -1200.0000000000
5108 -1197.0000000000
5184 -1196.0000000000
5185 -1193.0000000000
5241 -1191.0000000000
5283 -1189.0000000000
5286 -1188.0000000000
5315 -1186.0000000000
5349 -1184.0000000000
5350 -1183.0000000000
5363 -1182.0000000000
5382 -1181.0000000000
5388 -1179.0000000000
5440 -1178.0000000000
5451 -1177.0000000000
5453 -1174.0000000000
5478 -1173.0000000000
5486 -1172.0000000000
5519 -1169.0000000000
5537 -1168.0000000000
5541 -1167.0000000000
5549 -1166.0000000000
5565 -1164.0000000000
5583 -1160.0000000000
5596 -1159.0000000000
5607 -1157.0000000000
5630 -1155.0000000000
5633 -1154.0000000000
5661 -1151.0000000000
5681 -1146.0000000000
5730 -1144.0000000000
5747 -1142.0000000000
5761 -1141.0000000000
5807 -1138.0000000000
5866 -1136.0000000000
5900 -1133.0000000000
5920 -1132.0000000000
5931 -1130.0000000000
5956 -1129.0000000000
5976 -1128.0000000000
6000 -1127.0000000000
6024 -1125.0000000000
6027 -1123.0000000000
6043 -1122.0000000000
6061 -1121.0000000000
6094 -1119.0000000000
6127 -1113.0000000000
6150 -1109.0000000000
6199 -1108.0000000000
6210 -1106.0000000000
6233 -1104.0000000000
6250 -1100.0000000000
6262 -1099.0000000000
6294 -1098.0000000000
6318 -1097.0000000000
6330 -1096.0000000000
6348 -1095.0000000000
6393 -1094.0000000000
6405 -1093.0000000000
6430 -1092.0000000000
6431 -1091.0000000000
6452 -1090.0000000000
6477 -1089.0000000000
6485 -1087.0000000000
6531 -1086.0000000000
6561 -1085.0000000000
6570 -1084.0000000000
6578 -1083.0000000000
6604 -1082.0000000000
6623 -1081.0000000000
6642 -1080.0000000000
6664 -1079.0000000000
6671 -1078.0000000000
6681 -1077.0000000000
6683 -1076.0000000000
6701 -1075.0000000000
6739 -1074.0000000000
6742 -1073.0000000000
6760 -1072.0000000000
6788 -1068.0000000000
6832 -1067.0000000000
6856 -1066.0000000000
6859 -1064.0000000000
6862 -1063.0000000000
6883 -1059.0000000000
6925 -1058.0000000000
6934 -1057.0000000000
6947 -1055.0000000000
6983 -1054.0000000000
6996 -1053.0000000000
7002 -1051.0000000000
7041 -1050.0000000000
7052 -1048.0000000000
7064 -1047.0000000000
7084 -1046.0000000000
7100 -1045.0000000000
7101 -1044.0000000000
7104 -1043.0000000000
7120 -1042.0000000000
7144 -1041.0000000000
7158 -1040.0000000000
7208 -1037.0000000000
7233 -1036.0000000000
7270 -1032.0000000000
7292 -1031.0000000000
7308 -1030.0000000000
7321 -1029.0000000000
7355 -1028.0000000000
7394 -1027.0000000000
7408 -1026.0000000000
7414 -1025.0000000000
7433 -1024.0000000000
7467 -1023.0000000000
7469 -1021.0000000000
7539 -1020.0000000000
7548 -1019.0000000000
7562 -1017.0000000000
7591 -1015.0000000000
7601 -1014.0000000000
7604 -1013.0000000000
7609 -1012.0000000000
7621 -1008.0000000000
7679 -1004.0000000000
7744 -1002.0000000000
7749 -1000.0000000000
7795 -999.0000000000
7808 -997.0000000000
7827 -995.0000000000
7841 -993.0000000000
7867 -992.0000000000
7890 -989.0000000000
7902 -988.0000000000
7962 -986.0000000000
7972 -985.0000000000
7989 -984.0000000000
8006 -981.0000000000
8063 -978.0000000000
8106 -977.0000000000
8116 -976.0000000000
8126 -975.0000000000
8153 -974.0000000000
8178 -973.0000000000
8196 -970.0000000000
8224 -968.0000000000
8242 -967.0000000000
8262 -966.0000000000
8268 -965.0000000000
8272 -964.0000000000
8283 -963.0000000000
8322 -961.0000000000
8326 -960.0000000000
8347 -957.0000000000
8381 -956.0000000000
8384 -955.0000000000
8418 -952.0000000000
8429 -951.0000000000
8457 -950.0000000000
8468 -949.0000000000
8494 -948.0000000000
8525 -944.0000000000
8545 -943.0000000000
8582 -940.0000000000
8602 -939.0000000000
8618 -937.0000000000
8647 -936.0000000000
8676 -934.0000000000
8704 -933.0000000000
8724 -932.0000000000
8729 -931.0000000000
8762 -928.0000000000
8784 -925.0000000000
8834 -924.0000000000
8859 -923.0000000000
8867 -919.0000000000
8894 -914.0000000000
8948 -912.0000000000
8968 -909.0000000000
9021 -908.0000000000
9024 -905.0000000000
9059 -904.0000000000
9092 -903.0000000000
9104 -902.0000000000
9126 -901.0000000000
9130 -900.0000000000
9143 -895.0000000000
9204 -893.0000000000
9232 -891.0000000000
9249 -890.0000000000
9288 -887.0000000000
9304 -886.0000000000
9325 -885.0000000000
9339 -884.0000000000
9382 -883.0000000000
9389 -880.0000000000
9435 -877.0000000000
9464 -876.0000000000
9489 -875.0000000000
9517 -874.0000000000
9542 -871.0000000000
9562 -870.0000000000
9590 -869.0000000000
9617 -868.0000000000
9627 -867.0000000000
9655 -866.0000000000
9656 -865.0000000000
9664 -864.0000000000
9685 -863.0000000000
9705 -862.0000000000
9717 -861.0000000000
9724 -860.0000000000
9740 -859.0000000000
9743 -858.0000000000
9745 -857.0000000000
9761 -856.0000000000
9787 -855.0000000000
9793 -852.0000000000
9821 -850.0000000000
9822 -849.0000000000
9882 -848.0000000000
9902 -846.0000000000
9935 -845.0000000000
9949 -843.0000000000
9967 -841.0000000000
10000 -846.0000000000
evaluations raw_y
1 -1914.0000000000
2 -1869.0000000000
3 -1865.0000000000
23 -1860.0000000000
47 -1852.0000000000
60 -1851.0000000000
61 -1820.0000000000
91 -1817.0000000000
113 -1797.0000000000
123 -1772.0000000000
160 -1769.0000000000
187 -1760.0000000000
198 -1758.0000000000
211 -1748.0000000000
232 -1744.0000000000
247 -1743.0000000000
250 -1738.0000000000
257 -1728.0000000000
261 -1721.0000000000
291 -1718.0000000000
303 -1711.0000000000
322 -1706.0000000000
337 -1695.0000000000
341 -1693.0000000000
364 -1692.0000000000
372 -1685.0000000000
387 -1674.0000000000
402 -1671.0000000000
421 -1660.0000000000
428 -1657.0000000000
441 -1654.0000000000
442 -1650.0000000000
465 -1647.0000000000
484 -1645.0000000000
487 -1644.0000000000
496 -1641.0000000000
501 -1638.0000000000
507 -1636.0000000000
516 -1634.0000000000
521 -1627.0000000000
559 -1626.0000000000
564 -1623.0000000000
581 -1622.0000000000
601 -1613.0000000000
646 -1612.0000000000
666 -1611.0000000000
689 -1609.0000000000
703 -1608.0000000000
717 -1605.0000000000
723 -1603.0000000000
727 -1602.0000000000
739 -1594.0000000000
767 -1592.0000000000
777 -1591.0000000000
783 -1588.0000000000
807 -1587.0000000000
835 -1583.0000000000
854 -1577.0000000000
870 -1574.0000000000
905 -1571.0000000000
908 -1568.0000000000
939 -1566.0000000000
956 -1565.0000000000
960 -1564.0000000000
962 -1563.0000000000
970 -1562.0000000000
981 -1561.0000000000
989 -1560.0000000000
1004 -1559.0000000000
1014 -1558.0000000000
1018 -1556.0000000000
1022 -1555.0000000000
1043 -1553.0000000000
1067 -1550.0000000000
1088 -1549.0000000000
1111 -1548.0000000000
1118 -1545.0000000000
1121 -1544.0000000000
1147 -1541.0000000000
1191 -1540.0000000000
1202 -1538.0000000000
1221 -1537.0000000000
1228 -1534.0000000000
1241 -1533.0000000000
1273 -1532.0000000000
1279 -1528.0000000000
1290 -1525.0000000000
1324 -1522.0000000000
1378 -1520.0000000000
1409 -1519.0000000000
1422 -1516.0000000000
1460 -1514.0000000000
1461 -1513.0000000000
1462 -1512.0000000000
1483 -1510.0000000000
1519 -1509.0000000000
1523 -1508.0000000000
1562 -1506.0000000000
1590 -1502.0000000000
1601 -1501.0000000000
1645 -1499.0000000000
1653 -1496.0000000000
1714 -1495.0000000000
1719 -1494.0000000000
1739 -1493.0000000000
1746 -1492.0000000000
1762 -1490.0000000000
1778 -1488.0000000000
1797 -1486.0000000000
1802 -1485.0000000000
1823 -1484.0000000000
1835 -1483.0000000000
1865 -1482.0000000000
1869 -1480.0000000000
1883 -1479.0000000000
1891 -1478.0000000000
1901 -1475.0000000000
1936 -1474.0000000000
1945 -1471.0000000000
1965 -1470.0000000000
1985 -1469.0000000000
2005 -1466.0000000000
2039 -1465.0000000000
2041 -1464.0000000000
2064 -1463.0000000000
2088 -1462.0000000000
2095 -1461.0000000000
2104 -1460.0000000000
2107 -1459.0000000000
2123 -1458.0000000000
2148 -1457.0000000000
2161 -1456.0000000000
2166 -1454.0000000000
2189 -1453.0000000000
2222 -1452.0000000000
2226 -1451.0000000000
2256 -1449.0000000000
2264 -1448.0000000000
2266 -1447.0000000000
2296 -1446.0000000000
2319 -1445.0000000000
2329 -1444.0000000000
2349 -1443.0000000000
2354 -1441.0000000000
2361 -1440.0000000000
2386 -1439.0000000000
2407 -1438.0000000000
2408 -1434.0000000000
2441 -1432.0000000000
2452 -1430.0000000000
2479 -1429.0000000000
2494 -1428.0000000000
2516 -1427.0000000000
2523 -1422.0000000000
2575 -1421.0000000000
2581 -1420.0000000000
2603 -1419.0000000000
2614 -1418.0000000000
2619 -1416.0000000000
2626 -1414.0000000000
2662 -1413.0000000000
2670 -1412.0000000000
2672 -1411.0000000000
2695 -1410.0000000000
2699 -1409.0000000000
2705 -1408.0000000000
2713 -1407.0000000000
2725 -1406.0000000000
2728 -1404.0000000000
2751 -1403.0000000000
2768 -1402.0000000000
2773 -1400.0000000000
2786 -1399.0000000000
2801 -1398.0000000000
2805 -1397.0000000000
2813 -1396.0000000000
2823 -1391.0000000000
2864 -1390.0000000000
2872 -1389.0000000000
2882 -1388.0000000000
2911 -1386.0000000000
2928 -1384.0000000000
2983 -1383.0000000000
2985 -1382.0000000000
2989 -1379.0000000000
3003 -1378.0000000000
3029 -1377.0000000000
3058 -1375.0000000000
3097 -1371.0000000000
3118 -1370.0000000000
3141 -1369.0000000000
3169 -1367.0000000000
3178 -1363.0000000000
3209 -1361.0000000000
3254 -1360.0000000000
3280 -1359.0000000000
3295 -1356.0000000000
3320 -1354.0000000000
3336 -1353.0000000000
3348 -1352.0000000000
3355 -1349.0000000000
3363 -1346.0000000000
3415 -1345.0000000000
3439 -1344.0000000000
3451 -1343.0000000000
3471 -1339.0000000000
3507 -1338.0000000000
3515 -1337.0000000000
3530 -1335.0000000000
3558 -1334.0000000000
3591 -1333.0000000000
3604 -1332.0000000000
3624 -1331.0000000000
3641 -1330.0000000000
3647 -1328.0000000000
3671 -1327.0000000000
3677 -1326.0000000000
3701 -1324.0000000000
3733 -1323.0000000000
3735 -1322.0000000000
3763 -1320.0000000000
3772 -1317.0000000000
3819 -1314.0000000000
3866 -1311.0000000000
3895 -1310.0000000000
3904 -1308.0000000000
3922 -1307.0000000000
3936 -1304.0000000000
3942 -1299.0000000000
3985 -1297.0000000000
3990 -1296.0000000000
4046 -1294.0000000000
4062 -1292.0000000000
4116 -1291.0000000000
4123 -1290.0000000000
4124 -1289.0000000000
4141 -1287.0000000000
4167 -1286.0000000000
4172 -1285.0000000000
4192 -1284.0000000000
4195 -1283.0000000000
4221 -1281.0000000000
4227 -1280.0000000000
4248 -1275.0000000000
4301 -1272.0000000000
4330 -1270.0000000000
4367 -1268.0000000000
4394 -1266.0000000000
4428 -1265.0000000000
4432 -1260.0000000000
4467 -1256.0000000000
4521 -1255.0000000000
4529 -1254.0000000000
4547 -1252.0000000000
4559 -1251.0000000000
4569 -1250.0000000000
4595 -1248.0000000000
4607 -1247.0000000000
4632 -1244.0000000000
4651 -1243.0000000000
4672 -1242.0000000000
4682 -1241.0000000000
4698 -1239.0000000000
4727 -1238.0000000000
4769 -1237.0000000000
4774 -1236.0000000000
4779 -1235.0000000000
4812 -1232.0000000000
4821 -1231.0000000000
4861 -1230.0000000000
4898 -1229.0000000000
4907 -1227.0000000000
4920 -1226.0000000000
4948 -1225.0000000000
4961 -1223.0000000000
4965 -1221.0000000000
5014 -1218.0000000000
5023 -1217.0000000000
5043 -1216.0000000000
5051 -1215.0000000000
5054 -1213.0000000000
5061 -1212.0000000000
5101 -1208.0000000000
5130 -1206.0000000000
5155 -1205.0000000000
5167 -1203.0000000000
5183 -1202.0000000000
5195 -1201.0000000000
5212 -1200.0000000000
5229 -1199.0000000000
5233 -1197.0000000000
5274 -1195.0000000000
5311 -1192.0000000000
5346 -1188.0000000000
5402 -1185.0000000000
5447 -1183.0000000000
5462 -1180.0000000000
5513 -1179.0000000000
5550 -1178.0000000000
5567 -1177.0000000000
5579 -1176.0000000000
5602 -1175.0000000000
5615 -1174.0000000000
5621 -1173.0000000000
5658 -1172.0000000000
5665 -1170.0000000000
5687 -1168.0000000000
5700 -1167.0000000000
5754 -1165.0000000000
5778 -1163.0000000000
5793 -1160.0000000000
5828 -1157.0000000000
5853 -1156.0000000000
5892 -1155.0000000000
5904 -1153.0000000000
5927 -1152.0000000000
5964 -1151.0000000000
5991 -1148.0000000000
6005 -1147.0000000000
6012 -1146.0000000000
6042 -1145.0000000000
6043 -1144.0000000000
6068 -1142.0000000000
6096 -1141.0000000000
6124 -1140.0000000000
6142 -1139.0000000000
6155 -1137.0000000000
6180 -1136.0000000000
6197 -1135.0000000000
6207 -1131.0000000000
6252 -1129.0000000000
6270 -1128.0000000000
6284 -1127.0000000000
6307 -1126.0000000000
6320 -1125.0000000000
6328 -1123.0000000000
6340 -1122.0000000000
6359 -1120.0000000000
6365 -1119.0000000000
6382 -1118.0000000000
6412 -1116.0000000000
6441 -1115.0000000000
6455 -1113.0000000000
6496 -1112.0000000000
6503 -1111.0000000000
6532 -1109.0000000000
6539 -1108.0000000000
6543 -1106.0000000000
6568 -1104.0000000000
6601 -1102.0000000000
6636 -1101.0000000000
6644 -1097.0000000000
6704 -1096.0000000000
6733 -1094.0000000000
6765 -1092.0000000000
6777 -1091.0000000000
6797 -1090.0000000000
6802 -1088.0000000000
6820 -1085.0000000000
6849 -1083.0000000000
6859 -1080.0000000000
6886 -1077.0000000000
6951 -1075.0000000000
6963 -1073.0000000000
6993 -1072.0000000000
7011 -1071.0000000000
7016 -1069.0000000000
7044 -1067.0000000000
7097 -1065.0000000000
7108 -1064.0000000000
7116 -1063.0000000000
7124 -1061.0000000000
7164 -1059.0000000000
7169 -1057.0000000000
7204 -1056.0000000000
7207 -1053.0000000000
7225 -1050.0000000000
7262 -1049.0000000000
7294 -1048.0000000000
7303 -1047.0000000000
7327 -1046.0000000000
7336 -1044.0000000000
7368 -1043.0000000000
7373 -1042.0000000000
7392 -1039.0000000000
7406 -1038.0000000000
7424 -1037.0000000000
7451 -1035.0000000000
7463 -1034.0000000000
7483 -1032.0000000000
7509 -1031.0000000000
7523 -1030.0000000000
7541 -1029.0000000000
7545 -1028.0000000000
7552 -1025.0000000000
7625 -1022.0000000000
7645 -1020.0000000000
7669 -1019.0000000000
7687 -1018.0000000000
7692 -1015.0000000000
7721 -1012.0000000000
7765 -1011.0000000000
7790 -1010.0000000000
7805 -1009.0000000000
7833 -1008.0000000000
7860 -1007.0000000000
7869 -1006.0000000000
7885 -1004.0000000000
7923 -1002.0000000000
7935 -1001.0000000000
7957 -999.0000000000
7966 -998.0000000000
7981 -997.0000000000
8002 -996.0000000000
8014 -993.0000000000
8036 -992.0000000000
8042 -991.0000000000
8048 -990.0000000000
8065 -989.0000000000
8093 -988.0000000000
8115 -987.0000000000
8117 -985.0000000000
8128 -981.0000000000
8170 -980.0000000000
8192 -979.0000000000
8214 -976.0000000000
8244 -975.0000000000
8252 -974.0000000000
8259 -973.0000000000
8264 -971.0000000000
8285 -970.0000000000
8300 -969.0000000000
8322 -968.0000000000
8329 -967.0000000000
8361 -965.0000000000
8381 -964.0000000000
8396 -962.0000000000
8417 -961.0000000000
8441 -960.0000000000
8477 -959.0000000000
8484 -958.0000000000
8486 -956.0000000000
8503 -955.0000000000
8533 -954.0000000000
8538 -953.0000000000
8552 -952.0000000000
8564 -949.0000000000
8571 -948.0000000000
8583 -946.0000000000
8639 -944.0000000000
8644 -943.0000000000
8669 -942.0000000000
8685 -939.0000000000
8721 -938.0000000000
8745 -937.0000000000
8767 -933.0000000000
8831 -932.0000000000
8861 -931.0000000000
8881 -929.0000000000
8897 -928.0000000000
8915 -927.0000000000
8925 -926.0000000000
8928 -925.0000000000
8948 -924.0000000000
8981 -923.0000000000
8984 -922.0000000000
9002 -920.0000000000
9022 -916.0000000000
9023 -915.0000000000
9085 -913.0000000000
9099 -912.0000000000
9103 -911.0000000000
9143 -909.0000000000
9182 -908.0000000000
9187 -906.0000000000
9192 -905.0000000000
9224 -903.0000000000
9243 -902.0000000000
9264 -901.0000000000
9289 -900.0000000000
9305 -898.0000000000
9350 -897.0000000000
9354 -896.0000000000
9363 -895.0000000000
9364 -894.0000000000
9370 -893.0000000000
9381 -892.0000000000
9402 -891.0000000000
9412 -889.0000000000
9443 -888.0000000000
9454 -886.0000000000
9468 -884.0000000000
9484 -883.0000000000
9485 -882.0000000000
9516 -881.0000000000
9531 -880.0000000000
9541 -879.0000000000
9560 -876.0000000000
9581 -875.0000000000
9602 -874.0000000000
9650 -873.0000000000
9653 -871.0000000000
9699 -868.0000000000
9712 -867.0000000000
9725 -866.0000000000
9761 -865.0000000000
9811 -864.0000000000
9813 -863.0000000000
9821 -862.0000000000
9858 -861.0000000000
9861 -860.0000000000
9887 -858.0000000000
9915 -857.0000000000
9953 -854.0000000000
9999 -853.0000000000
10000 -859.0000000000
evaluations raw_y
1 -1877.0000000000
4 -1857.0000000000
12 -1838.0000000000
18 -1823.0000000000
35 -1813.0000000000
49 -1812.0000000000
59 -1803.0000000000
63 -1790.0000000000
83 -1772.0000000000
101 -1771.0000000000
123 -1752.0000000000
136 -1746.0000000000
145 -1726.0000000000
165 -1723.0000000000
169 -1715.0000000000
201 -1699.0000000000
216 -1676.0000000000
229 -1668.0000000000
255 -1664.0000000000
293 -1652.0000000000
319 -1651.0000000000
332 -1650.0000000000
339 -1646.0000000000
341 -1641.0000000000
357 -1638.0000000000
380 -1635.0000000000
381 -1629.0000000000
387 -1626.0000000000
442 -1624.0000000000
450 -1623.0000000000
464 -1621.0000000000
469 -1620.0000000000
473 -1618.0000000000
495 -1615.0000000000
504 -1612.0000000000
511 -1611.0000000000
513 -1599.0000000000
545 -1598.0000000000
548 -1597.0000000000
582 -1595.0000000000
598 -1594.0000000000
606 -1590.0000000000
613 -1587.0000000000
622 -1583.0000000000
643 -1581.0000000000
665 -1580.0000000000
669 -1579.0000000000
701 -1576.0000000000
716 -1575.0000000000
731 -1572.0000000000
746 -1571.0000000000
763 -1570.0000000000
766 -1567.0000000000
793 -1564.0000000000
815 -1563.0000000000
816 -1561.0000000000
828 -1560.0000000000
846 -1558.0000000000
850 -1557.0000000000
863 -1556.0000000000
887 -1555.0000000000
904 -1554.0000000000
922 -1553.0000000000
936 -1552.0000000000
943 -1551.0000000000
944 -1550.0000000000
962 -1548.0000000000
967 -1545.0000000000
1002 -1543.0000000000
1012 -1540.0000000000
1055 -1538.0000000000
1061 -1537.0000000000
1090 -1536.0000000000
1109 -1535.0000000000
1117 -1534.0000000000
1127 -1533.0000000000
1128 -1532.0000000000
1146 -1531.0000000000
1164 -1530.0000000000
1175 -1528.0000000000
1196 -1527.0000000000
1227 -1526.0000000000
1237 -1524.0000000000
1247 -1523.0000000000
1266 -1522.0000000000
1277 -1521.0000000000
1281 -1519.0000000000
1291 -1517.0000000000
1309 -1516.0000000000
1325 -1515.0000000000
1366 -1513.0000000000
1405 -1512.0000000000
1414 -1509.0000000000
1422 -1507.0000000000
1449 -1506.0000000000
1452 -1505.0000000000
1461 -1502.0000000000
1489 -1501.0000000000
1492 -1500.0000000000
1511 -1499.0000000000
1522 -1497.0000000000
1564 -1495.0000000000
1575 -1494.0000000000
1617 -1489.0000000000
1672 -1487.0000000000
1681 -1486.0000000000
1690 -1485.0000000000
1698 -1482.0000000000
1742 -1480.0000000000
1765 -1478.0000000000
1805 -1476.0000000000
1823 -1475.0000000000
1845 -1471.0000000000
1875 -1470.0000000000
1884 -1467.0000000000
1907 -1466.0000000000
1946 -1465.0000000000
1949 -1464.0000000000
1961 -1462.0000000000
1969 -1460.0000000000
2004 -1459.0000000000
2005 -1456.0000000000
2022 -1451.0000000000
2048 -1449.0000000000
2073 -1448.0000000000
2108 -1447.0000000000
2127 -1445.0000000000
2141 -1443.0000000000
2166 -1441.0000000000
2183 -1439.0000000000
2197 -1438.0000000000
2218 -1436.0000000000
2221 -1435.0000000000
2228 -1434.0000000000
2233 -1433.0000000000
2244 -1431.0000000000
2278 -1427.0000000000
2302 -1425.0000000000
2329 -1424.0000000000
2335 -1418.0000000000
2361 -1416.0000000000
2383 -1411.0000000000
2409 -1410.0000000000
2441 -1409.0000000000
2455 -1407.0000000000
2488 -1403.0000000000
2509 -1402.0000000000
2542 -1401.0000000000
2547 -1399.0000000000
2562 -1396.0000000000
2609 -1395.0000000000
2624 -1393.0000000000
2647 -1392.0000000000
2653 -1391.0000000000
2667 -1390.0000000000
2705 -1389.0000000000
2707 -1387.0000000000
2723 -1385.0000000000
2747 -1383.0000000000
2792 -1382.0000000000
2808 -1381.0000000000
2826 -1380.0000000000
2844 -1378.0000000000
2864 -1377.0000000000
2879 -1376.0000000000
2906 -1374.0000000000
2929 -1372.0000000000
2975 -1368.0000000000
3001 -1367.0000000000
3023 -1365.0000000000
3024 -1364.0000000000
3051 -1363.0000000000
3055 -1362.0000000000
3062 -1361.0000000000
3075 -1360.0000000000
3082 -1357.0000000000
3103 -1353.0000000000
3175 -1352.0000000000
3190 -1349.0000000000
3205 -1347.0000000000
3227 -1345.0000000000
3234 -1344.0000000000
3257 -1343.0000000000
3271 -1341.0000000000
3281 -1339.0000000000
3310 -1338.0000000000
3314 -1337.0000000000
3323 -1335.0000000000
3333 -1331.0000000000
3352 -1330.0000000000
3382 -1329.0000000000
3385 -1327.0000000000
3408 -1324.0000000000
3441 -1323.0000000000
3442 -1321.0000000000
3467 -1318.0000000000
3502 -1317.0000000000
3519 -1316.0000000000
3526 -1315.0000000000
3543 -1314.0000000000
3558 -1313.0000000000
3559 -1312.0000000000
3582 -1311.0000000000
3601 -1310.0000000000
3633 -1306.0000000000
3677 -1305.0000000000
3691 -1304.0000000000
3701 -1300.0000000000
3742 -1299.0000000000
3759 -1298.0000000000
3780 -1297.0000000000
3802 -1293.0000000000
3870 -1292.0000000000
3873 -1291.0000000000
3901 -1289.0000000000
3912 -1288.0000000000
3932 -1287.0000000000
3946 -1286.0000000000
3951 -1283.0000000000
3988 -1282.0000000000
4002 -1281.0000000000
4003 -1279.0000000000
4004 -1278.0000000000
4041 -1276.0000000000
4065 -1274.0000000000
4083 -1273.0000000000
4102 -1272.0000000000
4122 -1271.0000000000
4127 -1268.0000000000
4143 -1266.0000000000
4181 -1265.0000000000
4201 -1263.0000000000
4221 -1262.0000000000
4232 -1261.0000000000
4244 -1259.0000000000
4262 -1257.0000000000
4282 -1256.0000000000
4306 -1255.0000000000
4326 -1253.0000000000
4357 -1252.0000000000
4362 -1251.0000000000
4365 -1250.0000000000
4396 -1249.0000000000
4425 -1248.0000000000
4428 -1246.0000000000
4443 -1245.0000000000
4455 -1244.0000000000
4465 -1243.0000000000
4496 -1242.0000000000
4505 -1241.0000000000
4507 -1240.0000000000
4542 -1238.0000000000
4550 -1237.0000000000
4562 -1236.0000000000
4572 -1235.0000000000
4587 -1233.0000000000
4601 -1230.0000000000
4624 -1228.0000000000
4681 -1227.0000000000
4695 -1226.0000000000
4728 -1225.0000000000
4742 -1223.0000000000
4764 -1222.0000000000
4784 -1221.0000000000
4793 -1219.0000000000
4806 -1218.0000000000
4823 -1216.0000000000
4851 -1215.0000000000
4862 -1214.0000000000
4868 -1212.0000000000
4881 -1211.0000000000
4920 -1210.0000000000
4928 -1209.0000000000
4951 -1208.0000000000
4955 -1207.0000000000
4966 -1205.0000000000
5032 -1203.0000000000
5034 -1202.0000000000
5046 -1200.0000000000
5094 -1199.0000000000
5101 -1198.0000000000
5129 -1196.0000000000
5152 -1194.0000000000
5183 -1192.0000000000
5201 -1191.0000000000
5238 -1190.0000000000
5250 -1189.0000000000
5263 -1188.0000000000
5276 -1185.0000000000
5307 -1184.0000000000
5329 -1180.0000000000
5351 -1179.0000000000
5362 -1178.0000000000
5384 -1176.0000000000
5406 -1173.0000000000
5426 -1172.0000000000
5434 -1170.0000000000
5479 -1169.0000000000
5491 -1165.0000000000
5519 -1164.0000000000
5573 -1163.0000000000
5582 -1162.0000000000
5583 -1161.0000000000
5597 -1158.0000000000
5628 -1157.0000000000
5665 -1156.0000000000
5699 -1155.0000000000
5705 -1154.0000000000
5723 -1152.0000000000
5736 -1150.0000000000
5789 -1149.0000000000
5799 -1146.0000000000
5810 -1144.0000000000
5821 -1143.0000000000
5847 -1142.0000000000
5895 -1140.0000000000
5907 -1138.0000000000
5916 -1135.0000000000
5949 -1131.0000000000
5985 -1130.0000000000
5997 -1129.0000000000
6008 -1125.0000000000
6033 -1123.0000000000
6084 -1122.0000000000
6122 -1118.0000000000
6187 -1113.0000000000
6242 -1111.0000000000
6303 -1110.0000000000
6326 -1109.0000000000
6327 -1108.0000000000
6330 -1106.0000000000
6366 -1104.0000000000
6369 -1103.0000000000
6380 -1102.0000000000
6382 -1100.0000000000
6431 -1098.0000000000
6462 -1095.0000000000
6487 -1093.0000000000
6504 -1091.0000000000
6524 -1090.0000000000
6545 -1089.0000000000
6558 -1088.0000000000
6580 -1086.0000000000
6598 -1085.0000000000
6601 -1084.0000000000
6617 -1083.0000000000
6625 -1081.0000000000
6677 -1078.0000000000
6684 -1077.0000000000
6705 -1076.0000000000
6713 -1075.0000000000
6734 -1073.0000000000
6748 -1069.0000000000
6789 -1068.0000000000
6806 -1067.0000000000
6808 -1065.0000000000
6850 -1064.0000000000
6876 -1063.0000000000
6878 -1062.0000000000
6882 -1060.0000000000
6906 -1059.0000000000
6924 -1058.0000000000
6928 -1057.0000000000
6956 -1056.0000000000
6975 -1053.0000000000
7022 -1051.0000000000
7052 -1050.0000000000
7080 -1049.0000000000
7082 -1048.0000000000
7083 -1047.0000000000
7129 -1045.0000000000
7146 -1042.0000000000
7167 -1040.0000000000
7188 -1037.0000000000
7211 -1036.0000000000
7225 -1032.0000000000
7256 -1031.0000000000
7294 -1030.0000000000
7297 -1029.0000000000
7325 -1028.0000000000
7332 -1027.0000000000
7350 -1026.0000000000
7361 -1024.0000000000
7375 -1023.0000000000
7405 -1022.0000000000
7410 -1020.0000000000
7442 -1018.0000000000
7464 -1016.0000000000
7517 -1014.0000000000
7542 -1012.0000000000
7575 -1009.0000000000
7603 -1008.0000000000
7622 -1007.0000000000
7665 -1006.0000000000
7683 -1005.0000000000
7690 -1004.0000000000
7722 -1003.0000000000
7740 -1002.0000000000
7759 -997.0000000000
7824 -996.0000000000
7836 -995.0000000000
7853 -993.0000000000
7912 -989.0000000000
7955 -987.0000000000
7993 -986.0000000000
7998 -985.0000000000
8018 -984.0000000000
8021 -982.0000000000
8068 -981.0000000000
8074 -978.0000000000
8083 -977.0000000000
8108 -974.0000000000
8147 -973.0000000000
8163 -972.0000000000
8184 -971.0000000000
8222 -970.0000000000
8257 -969.0000000000
8274 -966.0000000000
8295 -965.0000000000
8334 -964.0000000000
8368 -963.0000000000
8392 -961.0000000000
8447 -959.0000000000
8463 -958.0000000000
8479 -957.0000000000
8483 -955.0000000000
8517 -954.0000000000
8520 -952.0000000000
8580 -951.0000000000
8591 -949.0000000000
8616 -948.0000000000
8617 -946.0000000000
8634 -944.0000000000
8674 -943.0000000000
8705 -941.0000000000
8708 -940.0000000000
8732 -939.0000000000
8744 -938.0000000000
8772 -937.0000000000
8793 -936.0000000000
8797 -934.0000000000
8828 -932.0000000000
8833 -930.0000000000
8857 -927.0000000000
8890 -926.0000000000
8905 -925.0000000000
8923 -921.0000000000
8962 -920.0000000000
8997 -919.0000000000
9005 -918.0000000000
9016 -916.0000000000
9037 -915.0000000000
9061 -912.0000000000
9091 -911.0000000000
9119 -910.0000000000
9143 -908.0000000000
9147 -907.0000000000
9172 -906.0000000000
9198 -905.0000000000
9200 -904.0000000000
9209 -903.0000000000
9255 -902.0000000000
9262 -901.0000000000
9283 -898.0000000000
9313 -896.0000000000
9336 -894.0000000000
9386 -890.0000000000
9417 -889.0000000000
9438 -888.0000000000
9471 -887.0000000000
9501 -886.0000000000
9516 -885.0000000000
9530 -884.0000000000
9542 -883.0000000000
9545 -882.0000000000
9561 -881.0000000000
9621 -879.0000000000
9646 -878.0000000000
9656 -877.0000000000
9662 -876.0000000000
9664 -875.0000000000
9696 -873.0000000000
9698 -872.0000000000
9719 -871.0000000000
9761 -870.0000000000
9768 -869.0000000000
9799 -868.0000000000
9803 -867.0000000000
9829 -866.0000000000
9850 -861.0000000000
9899 -859.0000000000
9914 -858.0000000000
9933 -857.0000000000
9945 -856.0000000000
10000 -856.0000000000
evaluations raw_y
1 -1979.0000000000
2 -1900.0000000000
7 -1894.0000000000
9 -1877.0000000000
19 -1841.0000000000
38 -1835.0000000000
44 -1833.0000000000
45 -1796.0000000000
83 -1788.0000000000
87 -1783.0000000000
91 -1772.0000000000
116 -1737.0000000000
121 -1736.0000000000
150 -1735.0000000000
152 -1723.0000000000
166 -1710.0000000000
205 -1709.0000000000
226 -1707.0000000000
228 -1705.0000000000
263 -1704.0000000000
275 -1702.0000000000
280 -1696.0000000000
287 -1695.0000000000
313 -1690.0000000000
331 -1688.0000000000
343 -1687.0000000000
344 -1678.0000000000
403 -1676.0000000000
427 -1671.0000000000
463 -1670.0000000000
483 -1669.0000000000
492 -1668.0000000000
511 -1665.0000000000
516 -1662.0000000000
530 -1661.0000000000
541 -1657.0000000000
596 -1655.0000000000
630 -1653.0000000000
661 -1652.0000000000
672 -1650.0000000000
682 -1649.0000000000
703 -1648.0000000000
711 -1647.0000000000
715 -1646.0000000000
738 -1641.0000000000
751 -1640.0000000000
785 -1639.0000000000
790 -1638.0000000000
801 -1636.0000000000
831 -1634.0000000000
842 -1633.0000000000
865 -1627.0000000000
921 -1626.0000000000
942 -1625.0000000000
962 -1621.0000000000
983 -1620.0000000000
990 -1618.0000000000
1005 -1617.0000000000
1022 -1615.0000000000
1049 -1612.0000000000
1064 -1611.0000000000
1081 -1609.0000000000
1111 -1605.0000000000
1142 -1602.0000000000
1173 -1601.0000000000
1182 -1599.0000000000
1202 -1598.0000000000
1231 -1597.0000000000
1243 -1594.0000000000
1270 -1593.0000000000
1279 -1592.0000000000
1295 -1591.0000000000
1303 -1589.0000000000
1335 -1588.0000000000
1342 -1586.0000000000
1362 -1585.0000000000
1367 -1584.0000000000
1388 -1583.0000000000
1396 -1582.0000000000
1403 -1581.0000000000
1433 -1580.0000000000
1435 -1579.0000000000
1443 -1578.0000000000
1451 -1577.0000000000
1458 -1576.0000000000
1481 -1575.0000000000
1483 -1574.0000000000
1488 -1573.0000000000
1491 -1572.0000000000
1502 -1571.0000000000
1514 -1570.0000000000
1529 -1568.0000000000
1562 -1567.0000000000
1565 -1565.0000000000
1590 -1561.0000000000
1621 -1558.0000000000
1644 -1557.0000000000
1671 -1556.0000000000
1685 -1553.0000000000
1741 -1552.0000000000
1749 -1549.0000000000
1754 -1546.0000000000
1805 -1544.0000000000
1808 -1543.0000000000
1809 -1542.0000000000
1823 -1541.0000000000
1828 -1539.0000000000
1853 -1538.0000000000
1864 -1537.0000000000
1888 -1535.0000000000
1895 -1532.0000000000
1921 -1529.0000000000
1944 -1527.0000000000
1970 -1525.0000000000
1986 -1523.0000000000
2018 -1520.0000000000
2043 -1518.0000000000
2061 -1517.0000000000
2068 -1514.0000000000
2083 -1513.0000000000
2106 -1512.0000000000
2127 -1509.0000000000
2146 -1507.0000000000
2155 -1504.0000000000
2161 -1503.0000000000
2165 -1501.0000000000
2180 -1500.0000000000
2201 -1497.0000000000
2226 -1494.0000000000
2248 -1493.0000000000
2251 -1492.0000000000
2262 -1489.0000000000
2293 -1488.0000000000
2319 -1486.0000000000
2329 -1484.0000000000
2342 -1482.0000000000
2390 -1480.0000000000
2391 -1478.0000000000
2415 -1477.0000000000
2422 -1476.0000000000
2425 -1474.0000000000
2428 -1473.0000000000
2449 -1472.0000000000
2462 -1469.0000000000
2483 -1468.0000000000
2509 -1467.0000000000
2521 -1466.0000000000
2531 -1465.0000000000
2564 -1464.0000000000
2566 -1463.0000000000
2581 -1462.0000000000
2609 -1461.0000000000
2616 -1460.0000000000
2621 -1459.0000000000
2643 -1458.0000000000
2664 -1457.0000000000
2665 -1452.0000000000
2697 -1450.0000000000
2706 -1449.0000000000
2707 -1448.0000000000
2723 -1446.0000000000
2728 -1445.0000000000
2752 -1444.0000000000
2763 -1440.0000000000
2822 -1439.0000000000
2825 -1435.0000000000
2900 -1434.0000000000
2904 -1430.0000000000
2924 -1428.0000000000
2935 -1427.0000000000
2947 -1423.0000000000
2964 -1422.0000000000
2989 -1421.0000000000
3023 -1420.0000000000
3033 -1418.0000000000
3050 -1417.0000000000
3074 -1416.0000000000
3093 -1415.0000000000
3115 -1412.0000000000
3149 -1410.0000000000
3162 -1408.0000000000
3189 -1407.0000000000
3195 -1403.0000000000
3226 -1402.0000000000
3241 -1401.0000000000
3242 -1399.0000000000
3278 -1397.0000000000
3279 -1396.0000000000
3288 -1393.0000000000
3314 -1392.0000000000
3322 -1391.0000000000
3343 -1389.0000000000
3363 -1387.0000000000
3365 -1386.0000000000
3407 -1383.0000000000
3435 -1382.0000000000
3444 -1381.0000000000
3479 -1376.0000000000
3509 -1375.0000000000
3530 -1374.0000000000
3550 -1373.0000000000
3552 -1371.0000000000
3564 -1370.0000000000
3572 -1369.0000000000
3604 -1367.0000000000
3624 -1366.0000000000
3635 -1364.0000000000
3645 -1363.0000000000
3678 -1362.0000000000
3680 -1361.0000000000
3692 -1360.0000000000
3696 -1359.0000000000
3722 -1356.0000000000
3771 -1355.0000000000
3782 -1351.0000000000
3804 -1349.0000000000
3823 -1347.0000000000
3858 -1345.0000000000
3868 -1340.0000000000
3921 -1337.0000000000
3949 -1336.0000000000
3965 -1333.0000000000
3983 -1331.0000000000
4024 -1329.0000000000
4055 -1328.0000000000
4072 -1327.0000000000
4081 -1325.0000000000
4118 -1324.0000000000
4132 -1322.0000000000
4142 -1321.0000000000
4154 -1320.0000000000
4187 -1319.0000000000
4188 -1318.0000000000
4191 -1316.0000000000
4223 -1312.0000000000
4258 -1311.0000000000
4273 -1310.0000000000
4305 -1309.0000000000
4306 -1307.0000000000
4329 -1306.0000000000
4346 -1305.0000000000
4372 -1304.0000000000
4378 -1303.0000000000
4382 -1299.0000000000
4426 -1297.0000000000
4450 -1296.0000000000
4466 -1295.0000000000
4483 -1293.0000000000
4500 -1292.0000000000
4530 -1288.0000000000
4576 -1286.0000000000
4585 -1283.0000000000
4632 -1282.0000000000
4643 -1280.0000000000
4663 -1276.0000000000
4709 -1274.0000000000
4741 -1273.0000000000
4754 -1272.0000000000
4768 -1270.0000000000
4781 -1269.0000000000
4806 -1268.0000000000
4833 -1267.0000000000
4837 -1265.0000000000
4844 -1263.0000000000
4895 -1261.0000000000
4913 -1260.0000000000
4921 -1258.0000000000
4922 -1257.0000000000
4925 -1256.0000000000
4935 -1255.0000000000
4969 -1254.0000000000
4974 -1253.0000000000
4978 -1250.0000000000
4993 -1248.0000000000
5027 -1247.0000000000
5049 -1245.0000000000
5069 -1240.0000000000
5121 -1239.0000000000
5146 -1237.0000000000
5152 -1236.0000000000
5169 -1235.0000000000
5183 -1233.0000000000
5207 -1232.0000000000
5224 -1230.0000000000
5265 -1228.0000000000
5266 -1226.0000000000
5276 -1224.0000000000
5340 -1223.0000000000
5346 -1219.0000000000
5410 -1218.0000000000
5421 -1217.0000000000
5427 -1216.0000000000
5464 -1215.0000000000
5495 -1214.0000000000
5506 -1213.0000000000
5521 -1211.0000000000
5545 -1209.0000000000
5568 -1208.0000000000
5579 -1207.0000000000
5619 -1206.0000000000
5642 -1205.0000000000
5651 -1204.0000000000
5674 -1203.0000000000
5682 -1202.0000000000
5701 -1196.0000000000
5758 -1194.0000000000
5794 -1193.0000000000
5822 -1191.0000000000
5860 -1190.0000000000
5866 -1187.0000000000
5913 -1186.0000000000
5914 -1185.0000000000
5933 -1184.0000000000
5958 -1181.0000000000
6022 -1180.0000000000
6024 -1177.0000000000
6067 -1172.0000000000
6102 -1171.0000000000
6128 -1170.0000000000
6154 -1167.0000000000
6163 -1165.0000000000
6201 -1164.0000000000
6213 -1162.0000000000
6239 -1161.0000000000
6248 -1160.0000000000
6263 -1159.0000000000
6269 -1158.0000000000
6282 -1155.0000000000
6323 -1154.0000000000
6348 -1153.0000000000
6362 -1152.0000000000
6384 -1151.0000000000
6386 -1150.0000000000
6395 -1149.0000000000
6423 -1147.0000000000
6458 -1146.0000000000
6481 -1144.0000000000
6531 -1142.0000000000
6564 -1141.0000000000
6589 -1137.0000000000
6629 -1135.0000000000
6665 -1134.0000000000
6674 -1133.0000000000
6687 -1126.0000000000
6755 -1125.0000000000
6757 -1124.0000000000
6793 -1123.0000000000
6794 -1122.0000000000
6808 -1119.0000000000
6831 -1117.0000000000
6869 -1116.0000000000
6885 -1115.0000000000
6901 -1111.0000000000
6904 -1110.0000000000
6936 -1109.0000000000
6962 -1108.0000000000
6967 -1106.0000000000
7006 -1105.0000000000
7013 -1104.0000000000
7021 -1102.0000000000
7048 -1100.0000000000
7067 -1099.0000000000
7076 -1098.0000000000
7098 -1097.0000000000
7105 -1092.0000000000
7121 -1091.0000000000
7158 -1090.0000000000
7163 -1087.0000000000
7209 -1086.0000000000
7221 -1085.0000000000
7225 -1084.0000000000
7239 -1082.0000000000
7288 -1081.0000000000
7293 -1079.0000000000
7310 -1077.0000000000
7334 -1076.0000000000
7338 -1075.0000000000
7353 -1074.0000000000
7400 -1072.0000000000
7420 -1071.0000000000
7441 -1070.0000000000
7449 -1068.0000000000
7477 -1067.0000000000
7489 -1065.0000000000
7500 -1063.0000000000
7533 -1062.0000000000
7537 -1061.0000000000
7582 -1060.0000000000
7599 -1058.0000000000
7608 -1055.0000000000
7641 -1054.0000000000
7675 -1052.0000000000
7695 -1051.0000000000
7710 -1046.0000000000
7772 -1045.0000000000
7795 -1044.0000000000
7800 -1042.0000000000
7808 -1039.0000000000
7890 -1038.0000000000
7892 -1036.0000000000
7929 -1032.0000000000
7977 -1029.0000000000
8013 -1027.0000000000
8042 -1026.0000000000
8053 -1024.0000000000
8068 -1023.0000000000
8081 -1021.0000000000
8136 -1020.0000000000
8152 -1017.0000000000
8195 -1016.0000000000
8200 -1014.0000000000
8232 -1013.0000000000
8235 -1012.0000000000
8284 -1010.0000000000
8304 -1009.0000000000
8329 -1008.0000000000
8344 -1006.0000000000
8366 -1005.0000000000
8389 -1004.0000000000
8401 -1003.0000000000
8429 -1002.0000000000
8431 -1000.0000000000
8466 -999.0000000000
8484 -998.0000000000
8504 -997.0000000000
8508 -996.0000000000
8540 -995.0000000000
8565 -991.0000000000
8575 -990.0000000000
8603 -989.0000000000
8614 -985.0000000000
8661 -982.0000000000
8702 -981.0000000000
8703 -980.0000000000
8734 -979.0000000000
8749 -975.0000000000
8812 -974.0000000000
8823 -973.0000000000
8837 -972.0000000000
8855 -971.0000000000
8919 -970.0000000000
8924 -969.0000000000
8928 -968.0000000000
8966 -967.0000000000
9002 -964.0000000000
9036 -963.0000000000
9044 -962.0000000000
9047 -959.0000000000
9066 -958.0000000000
9101 -957.0000000000
9127 -956.0000000000
9152 -955.0000000000
9153 -954.0000000000
9165 -953.0000000000
9188 -951.0000000000
9206 -950.0000000000
9219 -949.0000000000
9225 -948.0000000000
9226 -947.0000000000
9261 -946.0000000000
9294 -945.0000000000
9303 -942.0000000000
9343 -941.0000000000
9364 -940.0000000000
9370 -939.0000000000
9404 -937.0000000000
9411 -935.0000000000
9425 -934.0000000000
9443 -933.0000000000
9479 -931.0000000000
9499 -930.0000000000
9524 -926.0000000000
9562 -925.0000000000
9583 -923.0000000000
9620 -922.0000000000
9624 -918.0000000000
9663 -916.0000000000
9705 -914.0000000000
9722 -912.0000000000
9777 -910.0000000000
9810 -909.0000000000
9826 -906.0000000000
9851 -905.0000000000
9863 -904.0000000000
9885 -900.0000000000
9945 -898.0000000000
9985 -896.0000000000
10000 -900.0000000000
evaluations raw_y
1 -1925.0000000000
2 -1865.0000000000
16 -1861.0000000000
32 -1860.0000000000
36 -1843.0000000000
58 -1826.0000000000
64 -1817.0000000000
92 -1800.0000000000
108 -1794.0000000000
129 -1783.0000000000
131 -1780.0000000000
141 -1775.0000000000
158 -1768.0000000000
161 -1762.0000000000
162 -1755.0000000000
173 -1741.0000000000
213 -1734.0000000000
214 -1732.0000000000
241 -1726.0000000000
248 -1715.0000000000
263 -1710.0000000000
302 -1685.0000000000
329 -1677.0000000000
343 -1670.0000000000
347 -1653.0000000000
383 -1651.0000000000
426 -1650.0000000000
427 -1646.0000000000
441 -1635.0000000000
510 -1632.0000000000
526 -1630.0000000000
546 -1627.0000000000
561 -1625.0000000000
573 -1622.0000000000
582 -1618.0000000000
602 -1615.0000000000
623 -1609.0000000000
699 -1608.0000000000
711 -1606.0000000000
726 -1605.0000000000
737 -1601.0000000000
744 -1597.0000000000
822 -1596.0000000000
824 -1592.0000000000
843 -1591.0000000000
854 -1588.0000000000
869 -1587.0000000000
886 -1586.0000000000
910 -1585.0000000000
926 -1584.0000000000
930 -1578.0000000000
962 -1576.0000000000
1018 -1574.0000000000
1030 -1573.0000000000
1041 -1571.0000000000
1066 -1568.0000000000
1116 -1567.0000000000
1123 -1566.0000000000
1160 -1565.0000000000
1188 -1564.0000000000
1190 -1562.0000000000
1203 -1561.0000000000
1214 -1560.0000000000
1234 -1559.0000000000
1252 -1556.0000000000
1283 -1555.0000000000
1302 -1551.0000000000
1342 -1550.0000000000
1344 -1549.0000000000
1354 -1548.0000000000
1363 -1547.0000000000
1367 -1545.0000000000
1406 -1542.0000000000
1418 -1540.0000000000
1435 -1537.0000000000
1450 -1536.0000000000
1481 -1534.0000000000
1514 -1530.0000000000
1532 -1529.0000000000
1541 -1528.0000000000
1554 -1525.0000000000
1561 -1522.0000000000
1588 -1521.0000000000
1603 -1520.0000000000
1628 -1519.0000000000
1646 -1517.0000000000
1688 -1513.0000000000
1716 -1511.0000000000
1739 -1510.0000000000
1747 -1509.0000000000
1764 -1507.0000000000
1806 -1505.0000000000
1829 -1503.0000000000
1872 -1502.0000000000
1885 -1500.0000000000
1889 -1499.0000000000
1905 -1498.0000000000
1910 -1497.0000000000
1936 -1496.0000000000
1946 -1494.0000000000
1969 -1493.0000000000
1988 -1492.0000000000
2007 -1491.0000000000
2009 -1488.0000000000
2041 -1487.0000000000
2066 -1486.0000000000
2074 -1485.0000000000
2081 -1482.0000000000
2120 -1481.0000000000
2140 -1480.0000000000
2150 -1475.0000000000
2177 -1473.0000000000
2222 -1470.0000000000
2230 -1469.0000000000
2245 -1467.0000000000
2263 -1466.0000000000
2271 -1464.0000000000
2317 -1463.0000000000
2321 -1460.0000000000
2349 -1459.0000000000
2366 -1457.0000000000
2383 -1455.0000000000
2421 -1454.0000000000
2427 -1453.0000000000
2450 -1452.0000000000
2452 -1451.0000000000
2459 -1450.0000000000
2481 -1448.0000000000
2501 -1447.0000000000
2504 -1446.0000000000
2549 -1443.0000000000
2558 -1440.0000000000
2611 -1439.0000000000
2612 -1438.0000000000
2623 -1437.0000000000
2627 -1433.0000000000
2685 -1431.0000000000
2701 -1430.0000000000
2708 -1429.0000000000
2729 -1428.0000000000
2734 -1426.0000000000
2784 -1424.0000000000
2787 -1422.0000000000
2819 -1421.0000000000
2822 -1420.0000000000
2829 -1417.0000000000
2861 -1416.0000000000
2865 -1415.0000000000
2881 -1414.0000000000
2882 -1413.0000000000
2932 -1412.0000000000
2943 -1408.0000000000
2993 -1407.0000000000
3009 -1406.0000000000
3010 -1403.0000000000
3028 -1402.0000000000
3061 -1401.0000000000
3087 -1398.0000000000
3110 -1397.0000000000
3124 -1396.0000000000
3127 -1395.0000000000
3148 -1393.0000000000
3184 -1392.0000000000
3196 -1390.0000000000
3207 -1389.0000000000
3224 -1388.0000000000
3228 -1386.0000000000
3252 -1384.0000000000
3285 -1383.0000000000
3286 -1382.0000000000
3304 -1381.0000000000
3321 -1380.0000000000
3329 -1378.0000000000
3331 -1377.0000000000
3342 -1375.0000000000
3376 -1374.0000000000
3396 -1373.0000000000
3406 -1372.0000000000
3421 -1371.0000000000
3453 -1369.0000000000
3460 -1368.0000000000
3473 -1367.0000000000
3481 -1366.0000000000
3503 -1365.0000000000
3512 -1363.0000000000
3538 -1361.0000000000
3550 -1359.0000000000
3584 -1356.0000000000
3623 -1352.0000000000
3671 -1350.0000000000
3702 -1348.0000000000
3722 -1347.0000000000
3749 -1345.0000000000
3761 -1344.0000000000
3783 -1342.0000000000
3811 -1341.0000000000
3830 -1340.0000000000
3833 -1339.0000000000
3843 -1338.0000000000
3857 -1337.0000000000
3862 -1336.0000000000
3876 -1335.0000000000
3903 -1333.0000000000
3920 -1332.0000000000
3937 -1330.0000000000
3959 -1328.0000000000
3979 -1327.0000000000
3981 -1325.0000000000
4011 -1323.0000000000
4029 -1322.0000000000
4039 -1320.0000000000
4063 -1318.0000000000
4086 -1316.0000000000
4102 -1315.0000000000
4117 -1314.0000000000
4146 -1313.0000000000
4157 -1312.0000000000
4176 -1311.0000000000
4188 -1309.0000000000
4206 -1308.0000000000
4227 -1306.0000000000
4238 -1305.0000000000
4254 -1302.0000000000
4285 -1301.0000000000
4299 -1300.0000000000
4307 -1299.0000000000
4321 -1298.0000000000
4352 -1296.0000000000
4360 -1293.0000000000
4371 -1291.0000000000
4397 -1290.0000000000
4405 -1289.0000000000
4418 -1288.0000000000
4425 -1287.0000000000
4471 -1285.0000000000
4472 -1284.0000000000
4501 -1282.0000000000
4547 -1278.0000000000
4609 -1276.0000000000
4622 -1274.0000000000
4664 -1273.0000000000
4672 -1272.0000000000
4685 -1271.0000000000
4696 -1269.0000000000
4699 -1267.0000000000
4717 -1266.0000000000
4740 -1263.0000000000
4760 -1261.0000000000
4797 -1257.0000000000
4868 -1256.0000000000
4873 -1255.0000000000
4885 -1254.0000000000
4907 -1253.0000000000
4919 -1252.0000000000
4923 -1250.0000000000
4937 -1249.0000000000
4965 -1247.0000000000
4979 -1245.0000000000
5017 -1244.0000000000
5024 -1243.0000000000
5029 -1240.0000000000
5065 -1239.0000000000
5081 -1238.0000000000
5088 -1235.0000000000
5141 -1234.0000000000
5163 -1231.0000000000
5194 -1229.0000000000
5204 -1228.0000000000
5228 -1227.0000000000
5248 -1226.0000000000
5263 -1223.0000000000
5265 -1221.0000000000
5296 -1218.0000000000
5321 -1217.0000000000
5343 -1216.0000000000
5359 -1215.0000000000
5381 -1214.0000000000
5388 -1212.0000000000
5405 -1211.0000000000
5415 -1210.0000000000
5443 -1209.0000000000
5448 -1206.0000000000
5469 -1204.0000000000
5501 -1202.0000000000
5522 -1200.0000000000
5551 -1199.0000000000
5573 -1198.0000000000
5577 -1197.0000000000
5582 -1196.0000000000
5604 -1193.0000000000
5632 -1192.0000000000
5657 -1191.0000000000
5659 -1188.0000000000
5670 -1187.0000000000
5702 -1185.0000000000
5723 -1184.0000000000
5736 -1180.0000000000
5758 -1179.0000000000
5788 -1176.0000000000
5839 -1175.0000000000
5845 -1173.0000000000
5891 -1172.0000000000
5900 -1171.0000000000
5904 -1170.0000000000
5921 -1169.0000000000
5926 -1168.0000000000
5940 -1167.0000000000
5950 -1166.0000000000
5969 -1163.0000000000
5987 -1162.0000000000
6023 -1159.0000000000
6062 -1156.0000000000
6102 -1154.0000000000
6122 -1153.0000000000
6183 -1152.0000000000
6191 -1151.0000000000
6201 -1150.0000000000
6219 -1148.0000000000
6230 -1145.0000000000
6261 -1144.0000000000
6277 -1143.0000000000
6288 -1140.0000000000
6335 -1137.0000000000
6361 -1136.0000000000
6373 -1135.0000000000
6405 -1133.0000000000
6418 -1132.0000000000
6433 -1131.0000000000
6447 -1130.0000000000
6465 -1129.0000000000
6484 -1126.0000000000
6529 -1124.0000000000
6541 -1122.0000000000
6564 -1121.0000000000
6587 -1120.0000000000
6591 -1117.0000000000
6676 -1116.0000000000
6696 -1115.0000000000
6697 -1114.0000000000
6732 -1113.0000000000
6743 -1110.0000000000
6760 -1109.0000000000
6790 -1108.0000000000
6802 -1107.0000000000
6817 -1106.0000000000
6825 -1105.0000000000
6862 -1104.0000000000
6872 -1103.0000000000
6875 -1102.0000000000
6902 -1099.0000000000
6935 -1097.0000000000
6952 -1096.0000000000
6986 -1095.0000000000
6999 -1094.0000000000
7008 -1093.0000000000
7022 -1092.0000000000
7052 -1091.0000000000
7073 -1090.0000000000
7084 -1087.0000000000
7105 -1084.0000000000
7121 -1083.0000000000
7138 -1081.0000000000
7163 -1080.0000000000
7181 -1075.0000000000
7246 -1074.0000000000
7265 -1073.0000000000
7288 -1070.0000000000
7301 -1068.0000000000
7341 -1067.0000000000
7363 -1066.0000000000
7383 -1064.0000000000
7414 -1061.0000000000
7482 -1060.0000000000
7483 -1059.0000000000
7508 -1057.0000000000
7523 -1055.0000000000
7543 -1053.0000000000
7568 -1052.0000000000
7582 -1049.0000000000
7604 -1047.0000000000
7637 -1046.0000000000
7649 -1044.0000000000
7671 -1043.0000000000
7687 -1042.0000000000
7727 -1040.0000000000
7742 -1039.0000000000
7743 -1038.0000000000
7784 -1036.0000000000
7803 -1032.0000000000
7819 -1031.0000000000
7852 -1029.0000000000
7868 -1026.0000000000
7890 -1024.0000000000
7906 -1022.0000000000
7951 -1020.0000000000
7956 -1018.0000000000
7964 -1013.0000000000
8025 -1012.0000000000
8067 -1009.0000000000
8093 -1008.0000000000
8118 -1007.0000000000
8120 -1004.0000000000
8152 -1002.0000000000
8167 -1001.0000000000
8181 -1000.0000000000
8201 -999.0000000000
8205 -998.0000000000
8244 -996.0000000000
8281 -994.0000000000
8289 -993.0000000000
8306 -992.0000000000
8329 -989.0000000000
8342 -986.0000000000
8361 -981.0000000000
8390 -980.0000000000
8403 -979.0000000000
8451 -978.0000000000
8489 -977.0000000000
8504 -976.0000000000
8553 -975.0000000000
8568 -974.0000000000
8600 -972.0000000000
8604 -970.0000000000
8655 -969.0000000000
8675 -967.0000000000
8697 -966.0000000000
8708 -965.0000000000
8764 -964.0000000000
8821 -963.0000000000
8831 -962.0000000000
8836 -961.0000000000
8862 -958.0000000000
8904 -957.0000000000
8922 -955.0000000000
8951 -954.0000000000
8998 -953.0000000000
9001 -952.0000000000
9029 -951.0000000000
9047 -947.0000000000
9084 -946.0000000000
9085 -945.0000000000
9120 -944.0000000000
9134 -943.0000000000
9147 -942.0000000000
9168 -941.0000000000
9170 -940.0000000000
9208 -938.0000000000
9214 -936.0000000000
9230 -934.0000000000
9266 -931.0000000000
9283 -930.0000000000
9303 -929.0000000000
9326 -928.0000000000
9339 -926.0000000000
9349 -924.0000000000
9369 -923.0000000000
9390 -922.0000000000
9400 -921.0000000000
9423 -919.0000000000
9425 -918.0000000000
9453 -916.0000000000
9497 -915.0000000000
9540 -914.0000000000
9545 -912.0000000000
9568 -910.0000000000
9601 -908.0000000000
9622 -907.0000000000
9634 -905.0000000000
9661 -904.0000000000
9687 -902.0000000000
9710 -901.0000000000
9724 -900.0000000000
9741 -899.0000000000
9762 -897.0000000000
9804 -895.0000000000
9824 -894.0000000000
9857 -893.0000000000
9868 -891.0000000000
9889 -890.0000000000
9918 -889.0000000000
9921 -888.0000000000
9964 -885.0000000000
10000 -890.0000000000
evaluations raw_y
1 -1927.0000000000
5 -1918.0000000000
6 -1876.0000000000
9 -1846.0000000000
21 -1843.0000000000
58 -1808.0000000000
78 -1796.0000000000
100 -1795.0000000000
116 -1781.0000000000
130 -1776.0000000000
139 -1761.0000000000
141 -1744.0000000000
176 -1729.0000000000
202 -1727.0000000000
219 -1720.0000000000
236 -1714.0000000000
243 -1697.0000000000
265 -1691.0000000000
276 -1688.0000000000
293 -1685.0000000000
294 -1684.0000000000
305 -1680.0000000000
312 -1679.0000000000
323 -1676.0000000000
324 -1668.0000000000
348 -1659.0000000000
362 -1658.0000000000
369 -1635.0000000000
425 -1634.0000000000
429 -1630.0000000000
450 -1618.0000000000
488 -1603.0000000000
512 -1602.0000000000
545 -1601.0000000000
579 -1598.0000000000
612 -1597.0000000000
620 -1593.0000000000
636 -1591.0000000000
642 -1589.0000000000
662 -1583.0000000000
701 -1582.0000000000
708 -1577.0000000000
741 -1576.0000000000
749 -1575.0000000000
765 -1574.0000000000
773 -1573.0000000000
781 -1572.0000000000
794 -1571.0000000000
801 -1570.0000000000
820 -1569.0000000000
828 -1567.0000000000
832 -1565.0000000000
854 -1563.0000000000
883 -1562.0000000000
900 -1561.0000000000
919 -1560.0000000000
924 -1559.0000000000
945 -1557.0000000000
966 -1553.0000000000
1002 -1552.0000000000
1009 -1550.0000000000
1044 -1549.0000000000
1049 -1547.0000000000
1072 -1546.0000000000
1076 -1545.0000000000
1093 -1540.0000000000
1121 -1538.0000000000
1163 -1536.0000000000
1172 -1535.0000000000
1190 -1534.0000000000
1203 -1531.0000000000
1224 -1528.0000000000
1271 -1526.0000000000
1288 -1525.0000000000
1305 -1523.0000000000
1307 -1522.0000000000
1321 -1519.0000000000
1344 -1518.0000000000
1349 -1517.0000000000
1378 -1516.0000000000
1383 -1514.0000000000
1389 -1513.0000000000
1400 -1510.0000000000
1422 -1506.0000000000
1462 -1505.0000000000
1473 -1503.0000000000
1526 -1501.0000000000
1545 -1499.0000000000
1557 -1498.0000000000
1575 -1496.0000000000
1582 -1495.0000000000
1591 -1494.0000000000
1601 -1493.0000000000
1621 -1492.0000000000
1625 -1491.0000000000
1628 -1488.0000000000
1680 -1487.0000000000
1693 -1486.0000000000
1702 -1485.0000000000
1704 -1484.0000000000
1706 -1483.0000000000
1731 -1481.0000000000
1747 -1476.0000000000
1785 -1475.0000000000
1830 -1474.0000000000
1841 -1472.0000000000
1842 -1470.0000000000
1855 -1469.0000000000
1871 -1468.0000000000
1886 -1467.0000000000
1903 -1464.0000000000
1930 -1463.0000000000
1935 -1461.0000000000
1946 -1460.0000000000
1961 -1459.0000000000
1973 -1458.0000000000
1988 -1457.0000000000
2022 -1451.0000000000
2062 -1450.0000000000
2088 -1449.0000000000
2105 -1447.0000000000
2122 -1446.0000000000
2138 -1443.0000000000
2145 -1441.0000000000
2170 -1439.0000000000
2187 -1438.0000000000
2222 -1437.0000000000
2256 -1435.0000000000
2289 -1433.0000000000
2308 -1432.0000000000
2322 -1431.0000000000
2342 -1427.0000000000
2387 -1424.0000000000
2419 -1423.0000000000
2435 -1422.0000000000
2442 -1420.0000000000
2451 -1419.0000000000
2473 -1418.0000000000
2483 -1417.0000000000
2493 -1416.0000000000
2502 -1415.0000000000
2508 -1412.0000000000
2525 -1409.0000000000
2549 -1406.0000000000
2566 -1405.0000000000
2596 -1404.0000000000
2603 -1403.0000000000
2620 -1402.0000000000
2640 -1401.0000000000
2650 -1398.0000000000
2669 -1397.0000000000
2682 -1392.0000000000
2725 -1391.0000000000
2743 -1390.0000000000
2756 -1389.0000000000
2774 -1387.0000000000
2793 -1386.0000000000
2803 -1381.0000000000
2842 -1380.0000000000
2864 -1377.0000000000
2886 -1375.0000000000
2918 -1374.0000000000
2930 -1373.0000000000
2947 -1370.0000000000
2973 -1369.0000000000
2988 -1368.0000000000
2991 -1367.0000000000
3010 -1366.0000000000
3029 -1364.0000000000
3051 -1363.0000000000
3082 -1360.0000000000
3106 -1359.0000000000
3135 -1358.0000000000
3148 -1357.0000000000
3153 -1355.0000000000
3166 -1353.0000000000
3207 -1349.0000000000
3246 -1348.0000000000
3265 -1347.0000000000
3284 -1345.0000000000
3321 -1343.0000000000
3326 -1342.0000000000
3350 -1340.0000000000
3387 -1339.0000000000
3410 -1336.0000000000
3416 -1335.0000000000
3443 -1329.0000000000
3488 -1328.0000000000
3508 -1327.0000000000
3538 -1326.0000000000
3545 -1324.0000000000
3569 -1319.0000000000
3648 -1318.0000000000
3652 -1317.0000000000
3665 -1316.0000000000
3702 -1314.0000000000
3724 -1312.0000000000
3745 -1311.0000000000
3779 -1310.0000000000
3805 -1306.0000000000
3832 -1305.0000000000
3846 -1300.0000000000
3893 -1299.0000000000
3909 -1298.0000000000
3924 -1297.0000000000
3941 -1296.0000000000
3955 -1295.0000000000
3980 -1293.0000000000
3999 -1291.0000000000
4037 -1290.0000000000
4042 -1289.0000000000
4063 -1286.0000000000
4118 -1284.0000000000
4155 -1281.0000000000
4176 -1280.0000000000
4186 -1279.0000000000
4204 -1276.0000000000
4213 -1275.0000000000
4226 -1274.0000000000
4230 -1272.0000000000
4278 -1269.0000000000
4301 -1268.0000000000
4324 -1267.0000000000
4338 -1266.0000000000
4341 -1265.0000000000
4350 -1263.0000000000
4365 -1262.0000000000
4392 -1260.0000000000
4406 -1259.0000000000
4423 -1258.0000000000
4424 -1254.0000000000
4476 -1252.0000000000
4486 -1249.0000000000
4504 -1248.0000000000
4532 -1247.0000000000
4546 -1246.0000000000
4553 -1245.0000000000
4562 -1241.0000000000
4587 -1238.0000000000
4632 -1235.0000000000
4644 -1234.0000000000
4651 -1233.0000000000
4698 -1231.0000000000
4704 -1230.0000000000
4713 -1228.0000000000
4781 -1227.0000000000
4791 -1226.0000000000
4810 -1225.0000000000
4828 -1222.0000000000
4846 -1221.0000000000
4883 -1220.0000000000
4886 -1219.0000000000
4900 -1218.0000000000
4922 -1216.0000000000
4953 -1215.0000000000
4982 -1214.0000000000
4986 -1213.0000000000
5004 -1212.0000000000
5019 -1211.0000000000
5035 -1209.0000000000
5045 -1208.0000000000
5063 -1207.0000000000
5091 -1206.0000000000
5102 -1205.0000000000
5112 -1204.0000000000
5125 -1203.0000000000
5134 -1202.0000000000
5156 -1201.0000000000
5176 -1197.0000000000
5186 -1196.0000000000
5209 -1193.0000000000
5238 -1192.0000000000
5245 -1190.0000000000
5262 -1188.0000000000
5276 -1186.0000000000
5313 -1184.0000000000
5347 -1181.0000000000
5361 -1180.0000000000
5382 -1179.0000000000
5404 -1177.0000000000
5445 -1175.0000000000
5450 -1174.0000000000
5453 -1173.0000000000
5482 -1172.0000000000
5521 -1167.0000000000
5570 -1166.0000000000
5572 -1164.0000000000
5584 -1163.0000000000
5594 -1159.0000000000
5623 -1157.0000000000
5657 -1155.0000000000
5663 -1152.0000000000
5730 -1147.0000000000
5751 -1146.0000000000
5783 -1145.0000000000
5786 -1142.0000000000
5807 -1141.0000000000
5831 -1139.0000000000
5844 -1138.0000000000
5850 -1137.0000000000
5868 -1136.0000000000
5891 -1134.0000000000
5919 -1133.0000000000
5925 -1131.0000000000
5937 -1129.0000000000
5954 -1128.0000000000
5983 -1126.0000000000
5985 -1124.0000000000
6009 -1123.0000000000
6071 -1122.0000000000
6085 -1121.0000000000
6089 -1120.0000000000
6126 -1119.0000000000
6132 -1117.0000000000
6141 -1115.0000000000
6148 -1113.0000000000
6202 -1111.0000000000
6225 -1107.0000000000
6268 -1106.0000000000
6278 -1105.0000000000
6282 -1104.0000000000
6286 -1103.0000000000
6291 -1100.0000000000
6346 -1098.0000000000
6359 -1096.0000000000
6391 -1094.0000000000
6409 -1092.0000000000
6428 -1091.0000000000
6449 -1089.0000000000
6467 -1088.0000000000
6488 -1087.0000000000
6493 -1085.0000000000
6519 -1084.0000000000
6530 -1083.0000000000
6539 -1082.0000000000
6563 -1080.0000000000
6569 -1079.0000000000
6593 -1075.0000000000
6647 -1074.0000000000
6683 -1073.0000000000
6709 -1072.0000000000
6726 -1071.0000000000
6736 -1070.0000000000
6743 -1068.0000000000
6777 -1064.0000000000
6805 -1063.0000000000
6844 -1060.0000000000
6861 -1058.0000000000
6885 -1057.0000000000
6926 -1054.0000000000
6941 -1053.0000000000
7001 -1050.0000000000
7043 -1048.0000000000
7071 -1047.0000000000
7077 -1044.0000000000
7112 -1040.0000000000
7139 -1039.0000000000
7150 -1038.0000000000
7169 -1033.0000000000
7214 -1032.0000000000
7219 -1031.0000000000
7234 -1029.0000000000
7241 -1026.0000000000
7262 -1025.0000000000
7298 -1022.0000000000
7301 -1020.0000000000
7328 -1019.0000000000
7386 -1018.0000000000
7407 -1017.0000000000
7414 -1016.0000000000
7423 -1015.0000000000
7448 -1011.0000000000
7482 -1010.0000000000
7515 -1008.0000000000
7523 -1007.0000000000
7540 -1006.0000000000
7543 -1005.0000000000
7581 -1003.0000000000
7598 -1001.0000000000
7616 -1000.0000000000
7641 -997.0000000000
7667 -996.0000000000
7729 -995.0000000000
7737 -994.0000000000
7738 -992.0000000000
7745 -991.0000000000
7803 -990.0000000000
7810 -988.0000000000
7827 -984.0000000000
7884 -983.0000000000
7887 -980.0000000000
7909 -979.0000000000
7927 -978.0000000000
7953 -977.0000000000
7968 -976.0000000000
8005 -975.0000000000
8012 -974.0000000000
8018 -972.0000000000
8056 -971.0000000000
8061 -970.0000000000
8082 -965.0000000000
8114 -964.0000000000
8128 -960.0000000000
8168 -959.0000000000
8183 -954.0000000000
8203 -953.0000000000
8223 -952.0000000000
8232 -951.0000000000
8262 -950.0000000000
8281 -948.0000000000
8305 -946.0000000000
8341 -945.0000000000
8355 -944.0000000000
8356 -942.0000000000
8386 -940.0000000000
8439 -939.0000000000
8460 -938.0000000000
8462 -936.0000000000
8501 -935.0000000000
8513 -934.0000000000
8515 -933.0000000000
8527 -931.0000000000
8554 -930.0000000000
8582 -929.0000000000
8608 -928.0000000000
8623 -927.0000000000
8624 -924.0000000000
8657 -923.0000000000
8689 -922.0000000000
8692 -921.0000000000
8702 -920.0000000000
8724 -919.0000000000
8729 -918.0000000000
8784 -917.0000000000
8803 -915.0000000000
8806 -914.0000000000
8828 -913.0000000000
8860 -912.0000000000
8878 -911.0000000000
8891 -909.0000000000
8917 -906.0000000000
8938 -905.0000000000
8961 -902.0000000000
9025 -899.0000000000
9047 -898.0000000000
9062 -897.0000000000
9106 -896.0000000000
9131 -895.0000000000
9173 -892.0000000000
9204 -891.0000000000
9212 -890.0000000000
9241 -888.0000000000
9269 -887.0000000000
9274 -885.0000000000
9294 -883.0000000000
9325 -882.0000000000
9355 -880.0000000000
9384 -878.0000000000
9406 -875.0000000000
9444 -874.0000000000
9509 -870.0000000000
9528 -869.0000000000
9574 -868.0000000000
9591 -867.0000000000
9625 -864.0000000000
9637 -863.0000000000
9674 -861.0000000000
9701 -860.0000000000
9702 -858.0000000000
9726 -857.0000000000
9748 -855.0000000000
9766 -854.0000000000
9768 -853.0000000000
9785 -851.0000000000
9787 -850.0000000000
9854 -848.0000000000
9857 -847.0000000000
9866 -846.0000000000
9928 -845.0000000000
9941 -843.0000000000
9942 -841.0000000000
9971 -840.0000000000
9988 -838.0000000000
10000 -843.0000000000
evaluations raw_y
1 -1898.0000000000
2 -1883.0000000000
9 -1882.0000000000
20 -1848.0000000000
42 -1825.0000000000
67 -1822.0000000000
88 -1818.0000000000
90 -1807.0000000000
92 -1804.0000000000
94 -1802.0000000000
101 -1793.0000000000
124 -1781.0000000000
142 -1778.0000000000
156 -1767.0000000000
164 -1745.0000000000
196 -1743.0000000000
203 -1735.0000000000
214 -1725.0000000000
226 -1717.0000000000
227 -1714.0000000000
244 -1706.0000000000
245 -1701.0000000000
272 -1699.0000000000
275 -1688.0000000000
286 -1687.0000000000
302 -1681.0000000000
315 -1676.0000000000
329 -1673.0000000000
339 -1669.0000000000
346 -1662.0000000000
353 -1648.0000000000
403 -1647.0000000000
413 -1644.0000000000
417 -1641.0000000000
420 -1626.0000000000
427 -1619.0000000000
445 -1617.0000000000
452 -1612.0000000000
469 -1606.0000000000
498 -1597.0000000000
509 -1595.0000000000
526 -1589.0000000000
552 -1584.0000000000
585 -1582.0000000000
587 -1579.0000000000
591 -1574.0000000000
603 -1572.0000000000
621 -1570.0000000000
630 -1569.0000000000
641 -1565.0000000000
665 -1563.0000000000
683 -1560.0000000000
688 -1558.0000000000
721 -1557.0000000000
728 -1556.0000000000
736 -1553.0000000000
743 -1551.0000000000
761 -1548.0000000000
796 -1547.0000000000
801 -1544.0000000000
813 -1543.0000000000
815 -1542.0000000000
816 -1541.0000000000
824 -1538.0000000000
848 -1535.0000000000
856 -1533.0000000000
862 -1531.0000000000
905 -1530.0000000000
907 -1528.0000000000
925 -1527.0000000000
940 -1526.0000000000
950 -1523.0000000000
976 -1520.0000000000
1009 -1519.0000000000
1034 -1518.0000000000
1053 -1517.0000000000
1068 -1516.0000000000
1080 -1513.0000000000
1103 -1512.0000000000
1111 -1511.0000000000
1123 -1510.0000000000
1132 -1509.0000000000
1153 -1508.0000000000
1175 -1507.0000000000
1184 -1506.0000000000
1207 -1504.0000000000
1236 -1503.0000000000
1244 -1502.0000000000
1253 -1498.0000000000
1267 -1497.0000000000
1299 -1495.0000000000
1302 -1494.0000000000
1308 -1493.0000000000
1322 -1492.0000000000
1336 -1490.0000000000
1351 -1489.0000000000
1375 -1488.0000000000
1380 -1487.0000000000
1385 -1486.0000000000
1401 -1485.0000000000
1408 -1483.0000000000
1436 -1482.0000000000
1443 -1481.0000000000
1467 -1479.0000000000
1476 -1478.0000000000
1487 -1477.0000000000
1495 -1475.0000000000
1515 -1474.0000000000
1521 -1473.0000000000
1546 -1472.0000000000
1554 -1471.0000000000
1560 -1469.0000000000
1562 -1466.0000000000
1595 -1463.0000000000
1620 -1462.0000000000
1640 -1460.0000000000
1647 -1459.0000000000
1662 -1455.0000000000
1693 -1454.0000000000
1719 -1453.0000000000
1720 -1452.0000000000
1721 -1450.0000000000
1787 -1449.0000000000
1797 -1447.0000000000
1805 -1445.0000000000
1822 -1444.0000000000
1841 -1443.0000000000
1881 -1440.0000000000
1903 -1439.0000000000
1931 -1437.0000000000
1945 -1436.0000000000
1949 -1432.0000000000
1979 -1431.0000000000
2010 -1430.0000000000
2022 -1428.0000000000
2044 -1427.0000000000
2063 -1426.0000000000
2072 -1422.0000000000
2088 -1421.0000000000
2131 -1420.0000000000
2151 -1419.0000000000
2153 -1416.0000000000
2188 -1415.0000000000
2214 -1414.0000000000
2232 -1413.0000000000
2251 -1412.0000000000
2268 -1411.0000000000
2288 -1409.0000000000
2322 -1406.0000000000
2342 -1404.0000000000
2373 -1403.0000000000
2399 -1402.0000000000
2404 -1400.0000000000
2432 -1399.0000000000
2443 -1398.0000000000
2463 -1396.0000000000
2481 -1395.0000000000
2515 -1393.0000000000
2519 -1392.0000000000
2542 -1389.0000000000
2580 -1388.0000000000
2589 -1385.0000000000
2620 -1383.0000000000
2622 -1381.0000000000
2654 -1379.0000000000
2672 -1378.0000000000
2675 -1377.0000000000
2703 -1376.0000000000
2721 -1374.0000000000
2724 -1372.0000000000
2725 -1371.0000000000
2751 -1369.0000000000
2761 -1366.0000000000
2797 -1362.0000000000
2822 -1359.0000000000
2851 -1357.0000000000
2886 -1354.0000000000
2925 -1353.0000000000
2930 -1352.0000000000
2940 -1348.0000000000
2982 -1346.0000000000
3003 -1345.0000000000
3015 -1344.0000000000
3021 -1342.0000000000
3027 -1341.0000000000
3044 -1340.0000000000
3087 -1336.0000000000
3122 -1334.0000000000
3134 -1332.0000000000
3167 -1331.0000000000
3181 -1327.0000000000
3214 -1326.0000000000
3238 -1325.0000000000
3256 -1322.0000000000
3273 -1321.0000000000
3275 -1320.0000000000
3292 -1319.0000000000
3302 -1318.0000000000
3309 -1315.0000000000
3341 -1314.0000000000
3344 -1312.0000000000
3375 -1311.0000000000
3404 -1309.0000000000
3415 -1306.0000000000
3422 -1304.0000000000
3442 -1303.0000000000
3449 -1302.0000000000
3488 -1301.0000000000
3490 -1297.0000000000
3524 -1296.0000000000
3529 -1295.0000000000
3534 -1294.0000000000
3541 -1292.0000000000
3562 -1291.0000000000
3567 -1290.0000000000
3607 -1289.0000000000
3625 -1288.0000000000
3627 -1287.0000000000
3656 -1286.0000000000
3667 -1283.0000000000
3692 -1280.0000000000
3732 -1279.0000000000
3763 -1278.0000000000
3781 -1277.0000000000
3794 -1273.0000000000
3842 -1272.0000000000
3860 -1271.0000000000
3868 -1268.0000000000
3895 -1267.0000000000
3929 -1265.0000000000
3981 -1264.0000000000
3988 -1262.0000000000
4005 -1261.0000000000
4047 -1260.0000000000
4053 -1259.0000000000
4063 -1257.0000000000
4071 -1256.0000000000
4093 -1254.0000000000
4141 -1253.0000000000
4145 -1251.0000000000
4202 -1250.0000000000
4219 -1249.0000000000
4221 -1248.0000000000
4235 -1247.0000000000
4246 -1246.0000000000
4255 -1245.0000000000
4264 -1244.0000000000
4313 -1243.0000000000
4328 -1242.0000000000
4350 -1238.0000000000
4387 -1236.0000000000
4410 -1235.0000000000
4425 -1232.0000000000
4474 -1229.0000000000
4485 -1225.0000000000
4522 -1224.0000000000
4558 -1222.0000000000
4576 -1221.0000000000
4594 -1220.0000000000
4607 -1218.0000000000
4656 -1215.0000000000
4667 -1214.0000000000
4682 -1213.0000000000
4702 -1212.0000000000
4730 -1211.0000000000
4731 -1209.0000000000
4764 -1205.0000000000
4775 -1203.0000000000
4793 -1202.0000000000
4825 -1201.0000000000
4830 -1200.0000000000
4834 -1198.0000000000
4852 -1195.0000000000
4884 -1194.0000000000
4885 -1193.0000000000
4908 -1191.0000000000
4919 -1189.0000000000
4950 -1187.0000000000
4975 -1184.0000000000
4980 -1181.0000000000
5016 -1178.0000000000
5061 -1176.0000000000
5095 -1175.0000000000
5100 -1174.0000000000
5106 -1173.0000000000
5121 -1169.0000000000
5166 -1168.0000000000
5191 -1167.0000000000
5202 -1166.0000000000
5217 -1165.0000000000
5247 -1163.0000000000
5262 -1162.0000000000
5305 -1161.0000000000
5322 -1158.0000000000
5359 -1157.0000000000
5371 -1155.0000000000
5396 -1154.0000000000
5405 -1153.0000000000
5414 -1152.0000000000
5428 -1150.0000000000
5445 -1148.0000000000
5483 -1147.0000000000
5505 -1145.0000000000
5533 -1142.0000000000
5570 -1141.0000000000
5585 -1140.0000000000
5616 -1139.0000000000
5627 -1137.0000000000
5652 -1136.0000000000
5671 -1133.0000000000
5691 -1132.0000000000
5717 -1131.0000000000
5721 -1130.0000000000
5747 -1129.0000000000
5780 -1125.0000000000
5787 -1124.0000000000
5845 -1122.0000000000
5871 -1121.0000000000
5896 -1119.0000000000
5907 -1118.0000000000
5928 -1117.0000000000
5945 -1115.0000000000
5954 -1114.0000000000
5986 -1112.0000000000
6008 -1111.0000000000
6034 -1110.0000000000
6074 -1109.0000000000
6081 -1108.0000000000
6102 -1107.0000000000
6122 -1104.0000000000
6169 -1103.0000000000
6185 -1100.0000000000
6207 -1098.0000000000
6243 -1097.0000000000
6259 -1095.0000000000
6267 -1094.0000000000
6283 -1092.0000000000
6302 -1090.0000000000
6354 -1088.0000000000
6365 -1087.0000000000
6375 -1086.0000000000
6390 -1085.0000000000
6407 -1084.0000000000
6409 -1083.0000000000
6435 -1082.0000000000
6454 -1081.0000000000
6463 -1077.0000000000
6507 -1075.0000000000
6533 -1074.0000000000
6534 -1073.0000000000
6535 -1071.0000000000
6556 -1070.0000000000
6601 -1068.0000000000
6630 -1067.0000000000
6632 -1064.0000000000
6659 -1063.0000000000
6696 -1062.0000000000
6704 -1060.0000000000
6748 -1059.0000000000
6753 -1056.0000000000
6761 -1055.0000000000
6813 -1054.0000000000
6825 -1052.0000000000
6860 -1051.0000000000
6882 -1050.0000000000
6910 -1048.0000000000
6935 -1047.0000000000
6941 -1046.0000000000
6981 -1044.0000000000
7002 -1041.0000000000
7058 -1040.0000000000
7064 -1039.0000000000
7102 -1038.0000000000
7109 -1035.0000000000
7139 -1033.0000000000
7163 -1032.0000000000
7205 -1031.0000000000
7222 -1030.0000000000
7230 -1029.0000000000
7241 -1028.0000000000
7243 -1025.0000000000
7267 -1023.0000000000
7274 -1022.0000000000
7286 -1021.0000000000
7314 -1020.0000000000
7350 -1019.0000000000
7368 -1018.0000000000
7379 -1017.0000000000
7382 -1014.0000000000
7405 -1013.0000000000
7424 -1012.0000000000
7441 -1009.0000000000
7472 -1008.0000000000
7509 -1007.0000000000
7539 -1006.0000000000
7554 -1005.0000000000
7588 -1004.0000000000
7617 -1002.0000000000
7624 -1000.0000000000
7651 -999.0000000000
7663 -997.0000000000
7681 -996.0000000000
7711 -994.0000000000
7743 -992.0000000000
7787 -991.0000000000
7789 -990.0000000000
7810 -989.0000000000
7834 -986.0000000000
7865 -985.0000000000
7886 -984.0000000000
7916 -983.0000000000
7944 -980.0000000000
7965 -978.0000000000
8000 -977.0000000000
8015 -976.0000000000
8030 -974.0000000000
8042 -972.0000000000
8052 -969.0000000000
8066 -968.0000000000
8123 -965.0000000000
8182 -963.0000000000
8195 -962.0000000000
8212 -961.0000000000
8229 -959.0000000000
8281 -957.0000000000
8311 -956.0000000000
8316 -955.0000000000
8342 -952.0000000000
8414 -951.0000000000
8445 -950.0000000000
8480 -949.0000000000
8489 -947.0000000000
8501 -945.0000000000
8522 -943.0000000000
8549 -940.0000000000
8590 -939.0000000000
8620 -938.0000000000
8624 -937.0000000000
8631 -936.0000000000
8650 -935.0000000000
8664 -934.0000000000
8691 -933.0000000000
8704 -932.0000000000
8731 -931.0000000000
8755 -930.0000000000
8766 -929.0000000000
8783 -926.0000000000
8839 -925.0000000000
8878 -924.0000000000
8899 -923.0000000000
8930 -922.0000000000
8946 -919.0000000000
8982 -918.0000000000
9005 -917.0000000000
9015 -913.0000000000
9053 -912.0000000000
9057 -911.0000000000
9095 -909.0000000000
9102 -906.0000000000
9151 -905.0000000000
9200 -903.0000000000
9210 -901.0000000000
9263 -898.0000000000
9301 -895.0000000000
9371 -894.0000000000
9392 -893.0000000000
9408 -892.0000000000
9423 -888.0000000000
9473 -887.0000000000
9499 -886.0000000000
9502 -885.0000000000
9522 -884.0000000000
9524 -882.0000000000
9551 -881.0000000000
9562 -880.0000000000
9590 -879.0000000000
9628 -876.0000000000
9647 -875.0000000000
9654 -873.0000000000
9689 -871.0000000000
9720 -870.0000000000
9721 -869.0000000000
9729 -864.0000000000
9792 -862.0000000000
9805 -861.0000000000
9831 -859.0000000000
9883 -858.0000000000
9884 -856.0000000000
9912 -854.0000000000
9949 -851.0000000000
9991 -850.0000000000
10000 -856.0000000000
evaluations raw_y
1 -1945.0000000000
2 -1893.0000000000
4 -1868.0000000000
5 -1832.0000000000
50 -1824.0000000000
74 -1822.0000000000
85 -1816.0000000000
86 -1810.0000000000
94 -1797.0000000000
111 -1779.0000000000
132 -1771.0000000000
137 -1752.0000000000
172 -1750.0000000000
177 -1746.0000000000
182 -1744.0000000000
188 -1742.0000000000
189 -1737.0000000000
196 -1733.0000000000
216 -1732.0000000000
232 -1717.0000000000
256 -1709.0000000000
284 -1699.0000000000
304 -1697.0000000000
305 -1695.0000000000
318 -1680.0000000000
345 -1678.0000000000
365 -1670.0000000000
419 -1667.0000000000
431 -1664.0000000000
452 -1660.0000000000
489 -1657.0000000000
491 -1655.0000000000
506 -1651.0000000000
511 -1649.0000000000
527 -1647.0000000000
529 -1645.0000000000
550 -1644.0000000000
560 -1641.0000000000
568 -1638.0000000000
580 -1636.0000000000
585 -1629.0000000000
625 -1622.0000000000
662 -1620.0000000000
685 -1619.0000000000
722 -1616.0000000000
744 -1613.0000000000
756 -1610.0000000000
778 -1608.0000000000
788 -1605.0000000000
830 -1604.0000000000
839 -1603.0000000000
847 -1602.0000000000
866 -1600.0000000000
903 -1593.0000000000
945 -1592.0000000000
987 -1589.0000000000
1045 -1588.0000000000
1049 -1587.0000000000
1054 -1582.0000000000
1092 -1581.0000000000
1093 -1579.0000000000
1108 -1578.0000000000
1117 -1576.0000000000
1148 -1574.0000000000
1163 -1570.0000000000
1190 -1569.0000000000
1212 -1568.0000000000
1224 -1567.0000000000
1226 -1566.0000000000
1242 -1563.0000000000
1247 -1559.0000000000
1266 -1557.0000000000
1292 -1556.0000000000
1293 -1555.0000000000
1315 -1554.0000000000
1317 -1549.0000000000
1389 -1548.0000000000
1402 -1546.0000000000
1407 -1545.0000000000
1423 -1544.0000000000
1424 -1543.0000000000
1458 -1542.0000000000
1462 -1540.0000000000
1471 -1538.0000000000
1506 -1537.0000000000
1539 -1534.0000000000
1542 -1533.0000000000
1560 -1532.0000000000
1566 -1531.0000000000
1605 -1527.0000000000
1630 -1526.0000000000
1668 -1525.0000000000
1674 -1521.0000000000
1689 -1520.0000000000
1706 -1517.0000000000
1729 -1516.0000000000
1761 -1515.0000000000
1762 -1512.0000000000
1786 -1511.0000000000
1807 -1509.0000000000
1822 -1508.0000000000
1826 -1507.0000000000
1834 -1506.0000000000
1848 -1499.0000000000
1883 -1498.0000000000
1895 -1497.0000000000
1920 -1496.0000000000
1922 -1495.0000000000
1926 -1492.0000000000
1934 -1491.0000000000
1953 -1489.0000000000
2003 -1488.0000000000
2021 -1487.0000000000
2032 -1486.0000000000
2039 -1482.0000000000
2052 -1481.0000000000
2071 -1480.0000000000
2073 -1479.0000000000
2075 -1478.0000000000
2101 -1476.0000000000
2107 -1474.0000000000
2129 -1472.0000000000
2131 -1467.0000000000
2156 -1466.0000000000
2166 -1464.0000000000
2185 -1462.0000000000
2211 -1460.0000000000
2241 -1457.0000000000
2279 -1455.0000000000
2319 -1453.0000000000
2344 -1452.0000000000
2353 -1451.0000000000
2395 -1450.0000000000
2400 -1449.0000000000
2407 -1448.0000000000
2416 -1447.0000000000
2439 -1446.0000000000
2443 -1445.0000000000
2471 -1443.0000000000
2483 -1439.0000000000
2527 -1437.0000000000
2548 -1435.0000000000
2563 -1434.0000000000
2581 -1433.0000000000
2621 -1432.0000000000
2627 -1431.0000000000
2651 -1429.0000000000
2663 -1428.0000000000
2681 -1427.0000000000
2708 -1426.0000000000
2717 -1424.0000000000
2745 -1422.0000000000
2755 -1421.0000000000
2769 -1420.0000000000
2785 -1418.0000000000
2810 -1417.0000000000
2836 -1416.0000000000
2853 -1415.0000000000
2854 -1414.0000000000
2865 -1413.0000000000
2869 -1411.0000000000
2882 -1409.0000000000
2934 -1408.0000000000
2948 -1407.0000000000
2960 -1406.0000000000
2961 -1405.0000000000
2985 -1404.0000000000
3003 -1402.0000000000
3013 -1399.0000000000
3047 -1397.0000000000
3076 -1395.0000000000
3114 -1394.0000000000
3126 -1390.0000000000
3181 -1389.0000000000
3187 -1388.0000000000
3202 -1387.0000000000
3216 -1384.0000000000
3238 -1383.0000000000
3253 -1382.0000000000
3261 -1381.0000000000
3273 -1380.0000000000
3291 -1379.0000000000
3311 -1378.0000000000
3316 -1377.0000000000
3327 -1376.0000000000
3350 -1374.0000000000
3385 -1373.0000000000
3386 -1372.0000000000
3409 -1371.0000000000
3415 -1370.0000000000
3422 -1369.0000000000
3425 -1368.0000000000
3455 -1365.0000000000
3483 -1363.0000000000
3489 -1362.0000000000
3514 -1361.0000000000
3548 -1360.0000000000
3565 -1359.0000000000
3566 -1357.0000000000
3581 -1356.0000000000
3587 -1355.0000000000
3615 -1354.0000000000
3625 -1351.0000000000
3653 -1350.0000000000
3673 -1349.0000000000
3676 -1348.0000000000
3683 -1347.0000000000
3704 -1346.0000000000
3726 -1341.0000000000
3765 -1340.0000000000
3770 -1339.0000000000
3796 -1338.0000000000
3807 -1335.0000000000
3841 -1334.0000000000
3847 -1333.0000000000
3863 -1332.0000000000
3913 -1330.0000000000
3933 -1329.0000000000
3941 -1328.0000000000
3955 -1327.0000000000
3961 -1323.0000000000
3983 -1322.0000000000
4033 -1320.0000000000
4037 -1318.0000000000
4047 -1316.0000000000
4100 -1314.0000000000
4126 -1311.0000000000
4172 -1310.0000000000
4175 -1307.0000000000
4206 -1306.0000000000
4218 -1305.0000000000
4243 -1302.0000000000
4269 -1300.0000000000
4293 -1299.0000000000
4324 -1298.0000000000
4334 -1294.0000000000
4344 -1292.0000000000
4365 -1286.0000000000
4391 -1285.0000000000
4425 -1283.0000000000
4459 -1280.0000000000
4481 -1279.0000000000
4482 -1277.0000000000
4508 -1274.0000000000
4533 -1269.0000000000
4599 -1268.0000000000
4606 -1266.0000000000
4625 -1264.0000000000
4640 -1263.0000000000
4650 -1261.0000000000
4705 -1259.0000000000
4721 -1257.0000000000
4746 -1255.0000000000
4754 -1252.0000000000
4810 -1251.0000000000
4835 -1249.0000000000
4867 -1248.0000000000
4870 -1246.0000000000
4899 -1245.0000000000
4915 -1243.0000000000
4928 -1242.0000000000
4954 -1241.0000000000
4989 -1240.0000000000
5018 -1239.0000000000
5026 -1238.0000000000
5044 -1236.0000000000
5081 -1235.0000000000
5082 -1234.0000000000
5096 -1233.0000000000
5117 -1230.0000000000
5125 -1229.0000000000
5145 -1224.0000000000
5162 -1222.0000000000
5206 -1221.0000000000
5225 -1220.0000000000
5241 -1218.0000000000
5271 -1217.0000000000
5283 -1214.0000000000
5309 -1213.0000000000
5320 -1212.0000000000
5330 -1211.0000000000
5343 -1210.0000000000
5364 -1209.0000000000
5365 -1207.0000000000
5366 -1205.0000000000
5426 -1203.0000000000
5462 -1202.0000000000
5474 -1201.0000000000
5485 -1200.0000000000
5486 -1199.0000000000
5501 -1198.0000000000
5521 -1197.0000000000
5551 -1195.0000000000
5564 -1192.0000000000
5594 -1191.0000000000
5621 -1188.0000000000
5650 -1185.0000000000
5682 -1181.0000000000
5712 -1180.0000000000
5730 -1179.0000000000
5732 -1178.0000000000
5737 -1177.0000000000
5751 -1176.0000000000
5763 -1174.0000000000
5786 -1173.0000000000
5807 -1168.0000000000
5823 -1167.0000000000
5857 -1166.0000000000
5867 -1165.0000000000
5924 -1164.0000000000
5925 -1163.0000000000
5937 -1161.0000000000
5963 -1160.0000000000
5968 -1159.0000000000
5985 -1158.0000000000
6007 -1157.0000000000
6016 -1155.0000000000
6044 -1150.0000000000
6093 -1149.0000000000
6100 -1147.0000000000
6135 -1146.0000000000
6145 -1144.0000000000
6176 -1143.0000000000
6186 -1141.0000000000
6203 -1137.0000000000
6206 -1136.0000000000
6249 -1135.0000000000
6264 -1134.0000000000
6278 -1132.0000000000
6289 -1129.0000000000
6353 -1126.0000000000
6390 -1125.0000000000
6409 -1124.0000000000
6446 -1121.0000000000
6467 -1117.0000000000
6487 -1116.0000000000
6525 -1115.0000000000
6574 -1114.0000000000
6586 -1113.0000000000
6596 -1112.0000000000
6624 -1111.0000000000
6626 -1109.0000000000
6641 -1107.0000000000
6670 -1106.0000000000
6694 -1105.0000000000
6716 -1104.0000000000
6749 -1103.0000000000
6750 -1101.0000000000
6784 -1100.0000000000
6798 -1099.0000000000
6802 -1097.0000000000
6823 -1096.0000000000
6859 -1094.0000000000
6879 -1091.0000000000
6900 -1090.0000000000
6942 -1088.0000000000
6983 -1087.0000000000
6995 -1086.0000000000
7040 -1083.0000000000
7043 -1082.0000000000
7083 -1081.0000000000
7086 -1079.0000000000
7144 -1078.0000000000
7176 -1077.0000000000
7194 -1076.0000000000
7202 -1075.0000000000
7228 -1073.0000000000
7237 -1072.0000000000
7249 -1070.0000000000
7263 -1069.0000000000
7286 -1067.0000000000
7316 -1064.0000000000
7346 -1063.0000000000
7349 -1061.0000000000
7387 -1058.0000000000
7411 -1057.0000000000
7421 -1055.0000000000
7457 -1054.0000000000
7472 -1053.0000000000
7485 -1052.0000000000
7507 -1051.0000000000
7514 -1050.0000000000
7529 -1049.0000000000
7541 -1048.0000000000
7545 -1045.0000000000
7568 -1043.0000000000
7613 -1041.0000000000
7640 -1039.0000000000
7669 -1038.0000000000
7688 -1035.0000000000
7703 -1031.0000000000
7735 -1030.0000000000
7759 -1029.0000000000
7769 -1028.0000000000
7799 -1027.0000000000
7826 -1026.0000000000
7829 -1025.0000000000
7864 -1024.0000000000
7886 -1023.0000000000
7913 -1022.0000000000
7915 -1021.0000000000
7924 -1020.0000000000
7946 -1019.0000000000
7952 -1017.0000000000
7963 -1015.0000000000
7993 -1014.0000000000
8007 -1012.0000000000
8039 -1011.0000000000
8042 -1010.0000000000
8083 -1009.0000000000
8112 -1008.0000000000
8124 -1005.0000000000
8154 -1001.0000000000
8165 -1000.0000000000
8179 -997.0000000000
8243 -995.0000000000
8283 -994.0000000000
8316 -993.0000000000
8329 -991.0000000000
8344 -988.0000000000
8377 -984.0000000000
8424 -981.0000000000
8490 -980.0000000000
8506 -979.0000000000
8548 -977.0000000000
8563 -976.0000000000
8606 -974.0000000000
8644 -973.0000000000
8672 -972.0000000000
8696 -971.0000000000
8711 -970.0000000000
8713 -969.0000000000
8721 -967.0000000000
8762 -966.0000000000
8800 -965.0000000000
8802 -964.0000000000
8844 -961.0000000000
8868 -960.0000000000
8923 -958.0000000000
8933 -956.0000000000
8967 -954.0000000000
8994 -952.0000000000
9026 -950.0000000000
9071 -949.0000000000
9110 -948.0000000000
9134 -945.0000000000
9136 -944.0000000000
9183 -941.0000000000
9249 -939.0000000000
9270 -938.0000000000
9284 -936.0000000000
9306 -935.0000000000
9342 -934.0000000000
9346 -932.0000000000
9384 -930.0000000000
9397 -928.0000000000
9406 -926.0000000000
9465 -925.0000000000
9478 -923.0000000000
9527 -922.0000000000
9534 -921.0000000000
9543 -920.0000000000
9564 -919.0000000000
9573 -917.0000000000
9627 -915.0000000000
9641 -914.0000000000
9667 -913.0000000000
9688 -909.0000000000
9710 -908.0000000000
9757 -906.0000000000
9770 -905.0000000000
9789 -904.0000000000
9810 -901.0000000000
9870 -900.0000000000
9875 -898.0000000000
9887 -897.0000000000
9929 -896.0000000000
9938 -895.0000000000
9978 -894.0000000000
9992 -893.0000000000
9994 -891.0000000000
10000 -898.0000000000
evaluations raw_y
1 -1942.0000000000
2 -1930.0000000000
3 -1924.0000000000
5 -1890.0000000000
7 -1887.0000000000
28 -1881.0000000000
41 -1866.0000000000
48 -1854.0000000000
63 -1852.0000000000
80 -1849.0000000000
85 -1842.0000000000
97 -1833.0000000000
101 -1817.0000000000
112 -1810.0000000000
122 -1799.0000000000
141 -1793.0000000000
151 -1790.0000000000
167 -1789.0000000000
168 -1783.0000000000
182 -1781.0000000000
186 -1777.0000000000
189 -1776.0000000000
198 -1773.0000000000
202 -1763.0000000000
204 -1755.0000000000
236 -1748.0000000000
241 -1740.0000000000
244 -1739.0000000000
265 -1731.0000000000
272 -1720.0000000000
284 -1704.0000000000
345 -1703.0000000000
351 -1702.0000000000
369 -1691.0000000000
379 -1685.0000000000
405 -1683.0000000000
411 -1677.0000000000
437 -1674.0000000000
445 -1670.0000000000
449 -1661.0000000000
489 -1660.0000000000
522 -1658.0000000000
548 -1651.0000000000
572 -1650.0000000000
582 -1644.0000000000
614 -1639.0000000000
644 -1637.0000000000
706 -1636.0000000000
710 -1634.0000000000
731 -1633.0000000000
740 -1632.0000000000
755 -1631.0000000000
767 -1630.0000000000
770 -1629.0000000000
787 -1624.0000000000
816 -1623.0000000000
843 -1621.0000000000
845 -1620.0000000000
871 -1619.0000000000
876 -1616.0000000000
904 -1608.0000000000
946 -1607.0000000000
970 -1606.0000000000
986 -1604.0000000000
1041 -1603.0000000000
1050 -1602.0000000000
1061 -1601.0000000000
1081 -1599.0000000000
1090 -1595.0000000000
1105 -1592.0000000000
1153 -1591.0000000000
1164 -1588.0000000000
1185 -1584.0000000000
1262 -1580.0000000000
1298 -1579.0000000000
1304 -1576.0000000000
1343 -1574.0000000000
1365 -1572.0000000000
1384 -1571.0000000000
1404 -1570.0000000000
1422 -1569.0000000000
1446 -1568.0000000000
1466 -1565.0000000000
1510 -1563.0000000000
1531 -1562.0000000000
1551 -1561.0000000000
1564 -1560.0000000000
1571 -1559.0000000000
1575 -1558.0000000000
1602 -1557.0000000000
1610 -1554.0000000000
1635 -1552.0000000000
1656 -1551.0000000000
1684 -1545.0000000000
1725 -1544.0000000000
1749 -1543.0000000000
1766 -1540.0000000000
1773 -1539.0000000000
1801 -1537.0000000000
1827 -1535.0000000000
1854 -1534.0000000000
1858 -1533.0000000000
1864 -1531.0000000000
1883 -1530.0000000000
1911 -1529.0000000000
1916 -1528.0000000000
1921 -1527.0000000000
1925 -1526.0000000000
1955 -1524.0000000000
1961 -1522.0000000000
1982 -1521.0000000000
1997 -1520.0000000000
2001 -1517.0000000000
2063 -1516.0000000000
2065 -1514.0000000000
2091 -1511.0000000000
2129 -1510.0000000000
2144 -1509.0000000000
2148 -1508.0000000000
2152 -1507.0000000000
2155 -1506.0000000000
2191 -1502.0000000000
2218 -1501.0000000000
2246 -1498.0000000000
2285 -1494.0000000000
2290 -1493.0000000000
2326 -1492.0000000000
2327 -1490.0000000000
2342 -1488.0000000000
2373 -1486.0000000000
2398 -1485.0000000000
2402 -1481.0000000000
2447 -1479.0000000000
2461 -1477.0000000000
2486 -1476.0000000000
2521 -1474.0000000000
2542 -1472.0000000000
2569 -1470.0000000000
2582 -1469.0000000000
2618 -1466.0000000000
2633 -1465.0000000000
2641 -1464.0000000000
2675 -1463.0000000000
2682 -1462.0000000000
2685 -1461.0000000000
2687 -1459.0000000000
2725 -1457.0000000000
2762 -1455.0000000000
2773 -1453.0000000000
2794 -1452.0000000000
2796 -1450.0000000000
2824 -1449.0000000000
2842 -1447.0000000000
2854 -1443.0000000000
2883 -1442.0000000000
2925 -1441.0000000000
2943 -1440.0000000000
2959 -1439.0000000000
2963 -1438.0000000000
2983 -1437.0000000000
2989 -1436.0000000000
3020 -1434.0000000000
3021 -1433.0000000000
3042 -1432.0000000000
3068 -1428.0000000000
3131 -1427.0000000000
3139 -1425.0000000000
3143 -1424.0000000000
3162 -1421.0000000000
3186 -1419.0000000000
3225 -1418.0000000000
3242 -1417.0000000000
3255 -1416.0000000000
3265 -1415.0000000000
3283 -1414.0000000000
3285 -1412.0000000000
3306 -1411.0000000000
3342 -1408.0000000000
3362 -1407.0000000000
3370 -1406.0000000000
3395 -1402.0000000000
3406 -1396.0000000000
3442 -1394.0000000000
3481 -1392.0000000000
3503 -1391.0000000000
3540 -1390.0000000000
3542 -1388.0000000000
3570 -1387.0000000000
3575 -1386.0000000000
3587 -1385.0000000000
3602 -1384.0000000000
3604 -1383.0000000000
3617 -1382.0000000000
3622 -1380.0000000000
3642 -1379.0000000000
3667 -1374.0000000000
3703 -1372.0000000000
3707 -1369.0000000000
3745 -1367.0000000000
3751 -1366.0000000000
3778 -1363.0000000000
3819 -1362.0000000000
3826 -1360.0000000000
3842 -1359.0000000000
3847 -1358.0000000000
3889 -1357.0000000000
3894 -1355.0000000000
3910 -1353.0000000000
3919 -1351.0000000000
3951 -1349.0000000000
3961 -1348.0000000000
3982 -1346.0000000000
4003 -1345.0000000000
4022 -1343.0000000000
4040 -1342.0000000000
4050 -1336.0000000000
4066 -1335.0000000000
4110 -1333.0000000000
4122 -1331.0000000000
4143 -1330.0000000000
4174 -1329.0000000000
4206 -1327.0000000000
4219 -1326.0000000000
4222 -1325.0000000000
4235 -1324.0000000000
4263 -1323.0000000000
4265 -1322.0000000000
4281 -1318.0000000000
4311 -1317.0000000000
4315 -1316.0000000000
4363 -1315.0000000000
4389 -1313.0000000000
4403 -1310.0000000000
4426 -1308.0000000000
4459 -1307.0000000000
4467 -1306.0000000000
4484 -1304.0000000000
4525 -1302.0000000000
4530 -1301.0000000000
4563 -1299.0000000000
4573 -1297.0000000000
4587 -1296.0000000000
4616 -1295.0000000000
4627 -1292.0000000000
4654 -1290.0000000000
4664 -1289.0000000000
4689 -1287.0000000000
4713 -1286.0000000000
4722 -1285.0000000000
4724 -1284.0000000000
4743 -1283.0000000000
4765 -1281.0000000000
4772 -1278.0000000000
4801 -1277.0000000000
4802 -1276.0000000000
4825 -1275.0000000000
4863 -1274.0000000000
4867 -1272.0000000000
4882 -1270.0000000000
4911 -1267.0000000000
4924 -1265.0000000000
4964 -1264.0000000000
4969 -1261.0000000000
5016 -1260.0000000000
5022 -1259.0000000000
5045 -1258.0000000000
5062 -1257.0000000000
5065 -1256.0000000000
5102 -1254.0000000000
5103 -1253.0000000000
5105 -1252.0000000000
5140 -1251.0000000000
5145 -1250.0000000000
5159 -1249.0000000000
5191 -1248.0000000000
5204 -1245.0000000000
5228 -1241.0000000000
5251 -1240.0000000000
5295 -1237.0000000000
5333 -1236.0000000000
5343 -1235.0000000000
5347 -1234.0000000000
5364 -1233.0000000000
5365 -1232.0000000000
5401 -1229.0000000000
5416 -1228.0000000000
5463 -1224.0000000000
5504 -1223.0000000000
5513 -1220.0000000000
5534 -1219.0000000000
5547 -1218.0000000000
5574 -1215.0000000000
5581 -1214.0000000000
5618 -1212.0000000000
5622 -1211.0000000000
5649 -1207.0000000000
5683 -1206.0000000000
5701 -1205.0000000000
5723 -1203.0000000000
5732 -1202.0000000000
5752 -1200.0000000000
5782 -1196.0000000000
5828 -1195.0000000000
5855 -1193.0000000000
5903 -1191.0000000000
5917 -1190.0000000000
5923 -1189.0000000000
5945 -1188.0000000000
5963 -1184.0000000000
6005 -1182.0000000000
6026 -1181.0000000000
6037 -1180.0000000000
6042 -1178.0000000000
6055 -1173.0000000000
6061 -1171.0000000000
6154 -1170.0000000000
6159 -1169.0000000000
6175 -1168.0000000000
6188 -1167.0000000000
6192 -1166.0000000000
6221 -1165.0000000000
6258 -1164.0000000000
6271 -1163.0000000000
6284 -1162.0000000000
6316 -1160.0000000000
6325 -1159.0000000000
6332 -1158.0000000000
6361 -1156.0000000000
6399 -1155.0000000000
6420 -1154.0000000000
6426 -1153.0000000000
6438 -1152.0000000000
6443 -1150.0000000000
6469 -1148.0000000000
6487 -1145.0000000000
6528 -1144.0000000000
6550 -1143.0000000000
6581 -1142.0000000000
6582 -1141.0000000000
6597 -1140.0000000000
6599 -1139.0000000000
6639 -1138.0000000000
6658 -1137.0000000000
6660 -1136.0000000000
6668 -1135.0000000000
6695 -1134.0000000000
6714 -1132.0000000000
6734 -1131.0000000000
6756 -1130.0000000000
6789 -1128.0000000000
6802 -1126.0000000000
6853 -1124.0000000000
6874 -1123.0000000000
6883 -1122.0000000000
6884 -1119.0000000000
6927 -1118.0000000000
6929 -1116.0000000000
6951 -1114.0000000000
6977 -1113.0000000000
7010 -1112.0000000000
7018 -1108.0000000000
7027 -1107.0000000000
7095 -1104.0000000000
7116 -1102.0000000000
7125 -1101.0000000000
7167 -1100.0000000000
7176 -1099.0000000000
7194 -1098.0000000000
7202 -1096.0000000000
7244 -1095.0000000000
7246 -1093.0000000000
7286 -1092.0000000000
7327 -1091.0000000000
7334 -1089.0000000000
7351 -1088.0000000000
7362 -1086.0000000000
7367 -1085.0000000000
7384 -1083.0000000000
7421 -1082.0000000000
7464 -1080.0000000000
7472 -1078.0000000000
7524 -1074.0000000000
7557 -1073.0000000000
7568 -1072.0000000000
7608 -1070.0000000000
7626 -1066.0000000000
7664 -1063.0000000000
7689 -1062.0000000000
7696 -1061.0000000000
7737 -1057.0000000000
7749 -1055.0000000000
7784 -1051.0000000000
7850 -1050.0000000000
7855 -1049.0000000000
7873 -1047.0000000000
7885 -1045.0000000000
7914 -1044.0000000000
7940 -1042.0000000000
7941 -1041.0000000000
7985 -1039.0000000000
7990 -1038.0000000000
8026 -1037.0000000000
8056 -1036.0000000000
8067 -1034.0000000000
8093 -1033.0000000000
8107 -1032.0000000000
8138 -1029.0000000000
8166 -1028.0000000000
8186 -1026.0000000000
8215 -1025.0000000000
8232 -1024.0000000000
8240 -1023.0000000000
8272 -1022.0000000000
8282 -1019.0000000000
8296 -1018.0000000000
8321 -1017.0000000000
8338 -1016.0000000000
8364 -1015.0000000000
8370 -1014.0000000000
8384 -1012.0000000000
8410 -1010.0000000000
8439 -1009.0000000000
8449 -1008.0000000000
8466 -1006.0000000000
8478 -1004.0000000000
8531 -1003.0000000000
8543 -1002.0000000000
8551 -1001.0000000000
8572 -1000.0000000000
8583 -998.0000000000
8589 -997.0000000000
8609 -995.0000000000
8629 -994.0000000000
8649 -989.0000000000
8701 -985.0000000000
8727 -984.0000000000
8761 -982.0000000000
8781 -979.0000000000
8836 -978.0000000000
8851 -976.0000000000
8882 -975.0000000000
8906 -973.0000000000
8931 -972.0000000000
8948 -971.0000000000
8964 -970.0000000000
8994 -969.0000000000
9017 -967.0000000000
9053 -963.0000000000
9081 -962.0000000000
9084 -959.0000000000
9172 -958.0000000000
9179 -957.0000000000
9207 -953.0000000000
9241 -950.0000000000
9290 -946.0000000000
9336 -945.0000000000
9343 -944.0000000000
9347 -942.0000000000
9367 -941.0000000000
9385 -938.0000000000
9434 -936.0000000000
9450 -934.0000000000
9469 -933.0000000000
9517 -932.0000000000
9543 -931.0000000000
9571 -929.0000000000
9602 -927.0000000000
9631 -926.0000000000
9652 -925.0000000000
9669 -924.0000000000
9673 -922.0000000000
9703 -920.0000000000
9741 -919.0000000000
9773 -918.0000000000
9820 -917.0000000000
9858 -916.0000000000
9867 -915.0000000000
9876 -914.0000000000
9896 -912.0000000000
9909 -909.0000000000
9963 -907.0000000000
9984 -906.0000000000
10000 -907.0000000000
evaluations raw_y
1 -1954.0000000000
2 -1899.0000000000
6 -1888.0000000000
19 -1886.0000000000
26 -1873.0000000000
51 -1866.0000000000
61 -1857.0000000000
63 -1851.0000000000
76 -1840.0000000000
84 -1825.0000000000
108 -1818.0000000000
110 -1800.0000000000
129 -1790.0000000000
131 -1787.0000000000
156 -1784.0000000000
162 -1780.0000000000
169 -1749.0000000000
172 -1743.0000000000
210 -1742.0000000000
214 -1726.0000000000
239 -1721.0000000000
258 -1717.0000000000
266 -1716.0000000000
271 -1714.0000000000
278 -1699.0000000000
300 -1697.0000000000
301 -1696.0000000000
324 -1692.0000000000
330 -1687.0000000000
343 -1680.0000000000
371 -1675.0000000000
382 -1674.0000000000
388 -1671.0000000000
406 -1668.0000000000
428 -1664.0000000000
432 -1659.0000000000
468 -1649.0000000000
486 -1642.0000000000
497 -1641.0000000000
506 -1632.0000000000
515 -1625.0000000000
543 -1623.0000000000
552 -1620.0000000000
561 -1610.0000000000
602 -1600.0000000000
627 -1599.0000000000
634 -1598.0000000000
671 -1595.0000000000
702 -1593.0000000000
715 -1592.0000000000
723 -1588.0000000000
766 -1586.0000000000
799 -1585.0000000000
825 -1581.0000000000
852 -1574.0000000000
893 -1573.0000000000
905 -1569.0000000000
922 -1568.0000000000
946 -1566.0000000000
962 -1563.0000000000
981 -1562.0000000000
1018 -1560.0000000000
1029 -1559.0000000000
1063 -1558.0000000000
1065 -1556.0000000000
1108 -1554.0000000000
1142 -1553.0000000000
1144 -1550.0000000000
1182 -1549.0000000000
1184 -1548.0000000000
1189 -1547.0000000000
1225 -1546.0000000000
1241 -1545.0000000000
1245 -1544.0000000000
1263 -1543.0000000000
1284 -1538.0000000000
1312 -1536.0000000000
1344 -1535.0000000000
1370 -1534.0000000000
1383 -1533.0000000000
1391 -1531.0000000000
1404 -1529.0000000000
1429 -1527.0000000000
1444 -1526.0000000000
1460 -1525.0000000000
1466 -1523.0000000000
1476 -1522.0000000000
1481 -1520.0000000000
1513 -1517.0000000000
1548 -1516.0000000000
1559 -1515.0000000000
1563 -1513.0000000000
1591 -1511.0000000000
1595 -1510.0000000000
1624 -1508.0000000000
1631 -1507.0000000000
1645 -1503.0000000000
1672 -1502.0000000000
1692 -1501.0000000000
1700 -1500.0000000000
1711 -1497.0000000000
1739 -1496.0000000000
1760 -1492.0000000000
1777 -1491.0000000000
1782 -1489.0000000000
1800 -1488.0000000000
1806 -1487.0000000000
1810 -1486.0000000000
1816 -1484.0000000000
1830 -1483.0000000000
1859 -1482.0000000000
1862 -1481.0000000000
1863 -1480.0000000000
1903 -1477.0000000000
1928 -1476.0000000000
1929 -1474.0000000000
1965 -1473.0000000000
1978 -1471.0000000000
1982 -1467.0000000000
2025 -1466.0000000000
2059 -1464.0000000000
2087 -1463.0000000000
2096 -1462.0000000000
2102 -1458.0000000000
2128 -1457.0000000000
2148 -1456.0000000000
2168 -1453.0000000000
2189 -1452.0000000000
2208 -1450.0000000000
2219 -1446.0000000000
2261 -1441.0000000000
2321 -1439.0000000000
2371 -1438.0000000000
2390 -1437.0000000000
2404 -1435.0000000000
2421 -1434.0000000000
2434 -1433.0000000000
2462 -1432.0000000000
2482 -1431.0000000000
2521 -1429.0000000000
2527 -1428.0000000000
2531 -1427.0000000000
2552 -1423.0000000000
2584 -1422.0000000000
2624 -1421.0000000000
2629 -1420.0000000000
2632 -1419.0000000000
2663 -1415.0000000000
2697 -1413.0000000000
2728 -1412.0000000000
2731 -1411.0000000000
2744 -1410.0000000000
2748 -1408.0000000000
2766 -1407.0000000000
2786 -1405.0000000000
2802 -1403.0000000000
2829 -1402.0000000000
2858 -1400.0000000000
2867 -1399.0000000000
2868 -1397.0000000000
2909 -1396.0000000000
2941 -1393.0000000000
2977 -1391.0000000000
2994 -1390.0000000000
3003 -1389.0000000000
3021 -1388.0000000000
3026 -1386.0000000000
3048 -1385.0000000000
3063 -1384.0000000000
3083 -1383.0000000000
3085 -1381.0000000000
3115 -1380.0000000000
3120 -1375.0000000000
3155 -1371.0000000000
3198 -1369.0000000000
3214 -1368.0000000000
3239 -1367.0000000000
3241 -1362.0000000000
3293 -1361.0000000000
3313 -1360.0000000000
3315 -1358.0000000000
3321 -1356.0000000000
3327 -1355.0000000000
3360 -1352.0000000000
3381 -1349.0000000000
3394 -1348.0000000000
3405 -1346.0000000000
3412 -1343.0000000000
3459 -1342.0000000000
3464 -1341.0000000000
3474 -1340.0000000000
3483 -1338.0000000000
3511 -1337.0000000000
3520 -1336.0000000000
3525 -1332.0000000000
3564 -1328.0000000000
3600 -1326.0000000000
3602 -1324.0000000000
3621 -1323.0000000000
3637 -1322.0000000000
3646 -1321.0000000000
3666 -1320.0000000000
3675 -1318.0000000000
3688 -1317.0000000000
3703 -1315.0000000000
3730 -1314.0000000000
3745 -1312.0000000000
3766 -1310.0000000000
3791 -1309.0000000000
3799 -1308.0000000000
3821 -1306.0000000000
3849 -1303.0000000000
3850 -1302.0000000000
3866 -1297.0000000000
3935 -1296.0000000000
3937 -1295.0000000000
3953 -1293.0000000000
3976 -1290.0000000000
3997 -1288.0000000000
4020 -1287.0000000000
4039 -1285.0000000000
4042 -1284.0000000000
4052 -1282.0000000000
4081 -1281.0000000000
4101 -1278.0000000000
4144 -1277.0000000000
4160 -1274.0000000000
4204 -1273.0000000000
4213 -1270.0000000000
4253 -1268.0000000000
4265 -1267.0000000000
4291 -1266.0000000000
4299 -1264.0000000000
4336 -1263.0000000000
4365 -1260.0000000000
4384 -1259.0000000000
4391 -1258.0000000000
4414 -1257.0000000000
4425 -1256.0000000000
4455 -1255.0000000000
4465 -1254.0000000000
4470 -1253.0000000000
4485 -1251.0000000000
4501 -1250.0000000000
4523 -1248.0000000000
4588 -1247.0000000000
4595 -1246.0000000000
4606 -1243.0000000000
4622 -1242.0000000000
4674 -1239.0000000000
4709 -1238.0000000000
4721 -1237.0000000000
4735 -1233.0000000000
4764 -1227.0000000000
4812 -1226.0000000000
4827 -1224.0000000000
4850 -1222.0000000000
4853 -1221.0000000000
4876 -1220.0000000000
4902 -1218.0000000000
4914 -1217.0000000000
4950 -1216.0000000000
4962 -1215.0000000000
4987 -1214.0000000000
5001 -1213.0000000000
5024 -1212.0000000000
5026 -1211.0000000000
5044 -1210.0000000000
5047 -1209.0000000000
5071 -1208.0000000000
5072 -1207.0000000000
5088 -1206.0000000000
5103 -1205.0000000000
5118 -1203.0000000000
5131 -1202.0000000000
5166 -1201.0000000000
5169 -1199.0000000000
5206 -1198.0000000000
5220 -1197.0000000000
5255 -1196.0000000000
5261 -1195.0000000000
5273 -1194.0000000000
5286 -1193.0000000000
5319 -1188.0000000000
5322 -1187.0000000000
5351 -1183.0000000000
5381 -1182.0000000000
5401 -1180.0000000000
5445 -1179.0000000000
5462 -1176.0000000000
5501 -1174.0000000000
5530 -1173.0000000000
5538 -1172.0000000000
5543 -1170.0000000000
5599 -1169.0000000000
5609 -1166.0000000000
5633 -1165.0000000000
5641 -1164.0000000000
5661 -1163.0000000000
5662 -1162.0000000000
5687 -1160.0000000000
5697 -1158.0000000000
5728 -1157.0000000000
5731 -1156.0000000000
5737 -1155.0000000000
5759 -1153.0000000000
5785 -1152.0000000000
5787 -1148.0000000000
5813 -1145.0000000000
5828 -1144.0000000000
5862 -1142.0000000000
5886 -1141.0000000000
5923 -1140.0000000000
5931 -1138.0000000000
5945 -1137.0000000000
5956 -1136.0000000000
5965 -1134.0000000000
5966 -1133.0000000000
6004 -1132.0000000000
6015 -1131.0000000000
6022 -1126.0000000000
6027 -1125.0000000000
6092 -1123.0000000000
6105 -1120.0000000000
6141 -1119.0000000000
6155 -1118.0000000000
6187 -1116.0000000000
6202 -1115.0000000000
6226 -1112.0000000000
6253 -1111.0000000000
6275 -1110.0000000000
6281 -1108.0000000000
6312 -1101.0000000000
6396 -1099.0000000000
6405 -1097.0000000000
6436 -1096.0000000000
6455 -1095.0000000000
6471 -1091.0000000000
6492 -1090.0000000000
6504 -1089.0000000000
6531 -1088.0000000000
6557 -1087.0000000000
6571 -1086.0000000000
6587 -1084.0000000000
6646 -1082.0000000000
6671 -1081.0000000000
6677 -1079.0000000000
6693 -1078.0000000000
6706 -1075.0000000000
6725 -1073.0000000000
6749 -1072.0000000000
6776 -1071.0000000000
6792 -1069.0000000000
6805 -1067.0000000000
6823 -1066.0000000000
6842 -1064.0000000000
6866 -1062.0000000000
6900 -1061.0000000000
6906 -1059.0000000000
6922 -1057.0000000000
6966 -1056.0000000000
6969 -1053.0000000000
6999 -1052.0000000000
7018 -1051.0000000000
7021 -1049.0000000000
7051 -1046.0000000000
7073 -1044.0000000000
7109 -1043.0000000000
7135 -1042.0000000000
7142 -1041.0000000000
7145 -1038.0000000000
7169 -1037.0000000000
7190 -1035.0000000000
7222 -1032.0000000000
7269 -1030.0000000000
7304 -1029.0000000000
7330 -1028.0000000000
7342 -1025.0000000000
7416 -1023.0000000000
7446 -1022.0000000000
7473 -1021.0000000000
7483 -1019.0000000000
7519 -1018.0000000000
7526 -1017.0000000000
7540 -1016.0000000000
7542 -1015.0000000000
7568 -1013.0000000000
7581 -1010.0000000000
7626 -1007.0000000000
7657 -1006.0000000000
7663 -1005.0000000000
7687 -1004.0000000000
7703 -1002.0000000000
7739 -1001.0000000000
7766 -1000.0000000000
7789 -998.0000000000
7809 -997.0000000000
7834 -996.0000000000
7847 -995.0000000000
7854 -994.0000000000
7881 -993.0000000000
7907 -989.0000000000
7910 -986.0000000000
7922 -985.0000000000
7936 -983.0000000000
7972 -982.0000000000
8005 -981.0000000000
8019 -980.0000000000
8021 -977.0000000000
8082 -976.0000000000
8083 -975.0000000000
8099 -971.0000000000
8149 -970.0000000000
8174 -969.0000000000
8175 -968.0000000000
8190 -967.0000000000
8219 -965.0000000000
8224 -964.0000000000
8253 -961.0000000000
8265 -959.0000000000
8293 -958.0000000000
8328 -956.0000000000
8347 -955.0000000000
8349 -953.0000000000
8381 -950.0000000000
8404 -948.0000000000
8430 -947.0000000000
8442 -946.0000000000
8462 -944.0000000000
8492 -936.0000000000
8543 -935.0000000000
8566 -934.0000000000
8610 -933.0000000000
8612 -932.0000000000
8619 -930.0000000000
8642 -929.0000000000
8671 -927.0000000000
8686 -926.0000000000
8742 -925.0000000000
8748 -922.0000000000
8761 -920.0000000000
8826 -917.0000000000
8896 -916.0000000000
8907 -915.0000000000
8926 -914.0000000000
8931 -913.0000000000
8961 -910.0000000000
8987 -908.0000000000
9035 -907.0000000000
9081 -906.0000000000
9084 -902.0000000000
9115 -901.0000000000
9152 -900.0000000000
9175 -899.0000000000
9187 -898.0000000000
9202 -897.0000000000
9204 -896.0000000000
9209 -895.0000000000
9246 -893.0000000000
9276 -892.0000000000
9289 -891.0000000000
9317 -890.0000000000
9327 -889.0000000000
9346 -888.0000000000
9361 -886.0000000000
9369 -884.0000000000
9432 -882.0000000000
9441 -880.0000000000
9481 -877.0000000000
9504 -874.0000000000
9565 -873.0000000000
9582 -872.0000000000
9590 -870.0000000000
9624 -869.0000000000
9646 -868.0000000000
9664 -864.0000000000
9692 -863.0000000000
9721 -860.0000000000
9745 -859.0000000000
9770 -858.0000000000
9815 -857.0000000000
9821 -855.0000000000
9846 -854.0000000000
9872 -852.0000000000
9897 -851.0000000000
9923 -848.0000000000
9950 -847.0000000000
9964 -846.0000000000
10000 -850.0000000000
evaluations raw_y
1 -1954.0000000000
2 -1917.0000000000
7 -1914.0000000000
9 -1882.0000000000
67 -1851.0000000000
83 -1850.0000000000
112 -1841.0000000000
118 -1838.0000000000
123 -1831.0000000000
124 -1829.0000000000
145 -1825.0000000000
160 -1817.0000000000
171 -1812.0000000000
174 -1796.0000000000
185 -1794.0000000000
187 -1791.0000000000
192 -1789.0000000000
204 -1784.0000000000
226 -1781.0000000000
227 -1765.0000000000
250 -1761.0000000000
256 -1755.0000000000
261 -1754.0000000000
266 -1746.0000000000
295 -1739.0000000000
306 -1736.0000000000
310 -1729.0000000000
315 -1716.0000000000
357 -1711.0000000000
372 -1705.0000000000
374 -1703.0000000000
385 -1701.0000000000
386 -1697.0000000000
390 -1695.0000000000
412 -1679.0000000000
422 -1678.0000000000
440 -1677.0000000000
445 -1662.0000000000
485 -1657.0000000000
487 -1643.0000000000
508 -1642.0000000000
533 -1637.0000000000
549 -1634.0000000000
577 -1631.0000000000
590 -1627.0000000000
611 -1623.0000000000
621 -1622.0000000000
640 -1618.0000000000
641 -1617.0000000000
662 -1613.0000000000
694 -1611.0000000000
703 -1609.0000000000
723 -1605.0000000000
740 -1602.0000000000
742 -1600.0000000000
774 -1599.0000000000
783 -1591.0000000000
790 -1590.0000000000
853 -1589.0000000000
855 -1588.0000000000
861 -1584.0000000000
869 -1583.0000000000
892 -1577.0000000000
926 -1574.0000000000
934 -1573.0000000000
954 -1572.0000000000
987 -1570.0000000000
994 -1567.0000000000
1019 -1566.0000000000
1024 -1565.0000000000
1027 -1564.0000000000
1040 -1563.0000000000
1043 -1562.0000000000
1085 -1560.0000000000
1125 -1559.0000000000
1126 -1557.0000000000
1129 -1556.0000000000
1151 -1555.0000000000
1159 -1553.0000000000
1182 -1550.0000000000
1190 -1548.0000000000
1238 -1547.0000000000
1240 -1546.0000000000
1252 -1544.0000000000
1255 -1543.0000000000
1281 -1541.0000000000
1320 -1540.0000000000
1333 -1538.0000000000
1362 -1537.0000000000
1370 -1535.0000000000
1412 -1534.0000000000
1418 -1533.0000000000
1428 -1530.0000000000
1459 -1528.0000000000
1463 -1527.0000000000
1478 -1526.0000000000
1506 -1525.0000000000
1526 -1523.0000000000
1527 -1522.0000000000
1528 -1521.0000000000
1542 -1520.0000000000
1582 -1518.0000000000
1587 -1517.0000000000
1621 -1516.0000000000
1628 -1513.0000000000
1677 -1511.0000000000
1683 -1510.0000000000
1728 -1509.0000000000
1739 -1505.0000000000
1752 -1504.0000000000
1763 -1503.0000000000
1778 -1502.0000000000
1797 -1500.0000000000
1802 -1499.0000000000
1830 -1497.0000000000
1869 -1495.0000000000
1885 -1494.0000000000
1891 -1492.0000000000
1903 -1491.0000000000
1914 -1490.0000000000
1943 -1489.0000000000
1958 -1488.0000000000
1966 -1487.0000000000
1982 -1485.0000000000
2015 -1484.0000000000
2021 -1483.0000000000
2030 -1481.0000000000
2053 -1479.0000000000
2066 -1477.0000000000
2086 -1476.0000000000
2111 -1475.0000000000
2116 -1473.0000000000
2141 -1472.0000000000
2154 -1470.0000000000
2178 -1469.0000000000
2185 -1468.0000000000
2193 -1467.0000000000
2224 -1465.0000000000
2242 -1464.0000000000
2247 -1463.0000000000
2271 -1461.0000000000
2278 -1460.0000000000
2296 -1459.0000000000
2301 -1457.0000000000
2307 -1456.0000000000
2319 -1455.0000000000
2321 -1454.0000000000
2345 -1453.0000000000
2350 -1452.0000000000
2365 -1451.0000000000
2381 -1450.0000000000
2401 -1444.0000000000
2453 -1442.0000000000
2476 -1441.0000000000
2487 -1440.0000000000
2491 -1439.0000000000
2506 -1438.0000000000
2511 -1437.0000000000
2521 -1436.0000000000
2541 -1435.0000000000
2574 -1433.0000000000
2584 -1431.0000000000
2588 -1428.0000000000
2603 -1427.0000000000
2645 -1425.0000000000
2657 -1423.0000000000
2669 -1422.0000000000
2700 -1421.0000000000
2708 -1420.0000000000
2712 -1418.0000000000
2723 -1417.0000000000
2754 -1416.0000000000
2764 -1415.0000000000
2768 -1414.0000000000
2791 -1412.0000000000
2807 -1410.0000000000
2842 -1407.0000000000
2861 -1404.0000000000
2888 -1403.0000000000
2922 -1399.0000000000
2946 -1396.0000000000
2976 -1395.0000000000
2985 -1393.0000000000
3011 -1391.0000000000
3050 -1390.0000000000
3062 -1388.0000000000
3085 -1387.0000000000
3101 -1385.0000000000
3149 -1380.0000000000
3188 -1379.0000000000
3223 -1378.0000000000
3251 -1374.0000000000
3302 -1373.0000000000
3325 -1370.0000000000
3353 -1367.0000000000
3382 -1366.0000000000
3393 -1365.0000000000
3418 -1364.0000000000
3431 -1363.0000000000
3437 -1361.0000000000
3442 -1359.0000000000
3475 -1358.0000000000
3492 -1356.0000000000
3513 -1353.0000000000
3523 -1348.0000000000
3551 -1347.0000000000
3560 -1346.0000000000
3561 -1345.0000000000
3602 -1343.0000000000
3625 -1340.0000000000
3651 -1339.0000000000
3669 -1338.0000000000
3681 -1333.0000000000
3706 -1331.0000000000
3741 -1330.0000000000
3753 -1327.0000000000
3785 -1326.0000000000
3791 -1323.0000000000
3828 -1320.0000000000
3854 -1319.0000000000
3858 -1318.0000000000
3871 -1315.0000000000
3883 -1313.0000000000
3886 -1312.0000000000
3923 -1311.0000000000
3945 -1310.0000000000
3967 -1309.0000000000
3980 -1307.0000000000
4005 -1306.0000000000
4011 -1300.0000000000
4065 -1299.0000000000
4077 -1298.0000000000
4082 -1297.0000000000
4099 -1295.0000000000
4125 -1294.0000000000
4142 -1293.0000000000
4159 -1292.0000000000
4169 -1291.0000000000
4190 -1290.0000000000
4202 -1285.0000000000
4234 -1284.0000000000
4258 -1283.0000000000
4281 -1282.0000000000
4293 -1281.0000000000
4312 -1278.0000000000
4349 -1276.0000000000
4360 -1273.0000000000
4385 -1272.0000000000
4393 -1270.0000000000
4414 -1269.0000000000
4441 -1267.0000000000
4468 -1266.0000000000
4476 -1265.0000000000
4479 -1264.0000000000
4485 -1262.0000000000
4521 -1261.0000000000
4528 -1259.0000000000
4541 -1258.0000000000
4542 -1255.0000000000
4570 -1254.0000000000
4606 -1253.0000000000
4613 -1252.0000000000
4624 -1248.0000000000
4661 -1246.0000000000
4665 -1244.0000000000
4723 -1243.0000000000
4745 -1239.0000000000
4765 -1238.0000000000
4791 -1237.0000000000
4801 -1236.0000000000
4839 -1234.0000000000
4849 -1233.0000000000
4858 -1232.0000000000
4871 -1230.0000000000
4891 -1229.0000000000
4942 -1226.0000000000
4971 -1223.0000000000
4998 -1222.0000000000
5006 -1221.0000000000
5029 -1220.0000000000
5049 -1219.0000000000
5067 -1217.0000000000
5082 -1213.0000000000
5121 -1212.0000000000
5146 -1211.0000000000
5156 -1208.0000000000
5215 -1206.0000000000
5234 -1205.0000000000
5243 -1204.0000000000
5245 -1203.0000000000
5272 -1202.0000000000
5295 -1201.0000000000
5309 -1199.0000000000
5315 -1197.0000000000
5331 -1196.0000000000
5353 -1195.0000000000
5373 -1194.0000000000
5402 -1193.0000000000
5422 -1191.0000000000
5470 -1190.0000000000
5475 -1188.0000000000
5495 -1187.0000000000
5520 -1186.0000000000
5534 -1185.0000000000
5541 -1184.0000000000
5549 -1183.0000000000
5603 -1182.0000000000
5610 -1179.0000000000
5652 -1178.0000000000
5667 -1175.0000000000
5697 -1172.0000000000
5714 -1171.0000000000
5721 -1170.0000000000
5744 -1168.0000000000
5754 -1166.0000000000
5783 -1165.0000000000
5803 -1162.0000000000
5822 -1160.0000000000
5855 -1156.0000000000
5910 -1154.0000000000
5913 -1153.0000000000
5920 -1149.0000000000
5939 -1148.0000000000
5955 -1147.0000000000
5984 -1146.0000000000
6002 -1145.0000000000
6006 -1144.0000000000
6019 -1143.0000000000
6025 -1140.0000000000
6048 -1139.0000000000
6069 -1138.0000000000
6072 -1137.0000000000
6102 -1132.0000000000
6161 -1131.0000000000
6172 -1130.0000000000
6196 -1127.0000000000
6212 -1126.0000000000
6234 -1125.0000000000
6242 -1124.0000000000
6250 -1123.0000000000
6269 -1118.0000000000
6349 -1117.0000000000
6364 -1116.0000000000
6375 -1115.0000000000
6381 -1114.0000000000
6413 -1113.0000000000
6421 -1111.0000000000
6453 -1109.0000000000
6477 -1107.0000000000
6499 -1106.0000000000
6525 -1105.0000000000
6529 -1104.0000000000
6530 -1102.0000000000
6597 -1101.0000000000
6601 -1100.0000000000
6624 -1099.0000000000
6650 -1098.0000000000
6664 -1097.0000000000
6672 -1095.0000000000
6681 -1094.0000000000
6703 -1093.0000000000
6715 -1091.0000000000
6750 -1090.0000000000
6754 -1088.0000000000
6773 -1087.0000000000
6788 -1086.0000000000
6803 -1084.0000000000
6835 -1081.0000000000
6861 -1080.0000000000
6881 -1079.0000000000
6883 -1078.0000000000
6930 -1077.0000000000
6932 -1071.0000000000
6945 -1069.0000000000
6961 -1068.0000000000
6983 -1066.0000000000
7008 -1065.0000000000
7055 -1064.0000000000
7063 -1063.0000000000
7085 -1062.0000000000
7118 -1061.0000000000
7127 -1059.0000000000
7144 -1058.0000000000
7166 -1055.0000000000
7224 -1053.0000000000
7242 -1052.0000000000
7264 -1051.0000000000
7289 -1050.0000000000
7309 -1047.0000000000
7351 -1046.0000000000
7357 -1045.0000000000
7364 -1044.0000000000
7378 -1043.0000000000
7382 -1041.0000000000
7421 -1039.0000000000
7459 -1038.0000000000
7471 -1034.0000000000
7514 -1033.0000000000
7536 -1032.0000000000
7538 -1029.0000000000
7587 -1026.0000000000
7606 -1025.0000000000
7642 -1024.0000000000
7647 -1022.0000000000
7649 -1021.0000000000
7687 -1020.0000000000
7694 -1019.0000000000
7724 -1016.0000000000
7754 -1015.0000000000
7787 -1014.0000000000
7808 -1012.0000000000
7846 -1009.0000000000
7886 -1007.0000000000
7889 -1006.0000000000
7913 -1005.0000000000
7931 -1004.0000000000
7948 -1002.0000000000
7964 -1001.0000000000
7979 -1000.0000000000
7983 -999.0000000000
7988 -998.0000000000
8023 -995.0000000000
8056 -994.0000000000
8073 -993.0000000000
8081 -992.0000000000
8112 -990.0000000000
8130 -988.0000000000
8131 -987.0000000000
8154 -985.0000000000
8169 -984.0000000000
8189 -980.0000000000
8213 -977.0000000000
8248 -976.0000000000
8270 -975.0000000000
8284 -974.0000000000
8302 -973.0000000000
8312 -972.0000000000
8324 -970.0000000000
8350 -968.0000000000
8354 -966.0000000000
8401 -964.0000000000
8425 -963.0000000000
8433 -962.0000000000
8443 -959.0000000000
8485 -958.0000000000
8489 -956.0000000000
8511 -955.0000000000
8522 -953.0000000000
8547 -952.0000000000
8557 -950.0000000000
8572 -946.0000000000
8581 -945.0000000000
8601 -944.0000000000
8611 -943.0000000000
8620 -942.0000000000
8646 -941.0000000000
8669 -939.0000000000
8700 -938.0000000000
8703 -937.0000000000
8741 -936.0000000000
8745 -934.0000000000
8767 -933.0000000000
8776 -932.0000000000
8791 -931.0000000000
8824 -930.0000000000
8854 -929.0000000000
8860 -928.0000000000
8883 -926.0000000000
8897 -925.0000000000
8932 -923.0000000000
8958 -920.0000000000
8970 -919.0000000000
8999 -917.0000000000
9006 -916.0000000000
9067 -915.0000000000
9075 -914.0000000000
9098 -913.0000000000
9124 -912.0000000000
9146 -911.0000000000
9175 -910.0000000000
9184 -909.0000000000
9206 -907.0000000000
9258 -906.0000000000
9296 -904.0000000000
9312 -902.0000000000
9344 -901.0000000000
9376 -900.0000000000
9381 -899.0000000000
9428 -898.0000000000
9431 -895.0000000000
9473 -894.0000000000
9487 -893.0000000000
9504 -891.0000000000
9508 -890.0000000000
9522 -888.0000000000
9546 -887.0000000000
9555 -886.0000000000
9594 -885.0000000000
9601 -883.0000000000
9634 -882.0000000000
9646 -881.0000000000
9686 -879.0000000000
9706 -878.0000000000
9737 -877.0000000000
9741 -875.0000000000
9772 -874.0000000000
9808 -870.0000000000
9842 -869.0000000000
9879 -867.0000000000
9890 -866.0000000000
9913 -865.0000000000
9923 -863.0000000000
9962 -862.0000000000
9963 -860.0000000000
9988 -859.0000000000
10000 -861.0000000000
evaluations raw_y
1 -1914.0000000000
2 -1909.0000000000
9 -1870.0000000000
10 -1861.0000000000
15 -1858.0000000000
22 -1838.0000000000
44 -1832.0000000000
61 -1827.0000000000
82 -1824.0000000000
83 -1821.0000000000
98 -1816.0000000000
111 -1812.0000000000
113 -1800.0000000000
141 -1799.0000000000
145 -1794.0000000000
148 -1791.0000000000
160 -1772.0000000000
181 -1761.0000000000
221 -1746.0000000000
225 -1737.0000000000
249 -1736.0000000000
279 -1735.0000000000
281 -1734.0000000000
285 -1729.0000000000
287 -1726.0000000000
289 -1717.0000000000
304 -1711.0000000000
330 -1694.0000000000
380 -1680.0000000000
387 -1679.0000000000
393 -1678.0000000000
405 -1676.0000000000
418 -1672.0000000000
422 -1671.0000000000
436 -1658.0000000000
465 -1657.0000000000
466 -1653.0000000000
493 -1642.0000000000
507 -1641.0000000000
519 -1638.0000000000
528 -1636.0000000000
551 -1632.0000000000
563 -1630.0000000000
565 -1627.0000000000
582 -1624.0000000000
597 -1622.0000000000
621 -1618.0000000000
633 -1616.0000000000
680 -1615.0000000000
687 -1614.0000000000
693 -1613.0000000000
694 -1610.0000000000
714 -1607.0000000000
722 -1606.0000000000
735 -1604.0000000000
741 -1602.0000000000
747 -1598.0000000000
763 -1596.0000000000
780 -1594.0000000000
790 -1593.0000000000
795 -1588.0000000000
821 -1585.0000000000
845 -1584.0000000000
857 -1582.0000000000
863 -1579.0000000000
882 -1575.0000000000
936 -1573.0000000000
942 -1568.0000000000
986 -1567.0000000000
991 -1566.0000000000
994 -1562.0000000000
1030 -1561.0000000000
1033 -1560.0000000000
1062 -1555.0000000000
1080 -1554.0000000000
1085 -1553.0000000000
1104 -1550.0000000000
1148 -1548.0000000000
1182 -1545.0000000000
1205 -1542.0000000000
1231 -1540.0000000000
1252 -1539.0000000000
1257 -1536.0000000000
1285 -1533.0000000000
1305 -1531.0000000000
1321 -1529.0000000000
1325 -1528.0000000000
1330 -1526.0000000000
1350 -1525.0000000000
1375 -1524.0000000000
1412 -1523.0000000000
1415 -1519.0000000000
1434 -1518.0000000000
1461 -1517.0000000000
1471 -1516.0000000000
1485 -1513.0000000000
1489 -1512.0000000000
1523 -1511.0000000000
1531 -1508.0000000000
1551 -1507.0000000000
1560 -1506.0000000000
1576 -1504.0000000000
1596 -1502.0000000000
1614 -1501.0000000000
1620 -1497.0000000000
1648 -1496.0000000000
1666 -1495.0000000000
1703 -1494.0000000000
1704 -1493.0000000000
1721 -1492.0000000000
1725 -1491.0000000000
1741 -1489.0000000000
1761 -1488.0000000000
1784 -1487.0000000000
1785 -1486.0000000000
1826 -1484.0000000000
1829 -1483.0000000000
1843 -1481.0000000000
1881 -1480.0000000000
1885 -1479.0000000000
1904 -1478.0000000000
1915 -1477.0000000000
1916 -1476.0000000000
1921 -1473.0000000000
1952 -1470.0000000000
1970 -1469.0000000000
1972 -1468.0000000000
1983 -1467.0000000000
2031 -1465.0000000000
2062 -1463.0000000000
2087 -1462.0000000000
2101 -1461.0000000000
2116 -1460.0000000000
2132 -1459.0000000000
2144 -1457.0000000000
2162 -1454.0000000000
2174 -1452.0000000000
2183 -1448.0000000000
2242 -1447.0000000000
2260 -1446.0000000000
2267 -1443.0000000000
2302 -1442.0000000000
2324 -1440.0000000000
2370 -1439.0000000000
2398 -1437.0000000000
2424 -1436.0000000000
2428 -1435.0000000000
2434 -1433.0000000000
2478 -1431.0000000000
2505 -1430.0000000000
2513 -1429.0000000000
2514 -1427.0000000000
2525 -1425.0000000000
2545 -1421.0000000000
2581 -1416.0000000000
2630 -1415.0000000000
2642 -1413.0000000000
2664 -1412.0000000000
2675 -1411.0000000000
2690 -1407.0000000000
2701 -1406.0000000000
2718 -1402.0000000000
2759 -1397.0000000000
2791 -1396.0000000000
2831 -1395.0000000000
2852 -1392.0000000000
2884 -1389.0000000000
2932 -1386.0000000000
2949 -1384.0000000000
2970 -1383.0000000000
2988 -1382.0000000000
2994 -1381.0000000000
3006 -1379.0000000000
3019 -1377.0000000000
3046 -1376.0000000000
3055 -1373.0000000000
3087 -1372.0000000000
3112 -1369.0000000000
3164 -1366.0000000000
3194 -1365.0000000000
3211 -1361.0000000000
3216 -1360.0000000000
3249 -1359.0000000000
3270 -1357.0000000000
3303 -1355.0000000000
3306 -1353.0000000000
3330 -1352.0000000000
3350 -1351.0000000000
3359 -1350.0000000000
3361 -1346.0000000000
3388 -1343.0000000000
3432 -1342.0000000000
3454 -1341.0000000000
3459 -1339.0000000000
3473 -1338.0000000000
3502 -1337.0000000000
3513 -1335.0000000000
3529 -1334.0000000000
3570 -1333.0000000000
3571 -1332.0000000000
3583 -1331.0000000000
3590 -1330.0000000000
3608 -1328.0000000000
3659 -1327.0000000000
3660 -1325.0000000000
3666 -1324.0000000000
3682 -1321.0000000000
3725 -1318.0000000000
3771 -1316.0000000000
3776 -1315.0000000000
3803 -1314.0000000000
3836 -1312.0000000000
3841 -1310.0000000000
3862 -1308.0000000000
3886 -1305.0000000000
3929 -1304.0000000000
3948 -1301.0000000000
3968 -1298.0000000000
4021 -1297.0000000000
4028 -1296.0000000000
4043 -1294.0000000000
4057 -1293.0000000000
4066 -1292.0000000000
4107 -1291.0000000000
4127 -1288.0000000000
4151 -1286.0000000000
4166 -1284.0000000000
4183 -1283.0000000000
4201 -1282.0000000000
4226 -1281.0000000000
4231 -1278.0000000000
4262 -1277.0000000000
4279 -1276.0000000000
4301 -1275.0000000000
4309 -1274.0000000000
4325 -1270.0000000000
4367 -1267.0000000000
4423 -1265.0000000000
4431 -1264.0000000000
4466 -1261.0000000000
4485 -1260.0000000000
4508 -1259.0000000000
4524 -1257.0000000000
4559 -1255.0000000000
4589 -1254.0000000000
4590 -1253.0000000000
4602 -1252.0000000000
4617 -1251.0000000000
4624 -1250.0000000000
4654 -1249.0000000000
4682 -1247.0000000000
4700 -1246.0000000000
4721 -1243.0000000000
4749 -1241.0000000000
4768 -1238.0000000000
4802 -1236.0000000000
4806 -1234.0000000000
4827 -1233.0000000000
4860 -1232.0000000000
4864 -1231.0000000000
4890 -1229.0000000000
4895 -1228.0000000000
4908 -1227.0000000000
4930 -1226.0000000000
4936 -1224.0000000000
4966 -1219.0000000000
4984 -1218.0000000000
5003 -1215.0000000000
5046 -1214.0000000000
5071 -1213.0000000000
5084 -1210.0000000000
5141 -1206.0000000000
5166 -1204.0000000000
5205 -1202.0000000000
5222 -1201.0000000000
5244 -1199.0000000000
5257 -1198.0000000000
5261 -1197.0000000000
5298 -1196.0000000000
5304 -1195.0000000000
5309 -1194.0000000000
5310 -1193.0000000000
5362 -1190.0000000000
5387 -1189.0000000000
5401 -1188.0000000000
5416 -1186.0000000000
5427 -1182.0000000000
5481 -1180.0000000000
5509 -1178.0000000000
5525 -1176.0000000000
5549 -1172.0000000000
5568 -1171.0000000000
5602 -1170.0000000000
5605 -1169.0000000000
5608 -1168.0000000000
5628 -1166.0000000000
5644 -1165.0000000000
5665 -1164.0000000000
5694 -1162.0000000000
5705 -1161.0000000000
5721 -1160.0000000000
5725 -1159.0000000000
5757 -1158.0000000000
5765 -1157.0000000000
5786 -1156.0000000000
5805 -1155.0000000000
5824 -1151.0000000000
5837 -1150.0000000000
5893 -1149.0000000000
5905 -1148.0000000000
5927 -1147.0000000000
5937 -1144.0000000000
5984 -1143.0000000000
6005 -1141.0000000000
6022 -1140.0000000000
6045 -1138.0000000000
6055 -1137.0000000000
6067 -1136.0000000000
6083 -1134.0000000000
6113 -1133.0000000000
6121 -1132.0000000000
6126 -1130.0000000000
6146 -1128.0000000000
6166 -1127.0000000000
6176 -1126.0000000000
6215 -1125.0000000000
6231 -1124.0000000000
6242 -1121.0000000000
6281 -1120.0000000000
6302 -1118.0000000000
6337 -1116.0000000000
6345 -1114.0000000000
6406 -1112.0000000000
6421 -1111.0000000000
6447 -1108.0000000000
6495 -1107.0000000000
6530 -1106.0000000000
6535 -1104.0000000000
6583 -1099.0000000000
6635 -1097.0000000000
6643 -1095.0000000000
6683 -1093.0000000000
6686 -1091.0000000000
6724 -1090.0000000000
6725 -1088.0000000000
6745 -1086.0000000000
6776 -1085.0000000000
6785 -1084.0000000000
6807 -1083.0000000000
6832 -1082.0000000000
6842 -1081.0000000000
6844 -1079.0000000000
6849 -1078.0000000000
6863 -1077.0000000000
6884 -1076.0000000000
6907 -1074.0000000000
6927 -1073.0000000000
6929 -1072.0000000000
6951 -1071.0000000000
6956 -1069.0000000000
6965 -1067.0000000000
6983 -1066.0000000000
7008 -1065.0000000000
7041 -1064.0000000000
7049 -1063.0000000000
7070 -1062.0000000000
7099 -1061.0000000000
7110 -1059.0000000000
7130 -1058.0000000000
7136 -1057.0000000000
7150 -1056.0000000000
7194 -1054.0000000000
7200 -1051.0000000000
7215 -1050.0000000000
7266 -1048.0000000000
7270 -1047.0000000000
7314 -1043.0000000000
7351 -1042.0000000000
7381 -1038.0000000000
7416 -1037.0000000000
7419 -1036.0000000000
7428 -1035.0000000000
7430 -1034.0000000000
7487 -1033.0000000000
7493 -1032.0000000000
7523 -1031.0000000000
7537 -1030.0000000000
7554 -1028.0000000000
7561 -1025.0000000000
7606 -1022.0000000000
7669 -1018.0000000000
7717 -1017.0000000000
7743 -1016.0000000000
7760 -1015.0000000000
7786 -1014.0000000000
7794 -1013.0000000000
7802 -1012.0000000000
7814 -1010.0000000000
7868 -1007.0000000000
7906 -1005.0000000000
7932 -1003.0000000000
7971 -1001.0000000000
7980 -999.0000000000
8003 -998.0000000000
8028 -997.0000000000
8067 -995.0000000000
8073 -992.0000000000
8115 -991.0000000000
8130 -990.0000000000
8132 -989.0000000000
8142 -986.0000000000
8199 -985.0000000000
8226 -981.0000000000
8262 -980.0000000000
8286 -979.0000000000
8298 -977.0000000000
8318 -976.0000000000
8327 -975.0000000000
8341 -974.0000000000
8384 -972.0000000000
8415 -971.0000000000
8467 -970.0000000000
8483 -966.0000000000
8529 -965.0000000000
8573 -963.0000000000
8603 -962.0000000000
8616 -961.0000000000
8622 -959.0000000000
8665 -958.0000000000
8705 -955.0000000000
8741 -954.0000000000
8764 -953.0000000000
8789 -952.0000000000
8801 -948.0000000000
8849 -945.0000000000
8861 -941.0000000000
8898 -937.0000000000
8949 -935.0000000000
8962 -933.0000000000
8987 -932.0000000000
9008 -931.0000000000
9015 -928.0000000000
9048 -925.0000000000
9089 -924.0000000000
9101 -923.0000000000
9136 -921.0000000000
9167 -918.0000000000
9217 -917.0000000000
9223 -916.0000000000
9250 -914.0000000000
9291 -912.0000000000
9301 -910.0000000000
9336 -908.0000000000
9401 -907.0000000000
9421 -906.0000000000
9446 -905.0000000000
9452 -904.0000000000
9464 -903.0000000000
9482 -901.0000000000
9520 -900.0000000000
9528 -899.0000000000
9544 -898.0000000000
9563 -896.0000000000
9585 -894.0000000000
9630 -893.0000000000
9643 -891.0000000000
9664 -888.0000000000
9694 -887.0000000000
9708 -886.0000000000
9727 -884.0000000000
9764 -883.0000000000
9790 -880.0000000000
9843 -877.0000000000
9909 -876.0000000000
9919 -875.0000000000
9934 -874.0000000000
9945 -873.0000000000
9953 -872.0000000000
9997 -871.0000000000
10000 -878.0000000000
evaluations raw_y
1 -1958.0000000000
2 -1921.0000000000
4 -1915.0000000000
8 -1892.0000000000
11 -1867.0000000000
18 -1820.0000000000
21 -1801.0000000000
73 -1786.0000000000
101 -1746.0000000000
121 -1741.0000000000
157 -1732.0000000000
166 -1731.0000000000
175 -1716.0000000000
199 -1709.0000000000
205 -1707.0000000000
223 -1688.0000000000
241 -1679.0000000000
263 -1671.0000000000
295 -1670.0000000000
299 -1669.0000000000
311 -1667.0000000000
314 -1663.0000000000
320 -1649.0000000000
324 -1648.0000000000
344 -1647.0000000000
357 -1635.0000000000
384 -1634.0000000000
402 -1623.0000000000
433 -1622.0000000000
445 -1619.0000000000
468 -1615.0000000000
471 -1611.0000000000
497 -1609.0000000000
525 -1608.0000000000
526 -1605.0000000000
528 -1604.0000000000
543 -1602.0000000000
566 -1600.0000000000
570 -1599.0000000000
582 -1598.0000000000
585 -1596.0000000000
597 -1592.0000000000
624 -1590.0000000000
630 -1586.0000000000
650 -1585.0000000000
656 -1580.0000000000
671 -1579.0000000000
684 -1576.0000000000
718 -1573.0000000000
742 -1571.0000000000
763 -1570.0000000000
769 -1569.0000000000
782 -1566.0000000000
789 -1562.0000000000
824 -1561.0000000000
849 -1560.0000000000
858 -1559.0000000000
860 -1557.0000000000
862 -1556.0000000000
871 -1554.0000000000
885 -1553.0000000000
890 -1551.0000000000
924 -1550.0000000000
925 -1547.0000000000
943 -1544.0000000000
963 -1542.0000000000
1012 -1541.0000000000
1014 -1540.0000000000
1015 -1538.0000000000
1024 -1537.0000000000
1025 -1532.0000000000
1063 -1530.0000000000
1078 -1529.0000000000
1097 -1528.0000000000
1119 -1526.0000000000
1143 -1525.0000000000
1167 -1524.0000000000
1180 -1523.0000000000
1197 -1522.0000000000
1210 -1520.0000000000
1225 -1519.0000000000
1243 -1517.0000000000
1246 -1516.0000000000
1254 -1515.0000000000
1276 -1514.0000000000
1289 -1513.0000000000
1310 -1508.0000000000
1322 -1505.0000000000
1327 -1500.0000000000
1388 -1498.0000000000
1416 -1497.0000000000
1421 -1495.0000000000
1444 -1491.0000000000
1468 -1488.0000000000
1506 -1482.0000000000
1539 -1481.0000000000
1562 -1480.0000000000
1564 -1479.0000000000
1573 -1478.0000000000
1588 -1476.0000000000
1607 -1474.0000000000
1633 -1473.0000000000
1637 -1471.0000000000
1641 -1468.0000000000
1662 -1467.0000000000
1663 -1466.0000000000
1719 -1465.0000000000
1733 -1463.0000000000
1736 -1461.0000000000
1751 -1459.0000000000
1767 -1458.0000000000
1782 -1457.0000000000
1795 -1454.0000000000
1840 -1452.0000000000
1864 -1451.0000000000
1867 -1450.0000000000
1883 -1449.0000000000
1889 -1448.0000000000
1900 -1447.0000000000
1904 -1446.0000000000
1906 -1445.0000000000
1914 -1444.0000000000
1931 -1443.0000000000
1942 -1442.0000000000
1962 -1436.0000000000
2014 -1432.0000000000
2032 -1431.0000000000
2076 -1429.0000000000
2114 -1426.0000000000
2121 -1424.0000000000
2156 -1423.0000000000
2164 -1422.0000000000
2168 -1419.0000000000
2187 -1417.0000000000
2220 -1416.0000000000
2229 -1415.0000000000
2245 -1413.0000000000
2277 -1412.0000000000
2298 -1408.0000000000
2353 -1407.0000000000
2356 -1403.0000000000
2389 -1402.0000000000
2402 -1400.0000000000
2418 -1399.0000000000
2423 -1398.0000000000
2441 -1397.0000000000
2473 -1393.0000000000
2511 -1392.0000000000
2539 -1391.0000000000
2547 -1389.0000000000
2549 -1387.0000000000
2581 -1386.0000000000
2586 -1384.0000000000
2623 -1380.0000000000
2641 -1378.0000000000
2661 -1376.0000000000
2675 -1373.0000000000
2699 -1370.0000000000
2724 -1368.0000000000
2743 -1367.0000000000
2761 -1365.0000000000
2785 -1362.0000000000
2790 -1361.0000000000
2806 -1359.0000000000
2821 -1358.0000000000
2841 -1355.0000000000
2864 -1354.0000000000
2889 -1353.0000000000
2912 -1351.0000000000
2944 -1349.0000000000
2945 -1348.0000000000
2964 -1347.0000000000
2968 -1345.0000000000
2993 -1344.0000000000
3018 -1343.0000000000
3033 -1342.0000000000
3043 -1339.0000000000
3074 -1338.0000000000
3082 -1336.0000000000
3111 -1335.0000000000
3126 -1333.0000000000
3151 -1330.0000000000
3158 -1327.0000000000
3189 -1326.0000000000
3201 -1325.0000000000
3205 -1323.0000000000
3266 -1322.0000000000
3269 -1321.0000000000
3301 -1319.0000000000
3303 -1317.0000000000
3357 -1316.0000000000
3370 -1314.0000000000
3387 -1312.0000000000
3397 -1311.0000000000
3402 -1307.0000000000
3442 -1306.0000000000
3448 -1303.0000000000
3464 -1302.0000000000
3484 -1301.0000000000
3505 -1299.0000000000
3528 -1298.0000000000
3541 -1296.0000000000
3565 -1295.0000000000
3566 -1291.0000000000
3616 -1290.0000000000
3620 -1289.0000000000
3642 -1286.0000000000
3672 -1284.0000000000
3691 -1280.0000000000
3741 -1278.0000000000
3763 -1275.0000000000
3817 -1273.0000000000
3835 -1270.0000000000
3874 -1269.0000000000
3886 -1268.0000000000
3890 -1266.0000000000
3926 -1265.0000000000
3951 -1261.0000000000
3962 -1259.0000000000
3989 -1258.0000000000
4038 -1256.0000000000
4072 -1250.0000000000
4093 -1248.0000000000
4136 -1247.0000000000
4141 -1246.0000000000
4165 -1244.0000000000
4166 -1243.0000000000
4203 -1242.0000000000
4236 -1241.0000000000
4237 -1240.0000000000
4272 -1236.0000000000
4298 -1234.0000000000
4313 -1233.0000000000
4322 -1232.0000000000
4342 -1231.0000000000
4362 -1229.0000000000
4377 -1228.0000000000
4387 -1227.0000000000
4414 -1226.0000000000
4430 -1225.0000000000
4434 -1224.0000000000
4450 -1223.0000000000
4452 -1222.0000000000
4458 -1221.0000000000
4477 -1218.0000000000
4489 -1217.0000000000
4503 -1215.0000000000
4538 -1214.0000000000
4544 -1213.0000000000
4565 -1211.0000000000
4610 -1210.0000000000
4611 -1209.0000000000
4618 -1207.0000000000
4646 -1205.0000000000
4669 -1204.0000000000
4714 -1203.0000000000
4738 -1202.0000000000
4745 -1199.0000000000
4776 -1198.0000000000
4781 -1197.0000000000
4802 -1195.0000000000
4842 -1192.0000000000
4845 -1191.0000000000
4861 -1188.0000000000
4911 -1185.0000000000
4931 -1181.0000000000
4968 -1180.0000000000
4982 -1179.0000000000
5010 -1178.0000000000
5017 -1176.0000000000
5022 -1175.0000000000
5061 -1171.0000000000
5103 -1167.0000000000
5129 -1166.0000000000
5148 -1165.0000000000
5189 -1163.0000000000
5190 -1160.0000000000
5214 -1159.0000000000
5239 -1158.0000000000
5241 -1157.0000000000
5261 -1155.0000000000
5271 -1154.0000000000
5289 -1153.0000000000
5307 -1152.0000000000
5308 -1148.0000000000
5365 -1144.0000000000
5390 -1143.0000000000
5402 -1142.0000000000
5429 -1141.0000000000
5431 -1139.0000000000
5462 -1138.0000000000
5470 -1137.0000000000
5495 -1136.0000000000
5524 -1134.0000000000
5541 -1133.0000000000
5565 -1130.0000000000
5595 -1129.0000000000
5624 -1127.0000000000
5638 -1126.0000000000
5676 -1125.0000000000
5678 -1123.0000000000
5681 -1122.0000000000
5725 -1121.0000000000
5743 -1120.0000000000
5762 -1117.0000000000
5799 -1116.0000000000
5813 -1115.0000000000
5848 -1114.0000000000
5851 -1113.0000000000
5871 -1112.0000000000
5875 -1111.0000000000
5897 -1110.0000000000
5916 -1108.0000000000
5935 -1107.0000000000
5937 -1106.0000000000
5950 -1103.0000000000
5966 -1102.0000000000
5982 -1101.0000000000
6007 -1099.0000000000
6042 -1098.0000000000
6044 -1096.0000000000
6074 -1095.0000000000
6079 -1094.0000000000
6085 -1093.0000000000
6092 -1092.0000000000
6125 -1091.0000000000
6143 -1090.0000000000
6144 -1088.0000000000
6170 -1087.0000000000
6182 -1085.0000000000
6208 -1082.0000000000
6226 -1081.0000000000
6262 -1078.0000000000
6285 -1076.0000000000
6310 -1075.0000000000
6329 -1074.0000000000
6338 -1073.0000000000
6363 -1070.0000000000
6390 -1069.0000000000
6405 -1067.0000000000
6424 -1063.0000000000
6456 -1061.0000000000
6506 -1060.0000000000
6515 -1059.0000000000
6519 -1056.0000000000
6549 -1055.0000000000
6552 -1054.0000000000
6597 -1051.0000000000
6606 -1050.0000000000
6640 -1045.0000000000
6681 -1043.0000000000
6687 -1042.0000000000
6688 -1041.0000000000
6711 -1039.0000000000
6751 -1038.0000000000
6755 -1037.0000000000
6774 -1036.0000000000
6788 -1035.0000000000
6817 -1034.0000000000
6827 -1033.0000000000
6870 -1032.0000000000
6898 -1028.0000000000
6922 -1027.0000000000
6941 -1026.0000000000
6974 -1025.0000000000
6991 -1023.0000000000
7015 -1022.0000000000
7035 -1021.0000000000
7038 -1020.0000000000
7054 -1019.0000000000
7063 -1018.0000000000
7097 -1016.0000000000
7136 -1014.0000000000
7162 -1013.0000000000
7182 -1012.0000000000
7207 -1011.0000000000
7215 -1010.0000000000
7243 -1009.0000000000
7268 -1008.0000000000
7274 -1007.0000000000
7285 -1006.0000000000
7304 -1005.0000000000
7308 -1003.0000000000
7322 -1002.0000000000
7333 -1001.0000000000
7361 -1000.0000000000
7383 -999.0000000000
7410 -998.0000000000
7428 -996.0000000000
7449 -995.0000000000
7459 -994.0000000000
7461 -992.0000000000
7476 -991.0000000000
7485 -990.0000000000
7517 -989.0000000000
7524 -988.0000000000
7531 -985.0000000000
7575 -984.0000000000
7576 -983.0000000000
7591 -982.0000000000
7595 -981.0000000000
7643 -980.0000000000
7652 -978.0000000000
7671 -976.0000000000
7708 -975.0000000000
7723 -974.0000000000
7728 -972.0000000000
7746 -971.0000000000
7768 -970.0000000000
7793 -969.0000000000
7804 -967.0000000000
7805 -965.0000000000
7843 -963.0000000000
7874 -962.0000000000
7876 -960.0000000000
7885 -956.0000000000
7906 -955.0000000000
7941 -954.0000000000
7966 -952.0000000000
7975 -951.0000000000
8004 -949.0000000000
8042 -948.0000000000
8062 -947.0000000000
8079 -946.0000000000
8105 -943.0000000000
8140 -942.0000000000
8169 -941.0000000000
8202 -936.0000000000
8256 -935.0000000000
8272 -934.0000000000
8283 -932.0000000000
8290 -930.0000000000
8323 -928.0000000000
8357 -927.0000000000
8366 -926.0000000000
8375 -925.0000000000
8392 -921.0000000000
8450 -919.0000000000
8486 -918.0000000000
8524 -916.0000000000
8561 -915.0000000000
8568 -914.0000000000
8585 -913.0000000000
8589 -911.0000000000
8656 -910.0000000000
8668 -908.0000000000
8683 -906.0000000000
8691 -905.0000000000
8738 -904.0000000000
8742 -902.0000000000
8799 -901.0000000000
8800 -899.0000000000
8807 -898.0000000000
8813 -897.0000000000
8827 -896.0000000000
8864 -895.0000000000
8865 -894.0000000000
8884 -893.0000000000
8904 -892.0000000000
8929 -889.0000000000
8944 -888.0000000000
8970 -887.0000000000
8988 -886.0000000000
9012 -885.0000000000
9029 -884.0000000000
9038 -883.0000000000
9063 -882.0000000000
9072 -881.0000000000
9073 -880.0000000000
9102 -879.0000000000
9123 -878.0000000000
9166 -877.0000000000
9168 -874.0000000000
9204 -870.0000000000
9244 -868.0000000000
9290 -867.0000000000
9292 -866.0000000000
9326 -865.0000000000
9341 -863.0000000000
9399 -862.0000000000
9401 -858.0000000000
9436 -857.0000000000
9449 -856.0000000000
9487 -855.0000000000
9513 -853.0000000000
9535 -852.0000000000
9548 -851.0000000000
9565 -850.0000000000
9583 -849.0000000000
9612 -848.0000000000
9629 -847.0000000000
9645 -846.0000000000
9664 -845.0000000000
9668 -844.0000000000
9675 -842.0000000000
9702 -841.0000000000
9732 -835.0000000000
9755 -834.0000000000
9800 -833.0000000000
9818 -832.0000000000
9821 -831.0000000000
9841 -829.0000000000
9862 -827.0000000000
9912 -826.0000000000
9916 -825.0000000000
9978 -824.0000000000
9989 -823.0000000000
10000 -826.0000000000
evaluations raw_y
1 -1918.0000000000
2 -1872.0000000000
17 -1838.0000000000
69 -1837.0000000000
72 -1830.0000000000
75 -1826.0000000000
81 -1817.0000000000
106 -1779.0000000000
158 -1768.0000000000
163 -1766.0000000000
164 -1764.0000000000
170 -1761.0000000000
177 -1753.0000000000
181 -1745.0000000000
202 -1742.0000000000
219 -1740.0000000000
229 -1737.0000000000
230 -1736.0000000000
232 -1733.0000000000
241 -1732.0000000000
253 -1726.0000000000
269 -1722.0000000000
283 -1718.0000000000
289 -1712.0000000000
294 -1711.0000000000
310 -1709.0000000000
319 -1708.0000000000
330 -1705.0000000000
342 -1694.0000000000
364 -1692.0000000000
368 -1691.0000000000
382 -1690.0000000000
386 -1689.0000000000
402 -1688.0000000000
403 -1683.0000000000
409 -1675.0000000000
423 -1671.0000000000
441 -1669.0000000000
466 -1665.0000000000
472 -1664.0000000000
481 -1659.0000000000
502 -1655.0000000000
517 -1652.0000000000
533 -1651.0000000000
543 -1645.0000000000
549 -1640.0000000000
570 -1639.0000000000
583 -1631.0000000000
626 -1628.0000000000
641 -1625.0000000000
667 -1623.0000000000
675 -1620.0000000000
683 -1619.0000000000
696 -1618.0000000000
721 -1617.0000000000
726 -1615.0000000000
745 -1611.0000000000
772 -1608.0000000000
773 -1607.0000000000
796 -1602.0000000000
820 -1601.0000000000
826 -1599.0000000000
863 -1598.0000000000
882 -1597.0000000000
902 -1593.0000000000
928 -1592.0000000000
941 -1589.0000000000
960 -1586.0000000000
972 -1584.0000000000
994 -1583.0000000000
1015 -1582.0000000000
1024 -1581.0000000000
1045 -1580.0000000000
1062 -1579.0000000000
1065 -1578.0000000000
1082 -1576.0000000000
1093 -1574.0000000000
1131 -1573.0000000000
1144 -1572.0000000000
1147 -1571.0000000000
1170 -1570.0000000000
1185 -1567.0000000000
1211 -1566.0000000000
1227 -1561.0000000000
1257 -1559.0000000000
1275 -1558.0000000000
1309 -1557.0000000000
1310 -1555.0000000000
1326 -1553.0000000000
1346 -1552.0000000000
1397 -1549.0000000000
1430 -1547.0000000000
1456 -1541.0000000000
1512 -1540.0000000000
1523 -1539.0000000000
1530 -1536.0000000000
1563 -1535.0000000000
1580 -1534.0000000000
1588 -1533.0000000000
1601 -1532.0000000000
1624 -1528.0000000000
1660 -1527.0000000000
1663 -1526.0000000000
1683 -1524.0000000000
1705 -1521.0000000000
1734 -1520.0000000000
1751 -1517.0000000000
1769 -1515.0000000000
1798 -1514.0000000000
1809 -1513.0000000000
1819 -1508.0000000000
1856 -1507.0000000000
1887 -1506.0000000000
1901 -1505.0000000000
1906 -1504.0000000000
1926 -1503.0000000000
1932 -1502.0000000000
1940 -1501.0000000000
1957 -1498.0000000000
1964 -1495.0000000000
2043 -1494.0000000000
2047 -1493.0000000000
2063 -1491.0000000000
2083 -1488.0000000000
2102 -1487.0000000000
2124 -1485.0000000000
2152 -1484.0000000000
2166 -1482.0000000000
2194 -1481.0000000000
2196 -1480.0000000000
2202 -1478.0000000000
2214 -1475.0000000000
2226 -1473.0000000000
2242 -1470.0000000000
2267 -1469.0000000000
2302 -1468.0000000000
2329 -1466.0000000000
2337 -1465.0000000000
2341 -1462.0000000000
2391 -1461.0000000000
2394 -1458.0000000000
2401 -1456.0000000000
2422 -1455.0000000000
2459 -1452.0000000000
2463 -1450.0000000000
2481 -1449.0000000000
2513 -1448.0000000000
2514 -1446.0000000000
2541 -1445.0000000000
2569 -1444.0000000000
2573 -1443.0000000000
2581 -1442.0000000000
2596 -1438.0000000000
2615 -1436.0000000000
2638 -1434.0000000000
2667 -1433.0000000000
2689 -1432.0000000000
2698 -1431.0000000000
2705 -1429.0000000000
2732 -1427.0000000000
2762 -1425.0000000000
2770 -1423.0000000000
2805 -1419.0000000000
2831 -1418.0000000000
2859 -1416.0000000000
2882 -1415.0000000000
2916 -1414.0000000000
2917 -1410.0000000000
2961 -1409.0000000000
2973 -1408.0000000000
2981 -1405.0000000000
3042 -1404.0000000000
3062 -1403.0000000000
3068 -1402.0000000000
3083 -1401.0000000000
3091 -1400.0000000000
3110 -1399.0000000000
3125 -1393.0000000000
3166 -1391.0000000000
3182 -1389.0000000000
3208 -1387.0000000000
3239 -1384.0000000000
3259 -1383.0000000000
3268 -1380.0000000000
3278 -1377.0000000000
3283 -1376.0000000000
3297 -1375.0000000000
3343 -1372.0000000000
3361 -1371.0000000000
3384 -1370.0000000000
3397 -1368.0000000000
3442 -1366.0000000000
3472 -1365.0000000000
3480 -1363.0000000000
3498 -1362.0000000000
3508 -1361.0000000000
3522 -1359.0000000000
3532 -1357.0000000000
3586 -1355.0000000000
3593 -1354.0000000000
3603 -1353.0000000000
3621 -1351.0000000000
3627 -1350.0000000000
3671 -1347.0000000000
3682 -1345.0000000000
3722 -1341.0000000000
3761 -1340.0000000000
3782 -1339.0000000000
3807 -1337.0000000000
3823 -1334.0000000000
3862 -1333.0000000000
3870 -1332.0000000000
3878 -1331.0000000000
3881 -1330.0000000000
3904 -1329.0000000000
3922 -1327.0000000000
3924 -1326.0000000000
3926 -1324.0000000000
3945 -1323.0000000000
3987 -1321.0000000000
4003 -1319.0000000000
4022 -1318.0000000000
4025 -1317.0000000000
4041 -1316.0000000000
4045 -1315.0000000000
4047 -1313.0000000000
4092 -1311.0000000000
4122 -1307.0000000000
4147 -1306.0000000000
4178 -1305.0000000000
4183 -1303.0000000000
4217 -1301.0000000000
4227 -1299.0000000000
4261 -1297.0000000000
4287 -1296.0000000000
4294 -1295.0000000000
4318 -1294.0000000000
4335 -1293.0000000000
4344 -1291.0000000000
4366 -1290.0000000000
4379 -1289.0000000000
4394 -1287.0000000000
4424 -1286.0000000000
4427 -1283.0000000000
4473 -1282.0000000000
4481 -1278.0000000000
4507 -1277.0000000000
4518 -1275.0000000000
4537 -1274.0000000000
4562 -1271.0000000000
4610 -1269.0000000000
4621 -1268.0000000000
4649 -1267.0000000000
4663 -1266.0000000000
4687 -1265.0000000000
4707 -1264.0000000000
4720 -1263.0000000000
4740 -1262.0000000000
4762 -1261.0000000000
4773 -1259.0000000000
4803 -1256.0000000000
4860 -1253.0000000000
4881 -1252.0000000000
4885 -1251.0000000000
4919 -1248.0000000000
4947 -1247.0000000000
4966 -1244.0000000000
4988 -1243.0000000000
5004 -1240.0000000000
5049 -1237.0000000000
5061 -1235.0000000000
5103 -1233.0000000000
5108 -1232.0000000000
5113 -1231.0000000000
5123 -1230.0000000000
5147 -1229.0000000000
5158 -1228.0000000000
5163 -1227.0000000000
5187 -1226.0000000000
5192 -1225.0000000000
5207 -1223.0000000000
5229 -1221.0000000000
5245 -1220.0000000000
5246 -1219.0000000000
5276 -1217.0000000000
5283 -1214.0000000000
5301 -1213.0000000000
5302 -1212.0000000000
5323 -1210.0000000000
5343 -1209.0000000000
5347 -1208.0000000000
5368 -1207.0000000000
5390 -1206.0000000000
5410 -1205.0000000000
5425 -1203.0000000000
5449 -1201.0000000000
5470 -1200.0000000000
5480 -1199.0000000000
5493 -1198.0000000000
5495 -1196.0000000000
5509 -1194.0000000000
5541 -1193.0000000000
5573 -1192.0000000000
5576 -1191.0000000000
5587 -1189.0000000000
5603 -1186.0000000000
5647 -1185.0000000000
5675 -1183.0000000000
5688 -1182.0000000000
5713 -1181.0000000000
5722 -1178.0000000000
5780 -1177.0000000000
5783 -1174.0000000000
5812 -1172.0000000000
5821 -1171.0000000000
5843 -1170.0000000000
5846 -1167.0000000000
5865 -1165.0000000000
5888 -1164.0000000000
5890 -1162.0000000000
5912 -1161.0000000000
5939 -1159.0000000000
5964 -1158.0000000000
5973 -1154.0000000000
6029 -1152.0000000000
6079 -1151.0000000000
6081 -1149.0000000000
6092 -1148.0000000000
6117 -1147.0000000000
6126 -1143.0000000000
6149 -1141.0000000000
6169 -1140.0000000000
6193 -1139.0000000000
6203 -1138.0000000000
6246 -1137.0000000000
6270 -1135.0000000000
6309 -1134.0000000000
6313 -1133.0000000000
6337 -1131.0000000000
6362 -1130.0000000000
6404 -1129.0000000000
6425 -1126.0000000000
6446 -1125.0000000000
6472 -1122.0000000000
6516 -1121.0000000000
6541 -1120.0000000000
6569 -1117.0000000000
6582 -1116.0000000000
6602 -1114.0000000000
6635 -1113.0000000000
6647 -1111.0000000000
6668 -1110.0000000000
6699 -1108.0000000000
6737 -1107.0000000000
6745 -1105.0000000000
6746 -1104.0000000000
6773 -1100.0000000000
6788 -1099.0000000000
6844 -1095.0000000000
6864 -1094.0000000000
6890 -1093.0000000000
6922 -1092.0000000000
6930 -1090.0000000000
6940 -1087.0000000000
6999 -1084.0000000000
7013 -1083.0000000000
7015 -1082.0000000000
7057 -1081.0000000000
7063 -1079.0000000000
7082 -1078.0000000000
7114 -1077.0000000000
7129 -1076.0000000000
7146 -1075.0000000000
7169 -1074.0000000000
7183 -1072.0000000000
7187 -1071.0000000000
7227 -1070.0000000000
7265 -1066.0000000000
7294 -1064.0000000000
7339 -1063.0000000000
7341 -1061.0000000000
7361 -1059.0000000000
7364 -1057.0000000000
7379 -1055.0000000000
7422 -1053.0000000000
7442 -1051.0000000000
7490 -1050.0000000000
7502 -1049.0000000000
7504 -1048.0000000000
7536 -1046.0000000000
7543 -1045.0000000000
7565 -1044.0000000000
7581 -1043.0000000000
7590 -1042.0000000000
7597 -1041.0000000000
7631 -1037.0000000000
7667 -1035.0000000000
7693 -1034.0000000000
7752 -1032.0000000000
7756 -1031.0000000000
7774 -1030.0000000000
7797 -1029.0000000000
7813 -1027.0000000000
7835 -1026.0000000000
7846 -1023.0000000000
7888 -1020.0000000000
7950 -1019.0000000000
7957 -1018.0000000000
7970 -1015.0000000000
8021 -1014.0000000000
8083 -1012.0000000000
8123 -1009.0000000000
8166 -1008.0000000000
8174 -1006.0000000000
8201 -1003.0000000000
8222 -1002.0000000000
8246 -1001.0000000000
8262 -1000.0000000000
8267 -997.0000000000
8306 -995.0000000000
8345 -994.0000000000
8363 -991.0000000000
8397 -990.0000000000
8412 -989.0000000000
8439 -988.0000000000
8440 -985.0000000000
8493 -984.0000000000
8510 -983.0000000000
8514 -982.0000000000
8537 -979.0000000000
8541 -978.0000000000
8585 -977.0000000000
8601 -976.0000000000
8614 -975.0000000000
8634 -974.0000000000
8652 -973.0000000000
8669 -970.0000000000
8712 -967.0000000000
8724 -965.0000000000
8785 -964.0000000000
8801 -962.0000000000
8865 -959.0000000000
8904 -958.0000000000
8946 -956.0000000000
8953 -952.0000000000
9011 -951.0000000000
9012 -950.0000000000
9014 -949.0000000000
9021 -948.0000000000
9041 -947.0000000000
9049 -946.0000000000
9070 -945.0000000000
9092 -944.0000000000
9110 -942.0000000000
9117 -941.0000000000
9143 -939.0000000000
9198 -938.0000000000
9208 -935.0000000000
9222 -934.0000000000
9248 -933.0000000000
9302 -931.0000000000
9333 -929.0000000000
9336 -927.0000000000
9343 -926.0000000000
9380 -925.0000000000
9395 -924.0000000000
9422 -923.0000000000
9430 -920.0000000000
9461 -919.0000000000
9472 -918.0000000000
9513 -917.0000000000
9514 -916.0000000000
9547 -914.0000000000
9565 -913.0000000000
9575 -908.0000000000
9629 -906.0000000000
9675 -905.0000000000
9683 -902.0000000000
9725 -901.0000000000
9749 -900.0000000000
9764 -898.0000000000
9794 -897.0000000000
9796 -895.0000000000
9857 -894.0000000000
9876 -893.0000000000
9880 -892.0000000000
9886 -891.0000000000
9959 -890.0000000000
9962 -889.0000000000
9964 -888.0000000000
9981 -886.0000000000
9987 -885.0000000000
10000 -892.0000000000
evaluations raw_y
1 -1849.0000000000
24 -1845.0000000000
79 -1836.0000000000
85 -1829.0000000000
91 -1826.0000000000
101 -1821.0000000000
109 -1817.0000000000
124 -1806.0000000000
127 -1797.0000000000
144 -1789.0000000000
170 -1784.0000000000
179 -1776.0000000000
181 -1763.0000000000
205 -1762.0000000000
212 -1757.0000000000
228 -1756.0000000000
235 -1734.0000000000
262 -1730.0000000000
277 -1729.0000000000
288 -1720.0000000000
315 -1718.0000000000
322 -1714.0000000000
325 -1698.0000000000
341 -1697.0000000000
382 -1696.0000000000
383 -1690.0000000000
392 -1688.0000000000
413 -1686.0000000000
421 -1683.0000000000
427 -1682.0000000000
431 -1672.0000000000
445 -1668.0000000000
481 -1662.0000000000
529 -1657.0000000000
545 -1652.0000000000
574 -1649.0000000000
582 -1648.0000000000
587 -1647.0000000000
594 -1642.0000000000
604 -1639.0000000000
654 -1638.0000000000
660 -1636.0000000000
668 -1635.0000000000
693 -1634.0000000000
699 -1628.0000000000
744 -1626.0000000000
765 -1624.0000000000
787 -1620.0000000000
801 -1618.0000000000
826 -1616.0000000000
859 -1614.0000000000
879 -1612.0000000000
902 -1611.0000000000
919 -1605.0000000000
959 -1603.0000000000
960 -1601.0000000000
993 -1600.0000000000
1021 -1599.0000000000
1024 -1597.0000000000
1042 -1596.0000000000
1043 -1595.0000000000
1047 -1594.0000000000
1071 -1593.0000000000
1074 -1592.0000000000
1084 -1591.0000000000
1101 -1590.0000000000
1102 -1589.0000000000
1110 -1588.0000000000
1121 -1587.0000000000
1145 -1586.0000000000
1148 -1584.0000000000
1162 -1579.0000000000
1198 -1578.0000000000
1245 -1576.0000000000
1264 -1575.0000000000
1271 -1574.0000000000
1282 -1572.0000000000
1305 -1571.0000000000
1326 -1570.0000000000
1328 -1566.0000000000
1362 -1564.0000000000
1365 -1563.0000000000
1381 -1562.0000000000
1403 -1561.0000000000
1437 -1560.0000000000
1439 -1559.0000000000
1442 -1558.0000000000
1448 -1555.0000000000
1466 -1553.0000000000
1494 -1552.0000000000
1495 -1550.0000000000
1515 -1549.0000000000
1548 -1546.0000000000
1558 -1545.0000000000
1561 -1542.0000000000
1590 -1541.0000000000
1603 -1540.0000000000
1618 -1539.0000000000
1628 -1538.0000000000
1661 -1536.0000000000
1699 -1535.0000000000
1702 -1531.0000000000
1744 -1530.0000000000
1761 -1528.0000000000
1764 -1527.0000000000
1801 -1526.0000000000
1832 -1525.0000000000
1833 -1524.0000000000
1847 -1523.0000000000
1863 -1522.0000000000
1886 -1521.0000000000
1906 -1519.0000000000
1914 -1517.0000000000
1945 -1516.0000000000
1962 -1514.0000000000
1967 -1513.0000000000
1989 -1512.0000000000
1999 -1511.0000000000
2024 -1510.0000000000
2059 -1509.0000000000
2063 -1507.0000000000
2085 -1506.0000000000
2092 -1505.0000000000
2114 -1504.0000000000
2121 -1503.0000000000
2135 -1502.0000000000
2160 -1499.0000000000
2162 -1498.0000000000
2193 -1497.0000000000
2209 -1496.0000000000
2222 -1495.0000000000
2228 -1493.0000000000
2246 -1491.0000000000
2285 -1490.0000000000
2293 -1487.0000000000
2307 -1486.0000000000
2325 -1484.0000000000
2372 -1482.0000000000
2384 -1479.0000000000
2403 -1478.0000000000
2409 -1477.0000000000
2443 -1476.0000000000
2447 -1474.0000000000
2469 -1472.0000000000
2501 -1471.0000000000
2508 -1467.0000000000
2522 -1466.0000000000
2545 -1465.0000000000
2556 -1464.0000000000
2558 -1460.0000000000
2587 -1459.0000000000
2603 -1456.0000000000
2623 -1454.0000000000
2661 -1452.0000000000
2676 -1449.0000000000
2710 -1448.0000000000
2750 -1447.0000000000
2752 -1444.0000000000
2766 -1442.0000000000
2783 -1440.0000000000
2805 -1439.0000000000
2821 -1438.0000000000
2845 -1437.0000000000
2857 -1436.0000000000
2858 -1435.0000000000
2875 -1434.0000000000
2877 -1433.0000000000
2898 -1432.0000000000
2906 -1431.0000000000
2922 -1430.0000000000
2927 -1429.0000000000
2946 -1426.0000000000
2963 -1425.0000000000
3000 -1423.0000000000
3032 -1422.0000000000
3040 -1421.0000000000
3044 -1419.0000000000
3061 -1418.0000000000
3062 -1416.0000000000
3112 -1414.0000000000
3116 -1413.0000000000
3148 -1412.0000000000
3156 -1410.0000000000
3166 -1409.0000000000
3193 -1407.0000000000
3210 -1405.0000000000
3219 -1403.0000000000
3242 -1402.0000000000
3271 -1401.0000000000
3284 -1400.0000000000
3314 -1398.0000000000
3329 -1396.0000000000
3333 -1395.0000000000
3365 -1392.0000000000
3387 -1390.0000000000
3431 -1388.0000000000
3439 -1387.0000000000
3444 -1385.0000000000
3483 -1384.0000000000
3496 -1383.0000000000
3505 -1382.0000000000
3511 -1381.0000000000
3522 -1380.0000000000
3549 -1379.0000000000
3550 -1378.0000000000
3569 -1374.0000000000
3616 -1369.0000000000
3644 -1368.0000000000
3669 -1367.0000000000
3688 -1365.0000000000
3702 -1364.0000000000
3707 -1362.0000000000
3723 -1361.0000000000
3736 -1360.0000000000
3777 -1359.0000000000
3780 -1358.0000000000
3783 -1357.0000000000
3813 -1354.0000000000
3833 -1353.0000000000
3857 -1351.0000000000
3888 -1350.0000000000
3918 -1347.0000000000
3942 -1346.0000000000
3945 -1345.0000000000
3964 -1344.0000000000
3971 -1341.0000000000
3981 -1340.0000000000
4003 -1338.0000000000
4032 -1337.0000000000
4050 -1336.0000000000
4056 -1331.0000000000
4078 -1330.0000000000
4101 -1329.0000000000
4127 -1328.0000000000
4134 -1327.0000000000
4141 -1323.0000000000
4163 -1322.0000000000
4185 -1321.0000000000
4194 -1319.0000000000
4215 -1317.0000000000
4219 -1316.0000000000
4251 -1315.0000000000
4267 -1314.0000000000
4289 -1312.0000000000
4309 -1311.0000000000
4330 -1309.0000000000
4366 -1308.0000000000
4370 -1307.0000000000
4378 -1306.0000000000
4383 -1304.0000000000
4415 -1303.0000000000
4421 -1301.0000000000
4422 -1300.0000000000
4461 -1299.0000000000
4473 -1298.0000000000
4503 -1296.0000000000
4566 -1295.0000000000
4577 -1293.0000000000
4603 -1292.0000000000
4626 -1291.0000000000
4628 -1287.0000000000
4641 -1284.0000000000
4704 -1283.0000000000
4706 -1282.0000000000
4728 -1281.0000000000
4743 -1280.0000000000
4767 -1278.0000000000
4775 -1277.0000000000
4800 -1276.0000000000
4826 -1275.0000000000
4844 -1274.0000000000
4865 -1271.0000000000
4893 -1270.0000000000
4904 -1268.0000000000
4954 -1266.0000000000
4989 -1263.0000000000
4998 -1259.0000000000
5053 -1256.0000000000
5109 -1253.0000000000
5134 -1252.0000000000
5144 -1250.0000000000
5152 -1248.0000000000
5178 -1247.0000000000
5208 -1244.0000000000
5221 -1243.0000000000
5245 -1242.0000000000
5265 -1240.0000000000
5278 -1238.0000000000
5304 -1236.0000000000
5342 -1235.0000000000
5344 -1233.0000000000
5374 -1232.0000000000
5425 -1231.0000000000
5426 -1230.0000000000
5439 -1229.0000000000
5459 -1228.0000000000
5462 -1227.0000000000
5489 -1224.0000000000
5517 -1222.0000000000
5539 -1221.0000000000
5555 -1218.0000000000
5579 -1216.0000000000
5617 -1215.0000000000
5636 -1213.0000000000
5668 -1211.0000000000
5693 -1209.0000000000
5729 -1205.0000000000
5743 -1203.0000000000
5791 -1201.0000000000
5841 -1200.0000000000
5858 -1199.0000000000
5878 -1198.0000000000
5879 -1196.0000000000
5915 -1194.0000000000
5925 -1192.0000000000
5945 -1190.0000000000
5967 -1188.0000000000
5995 -1187.0000000000
6017 -1186.0000000000
6025 -1185.0000000000
6027 -1184.0000000000
6045 -1183.0000000000
6075 -1179.0000000000
6122 -1178.0000000000
6163 -1177.0000000000
6168 -1176.0000000000
6183 -1175.0000000000
6209 -1173.0000000000
6221 -1172.0000000000
6231 -1171.0000000000
6264 -1170.0000000000
6286 -1169.0000000000
6302 -1168.0000000000
6303 -1167.0000000000
6320 -1166.0000000000
6323 -1163.0000000000
6383 -1162.0000000000
6403 -1161.0000000000
6421 -1157.0000000000
6469 -1156.0000000000
6513 -1155.0000000000
6521 -1154.0000000000
6534 -1152.0000000000
6562 -1151.0000000000
6582 -1150.0000000000
6587 -1148.0000000000
6619 -1147.0000000000
6621 -1146.0000000000
6640 -1143.0000000000
6659 -1141.0000000000
6686 -1140.0000000000
6698 -1139.0000000000
6701 -1135.0000000000
6756 -1133.0000000000
6771 -1132.0000000000
6802 -1131.0000000000
6810 -1130.0000000000
6843 -1129.0000000000
6845 -1128.0000000000
6856 -1125.0000000000
6918 -1123.0000000000
6922 -1122.0000000000
6937 -1120.0000000000
6954 -1119.0000000000
6979 -1115.0000000000
6993 -1114.0000000000
7012 -1113.0000000000
7042 -1112.0000000000
7072 -1108.0000000000
7100 -1105.0000000000
7142 -1104.0000000000
7154 -1103.0000000000
7170 -1101.0000000000
7186 -1100.0000000000
7210 -1099.0000000000
7220 -1098.0000000000
7239 -1097.0000000000
7244 -1096.0000000000
7245 -1095.0000000000
7257 -1093.0000000000
7271 -1091.0000000000
7330 -1090.0000000000
7348 -1089.0000000000
7353 -1088.0000000000
7356 -1087.0000000000
7361 -1085.0000000000
7405 -1081.0000000000
7443 -1079.0000000000
7474 -1076.0000000000
7488 -1075.0000000000
7503 -1074.0000000000
7505 -1072.0000000000
7543 -1070.0000000000
7568 -1068.0000000000
7605 -1065.0000000000
7617 -1063.0000000000
7668 -1062.0000000000
7687 -1059.0000000000
7695 -1057.0000000000
7748 -1055.0000000000
7795 -1054.0000000000
7821 -1049.0000000000
7881 -1048.0000000000
7889 -1046.0000000000
7929 -1045.0000000000
7930 -1043.0000000000
7942 -1041.0000000000
7986 -1039.0000000000
8003 -1038.0000000000
8021 -1037.0000000000
8056 -1036.0000000000
8082 -1035.0000000000
8098 -1034.0000000000
8122 -1031.0000000000
8130 -1030.0000000000
8151 -1029.0000000000
8170 -1028.0000000000
8197 -1027.0000000000
8201 -1026.0000000000
8226 -1025.0000000000
8237 -1024.0000000000
8245 -1022.0000000000
8302 -1019.0000000000
8324 -1018.0000000000
8369 -1017.0000000000
8379 -1016.0000000000
8382 -1015.0000000000
8434 -1014.0000000000
8448 -1013.0000000000
8459 -1011.0000000000
8461 -1010.0000000000
8488 -1008.0000000000
8530 -1007.0000000000
8557 -1005.0000000000
8573 -1004.0000000000
8582 -1003.0000000000
8615 -1002.0000000000
8624 -1001.0000000000
8637 -1000.0000000000
8663 -999.0000000000
8664 -997.0000000000
8674 -996.0000000000
8708 -992.0000000000
8744 -990.0000000000
8802 -989.0000000000
8804 -987.0000000000
8825 -983.0000000000
8848 -982.0000000000
8900 -980.0000000000
8942 -977.0000000000
8985 -973.0000000000
9034 -972.0000000000
9053 -971.0000000000
9087 -967.0000000000
9128 -966.0000000000
9153 -965.0000000000
9157 -964.0000000000
9192 -962.0000000000
9212 -960.0000000000
9227 -959.0000000000
9247 -958.0000000000
9275 -957.0000000000
9284 -954.0000000000
9345 -951.0000000000
9392 -950.0000000000
9410 -949.0000000000
9444 -946.0000000000
9482 -944.0000000000
9542 -942.0000000000
9561 -941.0000000000
9590 -940.0000000000
9608 -939.0000000000
9619 -938.0000000000
9625 -937.0000000000
9642 -935.0000000000
9648 -934.0000000000
9673 -933.0000000000
9709 -932.0000000000
9732 -929.0000000000
9744 -928.0000000000
9766 -924.0000000000
9806 -923.0000000000
9825 -921.0000000000
9850 -920.0000000000
9860 -919.0000000000
9863 -918.0000000000
9895 -916.0000000000
9951 -914.0000000000
9961 -913.0000000000
9993 -909.0000000000
10000 -915.0000000000
evaluations raw_y
1 -1917.0000000000
5 -1905.0000000000
7 -1879.0000000000
8 -1876.0000000000
18 -1855.0000000000
44 -1847.0000000000
46 -1842.0000000000
83 -1805.0000000000
124 -1801.0000000000
126 -1790.0000000000
144 -1788.0000000000
147 -1777.0000000000
170 -1773.0000000000
172 -1767.0000000000
187 -1756.0000000000
203 -1752.0000000000
208 -1745.0000000000
226 -1729.0000000000
243 -1722.0000000000
273 -1711.0000000000
288 -1704.0000000000
313 -1703.0000000000
322 -1699.0000000000
345 -1697.0000000000
349 -1694.0000000000
356 -1691.0000000000
362 -1687.0000000000
368 -1679.0000000000
396 -1674.0000000000
422 -1671.0000000000
425 -1670.0000000000
428 -1667.0000000000
442 -1662.0000000000
466 -1661.0000000000
477 -1660.0000000000
503 -1656.0000000000
514 -1650.0000000000
530 -1646.0000000000
551 -1644.0000000000
553 -1642.0000000000
561 -1638.0000000000
566 -1636.0000000000
585 -1633.0000000000
600 -1630.0000000000
602 -1629.0000000000
623 -1624.0000000000
634 -1623.0000000000
645 -1622.0000000000
672 -1621.0000000000
688 -1620.0000000000
704 -1616.0000000000
708 -1610.0000000000
709 -1609.0000000000
742 -1608.0000000000
744 -1607.0000000000
747 -1606.0000000000
758 -1599.0000000000
797 -1597.0000000000
808 -1591.0000000000
866 -1590.0000000000
874 -1589.0000000000
881 -1588.0000000000
893 -1585.0000000000
904 -1584.0000000000
919 -1583.0000000000
953 -1582.0000000000
954 -1581.0000000000
956 -1578.0000000000
981 -1576.0000000000
1007 -1573.0000000000
1013 -1572.0000000000
1030 -1571.0000000000
1037 -1570.0000000000
1045 -1569.0000000000
1074 -1568.0000000000
1085 -1565.0000000000
1106 -1564.0000000000
1120 -1562.0000000000
1143 -1561.0000000000
1151 -1560.0000000000
1175 -1559.0000000000
1184 -1557.0000000000
1202 -1556.0000000000
1241 -1553.0000000000
1269 -1552.0000000000
1271 -1551.0000000000
1293 -1550.0000000000
1303 -1549.0000000000
1311 -1547.0000000000
1321 -1545.0000000000
1361 -1543.0000000000
1362 -1541.0000000000
1384 -1540.0000000000
1412 -1539.0000000000
1425 -1538.0000000000
1445 -1537.0000000000
1468 -1536.0000000000
1484 -1535.0000000000
1502 -1534.0000000000
1514 -1533.0000000000
1528 -1532.0000000000
1529 -1531.0000000000
1541 -1530.0000000000
1562 -1529.0000000000
1568 -1527.0000000000
1573 -1526.0000000000
1595 -1525.0000000000
1601 -1524.0000000000
1602 -1522.0000000000
1638 -1521.0000000000
1644 -1519.0000000000
1661 -1516.0000000000
1690 -1514.0000000000
1705 -1512.0000000000
1741 -1511.0000000000
1746 -1510.0000000000
1749 -1509.0000000000
1770 -1506.0000000000
1781 -1505.0000000000
1823 -1503.0000000000
1846 -1502.0000000000
1870 -1497.0000000000
1892 -1496.0000000000
1906 -1495.0000000000
1907 -1494.0000000000
1939 -1492.0000000000
1945 -1489.0000000000
1981 -1487.0000000000
1985 -1486.0000000000
2008 -1484.0000000000
2032 -1482.0000000000
2047 -1481.0000000000
2059 -1479.0000000000
2063 -1476.0000000000
2084 -1475.0000000000
2093 -1474.0000000000
2108 -1473.0000000000
2140 -1472.0000000000
2146 -1471.0000000000
2164 -1470.0000000000
2165 -1468.0000000000
2185 -1465.0000000000
2200 -1463.0000000000
2212 -1461.0000000000
2245 -1460.0000000000
2258 -1458.0000000000
2281 -1456.0000000000
2303 -1451.0000000000
2334 -1449.0000000000
2349 -1443.0000000000
2391 -1441.0000000000
2409 -1440.0000000000
2428 -1439.0000000000
2440 -1438.0000000000
2448 -1437.0000000000
2464 -1436.0000000000
2483 -1435.0000000000
2484 -1431.0000000000
2524 -1430.0000000000
2536 -1429.0000000000
2541 -1428.0000000000
2548 -1427.0000000000
2582 -1421.0000000000
2625 -1420.0000000000
2661 -1419.0000000000
2683 -1418.0000000000
2690 -1413.0000000000
2693 -1412.0000000000
2740 -1411.0000000000
2741 -1409.0000000000
2771 -1408.0000000000
2787 -1407.0000000000
2804 -1406.0000000000
2810 -1405.0000000000
2811 -1403.0000000000
2828 -1402.0000000000
2846 -1399.0000000000
2856 -1396.0000000000
2903 -1395.0000000000
2908 -1394.0000000000
2924 -1393.0000000000
2949 -1391.0000000000
2979 -1389.0000000000
2992 -1387.0000000000
3026 -1386.0000000000
3053 -1385.0000000000
3065 -1384.0000000000
3076 -1383.0000000000
3088 -1382.0000000000
3096 -1381.0000000000
3108 -1379.0000000000
3124 -1378.0000000000
3154 -1377.0000000000
3162 -1375.0000000000
3165 -1374.0000000000
3199 -1373.0000000000
3208 -1372.0000000000
3226 -1371.0000000000
3241 -1370.0000000000
3268 -1367.0000000000
3285 -1365.0000000000
3301 -1363.0000000000
3325 -1361.0000000000
3344 -1360.0000000000
3349 -1357.0000000000
3366 -1355.0000000000
3417 -1354.0000000000
3427 -1353.0000000000
3445 -1352.0000000000
3467 -1349.0000000000
3493 -1348.0000000000
3505 -1344.0000000000
3544 -1343.0000000000
3545 -1342.0000000000
3552 -1338.0000000000
3574 -1336.0000000000
3593 -1335.0000000000
3605 -1334.0000000000
3631 -1333.0000000000
3632 -1332.0000000000
3641 -1329.0000000000
3674 -1328.0000000000
3701 -1327.0000000000
3702 -1326.0000000000
3723 -1325.0000000000
3726 -1324.0000000000
3745 -1322.0000000000
3781 -1321.0000000000
3792 -1319.0000000000
3804 -1317.0000000000
3845 -1315.0000000000
3847 -1314.0000000000
3865 -1310.0000000000
3883 -1309.0000000000
3907 -1306.0000000000
3921 -1305.0000000000
3941 -1303.0000000000
3962 -1299.0000000000
3990 -1298.0000000000
4003 -1297.0000000000
4013 -1296.0000000000
4029 -1295.0000000000
4046 -1292.0000000000
4068 -1291.0000000000
4081 -1287.0000000000
4125 -1286.0000000000
4143 -1285.0000000000
4151 -1284.0000000000
4163 -1283.0000000000
4184 -1280.0000000000
4187 -1279.0000000000
4263 -1278.0000000000
4268 -1276.0000000000
4287 -1275.0000000000
4299 -1273.0000000000
4317 -1271.0000000000
4338 -1270.0000000000
4339 -1269.0000000000
4364 -1265.0000000000
4413 -1264.0000000000
4420 -1260.0000000000
4425 -1259.0000000000
4456 -1258.0000000000
4466 -1254.0000000000
4487 -1253.0000000000
4489 -1251.0000000000
4522 -1250.0000000000
4558 -1246.0000000000
4564 -1245.0000000000
4565 -1244.0000000000
4596 -1242.0000000000
4623 -1240.0000000000
4641 -1239.0000000000
4650 -1238.0000000000
4662 -1233.0000000000
4696 -1232.0000000000
4702 -1229.0000000000
4727 -1228.0000000000
4763 -1227.0000000000
4770 -1226.0000000000
4782 -1225.0000000000
4802 -1224.0000000000
4848 -1223.0000000000
4851 -1222.0000000000
4864 -1221.0000000000
4873 -1218.0000000000
4900 -1217.0000000000
4955 -1215.0000000000
4998 -1212.0000000000
5020 -1210.0000000000
5038 -1209.0000000000
5041 -1207.0000000000
5066 -1206.0000000000
5091 -1204.0000000000
5125 -1202.0000000000
5133 -1199.0000000000
5173 -1198.0000000000
5194 -1197.0000000000
5208 -1195.0000000000
5232 -1192.0000000000
5240 -1190.0000000000
5267 -1189.0000000000
5284 -1188.0000000000
5285 -1187.0000000000
5289 -1185.0000000000
5326 -1184.0000000000
5327 -1183.0000000000
5375 -1181.0000000000
5406 -1180.0000000000
5421 -1179.0000000000
5424 -1176.0000000000
5464 -1173.0000000000
5504 -1170.0000000000
5544 -1168.0000000000
5559 -1167.0000000000
5566 -1165.0000000000
5581 -1162.0000000000
5625 -1157.0000000000
5694 -1155.0000000000
5697 -1154.0000000000
5725 -1152.0000000000
5752 -1151.0000000000
5759 -1150.0000000000
5767 -1148.0000000000
5791 -1146.0000000000
5829 -1145.0000000000
5845 -1142.0000000000
5855 -1141.0000000000
5880 -1138.0000000000
5883 -1135.0000000000
5942 -1134.0000000000
5947 -1133.0000000000
5973 -1131.0000000000
6000 -1130.0000000000
6006 -1128.0000000000
6033 -1125.0000000000
6067 -1124.0000000000
6086 -1123.0000000000
6095 -1122.0000000000
6112 -1121.0000000000
6128 -1117.0000000000
6153 -1114.0000000000
6172 -1113.0000000000
6175 -1112.0000000000
6196 -1110.0000000000
6219 -1109.0000000000
6231 -1108.0000000000
6239 -1107.0000000000
6261 -1106.0000000000
6286 -1105.0000000000
6313 -1101.0000000000
6346 -1099.0000000000
6371 -1098.0000000000
6405 -1097.0000000000
6415 -1096.0000000000
6434 -1094.0000000000
6463 -1092.0000000000
6466 -1091.0000000000
6501 -1090.0000000000
6524 -1089.0000000000
6534 -1086.0000000000
6548 -1084.0000000000
6573 -1083.0000000000
6608 -1082.0000000000
6631 -1080.0000000000
6642 -1079.0000000000
6682 -1076.0000000000
6705 -1072.0000000000
6757 -1070.0000000000
6776 -1064.0000000000
6827 -1063.0000000000
6834 -1062.0000000000
6875 -1061.0000000000
6886 -1060.0000000000
6895 -1059.0000000000
6908 -1057.0000000000
6935 -1055.0000000000
6938 -1054.0000000000
6966 -1050.0000000000
6996 -1048.0000000000
7010 -1047.0000000000
7014 -1045.0000000000
7042 -1043.0000000000
7061 -1041.0000000000
7085 -1040.0000000000
7101 -1039.0000000000
7103 -1038.0000000000
7129 -1034.0000000000
7180 -1033.0000000000
7187 -1032.0000000000
7220 -1031.0000000000
7232 -1025.0000000000
7316 -1023.0000000000
7336 -1022.0000000000
7348 -1021.0000000000
7354 -1020.0000000000
7413 -1018.0000000000
7420 -1014.0000000000
7469 -1013.0000000000
7486 -1012.0000000000
7512 -1011.0000000000
7521 -1010.0000000000
7549 -1009.0000000000
7554 -1008.0000000000
7567 -1006.0000000000
7607 -1003.0000000000
7626 -1000.0000000000
7652 -999.0000000000
7686 -998.0000000000
7712 -993.0000000000
7764 -992.0000000000
7768 -991.0000000000
7806 -989.0000000000
7823 -988.0000000000
7834 -987.0000000000
7865 -986.0000000000
7874 -983.0000000000
7905 -980.0000000000
7938 -976.0000000000
7942 -975.0000000000
7981 -974.0000000000
7998 -973.0000000000
8017 -972.0000000000
8024 -971.0000000000
8048 -970.0000000000
8051 -968.0000000000
8105 -966.0000000000
8128 -965.0000000000
8171 -962.0000000000
8206 -961.0000000000
8219 -960.0000000000
8243 -959.0000000000
8246 -958.0000000000
8288 -956.0000000000
8343 -955.0000000000
8364 -954.0000000000
8372 -953.0000000000
8391 -952.0000000000
8421 -950.0000000000
8434 -949.0000000000
8448 -946.0000000000
8483 -945.0000000000
8492 -943.0000000000
8535 -942.0000000000
8544 -941.0000000000
8563 -940.0000000000
8583 -938.0000000000
8607 -937.0000000000
8622 -936.0000000000
8643 -935.0000000000
8663 -933.0000000000
8681 -932.0000000000
8700 -930.0000000000
8702 -929.0000000000
8732 -925.0000000000
8779 -924.0000000000
8788 -923.0000000000
8830 -922.0000000000
8840 -920.0000000000
8883 -918.0000000000
8893 -915.0000000000
8970 -913.0000000000
9021 -912.0000000000
9031 -911.0000000000
9036 -910.0000000000
9038 -908.0000000000
9073 -907.0000000000
9077 -906.0000000000
9098 -905.0000000000
9105 -904.0000000000
9142 -902.0000000000
9184 -901.0000000000
9190 -900.0000000000
9207 -899.0000000000
9218 -898.0000000000
9229 -897.0000000000
9283 -896.0000000000
9309 -894.0000000000
9362 -893.0000000000
9363 -892.0000000000
9386 -890.0000000000
9412 -889.0000000000
9426 -887.0000000000
9461 -886.0000000000
9478 -885.0000000000
9483 -884.0000000000
9509 -883.0000000000
9533 -882.0000000000
9544 -880.0000000000
9560 -879.0000000000
9581 -878.0000000000
9642 -877.0000000000
9659 -875.0000000000
9716 -872.0000000000
9740 -871.0000000000
9761 -869.0000000000
9789 -868.0000000000
9809 -867.0000000000
9827 -864.0000000000
9895 -863.0000000000
9918 -862.0000000000
9932 -861.0000000000
9941 -860.0000000000
9965 -858.0000000000
10000 -861.0000000000
evaluations raw_y
1 -1940.0000000000
2 -1869.0000000000
7 -1855.0000000000
21 -1835.0000000000
38 -1831.0000000000
41 -1820.0000000000
63 -1788.0000000000
86 -1783.0000000000
111 -1750.0000000000
126 -1749.0000000000
145 -1748.0000000000
167 -1744.0000000000
178 -1743.0000000000
183 -1730.0000000000
188 -1725.0000000000
199 -1719.0000000000
204 -1718.0000000000
208 -1716.0000000000
220 -1711.0000000000
236 -1706.0000000000
246 -1704.0000000000
266 -1703.0000000000
274 -1701.0000000000
277 -1699.0000000000
279 -1697.0000000000
288 -1694.0000000000
306 -1690.0000000000
323 -1688.0000000000
338 -1687.0000000000
347 -1673.0000000000
375 -1672.0000000000
385 -1671.0000000000
398 -1665.0000000000
402 -1664.0000000000
434 -1663.0000000000
448 -1662.0000000000
450 -1661.0000000000
458 -1658.0000000000
467 -1657.0000000000
476 -1655.0000000000
479 -1654.0000000000
492 -1653.0000000000
493 -1649.0000000000
529 -1648.0000000000
533 -1647.0000000000
558 -1639.0000000000
592 -1637.0000000000
593 -1634.0000000000
627 -1633.0000000000
631 -1630.0000000000
645 -1626.0000000000
687 -1624.0000000000
712 -1623.0000000000
721 -1621.0000000000
741 -1620.0000000000
756 -1619.0000000000
771 -1618.0000000000
802 -1617.0000000000
805 -1615.0000000000
823 -1613.0000000000
842 -1609.0000000000
866 -1607.0000000000
881 -1606.0000000000
912 -1604.0000000000
947 -1603.0000000000
964 -1600.0000000000
999 -1599.0000000000
1004 -1598.0000000000
1023 -1596.0000000000
1042 -1594.0000000000
1066 -1593.0000000000
1101 -1592.0000000000
1107 -1590.0000000000
1113 -1589.0000000000
1126 -1588.0000000000
1131 -1584.0000000000
1154 -1583.0000000000
1183 -1581.0000000000
1205 -1579.0000000000
1224 -1578.0000000000
1242 -1577.0000000000
1245 -1575.0000000000
1258 -1574.0000000000
1282 -1572.0000000000
1308 -1571.0000000000
1316 -1570.0000000000
1333 -1569.0000000000
1337 -1568.0000000000
1341 -1563.0000000000
1363 -1561.0000000000
1411 -1560.0000000000
1421 -1559.0000000000
1422 -1556.0000000000
1428 -1555.0000000000
1481 -1553.0000000000
1508 -1547.0000000000
1533 -1546.0000000000
1561 -1545.0000000000
1562 -1544.0000000000
1584 -1543.0000000000
1589 -1542.0000000000
1611 -1540.0000000000
1647 -1537.0000000000
1685 -1536.0000000000
1688 -1534.0000000000
1704 -1533.0000000000
1722 -1532.0000000000
1728 -1530.0000000000
1750 -1528.0000000000
1775 -1526.0000000000
1782 -1525.0000000000
1812 -1524.0000000000
1829 -1521.0000000000
1845 -1519.0000000000
1864 -1518.0000000000
1871 -1517.0000000000
1882 -1515.0000000000
1906 -1514.0000000000
1913 -1510.0000000000
1962 -1509.0000000000
1973 -1508.0000000000
1974 -1507.0000000000
1996 -1504.0000000000
2026 -1502.0000000000
2042 -1497.0000000000
2085 -1496.0000000000
2087 -1494.0000000000
2114 -1493.0000000000
2145 -1492.0000000000
2174 -1491.0000000000
2176 -1490.0000000000
2193 -1489.0000000000
2205 -1487.0000000000
2223 -1486.0000000000
2241 -1485.0000000000
2244 -1484.0000000000
2279 -1483.0000000000
2280 -1481.0000000000
2285 -1477.0000000000
2309 -1476.0000000000
2362 -1475.0000000000
2367 -1474.0000000000
2369 -1472.0000000000
2390 -1471.0000000000
2403 -1470.0000000000
2407 -1468.0000000000
2462 -1467.0000000000
2464 -1463.0000000000
2508 -1461.0000000000
2538 -1459.0000000000
2544 -1458.0000000000
2573 -1457.0000000000
2574 -1455.0000000000
2579 -1454.0000000000
2616 -1453.0000000000
2622 -1451.0000000000
2626 -1450.0000000000
2667 -1448.0000000000
2683 -1447.0000000000
2710 -1446.0000000000
2717 -1444.0000000000
2746 -1443.0000000000
2747 -1441.0000000000
2779 -1439.0000000000
2783 -1438.0000000000
2791 -1435.0000000000
2807 -1434.0000000000
2825 -1433.0000000000
2845 -1432.0000000000
2866 -1430.0000000000
2896 -1429.0000000000
2916 -1427.0000000000
2923 -1424.0000000000
2952 -1423.0000000000
2970 -1422.0000000000
2981 -1420.0000000000
3028 -1419.0000000000
3037 -1417.0000000000
3063 -1416.0000000000
3070 -1415.0000000000
3071 -1414.0000000000
3096 -1412.0000000000
3124 -1409.0000000000
3147 -1408.0000000000
3184 -1406.0000000000
3197 -1403.0000000000
3219 -1402.0000000000
3240 -1401.0000000000
3253 -1400.0000000000
3259 -1399.0000000000
3282 -1398.0000000000
3290 -1397.0000000000
3327 -1395.0000000000
3355 -1394.0000000000
3357 -1392.0000000000
3368 -1390.0000000000
3383 -1389.0000000000
3422 -1387.0000000000
3424 -1384.0000000000
3465 -1383.0000000000
3472 -1382.0000000000
3501 -1381.0000000000
3524 -1379.0000000000
3536 -1377.0000000000
3556 -1376.0000000000
3562 -1375.0000000000
3606 -1373.0000000000
3643 -1372.0000000000
3645 -1369.0000000000
3683 -1368.0000000000
3685 -1367.0000000000
3708 -1366.0000000000
3718 -1365.0000000000
3721 -1364.0000000000
3740 -1361.0000000000
3755 -1359.0000000000
3774 -1358.0000000000
3812 -1356.0000000000
3813 -1355.0000000000
3834 -1354.0000000000
3836 -1352.0000000000
3856 -1349.0000000000
3926 -1347.0000000000
3943 -1346.0000000000
3975 -1345.0000000000
3982 -1344.0000000000
3993 -1343.0000000000
4004 -1342.0000000000
4011 -1341.0000000000
4021 -1340.0000000000
4046 -1339.0000000000
4071 -1336.0000000000
4107 -1334.0000000000
4110 -1333.0000000000
4132 -1332.0000000000
4147 -1330.0000000000
4148 -1328.0000000000
4188 -1327.0000000000
4193 -1324.0000000000
4235 -1321.0000000000
4279 -1318.0000000000
4293 -1317.0000000000
4335 -1316.0000000000
4341 -1315.0000000000
4375 -1314.0000000000
4388 -1313.0000000000
4400 -1312.0000000000
4406 -1309.0000000000
4445 -1308.0000000000
4472 -1305.0000000000
4504 -1302.0000000000
4543 -1300.0000000000
4558 -1299.0000000000
4581 -1298.0000000000
4606 -1297.0000000000
4613 -1295.0000000000
4621 -1294.0000000000
4675 -1293.0000000000
4687 -1292.0000000000
4698 -1290.0000000000
4729 -1288.0000000000
4733 -1287.0000000000
4742 -1284.0000000000
4761 -1283.0000000000
4793 -1279.0000000000
4805 -1278.0000000000
4855 -1277.0000000000
4861 -1275.0000000000
4862 -1272.0000000000
4911 -1271.0000000000
4920 -1269.0000000000
4948 -1268.0000000000
4963 -1266.0000000000
5008 -1264.0000000000
5014 -1261.0000000000
5048 -1260.0000000000
5065 -1257.0000000000
5118 -1255.0000000000
5142 -1254.0000000000
5146 -1253.0000000000
5154 -1252.0000000000
5173 -1251.0000000000
5181 -1250.0000000000
5208 -1248.0000000000
5216 -1245.0000000000
5238 -1244.0000000000
5251 -1241.0000000000
5270 -1238.0000000000
5315 -1237.0000000000
5319 -1233.0000000000
5347 -1232.0000000000
5366 -1230.0000000000
5404 -1229.0000000000
5438 -1227.0000000000
5445 -1225.0000000000
5479 -1224.0000000000
5490 -1223.0000000000
5506 -1219.0000000000
5554 -1218.0000000000
5566 -1217.0000000000
5572 -1216.0000000000
5593 -1215.0000000000
5621 -1212.0000000000
5665 -1211.0000000000
5682 -1207.0000000000
5703 -1204.0000000000
5729 -1203.0000000000
5756 -1202.0000000000
5785 -1200.0000000000
5803 -1198.0000000000
5817 -1197.0000000000
5830 -1196.0000000000
5847 -1195.0000000000
5868 -1194.0000000000
5874 -1193.0000000000
5888 -1190.0000000000
5924 -1189.0000000000
5955 -1188.0000000000
5965 -1187.0000000000
5970 -1185.0000000000
6004 -1182.0000000000
6026 -1180.0000000000
6077 -1179.0000000000
6083 -1176.0000000000
6137 -1172.0000000000
6197 -1169.0000000000
6226 -1167.0000000000
6251 -1166.0000000000
6266 -1165.0000000000
6279 -1164.0000000000
6286 -1163.0000000000
6305 -1162.0000000000
6342 -1161.0000000000
6362 -1160.0000000000
6364 -1156.0000000000
6423 -1155.0000000000
6453 -1153.0000000000
6456 -1152.0000000000
6495 -1151.0000000000
6496 -1150.0000000000
6499 -1148.0000000000
6527 -1147.0000000000
6541 -1146.0000000000
6561 -1139.0000000000
6606 -1138.0000000000
6622 -1134.0000000000
6660 -1130.0000000000
6697 -1128.0000000000
6725 -1127.0000000000
6741 -1123.0000000000
6761 -1121.0000000000
6804 -1120.0000000000
6830 -1119.0000000000
6840 -1118.0000000000
6855 -1117.0000000000
6868 -1116.0000000000
6907 -1115.0000000000
6923 -1114.0000000000
6950 -1113.0000000000
6962 -1112.0000000000
6975 -1111.0000000000
6988 -1110.0000000000
7004 -1109.0000000000
7005 -1108.0000000000
7036 -1107.0000000000
7047 -1106.0000000000
7061 -1105.0000000000
7092 -1103.0000000000
7120 -1101.0000000000
7160 -1099.0000000000
7180 -1098.0000000000
7205 -1096.0000000000
7231 -1093.0000000000
7267 -1092.0000000000
7272 -1091.0000000000
7282 -1090.0000000000
7300 -1089.0000000000
7319 -1088.0000000000
7325 -1086.0000000000
7368 -1085.0000000000
7383 -1084.0000000000
7400 -1083.0000000000
7410 -1081.0000000000
7428 -1080.0000000000
7450 -1079.0000000000
7466 -1078.0000000000
7467 -1077.0000000000
7490 -1076.0000000000
7494 -1075.0000000000
7525 -1074.0000000000
7544 -1073.0000000000
7560 -1072.0000000000
7583 -1071.0000000000
7593 -1070.0000000000
7602 -1069.0000000000
7622 -1068.0000000000
7630 -1067.0000000000
7648 -1066.0000000000
7661 -1064.0000000000
7681 -1063.0000000000
7684 -1062.0000000000
7720 -1060.0000000000
7726 -1058.0000000000
7758 -1056.0000000000
7793 -1055.0000000000
7812 -1054.0000000000
7821 -1053.0000000000
7822 -1051.0000000000
7843 -1050.0000000000
7883 -1047.0000000000
7916 -1046.0000000000
7925 -1044.0000000000
7973 -1043.0000000000
7982 -1042.0000000000
7984 -1041.0000000000
8017 -1040.0000000000
8019 -1039.0000000000
8027 -1036.0000000000
8065 -1035.0000000000
8084 -1034.0000000000
8102 -1031.0000000000
8130 -1028.0000000000
8142 -1027.0000000000
8177 -1021.0000000000
8230 -1018.0000000000
8245 -1016.0000000000
8281 -1015.0000000000
8310 -1012.0000000000
8362 -1011.0000000000
8380 -1008.0000000000
8385 -1006.0000000000
8403 -1005.0000000000
8427 -1004.0000000000
8453 -1003.0000000000
8487 -1000.0000000000
8506 -998.0000000000
8534 -997.0000000000
8549 -991.0000000000
8609 -990.0000000000
8621 -989.0000000000
8645 -987.0000000000
8667 -985.0000000000
8716 -982.0000000000
8747 -981.0000000000
8755 -980.0000000000
8792 -979.0000000000
8822 -978.0000000000
8830 -977.0000000000
8843 -975.0000000000
8902 -974.0000000000
8911 -973.0000000000
8917 -971.0000000000
8950 -969.0000000000
8963 -968.0000000000
8977 -967.0000000000
9002 -966.0000000000
9003 -963.0000000000
9070 -962.0000000000
9081 -961.0000000000
9091 -960.0000000000
9092 -957.0000000000
9132 -956.0000000000
9147 -953.0000000000
9189 -952.0000000000
9216 -950.0000000000
9240 -949.0000000000
9248 -946.0000000000
9287 -944.0000000000
9304 -943.0000000000
9311 -941.0000000000
9330 -939.0000000000
9363 -938.0000000000
9385 -936.0000000000
9405 -935.0000000000
9421 -934.0000000000
9422 -932.0000000000
9496 -931.0000000000
9501 -929.0000000000
9510 -927.0000000000
9535 -926.0000000000
9547 -924.0000000000
9553 -923.0000000000
9565 -922.0000000000
9617 -921.0000000000
9629 -919.0000000000
9655 -918.0000000000
9684 -917.0000000000
9701 -914.0000000000
9736 -913.0000000000
9743 -910.0000000000
9782 -908.0000000000
9842 -907.0000000000
9865 -906.0000000000
9883 -905.0000000000
9891 -903.0000000000
9924 -901.0000000000
9944 -899.0000000000
9985 -897.0000000000
10000 -901.0000000000
